{"type":"Topology","arcs":[[[34989,38165],[284,-711],[-785,-319]],[[34488,37135],[-291,154]],[[34197,37289],[-321,407],[-1360,1088]],[[32516,38784],[83,326],[629,132],[693,-459],[341,63],[355,-573],[372,-108]],[[29450,38339],[-1138,-837]],[[28312,37502],[-1688,-17],[-236,308]],[[26388,37793],[-960,376]],[[25428,38169],[2117,778]],[[27545,38947],[1316,314],[589,-922]],[[45359,92474],[-802,144]],[[44557,92618],[0,242],[-689,113]],[[43868,92973],[-357,318],[-894,-371]],[[42617,92920],[-253,28]],[[42364,92948],[-1815,1502]],[[40549,94450],[348,214],[-339,1120],[234,225],[-58,583]],[[40734,96592],[297,-71],[582,352]],[[41613,96873],[1052,297],[232,-268],[1062,214],[217,-178],[287,-1288],[328,-365],[20,-551],[448,-567],[487,471],[229,-144],[-283,-1202],[-333,-818]],[[37304,22245],[961,-918],[875,120]],[[39140,21447],[-226,-826]],[[38914,20621],[-2279,564]],[[36635,21185],[-664,170],[-1432,708]],[[34539,22063],[462,300],[911,-372],[654,-41],[738,295]],[[50719,16113],[-690,-779],[-535,-1579]],[[49494,13755],[-1405,219]],[[48089,13974],[239,345],[-499,471],[39,745],[482,518],[248,1073]],[[48598,17126],[33,767]],[[48631,17893],[1017,-1134],[1071,-646]],[[48598,17126],[-1789,-7]],[[46809,17119],[-18,648]],[[46791,17767],[1840,126]],[[23475,14957],[-1891,-374],[-1747,-1041],[-153,-514],[-1093,-204]],[[18591,12824],[780,2508],[230,1184]],[[19601,16516],[2204,622],[1661,724]],[[23466,17862],[-491,-1429],[500,-1476]],[[59909,79613],[435,-902]],[[60344,78711],[-994,-904],[-652,-814]],[[58698,76993],[-1376,981],[-938,389],[-705,106],[-669,468]],[[55010,78937],[1093,448]],[[56103,79385],[1362,53],[419,407],[1189,656]],[[59073,80501],[836,-888]],[[47248,24428],[-216,-1435]],[[47032,22993],[-655,-700]],[[46377,22293],[-1508,329]],[[44869,22622],[395,789],[675,878],[382,1101]],[[46321,25390],[927,-962]],[[18970,24726],[747,-384],[7,-245],[-567,-569],[591,-189],[51,-278],[-595,-377],[1015,-350]],[[20219,22334],[-584,-110],[-125,-300],[932,-519],[-71,-148]],[[20371,21257],[-899,-333],[-1073,313],[-384,-193],[243,-253],[-468,-420],[807,-107],[92,480],[814,-66],[203,-280],[-366,-454],[-500,-213],[-1017,-34],[-517,180],[-517,-474],[-422,-27]],[[16367,19376],[-1614,852],[-1934,-487],[-31,527]],[[12788,20268],[-290,439],[1142,967]],[[13640,21674],[477,881],[131,772],[-1812,622]],[[12436,23949],[-223,211],[93,571]],[[12306,24731],[1824,-80],[1686,259],[1245,420]],[[17061,25330],[894,-316],[415,38],[600,-326]],[[37917,25637],[389,-388],[1059,-626]],[[39365,24623],[-477,-723],[-670,-314]],[[38218,23586],[-358,-67],[-812,473],[-214,312],[142,554],[-310,158]],[[36666,25016],[518,410],[733,211]],[[25732,10711],[-333,-744],[119,-498],[-344,-1339],[587,-1727]],[[25761,6403],[-1905,-356]],[[23856,6047],[-430,879],[401,2108],[555,881],[172,909]],[[24554,10824],[1178,-113]],[[63509,10970],[1249,-81],[898,-535],[232,-346]],[[65888,10008],[-1110,-1194]],[[64778,8814],[-710,683],[-604,1]],[[63464,9498],[-843,793]],[[62621,10291],[399,411],[-55,378],[544,-110]],[[95385,72354],[-767,-1058],[-96,-670],[-275,-433],[306,-823]],[[94553,69370],[-1080,364]],[[93473,69734],[-1242,772],[139,173],[-366,799],[-324,228],[583,672]],[[92263,72378],[586,-365],[508,348],[1316,-302],[712,295]],[[26262,54734],[30,-370],[541,-823]],[[26833,53541],[-1726,409],[-289,714]],[[24818,54664],[356,273]],[[25174,54937],[382,-213],[706,10]],[[67155,44064],[71,-593],[-347,-382],[522,-348],[595,-841],[345,-204],[745,100]],[[69086,41796],[763,-746],[761,-77]],[[70610,40973],[-846,-1336],[-1063,-1346]],[[68701,38291],[-487,178],[-1487,-710],[-295,-350]],[[66432,37409],[-1121,391],[-507,360]],[[64804,38160],[-350,1244],[-822,30]],[[63632,39434],[-770,717]],[[62862,40151],[-667,1079],[20,507],[-586,424],[-868,50],[-1237,620],[-219,-128]],[[59305,42703],[-4,1060],[374,542]],[[59675,44305],[1146,-635],[1834,357]],[[62655,44027],[270,-559],[434,-237]],[[63359,43231],[698,-381],[2019,1852]],[[66076,44702],[1079,-638]],[[22989,49521],[49,160]],[[23038,49681],[-964,423],[-75,482]],[[21999,50586],[894,-77],[310,320]],[[23203,50829],[689,109],[508,-409],[-38,-356],[-925,-700],[-448,48]],[[76074,85918],[-116,-1401]],[[75958,84517],[-560,-1200]],[[75398,83317],[-1095,-350],[-578,184],[-256,420],[-466,-9],[-843,817]],[[72160,84379],[-232,499]],[[71928,84878],[959,73],[366,618],[920,509],[790,182]],[[74963,86260],[776,-95],[335,-247]],[[88121,82609],[-1604,-552]],[[86517,82057],[-341,591],[-298,5],[-398,-509],[-573,491],[-713,178],[-281,-336],[-671,-43],[-1631,732],[-892,801],[-76,538]],[[80643,84505],[-53,760]],[[80590,85265],[660,575],[595,-78],[217,373],[720,217]],[[82782,86352],[1650,-586],[605,29],[330,-412],[2511,-2244],[243,-530]],[[21224,58457],[812,-98],[801,-692],[707,0],[466,-208],[1131,288]],[[25141,57747],[-422,-910]],[[24719,56837],[-504,-836],[315,-272]],[[24530,55729],[-380,-247],[-611,99],[-1259,-1583]],[[22280,53998],[-572,107]],[[21708,54105],[-403,1228],[-770,554]],[[20535,55887],[125,214]],[[20660,56101],[1133,355],[-332,725],[-935,486],[-659,-115]],[[19867,57552],[303,1408],[205,61],[714,-648],[135,84]],[[62866,76663],[-189,-463]],[[62677,76200],[-395,145],[-281,-445],[-965,-535],[160,-730]],[[61196,74635],[-979,-672],[-696,336],[-589,-355]],[[58932,73944],[-588,99]],[[58344,74043],[468,424],[613,1073],[141,498]],[[59566,76038],[524,-259],[682,-59],[478,590],[1068,257],[132,290],[416,-194]],[[60471,36247],[197,-964]],[[60668,35283],[-1222,-991]],[[59446,34292],[-1127,533],[-615,581],[-545,-252]],[[57159,35154],[0,497]],[[57159,35651],[404,683]],[[57563,36334],[613,413]],[[58176,36747],[649,95],[1202,-316],[444,-279]],[[25866,24654],[805,-746]],[[26671,23908],[-562,-621],[-1280,133],[-520,495]],[[24309,23915],[290,424]],[[24599,24339],[471,310]],[[25070,24649],[541,184],[255,-179]],[[38218,23586],[271,-353]],[[38489,23233],[-962,-724]],[[37527,22509],[-386,437],[-385,-178],[-471,456],[281,653],[-402,297]],[[36164,24174],[502,842]],[[56299,73637],[-83,-700]],[[56216,72937],[-317,-367],[-249,263],[69,758],[-656,82],[65,-278],[-656,-869]],[[54472,72526],[-718,-462],[-651,-212]],[[53103,71852],[55,850],[533,870],[-1061,207]],[[52630,73779],[-212,643]],[[52418,74422],[937,338],[499,-36],[455,-324],[1564,-705],[426,-58]],[[94339,75412],[-145,-443],[607,-593],[-485,-295],[36,-456],[720,-227],[-182,-317],[608,-418],[-113,-309]],[[92263,72378],[-426,309]],[[91837,72687],[57,533],[998,835],[6,503],[743,933]],[[93641,75491],[698,-79]],[[34197,37289],[-1081,-837]],[[33116,36452],[-1129,513],[0,604],[243,749]],[[32230,38318],[286,466]],[[39106,37937],[-6,-439],[611,-190]],[[39711,37308],[-103,-220],[-988,-406],[2,-598]],[[38622,36084],[-979,-335],[-299,-331]],[[37344,35418],[-952,-621],[-606,-766]],[[35786,34031],[-993,1240]],[[34793,35271],[627,799],[-161,511],[319,197]],[[35578,36778],[413,43]],[[35991,36821],[263,-408],[481,-76],[1247,1178],[585,764],[-90,267]],[[38477,38546],[614,312],[232,-214],[-217,-707]],[[20828,38548],[319,-309],[1012,-240],[239,-626]],[[22398,37373],[-1539,-1867],[464,-132]],[[21323,35374],[-1252,-1425]],[[20071,33949],[-249,224]],[[19822,34173],[-685,1343],[-834,640]],[[18303,36156],[473,1046],[-109,809],[417,602]],[[19084,38613],[977,369]],[[20061,38982],[767,-434]],[[26388,37793],[-1120,-1380]],[[25268,36413],[-1162,667]],[[24106,37080],[-691,682],[-293,47]],[[23122,37809],[-216,248],[284,906]],[[23190,38963],[427,303]],[[23617,39266],[639,-185],[1172,-912]],[[31470,51419],[-725,-523],[-230,-518]],[[30515,50378],[-729,362]],[[29786,50740],[339,203],[-421,1512]],[[29704,52455],[147,218]],[[29851,52673],[740,245]],[[30591,52918],[874,-928],[5,-571]],[[22070,52810],[105,-607],[457,165],[234,-275]],[[22866,52093],[-631,-632],[963,-83],[5,-549]],[[21999,50586],[-641,269],[-653,-343]],[[20705,50512],[-680,671],[-225,476],[-364,47]],[[19436,51706],[1918,1564],[716,-460]],[[46484,29787],[-255,-1485]],[[46229,28302],[-303,-1067]],[[45926,27235],[-1617,475]],[[44309,27710],[112,787],[559,1074]],[[44980,29571],[892,428],[612,-212]],[[24333,28712],[-359,411],[-789,148],[-615,-510]],[[22570,28761],[-913,151]],[[21657,28912],[147,491],[395,272]],[[22199,29675],[362,-61],[1395,228],[458,231]],[[24414,30073],[-81,-1361]],[[63464,9498],[-486,-893],[-1144,-684],[-566,-465]],[[61268,7456],[-333,357]],[[60935,7813],[-867,1034]],[[60068,8847],[425,1101],[1120,401],[323,261]],[[61936,10610],[685,-319]],[[55090,7300],[234,-820],[-163,-101]],[[55161,6379],[-1053,17],[-985,587],[-1467,55]],[[51656,7038],[13,804],[-636,1485],[-830,959]],[[50203,10286],[676,449],[605,158]],[[51484,10893],[865,-381],[-172,-403],[984,-362],[482,-1065],[494,-703],[953,-679]],[[30796,8936],[-17,-989]],[[30779,7947],[-3190,-1026]],[[27589,6921],[-187,1307],[-38,1507],[127,743],[-1759,233]],[[24554,10824],[-80,-7]],[[24474,10817],[341,2015]],[[24815,12832],[433,-27],[1456,-455],[1383,-789],[1815,-1471],[-2,-741],[406,-434],[490,21]],[[62305,12616],[-814,204]],[[61491,12820],[-297,338],[-805,309]],[[60389,13467],[-43,228]],[[60346,13695],[2112,291]],[[62458,13986],[165,-106],[-318,-1264]],[[24965,13720],[-150,-888]],[[24474,10817],[-459,-250],[-1183,-40],[-1576,-322],[-565,-501],[184,-643],[-255,-504],[306,-453],[-807,-1193]],[[20119,6911],[-1209,1881],[-257,564]],[[18653,9356],[535,700],[-91,470],[346,447],[1188,448],[108,531],[1211,143],[778,845],[486,158],[983,1128]],[[24197,14226],[768,-506]],[[11095,11661],[-908,-269],[-1724,-282],[-1536,-502],[-1932,82]],[[4995,10690],[154,823],[723,921],[700,674],[1492,1093]],[[8064,14201],[1562,-156],[236,396]],[[9862,14441],[-63,-1233],[652,84],[-201,-558],[845,-1073]],[[77675,66225],[781,-344],[504,-462]],[[78960,65419],[-873,-439],[99,-921]],[[78186,64059],[-1671,-293],[-979,611],[-1235,156],[180,-546],[-113,-915]],[[74368,63072],[-2132,-50]],[[72236,63022],[-2813,93]],[[69423,63115],[-172,543],[243,678]],[[69494,64336],[416,78],[1396,880],[365,626]],[[71671,65920],[1668,185],[1515,635]],[[74854,66740],[638,-259],[2183,-256]],[[68116,64560],[-671,-329],[-932,-199],[-627,-547],[-765,-117]],[[65121,63368],[-544,268]],[[64577,63636],[-482,640],[31,473],[1524,675]],[[65650,65424],[428,403],[-141,597],[676,410]],[[66613,66834],[549,-494],[954,-1780]],[[94553,69370],[533,-783]],[[95086,68587],[-801,-1506],[-443,-633],[-436,206],[-115,-465],[-560,-250],[-963,-151],[-1359,187],[-399,-82]],[[90010,65893],[-1171,523]],[[88839,66416],[364,590],[-20,608]],[[89183,67614],[437,294],[1686,-345],[966,134],[338,485],[253,-178],[359,807],[-212,197],[463,726]],[[27492,68741],[-320,-454],[-147,-686]],[[27025,67601],[-1998,137],[-749,-381]],[[24278,67357],[-1136,374],[-1280,1010]],[[21862,68741],[737,827],[798,-757],[919,-116],[2237,137],[939,-91]],[[46254,69477],[73,-398],[688,-376]],[[47015,68703],[367,-533]],[[47382,68170],[-397,74],[-1112,-769],[414,673],[-735,296],[-717,-1125]],[[44835,67319],[-889,611],[470,1269],[480,459]],[[44896,69658],[1358,-181]],[[62846,69235],[777,-148],[-83,-550],[319,-242]],[[63859,68295],[-828,-1063]],[[63031,67232],[-769,-45],[266,372],[-776,273],[-344,-600],[531,-340],[-357,-113]],[[61582,66779],[-1307,852]],[[60275,67631],[-234,508]],[[60041,68139],[577,875]],[[60618,69014],[473,830]],[[61091,69844],[915,-726],[461,-171],[379,288]],[[38455,70288],[-598,-371],[-716,215],[145,279]],[[37286,70411],[190,208]],[[37476,70619],[1305,331]],[[38781,70950],[-326,-662]],[[39454,70608],[564,-612],[-452,-639],[-680,-554],[175,-482],[-702,-1604]],[[38359,66717],[-276,83]],[[38083,66800],[145,1113],[314,1137],[-87,1238]],[[38781,70950],[673,-342]],[[82436,73927],[1372,190],[-448,-1271],[-302,330],[-1123,152],[-451,-252]],[[81484,73076],[-335,-399],[-1799,-71],[-506,-581]],[[78844,72025],[-516,531],[-711,285]],[[77617,72841],[201,245],[-375,282],[1070,840],[485,44]],[[78998,74252],[256,-320],[1334,-333],[613,72],[569,672],[666,-416]],[[75094,74052],[-1137,3],[-423,-156],[-565,-579]],[[72969,73320],[-1262,507],[-567,-425]],[[71140,73402],[-488,423],[27,349],[1021,595],[313,802],[1429,-885],[845,141],[807,-775]],[[85066,75559],[564,-212],[946,-837],[1103,-167]],[[87679,74343],[215,-372],[-1216,-892],[-105,-348],[-501,12],[-364,-365]],[[85708,72378],[-486,-492],[-49,-461],[-638,75]],[[84535,71500],[-1115,585],[-538,622],[-1398,369]],[[82436,73927],[116,903],[500,463],[-310,66],[25,562]],[[82767,75921],[452,-367],[493,62],[509,-503],[845,446]],[[99299,70921],[-816,555],[-621,-151],[-1066,340],[-586,351]],[[96210,72016],[183,384],[-466,144],[203,964],[981,1952],[515,602]],[[97626,76062],[440,-234],[851,-1413],[868,-487],[-560,-849],[-13,-317],[577,-459],[210,-537],[-700,-845]],[[91837,72687],[-600,310]],[[91237,72997],[401,719],[-515,329],[-542,760]],[[90581,74805],[1071,1198],[459,331]],[[92111,76334],[1530,-843]],[[62677,76200],[-223,-898],[276,-358],[424,144],[571,-150]],[[63725,74938],[368,-22],[-486,-480],[276,-226]],[[63883,74210],[304,-511],[-359,-421],[129,-348],[910,-75],[178,-287]],[[65045,72568],[-1848,-257],[-1209,-857]],[[61988,71454],[-241,382],[296,635],[-666,322]],[[61377,72793],[42,395],[696,505],[-49,249],[-870,693]],[[37982,75799],[1931,-593]],[[39913,75206],[703,-844]],[[40616,74362],[288,-609],[-388,-665]],[[40516,73088],[-192,655],[-323,-665],[-620,-297]],[[39381,72781],[-426,283],[-883,-422],[-1142,204]],[[36930,72846],[-223,1106]],[[36707,73952],[243,215],[-665,341],[-189,816],[151,570]],[[36247,75894],[352,337]],[[36599,76231],[533,78],[850,-510]],[[44427,76444],[-448,-257],[167,-451],[1343,-503],[827,-1737],[360,-195]],[[46676,73301],[-1446,190],[-957,-238],[-691,27],[-471,-729]],[[43111,72551],[-205,-149],[-1505,-180],[-763,487],[-122,379]],[[40616,74362],[1008,360],[368,369],[725,-161],[359,307],[301,778],[1050,429]],[[69058,76247],[334,-988],[-301,-322],[-894,-350]],[[68197,74587],[-1247,-244],[-678,-281]],[[66272,74062],[-379,-261],[-473,568],[-410,173],[-1127,-332]],[[63725,74938],[943,679],[233,-173],[838,578],[308,624]],[[66047,76646],[1121,-339],[170,-288],[1142,3],[578,225]],[[29227,76530],[544,-571],[205,-794]],[[29976,75165],[-611,-1262],[606,-654]],[[29971,73249],[-709,-902],[-263,-1087]],[[28999,71260],[-743,29],[-2509,859],[-660,376],[-579,559],[-946,77]],[[23562,73160],[743,1492],[9,924]],[[24314,75576],[492,-145],[643,403],[225,-172],[714,352],[787,830]],[[27175,76844],[1035,-897],[62,248],[633,62],[322,273]],[[59240,76506],[-1173,-829],[-107,-298],[-655,-195]],[[57305,75184],[-824,428],[126,516]],[[56607,76128],[722,148],[334,-264],[763,537],[272,444]],[[58698,76993],[542,-487]],[[51990,75734],[-830,-122],[-667,-387],[-1195,303],[-1209,-593],[-662,-27]],[[47427,74908],[-1135,1159],[203,809],[559,448]],[[47054,77324],[1626,-266],[591,-276],[522,-516],[1030,-119],[1167,-413]],[[57305,75184],[-340,-935]],[[56965,74249],[-666,-612]],[[52418,74422],[207,534],[-336,629]],[[52289,75585],[36,144]],[[52325,75729],[532,677],[1015,-771],[393,336],[434,1020],[489,532]],[[55188,77523],[237,-204],[-166,-798],[547,-142],[239,422],[742,202],[-180,-875]],[[26936,77161],[239,-317]],[[24314,75576],[-188,705],[-442,245]],[[23684,76526],[1058,31],[1478,883],[716,-279]],[[75099,77440],[402,-200],[689,-1017],[332,-155],[-450,-946],[180,-902]],[[76252,74220],[-665,-214]],[[75587,74006],[-493,46]],[[71140,73402],[-820,-700],[-1060,357]],[[69260,73059],[-568,501],[-495,1027]],[[69058,76247],[1133,593],[-489,652]],[[69702,77492],[950,180],[475,-551],[781,463],[2279,-115],[500,230],[412,-259]],[[82967,79356],[65,-576],[524,-616],[622,-141]],[[84178,78023],[-789,-427],[-612,-533],[-10,-1142]],[[78998,74252],[-77,414],[-595,500],[1153,865],[196,569],[620,403],[-163,201],[527,600],[-60,1132],[666,281]],[[81265,79217],[215,-479],[345,666],[613,116],[529,-164]],[[63134,80808],[861,-410]],[[63995,80398],[-908,-406],[-424,-408],[79,-611],[-217,-327],[-729,-38],[-906,316],[-546,-213]],[[59909,79613],[453,595],[24,482]],[[60386,80690],[632,432],[517,-339],[895,560]],[[62430,81343],[327,-466],[377,-69]],[[56103,79385],[-447,641],[-403,-8]],[[55253,80018],[-623,386],[281,240],[462,-246],[150,493],[633,493]],[[56156,81384],[1004,-643],[184,264],[1729,-504]],[[92164,54017],[-1132,-188],[-710,211]],[[90322,54040],[-1124,634]],[[89198,54674],[455,1142],[914,506],[846,-29],[1206,165]],[[92619,56458],[758,-457],[-24,-411],[-758,-774],[-431,-799]],[[36078,52369],[-612,108],[-909,-742]],[[34557,51735],[-622,267],[-170,1352],[-266,586],[-347,34],[-852,676]],[[32300,54650],[158,760],[702,547]],[[33160,55957],[1419,48],[945,319],[1385,84]],[[36909,56408],[424,-1588],[-1255,-2451]],[[69713,69953],[-24,-881]],[[69689,69072],[-81,-770]],[[69608,68302],[-207,-322],[-1238,567]],[[68163,68547],[20,1218],[310,483]],[[68493,70248],[1220,-295]],[[38083,66800],[-1174,202],[-1273,568],[-1180,181]],[[34456,67751],[-182,494]],[[34274,68245],[934,1031],[161,372],[838,100],[1079,663]],[[85826,68897],[-252,-869]],[[85574,68028],[-653,-678]],[[84921,67350],[-1049,-51]],[[83872,67299],[-659,898],[-1985,683]],[[81228,68880],[372,502],[937,650],[624,107],[915,421]],[[84076,70560],[604,-975],[1146,-688]],[[30214,70418],[582,-218],[446,-530],[707,-127],[1114,-800]],[[33063,68743],[824,-523]],[[33887,68220],[387,25]],[[34456,67751],[74,-679],[613,-874],[629,-2027]],[[35772,64171],[-316,-669],[327,-821],[-379,-261],[-696,208]],[[34708,62628],[-439,564],[495,960],[-163,240],[-889,-519]],[[33712,63873],[-320,293],[-287,825],[-1216,1143],[-385,9],[-650,-554],[-1514,-929]],[[29340,64660],[-666,106],[-768,352]],[[27906,65118],[-479,766]],[[27427,65884],[600,314],[-130,437],[-872,966]],[[27492,68741],[-108,230],[469,617],[444,62],[644,792]],[[28941,70442],[593,-144],[680,120]],[[69713,69953],[353,282],[856,162],[1186,45],[705,177]],[[72813,70619],[-510,-959],[-533,-583],[-2081,-5]],[[60471,20806],[-42,-898]],[[60429,19908],[-930,-777],[-714,-192],[-143,933],[291,636],[-857,-489],[-161,-851]],[[57915,19168],[-463,517]],[[57452,19685],[-605,728]],[[56847,20413],[143,580],[622,575]],[[57612,21568],[656,-52],[1050,-499],[558,214],[595,-425]],[[46611,18383],[180,-616]],[[46809,17119],[0,-422]],[[46809,16697],[-861,26],[-1170,341]],[[44778,17064],[-812,480]],[[43966,17544],[408,1185]],[[44374,18729],[2237,-346]],[[12993,16651],[-533,247],[-955,-1214]],[[11505,15684],[-497,223]],[[11008,15907],[-981,617]],[[10027,16524],[1148,1489],[369,770]],[[11544,18783],[726,-645],[275,-894],[448,-593]],[[45417,82209],[-57,-1010],[-333,-488]],[[45027,80711],[-488,27],[-317,859]],[[44222,81597],[605,302],[419,447]],[[45246,82346],[171,-137]],[[63417,37737],[667,-702],[-787,-605]],[[63297,36430],[-2255,257]],[[61042,36687],[370,400],[455,98],[290,697]],[[62157,37882],[1260,-145]],[[24106,37080],[-638,-707],[-992,-420],[221,-440],[-279,-573]],[[22418,34940],[-544,51],[-551,383]],[[22398,37373],[657,173],[67,263]],[[46720,89453],[896,-350],[1,-410],[-554,62],[-358,-240]],[[46705,88515],[-890,-648]],[[45815,87867],[-293,421],[206,842],[-460,198]],[[45268,89328],[-410,387],[-1164,-137]],[[43694,89578],[-257,484],[181,553],[698,55]],[[44316,90670],[577,-176],[259,-342],[1568,-699]],[[75864,89259],[323,-657],[1167,-931]],[[77354,87671],[-803,-598],[597,-1355]],[[77148,85718],[-1074,200]],[[74963,86260],[-207,782],[33,605],[-689,1775],[-341,569]],[[73759,89991],[307,763]],[[74066,90754],[1798,-1495]],[[43533,91380],[20,-315]],[[43553,91065],[-829,-98]],[[42724,90967],[-72,278],[709,454],[172,-319]],[[35261,74992],[-62,-460],[1508,-580]],[[36930,72846],[-391,-766]],[[36539,72080],[-666,547],[-395,22],[-419,-523],[-533,125]],[[34526,72251],[-409,407],[181,746],[-161,343],[206,509],[-455,226],[735,71],[-33,274]],[[34590,74827],[72,343],[599,-178]],[[67407,29221],[-892,-681],[-223,-535],[-907,-381]],[[65385,27624],[-993,-305],[-685,777]],[[63707,28096],[794,499],[1115,1296]],[[65616,29891],[719,474]],[[66335,30365],[1172,-115],[-100,-1029]],[[34488,31249],[-632,-723]],[[33856,30526],[-1084,-14]],[[32772,30512],[-145,628]],[[32627,31140],[513,833]],[[33140,31973],[591,124]],[[33731,32097],[757,-848]],[[41831,36252],[-245,-505],[179,-526]],[[41765,35221],[-47,-787]],[[41718,34434],[305,-803]],[[42023,33631],[-1273,-932],[-565,-1012],[-11,-434]],[[40174,31253],[-93,-419],[-926,234]],[[39155,31068],[453,596],[-859,510]],[[38749,32174],[79,828],[359,1092],[555,1012]],[[39742,35106],[539,-391],[-115,-351],[414,-333],[567,278],[-471,374],[-308,888],[864,629],[599,52]],[[29200,35890],[-632,-904]],[[28568,34986],[-499,12],[-303,377],[-386,-27],[-633,609]],[[26747,35957],[778,545]],[[27525,36502],[1675,-612]],[[31856,29552],[513,-261],[51,-425],[-645,-557]],[[31775,28309],[-113,-335],[-798,407]],[[30864,28381],[-618,166],[-716,487]],[[29530,29034],[-54,237]],[[29476,29271],[817,598]],[[30293,29869],[492,-290],[1071,-27]],[[33856,30526],[611,-453],[1533,-898]],[[36000,29175],[-895,-628]],[[35105,28547],[-841,-1393]],[[34264,27154],[-285,-73]],[[33979,27081],[-1262,607],[-942,621]],[[31856,29552],[916,960]],[[54169,30656],[1521,-1173]],[[55690,29483],[854,-602],[1059,-336],[199,177],[843,1795]],[[58645,30517],[597,-77],[20,-336],[772,-338],[-42,-676],[665,-116]],[[60657,28974],[-435,-719],[109,-809]],[[60331,27446],[-234,-336],[-1011,38],[252,-518],[-405,-278]],[[58933,26352],[-255,-300],[649,-281],[-776,-1110],[-658,-63]],[[57893,24598],[-782,-153]],[[57111,24445],[-1499,844],[-1278,950],[-172,312],[-152,1641],[-125,408],[-1135,616]],[[52750,29216],[1361,1481]],[[54111,30697],[58,-41]],[[45067,30562],[-318,-727],[231,-264]],[[44309,27710],[83,-571]],[[44392,27139],[-1196,432],[-765,652]],[[42431,28223],[-212,300]],[[42219,28523],[611,689],[244,1051],[484,726]],[[43558,30989],[113,-252],[1396,-175]],[[63707,28096],[-531,134]],[[63176,28230],[-347,-31],[-478,404],[-551,-377],[-885,719]],[[60915,28945],[1323,1128],[783,864]],[[63021,30937],[1213,117]],[[64234,31054],[1382,-1163]],[[10814,30865],[170,-380],[-348,-678],[399,-890],[-466,-729],[109,-490],[-647,-636],[-475,-1415]],[[9556,25647],[-394,-201],[-1312,-85],[-1061,111],[-199,468],[261,1010]],[[6851,26950],[999,947],[821,89],[535,569]],[[9206,28555],[366,-162],[495,524],[-11,1003]],[[10056,29920],[38,383],[504,621]],[[10598,30924],[216,-59]],[[60909,15821],[885,-892]],[[61794,14929],[-810,59],[-426,-146],[-778,393]],[[59780,15235],[-265,173],[-881,-726]],[[58634,14682],[-404,304],[-453,803]],[[57777,15789],[326,807],[-393,690]],[[57710,17286],[776,310]],[[58486,17596],[295,-804],[515,-453],[843,-360],[770,-158]],[[30614,17450],[390,-348],[-237,-845],[-1199,-227],[526,-528],[1001,106],[868,-593],[-856,-1385]],[[31107,13630],[-221,-203],[-660,118],[-770,-291],[-1034,255],[-371,558],[-475,185]],[[27576,14252],[-368,737],[723,640],[408,633],[-25,838]],[[28314,17100],[654,302],[1146,225],[500,-177]],[[53069,18128],[-124,-1384]],[[52945,16744],[-819,-659],[-225,-432],[-564,10],[-618,450]],[[50719,16113],[1173,1387],[-1095,586],[-573,559]],[[50224,18645],[221,50]],[[50445,18695],[514,52],[2110,-619]],[[75630,68645],[522,-268],[1291,40],[451,-621],[854,43]],[[78748,67839],[93,-142]],[[78841,67697],[-682,-1110],[-484,-362]],[[74854,66740],[-206,809],[273,485]],[[74921,68034],[350,829],[359,-218]],[[90010,65893],[-651,-187],[-346,-835],[-711,224]],[[88302,65095],[379,480],[-54,508],[-653,147],[-716,1307],[-763,443],[-921,48]],[[85826,68897],[237,237]],[[86063,69134],[629,-431],[1424,-1222],[155,6],[568,-1071]],[[83872,67299],[-445,-554]],[[83427,66745],[-843,-2],[-342,-545]],[[82242,66198],[-1434,507],[-1967,992]],[[78748,67839],[-5,653],[1595,745]],[[80338,69237],[890,-357]],[[67420,68040],[-807,-1206]],[[65650,65424],[-979,501],[-808,24],[-521,-204]],[[63342,65745],[-21,451],[353,314],[834,-329],[-107,492]],[[64401,66673],[368,1600],[-234,120]],[[64535,68393],[294,420],[781,91],[310,307]],[[65920,69211],[454,-748],[549,276],[497,-699]],[[74105,26837],[872,-615],[73,-818]],[[75050,25404],[-1662,-1437]],[[73388,23967],[-1556,-1367]],[[71832,22600],[-459,297],[-123,493],[-397,210],[-341,-186],[-821,503]],[[69691,23917],[-491,1555],[232,191]],[[69432,25663],[2065,1454],[620,584]],[[72117,27701],[718,-77],[1270,-787]],[[44392,27139],[-14,-223]],[[44378,26916],[-473,-662],[9,-293]],[[43914,25961],[-1128,520]],[[42786,26481],[-319,1262]],[[42467,27743],[-36,480]],[[25574,45709],[660,-773],[522,77],[365,-372]],[[27121,44641],[-555,-475],[218,-642]],[[26784,43524],[-570,-888],[-558,-436]],[[25656,42200],[-1135,791],[-9,204],[-1171,641],[247,-360],[-407,-849],[-389,-241],[132,-402]],[[22924,41984],[-542,-708]],[[22382,41276],[-1231,556]],[[21151,41832],[-310,494]],[[20841,42326],[1039,145],[85,899],[-1298,1837]],[[20667,45207],[549,869]],[[21216,46076],[611,-125],[220,-372],[663,-36],[270,-324],[557,246],[16,784]],[[23553,46249],[508,139],[304,-273],[-328,-838],[430,-127],[246,291],[861,268]],[[30009,45133],[-321,-784],[-825,-1166],[1519,-715]],[[30382,42468],[-424,-290],[-237,-705]],[[29721,41473],[-697,312]],[[29024,41785],[-854,451],[-237,956],[-1149,332]],[[27121,44641],[520,-319],[624,17],[23,552],[316,590],[605,523],[-139,322]],[[29070,46326],[471,141],[303,-532],[-274,-463],[439,-339]],[[86324,45632],[-313,-552],[185,-143],[-568,-567]],[[85628,44370],[-732,125],[-647,804]],[[84249,45299],[-77,437],[504,115],[729,657]],[[85405,46508],[504,165]],[[85909,46673],[415,-1041]],[[62650,45121],[5,-1094]],[[59675,44305],[-553,625],[-129,1192]],[[58993,46122],[238,323],[692,-21],[618,271]],[[60541,46695],[-284,-725],[763,-808],[1630,-41]],[[72139,51171],[112,-149],[-368,-1141]],[[71883,49881],[-383,-634]],[[71500,49247],[-545,456],[-127,451],[-1202,549],[-517,5]],[[69109,50708],[305,1114]],[[69414,51822],[248,78]],[[69662,51900],[620,-261],[743,3],[1114,-471]],[[36078,52369],[-565,-941],[-477,-1248]],[[35036,50180],[-1751,-1954]],[[33285,48226],[-354,-132],[-495,290]],[[32436,48384],[-230,947]],[[32206,49331],[1106,972],[723,448],[522,984]],[[38627,52335],[388,-1223]],[[39015,51112],[-261,-281]],[[38754,50831],[-437,-108],[-460,287],[-805,63]],[[37052,51073],[-160,1211]],[[36892,52284],[412,325],[636,-248],[687,-26]],[[53941,80791],[-890,365],[-1453,-231]],[[51598,80925],[35,278]],[[51633,81203],[950,284],[1760,38],[69,-242],[-471,-492]],[[26747,35957],[-768,-635],[-238,-478],[-660,-559],[-661,-269],[-403,130]],[[24017,34146],[758,1276],[711,607]],[[25486,36029],[1261,-72]],[[43111,72551],[362,-192],[-890,-1176],[721,-885],[827,-559],[183,261],[582,-342]],[[44835,67319],[-258,-406]],[[44577,66913],[-430,-298],[-725,252],[-645,-330],[520,-799],[943,-545]],[[44240,65193],[127,-664]],[[44367,64529],[-905,91],[307,-1108]],[[43769,63512],[-385,-65],[-402,-468],[-1204,-511]],[[41778,62468],[-1206,108]],[[40572,62576],[903,753],[47,269],[-373,1480],[-368,614],[-1385,506],[-1037,519]],[[39454,70608],[692,957],[-750,463],[246,491],[-261,262]],[[69260,73059],[-653,-451],[-997,237],[-611,-379]],[[66999,72466],[-595,555],[84,492],[-216,549]],[[34526,72251],[8,-435],[-905,-1533],[372,-959],[-114,-1104]],[[33063,68743],[115,963],[-1547,1050],[-767,177],[-650,721],[-648,402],[-103,-664],[751,-974]],[[28941,70442],[58,818]],[[29971,73249],[110,391],[927,91],[743,264],[366,563]],[[32117,74558],[319,185],[796,-249],[310,434],[1048,-101]],[[48895,81695],[-875,-391],[-481,-496]],[[47539,80808],[-640,-480],[-833,-123],[-787,-335],[-96,-413]],[[45183,79457],[-582,231],[426,1023]],[[45417,82209],[516,400],[223,-592],[879,393],[1041,-612],[819,-103]],[[55115,82298],[194,-197],[862,45],[420,350],[326,-91]],[[56917,82405],[-460,-300],[58,-498],[-359,-223]],[[55253,80018],[-712,152],[-241,534],[-359,87]],[[51633,81203],[-221,120],[821,658]],[[52233,81981],[341,-262],[694,44],[156,412],[497,127],[529,554],[665,-558]],[[56917,82405],[601,703]],[[57518,83108],[757,-357],[-261,-194],[66,-586],[962,-410],[499,307],[446,-298],[67,-695],[332,-185]],[[53071,40129],[342,-72]],[[53413,40057],[120,-612],[794,-758]],[[54327,38687],[-408,-729]],[[53919,37958],[-413,-653],[-522,-277]],[[52984,37028],[-749,287]],[[52235,37315],[-13,617]],[[52222,37932],[691,1154],[-517,491]],[[52396,39577],[249,531],[426,21]],[[56087,39630],[-319,-479]],[[55768,39151],[-553,-68],[-159,-364],[-729,-32]],[[53413,40057],[388,219]],[[53801,40276],[1064,-293],[735,-19],[487,-334]],[[31715,32566],[786,-517],[-527,-678]],[[31974,31371],[-462,59]],[[31512,31430],[-626,70],[-652,-276]],[[30234,31224],[-702,230],[-238,624]],[[29294,32078],[755,792]],[[30049,32870],[531,-386],[366,137],[325,-449],[444,394]],[[7578,33451],[23,-1236]],[[7601,32215],[-371,312],[-162,588],[510,336]],[[52325,75729],[-377,528],[876,1149],[1244,196]],[[54068,77602],[1120,-79]],[[66999,72466],[-622,94],[-274,-235],[-770,322],[-288,-79]],[[61377,72793],[-710,-650],[-666,19],[-43,547],[-1262,-454]],[[58696,72255],[-214,785]],[[58482,73040],[450,904]],[[91237,72997],[-620,359],[-857,-805],[-288,-663],[431,-455],[805,-500],[-843,-1091],[332,-67],[-720,-372],[-76,-575],[-486,98]],[[88915,68926],[-410,287],[-761,94],[-297,252],[-979,-230]],[[86468,69329],[-274,371],[535,154],[-93,519],[245,445],[-488,502],[-685,1058]],[[87679,74343],[533,288],[1008,-27],[268,161],[1093,40]],[[22418,34940],[151,-456],[525,-222]],[[23094,34262],[180,-535]],[[23274,33727],[-219,-740],[-572,-580],[-1067,-713],[-1340,-366],[-569,-684]],[[19507,30644],[-338,-27]],[[19169,30617],[379,787],[20,562],[1037,1123],[-534,860]],[[30774,86992],[-878,585],[-103,-151]],[[29793,87426],[-480,322]],[[29313,87748],[1035,419]],[[30348,88167],[426,-1175]],[[35786,34031],[87,-72]],[[35873,33959],[521,-597]],[[36394,33362],[90,-423],[-699,-643]],[[35785,32296],[-236,264],[-963,181],[-263,-367]],[[34323,32374],[-592,-277]],[[33140,31973],[223,664],[-89,686],[-312,344]],[[32962,33667],[1224,818]],[[34186,34485],[607,786]],[[45770,34880],[1004,-705]],[[46774,34175],[227,-1351]],[[47001,32824],[-841,-1298],[-1093,-964]],[[43558,30989],[185,519],[921,186],[597,-203],[411,213],[-217,592],[-1061,342],[-386,355]],[[44008,32993],[109,422],[-522,292],[146,962]],[[43741,34669],[113,319]],[[43854,34988],[34,39]],[[43888,35027],[589,299],[1293,-446]],[[74343,80119],[163,-288],[1017,-407]],[[75523,79424],[-424,-1984]],[[69702,77492],[-433,962],[-383,514],[-875,333]],[[68011,79301],[618,418],[5,875],[1148,698],[515,-359],[763,-219],[232,161]],[[71292,80875],[431,-226],[624,910],[319,-315],[138,-839],[1539,-286]],[[52222,37932],[-1385,626]],[[50837,38558],[236,427],[-298,288]],[[50775,39273],[-143,341]],[[50632,39614],[1764,-37]],[[75273,33047],[225,-405],[828,-849]],[[76326,31793],[-629,-24],[-2012,-1576],[-772,-868]],[[72913,29325],[-1007,422],[-1305,232],[-558,406]],[[70043,30385],[-69,-17]],[[69974,30368],[-183,1190],[158,401],[-597,546]],[[69352,32505],[1565,204],[1104,387]],[[72021,33096],[1258,-319],[995,213],[999,57]],[[42219,28523],[-867,708],[-509,45]],[[40843,29276],[-15,562],[604,165],[172,711],[-383,412]],[[41221,31126],[775,1075],[630,609]],[[42626,32810],[688,-27],[694,210]],[[24690,33162],[74,-1381],[-484,-1051],[185,-604]],[[24465,30126],[-51,-53]],[[22199,29675],[-341,369],[189,655],[-1072,-348],[-631,-408],[-716,317],[-121,384]],[[23274,33727],[1416,-565]],[[37895,11731],[45,-158]],[[37940,11573],[-972,-680],[-986,720]],[[35982,11613],[-143,209]],[[35839,11822],[642,753],[457,146],[94,-439],[-392,-53],[35,-366],[518,388],[466,-107],[236,-413]],[[61491,12820],[-415,-113],[-464,-1070]],[[60612,11637],[-738,-544],[-78,-290],[-1352,606],[-524,-43]],[[57920,11366],[-346,437],[-142,684],[236,294],[740,-113],[486,173],[159,689]],[[59053,13530],[1077,-235],[259,172]],[[49494,13755],[-655,-1098],[-417,-235],[-208,-706]],[[48214,11716],[-1579,242],[-1434,-48]],[[45201,11910],[121,421]],[[45322,12331],[693,110],[351,-204],[57,406],[935,297],[245,-720],[435,770],[-4,449],[-438,-103],[485,506]],[[48081,13842],[8,132]],[[31107,13630],[470,-450],[834,14]],[[32411,13194],[315,-357],[-457,-1216],[508,-634]],[[32777,10987],[-595,122],[243,-343],[-210,-820],[-410,-96],[91,-370],[-682,-156],[-418,-388]],[[24965,13720],[1710,-120],[676,131],[225,521]],[[64778,8814],[-875,-1217],[-838,-762],[-1291,-181]],[[61774,6654],[-506,802]],[[23856,6047],[-2179,-172],[-783,175],[-775,861]],[[82719,88153],[-918,-86],[-1403,-441],[-589,-682],[-294,-593]],[[79515,86351],[-705,-168],[-383,286],[-656,-218],[-623,-533]],[[77354,87671],[627,139],[550,492],[-419,551],[366,449]],[[78478,89302],[985,557]],[[79463,89859],[192,-387],[1129,103],[571,1010]],[[81355,90585],[2085,-932],[-604,-653],[-117,-847]],[[29265,90490],[-137,-506],[413,-1301]],[[29541,88683],[-1064,248],[-934,474],[-598,-105],[-502,201]],[[26443,89501],[1269,713],[944,360],[609,-84]],[[73759,89991],[-723,-384],[348,-508],[-408,-583],[-605,-240],[-162,-437],[-522,40],[-750,-1256],[496,-509],[-192,-153]],[[71241,85961],[-1276,-578],[-1336,304]],[[68629,85687],[-229,130]],[[68400,85817],[76,196],[-659,384],[143,960],[721,359],[122,332],[937,911],[983,221],[587,432],[239,976],[1387,168],[977,-144],[153,142]],[[79858,90744],[7,-446],[-402,-439]],[[78478,89302],[-602,554],[-424,77],[-295,-341],[-874,-270]],[[76283,89322],[571,731],[1242,682],[1762,9]],[[39316,90682],[-5,-212]],[[39311,90470],[50,-470],[-494,-506],[449,-362],[232,-873],[579,-679]],[[40127,87580],[-805,91]],[[39322,87671],[-704,220],[-778,607]],[[37840,88498],[-244,526],[-506,276],[254,599],[-308,324]],[[37036,90223],[389,77],[553,490],[602,184],[736,-292]],[[28196,90458],[-725,-16],[-1180,-842],[-405,261],[221,305],[1637,930],[452,-638]],[[43553,91065],[763,-395]],[[43694,89578],[-495,-712],[-61,-468]],[[43138,88398],[-250,178],[-561,-744],[673,-356],[-239,-693]],[[42761,86783],[-1142,562],[-1328,-53]],[[40291,87292],[-164,288]],[[39311,90470],[531,248],[555,-63],[516,423],[733,244]],[[41646,91322],[1078,-355]],[[45899,92455],[-131,-553],[-382,48],[-707,-1137],[-363,-143]],[[43533,91380],[553,383],[32,488],[439,367]],[[45359,92474],[375,254],[165,-273]],[[26684,92553],[636,-602],[925,-152],[814,197],[406,-386]],[[29465,91610],[54,-768],[-254,-352]],[[26443,89501],[-125,-125],[794,-813],[1706,43],[-580,-331],[92,-940]],[[28330,87335],[-734,-787],[-147,-556]],[[27449,85992],[-856,618],[-507,770]],[[26086,87380],[578,706],[-250,307],[304,304],[-1042,874]],[[25676,89571],[-1381,736],[224,394],[725,-151],[485,1125],[-1110,384],[627,745]],[[25246,92804],[1438,-251]],[[26684,92553],[702,359]],[[27386,92912],[716,284],[1406,47]],[[29508,93243],[-353,-556],[310,-1077]],[[46586,18992],[25,-609]],[[44374,18729],[250,487]],[[44624,19216],[957,1016]],[[45581,20232],[1005,-1240]],[[20371,21257],[-18,-504]],[[20353,20753],[677,-1495],[1022,-59],[2456,124]],[[24508,19323],[-1042,-1461]],[[19601,16516],[-1672,102]],[[17929,16618],[53,530],[-442,191],[92,466],[-477,407],[-411,8]],[[16744,18220],[219,588],[-596,568]],[[45581,20232],[-969,312]],[[44612,20544],[520,703],[607,-112]],[[45739,21135],[823,189],[1784,89]],[[48346,21413],[-493,-1334],[-1267,-1087]],[[53743,20782],[-585,-619],[-1311,-147]],[[51847,20016],[212,384],[100,1492]],[[52159,21892],[388,-52]],[[52547,21840],[627,120]],[[53174,21960],[569,-1178]],[[79774,80633],[689,-250],[156,-358],[700,-174],[-54,-634]],[[77617,72841],[-1102,537]],[[76515,73378],[-225,243],[259,438],[-297,161]],[[75523,79424],[390,-291],[640,271],[1129,63],[231,611],[703,684],[1158,-129]],[[47500,78519],[-702,468],[-31,364]],[[46767,79351],[-502,360],[-1082,-254]],[[47539,80808],[760,-735],[-1050,-1036],[251,-518]],[[64854,19235],[-522,122],[-288,-645],[459,-1097]],[[64503,17615],[-1217,-539]],[[63286,17076],[-837,-241]],[[62449,16835],[-198,246],[187,563],[-985,319],[-620,496],[-61,533]],[[60772,18992],[1338,627],[1095,294],[799,398]],[[64004,20311],[850,-1076]],[[60429,19908],[56,-743],[287,-173]],[[62449,16835],[-410,-131],[-1130,-883]],[[58486,17596],[1105,410],[-538,139],[-1138,1023]],[[39858,19472],[-397,-568],[551,-494],[47,-831],[309,-268]],[[40368,17311],[0,-927],[-180,-163]],[[40188,16221],[-932,-300]],[[39256,15921],[-195,497],[-1101,655],[-91,223],[363,2032]],[[38232,19328],[363,177],[543,1054]],[[39138,20559],[1039,-151],[-319,-936]],[[37133,19789],[-915,-1306]],[[36218,18483],[-2134,529]],[[34084,19012],[287,78],[1526,1479]],[[35897,20569],[1236,-780]],[[57896,23445],[71,-927],[-825,-587]],[[57142,21931],[-1412,427],[-712,484]],[[55018,22842],[440,644]],[[55458,23486],[223,-90],[1798,10]],[[57479,23406],[417,39]],[[55018,22842],[-581,-398]],[[54437,22444],[-931,1339]],[[53506,23783],[694,-127],[1108,163]],[[55308,23819],[150,-333]],[[71832,22600],[861,-244],[1126,-885]],[[73819,21471],[-1149,-823],[-1113,-373]],[[71557,20275],[-349,454],[-1461,556],[-607,-6],[-997,350]],[[68143,21629],[798,362],[-231,1079],[-293,543]],[[68417,23613],[854,33],[420,271]],[[73388,23967],[426,-631],[1622,-1192],[-9,-354],[-428,-463],[-863,-166],[-317,310]],[[26671,23908],[863,-202],[600,-521],[145,-530],[678,-282]],[[28957,22373],[642,193]],[[29599,22566],[-834,-1324],[-286,-88]],[[28479,21154],[-568,561]],[[27911,21715],[-1320,-490]],[[26591,21225],[-1067,579],[-1429,1329]],[[24095,23133],[214,782]],[[54437,22444],[-110,-655]],[[54327,21789],[-1153,171]],[[52547,21840],[-619,1166],[93,835]],[[52021,23841],[567,208],[918,-266]],[[43431,20840],[1181,-296]],[[44624,19216],[-1577,570],[76,593]],[[43123,20379],[308,461]],[[24512,20386],[326,293]],[[24838,20679],[-103,-934]],[[24735,19745],[-227,-422]],[[20353,20753],[1006,-17],[740,238],[941,-211],[526,-600],[979,50],[-33,173]],[[39256,15921],[-553,-289],[-45,-713]],[[38658,14919],[-301,-369],[-1104,66],[-986,627]],[[36267,15243],[-230,1045],[-289,310],[-1339,866]],[[34409,17464],[1109,141],[700,878]],[[37133,19789],[1099,-461]],[[26979,19765],[-326,-880],[165,-584],[464,-763],[444,125]],[[27726,17663],[71,-521],[517,-42]],[[24197,14226],[-722,731]],[[24735,19745],[1510,97],[734,-77]],[[41620,80915],[-638,-475],[-199,-388],[-573,115],[-154,-379],[522,-835],[138,-576]],[[40716,78377],[-776,85]],[[39940,78462],[-1025,103]],[[38915,78565],[-667,446],[-629,-165]],[[37619,78846],[-125,451]],[[37494,79297],[914,445],[466,617],[-207,89]],[[38667,80448],[375,256],[-123,602]],[[38919,81306],[190,331],[704,101],[493,-230],[937,17],[377,-610]],[[83846,54492],[-511,-701],[-638,-497],[-250,-443]],[[82447,52851],[-785,407]],[[81662,53258],[-35,662],[549,747]],[[82176,54667],[271,59]],[[82447,54726],[349,-168],[1050,-66]],[[61830,55456],[399,-291]],[[62229,55165],[-134,-261],[210,-904]],[[62305,54000],[-551,-396],[-651,-170],[-750,-526],[-205,-667],[-857,-909],[112,-767]],[[59403,50565],[-638,-65]],[[58765,50500],[-345,1053]],[[58420,51553],[289,760],[355,212],[370,942],[-406,739],[-488,364]],[[58540,54570],[707,610],[-105,478]],[[59142,55658],[1142,12],[1546,-214]],[[57788,7935],[-299,-429],[797,-993],[785,-341]],[[59071,6172],[-743,-570],[-109,-756],[-1312,-1559],[-791,-723],[-1960,-2077]],[[54156,487],[-1004,1403]],[[53152,1890],[1135,629],[731,653],[244,559]],[[55262,3731],[541,590],[5,652],[-410,298],[-36,609],[-502,36],[301,463]],[[55090,7300],[673,1002],[495,444]],[[56258,8746],[295,-355],[615,75],[620,-531]],[[60935,7813],[-1075,-772],[-789,-869]],[[57788,7935],[194,679]],[[57982,8614],[989,183],[1097,50]],[[53152,1890],[-973,1365],[-515,1718]],[[51664,4973],[1106,-3],[785,-213],[1071,-523],[636,-503]],[[28091,25776],[433,-638],[821,-597],[430,-494],[-163,-405]],[[29612,23642],[-655,-1269]],[[25866,24654],[486,851],[618,490]],[[26970,25995],[483,74],[638,-293]],[[67334,47642],[544,-1029],[394,157],[565,-596]],[[68837,46174],[-498,-516],[-1184,-1594]],[[66076,44702],[-908,331]],[[65168,45033],[-519,355],[-946,-259],[-1053,-8]],[[60541,46695],[254,938]],[[60795,47633],[2178,624]],[[62973,48257],[467,38],[278,-919],[408,-396],[598,31],[2610,631]],[[38392,48676],[-330,-762],[-735,-560]],[[37327,47354],[-417,193],[-206,803],[-259,209],[-423,1055]],[[36022,49614],[299,315],[499,26]],[[36820,49955],[1060,-1254],[512,-25]],[[37327,47354],[390,-712]],[[37717,46642],[-433,-734],[-330,351]],[[36954,46259],[-272,191],[-1546,-299],[-941,-1116]],[[34195,45035],[-191,941],[-369,100]],[[33635,46076],[455,957],[-365,874],[-440,319]],[[35036,50180],[986,-566]],[[66655,49974],[373,-482],[-306,-357],[43,-807],[290,-93],[-179,-537],[458,-56]],[[62973,48257],[-327,678],[-939,1272]],[[61707,50207],[482,-268]],[[62189,49939],[943,-519],[1265,818],[345,-225],[448,299],[1234,-48],[231,-290]],[[31860,49756],[346,-425]],[[32436,48384],[-355,-547],[-908,-209]],[[31173,47628],[-845,667]],[[30328,48295],[556,528],[-536,753],[-582,199]],[[29766,49775],[712,547]],[[30478,50322],[997,-602],[385,36]],[[61272,50463],[435,-256]],[[60795,47633],[-257,1723],[442,446],[292,661]],[[25656,42200],[-45,-475]],[[25611,41725],[-1946,-3]],[[23665,41722],[-741,262]],[[84878,43646],[-174,-1281],[-727,319],[-434,-82],[-913,444]],[[82630,43046],[89,885]],[[82719,43931],[498,240]],[[83217,44171],[1661,-525]],[[49361,42955],[-844,-458],[168,-959],[229,-433],[-711,29],[127,-437],[-241,-421]],[[48089,40276],[-1025,-72]],[[47064,40204],[-1571,-313],[-428,375]],[[45065,40266],[52,623]],[[45117,40889],[492,116],[70,482],[-774,521]],[[44905,42008],[548,817],[239,1080]],[[45692,43905],[67,218]],[[45759,44123],[1673,-374],[82,-628],[1847,-166]],[[67064,12146],[-451,-99],[-1507,504],[-837,-106]],[[64269,12445],[-423,276]],[[63846,12721],[930,641],[805,281]],[[65581,13643],[579,-717],[904,-780]],[[37855,11940],[40,-209]],[[35839,11822],[-67,-382],[-428,229],[-692,-403],[54,-387],[720,-81],[223,-567]],[[35649,10231],[-1641,-556]],[[34008,9675],[-174,400],[-905,644],[-152,268]],[[32411,13194],[87,357],[511,-64],[1033,395],[-97,264],[982,163]],[[34927,14309],[-71,-414],[448,-108],[392,-500],[542,161],[-287,705],[510,331],[364,-482],[874,-638],[-232,-227],[388,-1197]],[[51664,4973],[-8,2065]],[[37344,35418],[225,-171],[-427,-1243],[-277,-313],[-992,268]],[[56258,8746],[313,269],[506,-38],[45,398]],[[57122,9375],[784,-223],[76,-538]],[[59446,34292],[-29,-95]],[[59417,34197],[-598,-356],[-246,-417]],[[58573,33424],[-1026,225]],[[57547,33649],[-98,293],[-706,344],[-145,842]],[[56598,35128],[561,26]],[[64885,15374],[-80,-196],[648,-286],[407,-590]],[[65860,14302],[-108,-518]],[[65752,13784],[-861,538],[-646,141],[-578,415]],[[63667,14878],[-479,286],[-620,-130]],[[62568,15034],[1543,1296]],[[64111,16330],[774,-956]],[[40188,16221],[1744,-72]],[[41932,16149],[-1389,-1544]],[[40543,14605],[-63,19]],[[40480,14624],[-946,417],[-876,-122]],[[12600,14655],[-149,-1151],[549,-1236]],[[13000,12268],[-1905,-607]],[[9862,14441],[337,806]],[[10199,15247],[809,660]],[[11505,15684],[342,-290],[644,338],[123,437],[529,-312],[-853,-907],[310,-295]],[[44704,16066],[-25,-399],[495,-1355],[47,-619],[368,-561],[-267,-801]],[[45201,11910],[-2553,-453]],[[42648,11457],[35,360]],[[42683,11817],[20,429],[-764,1630],[-558,314],[-254,-454],[595,-4],[40,-490],[-934,144],[-285,1219]],[[41932,16149],[116,187]],[[42048,16336],[849,-151],[1807,-119]],[[10199,15247],[-350,-194],[-848,892]],[[9001,15945],[1026,579]],[[52159,21892],[-1171,48],[-1328,855]],[[49660,22795],[-527,331]],[[49133,23126],[294,1430],[491,547]],[[49918,25103],[526,-325],[190,-976],[1162,-94],[225,133]],[[66198,56319],[183,-201]],[[66381,56118],[-466,-448]],[[65915,55670],[-453,-241]],[[65462,55429],[-162,644],[-725,1228],[334,189]],[[64909,57490],[1289,-1171]],[[47534,59747],[194,-465],[-49,-655],[-399,-321]],[[47280,58306],[-32,-489]],[[47248,57817],[-251,-181],[-359,-1369],[-696,-813]],[[45942,55454],[-54,-41]],[[45888,55413],[-1202,804],[-1693,657],[-1115,263],[-1519,554]],[[40359,57691],[1354,701]],[[41713,58392],[661,171],[960,896],[610,260]],[[43944,59719],[860,-722],[402,-622],[399,104],[1465,1341],[464,-73]],[[64854,19235],[1273,-878]],[[66127,18357],[-152,-346],[45,-852]],[[66020,17159],[-783,-273],[-439,228],[-295,501]],[[34468,20676],[-97,-859],[-1454,-623]],[[32917,19194],[-842,770]],[[32075,19964],[-1316,1223]],[[30759,21187],[209,178],[1109,-154],[513,101],[1878,-636]],[[10970,32179],[-283,-501],[-89,-754]],[[10056,29920],[-944,-6],[-519,211]],[[8593,30125],[232,1013]],[[8825,31138],[1313,1266]],[[10138,32404],[563,44],[269,-269]],[[45605,37471],[785,-847],[185,-17]],[[46575,36607],[-87,-741]],[[46488,35866],[-629,358],[-629,36],[-1255,506]],[[43975,36766],[191,725]],[[44166,37491],[618,-108],[821,88]],[[43975,36766],[-1022,-667],[935,-1072]],[[43854,34988],[-526,164],[-1563,69]],[[41831,36252],[2220,1260]],[[44051,37512],[115,-21]],[[86517,82057],[-523,-880],[-1765,-1408],[-945,-182],[305,-449],[-622,218]],[[79774,80633],[-105,1554],[87,1399]],[[79756,83586],[704,559],[183,360]],[[43225,84734],[627,-565]],[[43852,84169],[-729,-1432]],[[43123,82737],[-1042,474],[-227,1421],[162,266]],[[42016,84898],[384,-223],[825,59]],[[72160,84379],[-580,-781],[-464,-252],[357,-1113]],[[71473,82233],[-181,-1358]],[[68011,79301],[-189,-635]],[[67822,78666],[-1898,72],[-742,-109]],[[65182,78629],[-286,293],[408,348],[-334,568],[-975,560]],[[63134,80808],[-58,215],[678,13],[1104,254],[268,408],[-674,570]],[[64452,82268],[1031,24],[1335,-242],[38,525],[591,535],[451,-126],[310,307],[-350,727],[240,187],[482,1158]],[[68580,85363],[361,-281],[101,-875],[1739,-247],[1147,918]],[[43879,59740],[65,-21]],[[41713,58392],[-785,1401]],[[40928,59793],[1175,291],[1013,-404],[763,60]],[[50768,58918],[-319,-159],[-1465,-100],[-1704,-353]],[[47534,59747],[558,-81],[44,365]],[[48136,60031],[1059,95],[1085,-390],[488,-818]],[[20660,56101],[-390,297],[-283,591]],[[19987,56989],[519,163],[-898,144],[259,256]],[[49021,55866],[-349,-170],[-1100,-55],[-1073,-324]],[[46499,55317],[-84,-130]],[[46415,55187],[-473,267]],[[47248,57817],[1394,-641],[524,-597],[-145,-713]],[[78516,58070],[497,-146],[950,-654],[-228,-348],[870,-1576],[-26,-365],[421,-441],[1176,127]],[[81662,53258],[-329,-155],[-879,307],[-1175,-70],[-1288,646],[-2120,112],[-139,-72]],[[75732,54026],[-71,375],[433,745]],[[76094,55146],[553,394],[256,563],[-42,1169],[-214,384],[308,336]],[[76955,57992],[392,117]],[[77347,58109],[337,-134],[832,95]],[[60275,67631],[-486,-487],[778,-493],[587,-760]],[[61154,65891],[71,-274]],[[61225,65617],[-1037,-103],[-676,-412],[-608,-609]],[[58904,64493],[-643,146],[-1496,633],[-127,238]],[[56638,65510],[-56,681]],[[56582,66191],[1026,-99],[439,101],[-792,1059],[591,97],[932,1080],[1263,-290]],[[54751,43982],[-754,-1408]],[[53997,42574],[-102,-305]],[[53895,42269],[-589,-245],[-391,-546]],[[52915,41478],[-124,-10]],[[52791,41468],[-583,448],[-425,53],[82,377],[-790,376]],[[51075,42722],[295,279],[-290,391]],[[51080,43392],[558,487],[698,297],[812,-641],[445,1],[765,715],[393,-269]],[[15832,42444],[-344,-81],[-1795,616]],[[13693,42979],[112,844]],[[13805,43823],[459,507]],[[14264,44330],[767,-367],[786,-188],[620,-590],[-47,-362],[-558,-379]],[[51847,20016],[1204,-529]],[[53051,19487],[-263,-734],[281,-625]],[[50445,18695],[126,324],[1276,997]],[[32917,19194],[877,-175]],[[33794,19019],[-417,-646],[178,-1127],[854,218]],[[36267,15243],[-437,-425],[-375,-4],[-528,-505]],[[30614,17450],[133,876],[-191,626],[1519,1012]],[[35815,20633],[82,-64]],[[34084,19012],[-290,7]],[[34468,20676],[359,380],[988,-423]],[[65487,21031],[560,-494]],[[66047,20537],[84,-991],[776,-1163]],[[66907,18383],[-780,-26]],[[64004,20311],[198,883]],[[64202,21194],[1285,-163]],[[46809,16697],[292,-1186],[156,-1672],[824,3]],[[44704,16066],[74,998]],[[88915,68926],[-89,-1058],[357,-254]],[[86063,69134],[405,195]],[[56582,66191],[-344,-60],[-339,465]],[[55899,66596],[538,319],[11,795],[468,1333],[475,729]],[[57391,69772],[790,-47],[2437,-711]],[[82242,66198],[845,-556]],[[83087,65642],[-57,-530]],[[83030,65112],[-825,-144],[-1499,234],[-460,368],[-459,-185],[-827,34]],[[63031,67232],[1370,-559]],[[63342,65745],[-968,-288]],[[62374,65457],[-1149,160]],[[61154,65891],[444,305],[-16,583]],[[74187,70562],[62,-712],[301,-331],[-532,-469],[-966,-501],[-437,-614]],[[72615,67935],[-515,-106],[-1909,296],[-583,177]],[[72813,70619],[520,96],[854,-153]],[[78417,46548],[464,-330],[1078,-29],[368,336]],[[80327,46525],[591,-7]],[[80918,46518],[-192,-147],[-230,-950]],[[80496,45421],[-673,-700],[-475,-219],[-382,-1484],[139,-655],[372,-164],[245,-554]],[[79722,41645],[-180,-290],[-754,261],[-500,-1209]],[[78288,40407],[-1182,315],[-2671,969],[-953,485]],[[73482,42176],[406,1060]],[[73888,43236],[566,-65],[360,550],[-112,302]],[[74702,44023],[1416,-360],[618,573]],[[76736,44236],[709,266],[404,715],[-315,415],[587,807],[296,109]],[[41513,46536],[1045,-450]],[[42558,46086],[266,-341],[141,-760],[729,-519]],[[43694,44466],[-353,-746]],[[43341,43720],[-437,-299],[161,-830]],[[43065,42591],[-1311,-217],[-502,286],[-531,-120]],[[40721,42540],[-428,401]],[[40293,42941],[-85,384],[-1351,1053]],[[38857,44378],[291,146]],[[39148,44524],[701,1010]],[[39849,45534],[113,-58],[1100,1276],[451,-216]],[[58993,46122],[-1521,-1018],[-373,891]],[[57099,45995],[542,1501],[-165,1044],[170,672]],[[57646,49212],[441,304],[678,984]],[[59403,50565],[1728,69],[141,-171]],[[57557,32013],[-629,-515],[-408,-1070],[-830,-945]],[[54169,30656],[423,535],[804,235],[1230,943]],[[56626,32369],[931,-356]],[[30234,31224],[87,-462],[-363,-598],[-676,-280]],[[29282,29884],[-584,537],[-692,-137],[-430,245]],[[27576,30529],[444,583],[140,1202]],[[28160,32314],[1134,-236]],[[35132,31833],[-644,-584]],[[34323,32374],[809,-541]],[[46046,65394],[30,-558],[905,-979]],[[46981,63857],[-31,-154]],[[46950,63703],[-187,-26]],[[46763,63677],[-1143,201],[-1253,651]],[[44240,65193],[631,202]],[[44871,65395],[1175,-1]],[[27449,85992],[-34,-451]],[[27415,85541],[-1170,-962],[-805,333],[-623,483]],[[24817,85395],[185,1657],[215,760]],[[25217,87812],[869,-432]],[[80590,85265],[-1075,1086]],[[82719,88153],[375,-443],[-406,-1202],[94,-156]],[[64238,85008],[11,-1513],[-464,-451],[484,-540]],[[64269,82504],[-649,-266],[-131,-790],[-1059,-105]],[[57518,83108],[415,291],[61,583],[-689,865],[-714,370],[-429,-350],[-421,179],[-250,-645]],[[55491,84401],[-428,398],[-94,617],[549,226],[-517,592],[379,454]],[[55380,86688],[-36,397],[333,466]],[[55677,87551],[872,729],[784,216],[714,-1038],[585,-461],[776,451],[213,-159],[625,418],[2384,-940],[1608,-1759]],[[60036,83459],[-488,227],[-703,-708],[821,-681],[239,456],[642,242],[174,502],[-685,-38]],[[67686,18124],[189,-657],[513,-374],[672,-780]],[[69060,16313],[-1347,-10]],[[67713,16303],[-899,542],[-794,314]],[[66907,18383],[779,-259]],[[48631,17893],[607,770],[986,-18]],[[29220,26400],[1133,-976]],[[30353,25424],[-143,-195],[1296,-839]],[[31506,24390],[-625,-60],[-731,-679],[-538,-9]],[[28091,25776],[310,929]],[[28401,26705],[819,-305]],[[27987,26978],[414,-273]],[[26970,25995],[-105,590]],[[26865,26585],[118,655]],[[26983,27240],[557,-300],[447,38]],[[69432,25663],[-754,168],[301,677],[1009,710],[285,449]],[[70273,27667],[1844,34]],[[45926,27235],[-312,-501]],[[45614,26734],[-1236,182]],[[71094,19954],[-605,-744],[618,-371],[446,-658],[-274,-693],[-834,-631],[-544,278]],[[69901,17135],[-621,1473],[-829,586],[-765,-1070]],[[66047,20537],[317,-21],[849,-554],[671,-202],[977,731],[417,-271],[600,145],[1216,-411]],[[16744,18220],[-314,-540],[-52,-763],[-203,-154]],[[16175,16763],[-813,-133]],[[15362,16630],[127,297],[-157,1026],[-256,3],[-524,-802],[-295,668],[-680,-384],[337,-103],[-921,-684]],[[11544,18783],[48,1102]],[[11592,19885],[1196,383]],[[55010,78937],[-649,-159],[-636,-727],[343,-449]],[[52289,75585],[-299,149]],[[47054,77324],[549,1111],[-103,84]],[[48895,81695],[497,-405],[212,-545],[430,-417],[682,885],[427,-412],[455,124]],[[69060,16313],[2,0]],[[69062,16313],[-1037,-1360],[-834,-725],[-1008,526],[-323,-452]],[[64885,15374],[957,655],[1871,274]],[[53509,16468],[437,-616],[718,-187],[248,244]],[[54912,15909],[329,-451],[578,-203],[-477,-687]],[[55342,14568],[-571,-633],[80,-467],[-562,-675],[-133,-961],[174,-313]],[[54330,11519],[-339,-268],[-835,213],[-463,-192],[-875,500],[-428,-368],[94,-511]],[[50203,10286],[-1587,1279],[-402,151]],[[52945,16744],[564,-276]],[[42262,17361],[-629,-146],[-1265,96]],[[39858,19472],[1141,-681],[1383,-279],[-120,-1151]],[[57710,17286],[-1719,-1038]],[[55991,16248],[-1079,-339]],[[53509,16468],[2,471],[334,1676]],[[53845,18615],[2724,703],[883,367]],[[65168,45033],[-979,-1269],[-830,-533]],[[46176,44599],[-417,-476]],[[45692,43905],[-1492,-15],[-437,-645]],[[43763,43245],[-422,475]],[[43694,44466],[435,473]],[[44129,44939],[620,69],[270,473]],[[45019,45481],[746,-384],[411,-498]],[[74702,44023],[-424,86]],[[74278,44109],[-223,269],[991,1094]],[[75046,45472],[526,79],[1164,-1315]],[[48981,45676],[-377,-830],[1314,-631],[170,-296]],[[50088,43919],[-428,-736]],[[49660,43183],[-299,-228]],[[46176,44599],[678,102],[93,276]],[[46947,44977],[656,-16],[1122,727],[256,-12]],[[34742,78852],[-535,-703],[474,-144],[384,238],[352,-617],[511,-6],[187,479],[553,-722]],[[36668,77377],[304,-590],[-373,-556]],[[36247,75894],[-537,-781],[-449,-121]],[[32117,74558],[-212,509]],[[31905,75067],[261,568],[-94,512],[689,21],[-254,916],[-421,425]],[[32086,77509],[1001,-309],[183,357],[392,-53],[-84,917],[461,252],[-540,96],[-97,772],[1340,-689]],[[29162,79694],[287,-439],[919,-421],[772,-775],[946,-550]],[[31905,75067],[-1059,213],[-870,-115]],[[29227,76530],[-38,657]],[[29189,77187],[713,902],[-201,648],[-570,396],[-1811,-822]],[[27320,78311],[-366,191]],[[26954,78502],[691,1118]],[[27645,79620],[614,269],[903,-195]],[[65182,78629],[44,-215],[-2360,-1751]],[[59566,76038],[-326,468]],[[26954,78502],[-18,-1341]],[[23684,76526],[-892,1127],[98,235],[2400,2106],[203,336]],[[25493,80330],[1086,-441],[1066,-269]],[[83030,65112],[615,-1013]],[[83645,64099],[-488,-755],[17,-1404],[-151,-760]],[[83023,61180],[-1080,-403]],[[81943,60777],[-2107,323]],[[79836,61100],[319,348],[-245,255],[9,729],[-301,444],[-509,266],[-923,917]],[[38915,78565],[2,-288],[-551,40],[-388,-477],[-716,-369]],[[37262,77471],[-397,256]],[[36865,77727],[-265,139],[530,723],[489,257]],[[85182,51126],[-324,-350],[-448,-1125],[-377,-1744],[-437,-656]],[[83596,47251],[-932,454]],[[82664,47705],[-319,1104]],[[82345,48809],[1242,1038],[1184,1499]],[[84771,51346],[411,-220]],[[88248,50420],[-11,-638]],[[88237,49782],[-363,-323],[15,-922]],[[87889,48537],[-1168,-74]],[[86721,48463],[327,952],[34,945],[-400,819]],[[86682,51179],[1406,84],[-85,-600],[245,-243]],[[47746,53345],[-54,-622],[-466,-288],[-4,-400],[-391,-367]],[[46831,51668],[-604,297],[-446,826],[139,835],[495,1561]],[[46499,55317],[31,-310],[607,-527],[609,-1135]],[[46831,51668],[145,-153]],[[46976,51515],[-374,-679]],[[46602,50836],[-2255,-449]],[[44347,50387],[-997,-9],[-254,361]],[[43096,50739],[334,912],[-474,127],[-335,586],[-1195,168]],[[41426,52532],[35,350],[486,355],[134,396]],[[42081,53633],[618,204],[896,-142],[542,213],[360,831],[785,64],[606,610]],[[74588,55430],[1506,-284]],[[75732,54026],[-474,-401],[-2773,-1864]],[[72485,51761],[-294,130],[238,660],[681,165],[919,1101],[-197,343],[-615,-299],[9,427],[-460,475]],[[72766,54763],[-47,271],[1115,535],[384,-272],[370,133]],[[67378,54558],[42,-1895]],[[67420,52663],[-800,103],[-783,505],[-453,108],[-1055,-90]],[[64329,53289],[-477,646]],[[63852,53935],[1704,1231],[-94,263]],[[65915,55670],[1463,-1112]],[[46586,18992],[2045,-1099]],[[47258,27868],[-299,-276],[2,-851],[470,-375],[-1077,-920]],[[46354,25446],[-375,383],[-365,905]],[[46229,28302],[556,-64],[473,-370]],[[26465,28250],[-760,-778]],[[25705,27472],[-1198,-309],[-1656,216]],[[22851,27379],[80,616]],[[22931,27995],[1400,34],[277,345]],[[24608,28374],[491,-211],[301,307],[1065,-220]],[[42786,26481],[-1293,-1086],[1463,-346]],[[42956,25049],[-192,-208]],[[42764,24841],[-473,-631],[-859,-33]],[[41432,24177],[-404,491],[-619,-41],[-395,260],[-649,-264]],[[37917,25637],[783,981],[-205,929]],[[38495,27547],[1209,981]],[[39704,28528],[1583,-700],[1180,-85]],[[29282,29884],[194,-613]],[[29530,29034],[-707,-527],[49,-485],[-312,-283]],[[28560,27739],[-1184,489],[-810,22]],[[26566,28250],[459,873],[-943,412],[20,157]],[[26102,29692],[653,559],[266,-138],[555,416]],[[40843,29276],[-1139,-748]],[[38495,27547],[-1084,511]],[[37411,28058],[32,434],[-371,621]],[[37072,29113],[348,423],[1124,710],[611,822]],[[40174,31253],[756,-285],[291,158]],[[31512,31430],[-1219,-1561]],[[52869,31704],[1242,-1007]],[[52750,29216],[-1224,831],[-314,755],[590,833]],[[51802,31635],[1067,69]],[[15047,27938],[-1026,-128],[-1313,-818]],[[12708,26992],[-707,379],[-344,550],[312,1072],[-116,898],[359,736],[-162,537]],[[12050,31164],[530,451]],[[12580,31615],[1220,-793],[-62,-418],[437,-569],[89,-1336],[783,-561]],[[78027,31858],[-834,-403],[-607,-585],[844,-209],[439,-312],[350,-739],[295,-1032],[-50,-323]],[[78464,28255],[-593,280],[-1302,182],[-785,-604]],[[75784,28113],[-359,-33],[-1287,902],[-694,-128],[-531,471]],[[76326,31793],[1701,65]],[[43966,17544],[-1441,-126]],[[42525,17418],[-263,-57]],[[39138,20559],[-224,62]],[[39140,21447],[305,43]],[[39445,21490],[3678,-1111]],[[51593,31736],[209,-101]],[[52750,29216],[-421,-518],[491,-990],[-910,-379],[-1896,-123]],[[50014,27206],[-1059,866],[301,153],[-70,644]],[[49186,28869],[224,321],[-293,977],[-608,445],[577,1479]],[[49086,32091],[652,-355],[979,-87],[876,87]],[[65976,32249],[472,-624],[150,-737]],[[66598,30888],[-263,-523]],[[64234,31054],[548,460]],[[64782,31514],[1194,735]],[[48714,33931],[73,-584]],[[48787,33347],[-580,-251],[-267,-687]],[[47940,32409],[-939,415]],[[46774,34175],[522,304]],[[47296,34479],[1418,-548]],[[54470,33707],[-758,-796],[49,-276],[-892,-931]],[[51593,31736],[-431,1093],[429,751]],[[51591,33580],[317,-89],[613,283],[796,766]],[[53317,34540],[470,-175],[683,-658]],[[42626,32810],[-382,48],[214,610],[-435,163]],[[41718,34434],[517,243],[1506,-8]],[[50812,69207],[565,-507],[727,-1123]],[[52104,67577],[490,-554]],[[52594,67023],[94,-834]],[[52688,66189],[-1200,779],[-896,159]],[[50592,67127],[-154,631],[-1459,69]],[[48979,67827],[54,206]],[[49033,68033],[-31,428],[519,806],[968,-164],[323,104]],[[55563,67494],[-723,-650]],[[54840,66844],[-645,513],[-1601,-334]],[[52104,67577],[954,370],[542,593],[-94,510],[395,-162],[147,318],[1231,351]],[[55279,69557],[391,-970],[-107,-1093]],[[39322,87671],[-825,-1379],[-687,-399]],[[37810,85893],[-379,257],[304,240],[-1193,957],[-119,-286],[-492,185]],[[35931,87246],[272,293]],[[36203,87539],[198,115]],[[36401,87654],[859,3],[580,841]],[[62677,76200],[453,-783],[676,314],[584,569],[-158,528],[669,348],[1146,-530]],[[27320,78311],[69,-361],[849,-450],[951,-313]],[[41580,78138],[-864,239]],[[41620,80915],[354,-472],[-261,-1290],[94,-487],[-227,-528]],[[20420,24908],[109,-533],[265,271],[1423,-258],[633,-283],[380,367],[1369,-133]],[[24095,23133],[-828,-362]],[[23267,22771],[-1269,45],[-639,-329],[-1140,-153]],[[18970,24726],[317,290],[678,77],[455,-185]],[[32929,25625],[163,-184],[-884,-356],[-611,-700]],[[31597,24385],[-91,5]],[[30353,25424],[901,1086],[187,15]],[[31441,26525],[40,41]],[[31481,26566],[1448,-941]],[[65385,27624],[-342,-881],[-497,-273],[564,-250],[51,-309]],[[65161,25911],[-564,-302],[-366,-667]],[[64231,24942],[-459,-190],[-819,506]],[[62953,25258],[-1097,631]],[[61856,25889],[991,1447],[329,894]],[[24838,20679],[1753,546]],[[27911,21715],[-139,-460],[-793,-1490]],[[28479,21154],[-269,-607],[289,-924],[-468,-470],[-305,-1490]],[[54327,21789],[2520,-1376]],[[53845,18615],[-8,25]],[[53837,18640],[-45,187]],[[53792,18827],[42,1667],[-91,288]],[[62630,22188],[1340,-663],[232,-331]],[[60471,20806],[478,1144],[577,422]],[[61526,22372],[-22,-357],[733,-307],[393,480]],[[36666,25016],[-981,701],[-914,-643],[-1318,847]],[[33453,25921],[526,1160]],[[34264,27154],[170,-156],[1637,-619],[669,539],[593,1053]],[[37333,27971],[78,87]],[[49133,23126],[-1697,1185]],[[47436,24311],[745,245],[887,748],[609,14]],[[49677,25318],[241,-215]],[[34008,9675],[-934,-324],[-772,-701],[-1523,-703]],[[57122,9375],[182,1468]],[[57304,10843],[616,523]],[[60612,11637],[404,-62],[374,-651],[546,-314]],[[67064,12146],[312,-279],[-1008,-1115],[-480,-744]],[[63509,10970],[760,1475]],[[42648,11457],[-1242,-259],[-3430,-597]],[[37976,10601],[-36,972]],[[37855,11940],[760,649]],[[38615,12589],[494,-799],[842,829],[542,-34],[357,257],[-16,-653],[-479,-291],[818,-294],[1510,213]],[[44347,50387],[863,-778],[221,-522],[952,-1037]],[[46383,48050],[-658,22],[-289,-331]],[[45436,47741],[-645,-297]],[[44791,47444],[-1452,441],[-707,497],[-995,141],[-162,221]],[[41475,48744],[229,950],[-713,546],[9,262]],[[41000,50502],[1378,264],[718,-27]],[[46602,50836],[36,-161]],[[46638,50675],[-514,-456],[-11,-806],[647,-1485]],[[46760,47928],[-377,122]],[[27512,50495],[-101,-442],[1369,-444]],[[28780,49609],[514,-114]],[[29294,49495],[180,-814]],[[29474,48681],[-15,-463],[-667,-1357]],[[28792,46861],[-1138,134],[40,573]],[[27694,47568],[-814,285]],[[26880,47853],[7,1130],[515,804],[-433,75],[-731,779]],[[26238,50641],[515,221]],[[26753,50862],[759,-367]],[[23038,49681],[-1343,-647],[-774,-1092],[-46,-657]],[[20875,47285],[-944,240],[-413,792]],[[19518,48317],[-281,432],[70,554],[883,448],[515,761]],[[26880,47853],[-292,-181],[-912,465],[-1216,-288],[-180,417]],[[24280,48266],[-118,296],[-739,244],[-291,381]],[[23132,49187],[577,-31],[480,259],[689,737]],[[24878,50152],[1113,751]],[[25991,50903],[247,-262]],[[12103,40396],[-707,-533]],[[11396,39863],[-524,717],[-479,-9],[-1595,931]],[[8798,41502],[379,537]],[[9177,42039],[542,-506],[551,-217],[685,274],[229,-389],[919,-805]],[[45612,66289],[-910,-283],[169,-611]],[[44577,66913],[1006,-420],[29,-204]],[[85238,65078],[-213,-705]],[[85025,64373],[-659,-247],[-721,-27]],[[83087,65642],[485,741],[-145,362]],[[84921,67350],[394,-1157],[-428,-515],[351,-600]],[[71127,66133],[544,-213]],[[69494,64336],[-1344,226]],[[68150,64562],[834,1574],[-250,105],[544,542],[319,-187],[254,969],[672,-103],[604,-1329]],[[42525,17418],[-477,-1082]],[[72485,51761],[-346,-590]],[[69662,51900],[6,696],[237,130],[82,782],[830,1130]],[[70817,54638],[1481,14],[468,111]],[[31860,49756],[368,231],[105,534],[-270,641],[-593,257]],[[30591,52918],[232,381],[-151,391],[274,603]],[[30946,54293],[988,72],[366,285]],[[84535,71500],[-459,-940]],[[80338,69237],[-2,569],[-1028,285],[-411,1114]],[[78897,71205],[-53,820]],[[74738,72610],[-962,-1052]],[[73776,71558],[-671,186],[-595,783],[468,789]],[[72978,73316],[1760,-706]],[[17911,46146],[-373,-1018]],[[17538,45128],[-359,-184],[-417,600],[-586,-89],[-650,259]],[[15526,45714],[1196,873]],[[16722,46587],[1189,-441]],[[30515,50378],[-37,-56]],[[29766,49775],[-472,-280]],[[28780,49609],[-309,838],[298,638]],[[28769,51085],[1017,-345]],[[90980,51380],[212,-461],[-642,-417],[1726,-485]],[[92276,50017],[-488,-715]],[[91788,49302],[-1892,-19],[-1336,488],[-323,11]],[[88248,50420],[705,79],[243,454],[1167,741]],[[90363,51694],[617,-314]],[[76595,49360],[-296,-115],[-1093,225],[-1055,451]],[[74151,49921],[-1034,89],[-1234,-129]],[[72485,51761],[464,-342],[611,273],[747,-183],[743,353],[422,-103],[394,-645],[451,-84],[62,-435],[-448,-455],[664,-780]],[[82630,43046],[-405,-326],[155,-442],[-727,-1326],[-336,-67],[-1028,647],[-567,113]],[[80496,45421],[2223,-1490]],[[47064,40204],[-190,-267]],[[46874,39937],[-631,-249],[167,-681],[-401,-183]],[[46009,38824],[-74,125]],[[45935,38949],[-179,278],[-827,348]],[[44929,39575],[136,691]],[[66450,25085],[-1251,-306],[-142,-241],[-826,404]],[[65161,25911],[1446,513],[229,-358],[-156,-520],[578,-382],[-808,-79]],[[43914,25961],[-958,-912]],[[61774,6654],[-758,-750],[-88,-324],[-796,-616],[-2707,-2445],[-698,-708],[-2244,-1811],[-327,487]],[[88010,54304],[47,-726],[-518,-701],[212,-900]],[[87751,51977],[-620,13],[-390,352]],[[86741,52342],[-170,165],[217,929],[-10,1173]],[[86778,54609],[1232,-305]],[[58420,51553],[-824,353],[-1056,896]],[[56540,52802],[-203,485]],[[56337,53287],[1324,905],[879,378]],[[90322,54040],[-181,-609],[514,-297],[-344,-651]],[[90311,52483],[-2560,-506]],[[88010,54304],[588,233]],[[88598,54537],[600,137]],[[4995,10690],[-1772,247]],[[3223,10937],[450,739],[1369,1321],[70,197]],[[5112,13194],[245,254],[1233,15],[1120,1105],[354,-367]],[[61794,14929],[774,105]],[[63667,14878],[-484,-424],[-430,-75],[-295,-393]],[[60346,13695],[-435,785],[-290,120],[159,635]],[[59053,13530],[-279,74],[-140,1078]],[[5112,13194],[-1096,945],[-95,405]],[[3921,14544],[1351,210],[2054,810],[1675,381]],[[56923,15648],[-433,-419],[-372,-709],[-776,48]],[[55991,16248],[932,-600]],[[69901,17135],[-839,-822]],[[19750,40683],[233,-14]],[[19983,40669],[323,-175],[-332,-964],[87,-548]],[[19084,38613],[-968,472]],[[18116,39085],[-85,821]],[[18031,39906],[910,163],[303,422],[506,192]],[[70273,27667],[-1169,-15],[-823,828]],[[68281,28480],[672,928],[1360,437]],[[70313,29845],[277,-496],[44,-787],[-361,-895]],[[49033,68033],[-558,-290],[-1162,-29],[469,430]],[[47782,68144],[1026,573],[-377,170],[153,669],[382,569],[620,290]],[[49586,70415],[680,-201],[199,-751],[347,-256]],[[75946,59527],[841,-206],[76,438],[761,-398]],[[77624,59361],[312,-606],[-589,-646]],[[76955,57992],[-206,227],[-675,-23],[-1791,395]],[[74283,58591],[-250,171]],[[74033,58762],[-377,285],[645,827]],[[74301,59874],[345,58]],[[74646,59932],[966,-77],[334,-328]],[[71975,59340],[359,-254],[-224,-409]],[[72110,58677],[-494,-573]],[[71616,58104],[-761,-28],[-827,-787],[-321,43],[97,794]],[[69804,58126],[-138,993],[794,827]],[[70460,59946],[917,-100],[598,-506]],[[69804,58126],[-851,384]],[[68953,58510],[606,1357],[477,339]],[[70036,60206],[424,-260]],[[31775,59277],[235,-379],[-38,-635],[676,-1037],[-12,-467],[524,-802]],[[30946,54293],[-517,124],[-857,-76]],[[29572,54341],[-325,620],[-1167,914],[-58,258]],[[28022,56133],[-31,767]],[[27991,56900],[-189,391],[269,379]],[[28071,57670],[667,710],[2183,1909]],[[30921,60289],[235,-995],[619,-17]],[[84073,57186],[-1093,-1267],[-533,-1193]],[[78516,58070],[551,185],[448,554],[1240,823],[73,497],[464,235],[473,-113],[257,250]],[[82022,60501],[582,-218],[334,-962],[634,-389],[33,-826],[468,-920]],[[39429,35799],[-323,-532],[442,-34]],[[39548,35233],[-2008,-2137]],[[37540,33096],[-459,312],[-687,-46]],[[38622,36084],[807,-285]],[[56346,36159],[813,-508]],[[56598,35128],[-1093,146],[-295,-262],[101,-1468]],[[55311,33544],[-841,163]],[[53317,34540],[-158,583]],[[53159,35123],[332,215]],[[53491,35338],[1095,-264],[-163,331],[468,322],[-885,365]],[[54006,36092],[1773,-27],[567,94]],[[75237,36209],[431,-276],[145,-534],[-386,-795],[-236,-921],[82,-636]],[[72021,33096],[449,438]],[[72470,33534],[705,710],[118,1339],[435,542],[686,211],[823,-127]],[[51417,36142],[-56,-396],[897,-151],[457,-448],[444,-24]],[[51591,33580],[-1078,617]],[[50513,34197],[-200,969]],[[50313,35166],[-123,434],[701,717]],[[50891,36317],[526,-175]],[[63297,36430],[-564,-803]],[[62733,35627],[-643,-625]],[[62090,35002],[-1422,281]],[[60471,36247],[571,440]],[[13640,21674],[-604,272],[-843,669]],[[12193,22615],[311,330],[-68,1004]],[[11592,19885],[-379,732],[-1137,820],[-1786,458],[-98,146],[1059,1282],[994,698]],[[10245,24021],[525,-289],[-217,-549],[422,-458],[1021,41],[197,-151]],[[23742,53484],[794,-547]],[[24536,52937],[-98,-602],[-693,-214],[-631,264],[-248,-292]],[[22070,52810],[165,712]],[[22235,53522],[703,206],[804,-244]],[[28703,53686],[309,-360]],[[29012,53326],[-396,-725],[397,-326]],[[29013,52275],[-61,-459],[-475,-515]],[[28477,51301],[-7,-29]],[[28470,51272],[-773,559],[-944,-969]],[[25991,50903],[318,1129],[-211,351]],[[26098,52383],[-678,348]],[[25420,52731],[689,842],[843,-317]],[[26952,53256],[560,94],[987,453]],[[28499,53803],[204,-117]],[[92164,54017],[-290,-325],[9,-764],[1124,-1485]],[[93007,51443],[-1318,282],[-709,-345]],[[90363,51694],[354,410],[-406,379]],[[47601,71481],[1985,-1066]],[[47782,68144],[-400,26]],[[47015,68703],[15,287],[-700,667]],[[46330,69657],[932,1221],[339,603]],[[38754,50831],[218,-447],[-267,-388],[181,-580]],[[38886,49416],[-221,-15],[-273,-725]],[[36820,49955],[-350,977],[582,141]],[[41475,48744],[-669,-286]],[[40806,48458],[-375,-82],[-1545,1040]],[[39015,51112],[1617,-356],[368,-254]],[[78288,40407],[-760,-1254]],[[77528,39153],[-1325,-101],[-1345,19],[-928,1132],[-1302,327]],[[72628,40530],[-950,155]],[[71678,40685],[428,536],[1376,955]],[[18591,12824],[-643,-1460]],[[17948,11364],[-301,955],[-1003,757],[-1137,313],[-841,-75],[-504,-653],[-1162,-393]],[[12600,14655],[766,-27],[35,485],[449,-29],[187,387],[216,-545],[431,175],[109,549],[569,980]],[[16175,16763],[-203,-1048],[-483,-252],[196,-376],[696,-238],[965,168],[163,422],[765,356],[-82,352],[-582,382],[319,89]],[[63286,17076],[825,-746]],[[69702,77492],[-368,267],[-388,-181],[-665,867],[69,420],[-528,-199]],[[57099,45995],[-533,-313]],[[56566,45682],[-1635,854],[-87,461],[252,610],[-512,318]],[[54584,47925],[129,300]],[[54713,48225],[919,-360],[859,910],[1155,437]],[[91788,49302],[-96,-429],[-498,-412],[-263,-554],[-905,-221],[-1309,-629],[-351,-672],[-519,133],[-720,-233],[-803,-653]],[[85909,46673],[1701,1390],[279,474]],[[48598,49778],[-667,-571],[192,-293],[-651,-919],[55,-362]],[[47527,47633],[-767,295]],[[46638,50675],[1387,-399],[573,-498]],[[71500,49247],[203,-345],[952,-561]],[[72655,48341],[-819,-1250]],[[71836,47091],[-189,-139]],[[71647,46952],[-874,-922],[17,-215]],[[70790,45815],[-1684,455],[-269,-96]],[[66655,49974],[242,847],[684,130],[696,-235],[832,-8]],[[4226,30349],[-2134,-777],[-939,-161],[-749,192],[-297,376],[-107,818],[274,365],[937,204],[1128,-41],[451,326],[91,1322],[-493,581],[58,813],[496,513]],[[2942,34880],[820,-1103],[49,-1653],[542,-967],[-127,-808]],[[13140,34295],[-198,-556],[385,-397],[-310,-302]],[[13017,33040],[-624,-679],[187,-746]],[[12050,31164],[-1236,-299]],[[10970,32179],[168,57],[86,1371],[875,1317]],[[12099,34924],[1041,-629]],[[50513,34197],[-430,-447],[-985,-1413]],[[49098,32337],[-311,1010]],[[48714,33931],[796,681]],[[49510,34612],[803,554]],[[69352,32505],[-237,1632],[-372,578],[-488,353]],[[68255,35068],[464,156],[1170,-157],[538,229]],[[70427,35296],[1394,-833],[649,-929]],[[66432,57186],[-234,-867]],[[64909,57490],[-258,255]],[[64651,57745],[798,525]],[[65449,58270],[629,-933],[354,-151]],[[74588,55430],[1013,829],[-292,375],[-1006,180]],[[74303,56814],[169,432],[-221,671],[32,674]],[[74303,56814],[-656,141],[-1423,-12],[56,-398],[-528,-328],[-426,536],[-384,-237]],[[70942,56516],[-167,120]],[[70775,56636],[-143,533],[673,-192],[311,1127]],[[72110,58677],[1923,85]],[[50953,58918],[470,-385],[402,-758],[-1173,-1148],[-281,-885]],[[50371,55742],[-324,-130],[-1026,254]],[[50768,58918],[185,0]],[[57490,58594],[2020,-399],[1490,-2],[1082,127]],[[62082,58320],[290,-286],[-123,-589]],[[62249,57445],[-206,-115]],[[62043,57330],[-1859,-32],[-611,-451],[-359,-614]],[[59214,56233],[-1907,111],[-482,-392]],[[56825,55952],[-306,401],[-1289,132],[-348,-417],[-764,-1631],[-397,-1167],[-379,-463]],[[53342,52807],[-25,0]],[[53317,52807],[-1334,289]],[[51983,53096],[-414,616],[102,468]],[[51671,54180],[765,-44],[428,950],[134,670],[-89,779],[637,742],[-146,1089],[566,175],[-134,482]],[[53832,59023],[1430,-537],[660,213],[-78,-335],[649,-241],[997,471]],[[61091,69844],[-305,591]],[[60786,70435],[609,652],[593,367]],[[61988,71454],[1304,-744],[-575,-1146],[129,-329]],[[57391,69772],[-156,164]],[[57235,69936],[132,564]],[[57367,70500],[602,678],[732,332]],[[58701,71510],[978,-358],[1107,-717]],[[23143,46745],[410,-496]],[[21216,46076],[475,580]],[[21691,46656],[1452,89]],[[74060,46429],[845,-578],[141,-379]],[[74278,44109],[-928,442],[-436,496],[13,485],[-741,698],[-539,722]],[[71836,47091],[1807,-456],[417,-206]],[[20667,45207],[-134,102]],[[20533,45309],[-889,393]],[[19644,45702],[-886,431],[285,185],[1192,194],[1027,481]],[[21262,46993],[429,-337]],[[83596,47251],[-401,-1669],[744,-629]],[[83939,44953],[-106,-355],[-616,-427]],[[80918,46518],[716,275],[1030,912]],[[28792,46861],[-128,-432],[406,-103]],[[25574,45709],[95,454],[560,314],[1059,1060],[406,31]],[[45436,47741],[514,-1765]],[[45950,45976],[-931,-495]],[[44129,44939],[-1214,991]],[[42915,45930],[-102,307],[1978,1207]],[[56566,45682],[-918,-997]],[[55648,44685],[-668,-507]],[[54980,44178],[-519,358],[47,295],[-968,787],[-192,1087],[114,287],[1122,933]],[[54878,64080],[669,-696]],[[55547,63384],[-250,-648]],[[55297,62736],[-2292,517],[-1124,-150]],[[51881,63103],[-63,725]],[[51818,63828],[237,290]],[[52055,64118],[555,264],[598,566]],[[53208,64948],[314,-364],[673,-132],[170,-399],[513,27]],[[50299,64766],[538,-357],[1218,-291]],[[51818,63828],[-702,-10],[-444,-722],[-774,-290],[-1478,528],[-106,194]],[[48314,63528],[275,75],[-310,976],[-417,60]],[[47862,64639],[203,484]],[[48065,65123],[595,219]],[[48660,65342],[1639,-576]],[[58904,64493],[-302,-224],[-359,-1024]],[[58243,63245],[-298,-77],[102,-518],[415,-141],[181,-576],[-480,-521],[100,-223]],[[58263,61189],[-350,-86],[-339,695],[-495,245],[-707,-141],[-702,405],[-123,1077]],[[54878,64080],[834,472],[926,958]],[[37262,77471],[142,-1030],[601,-403],[-23,-239]],[[36668,77377],[197,350]],[[85501,76578],[-435,-1019]],[[84178,78023],[1300,-495],[23,-950]],[[41580,78138],[1284,-159],[421,-312],[853,19]],[[44138,77686],[626,-755],[-337,-487]],[[39913,75206],[433,1109],[-223,-30],[-326,739],[143,1438]],[[31196,46331],[789,-12],[1650,-243]],[[34195,45035],[128,-924]],[[34323,44111],[-1214,218],[-600,-143],[-354,-792]],[[32155,43394],[-435,600],[-643,506],[-528,871]],[[30549,45371],[647,960]],[[36954,46259],[-245,-8],[-410,-1350],[454,-113]],[[36753,44788],[360,-842],[791,-1101]],[[37904,42845],[431,-132],[-38,-663]],[[38297,42050],[-781,315],[-477,-334],[114,-1684]],[[37153,40347],[-350,-475],[104,-441],[-343,-355],[-486,235]],[[36078,39311],[86,739],[516,343],[-587,475]],[[36093,40868],[-435,732],[-55,503],[-718,849]],[[34885,42952],[-589,581]],[[34296,43533],[27,578]],[[73888,43236],[-1071,-147],[-836,-360],[-323,-705],[20,-1339]],[[71678,40685],[-537,-136],[-531,424]],[[69086,41796],[1125,698],[586,674],[18,651],[252,679],[-56,858],[-221,459]],[[38796,46309],[-464,-420],[816,-1365]],[[38857,44378],[-737,498],[-794,186],[-573,-274]],[[37717,46642],[488,216],[591,-549]],[[47527,47633],[647,-57],[43,-656],[1032,-937]],[[49249,45983],[67,-181]],[[49316,45802],[-335,-126]],[[46947,44977],[-997,999]],[[23143,46745],[807,828],[-274,214],[604,479]],[[46488,35866],[-718,-986]],[[78897,71205],[-763,413],[-791,203],[-1196,-446]],[[76147,71375],[-185,442],[179,923],[374,638]],[[21862,68741],[30,2109],[-277,197],[417,1326],[419,842],[1111,-55]],[[46676,73301],[-18,-805],[611,-379],[332,-636]],[[46330,69657],[-76,-180]],[[56216,72937],[156,-1317],[290,-132],[584,396],[-604,-809],[725,-575]],[[57235,69936],[-713,-24],[-143,659],[-758,526],[-382,-324]],[[55239,70773],[-511,-75],[-271,502]],[[54457,71200],[613,773],[-598,553]],[[75587,74006],[-231,-510],[-429,-262],[-189,-624]],[[72978,73316],[-9,4]],[[76147,71375],[-517,-2730]],[[74921,68034],[-752,-180],[-1285,9]],[[72884,67863],[-269,72]],[[74187,70562],[147,281],[-558,715]],[[46377,22293],[-950,-835],[312,-323]],[[43431,20840],[842,1175]],[[44273,22015],[596,607]],[[48346,21413],[337,871],[977,511]],[[57142,21931],[470,-363]],[[47032,22993],[1365,-121],[736,254]],[[24512,20386],[-460,616],[-102,718],[-683,1051]],[[64680,22903],[646,-614],[1169,-101],[218,-703]],[[66713,21485],[-640,-77],[-586,-377]],[[62630,22188],[333,436],[891,643]],[[63854,23267],[826,-364]],[[43593,37754],[458,-242]],[[39742,35106],[-194,127]],[[39429,35799],[1031,643],[-683,820]],[[39777,37262],[1923,778],[638,-233],[426,396]],[[42764,38203],[829,-449]],[[15968,36766],[-488,-729],[-1234,249]],[[14246,36286],[-414,525],[1652,1653],[196,19]],[[15680,38483],[495,-455],[9,-900],[-216,-362]],[[11954,37471],[-80,-249]],[[11874,37222],[-658,-1145]],[[11216,36077],[-815,629]],[[10401,36706],[-512,605]],[[9889,37311],[1043,1191]],[[10932,38502],[832,-1009],[190,-22]],[[48009,37641],[-152,-743]],[[47857,36898],[-490,-586],[455,-1401],[-526,-432]],[[46575,36607],[602,368],[274,880],[-229,293]],[[47222,38148],[607,494]],[[47829,38642],[292,-461],[-112,-540]],[[46009,38824],[-27,-499]],[[45982,38325],[-105,-689],[-272,-165]],[[43593,37754],[1742,749],[600,446]],[[50088,39085],[749,-527]],[[52235,37315],[-230,-521],[-588,-652]],[[50891,36317],[-543,274],[112,492],[-959,170]],[[49501,37253],[-63,434],[-1429,-46]],[[47829,38642],[392,326],[247,-348],[301,346],[498,5]],[[49267,38971],[821,114]],[[58263,61189],[-397,-525]],[[57866,60664],[-818,-118],[36,-669],[466,-285],[-246,-367],[186,-631]],[[53832,59023],[353,1094],[709,1202]],[[54894,61319],[403,1417]],[[45319,61631],[-800,-931],[-640,-960]],[[40928,59793],[-812,87],[-53,-272],[-1158,-88],[-610,405],[-1234,-74],[1557,1288]],[[38618,61139],[588,322],[217,451],[656,395]],[[40079,62307],[546,-648],[461,-210],[728,9],[149,514],[-185,496]],[[43769,63512],[1303,-1255],[247,-626]],[[65121,63368],[379,-540],[-102,-348],[-565,-403],[67,-725],[397,-384],[-44,-518],[869,73],[562,385],[1018,-198],[633,-754],[888,137],[207,302]],[[69430,60395],[606,-189]],[[68953,58510],[-167,-55]],[[68786,58455],[-244,115],[-820,1137],[-1026,367],[-674,-170],[-691,300]],[[65331,60204],[-950,251],[236,-1339],[-1233,420],[-1026,-223],[-315,271],[342,672],[80,806],[-749,-129],[-36,295]],[[61680,61228],[-4,170]],[[61676,61398],[557,1725],[-200,549]],[[62033,63672],[945,-424],[477,-58],[1122,446]],[[37967,61671],[-507,-513],[-1880,-151],[-831,38]],[[34749,61045],[-250,552],[-547,62]],[[33952,61659],[756,969]],[[35772,64171],[995,-671],[62,-361],[536,-788],[102,-531],[500,-149]],[[54713,48225],[-810,612],[-261,-215],[-153,841]],[[53489,49463],[-217,488]],[[53272,49951],[0,7]],[[53272,49958],[72,880],[-402,966],[375,1003]],[[53342,52807],[189,-81],[3009,76]],[[26098,52383],[-154,-219],[-716,-72],[-341,-347],[-9,-1593]],[[23132,49187],[-143,334]],[[24536,52937],[884,-206]],[[38627,52335],[80,724]],[[38707,53059],[1287,-492],[439,156],[993,-191]],[[40572,62576],[-493,-269]],[[38618,61139],[-651,532]],[[71127,66133],[685,73],[-138,1060],[1101,232],[109,365]],[[88302,65095],[-3064,-17]],[[64535,68393],[-676,-98]],[[65045,72568],[379,-306],[299,-671],[-308,-936],[922,-1268],[-417,-176]],[[66999,72466],[-132,-450],[834,-787],[792,-981]],[[68163,68547],[-743,-507]],[[36539,72080],[855,-95],[82,-1366]],[[30515,92344],[-1050,-734]],[[29508,93243],[619,123]],[[30127,93366],[493,-919],[-105,-103]],[[34786,92298],[926,-419],[-123,-862],[-481,-479],[225,-272]],[[35333,90266],[-718,-244],[-384,-1166]],[[34231,88856],[-754,142],[-896,-212]],[[32581,88786],[-772,-299],[-1461,-320]],[[30348,88167],[-807,516]],[[30515,92344],[737,27],[1304,1098],[1091,465]],[[33647,93934],[885,-714],[254,-922]],[[40125,94225],[-173,-1674]],[[39952,92551],[-494,-375],[-378,10]],[[39080,92186],[140,376],[-734,519]],[[38486,93081],[239,114],[-69,747],[1030,420],[439,-137]],[[27581,94951],[180,-446],[638,231],[-451,-497],[-167,-741],[-356,-62],[-39,-524]],[[25246,92804],[-437,828],[24,790],[772,287],[316,482]],[[25921,95191],[975,10],[486,-420],[199,170]],[[31426,95811],[606,-144],[294,-492],[234,223],[485,-293],[1144,-319],[-542,-852]],[[30127,93366],[843,434],[-359,442],[-756,432],[34,517]],[[29889,95191],[618,-90],[98,393],[821,317]],[[26934,96343],[796,-250]],[[27730,96093],[189,-499],[-338,-643]],[[25921,95191],[190,478]],[[26111,95669],[823,674]],[[28923,63233],[333,-319],[1382,-2082],[283,-543]],[[28071,57670],[-3757,1669],[-335,-251]],[[23979,59088],[-469,321],[-122,398],[-596,660]],[[22792,60467],[-66,622],[898,252],[678,544],[674,1206],[-332,636]],[[24644,63727],[1289,-743],[1766,1262]],[[27699,64246],[519,-996],[705,-17]],[[65462,55429],[-704,235],[-1265,-143],[-647,100]],[[62846,55621],[-365,392]],[[62481,56013],[-161,892],[-277,425]],[[62249,57445],[2042,170],[360,130]],[[42081,53633],[-526,372],[-1898,-20]],[[39657,53985],[544,1281],[-1122,1274]],[[39079,56540],[25,27]],[[39104,56567],[1126,854],[129,270]],[[26677,57011],[-999,-332]],[[25678,56679],[-959,158]],[[25141,57747],[412,367]],[[25553,58114],[759,-355],[365,-748]],[[88598,54537],[208,1266],[-123,253]],[[88683,56056],[428,268],[110,621],[289,195],[174,1058],[1060,1175]],[[90744,59373],[1014,-950],[756,-1425],[105,-540]],[[33952,61659],[-383,-299],[-1229,827]],[[32340,62187],[613,605],[759,1081]],[[3223,10937],[-991,647],[-910,924],[1051,1216],[834,586],[714,234]],[[49501,37253],[-908,-423],[118,-367]],[[48711,36463],[-854,435]],[[28312,37502],[-787,-1000]],[[25486,36029],[-218,384]],[[66432,37409],[1136,-770],[133,-753]],[[67701,35886],[-796,-531],[-1998,-1911],[-116,-238]],[[64791,33206],[-595,895],[-165,607],[-564,273],[-734,646]],[[63417,37737],[-2,10]],[[63415,37747],[413,-39],[976,452]],[[69974,30368],[-878,-286],[-763,197],[-1082,641]],[[67251,30920],[1173,542],[199,1175],[729,-132]],[[49098,32337],[-12,-246]],[[49186,28869],[-378,103],[-406,-348],[-582,-17]],[[47820,28607],[-74,845],[-314,328]],[[47432,29780],[-426,1008],[127,492],[522,539],[285,590]],[[31963,32872],[-248,-306]],[[30049,32870],[43,737]],[[30092,33607],[-2,48]],[[30090,33655],[1572,-283],[301,-500]],[[80327,46525],[-70,1015]],[[80257,47540],[226,120],[-172,784]],[[80311,48444],[624,312],[293,-440],[820,589],[297,-96]],[[78417,46548],[-4,766],[339,609],[-212,466],[216,640]],[[78756,49029],[768,-415],[314,-674],[419,-400]],[[74060,46429],[878,1118],[636,155],[654,432],[542,101],[677,520],[201,555]],[[77648,49310],[798,-56],[310,-225]],[[40806,48458],[165,-1053],[542,-869]],[[39849,45534],[-1053,775]],[[54980,44178],[-229,-196]],[[51080,43392],[-569,390]],[[50511,43782],[379,380],[139,573],[-964,233],[-749,834]],[[49249,45983],[611,-267],[1958,2111]],[[51818,47827],[123,-173],[1224,-103],[138,598],[-51,1249],[237,65]],[[40291,87292],[117,-597],[-307,-607]],[[40101,86088],[-642,-917]],[[39459,85171],[-1267,-885]],[[38192,84286],[-801,1010],[419,597]],[[74677,81952],[-334,-1833]],[[71473,82233],[1820,-821],[635,458],[749,82]],[[29599,22566],[970,-596],[-165,-377],[355,-406]],[[39657,22507],[158,-614],[-370,-403]],[[37304,22245],[223,264]],[[38489,23233],[1168,-726]],[[57557,32013],[1104,-695],[301,-528],[-317,-273]],[[62757,31989],[-274,-678]],[[62483,31311],[-625,384],[-1061,343],[-1169,678]],[[59628,32716],[738,175]],[[60366,32891],[469,-189],[386,211]],[[61221,32913],[865,-328],[44,-494],[627,-102]],[[8825,31138],[-1427,-825],[-302,-677],[-622,-436]],[[6474,29200],[-515,978]],[[5959,30178],[702,168],[-33,254],[955,452],[-60,695]],[[7523,31747],[78,468]],[[7601,32215],[900,-67],[212,256],[582,-19],[493,468]],[[9788,32853],[350,-449]],[[48895,81695],[501,482],[658,1099]],[[50054,83276],[428,-358],[788,-258],[963,-679]],[[40549,94450],[-424,-225]],[[38486,93081],[-557,237]],[[37929,93318],[-346,576],[-722,643],[553,323],[-705,574],[-263,-12],[216,772],[408,765],[489,61],[276,355]],[[37835,97375],[1189,-211],[1367,-373],[343,-199]],[[26934,96343],[74,585],[559,600]],[[27567,97528],[707,-832],[-544,-603]],[[29644,97209],[865,-931],[718,-221]],[[31227,96057],[199,-246]],[[29889,95191],[-725,-95],[16,-464],[-478,-765],[107,-223],[776,-9],[-77,-392]],[[27567,97528],[368,314]],[[27935,97842],[600,-722],[614,-377],[495,466]],[[38109,97730],[-274,-355]],[[37929,93318],[-518,-74],[-397,-339],[301,-403],[-334,-309],[38,-458]],[[37019,91735],[-1040,515],[-1193,48]],[[31227,96057],[16,802],[767,1192]],[[32010,98051],[1296,-621],[695,-979],[658,533],[609,134],[53,996],[746,-235],[1224,-164],[818,15]],[[60306,24073],[-680,-837],[11,-581],[1207,-314],[682,31]],[[57896,23445],[684,295],[567,-26],[461,395]],[[59608,24109],[698,-36]],[[64329,53289],[-845,-1144],[-1295,-2206]],[[62305,54000],[1065,-152],[482,87]],[[82447,52851],[505,-375]],[[82952,52476],[-500,-396],[-609,-854],[-914,-407],[-350,-929],[-681,-335],[-87,-596],[500,-515]],[[77648,49310],[-528,-199],[-525,249]],[[38707,53059],[-58,293],[1008,633]],[[26833,53541],[119,-285]],[[23742,53484],[527,842],[549,338]],[[69414,51822],[-91,180],[-1142,594],[-761,67]],[[67378,54558],[1321,-90],[958,561]],[[69657,55029],[230,-278],[930,-113]],[[84867,55079],[-167,-1792],[265,-719],[-194,-1222]],[[84771,51346],[-1819,1130]],[[83846,54492],[243,450],[778,137]],[[26262,54734],[1011,201]],[[27273,54935],[760,-522],[466,-610]],[[20828,38548],[957,1361]],[[21785,39909],[727,-283],[678,-663]],[[14300,39813],[1316,-1152]],[[15616,38661],[64,-178]],[[14246,36286],[-477,-268],[-604,182]],[[13165,36200],[4,527],[-430,291],[-478,-106],[-387,310]],[[11954,37471],[666,1406]],[[12620,38877],[1307,1000],[373,-64]],[[63632,39434],[-181,-413],[207,-339],[-243,-935]],[[62157,37882],[-524,865],[139,763]],[[61772,39510],[1090,641]],[[77528,39153],[40,-826],[281,-637],[-121,-672]],[[77728,37018],[-600,220],[-867,-206],[-881,-539],[-143,-284]],[[70427,35296],[290,769],[-69,679],[301,381]],[[70949,37125],[1295,708],[409,1097],[-25,1600]],[[59923,39971],[-632,-1149],[-760,-12]],[[58531,38810],[-577,271]],[[57954,39081],[234,1020],[698,196],[261,463]],[[59147,40760],[776,-789]],[[53801,40276],[896,172],[-11,242]],[[54686,40690],[1709,-35],[898,139]],[[57293,40794],[-1206,-1164]],[[38002,81736],[-1019,684]],[[36983,82420],[82,542]],[[37065,82962],[920,341]],[[37985,83303],[1197,-593],[-495,-502],[-207,137],[-478,-609]],[[45774,83519],[172,-567],[-700,-606]],[[44222,81597],[-691,376],[-408,764]],[[43852,84169],[1922,-650]],[[75398,83317],[-721,-1365]],[[68786,58455],[-177,-250],[-1690,-1000],[-487,-19]],[[65449,58270],[-230,1329],[112,605]],[[86778,54609],[-426,27],[-1264,506]],[[85088,55142],[167,297],[92,1379],[-672,322],[-602,46]],[[82022,60501],[-79,276]],[[83023,61180],[1162,-379],[966,-636],[1764,-588],[767,-719],[763,-1095],[-362,-866],[600,-841]],[[50625,61259],[-198,-285],[-1359,148],[-671,405],[332,646],[1160,629],[520,-550],[216,-993]],[[72236,63022],[-166,-931],[56,-777],[439,-254],[520,199],[959,-969]],[[74044,60290],[-635,-398],[-1434,-552]],[[69430,60395],[-295,1187],[462,246],[-174,1287]],[[37540,33096],[866,-432],[343,-490]],[[37072,29113],[-1072,62]],[[35132,31833],[653,463]],[[58573,33424],[1055,-708]],[[62483,31311],[538,-374]],[[60915,28945],[-258,29]],[[56626,32369],[-345,321]],[[56281,32690],[1266,959]],[[28160,32314],[-827,316],[-620,921]],[[26713,33551],[1911,-101],[1468,157]],[[32627,31140],[-653,231]],[[31963,32872],[535,742],[464,53]],[[99299,70921],[-185,-379],[-774,-642],[-52,-816],[-544,-446],[-1057,338],[-437,-161],[-1037,17],[-127,-245]],[[95385,72354],[825,-338]],[[41613,40312],[219,-457]],[[41832,39855],[-87,-582],[-507,-670],[-370,99],[-798,-574],[-964,-191]],[[38477,38546],[-430,-559],[-774,715]],[[37273,38702],[183,345],[778,86],[-91,265]],[[38143,39398],[510,103],[997,889],[-17,437]],[[39633,40827],[829,-554],[1151,39]],[[70949,37125],[-1637,751],[-611,415]],[[22019,40650],[-234,-741]],[[19983,40669],[272,370]],[[20255,41039],[1007,-8],[757,-381]],[[50632,39614],[160,866]],[[50792,40480],[1461,450],[538,538]],[[52915,41478],[156,-1349]],[[42445,41185],[-832,-873]],[[39633,40827],[-163,567]],[[39470,41394],[950,155],[2025,-364]],[[43848,39745],[-1711,-1249],[627,-293]],[[39777,37262],[-66,46]],[[41832,39855],[1489,346],[527,-456]],[[8606,38078],[27,-317],[1256,-450]],[[10401,36706],[-249,-207],[-979,-191]],[[9173,36308],[-573,28],[-752,-767],[-1858,74],[-272,-137]],[[5718,35506],[-169,169],[-1426,-447],[-775,302]],[[3348,35530],[568,1027],[915,1037],[1025,1000],[-53,384],[1139,1221]],[[6942,40199],[919,-1025],[745,-1096]],[[86682,51179],[-1177,162]],[[85505,51341],[776,766],[460,235]],[[36078,52369],[814,-85]],[[89067,78423],[-852,-595],[-788,-1225],[-1926,-25]],[[86517,82057],[462,-213],[47,-1921],[475,-785],[634,-22],[932,-693]],[[34539,22063],[-638,357]],[[33901,22420],[631,519],[381,23],[-37,547],[738,857],[550,-192]],[[31597,24385],[738,-731],[1566,-1234]],[[36635,21185],[-820,-552]],[[39657,22507],[1775,1670]],[[42764,24841],[1119,-830],[-321,-682],[183,-1031],[528,-283]],[[10245,24021],[1512,685],[549,25]],[[56825,55952],[-40,-544],[-446,-1056],[-2,-1065]],[[36909,56408],[649,65],[253,-228],[1268,295]],[[70942,56516],[-1213,-895],[-72,-592]],[[66381,56118],[638,31],[1664,480],[660,-302],[577,-29],[855,338]],[[54894,61319],[-587,199],[-259,357],[-809,399],[-941,19],[-417,810]],[[53832,59023],[-1155,-192],[-270,261],[-1454,-174]],[[48136,60031],[-667,887],[132,722]],[[47601,61640],[257,75],[-41,763],[-903,709],[-151,490]],[[46950,63703],[1364,-175]],[[85025,64373],[810,-789],[1019,-92],[409,-412],[707,-63],[142,-618],[417,-3],[515,-1823],[957,-336],[290,-617],[453,-247]],[[62033,63672],[-83,859],[424,926]],[[46031,66270],[15,-245]],[[46046,66025],[0,-631]],[[45612,66289],[419,-19]],[[52688,66189],[5,-5]],[[52693,66184],[-197,-290],[988,-764],[-276,-182]],[[50299,64766],[121,610],[-290,270]],[[50130,65646],[555,415],[-93,1066]],[[23294,25632],[18,-604],[1487,-89]],[[24799,24939],[271,-290]],[[20420,24908],[615,574],[-7,247]],[[21028,25729],[651,232]],[[21679,25961],[112,-491],[471,-216],[1032,378]],[[32929,25625],[292,439]],[[33221,26064],[232,-143]],[[27589,6921],[-1828,-518]],[[62305,12616],[939,-70],[602,175]],[[18653,9356],[-705,2008]],[[57304,10843],[-2087,576],[-887,100]],[[56923,15648],[854,141]],[[61156,24356],[714,-134]],[[61870,24222],[1984,-955]],[[60306,24073],[850,283]],[[68143,21629],[-894,-399],[-536,255]],[[64680,22903],[401,86],[359,837],[439,142],[-8,402],[780,394]],[[66651,24764],[600,-96],[-388,-491],[1554,-564]],[[78464,28255],[-270,-679],[161,-783],[-696,-415],[-7,-364],[560,-1013],[-950,-328],[-1757,1122],[-455,-391]],[[74105,26837],[909,492],[3,314],[767,470]],[[61856,25889],[-464,422],[224,185],[-1285,950]],[[50014,27206],[154,-1125],[548,-26],[-680,-272],[-359,-465]],[[47436,24311],[-188,117]],[[46321,25390],[33,56]],[[47258,27868],[562,739]],[[67407,29221],[874,-741]],[[66651,24764],[-201,321]],[[57111,24445],[-291,-645]],[[56820,23800],[-396,-63],[-685,338],[-431,-256]],[[37333,27971],[-290,-36],[-1938,612]],[[24333,28712],[12,-49]],[[24345,28663],[-1231,-332],[-650,194]],[[22464,28525],[106,236]],[[39316,90682],[-245,408],[178,364],[-169,732]],[[39952,92551],[341,98],[450,-312],[903,-1015]],[[49153,91183],[-267,-724],[-1096,-1186],[-626,284],[-444,-104]],[[45899,92455],[1477,611],[787,-1103],[990,-780]],[[37036,90223],[-171,156],[-1385,-403],[31,-410]],[[35511,89566],[-733,-696]],[[34778,88870],[-547,-14]],[[35333,90266],[564,27],[388,545],[499,-17],[295,467],[-60,447]],[[21262,46993],[-387,292]],[[48908,49790],[1623,-595],[1113,-768]],[[51644,48427],[174,-600]],[[48598,49778],[310,12]],[[30328,48295],[-854,386]],[[72655,48341],[1499,1358],[-3,222]],[[51644,48427],[781,592],[847,932]],[[78948,61257],[-299,-1219],[-613,-89]],[[78036,59949],[-595,472],[-87,444],[-448,197]],[[76906,61062],[-1018,396]],[[75888,61458],[-140,117]],[[75748,61575],[1594,-151],[826,43],[780,-210]],[[45319,61631],[1406,-159],[876,168]],[[39104,56567],[-1911,697],[-2734,1325],[-1617,705]],[[32842,59294],[1494,370],[-76,988],[489,393]],[[32842,59294],[-1067,-17]],[[30921,60289],[618,691],[801,1207]],[[75888,61458],[-1242,-1526]],[[74301,59874],[-257,416]],[[74368,63072],[1380,-1497]],[[62229,55165],[617,456]],[[24782,55484],[392,-547]],[[22235,53522],[45,476]],[[24530,55729],[252,-245]],[[48979,67827],[20,-473],[-327,-76],[539,-348]],[[49211,66930],[-29,-103]],[[49182,66827],[-680,173],[-239,-504]],[[48263,66496],[-660,134],[-791,-369],[-781,9]],[[23294,25632],[1457,665]],[[24751,26297],[680,-705],[-632,-653]],[[37494,79297],[-1249,1095]],[[36245,80392],[198,192]],[[36443,80584],[1727,18],[497,-154]],[[29704,52455],[-691,-180]],[[29012,53326],[839,-653]],[[85505,51341],[-323,-215]],[[84867,55079],[221,63]],[[93007,51443],[-401,-365],[176,-662],[-506,-399]],[[49619,52047],[952,-540],[1212,-441],[950,-466],[539,-642]],[[48908,49790],[-531,1780],[961,487]],[[49338,52057],[281,-10]],[[46976,51515],[618,-29],[846,877]],[[48440,52363],[898,-306]],[[17134,31330],[476,-122],[653,-490],[906,-101]],[[21657,28912],[-187,-401],[-564,-317],[-961,-268],[-877,-477],[-38,-221]],[[19030,27228],[-950,-72]],[[18080,27156],[-604,407],[-1359,319],[-1070,56]],[[13017,33040],[2208,-1000],[980,-808],[541,222],[388,-124]],[[55311,33544],[970,-854]],[[8593,30125],[-127,-606]],[[8466,29519],[-573,-538],[-1106,-666]],[[6787,28315],[-313,885]],[[12708,26992],[-3152,-1345]],[[58531,38810],[-5,-679],[-543,-235],[193,-1149]],[[57563,36334],[-1091,1248],[112,731]],[[56584,38313],[341,-165],[1029,933]],[[79756,83586],[-389,77],[-309,-306],[-1091,29],[-383,389],[-1187,655],[-439,87]],[[49579,85757],[-519,-413]],[[49060,85344],[-1379,-117]],[[47681,85227],[87,537],[-249,178]],[[47519,85942],[-152,328]],[[47367,86270],[557,221],[143,-367],[881,278],[741,-185],[-110,-460]],[[30147,86388],[447,-34],[633,-508],[83,-368],[1041,-113]],[[32351,85365],[194,-606],[535,-428],[576,-169]],[[33656,84162],[506,-186],[345,-721]],[[34507,83255],[-590,-277],[-342,-858]],[[33575,82120],[-655,-63],[-1407,-1187],[-1502,-434],[-849,-742]],[[25493,80330],[51,128],[-1175,1350],[-1032,731],[546,461],[-150,799],[830,734],[254,862]],[[27415,85541],[980,-70],[956,550],[-69,355]],[[29282,86376],[246,234]],[[29528,86610],[619,-222]],[[55491,84401],[3,-4]],[[55494,84397],[-567,43],[-676,-224],[-441,161],[-714,-177],[-143,424],[-789,519],[881,1033],[-986,29]],[[52059,86205],[549,638]],[[52608,86843],[593,-203],[490,331],[1689,-283]],[[13165,36200],[-125,-264],[415,-314],[178,-557]],[[13633,35065],[-493,-770]],[[12099,34924],[-792,350],[-270,499]],[[11037,35773],[179,304]],[[56346,36159],[-337,297],[-1310,531]],[[54699,36987],[418,561]],[[55117,37548],[832,653],[635,112]],[[30085,38272],[731,-396]],[[30816,37876],[-515,-529],[-1101,-1457]],[[29450,38339],[635,-67]],[[68255,35068],[-190,667],[-364,151]],[[33116,36452],[613,-488],[-163,-1022],[620,-457]],[[30090,33655],[-179,12],[-1334,890],[-9,429]],[[30816,37876],[630,-218],[522,770]],[[31968,38428],[262,-110]],[[68116,64560],[34,2]],[[46981,63857],[881,782]],[[89067,78423],[823,322]],[[89890,78745],[595,-140],[384,-354],[1800,-1203],[-558,-714]],[[47519,85942],[-823,-651]],[[46696,85291],[-857,94],[-622,791]],[[45217,86176],[1149,763],[820,-185],[181,-484]],[[35092,87945],[1111,-406]],[[35931,87246],[-324,-746],[-899,-1175],[-285,-163],[-667,293],[-332,-529],[620,-294],[-388,-470]],[[32351,85365],[1004,1531],[-23,633]],[[33332,87529],[487,538],[528,-329],[745,207]],[[45308,86882],[-140,88]],[[45168,86970],[647,897]],[[46705,88515],[-119,-925],[-1278,-708]],[[85628,44370],[-123,-388],[-627,-336]],[[83939,44953],[310,346]],[[17538,45128],[614,-791],[998,-437]],[[19150,43900],[-69,-748],[554,-554],[1206,-272]],[[21151,41832],[-896,-793]],[[19750,40683],[-13,459],[-1217,604],[-650,101],[-671,329],[-306,-89]],[[16893,42087],[-994,158]],[[15899,42245],[-67,199]],[[14264,44330],[939,1406],[323,-22]],[[20533,45309],[-1293,-1073],[-90,-336]],[[17911,46146],[628,-135],[232,-405],[709,-182],[164,278]],[[31173,47628],[234,-355],[-211,-942]],[[30549,45371],[-540,-238]],[[43138,88398],[620,-226]],[[43758,88172],[-397,-1583]],[[43361,86589],[-600,194]],[[52858,88393],[-478,-453],[-1130,-130],[-273,571],[509,581],[1570,-296],[-198,-273]],[[29313,87748],[-983,-413]],[[46696,85291],[423,-398]],[[47119,84893],[-1345,-1374]],[[43225,84734],[696,524],[446,657]],[[44367,85915],[353,124]],[[44720,86039],[307,85]],[[45027,86124],[190,52]],[[55494,84397],[1195,-310],[-281,-477],[-459,-20],[-371,-347],[23,-572],[-486,-373]],[[50054,83276],[564,991],[203,731]],[[50821,84998],[1238,1207]],[[38192,84286],[-1004,-406],[-517,-450],[38,-379]],[[36709,83051],[-121,-85],[-2081,289]],[[28330,87335],[402,-616],[550,-343]],[[43361,86589],[408,-99],[598,-575]],[[42016,84898],[-1659,885],[-256,305]],[[86721,48463],[-504,-965],[-812,-990]],[[28769,51085],[-292,216]],[[27159,55772],[114,-837]],[[24782,55484],[986,540]],[[25768,56024],[1391,-252]],[[25678,56679],[90,-655]],[[26102,29692],[-1637,434]],[[24690,33162],[1760,677],[263,-288]],[[59417,34197],[949,-1306]],[[17134,31330],[522,196],[748,1231],[729,770]],[[19133,33527],[689,646]],[[62090,35002],[-363,-638],[-4,-534],[-502,-917]],[[64791,33206],[1167,-561],[18,-396]],[[64782,31514],[-290,-54],[-1081,563],[-654,-34]],[[16410,35660],[483,-410],[687,-276],[554,-708],[999,-739]],[[13633,35065],[1117,36],[1183,256],[477,303]],[[67251,30920],[-653,-32]],[[5718,35506],[-840,-496],[176,-401],[-487,26],[-176,-798],[482,-614],[-375,-350],[469,-956],[1442,-268],[197,-254],[849,117],[68,235]],[[5959,30178],[-279,281],[-1454,-110]],[[2942,34880],[406,650]],[[9788,32853],[-468,468],[1717,2452]],[[17057,36547],[-647,-887]],[[15968,36766],[1089,-219]],[[48711,36463],[821,-220],[9,-305],[-475,-408],[444,-918]],[[77728,37018],[259,-687],[1885,-822],[-310,-1223],[-603,-1347],[-932,-1081]],[[24017,34146],[-923,116]],[[34488,37135],[617,-168],[243,221],[230,-410]],[[31481,26566],[319,384],[645,-238],[860,-15],[-84,-633]],[[22931,27995],[-458,7],[-9,523]],[[24345,28663],[263,-289]],[[22851,27379],[-922,-967],[-250,-451]],[[21028,25729],[-1532,1388],[-466,111]],[[9206,28555],[-125,582],[-615,382]],[[70043,30385],[270,-540]],[[29220,26400],[613,372],[277,434]],[[30110,27206],[1331,-681]],[[61856,25889],[-524,-773]],[[61332,25116],[-760,312],[-1639,924]],[[26865,26585],[-1020,-77],[-62,-163],[-1032,-48]],[[25705,27472],[575,-254],[703,22]],[[16722,46587],[932,177],[674,674],[698,-83],[492,962]],[[47427,74908],[763,-745],[898,-413]],[[49088,73750],[85,-439],[1374,-924],[-11,-770]],[[50536,71617],[-950,-1202]],[[44138,77686],[606,-31],[620,542],[-187,236],[1070,388],[520,530]],[[51671,54180],[-1300,1562]],[[43848,39745],[338,-357],[743,187]],[[10874,39491],[58,-989]],[[8606,38078],[348,561],[250,-60],[1021,1111],[649,-199]],[[59923,39971],[658,-60],[1191,-401]],[[16893,42087],[105,-821],[1033,-1360]],[[18116,39085],[-703,-527],[-252,765],[-698,168],[-847,-830]],[[14300,39813],[16,347],[-1606,1080]],[[12710,41240],[588,899]],[[13298,42139],[757,-204],[919,-837],[1034,158],[-223,152],[114,837]],[[38297,42050],[515,-515],[635,-118]],[[39447,41417],[23,-23]],[[38143,39398],[-225,182],[-141,894],[-624,-127]],[[31042,42492],[355,-626],[834,-48]],[[32231,41818],[247,-307]],[[32478,41511],[-185,-689],[-470,-710],[-52,-616]],[[31771,39496],[-568,172]],[[31203,39668],[-1145,668],[-521,719],[184,418]],[[30382,42468],[660,24]],[[43065,42591],[624,-1027],[538,-367],[647,35],[243,-343]],[[42445,41185],[821,139],[-1078,443],[-1570,397]],[[40618,42164],[103,376]],[[59147,40760],[-1073,787]],[[58074,41547],[787,568],[444,588]],[[58074,41547],[-595,-101],[-186,-652]],[[54686,40690],[-381,442]],[[54305,41132],[680,245],[-196,729],[1157,468],[217,606]],[[56163,43180],[910,262]],[[57073,43442],[742,-599],[319,-565],[-60,-731]],[[40618,42164],[-778,-195],[-393,-552]],[[37904,42845],[752,582],[1637,-486]],[[34885,42952],[-951,-1088],[58,-367]],[[33992,41497],[-1206,-286],[-308,300]],[[32231,41818],[702,329],[42,504],[1321,882]],[[29024,41785],[-444,-722],[-1543,-1104]],[[27037,39959],[-271,-87],[-26,1138],[-663,585],[-466,130]],[[43763,43245],[-119,-197],[1261,-1040]],[[42915,45930],[-357,156]],[[27427,65884],[-859,124],[-2413,-429]],[[24155,65579],[-357,773],[480,1005]],[[50592,67127],[-1144,62],[-237,-259]],[[47746,53345],[778,-422],[-84,-560]],[[19436,51706],[-1088,915],[435,391],[1126,633]],[[19909,53645],[834,21],[216,353],[749,86]],[[28703,53686],[869,655]],[[51983,53096],[-356,-346],[-919,-233],[-785,-492],[-304,22]],[[19909,53645],[203,640],[-721,525]],[[19391,54810],[844,533],[300,544]],[[27159,55772],[863,361]],[[59214,56233],[-72,-575]],[[26677,57011],[1314,-111]],[[53491,35338],[464,758]],[[53955,36096],[51,-4]],[[22382,41276],[-363,-626]],[[23665,41722],[-116,-1211],[200,-833],[-132,-412]],[[50088,39085],[687,188]],[[18303,36156],[-1246,391]],[[40480,14624],[-250,-213],[-816,-120],[-538,-979],[-751,-322],[490,-401]],[[58482,73040],[-1291,-715],[-975,612]],[[56965,74249],[1379,-206]],[[35982,11613],[270,-573],[-379,-190],[136,-535]],[[36009,10315],[-360,-84]],[[53837,18640],[-768,-512]],[[53051,19487],[741,-660]],[[37976,10601],[-1967,-286]],[[65752,13784],[-171,-141]],[[71557,20275],[-463,-321]],[[56820,23800],[659,-394]],[[57893,24598],[1715,-489]],[[61870,24222],[1083,1036]],[[61156,24356],[176,760]],[[19391,54810],[-649,487],[-680,79],[555,385],[-17,786],[234,276],[1153,166]],[[62481,56013],[-651,-557]],[[23979,59088],[609,-521],[731,-94],[234,-359]],[[21224,58457],[734,967],[254,-5],[580,1048]],[[78036,59949],[-412,-588]],[[75946,59527],[246,789],[714,746]],[[78948,61257],[888,-157]],[[62082,58320],[-511,640],[-105,653],[29,1277]],[[61495,60890],[185,338]],[[61676,61398],[-605,12],[3,540],[-1080,719],[210,524],[-750,160],[25,-398],[-694,-44],[-542,334]],[[27906,65118],[277,-465],[-484,-407]],[[24644,63727],[-634,564],[145,1288]],[[28923,63233],[310,662],[107,765]],[[55899,66596],[-336,898]],[[55279,69557],[350,851],[-390,365]],[[66999,72466],[491,-489],[1258,-357],[1777,-91],[2288,-910]],[[54457,71200],[-1354,652]],[[13298,42139],[-84,211]],[[13214,42350],[479,629]],[[51075,42722],[-791,-434]],[[50284,42288],[-596,585],[-28,310]],[[50088,43919],[423,-137]],[[94339,75412],[2547,1507],[278,-559],[462,-298]],[[34742,78852],[-148,1152],[-336,480],[-605,70],[578,1180]],[[34231,81734],[392,-216],[366,-964],[1256,-162]],[[33575,82120],[656,-386]],[[88121,82609],[1006,-750],[1601,-754],[-468,-1087],[-370,-1273]],[[68629,85687],[-49,-324]],[[64452,82268],[-183,236]],[[64238,85008],[1283,177],[622,-81],[38,247],[1106,389],[1113,77]],[[47681,85227],[-562,-334]],[[38919,81306],[-254,-160],[-690,348],[27,242]],[[37985,83303],[-50,213],[1314,418],[332,276],[-122,961]],[[50607,85104],[-1092,-17],[-455,257]],[[49579,85757],[886,414],[532,-620],[-390,-447]],[[52608,86843],[265,375],[-265,300],[1133,769],[851,271]],[[54592,88558],[641,-273],[444,-734]],[[30147,86388],[627,604]],[[32581,88786],[965,-678],[-214,-579]],[[34778,88870],[314,-925]],[[45168,86970],[-997,569],[-60,-340],[579,-355],[-220,-332],[250,-473]],[[43758,88172],[1024,1241],[486,-85]],[[31771,39496],[221,-379]],[[31992,39117],[-24,-689]],[[30085,38272],[732,1077],[386,319]],[[12620,38877],[-1382,818]],[[11238,39695],[158,168]],[[12103,40396],[600,469],[7,375]],[[56584,38313],[78,377],[-894,461]],[[11238,39695],[-364,-204]],[[6942,40199],[910,645],[127,377],[819,281]],[[50792,40480],[-236,571]],[[50556,41051],[-272,1237]],[[36093,40868],[-725,-182],[-1639,-104]],[[33729,40582],[263,915]],[[13214,42350],[-442,68],[-1906,878],[28,489]],[[10894,43785],[1479,374],[1059,-424],[373,88]],[[9177,42039],[-279,439],[482,544],[-316,216],[272,408],[782,617],[776,-478]],[[56163,43180],[-2166,-606]],[[55648,44685],[1425,-1243]],[[50130,65646],[-352,154]],[[49778,65800],[254,379],[-850,648]],[[54840,66844],[-341,-840],[-1806,180]],[[58701,71510],[-5,745]],[[53103,71852],[-979,312]],[[52124,72164],[279,1385],[227,230]],[[52124,72164],[-948,-744],[-640,197]],[[49088,73750],[725,-41],[380,394],[930,359],[-16,223],[1111,684],[71,216]],[[36709,83051],[356,-89]],[[36983,82420],[-856,-1180],[316,-656]],[[50607,85104],[214,-106]],[[71241,85961],[946,-500],[-605,-182],[346,-401]],[[35511,89566],[1126,-725],[-220,-55],[-444,-895],[428,-237]],[[25217,87812],[-364,600],[266,574],[557,585]],[[75864,89259],[419,63]],[[43868,92973],[-346,-387],[-905,334]],[[38109,97730],[1160,372],[547,-10],[795,575],[154,368],[1102,-20],[236,-246],[-274,-622],[826,-353],[-1109,-100],[-194,-444],[261,-377]],[[30511,98514],[-867,-1305]],[[27935,97842],[119,223]],[[28054,98065],[796,142],[573,460],[-544,672],[156,200]],[[29035,99539],[1476,-1025]],[[26111,95669],[65,1077],[-745,835],[1189,468],[648,1262],[598,688]],[[27866,99999],[-69,-568],[315,-149],[-694,-660],[636,-557]],[[27866,99999],[703,-130],[466,-330]],[[55117,37548],[-1198,410]],[[79858,90744],[391,240],[1106,-399]],[[45027,86124],[281,758]],[[49153,91183],[529,216],[-49,403],[640,33],[-196,-750],[1192,-581],[426,-852],[1200,-830],[574,173],[1123,-437]],[[48089,40276],[785,-317]],[[48874,39959],[-412,-468]],[[48462,39491],[-768,-175],[-820,621]],[[37273,38702],[-946,-1078],[-336,-803]],[[34989,38165],[1104,782],[-15,364]],[[49267,38971],[-25,244],[-780,276]],[[48874,39959],[513,141],[712,881],[457,70]],[[7578,33451],[495,156],[326,654],[1177,1720]],[[9576,35981],[857,1],[229,-387],[375,178]],[[9173,36308],[403,-327]],[[47222,38148],[-1240,177]],[[46484,29787],[948,-7]],[[54699,36987],[-468,-13],[-488,-659]],[[53743,36315],[-759,713]],[[49778,65800],[-1118,-458]],[[48065,65123],[-335,296],[61,595]],[[47791,66014],[624,179],[-152,303]],[[52124,72164],[566,-1036],[-47,-494],[284,-223],[1530,789]],[[41646,91322],[214,883],[504,743]],[[26566,28250],[-101,0]],[[17061,25330],[1242,766],[27,779],[-250,281]],[[53955,36096],[-212,219]],[[29528,86610],[399,608],[-134,208]],[[30511,98514],[1499,-463]],[[31992,39117],[533,199],[-83,247],[1287,1019]],[[28470,51272],[-75,-221],[-883,-556]],[[57866,60664],[607,-122],[328,256],[1367,77],[1129,-103],[198,118]],[[28560,27739],[24,-231],[-597,-530]],[[27037,39959],[508,-1012]],[[54305,41132],[-410,1137]],[[31042,42492],[303,640],[810,262]],[[30110,27206],[754,1175]],[[6851,26950],[-64,1365]],[[46046,66025],[1745,-11]]],"transform":{"scale":[5.5160551605516814e-06,5.831458314583148e-06],"translate":[79.20526,26.36424]},"objects":{"villages":{"type":"GeometryCollection","geometries":[{"arcs":[[0,1,2,3]],"type":"Polygon","properties":{"n":"Shauhri Garhiya","c":148513,"d":"Auraiya","s":"UTTAR PRADESH"}},{"arcs":[[4,5,6,7,8]],"type":"Polygon","properties":{"n":"Atasu (NP)","c":800989,"d":"Auraiya","s":"UTTAR PRADESH"}},{"arcs":[[9,10,11,12,13,14,15,16]],"type":"Polygon","properties":{"n":"Udaipur","c":148047,"d":"Auraiya","s":"UTTAR PRADESH"}},{"arcs":[[17,18,19,20,21]],"type":"Polygon","properties":{"n":"Payagpur","c":148752,"d":"Auraiya","s":"UTTAR PRADESH"}},{"arcs":[[22,23,24,25,26]],"type":"Polygon","properties":{"n":"Dwarikapur Auraiya","c":148791,"d":"Auraiya","s":"UTTAR PRADESH"}},{"arcs":[[-26,27,28,29]],"type":"Polygon","properties":{"n":"Gauhana","c":148787,"d":"Auraiya","s":"UTTAR PRADESH"}},{"arcs":[[30,31,32,33]],"type":"Polygon","properties":{"n":"Bhurepur Khurd","c":148713,"d":"Auraiya","s":"UTTAR PRADESH"}},{"arcs":[[34,35,36,37,38,39]],"type":"Polygon","properties":{"n":"Banthara","c":148155,"d":"Auraiya","s":"UTTAR PRADESH"}},{"arcs":[[40,41,42,43,44]],"type":"Polygon","properties":{"n":"Sariyapur","c":148770,"d":"Auraiya","s":"UTTAR PRADESH"}},{"arcs":[[45,46,47,48,49,50,51,52,53]],"type":"Polygon","properties":{"n":"Kaitholi","c":148699,"d":"Auraiya","s":"UTTAR PRADESH"}},{"arcs":[[54,55,56,57]],"type":"Polygon","properties":{"n":"Bakarpur","c":148737,"d":"Auraiya","s":"UTTAR PRADESH"}},{"arcs":[[58,59,60,61]],"type":"Polygon","properties":{"n":"Bijhalpur","c":148726,"d":"Auraiya","s":"UTTAR PRADESH"}},{"arcs":[[62,63,64,65,66]],"type":"Polygon","properties":{"n":"Purwa Rahat","c":148844,"d":"Auraiya","s":"UTTAR PRADESH"}},{"arcs":[[67,68,69,70]],"type":"Polygon","properties":{"n":"Umarpur","c":148368,"d":"Auraiya","s":"UTTAR PRADESH"}},{"arcs":[[71,72,73,74]],"type":"Polygon","properties":{"n":"Rooppur Phaphoond","c":148261,"d":"Auraiya","s":"UTTAR PRADESH"}},{"arcs":[[75,76,77,78,79,80,81,82,83,84,85,86,87]],"type":"Polygon","properties":{"n":"Sehud","c":148594,"d":"Auraiya","s":"UTTAR PRADESH"}},{"arcs":[[88,89,90,91]],"type":"Polygon","properties":{"n":"Nadoopur","c":148267,"d":"Auraiya","s":"UTTAR PRADESH"}},{"arcs":[[92,93,94,95,96,97]],"type":"Polygon","properties":{"n":"Purwa Dhane","c":148181,"d":"Auraiya","s":"UTTAR PRADESH"}},{"arcs":[[98,99,100,101,102]],"type":"Polygon","properties":{"n":"Bhadaura","c":148197,"d":"Auraiya","s":"UTTAR PRADESH"}},{"arcs":[[103,104,105,106,107,108,109,110,111]],"type":"Polygon","properties":{"n":"Baghaipur","c":148245,"d":"Auraiya","s":"UTTAR PRADESH"}},{"arcs":[[112,113,114,115,116,117]],"type":"Polygon","properties":{"n":"Pusauli","c":148179,"d":"Auraiya","s":"UTTAR PRADESH"}},{"arcs":[[118,119,120,121,122,123,124]],"type":"Polygon","properties":{"n":"Seehapur","c":148608,"d":"Auraiya","s":"UTTAR PRADESH"}},{"arcs":[[125,126,127,128,129]],"type":"Polygon","properties":{"n":"Iqbalpur","c":148688,"d":"Auraiya","s":"UTTAR PRADESH"}},{"arcs":[[130,131,132,133,-57]],"type":"Polygon","properties":{"n":"Fatehpur Karam","c":148748,"d":"Auraiya","s":"UTTAR PRADESH"}},{"arcs":[[134,135,136,137,138,139]],"type":"Polygon","properties":{"n":"Babina Sukhchehpur","c":148140,"d":"Auraiya","s":"UTTAR PRADESH"}},{"arcs":[[140,-71,141,142,143]],"type":"Polygon","properties":{"n":"Lakhi","c":148230,"d":"Auraiya","s":"UTTAR PRADESH"}},{"arcs":[[144,145,146,-3]],"type":"Polygon","properties":{"n":"Chandpur","c":148520,"d":"Auraiya","s":"UTTAR PRADESH"}},{"arcs":[[147,148,149,150,151,152,153,154,155]],"type":"Polygon","properties":{"n":"Bahadurpur Uncha","c":148535,"d":"Auraiya","s":"UTTAR PRADESH"}},{"arcs":[[156,157,158,159,160,161,162,163]],"type":"Polygon","properties":{"n":"Babarpur Ajitmal (NP)","c":800988,"d":"Auraiya","s":"UTTAR PRADESH"}},{"arcs":[[-7,164,165,166,167,168,169]],"type":"Polygon","properties":{"n":"Atsu","c":148499,"d":"Auraiya","s":"UTTAR PRADESH"}},{"arcs":[[170,171,172,173,174,175]],"type":"Polygon","properties":{"n":"Nanakpur","c":148273,"d":"Auraiya","s":"UTTAR PRADESH"}},{"arcs":[[176,177,-91,178,179,180]],"type":"Polygon","properties":{"n":"Shekhupur Adhar Singh","c":148443,"d":"Auraiya","s":"UTTAR PRADESH"}},{"arcs":[[181,182,183,184,185]],"type":"Polygon","properties":{"n":"Inguthiya","c":148756,"d":"Auraiya","s":"UTTAR PRADESH"}},{"arcs":[[186,187,188,189,190]],"type":"Polygon","properties":{"n":"Shahpur","c":148494,"d":"Auraiya","s":"UTTAR PRADESH"}},{"arcs":[[-66,191,192,193,194,195]],"type":"Polygon","properties":{"n":"Bhagautipur Auraiya","c":148846,"d":"Auraiya","s":"UTTAR PRADESH"}},{"arcs":[[196,197,198,199,200]],"type":"Polygon","properties":{"n":"Marhapur","c":148801,"d":"Auraiya","s":"UTTAR PRADESH"}},{"arcs":[[201,202,203,-62,204,205,206]],"type":"Polygon","properties":{"n":"Sadarapur","c":148724,"d":"Auraiya","s":"UTTAR PRADESH"}},{"arcs":[[207,208,209,210,211]],"type":"Polygon","properties":{"n":"Bharonpur","c":148841,"d":"Auraiya","s":"UTTAR PRADESH"}},{"arcs":[[212,-206,213,214,215,216]],"type":"Polygon","properties":{"n":"Sikharna","c":148712,"d":"Auraiya","s":"UTTAR PRADESH"}},{"arcs":[[217,218,219,220]],"type":"Polygon","properties":{"n":"Juhikha","c":148706,"d":"Auraiya","s":"UTTAR PRADESH"}},{"arcs":[[221,222,223,224,225,226,227,228,229]],"type":"Polygon","properties":{"n":"Shahbajpur Bidhuna","c":148358,"d":"Auraiya","s":"UTTAR PRADESH"}},{"arcs":[[230,231,232,233,234]],"type":"Polygon","properties":{"n":"Tilakpur Sahar","c":148352,"d":"Auraiya","s":"UTTAR PRADESH"}},{"arcs":[[235,236,237,238,239,-69]],"type":"Polygon","properties":{"n":"Tidua","c":148364,"d":"Auraiya","s":"UTTAR PRADESH"}},{"arcs":[[240,241,242,243]],"type":"Polygon","properties":{"n":"Ailpi","c":148233,"d":"Auraiya","s":"UTTAR PRADESH"}},{"arcs":[[244,245,246,247,248]],"type":"Polygon","properties":{"n":"Purwa Pitaram","c":148130,"d":"Auraiya","s":"UTTAR PRADESH"}},{"arcs":[[249,250,251,252,253,254,255,256]],"type":"Polygon","properties":{"n":"Indapamau","c":148164,"d":"Auraiya","s":"UTTAR PRADESH"}},{"arcs":[[257,258,259,260]],"type":"Polygon","properties":{"n":"Ram Nagaria","c":148123,"d":"Auraiya","s":"UTTAR PRADESH"}},{"arcs":[[261,262,263,-261,264]],"type":"Polygon","properties":{"n":"Kunwarpur","c":148124,"d":"Auraiya","s":"UTTAR PRADESH"}},{"arcs":[[265,266,267,268,269]],"type":"Polygon","properties":{"n":"Chirauli Do Suls 2/3","c":148218,"d":"Auraiya","s":"UTTAR PRADESH"}},{"arcs":[[270,271,272]],"type":"Polygon","properties":{"n":"Bunchpur","c":148207,"d":"Auraiya","s":"UTTAR PRADESH"}},{"arcs":[[273,274,275,276,-266,277,278]],"type":"Polygon","properties":{"n":"Malhausi","c":148219,"d":"Auraiya","s":"UTTAR PRADESH"}},{"arcs":[[279,280,281]],"type":"Polygon","properties":{"n":"Marhadaspur","c":148370,"d":"Auraiya","s":"UTTAR PRADESH"}},{"arcs":[[-143,282,283,284,285]],"type":"Polygon","properties":{"n":"Bamnauhti","c":148229,"d":"Auraiya","s":"UTTAR PRADESH"}},{"arcs":[[286,287,288,289,290,291,-114]],"type":"Polygon","properties":{"n":"Dondapur","c":148199,"d":"Auraiya","s":"UTTAR PRADESH"}},{"arcs":[[292,293,294,295,296,297,298,299,300]],"type":"Polygon","properties":{"n":"Nurabad Khas","c":148113,"d":"Auraiya","s":"UTTAR PRADESH"}},{"arcs":[[301,302,303,-295,304]],"type":"Polygon","properties":{"n":"Dhan Wali","c":148126,"d":"Auraiya","s":"UTTAR PRADESH"}},{"arcs":[[305,306,307,-288,308,309]],"type":"Polygon","properties":{"n":"Alipur","c":148201,"d":"Auraiya","s":"UTTAR PRADESH"}},{"arcs":[[310,311,312,313,314,315,316]],"type":"Polygon","properties":{"n":"Baibaha","c":148106,"d":"Auraiya","s":"UTTAR PRADESH"}},{"arcs":[[317,318,319,320]],"type":"Polygon","properties":{"n":"Kiratpur","c":148157,"d":"Auraiya","s":"UTTAR PRADESH"}},{"arcs":[[321,322,323]],"type":"Polygon","properties":{"n":"Khan Jahanpur Chirkuan","c":148136,"d":"Auraiya","s":"UTTAR PRADESH"}},{"arcs":[[-319,324,325,-140,326,327,328,329]],"type":"Polygon","properties":{"n":"Bidhuna (NP)","c":800986,"d":"Auraiya","s":"UTTAR PRADESH"}},{"arcs":[[330,-316,331,332]],"type":"Polygon","properties":{"n":"Sarai Shishgaran","c":148102,"d":"Auraiya","s":"UTTAR PRADESH"}},{"arcs":[[333,334,335,-273,336,337,-306,338,339]],"type":"Polygon","properties":{"n":"Kursi","c":148206,"d":"Auraiya","s":"UTTAR PRADESH"}},{"arcs":[[340,341,-278,-270,342,343]],"type":"Polygon","properties":{"n":"Nimhar","c":148226,"d":"Auraiya","s":"UTTAR PRADESH"}},{"arcs":[[344,345,-35,346,347,348]],"type":"Polygon","properties":{"n":"Bashai","c":148152,"d":"Auraiya","s":"UTTAR PRADESH"}},{"arcs":[[-39,349,350,351]],"type":"Polygon","properties":{"n":"Sanwaliya","c":148154,"d":"Auraiya","s":"UTTAR PRADESH"}},{"arcs":[[352,353,354,355]],"type":"Polygon","properties":{"n":"Bhaisodi","c":148376,"d":"Auraiya","s":"UTTAR PRADESH"}},{"arcs":[[356,357,358,359,360]],"type":"Polygon","properties":{"n":"Nagaria","c":148283,"d":"Auraiya","s":"UTTAR PRADESH"}},{"arcs":[[361,362,363,364,365]],"type":"Polygon","properties":{"n":"Purwa Som Banshi","c":148211,"d":"Auraiya","s":"UTTAR PRADESH"}},{"arcs":[[-264,366,367,368,-258]],"type":"Polygon","properties":{"n":"Nandpur","c":148122,"d":"Auraiya","s":"UTTAR PRADESH"}},{"arcs":[[369,370,371,372,373,374]],"type":"Polygon","properties":{"n":"Jalalpur Bidhuna","c":148221,"d":"Auraiya","s":"UTTAR PRADESH"}},{"arcs":[[375,376,377,-368,378,379,380,381,382,383,384,-241,385,386]],"type":"Polygon","properties":{"n":"Etaili","c":148234,"d":"Auraiya","s":"UTTAR PRADESH"}},{"arcs":[[-362,387,388]],"type":"Polygon","properties":{"n":"Purwa Dalahar","c":148210,"d":"Auraiya","s":"UTTAR PRADESH"}},{"arcs":[[389,390,391,392,393,394]],"type":"Polygon","properties":{"n":"Kakhawatoo","c":148808,"d":"Auraiya","s":"UTTAR PRADESH"}},{"arcs":[[395,-29,396,397,398,399,400]],"type":"Polygon","properties":{"n":"Kulhupur","c":148785,"d":"Auraiya","s":"UTTAR PRADESH"}},{"arcs":[[401,402,403,404,405]],"type":"Polygon","properties":{"n":"Nagla Banaras","c":148709,"d":"Auraiya","s":"UTTAR PRADESH"}},{"arcs":[[406,407,408,409]],"type":"Polygon","properties":{"n":"Pilkhana","c":148094,"d":"Auraiya","s":"UTTAR PRADESH"}},{"arcs":[[410,411,412,413]],"type":"Polygon","properties":{"n":"Sujanpur Urf Kanarpur","c":148597,"d":"Auraiya","s":"UTTAR PRADESH"}},{"arcs":[[414,415,-158,416,-167]],"type":"Polygon","properties":{"n":"Chak Sakatapur","c":148489,"d":"Auraiya","s":"UTTAR PRADESH"}},{"arcs":[[417,418,419,420,421,422]],"type":"Polygon","properties":{"n":" ","c":0,"d":"Auraiya","s":"UTTAR PRADESH"}},{"arcs":[[423,424,425,-98,426,427,428]],"type":"Polygon","properties":{"n":" ","c":148182,"d":"Auraiya","s":"UTTAR PRADESH"}},{"arcs":[[429,430,431]],"type":"Polygon","properties":{"n":" ","c":148051,"d":"Auraiya","s":"UTTAR PRADESH"}},{"arcs":[[432,-298,433,434,435,436]],"type":"Polygon","properties":{"n":"Mani Kothi Khas","c":148115,"d":"Auraiya","s":"UTTAR PRADESH"}},{"arcs":[[437,438,439,440,441]],"type":"Polygon","properties":{"n":"Umar Sana","c":148668,"d":"Auraiya","s":"UTTAR PRADESH"}},{"arcs":[[442,443,444,445,446,447]],"type":"Polygon","properties":{"n":"Tatarpur Khurd","c":148544,"d":"Auraiya","s":"UTTAR PRADESH"}},{"arcs":[[448,449,450,451,452,453,454,455]],"type":"Polygon","properties":{"n":"Mirzapur Muwahiz","c":0,"d":"Auraiya","s":"UTTAR PRADESH"}},{"arcs":[[456,457,458,459]],"type":"Polygon","properties":{"n":"Ailchinagar","c":148516,"d":"Auraiya","s":"UTTAR PRADESH"}},{"arcs":[[460,461,462,463,464,465]],"type":"Polygon","properties":{"n":"Jalupur","c":148543,"d":"Auraiya","s":"UTTAR PRADESH"}},{"arcs":[[466,467,468,469,470,-461,471,-444]],"type":"Polygon","properties":{"n":"Seganputta","c":148550,"d":"Auraiya","s":"UTTAR PRADESH"}},{"arcs":[[472,473,474,475,476,477,478,479,480,481]],"type":"Polygon","properties":{"n":"Daulatpur","c":148662,"d":"Auraiya","s":"UTTAR PRADESH"}},{"arcs":[[482,-185,483,484,485,486,487]],"type":"Polygon","properties":{"n":"Uddyampur","c":148755,"d":"Auraiya","s":"UTTAR PRADESH"}},{"arcs":[[-440,488,489,490,491,492]],"type":"Polygon","properties":{"n":"Kakor Khurd","c":148667,"d":"Auraiya","s":"UTTAR PRADESH"}},{"arcs":[[493,494,495,496,497,498]],"type":"Polygon","properties":{"n":"Gauhani Kalan","c":148482,"d":"Auraiya","s":"UTTAR PRADESH"}},{"arcs":[[499,500,501,502,503,504,505]],"type":"Polygon","properties":{"n":"Suran","c":148812,"d":"Auraiya","s":"UTTAR PRADESH"}},{"arcs":[[506,507,508,509]],"type":"Polygon","properties":{"n":"Rahtauli","c":148722,"d":"Auraiya","s":"UTTAR PRADESH"}},{"arcs":[[510,511,512,513,514]],"type":"Polygon","properties":{"n":"Samrathpur","c":148793,"d":"Auraiya","s":"UTTAR PRADESH"}},{"arcs":[[515,516,517,-230,518,519]],"type":"Polygon","properties":{"n":"Ramnagar Malhausi","c":148357,"d":"Auraiya","s":"UTTAR PRADESH"}},{"arcs":[[-238,520,521,-370,522,523]],"type":"Polygon","properties":{"n":"Patti Gyani","c":148362,"d":"Auraiya","s":"UTTAR PRADESH"}},{"arcs":[[-373,524,525,526,-517,527,528]],"type":"Polygon","properties":{"n":"Anison","c":148222,"d":"Auraiya","s":"UTTAR PRADESH"}},{"arcs":[[529,-234,530,531,532,533,534]],"type":"Polygon","properties":{"n":"Harbanspur","c":148351,"d":"Auraiya","s":"UTTAR PRADESH"}},{"arcs":[[535,536,537,538,539,540,541]],"type":"Polygon","properties":{"n":"Sondhemau","c":148683,"d":"Auraiya","s":"UTTAR PRADESH"}},{"arcs":[[542,543,544,545,546,-485]],"type":"Polygon","properties":{"n":"Sainpur","c":148766,"d":"Auraiya","s":"UTTAR PRADESH"}},{"arcs":[[547,548,549,550,551,552,553,554,555,556,557]],"type":"Polygon","properties":{"n":"Sanpher","c":148504,"d":"Auraiya","s":"UTTAR PRADESH"}},{"arcs":[[558,559,560,561,-549,562,563]],"type":"Polygon","properties":{"n":"Ratanpur Garia","c":148506,"d":"Auraiya","s":"UTTAR PRADESH"}},{"arcs":[[564,565,566,567,568]],"type":"Polygon","properties":{"n":"Bhuniyapur","c":148442,"d":"Auraiya","s":"UTTAR PRADESH"}},{"arcs":[[569,-85,570,571,572]],"type":"Polygon","properties":{"n":"Jamuhan (CT)","c":148852,"d":"Auraiya","s":"UTTAR PRADESH"}},{"arcs":[[573,574,575,576,577,578]],"type":"Polygon","properties":{"n":"Gauri Ram Prasad","c":148388,"d":"Auraiya","s":"UTTAR PRADESH"}},{"arcs":[[579,580,581,582,583,-357]],"type":"Polygon","properties":{"n":"Rampur Baish","c":148287,"d":"Auraiya","s":"UTTAR PRADESH"}},{"arcs":[[584,585,586,587,588]],"type":"Polygon","properties":{"n":"Amala","c":148285,"d":"Auraiya","s":"UTTAR PRADESH"}},{"arcs":[[589,590,591]],"type":"Polygon","properties":{"n":"Khizarpur","c":148148,"d":"Auraiya","s":"UTTAR PRADESH"}},{"arcs":[[592,593,594]],"type":"Polygon","properties":{"n":"Gazipur Bhawani Prasad","c":148492,"d":"Auraiya","s":"UTTAR PRADESH"}},{"arcs":[[-304,595,-248,596,597,598,599,600,601,602,-262,603,-296]],"type":"Polygon","properties":{"n":"Ruru Khurd","c":148125,"d":"Auraiya","s":"UTTAR PRADESH"}},{"arcs":[[604,605,-307,-338]],"type":"Polygon","properties":{"n":"Chandau","c":148205,"d":"Auraiya","s":"UTTAR PRADESH"}},{"arcs":[[-436,606,-377,607,-387,608,-313,609,610]],"type":"Polygon","properties":{"n":"Rampur Khas","c":148119,"d":"Auraiya","s":"UTTAR PRADESH"}},{"arcs":[[611,612,613,-407,614]],"type":"Polygon","properties":{"n":"Chandauli","c":148096,"d":"Auraiya","s":"UTTAR PRADESH"}},{"arcs":[[615,616,-351,617,-592,618,619]],"type":"Polygon","properties":{"n":"Narayanpur Shar","c":148149,"d":"Auraiya","s":"UTTAR PRADESH"}},{"arcs":[[-347,-40,-352,-617,620,621]],"type":"Polygon","properties":{"n":"Marha Machhi Jhil","c":148153,"d":"Auraiya","s":"UTTAR PRADESH"}},{"arcs":[[622,623,624,625,626,627,628,629]],"type":"Polygon","properties":{"n":"Rampur Bihari","c":148616,"d":"Auraiya","s":"UTTAR PRADESH"}},{"arcs":[[630,631,-624,632,633]],"type":"Polygon","properties":{"n":"Raidpur","c":148620,"d":"Auraiya","s":"UTTAR PRADESH"}},{"arcs":[[634,635,636,637,638,639]],"type":"Polygon","properties":{"n":" ","c":148541,"d":"Auraiya","s":"UTTAR PRADESH"}},{"arcs":[[640,641]],"type":"Polygon","properties":{"n":" ","c":0,"d":"Auraiya","s":"UTTAR PRADESH"}},{"arcs":[[-329,642,643]],"type":"Polygon","properties":{"n":"Kurpura","c":939990,"d":"Auraiya","s":"UTTAR PRADESH"}},{"arcs":[[-606,644,-289,-308]],"type":"Polygon","properties":{"n":"Bhagwanta Pur","c":148202,"d":"Auraiya","s":"UTTAR PRADESH"}},{"arcs":[[645,646,647,-115,-292]],"type":"Polygon","properties":{"n":"Bamrauliya","c":148158,"d":"Auraiya","s":"UTTAR PRADESH"}},{"arcs":[[648,649,650,-275,651,-284]],"type":"Polygon","properties":{"n":"Piparauli Shiv","c":148366,"d":"Auraiya","s":"UTTAR PRADESH"}},{"arcs":[[652,653,654,655,656,-159,-416]],"type":"Polygon","properties":{"n":" ","c":148490,"d":"Auraiya","s":"UTTAR PRADESH"}},{"arcs":[[657,658,659,660]],"type":"Polygon","properties":{"n":" ","c":0,"d":"Auraiya","s":"UTTAR PRADESH"}},{"arcs":[[661,662,663,664,665,-447,666,667,668,-152]],"type":"Polygon","properties":{"n":" ","c":0,"d":"Auraiya","s":"UTTAR PRADESH"}},{"arcs":[[669,670,671,-488,672,673,674,675,676]],"type":"Polygon","properties":{"n":" ","c":148648,"d":"Auraiya","s":"UTTAR PRADESH"}},{"arcs":[[677,678,-340,679,680,681]],"type":"Polygon","properties":{"n":"Bahdhmau","c":148191,"d":"Auraiya","s":"UTTAR PRADESH"}},{"arcs":[[-629,682,683,684,685]],"type":"Polygon","properties":{"n":"Banarpur","c":148613,"d":"Auraiya","s":"UTTAR PRADESH"}},{"arcs":[[686,687,688,689,690,691,692]],"type":"Polygon","properties":{"n":"Dahgaon","c":148677,"d":"Auraiya","s":"UTTAR PRADESH"}},{"arcs":[[-673,-487,693,694,695,696]],"type":"Polygon","properties":{"n":"Rajohapur","c":148753,"d":"Auraiya","s":"UTTAR PRADESH"}},{"arcs":[[697,698,-190,699,-655,700]],"type":"Polygon","properties":{"n":"Sarai Amiliya","c":148493,"d":"Auraiya","s":"UTTAR PRADESH"}},{"arcs":[[701,702,703,704]],"type":"Polygon","properties":{"n":" ","c":0,"d":"Auraiya","s":"UTTAR PRADESH"}},{"arcs":[[-209,705,706,707,708]],"type":"Polygon","properties":{"n":" ","c":148816,"d":"Auraiya","s":"UTTAR PRADESH"}},{"arcs":[[709,710,711,712,713,-24]],"type":"Polygon","properties":{"n":" ","c":148790,"d":"Auraiya","s":"UTTAR PRADESH"}},{"arcs":[[714,715,716,-207,-213,717,-508]],"type":"Polygon","properties":{"n":" ","c":0,"d":"Auraiya","s":"UTTAR PRADESH"}},{"arcs":[[718,719,-192,-65]],"type":"Polygon","properties":{"n":" ","c":148845,"d":"Auraiya","s":"UTTAR PRADESH"}},{"arcs":[[720,-214,-205,-61]],"type":"Polygon","properties":{"n":" ","c":0,"d":"Auraiya","s":"UTTAR PRADESH"}},{"arcs":[[721,722,-425,723,724,725,726]],"type":"Polygon","properties":{"n":"Mahu","c":148186,"d":"Auraiya","s":"UTTAR PRADESH"}},{"arcs":[[727,728,729]],"type":"Polygon","properties":{"n":"Nagla Pahari","c":148034,"d":"Auraiya","s":"UTTAR PRADESH"}},{"arcs":[[-428,730,731,732,733]],"type":"Polygon","properties":{"n":"Dharmangadpur","c":148173,"d":"Auraiya","s":"UTTAR PRADESH"}},{"arcs":[[734,-725,735,736]],"type":"Polygon","properties":{"n":"Kakrahi","c":148184,"d":"Auraiya","s":"UTTAR PRADESH"}},{"arcs":[[737,738,739,740,741,742]],"type":"Polygon","properties":{"n":"Airwa Pachhela","c":148053,"d":"Auraiya","s":"UTTAR PRADESH"}},{"arcs":[[743]],"type":"Polygon","properties":{"n":"Dinpur Dharmjit","c":148033,"d":"Auraiya","s":"UTTAR PRADESH"}},{"arcs":[[-431,744,-422,745,746,747,748,-739,749,750]],"type":"Polygon","properties":{"n":"Airwa Tikur","c":148052,"d":"Auraiya","s":"UTTAR PRADESH"}},{"arcs":[[751,-745,-430,752,-10,753]],"type":"Polygon","properties":{"n":"Surendha","c":148060,"d":"Auraiya","s":"UTTAR PRADESH"}},{"arcs":[[754,755,-730,756,757,758,759,760,761],[-744]],"type":"Polygon","properties":{"n":"Pakhangoi","c":148032,"d":"Auraiya","s":"UTTAR PRADESH"}},{"arcs":[[-755,762,763,764]],"type":"Polygon","properties":{"n":"Nagla Silwat","c":148031,"d":"Auraiya","s":"UTTAR PRADESH"}},{"arcs":[[765,-401,766,767,768]],"type":"Polygon","properties":{"n":"Jalokhar","c":148782,"d":"Auraiya","s":"UTTAR PRADESH"}},{"arcs":[[769,770,771,-33,772,773,774,-48]],"type":"Polygon","properties":{"n":"Teurlalpur","c":148701,"d":"Auraiya","s":"UTTAR PRADESH"}},{"arcs":[[-769,775,776,777,778]],"type":"Polygon","properties":{"n":"Chirhuli","c":148773,"d":"Auraiya","s":"UTTAR PRADESH"}},{"arcs":[[779,780,781,782,783]],"type":"Polygon","properties":{"n":"Barmupur","c":0,"d":"Auraiya","s":"UTTAR PRADESH"}},{"arcs":[[784,-343,-269,785,786,-334,-679,787]],"type":"Polygon","properties":{"n":"Hardu","c":148195,"d":"Auraiya","s":"UTTAR PRADESH"}},{"arcs":[[788,789,-613,790]],"type":"Polygon","properties":{"n":"Sindhi Seora","c":148097,"d":"Auraiya","s":"UTTAR PRADESH"}},{"arcs":[[791,792,793,794,795,796]],"type":"Polygon","properties":{"n":"Bharsen","c":148834,"d":"Auraiya","s":"UTTAR PRADESH"}},{"arcs":[[797,-795,798,-506,799,-391]],"type":"Polygon","properties":{"n":"Rahatpur","c":148810,"d":"Auraiya","s":"UTTAR PRADESH"}},{"arcs":[[800,801,802,803,804,805]],"type":"Polygon","properties":{"n":"Daspur","c":148777,"d":"Auraiya","s":"UTTAR PRADESH"}},{"arcs":[[806,807,808,809]],"type":"Polygon","properties":{"n":"Maharath Pur","c":148740,"d":"Auraiya","s":"UTTAR PRADESH"}},{"arcs":[[810,811,812,813,814]],"type":"Polygon","properties":{"n":"Salempur Nawal Singh","c":148807,"d":"Auraiya","s":"UTTAR PRADESH"}},{"arcs":[[-813,815,816,817,818]],"type":"Polygon","properties":{"n":"Malehpur","c":148764,"d":"Auraiya","s":"UTTAR PRADESH"}},{"arcs":[[819,820,821,822,823,-539]],"type":"Polygon","properties":{"n":"Jaunra","c":148828,"d":"Auraiya","s":"UTTAR PRADESH"}},{"arcs":[[-820,-538,824]],"type":"Polygon","properties":{"n":"Ruherie","c":148684,"d":"Auraiya","s":"UTTAR PRADESH"}},{"arcs":[[825,826,827,828,829,830,831,-127]],"type":"Polygon","properties":{"n":"Bhautapur","c":148733,"d":"Auraiya","s":"UTTAR PRADESH"}},{"arcs":[[-817,832,833,-783,834,835]],"type":"Polygon","properties":{"n":"Faridpur","c":148763,"d":"Auraiya","s":"UTTAR PRADESH"}},{"arcs":[[836,-776,-768,837,838]],"type":"Polygon","properties":{"n":"Tikoli","c":148781,"d":"Auraiya","s":"UTTAR PRADESH"}},{"arcs":[[839,840,841,-771,842]],"type":"Polygon","properties":{"n":"Dhanaupur","c":148700,"d":"Auraiya","s":"UTTAR PRADESH"}},{"arcs":[[-804,843,844,845,846,-807,847]],"type":"Polygon","properties":{"n":"Manpur","c":148741,"d":"Auraiya","s":"UTTAR PRADESH"}},{"arcs":[[848,849,-509,-718,-217,850,-34,-772,-842,851]],"type":"Polygon","properties":{"n":"Ayana","c":148714,"d":"Auraiya","s":"UTTAR PRADESH"}},{"arcs":[[852,853,854,855,856,857,858,859]],"type":"Polygon","properties":{"n":"Hamirpur Ruru","c":148088,"d":"Auraiya","s":"UTTAR PRADESH"}},{"arcs":[[860,861,862,863,864]],"type":"Polygon","properties":{"n":"Purwa Kanhai","c":148391,"d":"Auraiya","s":"UTTAR PRADESH"}},{"arcs":[[865,866,867,868,869,870,871,872]],"type":"Polygon","properties":{"n":"Aouton","c":148329,"d":"Auraiya","s":"UTTAR PRADESH"}},{"arcs":[[873,874,875,876,877,-197,878,879]],"type":"Polygon","properties":{"n":"Keontra","c":148849,"d":"Auraiya","s":"UTTAR PRADESH"}},{"arcs":[[880,-874,881,882,-194]],"type":"Polygon","properties":{"n":"Nandgaon","c":148847,"d":"Auraiya","s":"UTTAR PRADESH"}},{"arcs":[[-877,883,884]],"type":"Polygon","properties":{"n":"Bhadaura","c":148851,"d":"Auraiya","s":"UTTAR PRADESH"}},{"arcs":[[885,886,-826,-126,887,888]],"type":"Polygon","properties":{"n":"Mansukhpur","c":148729,"d":"Auraiya","s":"UTTAR PRADESH"}},{"arcs":[[889,890,-88,891,892,-573,893,894,895]],"type":"Polygon","properties":{"n":"Dibiyapur (NP)","c":800991,"d":"Auraiya","s":"UTTAR PRADESH"}},{"arcs":[[896,897,898,899]],"type":"Polygon","properties":{"n":"Nagla Bhadauria","c":148291,"d":"Auraiya","s":"UTTAR PRADESH"}},{"arcs":[[-898,900,901,902,903,904,-581,905]],"type":"Polygon","properties":{"n":"Bhainsol","c":148290,"d":"Auraiya","s":"UTTAR PRADESH"}},{"arcs":[[906,-896,907,908,909]],"type":"Polygon","properties":{"n":"Umari","c":148591,"d":"Auraiya","s":"UTTAR PRADESH"}},{"arcs":[[910,-583,911,912,913,914,915]],"type":"Polygon","properties":{"n":"Ghangarpur","c":148288,"d":"Auraiya","s":"UTTAR PRADESH"}},{"arcs":[[916,-908,-895,917]],"type":"Polygon","properties":{"n":"Lakhanapur","c":148590,"d":"Auraiya","s":"UTTAR PRADESH"}},{"arcs":[[918,919,920,-551]],"type":"Polygon","properties":{"n":"Seopur","c":148505,"d":"Auraiya","s":"UTTAR PRADESH"}},{"arcs":[[921,922,923,924]],"type":"Polygon","properties":{"n":"Marnai","c":148440,"d":"Auraiya","s":"UTTAR PRADESH"}},{"arcs":[[925,926,927,928,929,930,931,932]],"type":"Polygon","properties":{"n":"Phaphund","c":148587,"d":"Auraiya","s":"UTTAR PRADESH"}},{"arcs":[[933,934,935,936]],"type":"Polygon","properties":{"n":"Bhiknapur","c":148839,"d":"Auraiya","s":"UTTAR PRADESH"}},{"arcs":[[937,-705,938,939,940,-716,941,942]],"type":"Polygon","properties":{"n":"Mai","c":0,"d":"Auraiya","s":"UTTAR PRADESH"}},{"arcs":[[-878,-885,943,-198]],"type":"Polygon","properties":{"n":" ","c":148850,"d":"Auraiya","s":"UTTAR PRADESH"}},{"arcs":[[-662,-151,944]],"type":"Polygon","properties":{"n":" ","c":0,"d":"Auraiya","s":"UTTAR PRADESH"}},{"arcs":[[-882,-880,945,946]],"type":"Polygon","properties":{"n":" ","c":148800,"d":"Auraiya","s":"UTTAR PRADESH"}},{"arcs":[[947,948,949,950,951,-121]],"type":"Polygon","properties":{"n":" ","c":0,"d":"Auraiya","s":"UTTAR PRADESH"}},{"arcs":[[952,953,954,955,956,957]],"type":"Polygon","properties":{"n":"Kumahapur","c":148836,"d":"Auraiya","s":"UTTAR PRADESH"}},{"arcs":[[958,959,960,961,-844,-803]],"type":"Polygon","properties":{"n":"Jamalipur","c":148783,"d":"Auraiya","s":"UTTAR PRADESH"}},{"arcs":[[962,963,-221,964,965,-403,966]],"type":"Polygon","properties":{"n":"Barbatpur","c":148707,"d":"Auraiya","s":"UTTAR PRADESH"}},{"arcs":[[967,-712,968,969,970,-960,971,972]],"type":"Polygon","properties":{"n":"Jaitpur Auraiya","c":148784,"d":"Auraiya","s":"UTTAR PRADESH"}},{"arcs":[[-966,973,974,-404]],"type":"Polygon","properties":{"n":"Mahewa","c":148708,"d":"Auraiya","s":"UTTAR PRADESH"}},{"arcs":[[-835,-782,975,976,977,978]],"type":"Polygon","properties":{"n":"Parhin","c":148762,"d":"Auraiya","s":"UTTAR PRADESH"}},{"arcs":[[979,980,981,982,983]],"type":"Polygon","properties":{"n":"Anda","c":148409,"d":"Auraiya","s":"UTTAR PRADESH"}},{"arcs":[[984,985,986,987,988,989,990,991]],"type":"Polygon","properties":{"n":"Banshi","c":148296,"d":"Auraiya","s":"UTTAR PRADESH"}},{"arcs":[[992,993,994,-792]],"type":"Polygon","properties":{"n":"Patepur","c":148833,"d":"Auraiya","s":"UTTAR PRADESH"}},{"arcs":[[995,996,997,998]],"type":"Polygon","properties":{"n":"Chauki","c":148718,"d":"Auraiya","s":"UTTAR PRADESH"}},{"arcs":[[999,-498,1000,1001,1002,1003]],"type":"Polygon","properties":{"n":"Jajpur","c":148479,"d":"Auraiya","s":"UTTAR PRADESH"}},{"arcs":[[1004,1005,1006,1007,1008]],"type":"Polygon","properties":{"n":"Singlamau","c":148637,"d":"Auraiya","s":"UTTAR PRADESH"}},{"arcs":[[-1008,1009,-676,1010,-449,1011,1012]],"type":"Polygon","properties":{"n":"Nagla Pathak","c":148632,"d":"Auraiya","s":"UTTAR PRADESH"}},{"arcs":[[1013,-344,-785,1014,1015,-100]],"type":"Polygon","properties":{"n":"Barru Kulasar","c":148196,"d":"Auraiya","s":"UTTAR PRADESH"}},{"arcs":[[1016,1017,1018,1019]],"type":"Polygon","properties":{"n":"Bahadurpur Ruru","c":148091,"d":"Auraiya","s":"UTTAR PRADESH"}},{"arcs":[[-96,1020,1021,-681,1022,1023,1024,-345,1025,1026,1027]],"type":"Polygon","properties":{"n":"Kaithawa","c":148175,"d":"Auraiya","s":"UTTAR PRADESH"}},{"arcs":[[1028,-991,1029,1030]],"type":"Polygon","properties":{"n":"Maharajpur Phaphoond","c":148295,"d":"Auraiya","s":"UTTAR PRADESH"}},{"arcs":[[1031,-985,1032,1033]],"type":"Polygon","properties":{"n":"Rajuamau","c":148324,"d":"Auraiya","s":"UTTAR PRADESH"}},{"arcs":[[1034,1035,-111]],"type":"Polygon","properties":{"n":"Bhulainpur","c":148242,"d":"Auraiya","s":"UTTAR PRADESH"}},{"arcs":[[1036,1037,1038,-987,1039]],"type":"Polygon","properties":{"n":"Bailipur","c":148297,"d":"Auraiya","s":"UTTAR PRADESH"}},{"arcs":[[1040,-863,1041,1042,1043,1044,1045]],"type":"Polygon","properties":{"n":"Asu","c":148371,"d":"Auraiya","s":"UTTAR PRADESH"}},{"arcs":[[-254,1046,1047,1048,1049,1050,1051]],"type":"Polygon","properties":{"n":"Asjana","c":148166,"d":"Auraiya","s":"UTTAR PRADESH"}},{"arcs":[[1052,1053,1054,1055,1056,1057,1058]],"type":"Polygon","properties":{"n":"Bilrai","c":148581,"d":"Auraiya","s":"UTTAR PRADESH"}},{"arcs":[[1059,1060,1061,1062]],"type":"Polygon","properties":{"n":"Lalpur","c":148454,"d":"Auraiya","s":"UTTAR PRADESH"}},{"arcs":[[1063,1064,-515,1065]],"type":"Polygon","properties":{"n":"Madhupur","c":148802,"d":"Auraiya","s":"UTTAR PRADESH"}},{"arcs":[[1066,1067,-846,1068,-942,-715,-507,1069,-997]],"type":"Polygon","properties":{"n":"Bhasaun","c":148721,"d":"Auraiya","s":"UTTAR PRADESH"}},{"arcs":[[1070,-809,1071,-1067,-996,1072]],"type":"Polygon","properties":{"n":"Gujari","c":148719,"d":"Auraiya","s":"UTTAR PRADESH"}},{"arcs":[[1073,1074,1075,-993,-797,1076,1077]],"type":"Polygon","properties":{"n":"Shahbadiya","c":148825,"d":"Auraiya","s":"UTTAR PRADESH"}},{"arcs":[[1078,-713,-968,1079,-398]],"type":"Polygon","properties":{"n":"Basantpur","c":148789,"d":"Auraiya","s":"UTTAR PRADESH"}},{"arcs":[[1080,-239,-524,1081,-650]],"type":"Polygon","properties":{"n":"Nawada Singh","c":148365,"d":"Auraiya","s":"UTTAR PRADESH"}},{"arcs":[[-255,-1052,1082,1083,1084]],"type":"Polygon","properties":{"n":"Vimata Mau","c":148163,"d":"Auraiya","s":"UTTAR PRADESH"}},{"arcs":[[1085,1086,1087,-222,-518,-527]],"type":"Polygon","properties":{"n":"Jamalpur","c":148223,"d":"Auraiya","s":"UTTAR PRADESH"}},{"arcs":[[1088,-532,1089,1090,-1048,1091,-252]],"type":"Polygon","properties":{"n":"Pipraulia","c":148349,"d":"Auraiya","s":"UTTAR PRADESH"}},{"arcs":[[1092,1093,-363,-389,1094]],"type":"Polygon","properties":{"n":"Purwa Rawat","c":148355,"d":"Auraiya","s":"UTTAR PRADESH"}},{"arcs":[[1095,1096,1097,1098,1099,1100,1101,1102,1103,1104]],"type":"Polygon","properties":{"n":"Adhar","c":148422,"d":"Auraiya","s":"UTTAR PRADESH"}},{"arcs":[[1105,1106,1107,1108,1109,1110,1111,1112,1113,1114]],"type":"Polygon","properties":{"n":"Tikampur","c":148563,"d":"Auraiya","s":"UTTAR PRADESH"}},{"arcs":[[-918,-894,-572,1115,1116,1117,-869,1118]],"type":"Polygon","properties":{"n":"Kainjari","c":148589,"d":"Auraiya","s":"UTTAR PRADESH"}},{"arcs":[[1119,-473,1120,1121]],"type":"Polygon","properties":{"n":"Mahatepur","c":148660,"d":"Auraiya","s":"UTTAR PRADESH"}},{"arcs":[[-638,1122,1123,1124,1125]],"type":"Polygon","properties":{"n":"Putha","c":148524,"d":"Auraiya","s":"UTTAR PRADESH"}},{"arcs":[[1126,-448,-666,1127]],"type":"Polygon","properties":{"n":"Haidarpur","c":148539,"d":"Auraiya","s":"UTTAR PRADESH"}},{"arcs":[[1128,1129,1130,1131,-599,1132,1133]],"type":"Polygon","properties":{"n":"Barua","c":148133,"d":"Auraiya","s":"UTTAR PRADESH"}},{"arcs":[[-759,1134,1135,1136,1137]],"type":"Polygon","properties":{"n":"Shekhupur","c":148037,"d":"Auraiya","s":"UTTAR PRADESH"}},{"arcs":[[-102,1138,-722,1139]],"type":"Polygon","properties":{"n":"Seora","c":148187,"d":"Auraiya","s":"UTTAR PRADESH"}},{"arcs":[[1140,1141,-348,-622,1142,1143,1144,1145],[1146]],"type":"Polygon","properties":{"n":"Sabahad","c":148169,"d":"Auraiya","s":"UTTAR PRADESH"}},{"arcs":[[1147,1148,1149,-994,-1076,1150]],"type":"Polygon","properties":{"n":"Lohiyapur","c":148832,"d":"Auraiya","s":"UTTAR PRADESH"}},{"arcs":[[-513,-27,1151]],"type":"Polygon","properties":{"n":"Anepur","c":148792,"d":"Auraiya","s":"UTTAR PRADESH"}},{"arcs":[[1152,1153,1154,-886,1155,1156]],"type":"Polygon","properties":{"n":"Takpura","c":148728,"d":"Auraiya","s":"UTTAR PRADESH"}},{"arcs":[[1157,-1156,-889,1158,1159,1160]],"type":"Polygon","properties":{"n":"Sarai Tadawa","c":148532,"d":"Auraiya","s":"UTTAR PRADESH"}},{"arcs":[[-541,1161,1162]],"type":"Polygon","properties":{"n":"Chapauli","c":148681,"d":"Auraiya","s":"UTTAR PRADESH"}},{"arcs":[[1163,1164,-543,-484,-184]],"type":"Polygon","properties":{"n":"Rajandajpur","c":148760,"d":"Auraiya","s":"UTTAR PRADESH"}},{"arcs":[[1165,1166,-1151,-1075,1167]],"type":"Polygon","properties":{"n":"Qaddalpur","c":148829,"d":"Auraiya","s":"UTTAR PRADESH"}},{"arcs":[[-49,-775,1168,1169,1170,-406,1171,1172]],"type":"Polygon","properties":{"n":"Babayan","c":148698,"d":"Auraiya","s":"UTTAR PRADESH"}},{"arcs":[[-590,-618,-350,-38,1173,-643,-328,1174,-324,1175,-791,-612,1176]],"type":"Polygon","properties":{"n":"Rathgaon","c":148075,"d":"Auraiya","s":"UTTAR PRADESH"}},{"arcs":[[1177,1178,-953,1179,-1149]],"type":"Polygon","properties":{"n":"Baripur Maphi","c":148838,"d":"Auraiya","s":"UTTAR PRADESH"}},{"arcs":[[1180,1181,1182,1183,-200,1184,-710,-23,-512,1185]],"type":"Polygon","properties":{"n":"Kasba Khanpur (CT)","c":148853,"d":"Auraiya","s":"UTTAR PRADESH"}},{"arcs":[[-25,-714,-1079,-397,-28]],"type":"Polygon","properties":{"n":"Kharka","c":148788,"d":"Auraiya","s":"UTTAR PRADESH"}},{"arcs":[[-808,-847,-1068,-1072]],"type":"Polygon","properties":{"n":"Mahmoodpur Daryav Singh","c":148720,"d":"Auraiya","s":"UTTAR PRADESH"}},{"arcs":[[1186,-801,1187]],"type":"Polygon","properties":{"n":"Kalanpur","c":148778,"d":"Auraiya","s":"UTTAR PRADESH"}},{"arcs":[[-800,-505,1188,1189,-1181,1190,1191,-392]],"type":"Polygon","properties":{"n":"Auraiya (NPP)","c":800992,"d":"Auraiya","s":"UTTAR PRADESH"}},{"arcs":[[1192,-86,-570,-893]],"type":"Polygon","properties":{"n":"Kakrahi","c":148592,"d":"Auraiya","s":"UTTAR PRADESH"}},{"arcs":[[1193,-932,1194,1195,-1108,1196,1197,1198]],"type":"Polygon","properties":{"n":"Fatehpur Baini","c":148568,"d":"Auraiya","s":"UTTAR PRADESH"}},{"arcs":[[-1104,1199,1200,1201]],"type":"Polygon","properties":{"n":"Mudriya","c":148418,"d":"Auraiya","s":"UTTAR PRADESH"}},{"arcs":[[1202,1203,1204,-933,-1194,1205,1206]],"type":"Polygon","properties":{"n":"Taiabpur","c":148576,"d":"Auraiya","s":"UTTAR PRADESH"}},{"arcs":[[1207,1208,-300,1209,-437,-611,1210,1211,1212]],"type":"Polygon","properties":{"n":"Kudar Kot","c":148118,"d":"Auraiya","s":"UTTAR PRADESH"}},{"arcs":[[1213,-1212,1214,-311,1215,1216,1217,1218,1219]],"type":"Polygon","properties":{"n":"Ganupur","c":148105,"d":"Auraiya","s":"UTTAR PRADESH"}},{"arcs":[[1220,-118,1221,-321,-36,-346,-1025]],"type":"Polygon","properties":{"n":"Tajpur Bidhuna","c":148177,"d":"Auraiya","s":"UTTAR PRADESH"}},{"arcs":[[-1219,1222,-333,1223,1224]],"type":"Polygon","properties":{"n":"Punawar","c":148101,"d":"Auraiya","s":"UTTAR PRADESH"}},{"arcs":[[1225,1226,1227,1228,1229,-223,-1088]],"type":"Polygon","properties":{"n":"Kichahiya Gopalpur","c":148360,"d":"Auraiya","s":"UTTAR PRADESH"}},{"arcs":[[1230,1231,1232,-856]],"type":"Polygon","properties":{"n":"Gopiapur","c":148110,"d":"Auraiya","s":"UTTAR PRADESH"}},{"arcs":[[1233,1234,1235,1236,1237]],"type":"Polygon","properties":{"n":"Belhupur","c":148425,"d":"Auraiya","s":"UTTAR PRADESH"}},{"arcs":[[1238,1239,1240,1241,1242]],"type":"Polygon","properties":{"n":"Sikhoo","c":148429,"d":"Auraiya","s":"UTTAR PRADESH"}},{"arcs":[[1243,1244,-1038,1245]],"type":"Polygon","properties":{"n":"Chandraua Phaphund","c":148335,"d":"Auraiya","s":"UTTAR PRADESH"}},{"arcs":[[-1245,1246,1247,1248,1249,1250,1251,1252,-988,-1039]],"type":"Polygon","properties":{"n":"Dasehra","c":148298,"d":"Auraiya","s":"UTTAR PRADESH"}},{"arcs":[[1253,-1043,1254,1255,1256]],"type":"Polygon","properties":{"n":"Kariyapur Asu","c":148386,"d":"Auraiya","s":"UTTAR PRADESH"}},{"arcs":[[1257,1258,1259,1260,-982,1261]],"type":"Polygon","properties":{"n":"Barru Phaphoond","c":148408,"d":"Auraiya","s":"UTTAR PRADESH"}},{"arcs":[[-30,-396,-766,1262]],"type":"Polygon","properties":{"n":"Paigambarpur","c":148796,"d":"Auraiya","s":"UTTAR PRADESH"}},{"arcs":[[1263,1264,-1164,-183,1265]],"type":"Polygon","properties":{"n":"Kabirpur","c":148759,"d":"Auraiya","s":"UTTAR PRADESH"}},{"arcs":[[1266,1267,1268,1269,1270]],"type":"Polygon","properties":{"n":"Gokulpur","c":148530,"d":"Auraiya","s":"UTTAR PRADESH"}},{"arcs":[[-546,1271,1272,1273,1274,-55,1275,1276,1277]],"type":"Polygon","properties":{"n":"Bakhariya","c":148765,"d":"Auraiya","s":"UTTAR PRADESH"}},{"arcs":[[1278,-464,1279,1280,1281,1282,-1124]],"type":"Polygon","properties":{"n":"Bhikhepur Auraiya","c":148527,"d":"Auraiya","s":"UTTAR PRADESH"}},{"arcs":[[-695,1283,-1277,1284,1285,1286,-453,1287]],"type":"Polygon","properties":{"n":"Salaiya","c":148746,"d":"Auraiya","s":"UTTAR PRADESH"}},{"arcs":[[1288,-465,-1279,-1123,-637]],"type":"Polygon","properties":{"n":"Alipur","c":148542,"d":"Auraiya","s":"UTTAR PRADESH"}},{"arcs":[[1289,-481,1290,1291]],"type":"Polygon","properties":{"n":"Baraua","c":148658,"d":"Auraiya","s":"UTTAR PRADESH"}},{"arcs":[[1292,1293,1294,1295]],"type":"Polygon","properties":{"n":"Gauhani Khurd","c":148484,"d":"Auraiya","s":"UTTAR PRADESH"}},{"arcs":[[1296,1297,1298,-688,1299]],"type":"Polygon","properties":{"n":"Babina","c":148678,"d":"Auraiya","s":"UTTAR PRADESH"}},{"arcs":[[-838,-767,-400,1300,1301,-1188,-806,1302,-19,1303,1304]],"type":"Polygon","properties":{"n":"Panhar","c":148780,"d":"Auraiya","s":"UTTAR PRADESH"}},{"arcs":[[1305,-1291,1306,1307,1308,1309]],"type":"Polygon","properties":{"n":"Dewarpur","c":148655,"d":"Auraiya","s":"UTTAR PRADESH"}},{"arcs":[[1310,1311,-441,-493,1312,1313]],"type":"Polygon","properties":{"n":"Udhopur","c":148669,"d":"Auraiya","s":"UTTAR PRADESH"}},{"arcs":[[1314,1315,1316,-671,1317,1318]],"type":"Polygon","properties":{"n":"Milak Murhi","c":148651,"d":"Auraiya","s":"UTTAR PRADESH"}},{"arcs":[[1319,-1292,-1306,1320,1321,1322]],"type":"Polygon","properties":{"n":"Turkipur Phaphund","c":148657,"d":"Auraiya","s":"UTTAR PRADESH"}},{"arcs":[[-674,-697,1323,-451,1324]],"type":"Polygon","properties":{"n":"Milak Husainpur Kalan","c":148647,"d":"Auraiya","s":"UTTAR PRADESH"}},{"arcs":[[1325,1326,1327,1328,1329,1330,1331]],"type":"Polygon","properties":{"n":"Urelapur","c":148308,"d":"Auraiya","s":"UTTAR PRADESH"}},{"arcs":[[1332,1333,-1327,1334,1335]],"type":"Polygon","properties":{"n":"Bhaipur","c":148306,"d":"Auraiya","s":"UTTAR PRADESH"}},{"arcs":[[-1211,-610,-312,-1215]],"type":"Polygon","properties":{"n":"Chadraua Bidhuna","c":148107,"d":"Auraiya","s":"UTTAR PRADESH"}},{"arcs":[[1336,1337,1338,1339,1340,-741]],"type":"Polygon","properties":{"n":"Ranipur Datt","c":148079,"d":"Auraiya","s":"UTTAR PRADESH"}},{"arcs":[[-309,-287,1341]],"type":"Polygon","properties":{"n":"Usraha","c":0,"d":"Auraiya","s":"UTTAR PRADESH"}},{"arcs":[[1342,-1216,-317,-331,-1223,-1218]],"type":"Polygon","properties":{"n":"Hinhapur","c":148103,"d":"Auraiya","s":"UTTAR PRADESH"}},{"arcs":[[1343,-853,1344]],"type":"Polygon","properties":{"n":"Phulphery","c":148089,"d":"Auraiya","s":"UTTAR PRADESH"}},{"arcs":[[1345,-128,-832,1346,1347,-46,1348]],"type":"Polygon","properties":{"n":"Kasba Seganpur","c":148689,"d":"Auraiya","s":"UTTAR PRADESH"}},{"arcs":[[1349,1350,-1154,1351,1352,1353]],"type":"Polygon","properties":{"n":"Turkipur Bhagwan Das","c":148552,"d":"Auraiya","s":"UTTAR PRADESH"}},{"arcs":[[-439,1354,1355,1356,1357,1358,-489]],"type":"Polygon","properties":{"n":"Dhamsainee","c":148818,"d":"Auraiya","s":"UTTAR PRADESH"}},{"arcs":[[-852,-841,1359,-830,1360]],"type":"Polygon","properties":{"n":"Kunwardepur","c":148735,"d":"Auraiya","s":"UTTAR PRADESH"}},{"arcs":[[1361,-849,-1361,-829]],"type":"Polygon","properties":{"n":"Katghara Brahmanan","c":148716,"d":"Auraiya","s":"UTTAR PRADESH"}},{"arcs":[[1362,-393,-1192,1363,1364,1365,-784,-834]],"type":"Polygon","properties":{"n":"Narottampur","c":148805,"d":"Auraiya","s":"UTTAR PRADESH"}},{"arcs":[[1366,-1077,-796,-798,-390,1367,1368]],"type":"Polygon","properties":{"n":"Rudauli","c":148824,"d":"Auraiya","s":"UTTAR PRADESH"}},{"arcs":[[-1276,-58,1369,1370,-470,1371,1372,-1285]],"type":"Polygon","properties":{"n":"Chandnapur Dayal Singh","c":148549,"d":"Auraiya","s":"UTTAR PRADESH"}},{"arcs":[[-978,1373,1374,1375]],"type":"Polygon","properties":{"n":"Nasirabad","c":148771,"d":"Auraiya","s":"UTTAR PRADESH"}},{"arcs":[[-941,1376,-202,-717]],"type":"Polygon","properties":{"n":"Sihauli","c":148723,"d":"Auraiya","s":"UTTAR PRADESH"}},{"arcs":[[-195,-883,-947,1377,1378,-707,1379]],"type":"Polygon","properties":{"n":"Parsottampur","c":148799,"d":"Auraiya","s":"UTTAR PRADESH"}},{"arcs":[[1380,-63,1381,-934]],"type":"Polygon","properties":{"n":"Gajipur Ishwari Prasad","c":148840,"d":"Auraiya","s":"UTTAR PRADESH"}},{"arcs":[[-970,1382,1383,-702,-938,1384,1385]],"type":"Polygon","properties":{"n":"Asta","c":148743,"d":"Auraiya","s":"UTTAR PRADESH"}},{"arcs":[[-1250,1386,1387,1388,1389,1390,1391]],"type":"Polygon","properties":{"n":"Mirgawan","c":148334,"d":"Auraiya","s":"UTTAR PRADESH"}},{"arcs":[[1392,1393,1394,-1387,-1249]],"type":"Polygon","properties":{"n":"Kasim Nagar","c":148341,"d":"Auraiya","s":"UTTAR PRADESH"}},{"arcs":[[1395,1396,1397,1398,1399,1400,1401,1402,1403]],"type":"Polygon","properties":{"n":"Nalhupur","c":148279,"d":"Auraiya","s":"UTTAR PRADESH"}},{"arcs":[[-90,1404,1405,1406,-179]],"type":"Polygon","properties":{"n":"Sabalpur","c":148444,"d":"Auraiya","s":"UTTAR PRADESH"}},{"arcs":[[-1402,1407,1408,1409,1410,1411]],"type":"Polygon","properties":{"n":"Hasanpur Ahiran","c":148278,"d":"Auraiya","s":"UTTAR PRADESH"}},{"arcs":[[1412,1413,1414,1415]],"type":"Polygon","properties":{"n":"Chak Sarai Anantram","c":148459,"d":"Auraiya","s":"UTTAR PRADESH"}},{"arcs":[[1416,-1133,-598,1417]],"type":"Polygon","properties":{"n":"Muggpur","c":148131,"d":"Auraiya","s":"UTTAR PRADESH"}},{"arcs":[[1418,1419,-1226,-1087,1420,-525,-372,1421]],"type":"Polygon","properties":{"n":"Patti Ghurau","c":148224,"d":"Auraiya","s":"UTTAR PRADESH"}},{"arcs":[[1422,-228,1423,1424]],"type":"Polygon","properties":{"n":"Purwa Danshah","c":148354,"d":"Auraiya","s":"UTTAR PRADESH"}},{"arcs":[[-1092,-1047,-253]],"type":"Polygon","properties":{"n":"Barka Purwa","c":148165,"d":"Auraiya","s":"UTTAR PRADESH"}},{"arcs":[[-972,-959,-802,-1187,-1302,1425]],"type":"Polygon","properties":{"n":"Rampur Ram Sahai","c":148779,"d":"Auraiya","s":"UTTAR PRADESH"}},{"arcs":[[1426,-579,1427,1428,-1256]],"type":"Polygon","properties":{"n":"Tajpur Dhonk","c":148387,"d":"Auraiya","s":"UTTAR PRADESH"}},{"arcs":[[-584,-911,1429,-176,1430,1431,-358]],"type":"Polygon","properties":{"n":"Asha","c":148282,"d":"Auraiya","s":"UTTAR PRADESH"}},{"arcs":[[1432,-374,-529,1433,1434,-267,-277]],"type":"Polygon","properties":{"n":"Barauli","c":148220,"d":"Auraiya","s":"UTTAR PRADESH"}},{"arcs":[[1435,1436,1437]],"type":"Polygon","properties":{"n":"Bandriapur","c":148214,"d":"Auraiya","s":"UTTAR PRADESH"}},{"arcs":[[-283,-142,-70,-240,-1081,-649]],"type":"Polygon","properties":{"n":"Yakubpur","c":148367,"d":"Auraiya","s":"UTTAR PRADESH"}},{"arcs":[[1438,1439,1440,1441]],"type":"Polygon","properties":{"n":"Jadbanspur","c":148447,"d":"Auraiya","s":"UTTAR PRADESH"}},{"arcs":[[-172,1442,-915,1443,-1397,1444,1445]],"type":"Polygon","properties":{"n":"Lachhmanpur Mafi","c":148275,"d":"Auraiya","s":"UTTAR PRADESH"}},{"arcs":[[-916,-1443,-171,-1430]],"type":"Polygon","properties":{"n":"Manikpur","c":148274,"d":"Auraiya","s":"UTTAR PRADESH"}},{"arcs":[[1446,1447,1448,-1239,1449,1450]],"type":"Polygon","properties":{"n":"Laharapur","c":148428,"d":"Auraiya","s":"UTTAR PRADESH"}},{"arcs":[[1451,1452,-574,-1427,1453]],"type":"Polygon","properties":{"n":"Badshahpur Chhonk","c":148389,"d":"Auraiya","s":"UTTAR PRADESH"}},{"arcs":[[-923,1454,-1099,1455]],"type":"Polygon","properties":{"n":"Lachhiya Mau","c":148439,"d":"Auraiya","s":"UTTAR PRADESH"}},{"arcs":[[1456,1457,1458,1459,1460,-928]],"type":"Polygon","properties":{"n":"Taharpur","c":148588,"d":"Auraiya","s":"UTTAR PRADESH"}},{"arcs":[[1461,-1356,1462]],"type":"Polygon","properties":{"n":"Mardana","c":148819,"d":"Auraiya","s":"UTTAR PRADESH"}},{"arcs":[[1463,-1272,-545]],"type":"Polygon","properties":{"n":"Malakpur","c":148767,"d":"Auraiya","s":"UTTAR PRADESH"}},{"arcs":[[-720,1464,-875,-881,-193]],"type":"Polygon","properties":{"n":"Marnai","c":148848,"d":"Auraiya","s":"UTTAR PRADESH"}},{"arcs":[[1465,1466,1467,1468]],"type":"Polygon","properties":{"n":"Purwa Hema","c":148379,"d":"Auraiya","s":"UTTAR PRADESH"}},{"arcs":[[1469,1470,1471,-871]],"type":"Polygon","properties":{"n":"Gahesar","c":148328,"d":"Auraiya","s":"UTTAR PRADESH"}},{"arcs":[[-354,1472,1473,-1466,1474,1475]],"type":"Polygon","properties":{"n":"Thakur Gaon","c":148378,"d":"Auraiya","s":"UTTAR PRADESH"}},{"arcs":[[-219,1476,1477,1478]],"type":"Polygon","properties":{"n":"Gunj","c":148705,"d":"Auraiya","s":"UTTAR PRADESH"}},{"arcs":[[1479,-956,1480,-211,1481,-501]],"type":"Polygon","properties":{"n":"Jaitapur","c":148813,"d":"Auraiya","s":"UTTAR PRADESH"}},{"arcs":[[-1482,-210,-709,1482,-502]],"type":"Polygon","properties":{"n":"Dhorera","c":148815,"d":"Auraiya","s":"UTTAR PRADESH"}},{"arcs":[[-965,-220,-1479,1483,1484,-974]],"type":"Polygon","properties":{"n":"Bardauli","c":148703,"d":"Auraiya","s":"UTTAR PRADESH"}},{"arcs":[[1485,-1182,-1190,1486]],"type":"Polygon","properties":{"n":"Bhikampur","c":148797,"d":"Auraiya","s":"UTTAR PRADESH"}},{"arcs":[[1487,-1178,-1148,-1167]],"type":"Polygon","properties":{"n":"Sundaripur","c":148503,"d":"Auraiya","s":"UTTAR PRADESH"}},{"arcs":[[1488,1489,-163,1490,1491,1492]],"type":"Polygon","properties":{"n":"Hafizpur","c":148452,"d":"Auraiya","s":"UTTAR PRADESH"}},{"arcs":[[1493,1494,1495]],"type":"Polygon","properties":{"n":"Biriya Phaphund","c":148679,"d":"Auraiya","s":"UTTAR PRADESH"}},{"arcs":[[-1332,1496,1497,1498]],"type":"Polygon","properties":{"n":"Malikpur Misripur","c":148310,"d":"Auraiya","s":"UTTAR PRADESH"}},{"arcs":[[1499,1500,-1045,1501,1502,1503,1504,1505]],"type":"Polygon","properties":{"n":"Sabalpur","c":148383,"d":"Auraiya","s":"UTTAR PRADESH"}},{"arcs":[[1506,1507,1508,1509,1510]],"type":"Polygon","properties":{"n":"Sauthara","c":148397,"d":"Auraiya","s":"UTTAR PRADESH"}},{"arcs":[[-1510,1511,1512,1513]],"type":"Polygon","properties":{"n":"Dinwa Mau","c":148412,"d":"Auraiya","s":"UTTAR PRADESH"}},{"arcs":[[1514,-359,-1432,1515,1516,1517,1518,1519,1520]],"type":"Polygon","properties":{"n":"Chhachhoond","c":148256,"d":"Auraiya","s":"UTTAR PRADESH"}},{"arcs":[[1521,-864,-1041,1522,1523]],"type":"Polygon","properties":{"n":"Singpur Wamana","c":148372,"d":"Auraiya","s":"UTTAR PRADESH"}},{"arcs":[[1524,1525,1526,-663,-945,-150,1527]],"type":"Polygon","properties":{"n":"Uncha","c":148536,"d":"Auraiya","s":"UTTAR PRADESH"}},{"arcs":[[1528,-122,-952,1529,1530,-1323,1531,1532,1533,1534]],"type":"Polygon","properties":{"n":"Nanpur","c":148627,"d":"Auraiya","s":"UTTAR PRADESH"}},{"arcs":[[1535,-693,1536,1537]],"type":"Polygon","properties":{"n":"Binpurapur","c":148675,"d":"Auraiya","s":"UTTAR PRADESH"}},{"arcs":[[1538,-1532,-1322,1539,1540,1541,1542]],"type":"Polygon","properties":{"n":"Ranipur","c":148653,"d":"Auraiya","s":"UTTAR PRADESH"}},{"arcs":[[1543,1544,1545,-119,1546,-412]],"type":"Polygon","properties":{"n":"Bhatpura","c":148598,"d":"Auraiya","s":"UTTAR PRADESH"}},{"arcs":[[1547,1548,-51]],"type":"Polygon","properties":{"n":"Rampur Pratap Singh","c":148696,"d":"Auraiya","s":"UTTAR PRADESH"}},{"arcs":[[-1548,-50,-1173,1549,1550]],"type":"Polygon","properties":{"n":"Asewa","c":148697,"d":"Auraiya","s":"UTTAR PRADESH"}},{"arcs":[[1551,1552,-177,1553,1554]],"type":"Polygon","properties":{"n":"Sitaura","c":148264,"d":"Auraiya","s":"UTTAR PRADESH"}},{"arcs":[[1555,1556,1557,1558,1559,-1403,-1412,1560,1561,1562,1563,1564]],"type":"Polygon","properties":{"n":"Mohmadabad","c":148269,"d":"Auraiya","s":"UTTAR PRADESH"}},{"arcs":[[1565,1566,-1451,1567,-1473,-353]],"type":"Polygon","properties":{"n":"Patti Thakur Gaon","c":148377,"d":"Auraiya","s":"UTTAR PRADESH"}},{"arcs":[[1568,-1498,1569,-246,1570,1571]],"type":"Polygon","properties":{"n":"Shahoopur","c":148302,"d":"Auraiya","s":"UTTAR PRADESH"}},{"arcs":[[-587,1572,1573,-900,1574]],"type":"Polygon","properties":{"n":"Sainpur","c":148330,"d":"Auraiya","s":"UTTAR PRADESH"}},{"arcs":[[-1391,1575,1576,-1573,-586,1577]],"type":"Polygon","properties":{"n":"Palhari","c":148332,"d":"Auraiya","s":"UTTAR PRADESH"}},{"arcs":[[1578,1579,1580,1581,-1101]],"type":"Polygon","properties":{"n":"Thikiyapur","c":148438,"d":"Auraiya","s":"UTTAR PRADESH"}},{"arcs":[[-773,-32,1582,1583,-963,1584,-1170,1585]],"type":"Polygon","properties":{"n":"Parariya","c":148744,"d":"Auraiya","s":"UTTAR PRADESH"}},{"arcs":[[-957,-1480,-500,-799,-794,1586]],"type":"Polygon","properties":{"n":"Mirzapur Bairahmshah","c":148814,"d":"Auraiya","s":"UTTAR PRADESH"}},{"arcs":[[-1343,-1217]],"type":"Polygon","properties":{"n":"Kalarpur","c":148104,"d":"Auraiya","s":"UTTAR PRADESH"}},{"arcs":[[1587,-1023,-680]],"type":"Polygon","properties":{"n":"Purwa Bhadauria Bela","c":148192,"d":"Auraiya","s":"UTTAR PRADESH"}},{"arcs":[[1588,1589,1590,1591,-1117]],"type":"Polygon","properties":{"n":"Seeganpur","c":148578,"d":"Auraiya","s":"UTTAR PRADESH"}},{"arcs":[[1592,-569,1593,-1240,-1449]],"type":"Polygon","properties":{"n":"Divari","c":148430,"d":"Auraiya","s":"UTTAR PRADESH"}},{"arcs":[[1594,1595,-1394,1596]],"type":"Polygon","properties":{"n":"Lahroi","c":148342,"d":"Auraiya","s":"UTTAR PRADESH"}},{"arcs":[[-576,1597,1598,1599,1600,1601,-890,-907,1602]],"type":"Polygon","properties":{"n":"Avavar","c":148431,"d":"Auraiya","s":"UTTAR PRADESH"}},{"arcs":[[1603,1604]],"type":"Polygon","properties":{"n":"Barera","c":148467,"d":"Auraiya","s":"UTTAR PRADESH"}},{"arcs":[[1605,1606,-1295,1607,-499,-1000,1608,1609]],"type":"Polygon","properties":{"n":"Pachdeora","c":148485,"d":"Auraiya","s":"UTTAR PRADESH"}},{"arcs":[[1610,1611,-1315,1612,1613,-1541]],"type":"Polygon","properties":{"n":"Gopalpur","c":148644,"d":"Auraiya","s":"UTTAR PRADESH"}},{"arcs":[[-1537,-692,1614,1615,1616]],"type":"Polygon","properties":{"n":"Mainputh","c":148674,"d":"Auraiya","s":"UTTAR PRADESH"}},{"arcs":[[1617,-984,1618,1619,1620]],"type":"Polygon","properties":{"n":"Ariyari","c":148410,"d":"Auraiya","s":"UTTAR PRADESH"}},{"arcs":[[-1044,-1254,1621,1622,-1502]],"type":"Polygon","properties":{"n":"Pouthi","c":148385,"d":"Auraiya","s":"UTTAR PRADESH"}},{"arcs":[[-1623,1623,1624,1625,-1508,1626,-1503]],"type":"Polygon","properties":{"n":"Bariyare Mau","c":148384,"d":"Auraiya","s":"UTTAR PRADESH"}},{"arcs":[[1627,1628,-1040,-986,-1032,1629]],"type":"Polygon","properties":{"n":"Sarai Khati","c":148325,"d":"Auraiya","s":"UTTAR PRADESH"}},{"arcs":[[1630,1631,1632,1633,1634,1635,1636,1637,1638,1639,1640]],"type":"Polygon","properties":{"n":"Harchandpur","c":148327,"d":"Auraiya","s":"UTTAR PRADESH"}},{"arcs":[[-257,1641,1642,1643]],"type":"Polygon","properties":{"n":"Nawada Mal Khan","c":148161,"d":"Auraiya","s":"UTTAR PRADESH"}},{"arcs":[[-1642,-256,-1085,1644,1645,1646,1647]],"type":"Polygon","properties":{"n":"Rooppur Sahar","c":148162,"d":"Auraiya","s":"UTTAR PRADESH"}},{"arcs":[[1648,-557,1649,1650]],"type":"Polygon","properties":{"n":"Sudanipur","c":148830,"d":"Auraiya","s":"UTTAR PRADESH"}},{"arcs":[[1651,-1201,1652,-1600,1653]],"type":"Polygon","properties":{"n":"Amoahar","c":148433,"d":"Auraiya","s":"UTTAR PRADESH"}},{"arcs":[[-1650,-556,1654,1655,1656,1657]],"type":"Polygon","properties":{"n":"Darbatpur","c":148445,"d":"Auraiya","s":"UTTAR PRADESH"}},{"arcs":[[1658,1659,-924,-1456,-1098,1660,-1235]],"type":"Polygon","properties":{"n":"Madhawapur","c":148423,"d":"Auraiya","s":"UTTAR PRADESH"}},{"arcs":[[1661,-563,-548,1662,-1400]],"type":"Polygon","properties":{"n":"Ruruwa Auraiya","c":148507,"d":"Auraiya","s":"UTTAR PRADESH"}},{"arcs":[[1663,1664,-1198,1665,1666,-1389]],"type":"Polygon","properties":{"n":"Burahanpur","c":148565,"d":"Auraiya","s":"UTTAR PRADESH"}},{"arcs":[[-1590,1667,1668,1669]],"type":"Polygon","properties":{"n":"Parwaha","c":148579,"d":"Auraiya","s":"UTTAR PRADESH"}},{"arcs":[[1670,1671,1672,1673,1674,1675,1676]],"type":"Polygon","properties":{"n":"Shahpur","c":148321,"d":"Auraiya","s":"UTTAR PRADESH"}},{"arcs":[[1677,-1675,1678,1679,1680,1681,1682]],"type":"Polygon","properties":{"n":"Aili","c":148316,"d":"Auraiya","s":"UTTAR PRADESH"}},{"arcs":[[1683,1684,1685,-1671,1686,-1050]],"type":"Polygon","properties":{"n":"Kaliyanpur Jagoo","c":148167,"d":"Auraiya","s":"UTTAR PRADESH"}},{"arcs":[[1687,-301,-1209,1688,-1232]],"type":"Polygon","properties":{"n":"Shankarpur","c":148117,"d":"Auraiya","s":"UTTAR PRADESH"}},{"arcs":[[1689,-279,-342,1690]],"type":"Polygon","properties":{"n":"Karauli","c":148227,"d":"Auraiya","s":"UTTAR PRADESH"}},{"arcs":[[-1344,1691,1692,-305,-294,1693,-854]],"type":"Polygon","properties":{"n":"Kalabojh","c":148112,"d":"Auraiya","s":"UTTAR PRADESH"}},{"arcs":[[1694,-904,1695,1696,1697,1698]],"type":"Polygon","properties":{"n":"Fatehpur Ramu","c":148554,"d":"Auraiya","s":"UTTAR PRADESH"}},{"arcs":[[1699,1700,1701,1702,1703,1704,1705,1706,1707,-1696,-903]],"type":"Polygon","properties":{"n":"Jua","c":148559,"d":"Auraiya","s":"UTTAR PRADESH"}},{"arcs":[[-1200,-1103,1708,1709,-77,1710,-1601,-1653]],"type":"Polygon","properties":{"n":"Hartauli","c":148434,"d":"Auraiya","s":"UTTAR PRADESH"}},{"arcs":[[1711,-1113,1712,-1700,-902,1713]],"type":"Polygon","properties":{"n":"Fateh Pur Lakhami","c":148557,"d":"Auraiya","s":"UTTAR PRADESH"}},{"arcs":[[-1395,-1596,1714,1715,1716,-1207,1717,-1664,-1388]],"type":"Polygon","properties":{"n":"Tarrai","c":148566,"d":"Auraiya","s":"UTTAR PRADESH"}},{"arcs":[[-1401,-1663,-558,-1649,1718,-1408]],"type":"Polygon","properties":{"n":"Saidpur","c":148502,"d":"Auraiya","s":"UTTAR PRADESH"}},{"arcs":[[1719,-677,-1010,-1007]],"type":"Polygon","properties":{"n":"Kazipur","c":148645,"d":"Auraiya","s":"UTTAR PRADESH"}},{"arcs":[[-268,-1435,1720,1721,-786]],"type":"Polygon","properties":{"n":"Chirauli Eksucs 1/3","c":148217,"d":"Auraiya","s":"UTTAR PRADESH"}},{"arcs":[[-314,-609,-386,-244,1722]],"type":"Polygon","properties":{"n":"Garhwana","c":148232,"d":"Auraiya","s":"UTTAR PRADESH"}},{"arcs":[[1723,-1572,1724,-249,-596,-303]],"type":"Polygon","properties":{"n":"Kusmara","c":148128,"d":"Auraiya","s":"UTTAR PRADESH"}},{"arcs":[[1725,-1646,1726,1727,1728,-136]],"type":"Polygon","properties":{"n":"Bhikhra","c":148142,"d":"Auraiya","s":"UTTAR PRADESH"}},{"arcs":[[-336,1729,-1438,1730,-271]],"type":"Polygon","properties":{"n":"Barerahar","c":148213,"d":"Auraiya","s":"UTTAR PRADESH"}},{"arcs":[[-1722,1731,-520,1732,1733,-1093,1734,-1436,-1730,-335,-787]],"type":"Polygon","properties":{"n":"Patna Bela","c":148215,"d":"Auraiya","s":"UTTAR PRADESH"}},{"arcs":[[1735,-777,-837,1736,1737,-43]],"type":"Polygon","properties":{"n":"Ajanpur","c":148769,"d":"Auraiya","s":"UTTAR PRADESH"}},{"arcs":[[-781,-1066,-514,-1152,-1263,-779,1738,-976]],"type":"Polygon","properties":{"n":"Rautiyapur","c":148774,"d":"Auraiya","s":"UTTAR PRADESH"}},{"arcs":[[1739,-394,-1363,-833,-816,-812]],"type":"Polygon","properties":{"n":"Bharatpur","c":148806,"d":"Auraiya","s":"UTTAR PRADESH"}},{"arcs":[[-1739,-778,-1736,-42,1740,-977]],"type":"Polygon","properties":{"n":"Garhiya Baksi Ram","c":148772,"d":"Auraiya","s":"UTTAR PRADESH"}},{"arcs":[[-1360,-840,1741,-1347,-831]],"type":"Polygon","properties":{"n":"Keshipur","c":148734,"d":"Auraiya","s":"UTTAR PRADESH"}},{"arcs":[[1742,1743,-1078,-1367,1744,1745]],"type":"Polygon","properties":{"n":"Ikorapur","c":148826,"d":"Auraiya","s":"UTTAR PRADESH"}},{"arcs":[[1746,-1012,-456,1747,-1525,1748,1749,1750]],"type":"Polygon","properties":{"n":"Akbarpur Danda","c":148631,"d":"Auraiya","s":"UTTAR PRADESH"}},{"arcs":[[1751,1752,1753]],"type":"Polygon","properties":{"n":"Rasulpur Sujan Singh","c":148474,"d":"Auraiya","s":"UTTAR PRADESH"}},{"arcs":[[1754,1755,1756,1757,1758,1759]],"type":"Polygon","properties":{"n":"Phoolpur","c":148463,"d":"Auraiya","s":"UTTAR PRADESH"}},{"arcs":[[1760,1761,-1318,-670,-1720,-1006,1762,1763,1764]],"type":"Polygon","properties":{"n":"Birsinghpur","c":148638,"d":"Auraiya","s":"UTTAR PRADESH"}},{"arcs":[[1765,1766,-1009,-1013,-1747,1767,-1459]],"type":"Polygon","properties":{"n":"Gadanpur","c":148634,"d":"Auraiya","s":"UTTAR PRADESH"}},{"arcs":[[1768,-683,-628,1769,-1543,1770,1771,-1765,1772,1773]],"type":"Polygon","properties":{"n":"Jaitpur Phaphund","c":148640,"d":"Auraiya","s":"UTTAR PRADESH"}},{"arcs":[[1774,1775,-1641,1776,1777,-1672,-1686]],"type":"Polygon","properties":{"n":"Bhasora","c":148323,"d":"Auraiya","s":"UTTAR PRADESH"}},{"arcs":[[1778,-1031,1779,1780,1781,-601,1782]],"type":"Polygon","properties":{"n":"Gunauli","c":148293,"d":"Auraiya","s":"UTTAR PRADESH"}},{"arcs":[[-232,1783,1784,-1513,1785,1786,1787,1788,1789,1790]],"type":"Polygon","properties":{"n":"Lakhunon","c":148395,"d":"Auraiya","s":"UTTAR PRADESH"}},{"arcs":[[1791,1792,1793,-380,1794]],"type":"Polygon","properties":{"n":"Bondepur","c":148250,"d":"Auraiya","s":"UTTAR PRADESH"}},{"arcs":[[-1470,-870,-1118,-1592,1795,1796,1797,1798,-1637,1799]],"type":"Polygon","properties":{"n":"Kanhon","c":148347,"d":"Auraiya","s":"UTTAR PRADESH"}},{"arcs":[[-1562,1800,-1410,1801,-92,-178,-1553,1802]],"type":"Polygon","properties":{"n":"Doria","c":148266,"d":"Auraiya","s":"UTTAR PRADESH"}},{"arcs":[[-1251,-1392,-1578,-585,1803,1804]],"type":"Polygon","properties":{"n":"Rampur Kunwar","c":148301,"d":"Auraiya","s":"UTTAR PRADESH"}},{"arcs":[[-263,-603,1805,-1781,1806,-1795,-379,-367]],"type":"Polygon","properties":{"n":"Guwari","c":148249,"d":"Auraiya","s":"UTTAR PRADESH"}},{"arcs":[[-229,-1423,1807,-1733,-519]],"type":"Polygon","properties":{"n":"Purwa Pandpur","c":148356,"d":"Auraiya","s":"UTTAR PRADESH"}},{"arcs":[[1808,-1422,-371,-522]],"type":"Polygon","properties":{"n":"Patti Torana","c":148363,"d":"Auraiya","s":"UTTAR PRADESH"}},{"arcs":[[-534,1809,-250,-1644,-290,1810]],"type":"Polygon","properties":{"n":"Marokh Mit","c":148203,"d":"Auraiya","s":"UTTAR PRADESH"}},{"arcs":[[1811,-365,1812,-535,-1811,-645]],"type":"Polygon","properties":{"n":"Nawada Dandu","c":148204,"d":"Auraiya","s":"UTTAR PRADESH"}},{"arcs":[[1813,-259,-369,-378,-607,-435]],"type":"Polygon","properties":{"n":"Masodpur","c":148121,"d":"Auraiya","s":"UTTAR PRADESH"}},{"arcs":[[1814,-765,1815,1816]],"type":"Polygon","properties":{"n":"Kuchela","c":148028,"d":"Auraiya","s":"UTTAR PRADESH"}},{"arcs":[[1817,1818,1819,1820,1821,-728,-756,-1815,1822,1823]],"type":"Polygon","properties":{"n":"Dobaa Mafi","c":148043,"d":"Auraiya","s":"UTTAR PRADESH"}},{"arcs":[[1824,1825,1826,1827]],"type":"Polygon","properties":{"n":"Bhatpura","c":148046,"d":"Auraiya","s":"UTTAR PRADESH"}},{"arcs":[[1828,-763,-762,1829,1830]],"type":"Polygon","properties":{"n":"Nagla Daulat","c":148021,"d":"Auraiya","s":"UTTAR PRADESH"}},{"arcs":[[1831,-1823,-1817,1832,1833]],"type":"Polygon","properties":{"n":"Kukarkat","c":148024,"d":"Auraiya","s":"UTTAR PRADESH"}},{"arcs":[[1834,1835,-1831,1836,1837]],"type":"Polygon","properties":{"n":"Nagla Bans","c":148020,"d":"Auraiya","s":"UTTAR PRADESH"}},{"arcs":[[1838,-1520,1839,1840,1841,1842,1843]],"type":"Polygon","properties":{"n":"Ghasara","c":148238,"d":"Auraiya","s":"UTTAR PRADESH"}},{"arcs":[[-983,1844,1845,1846,-1633,1847,-1619]],"type":"Polygon","properties":{"n":"Aghara","c":148403,"d":"Auraiya","s":"UTTAR PRADESH"}},{"arcs":[[-1253,1848,1849,1850,1851,-989]],"type":"Polygon","properties":{"n":"Birpur","c":148299,"d":"Auraiya","s":"UTTAR PRADESH"}},{"arcs":[[1852,1853,-105,1854,1855]],"type":"Polygon","properties":{"n":"Purwa Chandraman","c":148240,"d":"Auraiya","s":"UTTAR PRADESH"}},{"arcs":[[-355,-1476,1856,1857,1858]],"type":"Polygon","properties":{"n":"Manyoda","c":148375,"d":"Auraiya","s":"UTTAR PRADESH"}},{"arcs":[[-1794,1859,1860,-381]],"type":"Polygon","properties":{"n":"Lalpur","c":148251,"d":"Auraiya","s":"UTTAR PRADESH"}},{"arcs":[[-1478,1861,-1484]],"type":"Polygon","properties":{"n":"Tatarpur Kalan","c":148704,"d":"Auraiya","s":"UTTAR PRADESH"}},{"arcs":[[1862,1863,-1761,-1772]],"type":"Polygon","properties":{"n":"Karahi","c":148641,"d":"Auraiya","s":"UTTAR PRADESH"}},{"arcs":[[1864,-459,-595,1865,-165,-6]],"type":"Polygon","properties":{"n":"Muhiuddinpur","c":148500,"d":"Auraiya","s":"UTTAR PRADESH"}},{"arcs":[[1866,1867,1868,-1544,-411,1869,1870,-80]],"type":"Polygon","properties":{"n":"Lakhanpur","c":148599,"d":"Auraiya","s":"UTTAR PRADESH"}},{"arcs":[[-691,1871,1872]],"type":"Polygon","properties":{"n":"Gauri Ganga Prasad","c":148671,"d":"Auraiya","s":"UTTAR PRADESH"}},{"arcs":[[1873,-1309,1874,1875,1876,-1316,-1612]],"type":"Polygon","properties":{"n":"Keshampur Kham","c":148654,"d":"Auraiya","s":"UTTAR PRADESH"}},{"arcs":[[1877,-640,1878,1879,1880]],"type":"Polygon","properties":{"n":"Aima Paigambarpur","c":0,"d":"Auraiya","s":"UTTAR PRADESH"}},{"arcs":[[-1236,-1661,-1097,1881,1882,1883]],"type":"Polygon","properties":{"n":"Kanauji Masamooli Madhawapur","c":148421,"d":"Auraiya","s":"UTTAR PRADESH"}},{"arcs":[[-1882,-1096,1884,1885]],"type":"Polygon","properties":{"n":"Madarakhapur","c":148420,"d":"Auraiya","s":"UTTAR PRADESH"}},{"arcs":[[-1885,-1105,-1202,-1652,1886,1887]],"type":"Polygon","properties":{"n":"Kanmau","c":148419,"d":"Auraiya","s":"UTTAR PRADESH"}},{"arcs":[[1888,-1115,1889,-1714,-901,-897,-1574,-1577]],"type":"Polygon","properties":{"n":"Salhoopur","c":148331,"d":"Auraiya","s":"UTTAR PRADESH"}},{"arcs":[[-1796,-1591,-1670,1890,-1059,1891,1892,-1716,1893,1894]],"type":"Polygon","properties":{"n":"Khanpur Phaphund","c":148577,"d":"Auraiya","s":"UTTAR PRADESH"}},{"arcs":[[-749,1895,1896,1897,1898,-1337,-740]],"type":"Polygon","properties":{"n":"Nagla Hirmi","c":148055,"d":"Auraiya","s":"UTTAR PRADESH"}},{"arcs":[[1899,-682,-1022,1900]],"type":"Polygon","properties":{"n":"Kashari","c":148190,"d":"Auraiya","s":"UTTAR PRADESH"}},{"arcs":[[-998,-1070,-510,-850,-1362,-828,1901]],"type":"Polygon","properties":{"n":"Nawada Jwala Prasad","c":148717,"d":"Auraiya","s":"UTTAR PRADESH"}},{"arcs":[[1902,-1304,-18,1903,-132,1904]],"type":"Polygon","properties":{"n":"Karampur","c":148750,"d":"Auraiya","s":"UTTAR PRADESH"}},{"arcs":[[-474,-1120,1905]],"type":"Polygon","properties":{"n":"Khajuha","c":148661,"d":"Auraiya","s":"UTTAR PRADESH"}},{"arcs":[[1906,1907,1908,1909,1910]],"type":"Polygon","properties":{"n":"Itha","c":148664,"d":"Auraiya","s":"UTTAR PRADESH"}},{"arcs":[[-1003,1911,1912,1913,1914,1915,1916]],"type":"Polygon","properties":{"n":"Sikrori","c":148468,"d":"Auraiya","s":"UTTAR PRADESH"}},{"arcs":[[-1434,-528,-516,-1732,-1721]],"type":"Polygon","properties":{"n":"Matera","c":148216,"d":"Auraiya","s":"UTTAR PRADESH"}},{"arcs":[[-376,-608]],"type":"Polygon","properties":{"n":"Ratha Bujhoua","c":148120,"d":"Auraiya","s":"UTTAR PRADESH"}},{"arcs":[[-619,-591,-1177,1917,1918]],"type":"Polygon","properties":{"n":"Sahaspur","c":148074,"d":"Auraiya","s":"UTTAR PRADESH"}},{"arcs":[[-15,1919,-1828,1920,1921,1922]],"type":"Polygon","properties":{"n":"Gazipur","c":148026,"d":"Auraiya","s":"UTTAR PRADESH"}},{"arcs":[[-1835,1923,1924]],"type":"Polygon","properties":{"n":"Turakpur Yasin","c":148019,"d":"Auraiya","s":"UTTAR PRADESH"}},{"arcs":[[1925,1926,-1834,1927,-764,-1829,-1836,-1925,1928,1929]],"type":"Polygon","properties":{"n":"Umrani","c":148018,"d":"Auraiya","s":"UTTAR PRADESH"}},{"arcs":[[1930,-1922,1931,1932,-1824,-1832,-1927,1933,1934]],"type":"Polygon","properties":{"n":"Rampura","c":148017,"d":"Auraiya","s":"UTTAR PRADESH"}},{"arcs":[[1935,-1368,-395,-1740,-811,1936,1937]],"type":"Polygon","properties":{"n":"Turkipur Chittar Singh","c":148823,"d":"Auraiya","s":"UTTAR PRADESH"}},{"arcs":[[-1260,1938,-909,-917,-1119,-868,1939]],"type":"Polygon","properties":{"n":"Gulriha","c":148406,"d":"Auraiya","s":"UTTAR PRADESH"}},{"arcs":[[-862,1940,1941,-1883,-1886,-1888,1942,-1454,-1255,-1042]],"type":"Polygon","properties":{"n":"Sahayal","c":148390,"d":"Auraiya","s":"UTTAR PRADESH"}},{"arcs":[[-1252,-1805,1943,-1849]],"type":"Polygon","properties":{"n":"Sheupur","c":148300,"d":"Auraiya","s":"UTTAR PRADESH"}},{"arcs":[[1944,-1563,-1803,-1552,1945,-73]],"type":"Polygon","properties":{"n":"Raipur Phaphoond","c":148265,"d":"Auraiya","s":"UTTAR PRADESH"}},{"arcs":[[-1428,-578,1946,-1258,1947,1948]],"type":"Polygon","properties":{"n":"Purwa Fakire","c":148416,"d":"Auraiya","s":"UTTAR PRADESH"}},{"arcs":[[1949,1950,-1941,-861,1951]],"type":"Polygon","properties":{"n":"Bhitara Gaon","c":148393,"d":"Auraiya","s":"UTTAR PRADESH"}},{"arcs":[[-1564,-1945,-72,1952,1953]],"type":"Polygon","properties":{"n":"Chandpur Garhia","c":148260,"d":"Auraiya","s":"UTTAR PRADESH"}},{"arcs":[[-168,-417,-157,1954,1955]],"type":"Polygon","properties":{"n":"Durbashpur","c":148498,"d":"Auraiya","s":"UTTAR PRADESH"}},{"arcs":[[1956,1957,-1753,1958,1959,-1755,1960,1961]],"type":"Polygon","properties":{"n":"Mohari","c":148470,"d":"Auraiya","s":"UTTAR PRADESH"}},{"arcs":[[1962,-1870,-414,1963,1964,-82]],"type":"Polygon","properties":{"n":"Harrajpur","c":148595,"d":"Auraiya","s":"UTTAR PRADESH"}},{"arcs":[[1965,1966,-1538,-1617,1967,1968,-1580]],"type":"Polygon","properties":{"n":"Kanchausi","c":148673,"d":"Auraiya","s":"UTTAR PRADESH"}},{"arcs":[[1969,1970,1971,1972]],"type":"Polygon","properties":{"n":"Ampur","c":148604,"d":"Auraiya","s":"UTTAR PRADESH"}},{"arcs":[[-634,1973,1974,1975]],"type":"Polygon","properties":{"n":"Sehudpur","c":148618,"d":"Auraiya","s":"UTTAR PRADESH"}},{"arcs":[[1976,1977,1978,1979]],"type":"Polygon","properties":{"n":"Udaittpur","c":148084,"d":"Auraiya","s":"UTTAR PRADESH"}},{"arcs":[[1980,-409,1981,-1018,1982]],"type":"Polygon","properties":{"n":"Sarai Kachhwaha","c":148093,"d":"Auraiya","s":"UTTAR PRADESH"}},{"arcs":[[1983,-1901,-1021,-95]],"type":"Polygon","properties":{"n":"Amritpur","c":148189,"d":"Auraiya","s":"UTTAR PRADESH"}},{"arcs":[[1984,-1621,1985,-1787]],"type":"Polygon","properties":{"n":"Mudaina Chhadami Lal","c":148411,"d":"Auraiya","s":"UTTAR PRADESH"}},{"arcs":[[-1857,-1475,-1469,1986,1987,-1524,1988,-1228,1989]],"type":"Polygon","properties":{"n":"Pura Kalan","c":148373,"d":"Auraiya","s":"UTTAR PRADESH"}},{"arcs":[[1990]],"type":"Polygon","properties":{"n":"Tilakpur Sakheri","c":148318,"d":"Auraiya","s":"UTTAR PRADESH"}},{"arcs":[[1991,1992,-1511,-1514,-1785,1993,-226]],"type":"Polygon","properties":{"n":"Ingura","c":148398,"d":"Auraiya","s":"UTTAR PRADESH"}},{"arcs":[[1994,-454,-1287,1995,-467,-443,-1127,1996,-664,-1527]],"type":"Polygon","properties":{"n":"Chapta","c":148547,"d":"Auraiya","s":"UTTAR PRADESH"}},{"arcs":[[-696,-1288,-452,-1324]],"type":"Polygon","properties":{"n":"Garha Manik Chandra","c":148745,"d":"Auraiya","s":"UTTAR PRADESH"}},{"arcs":[[1997,-1908,1998,-491,1999,-475,-1906,-1122,2000,2001,-950]],"type":"Polygon","properties":{"n":"Nauli","c":148666,"d":"Auraiya","s":"UTTAR PRADESH"}},{"arcs":[[-639,-1126,2002,2003,-1879]],"type":"Polygon","properties":{"n":"Tarwabiku","c":148517,"d":"Auraiya","s":"UTTAR PRADESH"}},{"arcs":[[-446,2004,-635,-1878,2005,-667]],"type":"Polygon","properties":{"n":"Mirzapur Khurd","c":148540,"d":"Auraiya","s":"UTTAR PRADESH"}},{"arcs":[[-280,2006,-236,-68,2007]],"type":"Polygon","properties":{"n":"Oron","c":148369,"d":"Auraiya","s":"UTTAR PRADESH"}},{"arcs":[[2008,2009,-156,2010,2011,2012,2013]],"type":"Polygon","properties":{"n":"Sinduriya Alampur","c":148629,"d":"Auraiya","s":"UTTAR PRADESH"}},{"arcs":[[-1581,-1969,2014,-78,-1710]],"type":"Polygon","properties":{"n":"Jamauli","c":148672,"d":"Auraiya","s":"UTTAR PRADESH"}},{"arcs":[[2015,-1955,-164,-1490,2016,2017]],"type":"Polygon","properties":{"n":"Beri Dhankar","c":148496,"d":"Auraiya","s":"UTTAR PRADESH"}},{"arcs":[[-630,-686,2018,2019,-1056,2020]],"type":"Polygon","properties":{"n":"Gujaripur","c":148612,"d":"Auraiya","s":"UTTAR PRADESH"}},{"arcs":[[2021,-2014,2022,2023]],"type":"Polygon","properties":{"n":"Pasaipur Keshampur","c":148573,"d":"Auraiya","s":"UTTAR PRADESH"}},{"arcs":[[2024,-1750,2025,-148,-2010,2026]],"type":"Polygon","properties":{"n":"Mamrazpur Kham","c":148630,"d":"Auraiya","s":"UTTAR PRADESH"}},{"arcs":[[2027,-1758,2028,2029,2030,2031,2032]],"type":"Polygon","properties":{"n":"Dahiyapur","c":148461,"d":"Auraiya","s":"UTTAR PRADESH"}},{"arcs":[[-1568,-1450,-1243,2033,2034,-1467,-1474]],"type":"Polygon","properties":{"n":"Mahrajpur Bidhuna","c":148426,"d":"Auraiya","s":"UTTAR PRADESH"}},{"arcs":[[-588,-1575,-899,-906,-580,2035]],"type":"Polygon","properties":{"n":"Nagla Andhiyiri","c":148286,"d":"Auraiya","s":"UTTAR PRADESH"}},{"arcs":[[-1411,-1801,-1561]],"type":"Polygon","properties":{"n":"Pasaipur","c":148268,"d":"Auraiya","s":"UTTAR PRADESH"}},{"arcs":[[2036,-1691,-341,-1014,2037]],"type":"Polygon","properties":{"n":"Bela","c":148225,"d":"Auraiya","s":"UTTAR PRADESH"}},{"arcs":[[-133,-1904,-22,2038,2039]],"type":"Polygon","properties":{"n":"Sekhpur Karam","c":148751,"d":"Auraiya","s":"UTTAR PRADESH"}},{"arcs":[[-1351,2040,-2039,-21,2041,-1073,-999,-1902,-827,-887,-1155]],"type":"Polygon","properties":{"n":"Rosangpur","c":148739,"d":"Auraiya","s":"UTTAR PRADESH"}},{"arcs":[[-1737,-839,-1305,-1903,2042,-1274,2043]],"type":"Polygon","properties":{"n":"Mihauli","c":148768,"d":"Auraiya","s":"UTTAR PRADESH"}},{"arcs":[[-52,-1549,-1551,2044]],"type":"Polygon","properties":{"n":"Asewta","c":148695,"d":"Auraiya","s":"UTTAR PRADESH"}},{"arcs":[[2045,-1471,-1800,-1636]],"type":"Polygon","properties":{"n":"Dakhnai","c":148338,"d":"Auraiya","s":"UTTAR PRADESH"}},{"arcs":[[-1944,-1804,-589,-2036,-361,2046,-1850]],"type":"Polygon","properties":{"n":"Bajhera","c":148284,"d":"Auraiya","s":"UTTAR PRADESH"}},{"arcs":[[-1625,2047,-1948,-1262,-981,2048]],"type":"Polygon","properties":{"n":"Bahalolpur","c":148414,"d":"Auraiya","s":"UTTAR PRADESH"}},{"arcs":[[-1622,-1257,-1429,-1949,-2048,-1624]],"type":"Polygon","properties":{"n":"Bhatauli Phaphoond","c":148415,"d":"Auraiya","s":"UTTAR PRADESH"}},{"arcs":[[-1778,2049,-1673]],"type":"Polygon","properties":{"n":"Purwa Makai","c":148320,"d":"Auraiya","s":"UTTAR PRADESH"}},{"arcs":[[-1674,-2050,-1777,2050,-1630,-1034,2051,2052,-1131,2053,-1679],[-1991]],"type":"Polygon","properties":{"n":"Doraon","c":148319,"d":"Auraiya","s":"UTTAR PRADESH"}},{"arcs":[[-1858,-1990,-1227,-1420,2054]],"type":"Polygon","properties":{"n":"Thurpip Urf Dhupkari Thulpia U","c":148374,"d":"Auraiya","s":"UTTAR PRADESH"}},{"arcs":[[-233,-1791,2055,-1090,-531]],"type":"Polygon","properties":{"n":"Bhahadur Pur Sahar","c":148350,"d":"Auraiya","s":"UTTAR PRADESH"}},{"arcs":[[2056,2057,-1134,-1417,2058]],"type":"Polygon","properties":{"n":"Bijaura","c":148132,"d":"Auraiya","s":"UTTAR PRADESH"}},{"arcs":[[2059,2060,-1676,-1678,2061,2062,-1329]],"type":"Polygon","properties":{"n":"Purwa Bhara Mal","c":148315,"d":"Auraiya","s":"UTTAR PRADESH"}},{"arcs":[[2063,2064,-129,-1346,2065,2066,2067]],"type":"Polygon","properties":{"n":"Akbarpur","c":148687,"d":"Auraiya","s":"UTTAR PRADESH"}},{"arcs":[[-1370,-134,-2040,-2041,-1350,2068,2069]],"type":"Polygon","properties":{"n":"Hasuliya","c":148736,"d":"Auraiya","s":"UTTAR PRADESH"}},{"arcs":[[2070,-59,-204]],"type":"Polygon","properties":{"n":"Mishrapur Manik Chand","c":148725,"d":"Auraiya","s":"UTTAR PRADESH"}},{"arcs":[[2071,-935,-1382,-67,-196,-1380,-706,-208]],"type":"Polygon","properties":{"n":"Bhaupur Auaiya","c":148843,"d":"Auraiya","s":"UTTAR PRADESH"}},{"arcs":[[-216,2072,-1583,-31,-851]],"type":"Polygon","properties":{"n":"Bhartaul","c":148711,"d":"Auraiya","s":"UTTAR PRADESH"}},{"arcs":[[-503,-1483,-708,-1379,2073,-1183,-1486,2074]],"type":"Polygon","properties":{"n":"Jarhauliya","c":148798,"d":"Auraiya","s":"UTTAR PRADESH"}},{"arcs":[[2075,2076,-1745,-1369,-1936,2077]],"type":"Polygon","properties":{"n":"Biriya Auraiya","c":148822,"d":"Auraiya","s":"UTTAR PRADESH"}},{"arcs":[[-823,2078,-1743,2079,2080]],"type":"Polygon","properties":{"n":"Bahadurpur Inguthiya","c":148827,"d":"Auraiya","s":"UTTAR PRADESH"}},{"arcs":[[-2043,-1905,-131,-56,-1275]],"type":"Polygon","properties":{"n":"Vikrampur","c":148749,"d":"Auraiya","s":"UTTAR PRADESH"}},{"arcs":[[2081,-536,2082,-1298]],"type":"Polygon","properties":{"n":"Rurua Phaphund","c":148682,"d":"Auraiya","s":"UTTAR PRADESH"}},{"arcs":[[-490,-1359,2083,-476,-2000]],"type":"Polygon","properties":{"n":"Chichauli","c":148817,"d":"Auraiya","s":"UTTAR PRADESH"}},{"arcs":[[-1308,2084,-1375,2085,-45,2086,-1264,2087,-1875]],"type":"Polygon","properties":{"n":"Talehpur","c":148758,"d":"Auraiya","s":"UTTAR PRADESH"}},{"arcs":[[2088,-1494,-1162,-540,-824,-2081,2089,-1463,-1355,-438]],"type":"Polygon","properties":{"n":"Burhadana","c":148680,"d":"Auraiya","s":"UTTAR PRADESH"}},{"arcs":[[2090,2091,-818,-836,-979,-1376,-2085,-1307,-480]],"type":"Polygon","properties":{"n":"Sherpur Sariya","c":148663,"d":"Auraiya","s":"UTTAR PRADESH"}},{"arcs":[[-1286,-1373,2092,-468,-1996]],"type":"Polygon","properties":{"n":"Purwadori","c":148548,"d":"Auraiya","s":"UTTAR PRADESH"}},{"arcs":[[-486,-547,-1278,-1284,-694]],"type":"Polygon","properties":{"n":"Tilakpur","c":148754,"d":"Auraiya","s":"UTTAR PRADESH"}},{"arcs":[[2093,2094,2095,-187]],"type":"Polygon","properties":{"n":"Rajpura","c":148685,"d":"Auraiya","s":"UTTAR PRADESH"}},{"arcs":[[-750,-738,2096,-1826,2097]],"type":"Polygon","properties":{"n":"Airwa Kuili","c":148050,"d":"Auraiya","s":"UTTAR PRADESH"}},{"arcs":[[2098,-423,-752,2099]],"type":"Polygon","properties":{"n":"Beelpur Airwa","c":148062,"d":"Auraiya","s":"UTTAR PRADESH"}},{"arcs":[[-1827,-2097,-743,2100,2101,2102,-1819,2103,-1932,-1921]],"type":"Polygon","properties":{"n":"Airwatikta","c":148045,"d":"Auraiya","s":"UTTAR PRADESH"}},{"arcs":[[-1871,-1963,-81]],"type":"Polygon","properties":{"n":"Merakhpur","c":148596,"d":"Auraiya","s":"UTTAR PRADESH"}},{"arcs":[[-1802,-1409,-1719,-1651,-1658,2104,-1405,-89]],"type":"Polygon","properties":{"n":"Rahamapur","c":148501,"d":"Auraiya","s":"UTTAR PRADESH"}},{"arcs":[[2105,2106,-1894,-1715,-1595,2107]],"type":"Polygon","properties":{"n":"Mamrezpur Al","c":148343,"d":"Auraiya","s":"UTTAR PRADESH"}},{"arcs":[[2108,-1398,-1444,-914]],"type":"Polygon","properties":{"n":"Chandpura","c":148280,"d":"Auraiya","s":"UTTAR PRADESH"}},{"arcs":[[-1943,-1887,-1654,-1599,2109,-1452]],"type":"Polygon","properties":{"n":"Taiya Pur","c":148417,"d":"Auraiya","s":"UTTAR PRADESH"}},{"arcs":[[-1895,-2107,2110,-1797]],"type":"Polygon","properties":{"n":"Shah Nagara","c":148344,"d":"Auraiya","s":"UTTAR PRADESH"}},{"arcs":[[-2110,-1598,-575,-1453]],"type":"Polygon","properties":{"n":"Niranjanpur","c":148432,"d":"Auraiya","s":"UTTAR PRADESH"}},{"arcs":[[2111,2112,2113,2114,2115]],"type":"Polygon","properties":{"n":"Badanpur","c":148400,"d":"Auraiya","s":"UTTAR PRADESH"}},{"arcs":[[-2052,-1033,-992,-1029,-1779,2116]],"type":"Polygon","properties":{"n":"Salempur","c":148294,"d":"Auraiya","s":"UTTAR PRADESH"}},{"arcs":[[-1780,-1030,-990,-1852,2117,2118,-1792,-1807]],"type":"Polygon","properties":{"n":"Achhalda (NP)","c":800987,"d":"Auraiya","s":"UTTAR PRADESH"}},{"arcs":[[-1793,-2119,2119,-1521,2120,-1860]],"type":"Polygon","properties":{"n":"Turkpur","c":148252,"d":"Auraiya","s":"UTTAR PRADESH"}},{"arcs":[[-1782,-1806,-602]],"type":"Polygon","properties":{"n":"Khurda","c":148292,"d":"Auraiya","s":"UTTAR PRADESH"}},{"arcs":[[-2115,2121,-1505,2122,-1992,-225,2123]],"type":"Polygon","properties":{"n":"Barau","c":148399,"d":"Auraiya","s":"UTTAR PRADESH"}},{"arcs":[[-1261,-1940,-867,2124,-1845]],"type":"Polygon","properties":{"n":"Purwa Walai","c":148405,"d":"Auraiya","s":"UTTAR PRADESH"}},{"arcs":[[2125,-74,-1946,-1555,2126,-107,2127]],"type":"Polygon","properties":{"n":"Chimkuni","c":148262,"d":"Auraiya","s":"UTTAR PRADESH"}},{"arcs":[[-533,-1089,-251,-1810]],"type":"Polygon","properties":{"n":"Purwa Khagan","c":148348,"d":"Auraiya","s":"UTTAR PRADESH"}},{"arcs":[[-1570,-1497,-1331,2128,2129,2130,2131,-2059,-1418,-597,-247]],"type":"Polygon","properties":{"n":"Ruru Kala","c":148311,"d":"Auraiya","s":"UTTAR PRADESH"}},{"arcs":[[-2064,2132,2133]],"type":"Polygon","properties":{"n":" ","c":0,"d":"Auraiya","s":"UTTAR PRADESH"}},{"arcs":[[-339,-310,-1342,-113,-1221,-1024,-1588]],"type":"Polygon","properties":{"n":" ","c":148193,"d":"Auraiya","s":"UTTAR PRADESH"}},{"arcs":[[-858,2134,2135,2136]],"type":"Polygon","properties":{"n":" ","c":148086,"d":"Auraiya","s":"UTTAR PRADESH"}},{"arcs":[[-174,2137,-1557,2138]],"type":"Polygon","properties":{"n":" ","c":148270,"d":"Auraiya","s":"UTTAR PRADESH"}},{"arcs":[[-1468,-2035,2139,-1238,-1950,2140,-1987]],"type":"Polygon","properties":{"n":"Parsu","c":148380,"d":"Auraiya","s":"UTTAR PRADESH"}},{"arcs":[[2141,-1447,-1567]],"type":"Polygon","properties":{"n":"Karchala","c":148427,"d":"Auraiya","s":"UTTAR PRADESH"}},{"arcs":[[2142,-1798,-2111,-2106,2143,2144]],"type":"Polygon","properties":{"n":"Pata","c":148345,"d":"Auraiya","s":"UTTAR PRADESH"}},{"arcs":[[-2144,-2108,-1597,-1393,-1248,2145,2146]],"type":"Polygon","properties":{"n":"Dharampur Jahurali","c":148340,"d":"Auraiya","s":"UTTAR PRADESH"}},{"arcs":[[-1237,-1884,-1942,-1951]],"type":"Polygon","properties":{"n":"Mugriha","c":148394,"d":"Auraiya","s":"UTTAR PRADESH"}},{"arcs":[[2147,-656,-700,-189,2148,2149,2150,-1296,-1607,2151]],"type":"Polygon","properties":{"n":"Malgawan","c":148487,"d":"Auraiya","s":"UTTAR PRADESH"}},{"arcs":[[2152,-2001,-1121,-482,-1290,-1320,-1531]],"type":"Polygon","properties":{"n":"Simhara","c":148659,"d":"Auraiya","s":"UTTAR PRADESH"}},{"arcs":[[2153,2154,2155,-1912,-1002]],"type":"Polygon","properties":{"n":"Bhureypur Kalan","c":148469,"d":"Auraiya","s":"UTTAR PRADESH"}},{"arcs":[[2156,-494,-1608,-1294]],"type":"Polygon","properties":{"n":"Bansiyapur","c":148483,"d":"Auraiya","s":"UTTAR PRADESH"}},{"arcs":[[2157,-124,2158,2159,-1971]],"type":"Polygon","properties":{"n":"Ratua","c":148606,"d":"Auraiya","s":"UTTAR PRADESH"}},{"arcs":[[-1139,-101,-1016,2160,-93,-426,-723]],"type":"Polygon","properties":{"n":"Gaili","c":148188,"d":"Auraiya","s":"UTTAR PRADESH"}},{"arcs":[[2161,2162,2163,2164,2165]],"type":"Polygon","properties":{"n":"Karmoopur","c":148072,"d":"Auraiya","s":"UTTAR PRADESH"}},{"arcs":[[2166,2167,2168,2169,2170,-1220,-1225,2171,-1136,2172,2173,2174]],"type":"Polygon","properties":{"n":"Barauna Kalan","c":148100,"d":"Auraiya","s":"UTTAR PRADESH"}},{"arcs":[[-1144,2175,2176,2177,2178]],"type":"Polygon","properties":{"n":"Gura","c":148146,"d":"Auraiya","s":"UTTAR PRADESH"}},{"arcs":[[2179,2180,-1610,2181,2182,-1756,-1960]],"type":"Polygon","properties":{"n":"Shahpur Tumariha","c":148476,"d":"Auraiya","s":"UTTAR PRADESH"}},{"arcs":[[-123,-1529,2183,2184,2185,-2159]],"type":"Polygon","properties":{"n":"Parghaipur","c":148607,"d":"Auraiya","s":"UTTAR PRADESH"}},{"arcs":[[2186,2187,-460,-1865,-5,2188]],"type":"Polygon","properties":{"n":"Halepur","c":148515,"d":"Auraiya","s":"UTTAR PRADESH"}},{"arcs":[[-2015,-1968,-1616,2189,-1867,-79]],"type":"Polygon","properties":{"n":"Chamaraua","c":148601,"d":"Auraiya","s":"UTTAR PRADESH"}},{"arcs":[[-146,2190,-668,-2006,-1881,2191,-457,-2188,2192,2193]],"type":"Polygon","properties":{"n":"Birhuni","c":148518,"d":"Auraiya","s":"UTTAR PRADESH"}},{"arcs":[[-227,-1994,-1784,-231,2194,-1424]],"type":"Polygon","properties":{"n":"Harpura","c":148396,"d":"Auraiya","s":"UTTAR PRADESH"}},{"arcs":[[-2054,-1130,2195,-1680]],"type":"Polygon","properties":{"n":"Balkhandpur","c":148317,"d":"Auraiya","s":"UTTAR PRADESH"}},{"arcs":[[-1132,-2053,-2117,-1783,-600]],"type":"Polygon","properties":{"n":"Barahar","c":148134,"d":"Auraiya","s":"UTTAR PRADESH"}},{"arcs":[[-1694,-293,-1688,-1231,-855]],"type":"Polygon","properties":{"n":"Bibipur","c":148111,"d":"Auraiya","s":"UTTAR PRADESH"}},{"arcs":[[-285,-652,-274,-1690,-2037,2196,2197]],"type":"Polygon","properties":{"n":"Barkasi","c":148228,"d":"Auraiya","s":"UTTAR PRADESH"}},{"arcs":[[-320,-330,-644,-1174,-37]],"type":"Polygon","properties":{"n":"Belpur Bela","c":148156,"d":"Auraiya","s":"UTTAR PRADESH"}},{"arcs":[[-2165,2198,2199,2200]],"type":"Polygon","properties":{"n":"Har Chandpur","c":148067,"d":"Auraiya","s":"UTTAR PRADESH"}},{"arcs":[[2201,-1339,2202,-2168,2203,2204]],"type":"Polygon","properties":{"n":"Umredhi","c":148099,"d":"Auraiya","s":"UTTAR PRADESH"}},{"arcs":[[2205,2206,-419,2207]],"type":"Polygon","properties":{"n":"Naunakpur","c":148064,"d":"Auraiya","s":"UTTAR PRADESH"}},{"arcs":[[2208,-925,-1660,2209,-566]],"type":"Polygon","properties":{"n":"Dhirpur","c":148441,"d":"Auraiya","s":"UTTAR PRADESH"}},{"arcs":[[-1440,2210,2211,-554,2212,-2017,-1489,2213,2214,2215,-1063,2216]],"type":"Polygon","properties":{"n":"Bhadsan","c":148450,"d":"Auraiya","s":"UTTAR PRADESH"}},{"arcs":[[-1656,2217,-2211,-1439,2218]],"type":"Polygon","properties":{"n":"Rampur Khudapur","c":148448,"d":"Auraiya","s":"UTTAR PRADESH"}},{"arcs":[[-1114,-1712,-1890]],"type":"Polygon","properties":{"n":"Sibupur","c":148558,"d":"Auraiya","s":"UTTAR PRADESH"}},{"arcs":[[-913,2219,-1699,2220,-564,-1662,-1399,-2109]],"type":"Polygon","properties":{"n":"Baghua","c":148281,"d":"Auraiya","s":"UTTAR PRADESH"}},{"arcs":[[2221,2222,2223,-747]],"type":"Polygon","properties":{"n":"Gulalpur","c":148057,"d":"Auraiya","s":"UTTAR PRADESH"}},{"arcs":[[2224]],"type":"Polygon","properties":{"n":"Nagla Kayasthan","c":148069,"d":"Auraiya","s":"UTTAR PRADESH"}},{"arcs":[[-1822,-660,2225,-757,-729]],"type":"Polygon","properties":{"n":"Murcha Musha","c":148035,"d":"Auraiya","s":"UTTAR PRADESH"}},{"arcs":[[-1749,-1528,-149,-2026]],"type":"Polygon","properties":{"n":"Patti Devi","c":148538,"d":"Auraiya","s":"UTTAR PRADESH"}},{"arcs":[[2226,2227,-1983,-1017,2228,2229,2230,2231,-2200]],"type":"Polygon","properties":{"n":"Kaba","c":148092,"d":"Auraiya","s":"UTTAR PRADESH"}},{"arcs":[[2232,-620,-1919,2233,2234,-2177]],"type":"Polygon","properties":{"n":"Mau","c":148147,"d":"Auraiya","s":"UTTAR PRADESH"}},{"arcs":[[-1899,2235,2236,-2169,-2203,-1338]],"type":"Polygon","properties":{"n":"Bhedpur","c":148082,"d":"Auraiya","s":"UTTAR PRADESH"}},{"arcs":[[-2173,-1135,-758,2237]],"type":"Polygon","properties":{"n":"Surajpur Umrain","c":148041,"d":"Auraiya","s":"UTTAR PRADESH"}},{"arcs":[[-2224,2238,-2229,-1020,2239,-1896,-748]],"type":"Polygon","properties":{"n":"Faijullapur","c":148058,"d":"Auraiya","s":"UTTAR PRADESH"}},{"arcs":[[-1711,-76,-891,-1602]],"type":"Polygon","properties":{"n":"Vijhai","c":148435,"d":"Auraiya","s":"UTTAR PRADESH"}},{"arcs":[[-1242,2240,-567,-2210,-1659,-1234,-2140,-2034]],"type":"Polygon","properties":{"n":"Navi Mohan","c":148424,"d":"Auraiya","s":"UTTAR PRADESH"}},{"arcs":[[-1446,2241,-1558,-2138,-173]],"type":"Polygon","properties":{"n":"Mishripur","c":148272,"d":"Auraiya","s":"UTTAR PRADESH"}},{"arcs":[[2242,-1953,-75,-2126,2243,2244]],"type":"Polygon","properties":{"n":"Makrandpur Phaphoond","c":148247,"d":"Auraiya","s":"UTTAR PRADESH"}},{"arcs":[[2245,-2244,-2128,-106,-1854]],"type":"Polygon","properties":{"n":"Purwa Dhamoo Phaphoond","c":148246,"d":"Auraiya","s":"UTTAR PRADESH"}},{"arcs":[[-2003,-1125,-1283,2246,-698,2247]],"type":"Polygon","properties":{"n":"Bilawan","c":148522,"d":"Auraiya","s":"UTTAR PRADESH"}},{"arcs":[[-1909,-1998,-949,2248]],"type":"Polygon","properties":{"n":"Kundra","c":148610,"d":"Auraiya","s":"UTTAR PRADESH"}},{"arcs":[[-1321,-1310,-1874,-1611,-1540]],"type":"Polygon","properties":{"n":"Gamnamau","c":148652,"d":"Auraiya","s":"UTTAR PRADESH"}},{"arcs":[[-657,-2148,2249,2250,-160]],"type":"Polygon","properties":{"n":"Niyamatpur","c":148495,"d":"Auraiya","s":"UTTAR PRADESH"}},{"arcs":[[-675,-1325,-450,-1011]],"type":"Polygon","properties":{"n":"Milak Husainpur Khurd","c":148646,"d":"Auraiya","s":"UTTAR PRADESH"}},{"arcs":[[-1546,2251,-1910,-2249,-948,-120]],"type":"Polygon","properties":{"n":"Dakhalipur","c":148611,"d":"Auraiya","s":"UTTAR PRADESH"}},{"arcs":[[-951,-2002,-2153,-1530]],"type":"Polygon","properties":{"n":"Chirhuliya","c":148609,"d":"Auraiya","s":"UTTAR PRADESH"}},{"arcs":[[-1869,2252,-1314,2253,-1911,-2252,-1545]],"type":"Polygon","properties":{"n":"Kakorbozurg","c":148665,"d":"Auraiya","s":"UTTAR PRADESH"}},{"arcs":[[2254,-2250,-2152,-1606,-2181,2255]],"type":"Polygon","properties":{"n":"Amaota","c":148486,"d":"Auraiya","s":"UTTAR PRADESH"}},{"arcs":[[-1615,-1873,2256,-1311,-2253,-1868,-2190]],"type":"Polygon","properties":{"n":"Usarari","c":148600,"d":"Auraiya","s":"UTTAR PRADESH"}},{"arcs":[[2257,-1914,2258,-1605,2259,-2031]],"type":"Polygon","properties":{"n":"Simar","c":148466,"d":"Auraiya","s":"UTTAR PRADESH"}},{"arcs":[[-1609,-1004,-1917,2260,-2182]],"type":"Polygon","properties":{"n":"Gyanpur Pratap Singh","c":148478,"d":"Auraiya","s":"UTTAR PRADESH"}},{"arcs":[[2261,-2256,-2180,-1959,-1752,2262]],"type":"Polygon","properties":{"n":"Shahbajpur","c":148475,"d":"Auraiya","s":"UTTAR PRADESH"}},{"arcs":[[2263,-1613,-1319,-1762,-1864]],"type":"Polygon","properties":{"n":"Jagjiwanpur","c":148642,"d":"Auraiya","s":"UTTAR PRADESH"}},{"arcs":[[2264,-1300,-687,-1536,-1967]],"type":"Polygon","properties":{"n":"Dauhin","c":148676,"d":"Auraiya","s":"UTTAR PRADESH"}},{"arcs":[[-1866,-594,2265,-653,-415,-166]],"type":"Polygon","properties":{"n":"Chitkapur","c":148491,"d":"Auraiya","s":"UTTAR PRADESH"}},{"arcs":[[-1542,-1614,-2264,-1863,-1771]],"type":"Polygon","properties":{"n":"Shahalampur","c":148643,"d":"Auraiya","s":"UTTAR PRADESH"}},{"arcs":[[2266,-153,-669,-2191,-145,-2]],"type":"Polygon","properties":{"n":"Kakrahiya","c":148519,"d":"Auraiya","s":"UTTAR PRADESH"}},{"arcs":[[-1265,-2087,-44,-1738,-2044,-1273,-1464,-544,-1165]],"type":"Polygon","properties":{"n":"Sahabda","c":148761,"d":"Auraiya","s":"UTTAR PRADESH"}},{"arcs":[[-2069,-1354,2267]],"type":"Polygon","properties":{"n":"Jagatpur","c":148551,"d":"Auraiya","s":"UTTAR PRADESH"}},{"arcs":[[-1270,2268,-2095,2269]],"type":"Polygon","properties":{"n":"Hazipura","c":148686,"d":"Auraiya","s":"UTTAR PRADESH"}},{"arcs":[[-2096,-2269,-1269,2270,-2067,2271,-2149,-188]],"type":"Polygon","properties":{"n":"Ram Nagar","c":148488,"d":"Auraiya","s":"UTTAR PRADESH"}},{"arcs":[[-497,2272,-2154,-1001]],"type":"Polygon","properties":{"n":"Nakhatpur","c":148480,"d":"Auraiya","s":"UTTAR PRADESH"}},{"arcs":[[-690,2273,-1495,-2089,-442,-1312,-2257,-1872]],"type":"Polygon","properties":{"n":"Bhiyapur","c":148670,"d":"Auraiya","s":"UTTAR PRADESH"}},{"arcs":[[-1352,-1153,2274,2275]],"type":"Polygon","properties":{"n":"Kasba Jana","c":148727,"d":"Auraiya","s":"UTTAR PRADESH"}},{"arcs":[[2276,2277,-477,-2084]],"type":"Polygon","properties":{"n":"Wamuripur","c":148821,"d":"Auraiya","s":"UTTAR PRADESH"}},{"arcs":[[-1160,2278,-2133,-2068,-2271,-1268,2279]],"type":"Polygon","properties":{"n":"Ummerpur","c":148531,"d":"Auraiya","s":"UTTAR PRADESH"}},{"arcs":[[-2105,-1657,-2219,-1442,2280,-1406]],"type":"Polygon","properties":{"n":"Kamal Pur","c":148446,"d":"Auraiya","s":"UTTAR PRADESH"}},{"arcs":[[-905,-1695,-2220,-912,-582]],"type":"Polygon","properties":{"n":"Puranpur","c":148289,"d":"Auraiya","s":"UTTAR PRADESH"}},{"arcs":[[-1176,-323,2281,2282,2283,-1569,-1724,-302,-1693,2284,-789]],"type":"Polygon","properties":{"n":"Pasua","c":148127,"d":"Auraiya","s":"UTTAR PRADESH"}},{"arcs":[[-1640,2285,-1628,-2051]],"type":"Polygon","properties":{"n":"Dadusarai","c":148326,"d":"Auraiya","s":"UTTAR PRADESH"}},{"arcs":[[-1460,-1768,-1751,-2025,2286]],"type":"Polygon","properties":{"n":"Dharampur","c":148633,"d":"Auraiya","s":"UTTAR PRADESH"}},{"arcs":[[2287,-1759,-2028,2288]],"type":"Polygon","properties":{"n":"Suraidha","c":148462,"d":"Auraiya","s":"UTTAR PRADESH"}},{"arcs":[[-1964,-413,-1547,-125,-2158,-1970,2289]],"type":"Polygon","properties":{"n":"Piparpur","c":148605,"d":"Auraiya","s":"UTTAR PRADESH"}},{"arcs":[[2290,-1492,2291,-1957,2292,2293,2294,-2215]],"type":"Polygon","properties":{"n":"Jagannathpur","c":148471,"d":"Auraiya","s":"UTTAR PRADESH"}},{"arcs":[[2295,2296,-2023,-2013,2297,-1703]],"type":"Polygon","properties":{"n":"Dasraura","c":148561,"d":"Auraiya","s":"UTTAR PRADESH"}},{"arcs":[[2298,2299,2300,2301,2302,-560,2303]],"type":"Polygon","properties":{"n":"Ajuapur","c":148508,"d":"Auraiya","s":"UTTAR PRADESH"}},{"arcs":[[2304,-929,-1461,-2287,-2027,-2009,-2022,2305,2306,-1110]],"type":"Polygon","properties":{"n":"Bilandpur","c":148571,"d":"Auraiya","s":"UTTAR PRADESH"}},{"arcs":[[-1965,-2290,-1973,2307,2308,-83]],"type":"Polygon","properties":{"n":"Lahokhar","c":148603,"d":"Auraiya","s":"UTTAR PRADESH"}},{"arcs":[[-1102,-1582,-1709]],"type":"Polygon","properties":{"n":"Sukhampur","c":148436,"d":"Auraiya","s":"UTTAR PRADESH"}},{"arcs":[[2309,-1975,2310,2311,2312,2313]],"type":"Polygon","properties":{"n":"Niamatpur Bihari","c":148617,"d":"Auraiya","s":"UTTAR PRADESH"}},{"arcs":[[-1111,-2307,2314,-2296,-1702,2315]],"type":"Polygon","properties":{"n":"Bharrapur","c":148572,"d":"Auraiya","s":"UTTAR PRADESH"}},{"arcs":[[-1707,2316,2317,-2300,2318]],"type":"Polygon","properties":{"n":"Muraina Ram Datta","c":148555,"d":"Auraiya","s":"UTTAR PRADESH"}},{"arcs":[[2319,2320,-919,-550,-562]],"type":"Polygon","properties":{"n":"Rasulpur Kalan","c":148509,"d":"Auraiya","s":"UTTAR PRADESH"}},{"arcs":[[2321,-930,-2305,-1109,-1196]],"type":"Polygon","properties":{"n":"Hasanpur Chand Khan","c":148574,"d":"Auraiya","s":"UTTAR PRADESH"}},{"arcs":[[-2322,-1195,-931]],"type":"Polygon","properties":{"n":"Sadullapur","c":148569,"d":"Auraiya","s":"UTTAR PRADESH"}},{"arcs":[[-87,-1193,-892]],"type":"Polygon","properties":{"n":"Jamuhin","c":148593,"d":"Auraiya","s":"UTTAR PRADESH"}},{"arcs":[[-1112,-2316,-1701,-1713]],"type":"Polygon","properties":{"n":"Adhasi","c":148562,"d":"Auraiya","s":"UTTAR PRADESH"}},{"arcs":[[-1667,2322,-1106,-1889,-1576,-1390]],"type":"Polygon","properties":{"n":"Bhurepur","c":148333,"d":"Auraiya","s":"UTTAR PRADESH"}},{"arcs":[[-1094,-1734,-1808,-1425,-2195,-235,-530,-1813,-364]],"type":"Polygon","properties":{"n":"Purwa Kutemadari","c":148353,"d":"Auraiya","s":"UTTAR PRADESH"}},{"arcs":[[-385,2323,2324,-242]],"type":"Polygon","properties":{"n":"Beesarmau","c":148235,"d":"Auraiya","s":"UTTAR PRADESH"}},{"arcs":[[2325,-2129,-1330]],"type":"Polygon","properties":{"n":"Purwa Bhadauria Ruru","c":148309,"d":"Auraiya","s":"UTTAR PRADESH"}},{"arcs":[[-1947,-577,-1603,-910,-1939,-1259]],"type":"Polygon","properties":{"n":"Ashaini","c":148407,"d":"Auraiya","s":"UTTAR PRADESH"}},{"arcs":[[-2146,-1247,-1244,2326]],"type":"Polygon","properties":{"n":"Purwa Asha","c":148336,"d":"Auraiya","s":"UTTAR PRADESH"}},{"arcs":[[-2127,-1554,-181,2327,2328,-108]],"type":"Polygon","properties":{"n":"Surkhipur","c":148263,"d":"Auraiya","s":"UTTAR PRADESH"}},{"arcs":[[-1431,-175,-2139,-1556,2329,-1516]],"type":"Polygon","properties":{"n":"Tehrajpur","c":148257,"d":"Auraiya","s":"UTTAR PRADESH"}},{"arcs":[[-2286,-1639,2330,-2145,-2147,-2327,-1246,-1037,-1629]],"type":"Polygon","properties":{"n":"Kamara","c":148337,"d":"Auraiya","s":"UTTAR PRADESH"}},{"arcs":[[-2329,2331,2332,-109]],"type":"Polygon","properties":{"n":"Dhamsari","c":148244,"d":"Auraiya","s":"UTTAR PRADESH"}},{"arcs":[[-2330,-1565,-1954,-2243,2333,-1517]],"type":"Polygon","properties":{"n":"Purwa Khuman","c":148258,"d":"Auraiya","s":"UTTAR PRADESH"}},{"arcs":[[2334,-872,-1472,-2046,-1635]],"type":"Polygon","properties":{"n":"Jalalpur Phaphund","c":148339,"d":"Auraiya","s":"UTTAR PRADESH"}},{"arcs":[[-1518,-2334,-2245,-2246,-1853,2335]],"type":"Polygon","properties":{"n":"Lidhaura","c":148255,"d":"Auraiya","s":"UTTAR PRADESH"}},{"arcs":[[-1534,2336,2337]],"type":"Polygon","properties":{"n":" ","c":148626,"d":"Auraiya","s":"UTTAR PRADESH"}},{"arcs":[[2338,-2018,-2213,-553]],"type":"Polygon","properties":{"n":" ","c":0,"d":"Auraiya","s":"UTTAR PRADESH"}},{"arcs":[[2339,-169,-1956,-2016,-2339,-552,-921]],"type":"Polygon","properties":{"n":" ","c":148497,"d":"Auraiya","s":"UTTAR PRADESH"}},{"arcs":[[-1769,2340,-684]],"type":"Polygon","properties":{"n":" ","c":0,"d":"Auraiya","s":"UTTAR PRADESH"}},{"arcs":[[-1491,-162,2341,-2263,-1754,-1958,-2292]],"type":"Polygon","properties":{"n":" ","c":0,"d":"Auraiya","s":"UTTAR PRADESH"}},{"arcs":[[-1799,-2143,-2331,-1638]],"type":"Polygon","properties":{"n":" ","c":148346,"d":"Auraiya","s":"UTTAR PRADESH"}},{"arcs":[[-962,2342,-1385,-943,-1069,-845]],"type":"Polygon","properties":{"n":" ","c":0,"d":"Auraiya","s":"UTTAR PRADESH"}},{"arcs":[[-2075,-1487,-1189,-504]],"type":"Polygon","properties":{"n":"Badanpur","c":939983,"d":"Auraiya","s":"UTTAR PRADESH"}},{"arcs":[[-116,-648,2343,-135,-326,2344]],"type":"Polygon","properties":{"n":" ","c":148143,"d":"Auraiya","s":"UTTAR PRADESH"}},{"arcs":[[-2192,-1880,-2004,-2248,-701,-654,-2266,-593,-458]],"type":"Polygon","properties":{"n":" ","c":0,"d":"Auraiya","s":"UTTAR PRADESH"}},{"arcs":[[2345,2346,-939,-704]],"type":"Polygon","properties":{"n":" ","c":148742,"d":"Auraiya","s":"UTTAR PRADESH"}},{"arcs":[[-1365,2347,-1065,2348]],"type":"Polygon","properties":{"n":" ","c":148803,"d":"Auraiya","s":"UTTAR PRADESH"}},{"arcs":[[-1997,-1128,-665]],"type":"Polygon","properties":{"n":" ","c":148545,"d":"Auraiya","s":"UTTAR PRADESH"}},{"arcs":[[-1384,2349,-2346,-703]],"type":"Polygon","properties":{"n":" ","c":0,"d":"Auraiya","s":"UTTAR PRADESH"}},{"arcs":[[-2074,-1378,-946,-879,-201,-1184]],"type":"Polygon","properties":{"n":" ","c":0,"d":"Auraiya","s":"UTTAR PRADESH"}},{"arcs":[[-971,-1386,-2343,-961]],"type":"Polygon","properties":{"n":" ","c":0,"d":"Auraiya","s":"UTTAR PRADESH"}},{"arcs":[[2350,-936,-2072,-212,-1481,-955]],"type":"Polygon","properties":{"n":" ","c":148837,"d":"Auraiya","s":"UTTAR PRADESH"}},{"arcs":[[-1150,-1180,-958,-1587,-793,-995]],"type":"Polygon","properties":{"n":" ","c":148835,"d":"Auraiya","s":"UTTAR PRADESH"}},{"arcs":[[-399,-1080,-973,-1426,-1301]],"type":"Polygon","properties":{"n":" ","c":148786,"d":"Auraiya","s":"UTTAR PRADESH"}},{"arcs":[[-1586,-1169,-774]],"type":"Polygon","properties":{"n":" ","c":0,"d":"Auraiya","s":"UTTAR PRADESH"}},{"arcs":[[-1585,-967,-402,-1171]],"type":"Polygon","properties":{"n":" ","c":0,"d":"Auraiya","s":"UTTAR PRADESH"}},{"arcs":[[-1191,-1186,-511,-2348,-1364]],"type":"Polygon","properties":{"n":" ","c":148794,"d":"Auraiya","s":"UTTAR PRADESH"}},{"arcs":[[-2349,-1064,-780,-1366]],"type":"Polygon","properties":{"n":"Auraiya","c":939982,"d":"Auraiya","s":"UTTAR PRADESH"}},{"arcs":[[-1303,-805,-848,-810,-1071,-2042,-20]],"type":"Polygon","properties":{"n":" ","c":148775,"d":"Auraiya","s":"UTTAR PRADESH"}},{"arcs":[[-822,2351,-1168,-1074,-1744,-2079]],"type":"Polygon","properties":{"n":" ","c":0,"d":"Auraiya","s":"UTTAR PRADESH"}},{"arcs":[[-1742,-843,-770,-47,-1348]],"type":"Polygon","properties":{"n":" ","c":0,"d":"Auraiya","s":"UTTAR PRADESH"}},{"arcs":[[2352,-814,-819,-2092]],"type":"Polygon","properties":{"n":" ","c":0,"d":"Auraiya","s":"UTTAR PRADESH"}},{"arcs":[[-1374,-1741,-41,-2086]],"type":"Polygon","properties":{"n":" ","c":0,"d":"Auraiya","s":"UTTAR PRADESH"}},{"arcs":[[2353,-1937,-815,-2353,-2091,-479]],"type":"Polygon","properties":{"n":" ","c":0,"d":"Auraiya","s":"UTTAR PRADESH"}},{"arcs":[[-1462,-2090,-2080,-1746,-2077,2354,-1357]],"type":"Polygon","properties":{"n":" ","c":0,"d":"Auraiya","s":"UTTAR PRADESH"}},{"arcs":[[-2355,-2076,2355,-2277,-1358]],"type":"Polygon","properties":{"n":" ","c":148820,"d":"Auraiya","s":"UTTAR PRADESH"}},{"arcs":[[-2356,-2078,-1938,-2354,-478,-2278]],"type":"Polygon","properties":{"n":" ","c":0,"d":"Auraiya","s":"UTTAR PRADESH"}},{"arcs":[[-1035,-110,-2333,2356]],"type":"Polygon","properties":{"n":"Dhamsia","c":148243,"d":"Auraiya","s":"UTTAR PRADESH"}},{"arcs":[[-1847,2357,-873,-2335,-1634]],"type":"Polygon","properties":{"n":"Dharkan","c":148404,"d":"Auraiya","s":"UTTAR PRADESH"}},{"arcs":[[2358,-1855,-104,2359,-1841]],"type":"Polygon","properties":{"n":"Paintua","c":148241,"d":"Auraiya","s":"UTTAR PRADESH"}},{"arcs":[[2360,-1500,2361,-2113]],"type":"Polygon","properties":{"n":"Purwa Naya","c":148382,"d":"Auraiya","s":"UTTAR PRADESH"}},{"arcs":[[-1229,-1989,-1523,-1046,-1501,-2361,-2112,2362]],"type":"Polygon","properties":{"n":"Purwa Samai","c":148401,"d":"Auraiya","s":"UTTAR PRADESH"}},{"arcs":[[-1986,-1620,-1848,-1632,2363,2364,-1788]],"type":"Polygon","properties":{"n":"Malgawan","c":148402,"d":"Auraiya","s":"UTTAR PRADESH"}},{"arcs":[[-2362,-1506,-2122,-2114]],"type":"Polygon","properties":{"n":"Atthesi","c":148381,"d":"Auraiya","s":"UTTAR PRADESH"}},{"arcs":[[-1230,-2363,-2116,-2124,-224]],"type":"Polygon","properties":{"n":"Jiwa Sirsani","c":148359,"d":"Auraiya","s":"UTTAR PRADESH"}},{"arcs":[[-2056,-1790,2365,-1684,-1049,-1091]],"type":"Polygon","properties":{"n":"Hathnapur","c":148168,"d":"Auraiya","s":"UTTAR PRADESH"}},{"arcs":[[-384,2366,-1843,2367,-2324]],"type":"Polygon","properties":{"n":"Surjanpur","c":148236,"d":"Auraiya","s":"UTTAR PRADESH"}},{"arcs":[[-1861,-2121,-1839,2368,-382]],"type":"Polygon","properties":{"n":"Lahtoria","c":148248,"d":"Auraiya","s":"UTTAR PRADESH"}},{"arcs":[[-1645,-1084,2369,-1336,2370,-1727]],"type":"Polygon","properties":{"n":"Rawatpur","c":148305,"d":"Auraiya","s":"UTTAR PRADESH"}},{"arcs":[[-1082,-523,-375,-1433,-276,-651]],"type":"Polygon","properties":{"n":"Walidadpur","c":148361,"d":"Auraiya","s":"UTTAR PRADESH"}},{"arcs":[[-388,-366,-1812,2371]],"type":"Polygon","properties":{"n":"Fatehpur","c":148209,"d":"Auraiya","s":"UTTAR PRADESH"}},{"arcs":[[2372,-137,-1729]],"type":"Polygon","properties":{"n":"Bampur Rampur","c":148141,"d":"Auraiya","s":"UTTAR PRADESH"}},{"arcs":[[-2216,-2295,2373,2374,-1060]],"type":"Polygon","properties":{"n":"Gangdas Pur","c":148455,"d":"Auraiya","s":"UTTAR PRADESH"}},{"arcs":[[-1892,-1058,2375,2376,-1204,2377]],"type":"Polygon","properties":{"n":"Bhaupur Phaphund","c":148583,"d":"Auraiya","s":"UTTAR PRADESH"}},{"arcs":[[-433,-1210,-299]],"type":"Polygon","properties":{"n":"Muradpur Khas","c":148116,"d":"Auraiya","s":"UTTAR PRADESH"}},{"arcs":[[-117,-2345,-325,-318,-1222]],"type":"Polygon","properties":{"n":"Narainpur Bhanu","c":148178,"d":"Auraiya","s":"UTTAR PRADESH"}},{"arcs":[[-281,-2008,-141,2378]],"type":"Polygon","properties":{"n":"Jaohar","c":148231,"d":"Auraiya","s":"UTTAR PRADESH"}},{"arcs":[[-2135,-857,-1233,-1689,-1208,2379,2380]],"type":"Polygon","properties":{"n":"Gapakapur","c":148109,"d":"Auraiya","s":"UTTAR PRADESH"}},{"arcs":[[-2380,-1213,-1214,-2171,2381]],"type":"Polygon","properties":{"n":"Ballpur Rajpur","c":148108,"d":"Auraiya","s":"UTTAR PRADESH"}},{"arcs":[[-2197,-2038,-99,2382]],"type":"Polygon","properties":{"n":"Dahananag","c":148198,"d":"Auraiya","s":"UTTAR PRADESH"}},{"arcs":[[-733,2383,-1027,2384,-1141,2385]],"type":"Polygon","properties":{"n":"Nurpur Kharagpur","c":148172,"d":"Auraiya","s":"UTTAR PRADESH"}},{"arcs":[[2386,-2227,-2199,-2164]],"type":"Polygon","properties":{"n":"Garhia Gosain","c":148073,"d":"Auraiya","s":"UTTAR PRADESH"}},{"arcs":[[-1019,-1982,-408,-614,-790,-2285,-1692,-1345,-860,2387,-1980,2388,-1897,-2240]],"type":"Polygon","properties":{"n":"Samain","c":148090,"d":"Auraiya","s":"UTTAR PRADESH"}},{"arcs":[[2389,-2162,2390]],"type":"Polygon","properties":{"n":"Jagatpur","c":148071,"d":"Auraiya","s":"UTTAR PRADESH"}},{"arcs":[[-1145,-2179,2391,2392]],"type":"Polygon","properties":{"n":"Bhatura","c":148070,"d":"Auraiya","s":"UTTAR PRADESH"}},{"arcs":[[-2204,-2167,2393,-661,-1821,2394]],"type":"Polygon","properties":{"n":"Patna Airwa","c":148098,"d":"Auraiya","s":"UTTAR PRADESH"}},{"arcs":[[-2103,2395,-2205,-2395,-1820]],"type":"Polygon","properties":{"n":"Nagla Bais","c":148076,"d":"Auraiya","s":"UTTAR PRADESH"}},{"arcs":[[-420,-2207,2396,-2230,-2239,-2223,2397]],"type":"Polygon","properties":{"n":"Nagla Hariram","c":148065,"d":"Auraiya","s":"UTTAR PRADESH"}},{"arcs":[[-2398,-2222,-746,-421]],"type":"Polygon","properties":{"n":"Chikta","c":148056,"d":"Auraiya","s":"UTTAR PRADESH"}},{"arcs":[[2398,2399,-2193,-2187,2400,-2302]],"type":"Polygon","properties":{"n":"Bisalpur","c":148514,"d":"Auraiya","s":"UTTAR PRADESH"}},{"arcs":[[-1962,2401,2402,-1413,2403,-2293]],"type":"Polygon","properties":{"n":"Chandupur","c":148457,"d":"Auraiya","s":"UTTAR PRADESH"}},{"arcs":[[-2308,-1972,-2160,2404,-631,-1976,-2310]],"type":"Polygon","properties":{"n":"Kutharra","c":148621,"d":"Auraiya","s":"UTTAR PRADESH"}},{"arcs":[[-2403,2405,-2289,-2033,2406,-1414]],"type":"Polygon","properties":{"n":"Mahmudpur Paigupur","c":148460,"d":"Auraiya","s":"UTTAR PRADESH"}},{"arcs":[[-1493,-2291,-2214]],"type":"Polygon","properties":{"n":"Shahpur Vaidi","c":148451,"d":"Auraiya","s":"UTTAR PRADESH"}},{"arcs":[[-2020,2407,2408,-2376,-1057]],"type":"Polygon","properties":{"n":"Khagipur","c":148584,"d":"Auraiya","s":"UTTAR PRADESH"}},{"arcs":[[2409,2410,-2317,-1706]],"type":"Polygon","properties":{"n":"Suarpur","c":148512,"d":"Auraiya","s":"UTTAR PRADESH"}},{"arcs":[[-1061,-2375,2411,2412]],"type":"Polygon","properties":{"n":"Murainarup Shah","c":148453,"d":"Auraiya","s":"UTTAR PRADESH"}},{"arcs":[[-2412,-2374,-2294,-2404,-1416,2413]],"type":"Polygon","properties":{"n":"Sonasi","c":148456,"d":"Auraiya","s":"UTTAR PRADESH"}},{"arcs":[[-2313,2414,-1053,-1891,-1669,2415]],"type":"Polygon","properties":{"n":"Maharajpur Bahadur Singh","c":148582,"d":"Auraiya","s":"UTTAR PRADESH"}},{"arcs":[[-555,-2212,-2218,-1655]],"type":"Polygon","properties":{"n":"Warwai","c":148449,"d":"Auraiya","s":"UTTAR PRADESH"}},{"arcs":[[-84,-2309,-2314,-2416,-1668,-1589,-1116,-571]],"type":"Polygon","properties":{"n":"Baisundnra","c":148602,"d":"Auraiya","s":"UTTAR PRADESH"}},{"arcs":[[-2141,-1952,-865,-1522,-1988]],"type":"Polygon","properties":{"n":"Nagal Bhichauli","c":148392,"d":"Auraiya","s":"UTTAR PRADESH"}},{"arcs":[[-1509,-1626,-2049,-980,-1618,-1985,-1786,-1512]],"type":"Polygon","properties":{"n":"Ek Dhara Phaphoond","c":148413,"d":"Auraiya","s":"UTTAR PRADESH"}},{"arcs":[[-1851,-2047,-360,-1515,-2120,-2118]],"type":"Polygon","properties":{"n":"Basauli","c":148253,"d":"Auraiya","s":"UTTAR PRADESH"}},{"arcs":[[-2063,2416,2417,-2130,-2326]],"type":"Polygon","properties":{"n":"Chandaia","c":148314,"d":"Auraiya","s":"UTTAR PRADESH"}},{"arcs":[[2418,-2060,-1328,-1334]],"type":"Polygon","properties":{"n":"Purwa Patti","c":148307,"d":"Auraiya","s":"UTTAR PRADESH"}},{"arcs":[[-1643,-1648,2419,-646,-291]],"type":"Polygon","properties":{"n":"Bhadsiya","c":148159,"d":"Auraiya","s":"UTTAR PRADESH"}},{"arcs":[[-2420,-1647,-1726,-2344,-647]],"type":"Polygon","properties":{"n":"Maharajpur Bidhuna","c":148144,"d":"Auraiya","s":"UTTAR PRADESH"}},{"arcs":[[-604,-265,-260,-1814,-434,-297]],"type":"Polygon","properties":{"n":"Ekghara Bidhuna","c":148114,"d":"Auraiya","s":"UTTAR PRADESH"}},{"arcs":[[-1731,-1437,-1735,-1095,-2372,-605,-337,-272]],"type":"Polygon","properties":{"n":"Basaai","c":148208,"d":"Auraiya","s":"UTTAR PRADESH"}},{"arcs":[[2420,2421,-138]],"type":"Polygon","properties":{"n":"Ludhpura","c":148139,"d":"Auraiya","s":"UTTAR PRADESH"}},{"arcs":[[-139,-2422,2422,-2283,2423,-327]],"type":"Polygon","properties":{"n":"Sarai Pratham","c":148138,"d":"Auraiya","s":"UTTAR PRADESH"}},{"arcs":[[-2424,-2282,-322,-1175]],"type":"Polygon","properties":{"n":"Purwa Lachhiram","c":148137,"d":"Auraiya","s":"UTTAR PRADESH"}},{"arcs":[[2424,-1978,2425,-2136,-2381,-2382,-2170,-2237]],"type":"Polygon","properties":{"n":"Nahara Bojh","c":148085,"d":"Auraiya","s":"UTTAR PRADESH"}},{"arcs":[[-1015,-788,-678,-1900,-1984,-94,-2161]],"type":"Polygon","properties":{"n":"Sirawan","c":148194,"d":"Auraiya","s":"UTTAR PRADESH"}},{"arcs":[[-621,-616,-2233,-2176,-1143]],"type":"Polygon","properties":{"n":"Rajpur Bidhuna","c":148150,"d":"Auraiya","s":"UTTAR PRADESH"}},{"arcs":[[-1979,-2425,-2236,-1898,-2389]],"type":"Polygon","properties":{"n":"Makarandpur Bidhuna","c":148083,"d":"Auraiya","s":"UTTAR PRADESH"}},{"arcs":[[-2390,2426,-2234,-1918,-615,-410,-1981,-2228,-2387,-2163]],"type":"Polygon","properties":{"n":"Bhatoli Bidhuna","c":148145,"d":"Auraiya","s":"UTTAR PRADESH"}},{"arcs":[[-1028,-2384,-732,2427]],"type":"Polygon","properties":{"n":"Rampur Kaithawa(Rampur)","c":148174,"d":"Auraiya","s":"UTTAR PRADESH"}},{"arcs":[[-1340,-2202,-2396,-2102,2428]],"type":"Polygon","properties":{"n":"Beljhali","c":148077,"d":"Auraiya","s":"UTTAR PRADESH"}},{"arcs":[[-1138,2429,-760]],"type":"Polygon","properties":{"n":"Kalayanpur Airwa","c":148036,"d":"Auraiya","s":"UTTAR PRADESH"}},{"arcs":[[-724,-424,2430,-736]],"type":"Polygon","properties":{"n":"Ram Nagar Mahoo","c":148183,"d":"Auraiya","s":"UTTAR PRADESH"}},{"arcs":[[-742,-1341,-2429,-2101]],"type":"Polygon","properties":{"n":"Raghunathpur","c":148078,"d":"Auraiya","s":"UTTAR PRADESH"}},{"arcs":[[2431,-12]],"type":"Polygon","properties":{"n":"Chakmau","c":148048,"d":"Auraiya","s":"UTTAR PRADESH"}},{"arcs":[[-16,-1923,-1931,2432]],"type":"Polygon","properties":{"n":"Bau Khera","c":148027,"d":"Auraiya","s":"UTTAR PRADESH"}},{"arcs":[[2433,-1930,2434,2435,2436]],"type":"Polygon","properties":{"n":"Harnagarpur","c":148015,"d":"Auraiya","s":"UTTAR PRADESH"}},{"arcs":[[-2435,-1929,-1924,-1838,2437,2438]],"type":"Polygon","properties":{"n":"Jai Singhpur Kanak","c":148013,"d":"Auraiya","s":"UTTAR PRADESH"}},{"arcs":[[-2436,-2439,2439]],"type":"Polygon","properties":{"n":"Ishwarpur","c":148014,"d":"Auraiya","s":"UTTAR PRADESH"}},{"arcs":[[-2186,2440,-625,-632,-2405]],"type":"Polygon","properties":{"n":"Kanauti","c":148622,"d":"Auraiya","s":"UTTAR PRADESH"}},{"arcs":[[-97,-2428,-731,-427]],"type":"Polygon","properties":{"n":"Jaraon","c":148180,"d":"Auraiya","s":"UTTAR PRADESH"}},{"arcs":[[-726,-735,2441]],"type":"Polygon","properties":{"n":"Kalianpur Kakrahi","c":148185,"d":"Auraiya","s":"UTTAR PRADESH"}},{"arcs":[[-2392,-2178,-2235,-2427,-2391,-2166,-2201,-2232,2442,-2208,-418,-2099,2443],[-2225]],"type":"Polygon","properties":{"n":"Badin","c":148068,"d":"Auraiya","s":"UTTAR PRADESH"}},{"arcs":[[-2104,-1818,-1933]],"type":"Polygon","properties":{"n":"Katika","c":148044,"d":"Auraiya","s":"UTTAR PRADESH"}},{"arcs":[[2444,2445,2446,-1457,-927]],"type":"Polygon","properties":{"n":" ","c":148585,"d":"Auraiya","s":"UTTAR PRADESH"}},{"arcs":[[-2012,2447,-154,-2267,-1,2448,-1704,-2298]],"type":"Polygon","properties":{"n":" ","c":0,"d":"Auraiya","s":"UTTAR PRADESH"}},{"arcs":[[-2019,-685,-2341,-1774,2449,-2446,2450,-2408]],"type":"Polygon","properties":{"n":" ","c":148614,"d":"Auraiya","s":"UTTAR PRADESH"}},{"arcs":[[-2261,-1916,-641,2451,2452]],"type":"Polygon","properties":{"n":" ","c":0,"d":"Auraiya","s":"UTTAR PRADESH"}},{"arcs":[[2453,-2452,-642,-1915,-2258,-2030]],"type":"Polygon","properties":{"n":" ","c":0,"d":"Auraiya","s":"UTTAR PRADESH"}},{"arcs":[[-2005,-445,-472,-466,-1289,-636]],"type":"Polygon","properties":{"n":" ","c":148525,"d":"Auraiya","s":"UTTAR PRADESH"}},{"arcs":[[-1313,-492,-1999,-1907,-2254]],"type":"Polygon","properties":{"n":" ","c":0,"d":"Auraiya","s":"UTTAR PRADESH"}},{"arcs":[[-455,-1995,-1526,-1748]],"type":"Polygon","properties":{"n":" ","c":148537,"d":"Auraiya","s":"UTTAR PRADESH"}},{"arcs":[[-155,-2448,-2011]],"type":"Polygon","properties":{"n":" ","c":148533,"d":"Auraiya","s":"UTTAR PRADESH"}},{"arcs":[[-1961,-1760,-2288,-2406,-2402]],"type":"Polygon","properties":{"n":" ","c":148458,"d":"Auraiya","s":"UTTAR PRADESH"}},{"arcs":[[-2450,-1773,-1764,2454,-1766,-1458,-2447]],"type":"Polygon","properties":{"n":"Phaphund (NP)","c":800990,"d":"Auraiya","s":"UTTAR PRADESH"}},{"arcs":[[-1876,-2088,-1266,-182,2455]],"type":"Polygon","properties":{"n":" ","c":148757,"d":"Auraiya","s":"UTTAR PRADESH"}},{"arcs":[[-2185,2456,2457,-626,-2441]],"type":"Polygon","properties":{"n":" ","c":148624,"d":"Auraiya","s":"UTTAR PRADESH"}},{"arcs":[[-1763,-1005,-1767,-2455]],"type":"Polygon","properties":{"n":" ","c":148636,"d":"Auraiya","s":"UTTAR PRADESH"}},{"arcs":[[-2418,2458,-1682,2459,2460,-2131]],"type":"Polygon","properties":{"n":" ","c":148313,"d":"Auraiya","s":"UTTAR PRADESH"}},{"arcs":[[-1083,-1051,-1687,-1677,-2061,-2419,-1333,-2370]],"type":"Polygon","properties":{"n":" ","c":148322,"d":"Auraiya","s":"UTTAR PRADESH"}},{"arcs":[[-245,-1725,-1571]],"type":"Polygon","properties":{"n":" ","c":148129,"d":"Auraiya","s":"UTTAR PRADESH"}},{"arcs":[[-1728,-2371,-1335,-1326,-1499,-2284,-2423,2461]],"type":"Polygon","properties":{"n":" ","c":0,"d":"Auraiya","s":"UTTAR PRADESH"}},{"arcs":[[-2373,-2462,-2421]],"type":"Polygon","properties":{"n":" ","c":0,"d":"Auraiya","s":"UTTAR PRADESH"}},{"arcs":[[-1026,-349,-1142,-2385]],"type":"Polygon","properties":{"n":" ","c":148171,"d":"Auraiya","s":"UTTAR PRADESH"}},{"arcs":[[-2388,-859,-2137,-2426,-1977]],"type":"Polygon","properties":{"n":" ","c":148087,"d":"Auraiya","s":"UTTAR PRADESH"}},{"arcs":[[-1147]],"type":"Polygon","properties":{"n":" ","c":148170,"d":"Auraiya","s":"UTTAR PRADESH"}},{"arcs":[[-753,-432,-751,2462,-13,-2432,-11]],"type":"Polygon","properties":{"n":" ","c":148059,"d":"Auraiya","s":"UTTAR PRADESH"}},{"arcs":[[-1282,2463,-1271,-2270,-2094,-191,-699,-2247]],"type":"Polygon","properties":{"n":" ","c":148528,"d":"Auraiya","s":"UTTAR PRADESH"}},{"arcs":[[-1299,-2083,-542,-1163,-1496,-2274,-689]],"type":"Polygon","properties":{"n":" ","c":0,"d":"Auraiya","s":"UTTAR PRADESH"}},{"arcs":[[-2066,-1349,-54,2464,-2150,-2272]],"type":"Polygon","properties":{"n":" ","c":0,"d":"Auraiya","s":"UTTAR PRADESH"}},{"arcs":[[-161,-2251,-2255,-2262,-2342]],"type":"Polygon","properties":{"n":" ","c":0,"d":"Auraiya","s":"UTTAR PRADESH"}},{"arcs":[[-2183,-2453,-2454,-2029,-1757]],"type":"Polygon","properties":{"n":" ","c":148477,"d":"Auraiya","s":"UTTAR PRADESH"}},{"arcs":[[-2184,-1535,-2338,2465,-2457]],"type":"Polygon","properties":{"n":" ","c":148623,"d":"Auraiya","s":"UTTAR PRADESH"}},{"arcs":[[-2458,-2466,-2337,-1533,-1539,-1770,-627]],"type":"Polygon","properties":{"n":" ","c":0,"d":"Auraiya","s":"UTTAR PRADESH"}},{"arcs":[[-2206,-2443,-2231,-2397]],"type":"Polygon","properties":{"n":" ","c":0,"d":"Auraiya","s":"UTTAR PRADESH"}},{"arcs":[[-2394,-2175,2466,-658]],"type":"Polygon","properties":{"n":" ","c":0,"d":"Auraiya","s":"UTTAR PRADESH"}},{"arcs":[[-2467,-2174,-2238,-2226,-659]],"type":"Polygon","properties":{"n":" ","c":148040,"d":"Auraiya","s":"UTTAR PRADESH"}},{"arcs":[[-14,-2463,-2098,-1825,-1920]],"type":"Polygon","properties":{"n":" ","c":148049,"d":"Auraiya","s":"UTTAR PRADESH"}},{"arcs":[[-1833,-1816,-1928]],"type":"Polygon","properties":{"n":" ","c":148022,"d":"Auraiya","s":"UTTAR PRADESH"}},{"arcs":[[-1934,-1926,-2434,2467]],"type":"Polygon","properties":{"n":" ","c":148016,"d":"Auraiya","s":"UTTAR PRADESH"}},{"arcs":[[-1877,-2456,-186,-483,-672,-1317]],"type":"Polygon","properties":{"n":" ","c":148650,"d":"Auraiya","s":"UTTAR PRADESH"}},{"arcs":[[-2449,-4,-147,-2194,-2400,2468,-2410,-1705]],"type":"Polygon","properties":{"n":" ","c":148560,"d":"Auraiya","s":"UTTAR PRADESH"}},{"arcs":[[-2024,-2297,-2315,-2306]],"type":"Polygon","properties":{"n":" ","c":148570,"d":"Auraiya","s":"UTTAR PRADESH"}},{"arcs":[[2469,-1404,-1560]],"type":"Polygon","properties":{"n":" ","c":148276,"d":"Auraiya","s":"UTTAR PRADESH"}},{"arcs":[[-2125,-866,-2358,-1846]],"type":"Polygon","properties":{"n":" ","c":0,"d":"Auraiya","s":"UTTAR PRADESH"}},{"arcs":[[-1519,-2336,-1856,-2359,-1840]],"type":"Polygon","properties":{"n":" ","c":148239,"d":"Auraiya","s":"UTTAR PRADESH"}},{"arcs":[[-1504,-1627,-1507,-1993,-2123]],"type":"Polygon","properties":{"n":" ","c":0,"d":"Auraiya","s":"UTTAR PRADESH"}},{"arcs":[[-1631,-1776,2470,-2364]],"type":"Polygon","properties":{"n":" ","c":0,"d":"Auraiya","s":"UTTAR PRADESH"}},{"arcs":[[-1789,-2365,-2471,-1775,-1685,-2366]],"type":"Polygon","properties":{"n":" ","c":0,"d":"Auraiya","s":"UTTAR PRADESH"}},{"arcs":[[-888,-130,-2065,-2134,-2279,-1159]],"type":"Polygon","properties":{"n":" ","c":0,"d":"Auraiya","s":"UTTAR PRADESH"}},{"arcs":[[2471,-1161,-2280,-1267,-2464,-1281]],"type":"Polygon","properties":{"n":" ","c":0,"d":"Auraiya","s":"UTTAR PRADESH"}},{"arcs":[[-2411,-2469,-2399,-2301,-2318]],"type":"Polygon","properties":{"n":" ","c":148511,"d":"Auraiya","s":"UTTAR PRADESH"}},{"arcs":[[-2321,2472,-8,-170,-2340,-920]],"type":"Polygon","properties":{"n":" ","c":0,"d":"Auraiya","s":"UTTAR PRADESH"}},{"arcs":[[-2303,-2401,-2189,-9,-2473,-2320,-561]],"type":"Polygon","properties":{"n":" ","c":0,"d":"Auraiya","s":"UTTAR PRADESH"}},{"arcs":[[2473,-1054,-2415,-2312]],"type":"Polygon","properties":{"n":" ","c":0,"d":"Auraiya","s":"UTTAR PRADESH"}},{"arcs":[[-2409,-2451,-2445,-926,-1205,-2377]],"type":"Polygon","properties":{"n":" ","c":0,"d":"Auraiya","s":"UTTAR PRADESH"}},{"arcs":[[-1708,-2319,-2299,2474,-1697]],"type":"Polygon","properties":{"n":" ","c":0,"d":"Auraiya","s":"UTTAR PRADESH"}},{"arcs":[[-471,-1371,-2070,-2268,-1353,-2276,2475,-462]],"type":"Polygon","properties":{"n":" ","c":0,"d":"Auraiya","s":"UTTAR PRADESH"}},{"arcs":[[-1372,-469,-2093]],"type":"Polygon","properties":{"n":" ","c":0,"d":"Auraiya","s":"UTTAR PRADESH"}},{"arcs":[[-2476,-2275,-1157,-1158,-2472,-1280,-463]],"type":"Polygon","properties":{"n":" ","c":0,"d":"Auraiya","s":"UTTAR PRADESH"}},{"arcs":[[-496,2476,-2155,-2273]],"type":"Polygon","properties":{"n":" ","c":148481,"d":"Auraiya","s":"UTTAR PRADESH"}},{"arcs":[[-2311,-1974,-633,-623,-2021,-1055,-2474]],"type":"Polygon","properties":{"n":" ","c":0,"d":"Auraiya","s":"UTTAR PRADESH"}},{"arcs":[[-2475,-2304,-559,-2221,-1698]],"type":"Polygon","properties":{"n":" ","c":0,"d":"Auraiya","s":"UTTAR PRADESH"}},{"arcs":[[-2378,-1203,-1717,-1893]],"type":"Polygon","properties":{"n":" ","c":0,"d":"Auraiya","s":"UTTAR PRADESH"}},{"arcs":[[-1206,-1199,-1665,-1718]],"type":"Polygon","properties":{"n":" ","c":148567,"d":"Auraiya","s":"UTTAR PRADESH"}},{"arcs":[[-1666,-1197,-1107,-2323]],"type":"Polygon","properties":{"n":" ","c":148564,"d":"Auraiya","s":"UTTAR PRADESH"}},{"arcs":[[-568,-2241,-1241,-1594]],"type":"Polygon","properties":{"n":" ","c":0,"d":"Auraiya","s":"UTTAR PRADESH"}},{"arcs":[[-1445,-1396,-2470,-1559,-2242]],"type":"Polygon","properties":{"n":" ","c":0,"d":"Auraiya","s":"UTTAR PRADESH"}},{"arcs":[[-2369,-1844,-2367,-383]],"type":"Polygon","properties":{"n":" ","c":148237,"d":"Auraiya","s":"UTTAR PRADESH"}},{"arcs":[[-2062,-1683,-2459,-2417]],"type":"Polygon","properties":{"n":" ","c":0,"d":"Auraiya","s":"UTTAR PRADESH"}},{"arcs":[[-2460,-1681,-2196,-1129,-2058,2477]],"type":"Polygon","properties":{"n":" ","c":148312,"d":"Auraiya","s":"UTTAR PRADESH"}},{"arcs":[[-2461,-2478,-2057,-2132]],"type":"Polygon","properties":{"n":" ","c":0,"d":"Auraiya","s":"UTTAR PRADESH"}},{"arcs":[[-1086,-526,-1421]],"type":"Polygon","properties":{"n":" ","c":0,"d":"Auraiya","s":"UTTAR PRADESH"}}]}}}