{"type":"Topology","arcs":[[[69033,6546],[692,-434],[-357,-301]],[[69368,5811],[-206,139],[-610,-434],[-492,-729],[-1641,-980],[-342,253],[-231,-383],[-456,100],[-1119,-423]],[[64271,3354],[-1254,491],[-576,376],[787,814],[-16,595],[336,336]],[[63548,5966],[1610,-638],[-485,-657],[508,-481],[1225,335],[522,325],[841,908],[942,795]],[[68711,6553],[322,-7]],[[93039,7011],[418,-922]],[[93457,6089],[-1495,-868],[-472,-135]],[[91490,5086],[-1173,154]],[[90317,5240],[438,1098],[123,1151]],[[90878,7489],[1172,-106],[989,-372]],[[79295,7246],[1168,-484],[502,-338]],[[80965,6424],[-744,-1017],[-751,-511],[-515,155],[-526,-287]],[[78429,4764],[-338,910],[-468,770],[350,880]],[[77973,7324],[1322,-78]],[[63548,5966],[342,702]],[[63890,6668],[1143,-8],[853,713],[649,193]],[[66535,7566],[919,-522],[1257,-491]],[[20311,94272],[-131,-130]],[[20180,94142],[-2420,-100],[-443,327]],[[17317,94369],[-43,188],[753,948],[-363,404]],[[17664,95909],[2500,-1329],[147,-308]],[[64292,75767],[310,-225],[-220,-682],[266,-128]],[[64648,74732],[-320,-293],[-755,9],[-1008,-315]],[[62565,74133],[-698,408],[-452,-125],[-1113,371]],[[60302,74787],[1274,948],[363,691]],[[61939,76426],[865,-92],[467,-430],[1021,-137]],[[32046,73541],[-1186,299],[-1216,543],[-517,397],[-1069,-301],[-2806,-126],[-853,-278]],[[24399,74075],[-782,592]],[[23617,74667],[449,387]],[[24066,75054],[2710,955]],[[26776,76009],[1895,276]],[[28671,76285],[3398,-154],[1279,87],[903,339]],[[34251,76557],[-30,-411],[595,-42],[-629,-572],[-274,-519],[-1264,-1113],[-603,-359]],[[36837,75119],[329,-1808],[-222,-227],[95,-857]],[[37039,72227],[-792,-140],[-640,537],[-632,-421],[-992,7],[-1370,-596]],[[32613,71614],[-245,676],[243,649],[-565,602]],[[34251,76557],[719,-152],[1000,-909],[867,-377]],[[59807,72802],[889,-239]],[[60696,72563],[-199,-703],[192,-309]],[[60689,71551],[-458,-638],[-719,-660],[-1123,151]],[[58389,70404],[-560,239],[-125,521],[304,937],[-429,492],[-435,107]],[[57144,72700],[758,564]],[[57902,73264],[880,-408],[188,192],[837,-246]],[[27931,70734],[-710,26]],[[27221,70760],[-796,807],[-1393,-148],[-699,-346]],[[24333,71073],[-551,792],[742,926]],[[24524,72791],[551,128],[1445,-133],[742,-608],[703,-826],[-34,-618]],[[54925,72552],[-451,-437],[-284,-710],[-1073,-936],[-242,-547],[4,-665]],[[52879,69257],[-1327,695],[-971,829]],[[50581,70781],[881,875],[335,617],[-249,102],[878,792],[592,-7],[766,344]],[[53784,73504],[236,-348],[905,-604]],[[76058,91340],[-215,99],[-513,-605],[25,-321],[-996,-1186],[-1586,-987]],[[72773,88340],[-955,377],[-354,448]],[[71464,89165],[-288,503],[-932,483],[-263,887]],[[69981,91038],[-5,854],[-224,404],[-583,281]],[[69169,92577],[1835,1133]],[[71004,93710],[1039,191]],[[72043,93901],[1400,-537],[1063,-696],[279,-348],[629,-198],[644,-782]],[[47530,93499],[933,-806],[2,-287]],[[48465,92406],[-948,-1024]],[[47517,91382],[-2230,568],[-692,367]],[[44595,92317],[-508,559],[610,620]],[[44697,93496],[937,91],[1896,-88]],[[26947,93914],[-697,-278],[-415,-460],[-386,75],[-254,-439],[-424,134]],[[24771,92946],[479,506],[590,940]],[[25840,94392],[1107,-478]],[[32400,94362],[-50,-645],[268,-330],[1204,-439],[1085,49],[646,-179]],[[35553,92818],[-1007,-970]],[[34546,91848],[-1518,385],[-1182,618],[-818,263]],[[31028,93114],[-286,341],[-481,-377],[-1066,697]],[[29195,93775],[1147,920]],[[30342,94695],[656,-349],[830,225],[572,-209]],[[72551,39161],[-340,-2358],[25,-604]],[[72236,36199],[-615,-137]],[[71621,36062],[-2255,911],[-1599,248],[-563,215]],[[67204,37436],[-86,606],[-855,957]],[[66263,38999],[-506,499]],[[65757,39498],[70,190]],[[65827,39688],[388,713],[34,474],[1264,1016]],[[67513,41891],[399,-222],[204,-699],[429,-416],[978,-120],[1163,-620],[1865,-653]],[[74516,42006],[787,-495],[-232,-244],[1488,-1017],[268,28]],[[76827,40278],[413,-383],[1697,-2166]],[[78937,37729],[-570,-450]],[[78367,37279],[-1229,65],[-1613,675]],[[75525,38019],[184,326],[-846,951],[-5,209],[-912,-39],[-1327,782]],[[72619,40248],[345,912],[-61,397],[435,240]],[[73338,41797],[608,-231],[570,440]],[[61513,50630],[796,-406],[937,-685]],[[63246,49539],[-293,-365]],[[62953,49174],[-889,432],[-2200,-111],[-261,721],[-1286,221]],[[58317,50437],[363,369],[1086,31],[1747,-207]],[[89163,49882],[-538,-355],[-313,-511],[-964,-664]],[[87348,48352],[-2470,1157]],[[84878,49509],[86,255],[1177,652],[651,991]],[[86792,51407],[989,-410],[1382,-1115]],[[96905,4894],[875,-228],[125,-622],[-177,-813],[252,-132],[-36,-698],[-277,-196]],[[97667,2205],[-1039,356],[-1300,608],[-1007,-443],[-717,-611]],[[93604,2115],[-605,464],[-974,1182],[-535,1325]],[[93457,6089],[1415,-973],[792,-217],[1241,-5]],[[50833,5785],[21,-271],[773,-179],[767,-873],[1517,-603],[835,-1157]],[[54746,2702],[-755,-659]],[[53991,2043],[-1284,861],[-406,-253],[-1590,783],[-2053,527]],[[48658,3961],[172,2221]],[[48830,6182],[1189,-41],[814,-356]],[[62389,42033],[979,-857],[2459,-1488]],[[65757,39498],[-476,309],[-1522,-750],[-1005,-348],[-173,211],[-1751,548]],[[60830,39468],[-1127,376],[-758,518],[-1207,-191],[-549,413]],[[57189,40584],[1624,1061]],[[58813,41645],[602,295],[1497,161],[1477,-68]],[[90317,5240],[-2486,0],[-1291,324]],[[86540,5564],[-825,1176]],[[85715,6740],[195,318]],[[85910,7058],[2602,1671]],[[88512,8729],[998,-594],[1368,-646]],[[93039,7011],[536,580],[850,471],[735,750],[783,284]],[[95943,9096],[996,2],[222,-494],[1502,-467],[-211,-230],[712,-546],[-585,-1502],[-1093,-534],[-581,-431]],[[65766,9202],[209,-501],[431,-274],[129,-861]],[[63890,6668],[-431,327],[270,1221],[-263,186],[612,445],[679,102],[562,430],[447,-177]],[[20139,88586],[-792,555],[57,-490],[-540,-39],[-1039,346],[34,-1012],[461,-377],[152,472],[896,-188],[-118,-548],[-792,-141],[-106,-588],[558,141],[-556,-591]],[[18354,86126],[-2083,520],[21,197],[-1128,297]],[[15164,87140],[547,994],[894,297],[315,543]],[[16920,88974],[515,653],[914,540]],[[18349,90167],[1631,-728],[159,-853]],[[15804,91894],[-635,-628],[-812,-1157]],[[14357,90109],[-830,-605],[-257,-374],[-236,-1143],[-317,-176]],[[12717,87811],[-992,-596],[32,-166]],[[11757,87049],[-2797,486]],[[8960,87535],[1792,1138],[391,466],[-556,580],[-1586,1048]],[[9001,90767],[1114,747],[256,696],[461,74],[1848,-123],[481,198],[713,-337],[1091,-220],[839,92]],[[69981,91038],[-2999,-1086]],[[66982,89952],[-744,557],[-263,-172],[-706,337]],[[65269,90674],[-40,359],[440,300],[113,629],[624,826],[1107,767]],[[67513,93555],[1656,-978]],[[8493,88164],[336,-116],[131,-513]],[[11757,87049],[812,-705],[182,-1126]],[[12751,85218],[-315,-622]],[[12436,84596],[-506,278],[-452,-232],[-630,28],[-1595,-394],[-1037,747],[-59,501],[-1148,883],[-154,299]],[[6855,86706],[173,1084],[637,544],[828,-170]],[[19604,85947],[-12,-495],[-422,-510],[370,-307],[52,-540],[-496,-657]],[[19096,83438],[-1373,-611],[25,-646]],[[17748,82181],[-410,-267],[-670,228],[-825,648]],[[15843,82790],[-279,1337],[467,601],[-361,697],[361,508]],[[16031,85933],[828,-207],[1495,400]],[[18354,86126],[1250,-179]],[[19826,93048],[202,-1169]],[[20028,91879],[-406,-618],[-1273,-1094]],[[16920,88974],[-1261,465],[-186,-112],[-1116,782]],[[15804,91894],[408,50],[-54,376]],[[16158,92320],[719,608],[1645,329],[900,-14],[404,-195]],[[66753,95586],[-381,-277],[-790,405],[-362,-84]],[[65220,95630],[265,371],[1268,-415]],[[67858,95555],[-667,-157],[-438,188]],[[66753,95586],[712,278],[393,-309]],[[66551,45390],[-404,-1023],[-376,-511]],[[65771,43856],[-547,-235]],[[65224,43621],[-3115,934]],[[62109,44555],[280,303],[-395,196],[351,928],[1659,-385],[369,195],[767,-233],[406,235],[1005,-404]],[[83523,46985],[629,-875]],[[84152,46110],[-2670,-1414],[780,-397],[1645,-341],[1107,-585],[272,-636]],[[85286,42737],[-1416,-1066]],[[83870,41671],[-700,-518]],[[83170,41153],[-268,651]],[[82902,41804],[440,355],[-454,206],[-360,590],[-1620,30],[-370,-253],[-608,411],[713,734],[-1087,-321],[-363,-269],[-792,-58],[-442,-241],[-1116,192]],[[76843,43180],[1411,1932]],[[78254,45112],[712,1560],[368,369]],[[79334,47041],[925,97],[1695,-555],[1125,-46],[444,448]],[[95040,43487],[-1921,-783],[-1654,-2029]],[[91465,40675],[-533,299],[-1193,-1018],[-579,155]],[[89160,40111],[14,469],[-485,474]],[[88689,41054],[1415,1054],[177,-77],[855,481],[-1111,541],[-2171,317]],[[87854,43370],[-139,853],[-385,385],[-733,244],[-1134,125],[-372,279]],[[85091,45256],[1899,872]],[[86990,46128],[2057,-266],[2284,390],[699,387],[1556,1284]],[[93586,47923],[1177,-768],[377,-889],[-445,-553],[-412,-79],[780,-576],[-656,-589],[688,-732],[-55,-250]],[[80266,41044],[472,-959],[202,-1091]],[[80940,38994],[-987,-227],[-819,-694],[11,-193]],[[79145,37880],[-208,-151]],[[76827,40278],[2128,111],[678,667]],[[79633,41056],[633,-12]],[[53617,47862],[308,-350],[-43,-706],[261,-994],[-309,-784],[-875,-785],[-37,-594]],[[52922,43649],[-1712,-107]],[[51210,43542],[152,485],[-123,952],[-456,265],[0,562],[-451,1328]],[[50332,47134],[220,714],[753,-197],[2312,211]],[[60129,65446],[302,-395],[-801,-404],[-302,-652],[-662,-35],[-243,-346]],[[58423,63614],[-1524,757]],[[56899,64371],[1091,880],[229,622],[678,399]],[[58897,66272],[1232,-826]],[[52158,66846],[-336,-947]],[[51822,65899],[-850,-467],[315,-446],[-672,-690],[-639,-259]],[[49976,64037],[-1776,-458],[-1114,-169],[-783,48],[-553,314]],[[45750,63772],[-1146,178]],[[44604,63950],[733,788],[832,227],[-299,332],[422,870],[712,535],[504,982],[1338,1239]],[[48846,68923],[1032,-167],[597,-373],[621,-983],[1062,-554]],[[66524,74100],[-325,-884],[-74,-854]],[[66125,72362],[-642,-1022],[-232,-757]],[[65251,70583],[-1057,-220],[-1513,835]],[[62681,71198],[111,374],[-159,912],[-1336,558]],[[61297,73042],[1076,569],[192,522]],[[64648,74732],[444,-235],[1432,-397]],[[77707,76814],[1243,-632]],[[78950,76182],[-903,-1220],[304,-481],[-524,-344]],[[77827,74137],[-1361,-562]],[[76466,73575],[-1261,488],[127,125],[-871,479]],[[74461,74667],[379,1056]],[[74840,75723],[113,146],[994,-141]],[[75947,75728],[465,164],[1121,941],[174,-19]],[[78002,77508],[168,-237]],[[78170,77271],[-463,-457]],[[75947,75728],[-978,780],[166,448],[1347,636],[937,-358],[583,274]],[[57661,69782],[1116,-655],[116,-413],[-347,-557],[272,-218]],[[58818,67939],[-77,-327],[-710,-562]],[[58031,67050],[-1112,706]],[[56919,67756],[191,436],[-1874,40],[-617,-242],[-880,216],[-479,-502]],[[53260,67704],[-59,664],[-349,485],[184,333]],[[53036,69186],[660,-38],[585,583],[994,12],[-59,323],[2216,-539],[229,255]],[[45128,70267],[810,-83],[907,-631],[1180,-279],[975,-60],[-154,-291]],[[44604,63950],[-1474,29],[-1182,533],[-865,-18]],[[41083,64494],[-480,436]],[[40603,64930],[-602,704],[21,401]],[[40022,66035],[451,-55],[1103,206],[16,205],[1113,1014],[34,657]],[[42739,68062],[767,782],[672,1426]],[[44178,70270],[950,-3]],[[79311,49898],[-488,-1559],[-254,-309]],[[78569,48030],[-356,167],[-1651,-515]],[[76562,47682],[-860,622],[-1717,908]],[[73985,49212],[22,803]],[[74007,50015],[974,427],[902,-334],[1910,478]],[[77793,50586],[1518,-688]],[[82691,50751],[361,-59],[655,-689],[481,-982]],[[84188,49021],[483,-783],[-311,-661],[-837,-592]],[[79334,47041],[-765,989]],[[79311,49898],[2702,736]],[[82013,50634],[678,117]],[[62953,49174],[688,-483],[1002,218],[406,-280]],[[65049,48629],[214,-279]],[[65263,48350],[45,-128],[-1012,-775],[-22,-337],[1703,-1323],[615,-227]],[[66592,45560],[-41,-170]],[[62109,44555],[-38,-75],[-2248,884],[-114,-355],[-494,-183],[-168,-541],[-705,-244],[-229,-453]],[[58113,43588],[-1908,584],[-685,-193],[-1350,-93],[-1248,-237]],[[53617,47862],[485,281],[179,660]],[[54281,48803],[1171,202],[-236,2013],[385,243]],[[55601,51261],[547,-411],[2169,-413]],[[22659,82820],[-1118,-1428],[195,-325]],[[21736,81067],[-18,-430],[-917,-9],[-1336,-728],[-1093,-22],[-1425,353]],[[16947,80231],[1223,841],[-77,719],[-345,390]],[[19096,83438],[1261,-358],[1381,276],[921,-536]],[[60283,84074],[248,-54],[984,-866]],[[61515,83154],[-152,-866],[272,-253]],[[61635,82035],[-426,-185],[63,-379],[-1921,-1553],[-900,-940]],[[58451,78978],[-527,-149],[-982,409],[-1268,-84]],[[55674,79154],[-740,130],[-732,678],[-527,249]],[[53675,80211],[-362,269],[955,794],[753,1481],[-626,248]],[[54395,83003],[608,685]],[[55003,83688],[587,330]],[[55590,84018],[1692,-845],[796,283],[724,-234],[1481,852]],[[16947,80231],[-553,-90],[-862,-674],[-563,-197]],[[14969,79270],[-1191,-374],[-841,-826]],[[12937,78070],[-1134,285],[-674,419],[-978,101]],[[10151,78875],[-1281,1177],[-656,121]],[[8214,80173],[406,1305],[535,-5],[-299,397],[454,572],[701,280],[399,-106],[308,420],[713,267],[1361,281]],[[12792,83584],[857,-1565],[225,-177],[494,381],[1475,567]],[[50305,83593],[215,-1224]],[[50520,82369],[-1542,87]],[[48978,82456],[-1425,-449],[-932,527],[-833,158],[-336,434]],[[45452,83126],[561,669],[760,-133],[1138,117],[828,524]],[[48739,84303],[1309,-490],[257,-220]],[[74683,84617],[1579,-774]],[[76262,83843],[-93,-306],[1740,-1138]],[[77909,82399],[-66,-306],[-1463,-1070],[-1016,-1230]],[[75364,79793],[-452,-114],[-748,770]],[[74164,80449],[329,419],[59,536],[-388,866],[52,290],[-592,445],[50,446]],[[73674,83451],[805,421],[204,745]],[[67513,33715],[-386,-424]],[[67127,33291],[-84,-300],[-841,-636],[-1477,-509],[-608,-573],[-751,-257],[-306,-915]],[[63060,30101],[-1404,682]],[[61656,30783],[213,393],[-286,1372],[830,1411]],[[62413,33959],[255,263],[839,78],[501,-139],[359,206],[1914,-83],[1232,-569]],[[48932,34342],[-424,-332],[794,-422],[551,-37],[1658,-402]],[[51511,33149],[-329,-474],[-787,360],[-1254,-919],[-191,220],[-553,-429],[-497,-72]],[[47900,31835],[-744,557],[75,444],[-628,668],[1204,957]],[[47807,34461],[1125,-119]],[[97667,2205],[-1443,-1355],[-109,178],[-977,-250],[-1035,-435]],[[94103,343],[-199,1491],[-300,281]],[[56788,2561],[297,-1126],[-41,-571]],[[57044,864],[-624,192],[-1007,-376],[-1123,358],[-617,-75]],[[53673,963],[-472,409],[790,671]],[[54746,2702],[443,-223],[440,211],[1159,-129]],[[63489,2698],[-109,-622],[-595,-284],[-1479,-1291],[-1528,196],[-976,-154],[-1055,74],[-703,247]],[[56788,2561],[846,174],[1071,478],[853,162],[1186,-43],[978,317],[889,-241],[878,-710]],[[53673,963],[-1985,-194],[-757,-400],[-3212,487]],[[47719,856],[769,562],[222,934],[-220,1555]],[[48490,3907],[168,54]],[[71138,47380],[912,-457],[1234,-1256]],[[73284,45667],[-461,-674],[-186,-889]],[[72637,44104],[-567,-669]],[[72070,43435],[-1037,291],[-1231,6],[-291,-187],[-571,195],[-1039,43],[-340,-152]],[[67561,43631],[-1790,225]],[[66592,45560],[383,808],[935,861]],[[67910,47229],[438,-177],[1635,787],[1155,-459]],[[71156,59045],[82,-283]],[[71238,58762],[-905,-697],[111,-835],[-254,-218]],[[70190,57012],[-1352,689],[-443,892],[77,294]],[[68472,58887],[751,600],[1933,-442]],[[51951,57676],[-927,-737],[-50,-311],[-1588,-824],[-127,-685],[381,-64],[-256,-669],[-1203,-318]],[[48181,54068],[-1324,88]],[[46857,54156],[-513,330],[-594,734]],[[45750,55220],[632,452],[116,453],[-274,364]],[[46224,56489],[145,247],[-415,390],[52,715],[1111,130],[588,594],[916,547]],[[48621,59112],[1275,214],[1475,-1390],[580,-260]],[[61297,73042],[-601,-479]],[[59807,72802],[32,200],[-910,655],[347,408]],[[59276,74065],[610,44],[416,678]],[[57902,73264],[161,407],[-765,569],[277,411]],[[57575,74651],[463,334]],[[58038,74985],[1256,-731],[-18,-189]],[[73576,9432],[316,-86],[102,-814]],[[73994,8532],[-951,343],[-1529,-395],[-1077,-380],[-1466,-1047],[62,-507]],[[65766,9202],[336,544],[721,366]],[[66823,10112],[1044,3],[354,754]],[[68221,10869],[1118,-938],[916,163],[699,-67],[758,201],[1102,-115],[762,-681]],[[84004,11153],[-245,-650],[307,-1085],[771,-768],[671,-1184],[402,-408]],[[85715,6740],[-1876,-1083]],[[83839,5657],[-479,-34],[-624,452],[-290,-199],[-749,93],[-732,455]],[[79295,7246],[399,492],[1221,842],[737,1323],[923,943]],[[82575,10846],[522,-9],[907,316]],[[57378,30003],[29,-171],[1663,-628],[451,-269],[1071,355],[1787,-622]],[[62379,28668],[359,-420],[25,-562],[-393,-525],[-22,-835],[-214,-169]],[[62134,26157],[-122,178],[-1806,998],[-435,109]],[[59771,27442],[-604,323],[-1456,323],[-1347,838]],[[56364,28926],[-114,439],[567,682],[561,-44]],[[90546,31438],[211,-230],[-943,-618],[-461,-498]],[[89353,30092],[-127,-235],[-1254,-476],[-415,14],[-928,-775]],[[86629,28620],[-207,357],[-1247,1024]],[[85175,30001],[458,729],[-29,524],[1097,767]],[[86701,32021],[1098,100]],[[87799,32121],[-56,-481],[950,-44],[880,211],[470,-455],[503,86]],[[42395,87749],[-332,-862],[2083,-1316]],[[44146,85571],[544,-615]],[[44690,84956],[-134,-390],[896,-1440]],[[45452,83126],[-1633,-977],[-608,-235]],[[43211,81914],[-546,407],[-1455,14],[-1705,754]],[[39505,83089],[374,416],[442,1267],[844,836],[-143,1256]],[[41022,86864],[-1150,1021]],[[39872,87885],[522,339],[680,75]],[[41074,88299],[1321,-550]],[[46734,87723],[2080,-1281]],[[48814,86442],[-1127,-836]],[[47687,85606],[-1082,461],[-769,166]],[[45836,86233],[-179,533]],[[45657,86766],[-497,839],[497,821]],[[45657,88426],[653,-682],[424,-21]],[[36249,84558],[808,-1423]],[[37057,83135],[-447,-564]],[[36610,82571],[-420,272],[-2288,857],[-824,-281],[-689,-638],[-96,-549]],[[32293,82232],[-1608,-183],[-2144,176]],[[28541,82225],[554,263],[18,510],[-869,718],[-771,-309],[-1016,611]],[[26457,84018],[1637,587],[561,947],[-1298,977],[1261,295],[-283,855],[397,705]],[[28732,88384],[1105,-712],[1279,-430],[1261,-585],[91,-311],[957,-294],[1504,-939],[1320,-555]],[[78742,27278],[943,-500],[620,-44],[-479,-480],[-642,251],[-801,-595],[-726,98],[-465,-383],[472,-655]],[[77664,24970],[-268,-344],[-1048,541],[-1379,-761],[-896,-785]],[[74073,23621],[-1254,1027]],[[72819,24648],[-302,332],[592,805]],[[73109,25785],[315,615]],[[73424,26400],[765,316],[946,56],[202,253]],[[75337,27025],[331,-130],[1590,1075]],[[77258,27970],[1484,-692]],[[73424,26400],[-918,495],[317,982],[601,719],[971,-102],[179,168]],[[74574,28662],[1087,-846],[-324,-791]],[[96955,39131],[-808,304],[-1046,709]],[[95101,40144],[-176,144],[535,682],[737,1737]],[[96197,42707],[896,552],[270,-12],[978,-782],[522,-206],[460,-899],[676,-471],[-837,-388],[-2207,-1370]],[[62681,71198],[-356,-116],[-771,179],[-159,286],[-706,4]],[[61411,13040],[805,-364]],[[62216,12676],[-608,-983],[-193,-1133]],[[61415,10560],[-821,-366],[-2180,550]],[[58414,10744],[526,887],[62,390],[-622,460]],[[58380,12481],[799,879]],[[59179,13360],[1116,-323],[1116,3]],[[79617,21757],[427,-492],[-320,-812],[163,-1196],[261,-532],[916,-821]],[[81064,17904],[-1415,-688],[-737,-206]],[[78912,17010],[-1062,520],[-331,-7],[-1289,805],[-1027,1721]],[[75203,20049],[315,469]],[[75518,20518],[869,-437],[467,351],[1017,308],[555,530],[415,-205],[776,692]],[[61257,58723],[-1037,-599],[-347,-1157]],[[59873,56967],[-1981,-640],[-823,28],[-882,381],[-1386,1631]],[[54801,58367],[1256,379],[1890,796],[1023,-51],[1077,-617],[577,227],[633,-378]],[[87355,57755],[-3131,998],[-787,178],[-458,304],[-991,186]],[[81988,59421],[-397,300]],[[81591,59721],[528,661]],[[82119,60382],[365,8]],[[82484,60390],[1330,-758],[1356,342],[1468,-696],[885,-556],[-168,-967]],[[81691,17774],[-320,-463],[1356,-865]],[[82727,16446],[-608,-586],[-483,-742],[-803,-681],[-687,-290],[-293,-429]],[[79853,13718],[-948,629],[-513,14]],[[78392,14361],[-4,193]],[[78388,14554],[227,292],[-726,678]],[[77889,15524],[651,666],[372,820]],[[81064,17904],[627,-130]],[[86883,20394],[764,-199]],[[87647,20195],[241,-260],[-304,-1013],[547,-369],[-123,-687]],[[88008,17866],[-730,-258],[-302,374],[-975,-42],[-876,-587]],[[85125,17353],[-644,216],[-377,-301],[-1254,585],[-388,303]],[[82462,18156],[0,325],[658,618],[-98,994],[377,476],[-558,1061]],[[82841,21630],[778,635]],[[83619,22265],[667,-464],[1785,-724],[812,-683]],[[65909,35993],[2520,-917],[1897,-457],[735,-316]],[[71061,34303],[-307,-363],[-696,165],[-587,-88],[-754,188],[-682,-109],[-522,-381]],[[62413,33959],[-1347,597],[-622,504],[-1082,-411],[-955,438],[-383,399]],[[58024,35486],[542,1076]],[[58566,36562],[2940,-70],[1813,-304],[873,72],[1717,-267]],[[57527,31758],[-1163,91],[-885,246]],[[55479,32095],[760,536],[401,829]],[[56640,33460],[842,-16],[837,-476],[27,-313],[-819,-897]],[[71639,32582],[-762,-25],[-799,-857],[-578,479],[-440,44],[-855,469],[-508,682],[-570,-83]],[[71061,34303],[220,14],[93,-1207],[265,-528]],[[84007,16174],[-25,-692]],[[83982,15482],[-332,-283],[-115,-873],[211,-427],[-184,-530]],[[83562,13369],[-417,3],[-180,-495],[-437,-267]],[[82528,12610],[-536,521],[-478,-109],[-1661,696]],[[82727,16446],[595,-342],[685,70]],[[71170,13783],[-1246,-483],[-417,-318]],[[69507,12982],[-325,-190],[-1007,-22],[-542,402],[-937,376]],[[66696,13548],[-873,546]],[[65823,14094],[172,234],[1933,1431],[864,814],[438,82]],[[69230,16655],[154,-497],[935,-669],[676,-961],[175,-745]],[[78388,14554],[-810,86],[-1091,-79],[-690,-483],[-771,-256],[-66,-432],[-1581,-123],[-617,-664]],[[72762,12603],[-442,430],[-66,471],[-1084,279]],[[69230,16655],[61,257]],[[69291,16912],[735,680]],[[70026,17592],[1042,-773],[1231,-417],[697,-581],[1603,68],[738,-193],[762,49],[764,-233],[345,174],[681,-162]],[[71621,36062],[-113,-843]],[[71508,35219],[-1146,251],[-347,212],[-1869,598],[-914,121],[-919,305]],[[66313,36706],[547,97],[344,633]],[[86627,35248],[-1150,-1147]],[[85477,34101],[-1076,663],[-744,212],[1282,1676],[1533,1121]],[[86472,37773],[468,-511],[524,-965],[-837,-1049]],[[88893,13182],[-472,-555],[-930,-767]],[[87491,11860],[-431,-23],[-858,690],[-1767,-924]],[[84435,11603],[-544,320],[206,585],[-535,861]],[[83982,15482],[692,-343],[1703,-293],[1629,-1145],[887,-519]],[[73985,49212],[-1146,-850]],[[72839,48362],[-1640,959],[-676,36]],[[70523,49357],[-1313,469]],[[69210,49826],[229,822],[-182,323]],[[69257,50971],[774,-83],[685,575]],[[70716,51463],[1279,-453],[2012,-995]],[[62189,24480],[-567,-455],[-270,-497],[-504,-280]],[[60848,23248],[-642,817],[-624,359]],[[59582,24424],[-544,298],[23,450],[-844,604],[-1325,274],[-290,-75]],[[56602,25975],[252,342]],[[56854,26317],[868,-239],[1570,90],[903,-810],[1363,-824],[631,-54]],[[63060,30101],[-216,-729],[-465,-704]],[[57378,30003],[594,1367],[-445,388]],[[57527,31758],[586,23],[1996,-513],[1547,-485]],[[70466,73236],[189,-387],[34,-971],[231,-638]],[[70920,71240],[-1422,174],[-1171,291],[-1717,592],[-485,65]],[[66524,74100],[1102,93]],[[67626,74193],[1516,-373],[392,-498],[932,-86]],[[76466,73575],[-267,-454],[912,-2092]],[[77111,71029],[-2979,-1853],[-222,-16]],[[73910,69160],[-651,576],[-1277,425],[-404,-202]],[[71578,69959],[-222,114],[-436,1167]],[[70466,73236],[1366,-62],[2466,1235],[163,258]],[[82988,28580],[293,-242],[-561,-268]],[[82720,28070],[-655,243],[134,227],[-876,374],[-549,-417],[-220,125],[-499,-425],[-377,167],[-778,-543],[291,-260],[-449,-283]],[[77258,27970],[-429,376],[536,336],[190,435],[-710,896]],[[76845,30013],[728,113]],[[77573,30126],[1023,67]],[[78596,30193],[1230,-241],[1445,-777],[1717,-595]],[[57824,10830],[590,-86]],[[61415,10560],[254,-371],[1196,-425],[717,89],[288,617],[694,548],[1384,436]],[[65948,11454],[440,-371],[435,-971]],[[64271,3354],[-782,-656]],[[50833,5785],[1720,1312]],[[52553,7097],[25,211],[-685,404],[771,601],[1495,478],[567,655],[-452,869]],[[54274,10315],[-233,512],[887,760]],[[54928,11587],[599,-453],[1118,-88],[361,-205],[818,-11]],[[54274,10315],[-741,635],[-1391,117],[-916,431],[-701,84]],[[50525,11582],[347,204],[1349,-343],[1296,56],[955,332],[456,-244]],[[87491,11860],[658,-329]],[[88149,11531],[753,-1303]],[[88902,10228],[-390,-1499]],[[84004,11153],[431,450]],[[72773,88340],[307,-596],[583,-184],[72,-501]],[[73735,87059],[-978,-613]],[[72757,86446],[-930,-534],[-1066,-820]],[[70761,85092],[-519,-152],[-1007,499]],[[69235,85439],[-2414,986]],[[66821,86425],[463,481],[438,849]],[[67722,87755],[889,175],[916,-258],[726,100],[1211,1393]],[[39872,87885],[-1093,-179],[-1055,228]],[[37724,87934],[894,813],[637,324]],[[39255,89071],[1819,-772]],[[34546,91848],[47,-190],[-818,-1126],[-82,-1212]],[[33693,89320],[-3793,-209]],[[29900,89111],[-131,959],[642,650],[-96,954],[760,1163],[-47,277]],[[82720,28070],[-120,-405],[506,-348],[-195,-276],[916,-683]],[[83827,26358],[-961,-485],[-792,-559],[61,-435]],[[82135,24879],[-111,202],[-789,-469],[-34,-438],[-1323,726],[-842,-577]],[[79036,24323],[-1372,647]],[[75309,29729],[255,-100]],[[75564,29629],[-990,-967]],[[73109,25785],[-1400,899],[-417,-358],[-719,-183],[-1021,626]],[[69552,26769],[-131,390],[503,506],[179,810],[697,960],[492,259],[1862,-204],[447,121],[1708,118]],[[86629,28620],[-853,-1294],[-792,-425],[145,-318]],[[85129,26583],[-1009,-383],[-293,158]],[[82988,28580],[-34,386],[1325,510],[896,525]],[[91011,26758],[-383,-291],[-1032,-120],[-801,-369]],[[88795,25978],[-1111,-42],[-400,-244]],[[87284,25692],[-850,223],[-1305,668]],[[89353,30092],[1055,-1112],[438,-1336],[-186,-369],[351,-517]],[[90769,23431],[950,-573],[1609,-715]],[[93328,22143],[961,-390],[-746,-685],[-853,-483]],[[92690,20585],[-129,116],[-1411,-752],[-742,494],[-1388,302],[-912,-176],[-461,-374]],[[86883,20394],[547,386],[-25,1077],[329,56],[-545,720],[-1225,812]],[[85964,23445],[1078,813],[242,1434]],[[88795,25978],[1466,-2250],[508,-297]],[[59582,24424],[-1249,-656],[-1303,151],[-889,-75],[-891,641],[-713,-26]],[[54537,24459],[-45,444],[461,434],[444,40],[1205,598]],[[65864,94306],[-193,-972],[-1180,-1001],[-839,-199],[-429,318],[-1064,-458],[-236,114],[-347,-503],[-524,-293]],[[61052,91312],[-315,313]],[[60737,91625],[159,388],[1252,1769],[916,-557],[842,938],[1096,445]],[[65002,94608],[862,-302]],[[21870,94054],[-32,-284],[1107,-190],[1826,-634]],[[24771,92946],[66,-678],[-436,-422],[103,-436]],[[24504,91410],[-745,534],[-816,-1013],[-207,47]],[[22736,90978],[-208,842],[-558,47],[-254,-413],[-876,20],[-812,405]],[[19826,93048],[567,959],[-213,135]],[[20311,94272],[776,-221],[783,3]],[[83170,41153],[77,-390],[-853,-1279],[481,-237],[-207,-675]],[[82668,38572],[-410,230],[-1318,192]],[[80266,41044],[2529,871],[107,-111]],[[71508,35219],[-447,-916]],[[65909,35993],[-281,148],[685,565]],[[74073,23621],[1509,-592],[857,-659]],[[76439,22370],[-528,-733],[-393,-1119]],[[75203,20049],[-1268,-12],[-2795,469]],[[71140,20506],[-669,784]],[[70471,21290],[1359,578],[0,440],[1184,647],[-204,469],[-751,604],[106,213]],[[72165,24241],[654,407]],[[82135,24879],[765,-1040]],[[82900,23839],[-540,-116],[-1180,-837]],[[81180,22886],[-1184,220],[-315,-132]],[[79681,22974],[143,287],[-955,827],[167,235]],[[65269,90674],[-1061,-932]],[[64208,89742],[-885,207],[-1592,871]],[[61731,90820],[-679,492]],[[65864,94306],[422,52],[1227,-803]],[[29900,89111],[-1168,-727]],[[28732,88384],[-535,427],[-1949,1008]],[[26248,89819],[-25,258],[-1719,1333]],[[26947,93914],[2248,-139]],[[76843,43180],[-388,-654]],[[76455,42526],[-107,-96]],[[76348,42430],[-1075,1273],[-497,443],[-619,-355],[-1520,313]],[[73284,45667],[1259,-154],[1141,193]],[[75684,45706],[2012,-81],[199,-478],[359,-35]],[[40770,59568],[-533,-91]],[[40237,59477],[-1481,862]],[[38756,60339],[1118,447],[1053,-41],[-157,-1177]],[[64065,60046],[-329,-608],[379,-360],[-908,-462],[-1299,555],[-538,-413]],[[61370,58758],[-969,714],[-197,-116],[-730,474],[392,376],[-358,77],[437,626],[1019,116],[245,323]],[[61209,61348],[1715,-506],[206,-344],[935,-452]],[[71639,32582],[588,-1369],[431,330]],[[72658,31543],[1295,-1133],[1356,-681]],[[69552,26769],[-1007,-508],[-1123,-1456],[-116,-633]],[[67306,24172],[-1079,288],[-291,362],[-998,2],[-1397,313],[-610,393]],[[62931,25530],[-797,627]],[[55479,32095],[-883,220]],[[54596,32315],[-328,256],[-763,72],[-1277,450],[-717,56]],[[48932,34342],[1014,321],[601,-47],[529,683]],[[51076,35299],[1055,712]],[[52131,36011],[2064,-868],[-195,-76],[680,-716],[1171,-696],[789,-195]],[[78367,37279],[667,-290],[674,-729],[193,-493]],[[79901,35767],[-1302,-845]],[[78599,34922],[-1200,578],[-1323,952],[-419,-266],[-1332,-310],[-665,-512]],[[73660,35364],[-648,188],[-300,527],[-476,120]],[[72236,36199],[599,845],[716,-199],[638,281],[683,580],[653,313]],[[82668,38572],[545,-286]],[[83213,38286],[-685,-747],[147,-490],[451,-197],[-431,-741],[756,-768],[-1196,162],[-97,-290],[-549,54]],[[81609,35269],[25,628],[-1073,504],[-458,760],[-958,719]],[[96955,39131],[152,-494],[-179,-927],[22,-738],[-2205,-851],[-453,-91],[-461,325]],[[93831,36355],[-231,394],[-1125,1022],[-41,938],[687,866]],[[93121,39575],[1030,587],[950,-18]],[[45657,86766],[-3262,983]],[[41074,88299],[164,571],[-214,842],[697,263]],[[41721,89975],[719,-363],[753,-125],[2464,-1061]],[[83571,23034],[48,-769]],[[82841,21630],[-1382,534],[-279,722]],[[82900,23839],[671,-805]],[[70471,21290],[-778,1041]],[[69693,22331],[-145,1242],[1225,814],[499,-227],[508,416],[385,-335]],[[65841,81775],[-1536,-1745],[227,-221],[-499,-1194],[1706,-759]],[[65739,77856],[-1366,-856],[-372,-929],[291,-304]],[[61939,76426],[-821,801],[-1529,801]],[[59589,78028],[-1138,950]],[[61635,82035],[545,353],[737,181],[1014,-102],[354,276]],[[64285,82743],[1556,-968]],[[39654,92238],[18,-109],[-1358,-1265],[-168,-332],[376,-975],[733,-486]],[[37724,87934],[-1298,725],[-1197,178],[-812,467],[-724,16]],[[35553,92818],[971,-83],[855,402]],[[37379,93137],[1295,-254],[980,-645]],[[61388,55949],[1763,-486]],[[63151,55463],[204,-1168]],[[63355,54295],[-309,-28],[-1379,-1423]],[[61667,52844],[-2221,885]],[[59446,53729],[939,1838]],[[60385,55567],[413,541],[590,-159]],[[65773,55686],[-749,-1233]],[[65024,54453],[-608,-63],[-215,-282],[-846,187]],[[63151,55463],[907,706]],[[64058,56169],[1715,-483]],[[38082,71799],[-1043,428]],[[36837,75119],[817,673]],[[37654,75792],[1191,-501],[1127,-813],[-57,-517],[-556,-409],[-163,-1202],[-880,-674],[-234,123]],[[83616,76269],[171,-520],[694,-330]],[[84481,75419],[-155,-186],[-911,56],[-477,-544],[1066,-1397]],[[84004,73348],[216,-928],[-1293,436],[-508,-79],[-1130,-573],[-494,209]],[[80795,72413],[-1586,719],[-855,787],[-527,218]],[[78950,76182],[524,177],[2686,179],[1456,-269]],[[79633,41056],[-1225,548],[-213,-140],[-1740,1062]],[[72070,43435],[-61,-596],[1329,-1042]],[[72619,40248],[-68,-1087]],[[67513,41891],[-311,1129],[359,611]],[[62389,42033],[825,933],[1132,520],[878,135]],[[63938,56736],[120,-567]],[[61388,55949],[170,285]],[[61558,56234],[309,-82],[1311,736],[760,-152]],[[38758,70456],[445,-337],[-556,-787],[-583,-1205]],[[38064,68127],[-1012,170]],[[37052,68297],[-1835,798]],[[35217,69095],[-242,153]],[[34975,69248],[900,731],[365,650]],[[36240,70629],[883,305]],[[37123,70934],[755,128],[880,-606]],[[65251,70583],[651,-780],[220,-813]],[[66122,68990],[80,-227],[-649,-1070]],[[65553,67693],[-799,-297],[-1070,132],[-590,-318],[-1230,-1490]],[[61864,65720],[-714,44]],[[61150,65764],[20,487],[613,557],[-606,304],[-204,379],[-1130,650],[-1025,-202]],[[57661,69782],[728,622]],[[48794,70681],[1270,-449]],[[50064,70232],[-302,-670],[-916,-639]],[[45128,70267],[442,144],[261,506],[-190,279],[771,235],[2382,-750]],[[76439,22370],[919,-213],[392,260],[572,-272],[642,490]],[[78964,22635],[919,-483],[-266,-395]],[[75684,45706],[989,1822],[-111,154]],[[49880,38523],[363,-337],[1613,-1075]],[[51856,37111],[-433,-347],[-20,-400],[728,-353]],[[51076,35299],[-477,220],[-548,671],[-279,4],[-137,628],[-1265,438],[59,406],[-363,876]],[[48066,38542],[-105,197],[1747,88],[172,-304]],[[66263,38999],[-1751,-1073],[-418,63],[-809,-466],[-1795,497],[-1944,292],[1284,1156]],[[71650,68788],[-229,-533],[291,-392]],[[71712,67863],[152,-909],[-765,-951]],[[71099,66003],[-1075,698],[-930,439],[-1538,971]],[[67556,68111],[229,810]],[[67785,68921],[14,327],[918,125],[597,339],[769,-292],[767,5],[800,-637]],[[73910,69160],[-300,-662]],[[73610,68498],[-721,-408],[-1177,-227]],[[71650,68788],[184,512],[-256,659]],[[86540,5564],[-170,-470],[-1002,-804]],[[85368,4290],[-822,335],[-535,489],[-172,543]],[[88902,10228],[324,-238],[2255,86],[542,-86],[1232,195],[991,-103],[1314,286],[193,162]],[[95753,10530],[-39,-736],[229,-698]],[[69913,55280],[168,-38]],[[70081,55242],[1218,-563]],[[71299,54679],[653,-335],[-385,-682],[-527,-356],[-367,-598],[-808,-485]],[[69865,52223],[-1046,654],[-612,-253]],[[68207,52624],[-626,810],[138,467]],[[67719,53901],[726,698]],[[68445,54599],[726,456],[742,225]],[[70015,78836],[1313,-713],[735,-764],[-959,-666]],[[71104,76693],[-1454,420]],[[69650,77113],[-98,569],[-853,590]],[[68699,78272],[654,583]],[[69353,78855],[662,-19]],[[59589,78028],[-862,-220],[-692,-511]],[[58035,77297],[-909,371],[-1055,896],[-327,8]],[[55744,78572],[-70,582]],[[32409,78734],[964,-413],[259,-650],[-307,-399],[989,-268],[-63,-447]],[[28671,76285],[-5,905]],[[28666,77190],[1028,602],[819,636],[-304,385]],[[30209,78813],[-5,4]],[[30204,78817],[372,175],[1833,-258]],[[16024,78922],[892,-611],[671,-703],[159,-643]],[[17746,76965],[-1638,-573]],[[16108,76392],[-2840,-1647]],[[13268,74745],[-327,142],[411,508],[-356,1326],[231,450],[-290,899]],[[14969,79270],[801,77],[254,-425]],[[50795,88818],[-502,-354],[-324,-736],[-590,-862],[-565,-424]],[[46734,87723],[848,1177]],[[47582,88900],[466,483],[691,209],[2056,-774]],[[75137,60004],[817,-780],[748,-497]],[[76702,58727],[-460,-898]],[[76242,57829],[-976,610],[-809,160],[-547,342],[-733,-1268]],[[73177,57673],[-1177,564],[-762,525]],[[71156,59045],[488,934],[188,-66],[916,481]],[[72748,60394],[345,107],[1652,-611],[392,114]],[[48474,59257],[147,-145]],[[46224,56489],[-488,766],[-417,26],[-679,1087],[-1172,598],[433,444],[-606,285],[-100,446],[1302,1086]],[[44497,61227],[670,-311],[-495,-367],[683,-489],[1277,-532],[637,-436],[1205,165]],[[78535,64136],[-780,-1044],[-411,-911]],[[77344,62181],[-642,532],[-1613,766]],[[75089,63479],[583,604]],[[75672,64083],[1114,228],[1107,22],[642,-197]],[[74516,42006],[433,-103],[1399,527]],[[85964,23445],[-977,-269],[-928,201],[-488,-343]],[[93942,25555],[-587,-18],[-989,-933],[-1597,-1173]],[[91011,26758],[2103,-685],[1380,369],[210,-130],[-762,-757]],[[69693,22331],[-649,308]],[[69044,22639],[-857,572],[-384,819],[-497,142]],[[77573,30126],[161,397],[-242,645]],[[77492,31168],[-141,1303],[-234,334]],[[77117,32805],[37,936]],[[77154,33741],[1445,1181]],[[78599,34922],[565,-526],[569,-209],[-120,-846],[399,-164],[25,-613],[-604,-437],[207,-698],[-520,-397],[-524,-839]],[[88705,34208],[603,-586],[619,-1053]],[[89927,32569],[-1849,-298],[-279,-150]],[[86701,32021],[-1045,947],[-225,434],[46,699]],[[86627,35248],[363,-51],[678,-637],[642,-381],[395,29]],[[56640,33460],[134,905],[1250,1121]],[[73660,35364],[1879,-797],[1615,-826]],[[77117,32805],[-1036,123],[-1001,-849],[-549,-44]],[[74531,32035],[-1873,-492]],[[81609,35269],[-531,-14],[-1177,512]],[[71920,61689],[370,-779],[458,-516]],[[68472,58887],[-932,405]],[[67540,59292],[50,1032],[-279,193]],[[67311,60517],[-424,608]],[[66887,61125],[1259,783]],[[68146,61908],[1327,-95],[1415,93],[1032,-217]],[[52661,13650],[708,-311],[665,14],[631,-432]],[[54665,12921],[-168,-420],[453,-266],[-22,-648]],[[50525,11582],[-499,794],[-468,-86],[-887,1056],[-914,-44],[-1057,156]],[[46700,13458],[1869,900],[431,-57],[601,-549],[1482,-387],[1578,285]],[[61581,13606],[-170,-566]],[[59179,13360],[-223,244]],[[58956,13604],[1228,666],[517,404]],[[60701,14674],[987,-703],[-107,-365]],[[79681,22974],[-717,-339]],[[93942,25555],[708,-525],[290,-808],[-59,-1090]],[[94881,23132],[-319,-353],[-1234,-636]],[[69044,22639],[-1479,-1167],[-1018,-309]],[[66547,21163],[-686,423],[-1547,475],[-1676,636],[-676,425],[-1114,126]],[[62189,24480],[728,673],[14,377]],[[71104,76693],[1166,-418],[383,138],[1016,-123],[1171,-567]],[[67626,74193],[-163,1068],[728,682],[41,390],[753,302],[665,478]],[[54878,94279],[1202,-736],[0,-599],[-540,-797],[127,-139]],[[55667,92008],[-2708,-2006],[1445,-608],[2756,-267]],[[57160,89127],[243,-585]],[[57403,88542],[317,-1421],[619,-1302]],[[58339,85819],[-1742,-1170],[-197,109],[-810,-740]],[[55003,83688],[-1119,205],[-866,427],[-869,165],[-855,-272],[-989,-620]],[[48739,84303],[-778,645],[-274,658]],[[50795,88818],[1247,822],[767,323],[-1313,1068]],[[51496,91031],[1812,2389],[544,952]],[[53852,94372],[1026,-93]],[[58113,43588],[322,-259],[-202,-855],[580,-829]],[[57189,40584],[-515,-218]],[[56674,40366],[-696,290],[-1266,98],[-1023,-160],[-349,-220],[-508,715],[-506,141],[-127,857],[290,471],[-560,408],[-937,253]],[[50992,43219],[218,323]],[[56672,95367],[-773,368]],[[55899,95735],[176,176],[-508,425]],[[55567,96336],[1314,847],[-55,1268],[-1299,1075],[744,215],[1222,-309],[492,72],[1786,-694],[-699,-1553],[-1064,-675],[-1336,-1215]],[[20919,96898],[-993,-202],[-1064,245]],[[18862,96941],[-91,588],[252,88],[-490,1091],[681,397],[-16,717],[726,177],[946,-228],[-273,-290],[-433,-1158],[755,-1425]],[[67719,53901],[-932,-26],[-985,297],[-850,-62],[72,343]],[[65773,55686],[2116,-471],[556,-616]],[[76242,57829],[-472,-785]],[[75770,57044],[-1125,299],[-343,-164]],[[74302,57179],[-390,106]],[[73912,57285],[-735,388]],[[59873,56967],[757,-234],[928,-499]],[[60385,55567],[-2486,500],[-1129,162],[-57,-383],[-633,-1221],[-2089,60],[-660,-201]],[[53331,54484],[-937,223],[-436,-382],[-1250,-559],[375,-922],[-676,-919],[-1184,-267]],[[49223,51658],[-277,56],[-384,648]],[[48562,52362],[813,807],[-1194,899]],[[51951,57676],[472,418],[1343,311],[109,447],[926,-485]],[[87355,57755],[-561,-223],[-1465,-1066],[-787,-295]],[[84542,56171],[-1254,954],[-1489,383],[-544,7]],[[81255,57515],[-760,636]],[[80495,58151],[1493,1270]],[[70190,57012],[726,-669]],[[70916,56343],[-835,-1101]],[[69913,55280],[-361,482],[-1715,599],[80,272],[-647,181],[-288,442],[-2659,155],[-385,-675]],[[61257,58723],[68,-28]],[[61325,58695],[2116,-1094],[667,-167],[1105,1170],[678,91],[420,-184],[846,760],[383,21]],[[82462,18156],[-771,-382]],[[64925,52334],[84,-938]],[[65009,51396],[-316,-592],[-669,-697]],[[64024,50107],[-778,-568]],[[61513,50630],[964,756],[-275,353],[-524,117],[37,466],[601,146],[-424,295]],[[61892,52763],[583,-158],[174,270],[1037,-177],[1239,-364]],[[61667,52844],[225,-81]],[[55601,51261],[-927,1468]],[[54674,52729],[1082,111],[927,624],[375,-74],[295,364],[2093,-25]],[[83934,54411],[547,-238],[-118,-233],[855,-222],[-1282,-1658]],[[83936,52060],[-950,-1338],[-295,29]],[[82013,50634],[-490,969],[-327,248],[-1672,657]],[[79524,52508],[-265,798]],[[79259,53306],[630,453],[141,471],[848,209]],[[80878,54439],[617,-190],[797,54],[483,224],[1159,-116]],[[79259,53306],[-851,449],[-835,113]],[[77573,53868],[-580,880],[562,427]],[[77555,55175],[853,-232],[987,827]],[[79395,55770],[1733,-757],[-250,-574]],[[22736,90978],[-927,-750],[-629,-226],[-621,-649],[174,-309]],[[20733,89044],[-594,-458]],[[88156,77808],[385,-202],[-565,-759],[-306,-1068],[703,-678],[-1204,-508],[-801,120]],[[86368,74713],[-1887,706]],[[83616,76269],[130,385],[1204,1723]],[[84950,78377],[318,130],[728,-314],[397,37],[1486,-575],[277,153]],[[51856,37111],[1844,1089],[1341,384],[1166,856],[70,887],[397,39]],[[56674,40366],[177,-1608],[731,-574],[984,-1622]],[[91465,40675],[1656,-1100]],[[93831,36355],[-1876,-898],[-1198,-288],[-2052,-961]],[[86472,37773],[46,309],[903,718]],[[87421,38800],[925,905],[814,406]],[[86123,39507],[-1309,-1121],[-544,216],[-1057,-316]],[[83870,41671],[445,-63],[1624,-861],[828,46],[218,-382],[-862,-904]],[[87348,48352],[-694,-815],[-529,-362],[865,-1047]],[[85091,45256],[-939,854]],[[84188,49021],[690,488]],[[70523,49357],[-2042,-1827],[-206,119]],[[68275,47649],[-1089,829]],[[67186,48478],[1540,499],[484,849]],[[79524,52508],[-669,-724],[-138,-788],[-599,-116]],[[78118,50880],[-1799,1366],[646,594],[608,1028]],[[53331,54484],[651,-723],[326,-808],[366,-224]],[[54281,48803],[-422,359],[-778,291],[-705,-306],[-1479,343],[-2920,295],[-306,341]],[[47671,50126],[141,1010],[887,137],[524,385]],[[72828,64408],[964,-975]],[[73792,63433],[-211,-474]],[[73581,62959],[-43,-264],[-1618,-1006]],[[68146,61908],[11,522],[-351,557],[-656,529],[-1148,437]],[[66002,63953],[1087,1210]],[[67089,65163],[993,-219],[536,334],[1250,-253],[1304,-6],[304,283]],[[71476,65302],[1352,-894]],[[79710,65083],[-1175,-947]],[[75672,64083],[-837,404]],[[74835,64487],[1082,1434]],[[75917,65921],[785,-102],[2514,-677],[494,-59]],[[61864,65720],[327,-383],[1130,-360]],[[63321,64977],[-175,-160],[1758,-1495],[436,95]],[[65340,63417],[63,-725]],[[65403,62692],[-1504,-580],[-980,49],[-948,230],[-1075,-8],[-563,-211]],[[60333,62172],[-576,277],[-397,701],[-937,464]],[[60129,65446],[1021,318]],[[66002,63953],[-662,-536]],[[63321,64977],[1372,840],[663,-148],[1268,297]],[[66624,65966],[465,-803]],[[60333,62172],[304,-684],[572,-140]],[[61370,58758],[-45,-63]],[[48474,59257],[1116,162],[1007,734],[-43,316],[1001,974],[469,976],[-363,-7],[-97,443],[-663,613],[-925,569]],[[51822,65899],[1057,-237],[735,-542],[542,265],[1035,-511],[1708,-503]],[[43465,71781],[713,-1511]],[[42739,68062],[-1249,-190],[-1493,257]],[[39997,68129],[540,1442],[490,877],[1787,1445]],[[42814,71893],[651,-112]],[[67785,68921],[-1663,69]],[[38082,71799],[-1020,-701],[61,-164]],[[36240,70629],[-1261,-58],[-1202,228],[-1164,815]],[[53036,69186],[-157,71]],[[54925,72552],[835,330],[976,-281],[408,99]],[[80795,72413],[-82,-539],[-590,-467],[-1141,307],[-1472,-750],[-399,65]],[[78392,14361],[-224,-1272],[-345,-555]],[[77823,12534],[-563,-678],[-653,125],[-2,520],[-2502,-162],[-756,-766]],[[73347,11573],[-896,520]],[[72451,12093],[601,339],[-290,171]],[[88008,17866],[231,-132],[-256,-922],[1082,-668],[452,216],[229,-258],[-547,-191],[243,-369],[-413,-747],[655,-300],[-449,-243],[23,-360]],[[89258,13892],[-365,-710]],[[84007,16174],[764,200],[538,367],[-184,612]],[[70026,17592],[57,743],[399,532],[-90,755],[748,884]],[[77344,62181],[-560,-405],[-744,-138]],[[76040,61638],[-1093,409],[-1366,912]],[[73792,63433],[401,-313],[896,359]],[[66887,61125],[-1046,442],[-438,1125]],[[13268,74745],[-79,-271]],[[13189,74474],[-1155,759],[-597,2082],[-408,1170],[-919,386]],[[10110,78871],[41,4]],[[52271,82692],[-161,-647],[381,-191],[-310,-332],[363,-636],[-363,-755]],[[52181,80131],[-193,56]],[[51988,80187],[-522,602],[-937,255],[-399,-256],[-1037,483],[-732,530]],[[48361,81801],[617,655]],[[50520,82369],[1123,486],[628,-163]],[[56974,12560],[190,-841],[660,-889]],[[54665,12921],[1163,-376],[1146,15]],[[65585,12682],[737,-626],[-374,-602]],[[62216,12676],[1450,420],[657,0],[1262,-414]],[[69507,12982],[726,-211],[199,-453]],[[70432,12318],[-737,-385],[-1077,-1103],[-397,39]],[[65585,12682],[510,198],[601,668]],[[72451,12093],[-1356,592],[-663,-367]],[[82528,12610],[-978,-605]],[[81550,12005],[-953,-184],[-712,-355],[-1223,102],[-463,274],[193,379],[-569,313]],[[55899,95735],[-742,-862],[-279,-594]],[[53852,94372],[180,222],[-1407,1201]],[[52625,95795],[461,176],[449,-185],[846,120],[1186,430]],[[63790,96245],[-129,-160],[862,-343]],[[64523,95742],[697,-112]],[[67858,95555],[281,122]],[[68139,95677],[-45,-402],[1070,-479],[1840,-1086]],[[65002,94608],[-590,239],[-1633,918]],[[62779,95765],[467,355],[-11,334],[555,-209]],[[8493,88164],[329,318],[-236,787],[86,880],[329,618]],[[67311,60517],[-1030,-14],[-869,156],[-739,-499],[-608,-114]],[[76040,61638],[-495,-952]],[[75545,60686],[-408,-682]],[[34975,69248],[-1187,585],[-778,-587]],[[33010,69246],[-735,97],[-381,379],[-1515,-288],[-769,119],[-778,354],[20,391]],[[28852,70298],[687,615],[1087,149],[1987,552]],[[27221,70760],[-608,0],[-1454,-741],[-871,-204]],[[24288,69815],[-159,402],[204,856]],[[39997,68129],[-878,-323]],[[39119,67806],[-1055,321]],[[38758,70456],[1620,592],[973,506],[1157,397],[306,-58]],[[92568,13326],[667,-927],[-82,-334],[456,-314],[1461,-153],[134,-564],[549,-504]],[[88149,11531],[1973,1353],[948,976]],[[91070,13860],[815,-391],[683,-143]],[[92568,13326],[301,469]],[[92869,13795],[1595,51],[467,171],[858,-466],[767,218],[569,-37],[1517,-1020],[-2,-431],[-948,-775],[-1030,-195],[-909,-781]],[[95040,43487],[1157,-780]],[[87854,43370],[-946,-847]],[[86908,42523],[-481,-251],[-1141,465]],[[67556,68111],[-1161,-862]],[[66395,67249],[-842,444]],[[37052,68297],[257,-265],[-626,-985],[-1463,-1248]],[[35220,65799],[-323,-792],[-578,-348]],[[34319,64659],[-803,-44],[-1953,401]],[[31563,65016],[796,472],[361,657],[551,459],[631,242],[360,589],[-158,218],[1113,1442]],[[45464,85408],[-774,-452]],[[44146,85571],[1034,125],[284,-288]],[[78726,85592],[-443,-437],[-1476,-1049],[-545,-263]],[[74683,84617],[345,292],[-565,114],[98,362],[-817,523]],[[73744,85908],[1740,547],[1184,-95],[1423,-413],[635,-355]],[[81255,57515],[-1860,-1745]],[[77555,55175],[-1529,880],[631,492]],[[76657,56547],[1538,1110],[356,578],[454,-413],[558,508]],[[79563,58330],[932,-179]],[[76657,56547],[-887,497]],[[76702,58727],[776,98]],[[77478,58825],[2085,-495]],[[73912,57285],[-848,-441],[-2148,-501]],[[51496,91031],[-397,146],[-604,-195],[-549,720],[-1481,704]],[[47530,93499],[332,1177],[-579,202]],[[47283,94878],[978,1188]],[[48261,96066],[1467,-373],[2897,102]],[[25840,94392],[-579,147],[-252,-226],[-880,291],[409,1223]],[[24538,95827],[1118,-222],[819,85],[1790,-845],[1297,53],[780,-203]],[[32293,82232],[708,-79],[2141,-812]],[[35142,81341],[-989,-560],[-22,-345]],[[34131,80436],[-2187,-261],[-1440,-419]],[[30504,79756],[-570,591],[-363,653],[75,290],[-1105,935]],[[82575,10846],[-426,160],[-658,755],[59,244]],[[86908,42523],[1517,-1123],[264,-346]],[[87421,38800],[-1298,707]],[[49880,38523],[654,1497],[95,588],[-964,1478],[-454,182]],[[49211,42268],[139,208]],[[49350,42476],[1642,743]],[[77973,7324],[-910,-78],[-533,130],[-1012,654],[-204,-332],[-1320,834]],[[73576,9432],[41,701],[-358,567],[374,167],[-286,706]],[[61581,13606],[308,-86],[1048,811],[2886,-237]],[[52661,13650],[2249,674]],[[54910,14324],[1485,-882],[-145,-502],[724,-380]],[[92690,20585],[551,-476],[279,40],[1318,-1004]],[[94838,19145],[-465,-585],[-25,-526],[-755,-409],[-658,-776],[193,-420],[1157,-612],[-1293,-1581],[-123,-441]],[[91070,13860],[-630,201],[-1182,-169]],[[69291,16912],[-485,197],[-1593,1336],[-818,199],[-205,430],[-587,373]],[[65603,19447],[674,931],[270,785]],[[94881,23132],[688,-351],[1132,-148],[1143,-620],[-794,-764],[-1050,-555],[-1162,-1549]],[[76845,30013],[-1281,-384]],[[74531,32035],[1307,-732],[504,130],[1150,-265]],[[52441,31535],[-390,-1151]],[[52051,30384],[-848,-128],[-640,251],[-506,-328]],[[50057,30179],[316,430],[-588,241],[898,1096],[1758,-411]],[[89927,32569],[619,-1131]],[[56364,28926],[-1926,181]],[[54438,29107],[-1663,379]],[[52775,29486],[-681,491],[-43,407]],[[52441,31535],[250,377],[628,259],[885,-118],[392,262]],[[50057,30179],[-406,-473]],[[49651,29706],[-1102,211],[-1613,1256],[206,362],[758,300]],[[75364,79793],[1504,-771],[116,-639],[1018,-875]],[[70015,78836],[1869,1895],[136,246]],[[72020,80977],[1325,102],[819,-630]],[[47093,80926],[-30,-449],[560,-536],[-206,-552],[814,-558],[-188,-568],[1016,-328]],[[49059,77935],[-1889,-480],[-1312,-495]],[[45858,76960],[-127,300],[-1730,-291]],[[44001,76969],[-1305,382],[-1835,0],[-1225,104]],[[39636,77455],[942,160],[970,949],[676,311],[672,808],[1261,687],[454,491]],[[44611,80861],[1130,269],[921,46],[431,-250]],[[36610,82571],[-492,-508],[-476,-135],[-500,-587]],[[94103,343],[-687,267],[-193,-162],[-1061,393],[-704,115],[-1109,-650],[-1985,882],[-2116,1860],[-1041,79],[281,590],[-120,573]],[[78429,4764],[449,-520],[-1627,-1103],[-399,33],[-957,541],[-248,-191],[-905,523],[-902,95],[-502,-151],[-1313,176],[-168,-288],[-1341,759],[-1148,1173]],[[45750,63772],[-1405,-441],[-192,-657],[-461,-453]],[[43692,62221],[-1200,871],[-372,786],[-1037,616]],[[43692,62221],[184,-673]],[[43876,61548],[-887,-852],[-1459,-982],[-760,-146]],[[38756,60339],[-190,547],[-645,158],[-896,859]],[[37025,61903],[540,19],[1030,603]],[[38595,62525],[1701,1414],[307,991]],[[75917,65921],[41,428],[604,352]],[[76562,66701],[1238,514],[1486,-295],[1059,-748],[-587,-626],[-48,-463]],[[66395,67249],[229,-1283]],[[71099,66003],[377,-701]],[[68275,47649],[-365,-420]],[[65263,48350],[1923,128]],[[71138,47380],[519,204],[1182,778]],[[89163,49882],[1275,-1065],[1243,-469],[1345,-174],[560,-251]],[[64024,50107],[1388,-1177],[-363,-301]],[[65009,51396],[358,-149],[1989,158],[685,-251],[803,112],[413,-295]],[[83936,52060],[73,-169],[1168,118],[960,-562],[655,-40]],[[77793,50586],[325,294]],[[69865,52223],[851,-760]],[[64925,52334],[433,332],[905,-156],[1824,-41],[120,155]],[[74302,57179],[-478,-1013],[-1445,-1581],[-901,251],[-179,-157]],[[84542,56171],[-533,-680],[-216,-618],[141,-462]],[[77478,58825],[1044,896],[328,506]],[[78850,60227],[459,452],[1048,-549],[1234,-409]],[[44497,61227],[-621,321]],[[24399,74075],[125,-1284]],[[24288,69815],[-458,-49],[-860,1005],[-97,393],[-940,-124]],[[21933,71040],[-1796,174],[-1354,-327]],[[18783,70887],[-116,395],[413,587],[195,718]],[[19275,72587],[705,541],[191,784],[-497,81],[-798,460],[-754,1165]],[[18122,75618],[-269,342],[-107,1005]],[[17746,76965],[1379,12],[456,-114],[370,-1314],[2234,-458],[599,-589],[833,165]],[[53471,76429],[-188,-564]],[[53283,75865],[-907,-752],[-1745,-1772],[-1597,-1843],[-240,-817]],[[43465,71781],[125,578],[492,529],[-258,641],[-184,1173],[-343,594],[769,1218],[-65,455]],[[45858,76960],[143,-1132],[590,-181],[871,348],[617,448],[-263,359],[1105,224],[1009,471]],[[49930,77497],[1078,-460],[233,128],[983,-149],[1247,-587]],[[37654,75792],[1417,1050],[565,613]],[[58038,74985],[687,929],[-161,633],[-728,284],[199,466]],[[82119,60382],[-252,672],[-517,324],[125,425],[653,446],[812,190],[953,641],[173,617],[-1504,588],[505,332],[2865,-1209],[-254,-400],[822,-244],[-1316,-742],[-154,-351],[-1107,-200],[-1439,-1081]],[[72828,64408],[515,-102],[562,325],[930,-144]],[[58897,66272],[-685,228],[-181,550]],[[56919,67756],[-1935,-488],[-1086,-53],[-638,489]],[[40022,66035],[-497,794],[-177,-30],[-229,1007]],[[51988,80187],[-109,-392],[-1159,-813],[-48,-318],[-719,-761]],[[49953,77903],[-506,214],[-388,-182]],[[47093,80926],[240,310],[1028,565]],[[80395,82513],[1602,-754],[-143,-220],[1114,-658]],[[82968,80881],[-329,-587],[2311,-1917]],[[78170,77271],[780,1214],[406,353],[-224,247],[950,766],[157,1153],[-431,267],[540,922],[-316,425]],[[80032,82618],[363,-105]],[[77909,82399],[540,312],[1583,-93]],[[73610,68498],[563,163],[1393,-251],[349,-200],[82,-1054],[565,-455]],[[38595,62525],[-835,580],[449,446],[-537,189],[-266,-442],[-90,504],[-438,206],[181,525],[-356,455],[-1483,811]],[[53784,73504],[-399,264],[579,711],[-98,311]],[[53866,74790],[1447,283],[613,-286],[866,110],[783,-246]],[[86368,74713],[-411,-583],[-1290,-255],[-663,-527]],[[28852,70298],[-572,-158]],[[28280,70140],[-349,594]],[[50581,70781],[-517,-549]],[[53283,75865],[136,-550],[447,-525]],[[65739,77856],[1270,-253],[753,112],[937,557]],[[49953,77903],[-23,-406]],[[53471,76429],[1323,824],[950,1319]],[[37801,79398],[1028,-796],[807,-1147]],[[32409,78734],[812,160],[692,522],[678,216],[257,305]],[[34848,79937],[1746,-446],[1207,-93]],[[52181,80131],[696,-104],[798,184]],[[71371,81357],[649,-380]],[[69353,78855],[335,385],[-249,309],[-1318,671]],[[68121,80220],[417,459],[799,270],[800,659],[962,-415],[272,164]],[[52271,82692],[1035,-167],[714,40],[375,438]],[[44611,80861],[-672,345],[-728,708]],[[37801,79398],[193,740],[1055,1726],[181,930],[275,295]],[[34848,79937],[-717,499]],[[37057,83135],[2019,-169],[429,123]],[[82968,80881],[680,1078],[-299,181],[517,439],[297,-200],[1445,383],[1016,1117]],[[86624,83879],[2346,-1965],[-204,-512],[279,-140],[-381,-1592],[1054,-600],[-281,-517],[-1281,-745]],[[67635,84067],[241,-151],[-1241,-1210],[-794,-931]],[[64285,82743],[-322,325],[97,799]],[[64060,83867],[345,654]],[[64405,84521],[839,599]],[[65244,85120],[1489,-1070],[902,17]],[[70761,85092],[1182,-867]],[[71943,84225],[-612,-994],[-37,-861],[-322,-49],[567,-574],[-168,-390]],[[68121,80220],[-370,-17],[-1032,409],[-560,488],[-318,675]],[[67635,84067],[1316,763],[284,609]],[[60996,84900],[-713,-826]],[[58339,85819],[1547,-699],[416,89],[694,-309]],[[73674,83451],[-1731,774]],[[72757,86446],[987,-538]],[[65244,85120],[1577,1305]],[[36249,84558],[245,595],[1706,991],[2822,720]],[[45836,86233],[-372,-825]],[[66869,88224],[853,-469]],[[64405,84521],[-1556,319],[-1443,529]],[[61406,85369],[762,1130],[552,-9],[1844,1839]],[[64564,88329],[1565,-497],[740,392]],[[26457,84018],[-1684,-160],[-535,-395],[-1331,-212],[-248,-431]],[[19604,85947],[651,469],[526,-88],[1284,829],[837,178]],[[22902,87335],[712,-42],[1679,611],[955,1915]],[[80395,82513],[395,845],[-206,878],[-1393,443],[-649,465],[184,448]],[[73735,87059],[2260,148],[571,418],[785,272],[1649,1439],[-360,300]],[[78640,89636],[347,236],[528,-318],[404,275],[619,-412],[815,161],[623,-135],[915,-643],[564,-877],[788,-752],[1247,-901],[858,-446],[-547,-411],[823,-1534]],[[20733,89044],[1067,-615],[1102,-1094]],[[66982,89952],[365,-130],[-134,-723],[-741,-626],[397,-249]],[[64564,88329],[281,369],[-245,402],[263,253],[-655,389]],[[61406,85369],[-410,-469]],[[57403,88542],[1111,471],[862,648],[923,370],[1432,789]],[[76058,91340],[227,-365],[2355,-1339]],[[20733,89044],[783,555],[420,-66],[853,235],[313,423],[549,95],[526,510],[642,33],[1429,-1010]],[[58568,90769],[-544,-948],[-864,-694]],[[55667,92008],[1649,-457],[1252,-782]],[[58568,90769],[547,425],[402,865]],[[59517,92059],[1220,-434]],[[41986,90674],[-265,-699]],[[39654,92238],[633,-100],[921,-928],[778,-536]],[[47517,91382],[-288,-1027],[74,-1267],[279,-188]],[[41986,90674],[606,308],[-322,161],[349,399],[359,-181],[755,343],[862,613]],[[44697,93496],[583,1013]],[[45280,94509],[844,554],[1159,-185]],[[59517,92059],[-139,258],[685,1458]],[[60063,93775],[781,641],[453,615],[1482,734]],[[56672,95367],[2713,-1348],[678,-244]],[[16158,92320],[-1912,817],[-334,439],[1230,1204],[835,-28],[1340,-383]],[[32400,94362],[776,395],[585,538],[867,386],[698,622]],[[35326,96303],[2201,-1356],[1014,-812],[-1182,-752],[20,-246]],[[21870,94054],[317,608],[53,585]],[[22240,95247],[1077,1274]],[[23317,96521],[272,-345],[949,-349]],[[68139,95677],[819,-91],[479,304],[-334,246],[740,578]],[[69843,96714],[245,256],[689,-409],[898,573],[1618,-1421],[873,-490],[-1703,-912],[-420,-410]],[[44352,95133],[-2141,1207]],[[42211,96340],[460,16],[223,479],[1052,362]],[[43946,97197],[1522,-587],[-952,-818],[394,-276],[-558,-383]],[[44352,95133],[928,-624]],[[35326,96303],[855,803],[377,24],[3473,-1893],[905,14],[-141,223],[881,741],[535,125]],[[64523,95742],[338,433]],[[64861,96175],[379,764],[728,629],[1313,-100],[73,140],[1454,-455],[1035,-439]],[[48261,96066],[238,453],[-340,364],[50,419],[458,343],[-143,239]],[[48524,97884],[1597,1277],[1799,-594],[2193,-1240],[776,-652],[678,-339]],[[27344,80695],[1265,-1283],[563,-95]],[[29172,79317],[642,-135],[390,-365]],[[30209,78813],[-958,109],[-1152,-100],[-783,116],[-478,-473]],[[26838,78465],[-1389,-31],[-1011,128]],[[24438,78562],[-377,1368],[495,397],[-313,334]],[[24243,80661],[780,174],[703,-133],[1248,-656],[370,649]],[[24438,78562],[-277,-383]],[[24161,78179],[-2686,490],[-1465,339],[-703,304],[-1307,-7],[-238,-214],[-1738,-169]],[[21736,81067],[390,-313],[1785,-154],[332,61]],[[12436,84596],[22,-560],[334,-452]],[[8214,80173],[-186,-434]],[[8028,79739],[-2931,1375],[-322,817],[265,633],[-2279,2334]],[[2761,84898],[2558,829],[987,607]],[[6306,86334],[549,372]],[[16031,85933],[-1706,-473],[-712,30],[-862,-272]],[[12717,87811],[801,-337],[1646,-334]],[[52158,66846],[1102,858]],[[56974,12560],[1406,-79]],[[19275,72587],[-1579,728]],[[17696,73315],[-547,799],[-25,862],[243,366],[755,276]],[[75545,60686],[613,-556],[905,-112],[1787,209]],[[37025,61903],[-673,1458],[-838,963],[-1497,-44],[302,379]],[[15931,73434],[-1288,91]],[[14643,73525],[-1454,949]],[[16108,76392],[-445,-1200],[268,-1758]],[[17696,73315],[-256,-118],[-1509,237]],[[26776,76009],[1890,1181]],[[63790,96245],[241,253],[830,-323]],[[17664,95909],[-249,95]],[[17415,96004],[2062,23],[1842,450]],[[21319,96477],[456,-850],[465,-380]],[[48562,52362],[-948,150],[-649,491]],[[46965,53003],[19,584],[-495,142],[368,427]],[[21319,96477],[1708,434],[290,-390]],[[20919,96898],[400,-421]],[[17415,96004],[1447,937]],[[43946,97197],[1128,924],[530,629],[552,278],[1007,-589],[1361,-555]],[[33010,69246],[-467,-581],[-817,-480],[-535,77],[-590,-291],[-1747,1103],[-884,434]],[[27970,69508],[310,632]],[[26838,78465],[465,-291],[-1565,-960],[-611,-542],[497,-194],[477,-516],[-382,-272],[-1204,423],[-408,-114],[-41,-945]],[[23617,74667],[-470,222],[297,781],[-989,-493],[329,762],[420,125],[-46,441],[1003,1674]],[[52775,29486],[-678,-504],[-459,-767]],[[51638,28215],[-1991,1280]],[[49647,29495],[4,211]],[[24288,69815],[474,-618],[-127,-662],[835,-570]],[[25470,67965],[-810,-1094]],[[24660,66871],[-3194,1052]],[[21466,67923],[-181,670],[821,1807],[-173,640]],[[27970,69508],[-1005,-1114]],[[26965,68394],[-769,21],[-726,-450]],[[15931,73434],[104,-509]],[[16035,72925],[-2,0]],[[16033,72925],[-796,233],[-594,367]],[[14643,73525],[-490,21],[-1321,-282]],[[12832,73264],[357,1210]],[[10110,78871],[-283,-51],[154,-896],[-796,-980]],[[9185,76944],[-815,402],[-866,1207],[-558,190]],[[6946,78743],[1082,996]],[[8028,79739],[2082,-868]],[[29172,79317],[1332,439]],[[27344,80695],[378,760],[819,770]],[[22659,82820],[502,-885],[930,-529],[152,-745]],[[61515,83154],[1325,762],[562,195],[658,-244]],[[26457,84018],[481,-2600],[406,-723]],[[6946,78743],[-506,167],[-726,616],[-313,541],[-1644,698],[-810,583],[-1289,652],[-1005,1381],[356,328]],[[1009,83709],[658,241],[1094,948]],[[18783,70887],[-429,-364],[-1581,65]],[[16773,70588],[-220,1017],[270,705]],[[16823,72310],[1113,-346],[465,388],[874,235]],[[56854,26317],[-983,262]],[[55871,26579],[1380,631],[149,284]],[[57400,27494],[1658,-305],[245,-491],[468,744]],[[49647,29495],[-1468,-627]],[[48179,28868],[-1821,525],[-506,-428],[-16,-461],[-1466,808],[-288,1049],[191,789],[-331,1562],[696,404],[182,-153],[1168,1098],[816,186]],[[46804,34247],[1003,214]],[[47719,856],[-1452,-666],[-796,-144],[-1073,56],[-2187,420],[-1715,-522],[-306,408],[939,627],[102,780],[522,367],[231,692],[-14,975],[1352,-28],[549,-603],[43,-1103],[651,-487],[1255,6],[331,456],[-327,566]],[[45824,2656],[1028,520],[585,-26],[654,683],[399,74]],[[16823,72310],[111,298],[-899,317]],[[58956,13604],[-245,409],[-710,515],[-324,596],[-871,-60],[-300,279]],[[56506,15343],[375,429]],[[56881,15772],[1533,153],[706,-180],[905,62],[229,-980],[447,-153]],[[46965,53003],[-1222,-367],[-1713,72]],[[44030,52708],[-585,43],[-1316,425],[-2125,1607],[506,457],[966,-186],[247,462]],[[41723,55516],[708,-208],[864,397],[824,18],[528,-313],[449,135],[654,-325]],[[26965,68394],[-463,-256],[1447,-1118],[-705,-1426]],[[27244,65594],[-1663,450],[-619,648]],[[24962,66692],[-302,179]],[[52553,7097],[-2221,123],[-742,-125],[-240,480],[297,727],[-855,390],[-962,627],[-1575,-702],[-807,1150]],[[45448,9767],[1130,439],[612,766],[-234,584],[-816,685],[560,1217]],[[56370,20889],[32,-2189],[-129,-121]],[[56273,18579],[-1019,35],[-1279,-311],[-1000,-606],[-1114,388],[-1334,777],[-533,114],[-932,-230],[-1098,-949],[-450,-834],[-748,-162],[-737,304],[-366,358],[53,1067],[226,776],[-598,1527],[145,502],[1007,531],[1431,-148],[1767,-594],[583,-377],[436,-856],[767,-469],[515,104],[1397,743],[499,560],[215,710],[-83,446]],[[54023,21985],[1474,-511],[873,-585]],[[60848,23248],[-1011,-446],[-391,-785],[-907,-452],[152,-379],[-753,54],[-846,-516],[-722,165]],[[54023,21985],[-534,729],[-1798,812]],[[51691,23526],[1551,135],[781,817],[514,-19]],[[31563,65016],[-633,-55]],[[30930,64961],[-2473,-405],[-828,-16]],[[27629,64540],[-385,1054]],[[50332,47134],[-1561,584],[-1728,908]],[[47043,48626],[165,126],[-1168,527],[1080,763]],[[47120,50042],[551,84]],[[45824,2656],[-272,741],[130,784],[383,683],[1177,826],[919,423]],[[48161,6113],[669,69]],[[32014,61986],[1752,-83],[646,-155],[724,62],[923,-594],[966,687]],[[40237,59477],[189,-789]],[[40426,58688],[-583,-406],[-538,92],[-1545,-397],[-546,456],[308,1162],[-2470,66],[143,376],[-1330,72],[-1161,253],[195,369],[-1497,21],[837,719],[-703,404],[478,111]],[[12832,73264],[-190,-478]],[[12642,72786],[-755,457],[-500,658],[73,819],[-494,485],[449,908],[-175,459],[-2055,372]],[[41723,55516],[216,895],[415,496],[-556,518],[-844,1239],[-528,24]],[[46804,34247],[-710,255],[327,411],[-733,306],[717,238],[291,373],[739,2635],[197,281]],[[47632,38746],[434,-204]],[[47120,50042],[-458,-11],[-177,358],[-837,520],[-1618,1799]],[[32014,61986],[9,124],[-1093,2851]],[[56881,15772],[408,852],[-252,934]],[[57037,17558],[1298,144],[1976,703],[1588,316],[571,229],[1645,138],[1116,-302],[372,661]],[[6306,86334],[-805,497],[336,195],[-2201,1366],[-592,454]],[[3044,88846],[656,1004],[1447,204],[1223,53],[723,371],[1409,297],[499,-8]],[[47632,38746],[-1063,413],[-436,439],[-2820,1722],[-524,228],[-195,713]],[[42594,42261],[1046,752],[483,149],[1495,-152],[368,-738],[3094,-257],[131,253]],[[57037,17558],[-399,747],[-365,274]],[[49350,42476],[-164,848],[-1104,478],[-1886,1338],[-1007,1241]],[[45189,46381],[9,291],[552,413],[778,1091],[515,450]],[[1009,83709],[-1009,762],[653,1599],[-54,620],[-306,272],[546,252]],[[839,87214],[1398,-1780],[524,-536]],[[27629,64540],[-789,137],[-343,-141],[-3137,554],[699,1062],[903,540]],[[51691,23526],[-549,68],[-386,434],[100,446],[1032,802],[1332,514],[2651,789]],[[57400,27494],[-84,459],[-884,697],[-799,-84],[-1114,95]],[[54519,28661],[-81,446]],[[48161,6113],[671,865],[-240,660],[-896,432],[-1352,209],[-953,-37],[-828,159],[-494,632],[365,467],[1014,267]],[[54910,14324],[784,359],[812,660]],[[49350,42476],[-1028,639],[-1803,211],[-672,736],[-714,223],[-1060,-19],[-2191,592]],[[41882,44858],[1175,472],[737,51],[1395,1000]],[[839,87214],[2205,1632]],[[54519,28661],[-1150,-583],[-1733,135]],[[51636,28213],[2,2]],[[51636,28213],[-617,-606],[-733,45],[-1252,823],[-1148,-71],[293,464]],[[42594,42261],[-660,-110],[-2314,535],[325,780],[-447,399],[286,327],[2098,666]],[[21466,67923],[-1229,-664],[-1323,401],[-542,446],[61,304],[-819,341],[-408,871],[-653,748],[220,218]],[[16033,72925],[-798,-306],[-551,119],[-844,469],[-563,-465],[-635,44]]],"transform":{"scale":[4.408344083440889e-06,5.692456924569252e-06],"translate":[77.29709,28.08512]},"objects":{"villages":{"type":"GeometryCollection","geometries":[{"arcs":[[0,1,2,3,4]],"type":"Polygon","properties":{"n":"Alawalpur","c":120426,"d":"Gautam Buddha Nagar","s":"UTTAR PRADESH"}},{"arcs":[[5,6,7,8,9]],"type":"Polygon","properties":{"n":"Udaipur","c":121511,"d":"Gautam Buddha Nagar","s":"UTTAR PRADESH"}},{"arcs":[[10,11,12,13]],"type":"Polygon","properties":{"n":"Bhabokara","c":120435,"d":"Gautam Buddha Nagar","s":"UTTAR PRADESH"}},{"arcs":[[-4,14,15,16]],"type":"Polygon","properties":{"n":"Mangroli","c":120425,"d":"Gautam Buddha Nagar","s":"UTTAR PRADESH"}},{"arcs":[[17,18,19,20]],"type":"Polygon","properties":{"n":" ","c":0,"d":"Gautam Buddha Nagar","s":"UTTAR PRADESH"}},{"arcs":[[21,22,23,24,25]],"type":"Polygon","properties":{"n":"Datawali","c":120181,"d":"Gautam Buddha Nagar","s":"UTTAR PRADESH"}},{"arcs":[[26,27,28,29,30,31,32]],"type":"Polygon","properties":{"n":"Suthiyana","c":942804,"d":"Gautam Buddha Nagar","s":"UTTAR PRADESH"}},{"arcs":[[33,34,35,-33,36]],"type":"Polygon","properties":{"n":"Lakhnavali","c":942788,"d":"Gautam Buddha Nagar","s":"UTTAR PRADESH"}},{"arcs":[[37,38,39,40,41,42]],"type":"Polygon","properties":{"n":"Junpat","c":120184,"d":"Gautam Buddha Nagar","s":"UTTAR PRADESH"}},{"arcs":[[43,44,45,46]],"type":"Polygon","properties":{"n":" ","c":120233,"d":"Gautam Buddha Nagar","s":"UTTAR PRADESH"}},{"arcs":[[47,48,49,50]],"type":"Polygon","properties":{"n":"Rasoolpur Rai","c":942796,"d":"Gautam Buddha Nagar","s":"UTTAR PRADESH"}},{"arcs":[[51,52,53,54,55,56,57]],"type":"Polygon","properties":{"n":"Uncha Amirpur","c":120161,"d":"Gautam Buddha Nagar","s":"UTTAR PRADESH"}},{"arcs":[[58,59,60,61,62]],"type":"Polygon","properties":{"n":"Bisnoli","c":120127,"d":"Gautam Buddha Nagar","s":"UTTAR PRADESH"}},{"arcs":[[63,64,65]],"type":"Polygon","properties":{"n":"Yusufpur Chak Saberi","c":120116,"d":"Gautam Buddha Nagar","s":"UTTAR PRADESH"}},{"arcs":[[66,67,68,69,70,71]],"type":"Polygon","properties":{"n":"Shah Beri","c":120117,"d":"Gautam Buddha Nagar","s":"UTTAR PRADESH"}},{"arcs":[[72,73,74,75,76,77,78,79]],"type":"Polygon","properties":{"n":"Parsaul","c":120345,"d":"Gautam Buddha Nagar","s":"UTTAR PRADESH"}},{"arcs":[[80,81,82,83,84,85,86]],"type":"Polygon","properties":{"n":"Wailaina","c":120447,"d":"Gautam Buddha Nagar","s":"UTTAR PRADESH"}},{"arcs":[[87,88,89,90]],"type":"Polygon","properties":{"n":"Nanua Ka Razapur","c":120312,"d":"Gautam Buddha Nagar","s":"UTTAR PRADESH"}},{"arcs":[[91,92,93,94]],"type":"Polygon","properties":{"n":"Saloni Urf Rauni","c":120450,"d":"Gautam Buddha Nagar","s":"UTTAR PRADESH"}},{"arcs":[[95,96,97,-7,98]],"type":"Polygon","properties":{"n":"Chhapna","c":121514,"d":"Gautam Buddha Nagar","s":"UTTAR PRADESH"}},{"arcs":[[99,100,101,102,103]],"type":"Polygon","properties":{"n":"Bhagwantpur Chhatanga","c":120417,"d":"Gautam Buddha Nagar","s":"UTTAR PRADESH"}},{"arcs":[[104,-78,105,106,107,108]],"type":"Polygon","properties":{"n":"Achhe Buzurg","c":120337,"d":"Gautam Buddha Nagar","s":"UTTAR PRADESH"}},{"arcs":[[-9,109,110,111,112,113]],"type":"Polygon","properties":{"n":"Kalakhuri","c":121512,"d":"Gautam Buddha Nagar","s":"UTTAR PRADESH"}},{"arcs":[[-99,-6,114,115]],"type":"Polygon","properties":{"n":"Alampur Iathla Urf Lodona","c":120439,"d":"Gautam Buddha Nagar","s":"UTTAR PRADESH"}},{"arcs":[[116,-16,117]],"type":"Polygon","properties":{"n":"Sadullapur Urf Madlepur","c":120424,"d":"Gautam Buddha Nagar","s":"UTTAR PRADESH"}},{"arcs":[[118,119,120,121,122]],"type":"Polygon","properties":{"n":"Hoshiyarpur","c":942758,"d":"Gautam Buddha Nagar","s":"UTTAR PRADESH"}},{"arcs":[[123,124,125,126,127,128]],"type":"Polygon","properties":{"n":" ","c":0,"d":"Gautam Buddha Nagar","s":"UTTAR PRADESH"}},{"arcs":[[-55,129,130,131,132]],"type":"Polygon","properties":{"n":" ","c":120186,"d":"Gautam Buddha Nagar","s":"UTTAR PRADESH"}},{"arcs":[[133,-127,134,135,136,137]],"type":"Polygon","properties":{"n":"Suthari Urf Nithari","c":942774,"d":"Gautam Buddha Nagar","s":"UTTAR PRADESH"}},{"arcs":[[138,139,140,141,142,143]],"type":"Polygon","properties":{"n":"Baraula","c":942742,"d":"Gautam Buddha Nagar","s":"UTTAR PRADESH"}},{"arcs":[[144,145,-122,146,-124,147,148]],"type":"Polygon","properties":{"n":"Maamura","c":942761,"d":"Gautam Buddha Nagar","s":"UTTAR PRADESH"}},{"arcs":[[149,150]],"type":"Polygon","properties":{"n":" ","c":120157,"d":"Gautam Buddha Nagar","s":"UTTAR PRADESH"}},{"arcs":[[151,152]],"type":"Polygon","properties":{"n":" ","c":120157,"d":"Gautam Buddha Nagar","s":"UTTAR PRADESH"}},{"arcs":[[153,154,155,156]],"type":"Polygon","properties":{"n":"Mohammadpur Gurjar","c":120299,"d":"Gautam Buddha Nagar","s":"UTTAR PRADESH"}},{"arcs":[[157,158,159,160,161,162,163,164,165]],"type":"Polygon","properties":{"n":"Sunpeda","c":120453,"d":"Gautam Buddha Nagar","s":"UTTAR PRADESH"}},{"arcs":[[166,167,168,169,170,171,172,173]],"type":"Polygon","properties":{"n":"Vairbadshahpur","c":120459,"d":"Gautam Buddha Nagar","s":"UTTAR PRADESH"}},{"arcs":[[174,175,176,-82,177,178]],"type":"Polygon","properties":{"n":"Kwani Buzurj","c":120446,"d":"Gautam Buddha Nagar","s":"UTTAR PRADESH"}},{"arcs":[[179,180,181,182]],"type":"Polygon","properties":{"n":"Gunpura","c":120319,"d":"Gautam Buddha Nagar","s":"UTTAR PRADESH"}},{"arcs":[[183,184,185,186]],"type":"Polygon","properties":{"n":"Kayampur","c":942786,"d":"Gautam Buddha Nagar","s":"UTTAR PRADESH"}},{"arcs":[[187,188,189,190,191,192]],"type":"Polygon","properties":{"n":" ","c":0,"d":"Gautam Buddha Nagar","s":"UTTAR PRADESH"}},{"arcs":[[193,194,195,196,197,-23,198]],"type":"Polygon","properties":{"n":"Chamrawali Ramgarh","c":120215,"d":"Gautam Buddha Nagar","s":"UTTAR PRADESH"}},{"arcs":[[199,200,201,202,203,204,205]],"type":"Polygon","properties":{"n":"Nagla Nainsukh","c":120206,"d":"Gautam Buddha Nagar","s":"UTTAR PRADESH"}},{"arcs":[[206,207,-206,208]],"type":"Polygon","properties":{"n":"Milak Khandera","c":120205,"d":"Gautam Buddha Nagar","s":"UTTAR PRADESH"}},{"arcs":[[209,210,211,212,213,214]],"type":"Polygon","properties":{"n":" ","c":0,"d":"Gautam Buddha Nagar","s":"UTTAR PRADESH"}},{"arcs":[[215,-192,216,217,218,219,220,221]],"type":"Polygon","properties":{"n":"Tugalpur","c":942805,"d":"Gautam Buddha Nagar","s":"UTTAR PRADESH"}},{"arcs":[[222,223,224,225,226,227]],"type":"Polygon","properties":{"n":"Alauda Jagir","c":120442,"d":"Gautam Buddha Nagar","s":"UTTAR PRADESH"}},{"arcs":[[228,229,-166,230,-223,231,232]],"type":"Polygon","properties":{"n":"Hirnoti","c":120449,"d":"Gautam Buddha Nagar","s":"UTTAR PRADESH"}},{"arcs":[[-90,233,234,235,236,-157,237,238,-180,239,240,241]],"type":"Polygon","properties":{"n":"Dankaur","c":120318,"d":"Gautam Buddha Nagar","s":"UTTAR PRADESH"}},{"arcs":[[242,243,244,-140,245]],"type":"Polygon","properties":{"n":"Salarpur Khadar (CT)","c":120228,"d":"Gautam Buddha Nagar","s":"UTTAR PRADESH"}},{"arcs":[[246,247,248,249,250,251,252,253,254]],"type":"Polygon","properties":{"n":"Dadri (NPP)","c":800740,"d":"Gautam Buddha Nagar","s":"UTTAR PRADESH"}},{"arcs":[[-141,-245,255,256,257,258,259,260]],"type":"Polygon","properties":{"n":"Sadarpur","c":942770,"d":"Gautam Buddha Nagar","s":"UTTAR PRADESH"}},{"arcs":[[261,262,263,264,265]],"type":"Polygon","properties":{"n":"Khedi","c":120149,"d":"Gautam Buddha Nagar","s":"UTTAR PRADESH"}},{"arcs":[[266,267,268,269,270,271]],"type":"Polygon","properties":{"n":"Uplarasi","c":120193,"d":"Gautam Buddha Nagar","s":"UTTAR PRADESH"}},{"arcs":[[272,273,274,275,276]],"type":"Polygon","properties":{"n":"Rustampur","c":120357,"d":"Gautam Buddha Nagar","s":"UTTAR PRADESH"}},{"arcs":[[277,278,279,280]],"type":"Polygon","properties":{"n":"Makanpur Bangar","c":120332,"d":"Gautam Buddha Nagar","s":"UTTAR PRADESH"}},{"arcs":[[281,282,-97]],"type":"Polygon","properties":{"n":"Dasoli","c":121516,"d":"Gautam Buddha Nagar","s":"UTTAR PRADESH"}},{"arcs":[[283,284,285,-101,286]],"type":"Polygon","properties":{"n":"Aliyabad Mahdipur","c":120420,"d":"Gautam Buddha Nagar","s":"UTTAR PRADESH"}},{"arcs":[[287,-284,288]],"type":"Polygon","properties":{"n":"Mewla Gopalgarh","c":120421,"d":"Gautam Buddha Nagar","s":"UTTAR PRADESH"}},{"arcs":[[-286,289,290,291,-102]],"type":"Polygon","properties":{"n":"Chhatanga Khurd","c":120419,"d":"Gautam Buddha Nagar","s":"UTTAR PRADESH"}},{"arcs":[[292,293,294,295,296,-154,-237,297,298]],"type":"Polygon","properties":{"n":"Dhanauri","c":120300,"d":"Gautam Buddha Nagar","s":"UTTAR PRADESH"}},{"arcs":[[299,300,301,302]],"type":"Polygon","properties":{"n":"Kulipura","c":120262,"d":"Gautam Buddha Nagar","s":"UTTAR PRADESH"}},{"arcs":[[303,304,305,306,307,308]],"type":"Polygon","properties":{"n":"Gharbarah","c":120257,"d":"Gautam Buddha Nagar","s":"UTTAR PRADESH"}},{"arcs":[[-198,309,-38,310,311,-24]],"type":"Polygon","properties":{"n":"Chamrawali Bodaki","c":120183,"d":"Gautam Buddha Nagar","s":"UTTAR PRADESH"}},{"arcs":[[-311,-43,312,313,314]],"type":"Polygon","properties":{"n":"Thapkhera","c":120156,"d":"Gautam Buddha Nagar","s":"UTTAR PRADESH"}},{"arcs":[[315,316,-5,-17,-117,317,318,319]],"type":"Polygon","properties":{"n":"Neemka Shahjahanpur","c":120423,"d":"Gautam Buddha Nagar","s":"UTTAR PRADESH"}},{"arcs":[[320,-112,321,322,-11,323,324]],"type":"Polygon","properties":{"n":"Deorar","c":120434,"d":"Gautam Buddha Nagar","s":"UTTAR PRADESH"}},{"arcs":[[325,326,327,328,329]],"type":"Polygon","properties":{"n":"Bhaipur Brahmanan","c":120366,"d":"Gautam Buddha Nagar","s":"UTTAR PRADESH"}},{"arcs":[[330,331,332,333,334,335]],"type":"Polygon","properties":{"n":"Inayatpur","c":120470,"d":"Gautam Buddha Nagar","s":"UTTAR PRADESH"}},{"arcs":[[336,337,338,339,340,341,342,343,344]],"type":"Polygon","properties":{"n":"Saini","c":120147,"d":"Gautam Buddha Nagar","s":"UTTAR PRADESH"}},{"arcs":[[345,346,347,348,349,350]],"type":"Polygon","properties":{"n":"Jon Samana","c":120170,"d":"Gautam Buddha Nagar","s":"UTTAR PRADESH"}},{"arcs":[[351,352,353,354,355,356,357]],"type":"Polygon","properties":{"n":"Bisrakh Jalalpur","c":120139,"d":"Gautam Buddha Nagar","s":"UTTAR PRADESH"}},{"arcs":[[358,359,360,361,362,363,364,365]],"type":"Polygon","properties":{"n":"Mayana","c":120374,"d":"Gautam Buddha Nagar","s":"UTTAR PRADESH"}},{"arcs":[[-364,366,367]],"type":"Polygon","properties":{"n":"Maksudpur","c":120369,"d":"Gautam Buddha Nagar","s":"UTTAR PRADESH"}},{"arcs":[[368,369,370]],"type":"Polygon","properties":{"n":"Fatehpurjadon","c":120465,"d":"Gautam Buddha Nagar","s":"UTTAR PRADESH"}},{"arcs":[[371,-39,-310,-197]],"type":"Polygon","properties":{"n":"Hazratpur","c":120214,"d":"Gautam Buddha Nagar","s":"UTTAR PRADESH"}},{"arcs":[[372,373,374,375,376,377]],"type":"Polygon","properties":{"n":"Allauddinnagar","c":120412,"d":"Gautam Buddha Nagar","s":"UTTAR PRADESH"}},{"arcs":[[378,379,380,381,382]],"type":"Polygon","properties":{"n":"Mundrah","c":120383,"d":"Gautam Buddha Nagar","s":"UTTAR PRADESH"}},{"arcs":[[383,384,385]],"type":"Polygon","properties":{"n":"Luksar","c":120265,"d":"Gautam Buddha Nagar","s":"UTTAR PRADESH"}},{"arcs":[[386,387,388,389,390]],"type":"Polygon","properties":{"n":"Nagala Chiti","c":120287,"d":"Gautam Buddha Nagar","s":"UTTAR PRADESH"}},{"arcs":[[391,392,393,394,395,396,-380,397]],"type":"Polygon","properties":{"n":"Dastampur","c":120428,"d":"Gautam Buddha Nagar","s":"UTTAR PRADESH"}},{"arcs":[[398,399,400,401,402,403,404]],"type":"Polygon","properties":{"n":"Hasanpur","c":121505,"d":"Gautam Buddha Nagar","s":"UTTAR PRADESH"}},{"arcs":[[405,406,-277,407,408,409]],"type":"Polygon","properties":{"n":"Nilonip Shahpur","c":120342,"d":"Gautam Buddha Nagar","s":"UTTAR PRADESH"}},{"arcs":[[410,411,412]],"type":"Polygon","properties":{"n":"Chak Jalalabad","c":120355,"d":"Gautam Buddha Nagar","s":"UTTAR PRADESH"}},{"arcs":[[413,-273,-407,414]],"type":"Polygon","properties":{"n":"Pachokara","c":120358,"d":"Gautam Buddha Nagar","s":"UTTAR PRADESH"}},{"arcs":[[415,416,417,418,-393,419]],"type":"Polygon","properties":{"n":"Dhansia","c":120429,"d":"Gautam Buddha Nagar","s":"UTTAR PRADESH"}},{"arcs":[[420,421,422,423,424]],"type":"Polygon","properties":{"n":"Kishorpur","c":120399,"d":"Gautam Buddha Nagar","s":"UTTAR PRADESH"}},{"arcs":[[-396,425,426,-425,427,428,429]],"type":"Polygon","properties":{"n":"Rohi","c":120385,"d":"Gautam Buddha Nagar","s":"UTTAR PRADESH"}},{"arcs":[[430,431,432,-75]],"type":"Polygon","properties":{"n":"Acchepur","c":120340,"d":"Gautam Buddha Nagar","s":"UTTAR PRADESH"}},{"arcs":[[433,434,435]],"type":"Polygon","properties":{"n":"Subra","c":120468,"d":"Gautam Buddha Nagar","s":"UTTAR PRADESH"}},{"arcs":[[436,437,438,-417,439]],"type":"Polygon","properties":{"n":"Alli Ahmadpur Urf Garhi","c":120438,"d":"Gautam Buddha Nagar","s":"UTTAR PRADESH"}},{"arcs":[[-226,440,441,442,443,444,445]],"type":"Polygon","properties":{"n":"Talda","c":120315,"d":"Gautam Buddha Nagar","s":"UTTAR PRADESH"}},{"arcs":[[446,447,448,449,450]],"type":"Polygon","properties":{"n":"Dhanpura","c":120389,"d":"Gautam Buddha Nagar","s":"UTTAR PRADESH"}},{"arcs":[[-275,451,-326,452,453]],"type":"Polygon","properties":{"n":"Mohammadabad Khoda","c":120360,"d":"Gautam Buddha Nagar","s":"UTTAR PRADESH"}},{"arcs":[[454,455,-194,456,457]],"type":"Polygon","properties":{"n":"Bhogpur","c":120210,"d":"Gautam Buddha Nagar","s":"UTTAR PRADESH"}},{"arcs":[[458,459,460,461,-455,462,-203]],"type":"Polygon","properties":{"n":"Luharli 139 Basantpur Bangar","c":120211,"d":"Gautam Buddha Nagar","s":"UTTAR PRADESH"}},{"arcs":[[463,464,-366,465,466,467,468]],"type":"Polygon","properties":{"n":"Jaunchana","c":120371,"d":"Gautam Buddha Nagar","s":"UTTAR PRADESH"}},{"arcs":[[469,-375,470,471,-318,-118,-15,-3,472,-289,-287,-100,473,474,475,476]],"type":"Polygon","properties":{"n":"Jewar (NP)","c":800745,"d":"Gautam Buddha Nagar","s":"UTTAR PRADESH"}},{"arcs":[[-476,477,478]],"type":"Polygon","properties":{"n":"Jewar Banger","c":120413,"d":"Gautam Buddha Nagar","s":"UTTAR PRADESH"}},{"arcs":[[479,480,481,-113,-321,482,-438]],"type":"Polygon","properties":{"n":"Chanchali","c":120433,"d":"Gautam Buddha Nagar","s":"UTTAR PRADESH"}},{"arcs":[[483,484,485,486,487,488,489,-53]],"type":"Polygon","properties":{"n":"Salarpur Kalan","c":120187,"d":"Gautam Buddha Nagar","s":"UTTAR PRADESH"}},{"arcs":[[-344,490,491,492]],"type":"Polygon","properties":{"n":"Milk Lachchhi","c":120120,"d":"Gautam Buddha Nagar","s":"UTTAR PRADESH"}},{"arcs":[[493,494,495,-69]],"type":"Polygon","properties":{"n":"Ithaira","c":120121,"d":"Gautam Buddha Nagar","s":"UTTAR PRADESH"}},{"arcs":[[496,497,498,499,-359,-465]],"type":"Polygon","properties":{"n":"Kalupura","c":120373,"d":"Gautam Buddha Nagar","s":"UTTAR PRADESH"}},{"arcs":[[500,501,-367,-363,502,503]],"type":"Polygon","properties":{"n":"Bhanna Taga","c":120368,"d":"Gautam Buddha Nagar","s":"UTTAR PRADESH"}},{"arcs":[[504,505,-497,-464,506,-333]],"type":"Polygon","properties":{"n":"Amanullapur Urf Mahara","c":120372,"d":"Gautam Buddha Nagar","s":"UTTAR PRADESH"}},{"arcs":[[507,508,509,-505,-332,510]],"type":"Polygon","properties":{"n":"Kapna","c":121500,"d":"Gautam Buddha Nagar","s":"UTTAR PRADESH"}},{"arcs":[[511,512,513,-399,514,515,-509,516]],"type":"Polygon","properties":{"n":"Jalalabad Urf Chingrawli","c":121503,"d":"Gautam Buddha Nagar","s":"UTTAR PRADESH"}},{"arcs":[[517,518,-449]],"type":"Polygon","properties":{"n":"Sultanpur","c":120390,"d":"Gautam Buddha Nagar","s":"UTTAR PRADESH"}},{"arcs":[[519,520,521,522]],"type":"Polygon","properties":{"n":"Jaitwapur Navarpur","c":120164,"d":"Gautam Buddha Nagar","s":"UTTAR PRADESH"}},{"arcs":[[523,524,525,526,-145,527,-18,528]],"type":"Polygon","properties":{"n":"Bahlolpur","c":942741,"d":"Gautam Buddha Nagar","s":"UTTAR PRADESH"}},{"arcs":[[-162,529,530,-175,531]],"type":"Polygon","properties":{"n":"Kwani Buzurj","c":0,"d":"Gautam Buddha Nagar","s":"UTTAR PRADESH"}},{"arcs":[[-432,532,-406,533]],"type":"Polygon","properties":{"n":"Chandpur","c":120341,"d":"Gautam Buddha Nagar","s":"UTTAR PRADESH"}},{"arcs":[[534,535,-382,536,537,538,539,-361]],"type":"Polygon","properties":{"n":"Birampur","c":120380,"d":"Gautam Buddha Nagar","s":"UTTAR PRADESH"}},{"arcs":[[540,541,542,543,-499]],"type":"Polygon","properties":{"n":"Bhikanpur","c":120377,"d":"Gautam Buddha Nagar","s":"UTTAR PRADESH"}},{"arcs":[[-132,544,545,546,-520,547]],"type":"Polygon","properties":{"n":"Pyawali Tajpur","c":120165,"d":"Gautam Buddha Nagar","s":"UTTAR PRADESH"}},{"arcs":[[-70,-496,548,549,550,-525,-64,551]],"type":"Polygon","properties":{"n":"Haibatpur","c":120122,"d":"Gautam Buddha Nagar","s":"UTTAR PRADESH"}},{"arcs":[[-164,552,553,554,-294,555,556]],"type":"Polygon","properties":{"n":"Thasrana","c":120301,"d":"Gautam Buddha Nagar","s":"UTTAR PRADESH"}},{"arcs":[[557,558,559]],"type":"Polygon","properties":{"n":"Gari Samastpur","c":120256,"d":"Gautam Buddha Nagar","s":"UTTAR PRADESH"}},{"arcs":[[560,561,562]],"type":"Polygon","properties":{"n":"Khanpur","c":120250,"d":"Gautam Buddha Nagar","s":"UTTAR PRADESH"}},{"arcs":[[563,564,-504,565,566,567,-327,-452,-274,-414]],"type":"Polygon","properties":{"n":"Rabupura (NP)","c":800743,"d":"Gautam Buddha Nagar","s":"UTTAR PRADESH"}},{"arcs":[[-412,568,569,-278,570,571,572]],"type":"Polygon","properties":{"n":"Kadarpur Mojampur","c":120331,"d":"Gautam Buddha Nagar","s":"UTTAR PRADESH"}},{"arcs":[[573,574,575,576,577,-84]],"type":"Polygon","properties":{"n":"Khwajapur Aminabad Urf Fakigar","c":120461,"d":"Gautam Buddha Nagar","s":"UTTAR PRADESH"}},{"arcs":[[578,579,580,-176,-531]],"type":"Polygon","properties":{"n":"Jaitpur","c":120462,"d":"Gautam Buddha Nagar","s":"UTTAR PRADESH"}},{"arcs":[[-369,581,582,583]],"type":"Polygon","properties":{"n":"Dhanaura","c":120466,"d":"Gautam Buddha Nagar","s":"UTTAR PRADESH"}},{"arcs":[[-350,584,-345,585,586]],"type":"Polygon","properties":{"n":"Sadullapur","c":120144,"d":"Gautam Buddha Nagar","s":"UTTAR PRADESH"}},{"arcs":[[587,-404,588,-542,589]],"type":"Polygon","properties":{"n":"Ismail Nagar Urf Bhoyra","c":120378,"d":"Gautam Buddha Nagar","s":"UTTAR PRADESH"}},{"arcs":[[-539,590,591]],"type":"Polygon","properties":{"n":"Chakbirampur","c":120379,"d":"Gautam Buddha Nagar","s":"UTTAR PRADESH"}},{"arcs":[[592,593,-26,594,595,-249,596,597]],"type":"Polygon","properties":{"n":"Chithara","c":120179,"d":"Gautam Buddha Nagar","s":"UTTAR PRADESH"}},{"arcs":[[598,-492,599,-494,-68,600,601]],"type":"Polygon","properties":{"n":"Roza Yakubpur","c":120118,"d":"Gautam Buddha Nagar","s":"UTTAR PRADESH"}},{"arcs":[[602,603,604,605,606,607]],"type":"Polygon","properties":{"n":"Dadupur Dankaur","c":120303,"d":"Gautam Buddha Nagar","s":"UTTAR PRADESH"}},{"arcs":[[608,609,-604,610,611]],"type":"Polygon","properties":{"n":"Daudpur","c":120273,"d":"Gautam Buddha Nagar","s":"UTTAR PRADESH"}},{"arcs":[[612,-34,613,614]],"type":"Polygon","properties":{"n":"Malakpur","c":942790,"d":"Gautam Buddha Nagar","s":"UTTAR PRADESH"}},{"arcs":[[615,616,617,618,-201,619]],"type":"Polygon","properties":{"n":"Saithali","c":120207,"d":"Gautam Buddha Nagar","s":"UTTAR PRADESH"}},{"arcs":[[-532,-179,620,-553,-163]],"type":"Polygon","properties":{"n":"Azampur Husainpur","c":120456,"d":"Gautam Buddha Nagar","s":"UTTAR PRADESH"}},{"arcs":[[621,-86,622,-80,623,-296]],"type":"Polygon","properties":{"n":"Bhatta","c":120343,"d":"Gautam Buddha Nagar","s":"UTTAR PRADESH"}},{"arcs":[[-624,-79,-105,624,-155,-297]],"type":"Polygon","properties":{"n":"Usmanpur","c":120336,"d":"Gautam Buddha Nagar","s":"UTTAR PRADESH"}},{"arcs":[[625,-611,-603,626,627]],"type":"Polygon","properties":{"n":"Bisaich","c":120272,"d":"Gautam Buddha Nagar","s":"UTTAR PRADESH"}},{"arcs":[[628,629,630,631,632,633,634]],"type":"Polygon","properties":{"n":"Mubarikpur","c":942793,"d":"Gautam Buddha Nagar","s":"UTTAR PRADESH"}},{"arcs":[[-196,635,636,637,638,639,-210,640,-40,-372]],"type":"Polygon","properties":{"n":"Ghodi Bachheda","c":120185,"d":"Gautam Buddha Nagar","s":"UTTAR PRADESH"}},{"arcs":[[641,642,-216,643]],"type":"Polygon","properties":{"n":"Rampur Jagir","c":942795,"d":"Gautam Buddha Nagar","s":"UTTAR PRADESH"}},{"arcs":[[-383,-536,644,645]],"type":"Polygon","properties":{"n":"Shahpur Nagala","c":120381,"d":"Gautam Buddha Nagar","s":"UTTAR PRADESH"}},{"arcs":[[-231,-165,-557,646,-224]],"type":"Polygon","properties":{"n":"Chuharpur Bangar","c":120295,"d":"Gautam Buddha Nagar","s":"UTTAR PRADESH"}},{"arcs":[[647,648,-572,649,650]],"type":"Polygon","properties":{"n":"Suhaidi Mahiuddinpur","c":120329,"d":"Gautam Buddha Nagar","s":"UTTAR PRADESH"}},{"arcs":[[-77,651,-106]],"type":"Polygon","properties":{"n":"Rampur Bangar","c":120338,"d":"Gautam Buddha Nagar","s":"UTTAR PRADESH"}},{"arcs":[[652,653,654,655,656]],"type":"Polygon","properties":{"n":"Samauddinpur","c":120218,"d":"Gautam Buddha Nagar","s":"UTTAR PRADESH"}},{"arcs":[[657,658,-653,659,-461]],"type":"Polygon","properties":{"n":"Basantpur Bangar","c":120212,"d":"Gautam Buddha Nagar","s":"UTTAR PRADESH"}},{"arcs":[[660,661,-322,-111]],"type":"Polygon","properties":{"n":"Aurangabad Urf Humayunpur","c":120440,"d":"Gautam Buddha Nagar","s":"UTTAR PRADESH"}},{"arcs":[[-115,-10,-114,-482,662,663]],"type":"Polygon","properties":{"n":"Jawan","c":121510,"d":"Gautam Buddha Nagar","s":"UTTAR PRADESH"}},{"arcs":[[664,665,666,667,668,669,670]],"type":"Polygon","properties":{"n":"Dalelgarh","c":120308,"d":"Gautam Buddha Nagar","s":"UTTAR PRADESH"}},{"arcs":[[671,672,673,674,675]],"type":"Polygon","properties":{"n":"Anandpur","c":120202,"d":"Gautam Buddha Nagar","s":"UTTAR PRADESH"}},{"arcs":[[-596,676,677,678,-250]],"type":"Polygon","properties":{"n":"Kathhera","c":120182,"d":"Gautam Buddha Nagar","s":"UTTAR PRADESH"}},{"arcs":[[679,-32,680,681,682,683]],"type":"Polygon","properties":{"n":"Kulesra","c":942787,"d":"Gautam Buddha Nagar","s":"UTTAR PRADESH"}},{"arcs":[[684,685,686,687,-257,688]],"type":"Polygon","properties":{"n":"Sultanpur","c":942773,"d":"Gautam Buddha Nagar","s":"UTTAR PRADESH"}},{"arcs":[[689,-346,690,691]],"type":"Polygon","properties":{"n":"Sadhopur","c":120171,"d":"Gautam Buddha Nagar","s":"UTTAR PRADESH"}},{"arcs":[[692,693,694,695,-300,696,697]],"type":"Polygon","properties":{"n":"Panchayatan Inayatpur","c":120282,"d":"Gautam Buddha Nagar","s":"UTTAR PRADESH"}},{"arcs":[[698,-308,699,700]],"type":"Polygon","properties":{"n":"Momnathal","c":942792,"d":"Gautam Buddha Nagar","s":"UTTAR PRADESH"}},{"arcs":[[701,702,703,704]],"type":"Polygon","properties":{"n":"Shahpur Khurd","c":120279,"d":"Gautam Buddha Nagar","s":"UTTAR PRADESH"}},{"arcs":[[-178,-81,705,-554,-621]],"type":"Polygon","properties":{"n":"Alipura","c":120445,"d":"Gautam Buddha Nagar","s":"UTTAR PRADESH"}},{"arcs":[[-516,706,-590,-541,-498,-506,-510]],"type":"Polygon","properties":{"n":"Govila","c":121499,"d":"Gautam Buddha Nagar","s":"UTTAR PRADESH"}},{"arcs":[[707,-517,-508,708]],"type":"Polygon","properties":{"n":"Mumrejpur","c":121501,"d":"Gautam Buddha Nagar","s":"UTTAR PRADESH"}},{"arcs":[[-362,-540,-592,709,710,-566,-503]],"type":"Polygon","properties":{"n":"Murad Garhi","c":120375,"d":"Gautam Buddha Nagar","s":"UTTAR PRADESH"}},{"arcs":[[-468,711,712,713,714,715]],"type":"Polygon","properties":{"n":"Dubli","c":120351,"d":"Gautam Buddha Nagar","s":"UTTAR PRADESH"}},{"arcs":[[716,717,-335,718,-434,719]],"type":"Polygon","properties":{"n":"Chachura","c":120350,"d":"Gautam Buddha Nagar","s":"UTTAR PRADESH"}},{"arcs":[[-276,-454,-413,720,-408]],"type":"Polygon","properties":{"n":"Ronija","c":120356,"d":"Gautam Buddha Nagar","s":"UTTAR PRADESH"}},{"arcs":[[721,-714,722,723,-564,-415,-533,-431,-74,-577]],"type":"Polygon","properties":{"n":"Utrawali","c":120352,"d":"Gautam Buddha Nagar","s":"UTTAR PRADESH"}},{"arcs":[[-715,-722,-576]],"type":"Polygon","properties":{"n":"Chauki","c":120460,"d":"Gautam Buddha Nagar","s":"UTTAR PRADESH"}},{"arcs":[[724,-574,-83,-177,-581]],"type":"Polygon","properties":{"n":"Raslpur Ekbel","c":120349,"d":"Gautam Buddha Nagar","s":"UTTAR PRADESH"}},{"arcs":[[725,-697,-303,726,727,728,729,730]],"type":"Polygon","properties":{"n":"Ghanghola","c":120261,"d":"Gautam Buddha Nagar","s":"UTTAR PRADESH"}},{"arcs":[[731,732,-479,733,734]],"type":"Polygon","properties":{"n":"Jewar Khader","c":120409,"d":"Gautam Buddha Nagar","s":"UTTAR PRADESH"}},{"arcs":[[735,-378,736,737,738]],"type":"Polygon","properties":{"n":"Rampur Banger","c":120406,"d":"Gautam Buddha Nagar","s":"UTTAR PRADESH"}},{"arcs":[[-500,-544,739,-645,-535,-360]],"type":"Polygon","properties":{"n":"Akalpur","c":120376,"d":"Gautam Buddha Nagar","s":"UTTAR PRADESH"}},{"arcs":[[740,741,-512,-708]],"type":"Polygon","properties":{"n":"Usmanpur","c":121502,"d":"Gautam Buddha Nagar","s":"UTTAR PRADESH"}},{"arcs":[[-711,742,743,-447,744,-567]],"type":"Polygon","properties":{"n":"Tirthali","c":120396,"d":"Gautam Buddha Nagar","s":"UTTAR PRADESH"}},{"arcs":[[745,-204,-463,-458,746,-673]],"type":"Polygon","properties":{"n":"Kot","c":120209,"d":"Gautam Buddha Nagar","s":"UTTAR PRADESH"}},{"arcs":[[747,748,749,750,751,-254,752,-266,753,-347,-690,754,755,756]],"type":"Polygon","properties":{"n":"Mahamvad","c":120136,"d":"Gautam Buddha Nagar","s":"UTTAR PRADESH"}},{"arcs":[[-706,-87,-622,-295,-555]],"type":"Polygon","properties":{"n":"Amipur Bangar","c":120444,"d":"Gautam Buddha Nagar","s":"UTTAR PRADESH"}},{"arcs":[[757,-108,758,759,760,-181,-239]],"type":"Polygon","properties":{"n":"Salarpur","c":120324,"d":"Gautam Buddha Nagar","s":"UTTAR PRADESH"}},{"arcs":[[761,762,763]],"type":"Polygon","properties":{"n":"Sadipur Chhidoli","c":120132,"d":"Gautam Buddha Nagar","s":"UTTAR PRADESH"}},{"arcs":[[764,765]],"type":"Polygon","properties":{"n":"Mahiuddin Pur Kanawni","c":120114,"d":"Gautam Buddha Nagar","s":"UTTAR PRADESH"}},{"arcs":[[-670,766,-609,767]],"type":"Polygon","properties":{"n":"Bagpur","c":120305,"d":"Gautam Buddha Nagar","s":"UTTAR PRADESH"}},{"arcs":[[768,769,770,771,-695]],"type":"Polygon","properties":{"n":"Girdharpur","c":120286,"d":"Gautam Buddha Nagar","s":"UTTAR PRADESH"}},{"arcs":[[-385,772,-627,-608,773,774,775,776,-304,777]],"type":"Polygon","properties":{"n":"Murshadpur","c":120266,"d":"Gautam Buddha Nagar","s":"UTTAR PRADESH"}},{"arcs":[[778,779,780,781,-387]],"type":"Polygon","properties":{"n":"Chiti","c":120288,"d":"Gautam Buddha Nagar","s":"UTTAR PRADESH"}},{"arcs":[[-302,782,783,-665,784,-628,-773,-384,785,786,-727]],"type":"Polygon","properties":{"n":"Imalyaka","c":120264,"d":"Gautam Buddha Nagar","s":"UTTAR PRADESH"}},{"arcs":[[-589,-403,787,-398,-379,-646,-740,-543]],"type":"Polygon","properties":{"n":"Kanpur","c":120382,"d":"Gautam Buddha Nagar","s":"UTTAR PRADESH"}},{"arcs":[[788,789,790,-88,791,792]],"type":"Polygon","properties":{"n":"Nawada","c":120310,"d":"Gautam Buddha Nagar","s":"UTTAR PRADESH"}},{"arcs":[[-606,793,-792,-91,-242,794,795]],"type":"Polygon","properties":{"n":"Amarpur","c":120311,"d":"Gautam Buddha Nagar","s":"UTTAR PRADESH"}},{"arcs":[[796,797,-233,798,799,800,801]],"type":"Polygon","properties":{"n":"Astauli","c":120291,"d":"Gautam Buddha Nagar","s":"UTTAR PRADESH"}},{"arcs":[[-801,802,803,804,805]],"type":"Polygon","properties":{"n":"Azampurgarhi","c":120290,"d":"Gautam Buddha Nagar","s":"UTTAR PRADESH"}},{"arcs":[[806,807,-123,-146,-527]],"type":"Polygon","properties":{"n":" ","c":0,"d":"Gautam Buddha Nagar","s":"UTTAR PRADESH"}},{"arcs":[[808,809,-616,810,811]],"type":"Polygon","properties":{"n":"Chhayansa","c":120198,"d":"Gautam Buddha Nagar","s":"UTTAR PRADESH"}},{"arcs":[[-578,-73,-623,-85]],"type":"Polygon","properties":{"n":"Mutaina","c":120344,"d":"Gautam Buddha Nagar","s":"UTTAR PRADESH"}},{"arcs":[[-409,-721,-573,-649,812,813]],"type":"Polygon","properties":{"n":"Kherli Bhav Mozampur","c":120330,"d":"Gautam Buddha Nagar","s":"UTTAR PRADESH"}},{"arcs":[[-652,-76,-433,-534,-410,-814,-759,-107]],"type":"Polygon","properties":{"n":"Mirzapur","c":120339,"d":"Gautam Buddha Nagar","s":"UTTAR PRADESH"}},{"arcs":[[814,-583,815,-720,-436,816,817,-168]],"type":"Polygon","properties":{"n":"Kakod (NP)","c":800747,"d":"Gautam Buddha Nagar","s":"UTTAR PRADESH"}},{"arcs":[[818,-579,-530,-161,819]],"type":"Polygon","properties":{"n":"Changauli","c":120346,"d":"Gautam Buddha Nagar","s":"UTTAR PRADESH"}},{"arcs":[[820,-172,821,-158,-230,822,-93]],"type":"Polygon","properties":{"n":"Arniya Kamalpur","c":120452,"d":"Gautam Buddha Nagar","s":"UTTAR PRADESH"}},{"arcs":[[823,824,825,-443]],"type":"Polygon","properties":{"n":"Zunedpur","c":120297,"d":"Gautam Buddha Nagar","s":"UTTAR PRADESH"}},{"arcs":[[-800,826,827,-803]],"type":"Polygon","properties":{"n":"Bajarpur","c":120294,"d":"Gautam Buddha Nagar","s":"UTTAR PRADESH"}},{"arcs":[[828,-795,-241,829,830,-775]],"type":"Polygon","properties":{"n":"Jaganpur Afzalpur","c":120270,"d":"Gautam Buddha Nagar","s":"UTTAR PRADESH"}},{"arcs":[[-607,-796,-829,-774]],"type":"Polygon","properties":{"n":"Atai Muradpur","c":120271,"d":"Gautam Buddha Nagar","s":"UTTAR PRADESH"}},{"arcs":[[831,832,833,-731,834,835,836,837]],"type":"Polygon","properties":{"n":"Mapcha","c":120223,"d":"Gautam Buddha Nagar","s":"UTTAR PRADESH"}},{"arcs":[[838,-705,839,840,841]],"type":"Polygon","properties":{"n":"Mandpa","c":120277,"d":"Gautam Buddha Nagar","s":"UTTAR PRADESH"}},{"arcs":[[842,843,844,845,846,-184,847,-639]],"type":"Polygon","properties":{"n":"Dadha","c":120249,"d":"Gautam Buddha Nagar","s":"UTTAR PRADESH"}},{"arcs":[[-836,848,-844,849,850]],"type":"Polygon","properties":{"n":"Dabra","c":120221,"d":"Gautam Buddha Nagar","s":"UTTAR PRADESH"}},{"arcs":[[-185,-847,851,-562,852,-786,-386,-778,-309,-699,853,-189,854]],"type":"Polygon","properties":{"n":"Kasna","c":942785,"d":"Gautam Buddha Nagar","s":"UTTAR PRADESH"}},{"arcs":[[855,-221,856,857,858]],"type":"Polygon","properties":{"n":"Namouli","c":942794,"d":"Gautam Buddha Nagar","s":"UTTAR PRADESH"}},{"arcs":[[-462,-660,-657,859,-636,-195,-456]],"type":"Polygon","properties":{"n":"Kaimrala Chakrasenpur","c":120216,"d":"Gautam Buddha Nagar","s":"UTTAR PRADESH"}},{"arcs":[[-613,860,-634,861,-35]],"type":"Polygon","properties":{"n":" ","c":0,"d":"Gautam Buddha Nagar","s":"UTTAR PRADESH"}},{"arcs":[[-41,-641,-215,862,-48,863]],"type":"Polygon","properties":{"n":"Jaitpur Vaishpur","c":942784,"d":"Gautam Buddha Nagar","s":"UTTAR PRADESH"}},{"arcs":[[864,-459,-202,-619]],"type":"Polygon","properties":{"n":"Nagla Chamroo","c":120213,"d":"Gautam Buddha Nagar","s":"UTTAR PRADESH"}},{"arcs":[[-395,865,866,867,868,-426]],"type":"Polygon","properties":{"n":"Parohi","c":120386,"d":"Gautam Buddha Nagar","s":"UTTAR PRADESH"}},{"arcs":[[869,870,-440,-416,871,-401]],"type":"Polygon","properties":{"n":"Parori","c":121507,"d":"Gautam Buddha Nagar","s":"UTTAR PRADESH"}},{"arcs":[[-402,-872,-420,-392,-788]],"type":"Polygon","properties":{"n":"Milk Karimabad","c":120437,"d":"Gautam Buddha Nagar","s":"UTTAR PRADESH"}},{"arcs":[[-381,-397,-430,872,-537]],"type":"Polygon","properties":{"n":"Ranhara","c":120384,"d":"Gautam Buddha Nagar","s":"UTTAR PRADESH"}},{"arcs":[[873,874,-833,875,-703]],"type":"Polygon","properties":{"n":"Chandrawal","c":120280,"d":"Gautam Buddha Nagar","s":"UTTAR PRADESH"}},{"arcs":[[-730,876,-845,-849,-835]],"type":"Polygon","properties":{"n":"Fatehpura Rampur","c":120222,"d":"Gautam Buddha Nagar","s":"UTTAR PRADESH"}},{"arcs":[[-688,877,878,879,-258]],"type":"Polygon","properties":{"n":" ","c":0,"d":"Gautam Buddha Nagar","s":"UTTAR PRADESH"}},{"arcs":[[880,881,882,883,-263,884]],"type":"Polygon","properties":{"n":"Kirachpur Urf Kailashpur","c":120174,"d":"Gautam Buddha Nagar","s":"UTTAR PRADESH"}},{"arcs":[[885,-477,-733,886]],"type":"Polygon","properties":{"n":"Manjhipur Banger","c":120410,"d":"Gautam Buddha Nagar","s":"UTTAR PRADESH"}},{"arcs":[[887,-471,-374,888]],"type":"Polygon","properties":{"n":"Sabota Mustfabad","c":120403,"d":"Gautam Buddha Nagar","s":"UTTAR PRADESH"}},{"arcs":[[889,890,-319,-472,-888,891,-422]],"type":"Polygon","properties":{"n":"Ramner","c":120401,"d":"Gautam Buddha Nagar","s":"UTTAR PRADESH"}},{"arcs":[[-869,892,-890,-421,-427]],"type":"Polygon","properties":{"n":"Banwari Bara","c":120400,"d":"Gautam Buddha Nagar","s":"UTTAR PRADESH"}},{"arcs":[[-419,893,894,-866,-394]],"type":"Polygon","properties":{"n":"Bankapur","c":120430,"d":"Gautam Buddha Nagar","s":"UTTAR PRADESH"}},{"arcs":[[895,-757,896,897,-763]],"type":"Polygon","properties":{"n":"Islamabad Kalda","c":120133,"d":"Gautam Buddha Nagar","s":"UTTAR PRADESH"}},{"arcs":[[898,899,-150,-152,900,901,-56,-133,-548,-523,902,903]],"type":"Polygon","properties":{"n":"Sidipur","c":120159,"d":"Gautam Buddha Nagar","s":"UTTAR PRADESH"}},{"arcs":[[-134,904,-128]],"type":"Polygon","properties":{"n":"Raghunathpur","c":942767,"d":"Gautam Buddha Nagar","s":"UTTAR PRADESH"}},{"arcs":[[-729,905,-563,-852,-846,-877]],"type":"Polygon","properties":{"n":"Sirsa","c":120259,"d":"Gautam Buddha Nagar","s":"UTTAR PRADESH"}},{"arcs":[[906,907,-698,-726,-834,-875]],"type":"Polygon","properties":{"n":"Chirasi","c":120281,"d":"Gautam Buddha Nagar","s":"UTTAR PRADESH"}},{"arcs":[[-633,908,909,910,-862]],"type":"Polygon","properties":{"n":"Nalgadha","c":120241,"d":"Gautam Buddha Nagar","s":"UTTAR PRADESH"}},{"arcs":[[911,912,-45]],"type":"Polygon","properties":{"n":"Asdullapur","c":120234,"d":"Gautam Buddha Nagar","s":"UTTAR PRADESH"}},{"arcs":[[-858,913,914,-629,915]],"type":"Polygon","properties":{"n":"Gujarpur","c":942780,"d":"Gautam Buddha Nagar","s":"UTTAR PRADESH"}},{"arcs":[[916,-663,-481,917,918]],"type":"Polygon","properties":{"n":"Nekpur","c":121508,"d":"Gautam Buddha Nagar","s":"UTTAR PRADESH"}},{"arcs":[[-917,919,920]],"type":"Polygon","properties":{"n":"Bhunna Jatan","c":121509,"d":"Gautam Buddha Nagar","s":"UTTAR PRADESH"}},{"arcs":[[-370,-584,-815,-167,921]],"type":"Polygon","properties":{"n":"Aroda","c":120464,"d":"Gautam Buddha Nagar","s":"UTTAR PRADESH"}},{"arcs":[[-171,922,923,-159,-822]],"type":"Polygon","properties":{"n":"Mohammadpur Kehri","c":120454,"d":"Gautam Buddha Nagar","s":"UTTAR PRADESH"}},{"arcs":[[-656,924,925,-637,-860]],"type":"Polygon","properties":{"n":"Ajayabpur","c":120217,"d":"Gautam Buddha Nagar","s":"UTTAR PRADESH"}},{"arcs":[[926,927,928,929,-631]],"type":"Polygon","properties":{"n":"Jhatta","c":120247,"d":"Gautam Buddha Nagar","s":"UTTAR PRADESH"}},{"arcs":[[930,-338,931]],"type":"Polygon","properties":{"n":"Bhola Rawal","c":120146,"d":"Gautam Buddha Nagar","s":"UTTAR PRADESH"}},{"arcs":[[932,-267,933,934]],"type":"Polygon","properties":{"n":"Gulaothi Khurd","c":120191,"d":"Gautam Buddha Nagar","s":"UTTAR PRADESH"}},{"arcs":[[-781,935,-805,936,937,938]],"type":"Polygon","properties":{"n":"Dankaur (NP)","c":120348,"d":"Gautam Buddha Nagar","s":"UTTAR PRADESH"}},{"arcs":[[-938,939,-769,-694,940,941]],"type":"Polygon","properties":{"n":"Jamalpur","c":120285,"d":"Gautam Buddha Nagar","s":"UTTAR PRADESH"}},{"arcs":[[-772,942,-783,-301,-696]],"type":"Polygon","properties":{"n":"Rauni","c":120306,"d":"Gautam Buddha Nagar","s":"UTTAR PRADESH"}},{"arcs":[[-897,-756,943,-59,944,945,946]],"type":"Polygon","properties":{"n":"Dujana","c":120130,"d":"Gautam Buddha Nagar","s":"UTTAR PRADESH"}},{"arcs":[[-71,-552,-66,947,948]],"type":"Polygon","properties":{"n":"Chipyana Khurd Urf Tigri","c":120115,"d":"Gautam Buddha Nagar","s":"UTTAR PRADESH"}},{"arcs":[[949,950,951,952,-355]],"type":"Polygon","properties":{"n":"Jalpura","c":120141,"d":"Gautam Buddha Nagar","s":"UTTAR PRADESH"}},{"arcs":[[-439,-483,-325,953,-894,-418]],"type":"Polygon","properties":{"n":"Mahvalipur","c":120432,"d":"Gautam Buddha Nagar","s":"UTTAR PRADESH"}},{"arcs":[[954,-169,-818,955,-820,-160,-924]],"type":"Polygon","properties":{"n":"Salempur Jaat","c":120457,"d":"Gautam Buddha Nagar","s":"UTTAR PRADESH"}},{"arcs":[[-955,-923,-170]],"type":"Polygon","properties":{"n":"Nagla Govindpur","c":120458,"d":"Gautam Buddha Nagar","s":"UTTAR PRADESH"}},{"arcs":[[-813,-648,956,957,958,-760]],"type":"Polygon","properties":{"n":"Munj Kheda","c":120325,"d":"Gautam Buddha Nagar","s":"UTTAR PRADESH"}},{"arcs":[[-156,-625,-109,-758,-238]],"type":"Polygon","properties":{"n":"Dungarpur Rilka","c":120335,"d":"Gautam Buddha Nagar","s":"UTTAR PRADESH"}},{"arcs":[[-895,-954,-324,-14,959,-316,960,-867]],"type":"Polygon","properties":{"n":"Thora","c":120431,"d":"Gautam Buddha Nagar","s":"UTTAR PRADESH"}},{"arcs":[[-423,-892,-889,-373,-736,961]],"type":"Polygon","properties":{"n":"Mukimpur Siwara","c":120402,"d":"Gautam Buddha Nagar","s":"UTTAR PRADESH"}},{"arcs":[[-887,-732,962,963]],"type":"Polygon","properties":{"n":"Sirsa","c":120408,"d":"Gautam Buddha Nagar","s":"UTTAR PRADESH"}},{"arcs":[[964,965,-920,-919,966,-870,-400,-514]],"type":"Polygon","properties":{"n":"Jahangirpur (NP)","c":800744,"d":"Gautam Buddha Nagar","s":"UTTAR PRADESH"}},{"arcs":[[-591,-538,-873,-429,967,968,-743,-710]],"type":"Polygon","properties":{"n":"Kureb","c":120397,"d":"Gautam Buddha Nagar","s":"UTTAR PRADESH"}},{"arcs":[[-965,-513,-742,969]],"type":"Polygon","properties":{"n":"Mohammadpur Nar","c":121506,"d":"Gautam Buddha Nagar","s":"UTTAR PRADESH"}},{"arcs":[[-405,-588,-707,-515]],"type":"Polygon","properties":{"n":"Rakhera","c":121504,"d":"Gautam Buddha Nagar","s":"UTTAR PRADESH"}},{"arcs":[[-712,-467,970,-501,-565,-724,971]],"type":"Polygon","properties":{"n":"Mohammadpur Jadau","c":120354,"d":"Gautam Buddha Nagar","s":"UTTAR PRADESH"}},{"arcs":[[972,973,974]],"type":"Polygon","properties":{"n":"Anavargarh Bangar","c":120362,"d":"Gautam Buddha Nagar","s":"UTTAR PRADESH"}},{"arcs":[[-336,-718,975]],"type":"Polygon","properties":{"n":"Kutwaya","c":120469,"d":"Gautam Buddha Nagar","s":"UTTAR PRADESH"}},{"arcs":[[-411,-453,-330,976,977,978,-973,979,-569]],"type":"Polygon","properties":{"n":"Taquipur Bangar","c":120361,"d":"Gautam Buddha Nagar","s":"UTTAR PRADESH"}},{"arcs":[[-713,-972,-723]],"type":"Polygon","properties":{"n":"Hajipur","c":120353,"d":"Gautam Buddha Nagar","s":"UTTAR PRADESH"}},{"arcs":[[-980,-975,980,981,-279,-570]],"type":"Polygon","properties":{"n":"Rampur Khader","c":120334,"d":"Gautam Buddha Nagar","s":"UTTAR PRADESH"}},{"arcs":[[-270,982,-209,-205,-746,-672,983,984]],"type":"Polygon","properties":{"n":"Khandera Girirajpur","c":120203,"d":"Gautam Buddha Nagar","s":"UTTAR PRADESH"}},{"arcs":[[985,986,987,988,989,990]],"type":"Polygon","properties":{"n":"Khodna Khurd","c":120151,"d":"Gautam Buddha Nagar","s":"UTTAR PRADESH"}},{"arcs":[[991,-950,-354]],"type":"Polygon","properties":{"n":"Emnabad","c":120140,"d":"Gautam Buddha Nagar","s":"UTTAR PRADESH"}},{"arcs":[[-8,-98,-283,992,-661,-110]],"type":"Polygon","properties":{"n":"Mawad/Machad","c":121513,"d":"Gautam Buddha Nagar","s":"UTTAR PRADESH"}},{"arcs":[[-960,-13,993,-1,-317]],"type":"Polygon","properties":{"n":"Asmadpur Charoli","c":120427,"d":"Gautam Buddha Nagar","s":"UTTAR PRADESH"}},{"arcs":[[-868,-961,-320,-891,-893]],"type":"Polygon","properties":{"n":"Khwajpur","c":120422,"d":"Gautam Buddha Nagar","s":"UTTAR PRADESH"}},{"arcs":[[-191,994,995,-217]],"type":"Polygon","properties":{"n":"Shafipur","c":120251,"d":"Gautam Buddha Nagar","s":"UTTAR PRADESH"}},{"arcs":[[-996,996,997,-560,998,999,1000,-218]],"type":"Polygon","properties":{"n":"Kondli Bangar","c":120255,"d":"Gautam Buddha Nagar","s":"UTTAR PRADESH"}},{"arcs":[[-842,1001,1002]],"type":"Polygon","properties":{"n":"Salepur","c":120276,"d":"Gautam Buddha Nagar","s":"UTTAR PRADESH"}},{"arcs":[[-926,1003,-850,-843,-638]],"type":"Polygon","properties":{"n":"Raipur Bangar","c":120220,"d":"Gautam Buddha Nagar","s":"UTTAR PRADESH"}},{"arcs":[[1004,-837,-851,-1004,-925,-655]],"type":"Polygon","properties":{"n":"Rithori","c":120219,"d":"Gautam Buddha Nagar","s":"UTTAR PRADESH"}},{"arcs":[[-825,1005,-298,-236,1006]],"type":"Polygon","properties":{"n":"Chachula","c":120298,"d":"Gautam Buddha Nagar","s":"UTTAR PRADESH"}},{"arcs":[[-647,-556,-293,1007,-441,-225]],"type":"Polygon","properties":{"n":"Gadhana","c":120443,"d":"Gautam Buddha Nagar","s":"UTTAR PRADESH"}},{"arcs":[[-1008,-299,-1006,-824,-442]],"type":"Polygon","properties":{"n":"Roshanpur","c":120296,"d":"Gautam Buddha Nagar","s":"UTTAR PRADESH"}},{"arcs":[[-173,-821,-92,1008]],"type":"Polygon","properties":{"n":"Bhanvra","c":120451,"d":"Gautam Buddha Nagar","s":"UTTAR PRADESH"}},{"arcs":[[-234,-89,-791,1009]],"type":"Polygon","properties":{"n":"Samspur","c":120313,"d":"Gautam Buddha Nagar","s":"UTTAR PRADESH"}},{"arcs":[[-444,-826,-1007,-235,-1010,-790,1010]],"type":"Polygon","properties":{"n":"Kanarsi","c":120314,"d":"Gautam Buddha Nagar","s":"UTTAR PRADESH"}},{"arcs":[[-94,-823,-229,-798,1011]],"type":"Polygon","properties":{"n":"Makrandpur Urf Fatehpur","c":120448,"d":"Gautam Buddha Nagar","s":"UTTAR PRADESH"}},{"arcs":[[-232,-228,1012,-827,-799]],"type":"Polygon","properties":{"n":"Sarakpur","c":120292,"d":"Gautam Buddha Nagar","s":"UTTAR PRADESH"}},{"arcs":[[1013,-445,-1011,-789,1014,-668]],"type":"Polygon","properties":{"n":"Hatewa","c":120309,"d":"Gautam Buddha Nagar","s":"UTTAR PRADESH"}},{"arcs":[[-767,-669,-1015,-793,-794,-605,-610]],"type":"Polygon","properties":{"n":"Pipal Ka Surajpur","c":120304,"d":"Gautam Buddha Nagar","s":"UTTAR PRADESH"}},{"arcs":[[1015,-666,-784,-943,-771]],"type":"Polygon","properties":{"n":"Rampur Majra","c":120307,"d":"Gautam Buddha Nagar","s":"UTTAR PRADESH"}},{"arcs":[[-940,-937,-804,-828,-1013,-227,-446,-1014,-667,-1016,-770]],"type":"Polygon","properties":{"n":"Bilaspur (NP)","c":800741,"d":"Gautam Buddha Nagar","s":"UTTAR PRADESH"}},{"arcs":[[1016,-802,-806,-936,-780]],"type":"Polygon","properties":{"n":"Deota","c":120289,"d":"Gautam Buddha Nagar","s":"UTTAR PRADESH"}},{"arcs":[[-671,-768,-612,-626,-785]],"type":"Polygon","properties":{"n":"Aminaabad Urf Nyana","c":120274,"d":"Gautam Buddha Nagar","s":"UTTAR PRADESH"}},{"arcs":[[-388,-782,-939,-942,1017,1018]],"type":"Polygon","properties":{"n":"Rajpur Kalan","c":120284,"d":"Gautam Buddha Nagar","s":"UTTAR PRADESH"}},{"arcs":[[-728,-787,-853,-561,-906]],"type":"Polygon","properties":{"n":"Ladpura","c":120260,"d":"Gautam Buddha Nagar","s":"UTTAR PRADESH"}},{"arcs":[[-701,1019,-997,-995,-190,-854]],"type":"Polygon","properties":{"n":"Chuhadpur Khadar","c":942779,"d":"Gautam Buddha Nagar","s":"UTTAR PRADESH"}},{"arcs":[[-28,1020,-46,-913,1021,1022,1023,1024,1025,1026]],"type":"Polygon","properties":{"n":" ","c":0,"d":"Gautam Buddha Nagar","s":"UTTAR PRADESH"}},{"arcs":[[1027,1028,-644,-222,-856,1029,-988,1030,1031]],"type":"Polygon","properties":{"n":"Gulistanpur","c":942781,"d":"Gautam Buddha Nagar","s":"UTTAR PRADESH"}},{"arcs":[[-1030,-859,-916,-635,-861,-615,1032,-989]],"type":"Polygon","properties":{"n":"Surajpur","c":942803,"d":"Gautam Buddha Nagar","s":"UTTAR PRADESH"}},{"arcs":[[-25,-312,-315,1033,-677,-595]],"type":"Polygon","properties":{"n":"Palla","c":120180,"d":"Gautam Buddha Nagar","s":"UTTAR PRADESH"}},{"arcs":[[-390,1034]],"type":"Polygon","properties":{"n":"Faridpur","c":120441,"d":"Gautam Buddha Nagar","s":"UTTAR PRADESH"}},{"arcs":[[-840,-704,-876,-832,1035]],"type":"Polygon","properties":{"n":"Fazayalpur","c":120278,"d":"Gautam Buddha Nagar","s":"UTTAR PRADESH"}},{"arcs":[[-848,-187,1036,-211,-640]],"type":"Polygon","properties":{"n":" ","c":120323,"d":"Gautam Buddha Nagar","s":"UTTAR PRADESH"}},{"arcs":[[1037,-213]],"type":"Polygon","properties":{"n":" ","c":0,"d":"Gautam Buddha Nagar","s":"UTTAR PRADESH"}},{"arcs":[[-220,1038,-914,-857]],"type":"Polygon","properties":{"n":"Ruhellapur","c":942798,"d":"Gautam Buddha Nagar","s":"UTTAR PRADESH"}},{"arcs":[[1039,1040,-986,1041,-883]],"type":"Polygon","properties":{"n":"Khodna Kalan","c":120153,"d":"Gautam Buddha Nagar","s":"UTTAR PRADESH"}},{"arcs":[[1042,1043,-811,-620,-200,-208,1044,1045]],"type":"Polygon","properties":{"n":"Chholas","c":120197,"d":"Gautam Buddha Nagar","s":"UTTAR PRADESH"}},{"arcs":[[-1045,-207,-983,-269,1046]],"type":"Polygon","properties":{"n":"Noorpur","c":120204,"d":"Gautam Buddha Nagar","s":"UTTAR PRADESH"}},{"arcs":[[-1002,-841,-1036,-838,-1005,-654,-659,1047]],"type":"Polygon","properties":{"n":"Daularajpur","c":120275,"d":"Gautam Buddha Nagar","s":"UTTAR PRADESH"}},{"arcs":[[-915,-1039,-219,-1001,1048,-927,-630]],"type":"Polygon","properties":{"n":" ","c":0,"d":"Gautam Buddha Nagar","s":"UTTAR PRADESH"}},{"arcs":[[-313,-42,-864,-51,1049,1050]],"type":"Polygon","properties":{"n":"Makauda","c":942789,"d":"Gautam Buddha Nagar","s":"UTTAR PRADESH"}},{"arcs":[[-810,1051,-617]],"type":"Polygon","properties":{"n":"Daya Nagar","c":120199,"d":"Gautam Buddha Nagar","s":"UTTAR PRADESH"}},{"arcs":[[-36,-911,1052,1053,-47,-1021,-27]],"type":"Polygon","properties":{"n":"Shahdara","c":942802,"d":"Gautam Buddha Nagar","s":"UTTAR PRADESH"}},{"arcs":[[-1050,-50,1054,-642,-1029,1055]],"type":"Polygon","properties":{"n":"Saakipur","c":942799,"d":"Gautam Buddha Nagar","s":"UTTAR PRADESH"}},{"arcs":[[-747,-457,-199,-22,-594,1056,-674]],"type":"Polygon","properties":{"n":"Beel Akbarpur","c":120208,"d":"Gautam Buddha Nagar","s":"UTTAR PRADESH"}},{"arcs":[[1057,-1031,-987,-1041]],"type":"Polygon","properties":{"n":"Devla","c":120152,"d":"Gautam Buddha Nagar","s":"UTTAR PRADESH"}},{"arcs":[[-1034,-314,-1051,-1056,-1028,1058,-678]],"type":"Polygon","properties":{"n":"Pali","c":120155,"d":"Gautam Buddha Nagar","s":"UTTAR PRADESH"}},{"arcs":[[1059,-1033,-614,-37,-680,1060,1061]],"type":"Polygon","properties":{"n":"Habibpur","c":942782,"d":"Gautam Buddha Nagar","s":"UTTAR PRADESH"}},{"arcs":[[-679,-1059,-1032,-1058,-1040,-882,1062,-251]],"type":"Polygon","properties":{"n":"Tilpata Karanwas","c":120154,"d":"Gautam Buddha Nagar","s":"UTTAR PRADESH"}},{"arcs":[[1063,-984,-676,1064,1065]],"type":"Polygon","properties":{"n":"Phoolpur","c":120201,"d":"Gautam Buddha Nagar","s":"UTTAR PRADESH"}},{"arcs":[[-1063,-881,1066,-252]],"type":"Polygon","properties":{"n":"Roopvas","c":120175,"d":"Gautam Buddha Nagar","s":"UTTAR PRADESH"}},{"arcs":[[-884,-1042,-991,1067,-340,-264]],"type":"Polygon","properties":{"n":"Bhanauta","c":120150,"d":"Gautam Buddha Nagar","s":"UTTAR PRADESH"}},{"arcs":[[-1068,-990,-1060,1068,-341]],"type":"Polygon","properties":{"n":"Tusyana","c":120143,"d":"Gautam Buddha Nagar","s":"UTTAR PRADESH"}},{"arcs":[[-1069,-1062,1069,-951,-992,-353,1070]],"type":"Polygon","properties":{"n":"Khera Choganpur","c":120142,"d":"Gautam Buddha Nagar","s":"UTTAR PRADESH"}},{"arcs":[[-812,-1044,1071,1072]],"type":"Polygon","properties":{"n":"Kalonda","c":120196,"d":"Gautam Buddha Nagar","s":"UTTAR PRADESH"}},{"arcs":[[-253,-1067,-885,-262,-753]],"type":"Polygon","properties":{"n":"Amka","c":120173,"d":"Gautam Buddha Nagar","s":"UTTAR PRADESH"}},{"arcs":[[1073,-598,1074,1075,1076,1077]],"type":"Polygon","properties":{"n":"Shahpur Khurd","c":120177,"d":"Gautam Buddha Nagar","s":"UTTAR PRADESH"}},{"arcs":[[1078,1079,-1066,1080,-1074,1081,-487]],"type":"Polygon","properties":{"n":"Khatana Dhirkhera","c":120189,"d":"Gautam Buddha Nagar","s":"UTTAR PRADESH"}},{"arcs":[[1082,-255,-752,1083]],"type":"Polygon","properties":{"n":"Badhpura","c":120168,"d":"Gautam Buddha Nagar","s":"UTTAR PRADESH"}},{"arcs":[[-934,-272,1084,-1079,-486,1085]],"type":"Polygon","properties":{"n":"Muthiyani","c":120190,"d":"Gautam Buddha Nagar","s":"UTTAR PRADESH"}},{"arcs":[[-1082,-1078,1086,-488]],"type":"Polygon","properties":{"n":"Dadupur Khatana","c":120188,"d":"Gautam Buddha Nagar","s":"UTTAR PRADESH"}},{"arcs":[[-1071,-352,1087,-342]],"type":"Polygon","properties":{"n":"Khairpur Gurjar","c":120138,"d":"Gautam Buddha Nagar","s":"UTTAR PRADESH"}},{"arcs":[[-349,1088,-932,-337,-585]],"type":"Polygon","properties":{"n":"Baidpura","c":120145,"d":"Gautam Buddha Nagar","s":"UTTAR PRADESH"}},{"arcs":[[1089,-489,-1087,-1077,1090,1091,1092]],"type":"Polygon","properties":{"n":"Ranoli Latifpur","c":120176,"d":"Gautam Buddha Nagar","s":"UTTAR PRADESH"}},{"arcs":[[-357,1093,-246,-139,1094,1095,-550]],"type":"Polygon","properties":{"n":"Souhrakha Jahidabad","c":942772,"d":"Gautam Buddha Nagar","s":"UTTAR PRADESH"}},{"arcs":[[-491,-343,-1088,-358,-549,-495,-600]],"type":"Polygon","properties":{"n":"Patwari","c":120123,"d":"Gautam Buddha Nagar","s":"UTTAR PRADESH"}},{"arcs":[[-1072,-1043,1096,-935,-1086,-485,1097,1098]],"type":"Polygon","properties":{"n":"Jarcha","c":120195,"d":"Gautam Buddha Nagar","s":"UTTAR PRADESH"}},{"arcs":[[-808,1099,-1095,-144,-119]],"type":"Polygon","properties":{"n":"Sharfabad","c":942771,"d":"Gautam Buddha Nagar","s":"UTTAR PRADESH"}},{"arcs":[[1100,-1093,1101,-545,-131]],"type":"Polygon","properties":{"n":"Tamolipur","c":120166,"d":"Gautam Buddha Nagar","s":"UTTAR PRADESH"}},{"arcs":[[-1102,-1092,1102,-1084,-751,1103,-546]],"type":"Polygon","properties":{"n":"Bisahda","c":120167,"d":"Gautam Buddha Nagar","s":"UTTAR PRADESH"}},{"arcs":[[-490,-1090,-1101,-130,-54]],"type":"Polygon","properties":{"n":"Patadi (CT)","c":120226,"d":"Gautam Buddha Nagar","s":"UTTAR PRADESH"}},{"arcs":[[1104,-1098,-484,-52]],"type":"Polygon","properties":{"n":"Khangoda","c":120162,"d":"Gautam Buddha Nagar","s":"UTTAR PRADESH"}},{"arcs":[[-1096,-1100,1105]],"type":"Polygon","properties":{"n":"Parthala Khanjarpur","c":942766,"d":"Gautam Buddha Nagar","s":"UTTAR PRADESH"}},{"arcs":[[1106,-749,1107]],"type":"Polygon","properties":{"n":"Kudi Khera","c":120137,"d":"Gautam Buddha Nagar","s":"UTTAR PRADESH"}},{"arcs":[[-521,-547,-1104,-750,-1107,1108,1109]],"type":"Polygon","properties":{"n":"Iradatpur Urf Rajatpur","c":120163,"d":"Gautam Buddha Nagar","s":"UTTAR PRADESH"}},{"arcs":[[-551,-1106,-807,-526]],"type":"Polygon","properties":{"n":"Gadi Chaukhandi","c":942751,"d":"Gautam Buddha Nagar","s":"UTTAR PRADESH"}},{"arcs":[[1110,-586,-493,-599,1111]],"type":"Polygon","properties":{"n":"Roza Jalalpur","c":120119,"d":"Gautam Buddha Nagar","s":"UTTAR PRADESH"}},{"arcs":[[1112,-691,-351,-587,-1111,1113,-61]],"type":"Polygon","properties":{"n":"Achheja","c":120128,"d":"Gautam Buddha Nagar","s":"UTTAR PRADESH"}},{"arcs":[[-755,-692,-1113,-60,-944]],"type":"Polygon","properties":{"n":"Ibadullapur Urf Badalpur","c":120131,"d":"Gautam Buddha Nagar","s":"UTTAR PRADESH"}},{"arcs":[[-945,-63,1114,1115]],"type":"Polygon","properties":{"n":"Talabpur Urf Hathipur","c":120126,"d":"Gautam Buddha Nagar","s":"UTTAR PRADESH"}},{"arcs":[[-522,-1110,1116,1117,-903]],"type":"Polygon","properties":{"n":"Akalpur Jagir","c":120135,"d":"Gautam Buddha Nagar","s":"UTTAR PRADESH"}},{"arcs":[[1118,-1117,-1109,-1108,-748,-896,-762]],"type":"Polygon","properties":{"n":"Bambawad","c":120134,"d":"Gautam Buddha Nagar","s":"UTTAR PRADESH"}},{"arcs":[[-271,-985,-1064,-1080,-1085]],"type":"Polygon","properties":{"n":"Chak Senpur Urf Dhanibas","c":120192,"d":"Gautam Buddha Nagar","s":"UTTAR PRADESH"}},{"arcs":[[-754,-265,-339,-931,-1089,-348]],"type":"Polygon","properties":{"n":"Sadhopur","c":120148,"d":"Gautam Buddha Nagar","s":"UTTAR PRADESH"}},{"arcs":[[-19,-528,-149,1119]],"type":"Polygon","properties":{"n":"Rasoolpur Dasana","c":942769,"d":"Gautam Buddha Nagar","s":"UTTAR PRADESH"}},{"arcs":[[-601,-67,1120,1121]],"type":"Polygon","properties":{"n":"Chipyana Buzurg (CT)","c":120224,"d":"Gautam Buddha Nagar","s":"UTTAR PRADESH"}},{"arcs":[[-948,-65,-524,1122,1123,1124]],"type":"Polygon","properties":{"n":"Chotpur","c":942749,"d":"Gautam Buddha Nagar","s":"UTTAR PRADESH"}},{"arcs":[[-57,-902,1125,1126]],"type":"Polygon","properties":{"n":"Tatarpur","c":120160,"d":"Gautam Buddha Nagar","s":"UTTAR PRADESH"}},{"arcs":[[1127,1128,1129]],"type":"Polygon","properties":{"n":"Girdharpur Sunarasi","c":120124,"d":"Gautam Buddha Nagar","s":"UTTAR PRADESH"}},{"arcs":[[-1128,1130,-1115,-62,-1114,-1112,-602,-1122,1131]],"type":"Polygon","properties":{"n":"Chhapraula (CT)","c":120225,"d":"Gautam Buddha Nagar","s":"UTTAR PRADESH"}},{"arcs":[[-1126,-901,-153,-151,-900,1132,1133]],"type":"Polygon","properties":{"n":"Chauna","c":120158,"d":"Gautam Buddha Nagar","s":"UTTAR PRADESH"}},{"arcs":[[-898,-947,1134,1135]],"type":"Polygon","properties":{"n":"Kachheda Warsabad","c":120129,"d":"Gautam Buddha Nagar","s":"UTTAR PRADESH"}},{"arcs":[[1136,1137,-683,1138,1139,1140,1141]],"type":"Polygon","properties":{"n":" ","c":0,"d":"Gautam Buddha Nagar","s":"UTTAR PRADESH"}},{"arcs":[[-1141,1142,1143,-689,-256,-244,1144]],"type":"Polygon","properties":{"n":"Bhangel Begumpur","c":942744,"d":"Gautam Buddha Nagar","s":"UTTAR PRADESH"}},{"arcs":[[1145,-260,1146,1147,1148,1149,-137]],"type":"Polygon","properties":{"n":"Noida (CT)","c":942747,"d":"Gautam Buddha Nagar","s":"UTTAR PRADESH"}},{"arcs":[[-120,-143,1150,-135,-126,1151]],"type":"Polygon","properties":{"n":"Morna","c":942762,"d":"Gautam Buddha Nagar","s":"UTTAR PRADESH"}},{"arcs":[[-1037,-186,-855,-188,1152,-1038,-212]],"type":"Polygon","properties":{"n":"Aechchhar","c":942776,"d":"Gautam Buddha Nagar","s":"UTTAR PRADESH"}},{"arcs":[[-376,-470,-886,1153]],"type":"Polygon","properties":{"n":" ","c":120411,"d":"Gautam Buddha Nagar","s":"UTTAR PRADESH"}},{"arcs":[[-918,-480,-437,-871,-967]],"type":"Polygon","properties":{"n":" ","c":0,"d":"Gautam Buddha Nagar","s":"UTTAR PRADESH"}},{"arcs":[[1154,1155,-1025]],"type":"Polygon","properties":{"n":"Rohillapur Dadri","c":942797,"d":"Gautam Buddha Nagar","s":"UTTAR PRADESH"}},{"arcs":[[-1018,-941,-693,-908,1156]],"type":"Polygon","properties":{"n":" ","c":120283,"d":"Gautam Buddha Nagar","s":"UTTAR PRADESH"}},{"arcs":[[-1000,1157,-928,-1049]],"type":"Polygon","properties":{"n":" ","c":120248,"d":"Gautam Buddha Nagar","s":"UTTAR PRADESH"}},{"arcs":[[1158,1159,-878,-687,1160]],"type":"Polygon","properties":{"n":" ","c":120229,"d":"Gautam Buddha Nagar","s":"UTTAR PRADESH"}},{"arcs":[[-1156,1161,-1161,-686,-1026]],"type":"Polygon","properties":{"n":" ","c":0,"d":"Gautam Buddha Nagar","s":"UTTAR PRADESH"}},{"arcs":[[-31,1162,-681]],"type":"Polygon","properties":{"n":" ","c":0,"d":"Gautam Buddha Nagar","s":"UTTAR PRADESH"}},{"arcs":[[-121,-1152,-125,-147]],"type":"Polygon","properties":{"n":" ","c":0,"d":"Gautam Buddha Nagar","s":"UTTAR PRADESH"}},{"arcs":[[-1133,-899,1163]],"type":"Polygon","properties":{"n":" ","c":120157,"d":"Gautam Buddha Nagar","s":"UTTAR PRADESH"}},{"arcs":[[-1123,-529,-21,1164,1165,1166]],"type":"Polygon","properties":{"n":"Chhajarsi","c":942824,"d":"Gautam Buddha Nagar","s":"UTTAR PRADESH"}},{"arcs":[[-777,1167,1168,-305]],"type":"Polygon","properties":{"n":"Sikanderpur","c":120267,"d":"Gautam Buddha Nagar","s":"UTTAR PRADESH"}},{"arcs":[[-1124,-1167,1169]],"type":"Polygon","properties":{"n":" ","c":0,"d":"Gautam Buddha Nagar","s":"UTTAR PRADESH"}},{"arcs":[[1170,-1166,1171,-765]],"type":"Polygon","properties":{"n":" ","c":0,"d":"Gautam Buddha Nagar","s":"UTTAR PRADESH"}},{"arcs":[[-1135,-946,-1116,-1131,-1130,1172]],"type":"Polygon","properties":{"n":" ","c":120125,"d":"Gautam Buddha Nagar","s":"UTTAR PRADESH"}},{"arcs":[[1173,1174,-1053,-910]],"type":"Polygon","properties":{"n":" ","c":120242,"d":"Gautam Buddha Nagar","s":"UTTAR PRADESH"}},{"arcs":[[1175,-29,1176,-1143,-1140]],"type":"Polygon","properties":{"n":"Yakoobpur","c":942775,"d":"Gautam Buddha Nagar","s":"UTTAR PRADESH"}},{"arcs":[[-682,-1163,-30,-1176,-1139]],"type":"Polygon","properties":{"n":" ","c":0,"d":"Gautam Buddha Nagar","s":"UTTAR PRADESH"}},{"arcs":[[-365,-368,-502,-971,-466]],"type":"Polygon","properties":{"n":" ","c":120370,"d":"Gautam Buddha Nagar","s":"UTTAR PRADESH"}},{"arcs":[[-979,1177,1178,1179,-981,-974]],"type":"Polygon","properties":{"n":" ","c":120363,"d":"Gautam Buddha Nagar","s":"UTTAR PRADESH"}},{"arcs":[[-817,-435,-719,-334,-507,-469,-716,-575,-725,-580,-819,-956]],"type":"Polygon","properties":{"n":" ","c":0,"d":"Gautam Buddha Nagar","s":"UTTAR PRADESH"}},{"arcs":[[1180,1181,1182,1183,-1022]],"type":"Polygon","properties":{"n":" ","c":0,"d":"Gautam Buddha Nagar","s":"UTTAR PRADESH"}},{"arcs":[[-863,-214,-1153,-193,-643,-1055,-49]],"type":"Polygon","properties":{"n":" ","c":0,"d":"Gautam Buddha Nagar","s":"UTTAR PRADESH"}},{"arcs":[[-1054,-1175,1184,1185,-1181,-912,-44]],"type":"Polygon","properties":{"n":" ","c":0,"d":"Gautam Buddha Nagar","s":"UTTAR PRADESH"}},{"arcs":[[1186,1187,1188,-1159]],"type":"Polygon","properties":{"n":" ","c":120236,"d":"Gautam Buddha Nagar","s":"UTTAR PRADESH"}},{"arcs":[[1189,1190,-1160]],"type":"Polygon","properties":{"n":" ","c":0,"d":"Gautam Buddha Nagar","s":"UTTAR PRADESH"}},{"arcs":[[-1177,-1027,-685,-1144]],"type":"Polygon","properties":{"n":"Gejhatilpata Baad","c":942752,"d":"Gautam Buddha Nagar","s":"UTTAR PRADESH"}},{"arcs":[[1191,1192,1193,1194]],"type":"Polygon","properties":{"n":" ","c":0,"d":"Gautam Buddha Nagar","s":"UTTAR PRADESH"}},{"arcs":[[-1061,-684,-1138,1195,-952,-1070]],"type":"Polygon","properties":{"n":"Haldauni","c":942756,"d":"Gautam Buddha Nagar","s":"UTTAR PRADESH"}},{"arcs":[[-880,-1195,-1147,-259]],"type":"Polygon","properties":{"n":" ","c":0,"d":"Gautam Buddha Nagar","s":"UTTAR PRADESH"}},{"arcs":[[-1065,-675,-1057,-593,-1081]],"type":"Polygon","properties":{"n":" ","c":120200,"d":"Gautam Buddha Nagar","s":"UTTAR PRADESH"}},{"arcs":[[-1196,-1137,1196,-953]],"type":"Polygon","properties":{"n":"Alavardipur","c":942739,"d":"Gautam Buddha Nagar","s":"UTTAR PRADESH"}},{"arcs":[[-1145,-243,1197]],"type":"Polygon","properties":{"n":"Bhuda","c":942745,"d":"Gautam Buddha Nagar","s":"UTTAR PRADESH"}},{"arcs":[[-1075,-597,-248,1198]],"type":"Polygon","properties":{"n":" ","c":120178,"d":"Gautam Buddha Nagar","s":"UTTAR PRADESH"}},{"arcs":[[-1142,-1198,-1094,1199]],"type":"Polygon","properties":{"n":"Kakrala Khwaspur","c":942760,"d":"Gautam Buddha Nagar","s":"UTTAR PRADESH"}},{"arcs":[[-1197,-1200,-356]],"type":"Polygon","properties":{"n":" ","c":0,"d":"Gautam Buddha Nagar","s":"UTTAR PRADESH"}},{"arcs":[[-1076,-1199,-247,-1083,-1103,-1091]],"type":"Polygon","properties":{"n":" ","c":120169,"d":"Gautam Buddha Nagar","s":"UTTAR PRADESH"}},{"arcs":[[-1046,-1047,-268,-933,-1097]],"type":"Polygon","properties":{"n":" ","c":120194,"d":"Gautam Buddha Nagar","s":"UTTAR PRADESH"}},{"arcs":[[-1194,1200,1201,-1148]],"type":"Polygon","properties":{"n":"Naurangabad Khadar","c":942764,"d":"Gautam Buddha Nagar","s":"UTTAR PRADESH"}},{"arcs":[[-142,-261,-1146,-136,-1151]],"type":"Polygon","properties":{"n":"Aagahpur","c":942738,"d":"Gautam Buddha Nagar","s":"UTTAR PRADESH"}},{"arcs":[[1202,1203,1204,-1024]],"type":"Polygon","properties":{"n":"Nagla Nagli","c":120231,"d":"Gautam Buddha Nagar","s":"UTTAR PRADESH"}},{"arcs":[[-328,-568,-745,-451,1205,1206,1207]],"type":"Polygon","properties":{"n":"Mahadipur Bangar","c":120367,"d":"Gautam Buddha Nagar","s":"UTTAR PRADESH"}},{"arcs":[[-982,-1180,1208,1209,1210,-280]],"type":"Polygon","properties":{"n":"Makanpur Khadar","c":120333,"d":"Gautam Buddha Nagar","s":"UTTAR PRADESH"}},{"arcs":[[1211,1212,-291]],"type":"Polygon","properties":{"n":"Jhuppa","c":120418,"d":"Gautam Buddha Nagar","s":"UTTAR PRADESH"}},{"arcs":[[-1155,-1205,1213,-1187,-1162]],"type":"Polygon","properties":{"n":" ","c":0,"d":"Gautam Buddha Nagar","s":"UTTAR PRADESH"}},{"arcs":[[-738,1214,1215,1216]],"type":"Polygon","properties":{"n":"Ballabh Nagar Urd Ban","c":120405,"d":"Gautam Buddha Nagar","s":"UTTAR PRADESH"}},{"arcs":[[-306,-1169,1217,1218,1219]],"type":"Polygon","properties":{"n":"Motipur","c":120268,"d":"Gautam Buddha Nagar","s":"UTTAR PRADESH"}},{"arcs":[[1220,1221,1222,-1182,-1186]],"type":"Polygon","properties":{"n":"Yakutpur  I","c":120244,"d":"Gautam Buddha Nagar","s":"UTTAR PRADESH"}},{"arcs":[[-478,-475,1223,1224,-734]],"type":"Polygon","properties":{"n":"Govindgarh","c":120414,"d":"Gautam Buddha Nagar","s":"UTTAR PRADESH"}},{"arcs":[[1225,1226,1227]],"type":"Polygon","properties":{"n":"Falaida Khadar","c":120392,"d":"Gautam Buddha Nagar","s":"UTTAR PRADESH"}},{"arcs":[[-448,1228,-1228,1229,1230,-518]],"type":"Polygon","properties":{"n":"Falaida Bangar","c":120393,"d":"Gautam Buddha Nagar","s":"UTTAR PRADESH"}},{"arcs":[[-632,-930,1231,1232,1233,-1221,-1185,-1174,-909]],"type":"Polygon","properties":{"n":"Gulavali","c":120246,"d":"Gautam Buddha Nagar","s":"UTTAR PRADESH"}},{"arcs":[[-240,-183,1234,1235,1236,-830]],"type":"Polygon","properties":{"n":"Atta Gujran","c":120316,"d":"Gautam Buddha Nagar","s":"UTTAR PRADESH"}},{"arcs":[[-103,-292,-1213,1237,1238]],"type":"Polygon","properties":{"n":"Shamsham Nagar","c":120416,"d":"Gautam Buddha Nagar","s":"UTTAR PRADESH"}},{"arcs":[[1239,-999,-559,1240,1241]],"type":"Polygon","properties":{"n":"Kondli Bangar","c":120252,"d":"Gautam Buddha Nagar","s":"UTTAR PRADESH"}},{"arcs":[[-1191,1242,1243,-1192,-879]],"type":"Polygon","properties":{"n":"Asgarpur Jagir","c":942740,"d":"Gautam Buddha Nagar","s":"UTTAR PRADESH"}},{"arcs":[[-700,-307,-1220,1244,-1241,-558,-998,-1020]],"type":"Polygon","properties":{"n":"Tilwara","c":120258,"d":"Gautam Buddha Nagar","s":"UTTAR PRADESH"}},{"arcs":[[-650,-571,-281,-1211,1245,1246]],"type":"Polygon","properties":{"n":"Latifpur Bhangar","c":120327,"d":"Gautam Buddha Nagar","s":"UTTAR PRADESH"}},{"arcs":[[-776,-831,-1237,1247,-1218,-1168]],"type":"Polygon","properties":{"n":"Jaganpur Doab","c":120269,"d":"Gautam Buddha Nagar","s":"UTTAR PRADESH"}},{"arcs":[[-1158,-1240,1248,-1232,-929]],"type":"Polygon","properties":{"n":"Kambakashpur","c":120253,"d":"Gautam Buddha Nagar","s":"UTTAR PRADESH"}},{"arcs":[[-428,-424,-962,-739,-1217,1249,1250,-968]],"type":"Polygon","properties":{"n":"Dayantpur","c":120398,"d":"Gautam Buddha Nagar","s":"UTTAR PRADESH"}},{"arcs":[[-905,-138,-1150,1251,1252]],"type":"Polygon","properties":{"n":"Haraula Makanpur","c":942757,"d":"Gautam Buddha Nagar","s":"UTTAR PRADESH"}},{"arcs":[[-957,-651,-1247,1253,1254]],"type":"Polygon","properties":{"n":"Fatehpur Atta","c":120326,"d":"Gautam Buddha Nagar","s":"UTTAR PRADESH"}},{"arcs":[[1255,-1226,-1229,-744,-969,-1251]],"type":"Polygon","properties":{"n":"Karauli Bangar","c":120395,"d":"Gautam Buddha Nagar","s":"UTTAR PRADESH"}},{"arcs":[[-182,-761,-959,1256,1257,-1235]],"type":"Polygon","properties":{"n":"Aurangpur","c":120320,"d":"Gautam Buddha Nagar","s":"UTTAR PRADESH"}},{"arcs":[[-1202,1258,1259]],"type":"Polygon","properties":{"n":" ","c":0,"d":"Gautam Buddha Nagar","s":"UTTAR PRADESH"}},{"arcs":[[-1234,1260,-1222]],"type":"Polygon","properties":{"n":"Dalelpur","c":120245,"d":"Gautam Buddha Nagar","s":"UTTAR PRADESH"}},{"arcs":[[-450,-519,-1231,1261,-1206]],"type":"Polygon","properties":{"n":" ","c":120391,"d":"Gautam Buddha Nagar","s":"UTTAR PRADESH"}},{"arcs":[[-329,-1208,1262,1263,-977]],"type":"Polygon","properties":{"n":" ","c":120365,"d":"Gautam Buddha Nagar","s":"UTTAR PRADESH"}},{"arcs":[[-474,-104,-1239,1264,-1224]],"type":"Polygon","properties":{"n":" ","c":0,"d":"Gautam Buddha Nagar","s":"UTTAR PRADESH"}},{"arcs":[[-737,-377,-1154,-964,1265,-1215]],"type":"Polygon","properties":{"n":" ","c":120407,"d":"Gautam Buddha Nagar","s":"UTTAR PRADESH"}},{"arcs":[[1266,1267,-1257]],"type":"Polygon","properties":{"n":"Bela Khurd","c":120321,"d":"Gautam Buddha Nagar","s":"UTTAR PRADESH"}},{"arcs":[[-1149,-1260,1268,-1252]],"type":"Polygon","properties":{"n":"Nayabaans","c":942765,"d":"Gautam Buddha Nagar","s":"UTTAR PRADESH"}},{"arcs":[[-1264,1269,1270,-1178,-978]],"type":"Polygon","properties":{"n":" ","c":120364,"d":"Gautam Buddha Nagar","s":"UTTAR PRADESH"}},{"arcs":[[-1271,1271,-1209,-1179]],"type":"Polygon","properties":{"n":" ","c":0,"d":"Gautam Buddha Nagar","s":"UTTAR PRADESH"}},{"arcs":[[-958,-1255,1272,-1267]],"type":"Polygon","properties":{"n":" ","c":120322,"d":"Gautam Buddha Nagar","s":"UTTAR PRADESH"}},{"arcs":[[-1184,1273,-1203,-1023]],"type":"Polygon","properties":{"n":" ","c":120237,"d":"Gautam Buddha Nagar","s":"UTTAR PRADESH"}},{"arcs":[[-1189,1274,-1243,-1190]],"type":"Polygon","properties":{"n":" ","c":120232,"d":"Gautam Buddha Nagar","s":"UTTAR PRADESH"}}]}}}