{"type":"Topology","arcs":[[[66227,70532],[358,-612],[613,-284],[139,-306]],[[67337,69330],[168,-1408],[256,-304]],[[67761,67618],[-541,-1091]],[[67220,66527],[-1511,636],[-1411,492],[-1456,41],[-1178,-262],[-691,122],[-667,325]],[[60306,67881],[665,528],[673,796],[-458,275]],[[61186,69480],[-362,503],[383,421],[-239,234],[214,429]],[[61182,71067],[1025,674]],[[62207,71741],[1045,-849],[675,400],[682,-193],[1144,-523],[474,-44]],[[63994,73270],[773,-724],[926,-542],[135,-463],[1014,-364],[9,-190]],[[66851,70987],[-624,-455]],[[62207,71741],[184,975]],[[62391,72716],[674,348],[929,206]],[[48132,73485],[282,-311],[-260,-647]],[[48154,72527],[159,-476],[-516,-95],[116,-942],[-266,-259],[315,-684]],[[47962,70071],[-188,-236],[-829,-25],[-101,-255],[-573,-84]],[[46271,69471],[-480,583],[-234,-564],[-266,191],[-826,100],[340,589],[-161,230],[24,879]],[[44668,71479],[633,509],[1044,265],[592,1038]],[[46937,73291],[1195,194]],[[27331,73853],[-202,-368],[69,-958],[163,-55]],[[27361,72472],[-574,-695]],[[26787,71777],[-400,64],[-1055,625]],[[25332,72466],[481,991],[1099,502],[419,-106]],[[39769,73567],[-61,-431],[-442,-895]],[[39266,72241],[-632,-647],[109,-337],[-862,-375]],[[37881,70882],[-1,3]],[[37880,70885],[-569,726]],[[37311,71611],[151,1114],[-468,125],[-522,640]],[[36472,73490],[207,491]],[[36679,73981],[816,-244],[677,264],[641,-511],[956,77]],[[33756,73927],[89,-213],[-231,-1048],[359,-425]],[[33973,72241],[-188,-350],[-804,-341]],[[32981,71550],[-427,-142],[-44,-330]],[[32510,71078],[-811,-84]],[[31699,70994],[150,614],[284,309],[-544,442],[-246,-404]],[[31343,71955],[-93,391],[674,1029]],[[31924,73375],[599,61],[799,591]],[[33322,74027],[434,-100]],[[42075,73734],[-273,-602],[-669,-532],[-133,-313],[622,-424],[-38,-558]],[[41584,71305],[-5,-8]],[[41579,71297],[-693,-69],[-65,392],[-761,87],[-380,-452],[-550,620],[136,366]],[[39769,73567],[721,361]],[[40490,73928],[241,-127],[606,370],[558,-36],[180,-401]],[[66885,74389],[406,-519],[188,-1017],[737,-893],[1050,-400],[704,-709]],[[69970,70851],[-352,-864]],[[69618,69987],[-633,624],[-266,-9]],[[68719,70602],[-1824,236],[-44,149]],[[63994,73270],[1266,460],[347,679]],[[65607,74409],[178,-459],[1100,439]],[[71747,73533],[-366,-1110],[25,-765]],[[71406,71658],[-242,-164]],[[71164,71494],[-835,218],[-1359,1367],[686,1433]],[[69656,74512],[352,-313],[715,65],[882,269]],[[71605,74533],[142,-1000]],[[50949,74392],[661,-305]],[[51610,74087],[677,-687],[30,-337],[614,-339]],[[52931,72724],[767,-1254]],[[53698,71470],[-1849,-612]],[[51849,70858],[-333,606],[-1402,849],[-828,-391]],[[49286,71922],[-350,308],[-782,297]],[[48132,73485],[702,580],[616,133],[-5,394]],[[49445,74592],[1504,-200]],[[37685,34195],[-121,-987]],[[37564,33208],[-361,-118],[-898,111]],[[36305,33201],[-51,488]],[[36254,33689],[-56,556],[838,119]],[[37036,34364],[649,-169]],[[54963,22720],[-116,-481]],[[54847,22239],[-1218,-522],[-278,-387]],[[53351,21330],[-759,372],[-782,79]],[[51810,21781],[-840,401]],[[50970,22182],[648,894]],[[51618,23076],[942,-357],[1138,1043]],[[53698,23762],[1265,-1042]],[[50758,25058],[79,-548]],[[50837,24510],[-1177,-1071]],[[49660,23439],[-180,-277],[448,-389]],[[49928,22773],[-338,-183]],[[49590,22590],[-1192,433],[-694,-307],[-803,-39]],[[46901,22677],[614,1643],[1524,1530],[465,264]],[[49504,26114],[1254,-1056]],[[50130,45125],[583,-513],[1789,-1020],[659,-598],[-297,-759],[19,-642]],[[52883,41593],[-339,94],[-703,-491],[-515,-16],[-309,-412],[-645,-449],[-315,-15]],[[50057,40304],[-425,157],[-231,416],[-900,-54],[-543,814],[-335,-125]],[[47623,41512],[-786,788],[966,-23],[614,461],[-114,285]],[[48303,43023],[-76,636],[557,432],[348,6],[-139,523],[116,537],[455,86]],[[49564,45243],[566,-118]],[[24830,43508],[-791,-192]],[[24039,43316],[-1160,741]],[[22879,44057],[815,541]],[[23694,44598],[526,-42],[610,-1048]],[[21653,27918],[68,-286],[598,-414]],[[22319,27218],[-422,-558],[-556,-190],[-629,-472]],[[20712,25998],[-602,531],[-29,594],[194,741]],[[20275,27864],[576,600]],[[20851,28464],[802,-546]],[[72608,36118],[1366,-258],[369,-442]],[[74343,35418],[-223,-503],[-1254,-740]],[[72866,34175],[-1400,329],[-952,995]],[[70514,35499],[518,586]],[[71032,36085],[377,209],[1199,-176]],[[31206,19778],[-94,-1407],[-251,-928]],[[30861,17443],[-443,-1531],[39,-440],[-523,-2306]],[[29934,13166],[-2526,1036],[-1870,642]],[[25538,14844],[1971,3422]],[[27509,18266],[856,-72],[903,270],[835,774],[658,1319],[37,822]],[[30798,21379],[408,-1601]],[[67370,43394],[280,-306]],[[67650,43088],[-1024,-693]],[[66626,42395],[-351,663]],[[66275,43058],[456,529]],[[66731,43587],[239,145]],[[66970,43732],[400,-338]],[[12058,43086],[685,-629]],[[12743,42457],[-116,-1259],[319,-512]],[[12946,40686],[-1180,-721]],[[11766,39965],[-6,4]],[[11760,39969],[-908,161]],[[10852,40130],[-610,345],[-566,568]],[[9676,41043],[209,203],[0,647],[383,122],[195,1341],[436,509]],[[10899,43865],[1159,-779]],[[56628,47927],[553,-230],[262,-652],[658,244]],[[58101,47289],[719,-669],[401,-893]],[[59221,45727],[-848,-404]],[[58373,45323],[-1724,-304],[-209,184],[-1242,-252]],[[55198,44951],[1005,1098],[-220,375],[449,1065],[15,438]],[[56447,47927],[181,0]],[[31070,33251],[389,-323],[-369,-743],[366,-764]],[[31456,31421],[-907,-438]],[[30549,30983],[-1240,-361]],[[29309,30622],[-231,68],[-598,-452]],[[28480,30238],[-76,770],[-1202,407],[129,515]],[[27331,31930],[595,528]],[[27926,32458],[773,845]],[[28699,33303],[201,50]],[[28900,33353],[545,171],[1625,-273]],[[52753,9108],[524,-454]],[[53277,8654],[-49,-1021]],[[53228,7633],[-1392,-453],[-630,-582],[-899,-192],[-332,93]],[[49975,6499],[-1837,1188]],[[48138,7687],[901,841]],[[49039,8528],[678,34],[299,-282],[962,378]],[[50978,8658],[763,-259],[570,494],[-472,694],[284,193],[630,-672]],[[63785,9841],[-347,-262],[-626,-2141],[-131,-1109]],[[62681,6329],[-1176,2],[-371,152],[-166,-461],[-668,11],[-402,-400],[-746,607],[-727,226],[-873,74],[-361,-184],[-329,853]],[[56862,7209],[-305,312],[48,847],[468,1029]],[[57073,9397],[1440,-461],[649,168],[736,-424],[975,-380],[490,23],[143,314]],[[61506,8637],[300,-18],[29,461],[400,461],[1550,300]],[[51370,9811],[171,-895],[-563,-258]],[[50978,8658],[-809,591],[-392,533]],[[49777,9782],[1593,29]],[[62937,36305],[-552,-476],[-661,285]],[[61724,36114],[468,568]],[[62192,36682],[745,-377]],[[43273,36270],[213,-735]],[[43486,35535],[54,-501],[-337,-575],[-989,-165],[-655,517]],[[41559,34811],[475,459],[-601,545]],[[41433,35815],[968,891]],[[42401,36706],[872,-436]],[[40376,36423],[173,-681]],[[40549,35742],[-626,-337]],[[39923,35405],[-664,314]],[[39259,35719],[-1274,822]],[[37985,36541],[1069,243]],[[39054,36784],[1322,-361]],[[37985,36541],[-485,-526],[-824,-537]],[[36676,35478],[-724,583],[-200,465]],[[35752,36526],[170,198],[1228,431]],[[37150,37155],[835,-614]],[[67862,37171],[153,-305]],[[68015,36866],[104,-280],[-358,-1187],[9,-1101]],[[67770,34298],[-612,355]],[[67158,34653],[-764,540],[-669,107]],[[65725,35300],[-392,147]],[[65333,35447],[2070,1558],[80,253]],[[67483,37258],[379,-87]],[[34013,25466],[425,-336]],[[34438,25130],[-1340,-652],[-373,-356],[-493,-801]],[[32232,23321],[-912,-251]],[[31320,23070],[-671,197],[-496,432],[45,688]],[[30198,24387],[669,530],[643,-297],[1274,1318]],[[32784,25938],[1229,-472]],[[68777,24258],[-1044,334],[-1383,-307],[-1056,-38]],[[65294,24247],[-568,994],[128,255],[611,-119],[243,371]],[[65708,25748],[294,320],[425,-103],[530,236]],[[66957,26201],[505,-466],[384,-12],[2162,680]],[[70008,26403],[-52,-1006],[-1179,-1139]],[[41028,11054],[649,-783]],[[41677,10271],[-922,-1173]],[[40755,9098],[-492,568],[-1586,336],[-921,-125],[-477,144]],[[37279,10021],[560,1242]],[[37839,11263],[618,247],[1574,245],[297,-47],[700,-654]],[[54411,27594],[363,-294]],[[54774,27300],[-635,-570],[-68,-624],[-357,-268]],[[53714,25838],[-661,244],[-996,794]],[[52057,26876],[108,441],[702,907]],[[52867,28224],[1544,-630]],[[23824,31129],[-187,-336],[384,-745],[581,-798]],[[24602,29250],[206,-670]],[[24808,28580],[-333,-232]],[[24475,28348],[-433,221],[-908,53],[-636,-512],[-516,197]],[[21982,28307],[-259,883],[66,439],[374,553],[-174,512]],[[21989,30694],[864,971]],[[22853,31665],[971,-536]],[[66879,31163],[503,-448]],[[67382,30715],[-253,-1101],[-1015,-990],[-646,-1952]],[[65468,26672],[-762,146]],[[64706,26818],[-257,431],[-376,-124],[-351,543]],[[63722,27668],[0,2]],[[63722,27668],[228,1065],[355,1048],[-86,629],[376,273]],[[64595,30683],[208,-277],[621,-7],[279,367],[290,942],[263,33]],[[66256,31741],[623,-578]],[[20203,43853],[455,-932],[-373,-591]],[[20285,42330],[-313,-582],[-1493,490],[-406,249]],[[18073,42487],[-130,490],[659,716]],[[18602,43693],[869,168],[732,-8]],[[64114,22830],[61,-439],[-351,-208]],[[63824,22183],[-617,-16],[-523,315],[-849,-45],[-824,653]],[[61011,23090],[-160,407]],[[60851,23497],[1287,8],[882,-191],[1094,-484]],[[50970,22182],[-1042,591]],[[49660,23439],[715,258],[457,-56],[786,-565]],[[64822,45323],[157,-841],[536,-434],[278,-602],[482,-388]],[[66626,42395],[241,-698]],[[66867,41697],[-261,-226]],[[66606,41471],[-641,230],[-1081,126],[-349,177],[-579,-78],[-962,223],[-442,-130]],[[62552,42019],[-168,225]],[[62384,42244],[-22,337],[-627,789],[29,780],[345,335]],[[62109,44485],[939,290],[316,722]],[[63364,45497],[139,-305],[750,-189],[569,320]],[[63396,36089],[-266,-524],[238,-632],[-95,-295]],[[63273,34638],[-430,-297],[-297,224]],[[62546,34565],[110,258],[-701,466],[-147,-139]],[[61808,35150],[-604,312]],[[61204,35462],[520,652]],[[62937,36305],[459,-216]],[[64960,35904],[30,-33]],[[64990,35871],[-920,-656],[-701,-643]],[[63369,34572],[-96,66]],[[63396,36089],[272,285],[963,141]],[[64631,36515],[329,-611]],[[16233,35677],[-430,-274]],[[15803,35403],[-383,23],[-1037,-693]],[[14383,34733],[-434,-252]],[[13949,34481],[-238,392],[-967,52],[-2132,817]],[[10612,35742],[303,633]],[[10915,36375],[956,70]],[[11871,36445],[-44,-423],[2102,-221],[1302,108],[1002,-232]],[[39259,35719],[-149,-834],[-499,-461],[-291,64]],[[38320,34488],[-671,65],[-337,389]],[[37312,34942],[-636,536]],[[40452,21158],[537,-529],[-179,-207]],[[40810,20422],[-297,-214],[18,-533]],[[40531,19675],[-227,-432],[-570,-245]],[[39734,18998],[-993,411]],[[38741,19409],[-440,367],[-486,-122]],[[37815,19654],[330,586],[1092,1425]],[[39237,21665],[1215,-507]],[[31320,23070],[48,-697],[-570,-994]],[[30798,21379],[-945,617],[-1202,-1597],[-927,-598]],[[27724,19801],[-740,137],[-1069,-361],[-475,-350]],[[25440,19227],[-527,511],[-685,295]],[[24228,20033],[317,260],[426,1135],[870,894]],[[25841,22322],[1228,942],[1453,1264],[739,182]],[[29261,24710],[578,86],[359,-409]],[[21916,69558],[3157,-1184]],[[25073,68374],[-22,-423]],[[25051,67951],[-458,-231],[-2044,15]],[[22549,67735],[-497,1010],[-571,852]],[[21481,69597],[435,-39]],[[50931,68390],[-778,-1273],[-561,-463]],[[49592,66654],[-1009,300]],[[48583,66954],[231,531],[-392,175],[71,449],[-402,102],[-276,-810],[-272,57]],[[47543,67458],[-344,422],[-9,636]],[[47190,68516],[-24,35]],[[47166,68551],[1175,605],[94,529]],[[48435,69685],[1730,-651],[766,-644]],[[34205,22898],[-1427,-1328],[-350,-424]],[[32428,21146],[-795,-1075],[-418,-288]],[[31215,19783],[-9,-5]],[[32232,23321],[674,-273],[1299,-150]],[[46652,22440],[-161,-352],[-709,-679]],[[45782,21409],[-450,311],[-1155,-162],[-362,87]],[[43815,21645],[95,315]],[[43910,21960],[546,603],[1079,807]],[[45535,23370],[173,116]],[[45708,23486],[718,-602],[226,-444]],[[20605,43924],[1363,-469]],[[21968,43455],[-77,-444]],[[21891,43011],[-720,-654]],[[21171,42357],[-535,38]],[[20636,42395],[-351,-65]],[[20203,43853],[402,71]],[[67220,66527],[431,-1042],[567,-480],[814,-430]],[[69032,64575],[-397,-278],[-465,-682]],[[68170,63615],[-536,-436],[-413,-49]],[[67221,63130],[-1161,-856],[-494,-554],[-1016,-380]],[[64550,61340],[-404,-205],[-717,-46]],[[63429,61089],[-441,-220],[251,-280],[-203,-449],[-1174,272],[-519,-358],[-964,405],[-623,54]],[[59756,60513],[1452,1241],[-22,339],[-526,100],[-278,305],[186,277],[-514,392],[-346,-144]],[[59708,63023],[-199,682],[540,222],[14,521],[619,212],[-528,508]],[[60154,65168],[-421,456],[337,265],[129,697],[-503,-128],[-352,340],[240,410],[-365,428]],[[59219,67636],[420,225],[667,20]],[[47432,85876],[-1423,-365],[-676,-550],[-485,-78]],[[44848,84883],[-332,635],[377,540],[-124,541]],[[44769,86599],[2581,-627],[82,-96]],[[77283,39728],[221,-546]],[[77504,39182],[75,-298],[-407,-1490]],[[77172,37394],[-147,-925],[-161,-51]],[[76864,36418],[-332,-175]],[[76532,36243],[-1119,-247]],[[75413,35996],[-382,442],[-1550,597],[-443,-125]],[[73038,36910],[-997,465]],[[72041,37375],[-598,232]],[[71443,37607],[-287,758],[-98,792],[-775,733]],[[70283,39890],[1520,316]],[[71803,40206],[1088,457],[419,669]],[[73310,41332],[923,-217],[1660,-791],[61,-309],[1329,-287]],[[57210,80783],[-253,-339],[-864,-578]],[[56093,79866],[-1379,-24],[-572,275]],[[54142,80117],[277,165],[-24,638]],[[54395,80920],[587,-6],[542,248],[785,105]],[[56309,81267],[901,-484]],[[57384,80615],[826,-904]],[[58210,79711],[133,-279]],[[58343,79432],[-198,-503]],[[58145,78929],[-1261,81],[-695,471],[-96,385]],[[57210,80783],[174,-168]],[[23530,64475],[-490,-664],[-374,-936],[-388,-309]],[[22278,62566],[-1923,36],[-776,-168],[-471,61]],[[19108,62495],[635,726],[487,1066],[238,933]],[[20468,65220],[2387,-342],[675,-403]],[[59708,63023],[-2950,-374]],[[56758,62649],[-564,297]],[[56194,62946],[484,271],[491,934],[407,315],[324,862]],[[57900,65328],[745,-178],[1509,18]],[[43077,39035],[423,-342]],[[43500,38693],[-158,-271],[536,-398]],[[43878,38024],[-485,-683],[358,-533]],[[43751,36808],[-48,-514],[-430,-24]],[[42401,36706],[-237,597],[-1188,758]],[[40976,38061],[639,159],[544,369],[29,499]],[[42188,39088],[889,-53]],[[44482,38201],[-604,-177]],[[43500,38693],[824,678]],[[44324,39371],[348,-366],[-190,-804]],[[31748,89719],[179,-391],[788,-486],[909,249],[830,-202]],[[34454,88889],[-302,-1445],[57,-318]],[[34209,87126],[-318,-508]],[[33891,86618],[-493,175],[-575,-114],[-384,881],[-508,-20],[-716,855],[-88,712],[-275,209]],[[30852,89316],[452,198],[92,368],[352,-163]],[[32418,35851],[360,-666],[687,-848]],[[33465,34337],[-624,-260],[-436,328],[-857,-782]],[[31548,33623],[-278,-223]],[[31270,33400],[91,613],[-1068,608]],[[30293,34621],[329,1170]],[[30622,35791],[1052,-212],[744,272]],[[48651,4737],[-640,-197],[-341,-313],[-1826,-315]],[[45844,3912],[-407,221]],[[45437,4133],[818,385],[557,840],[-410,-32],[-680,401],[-354,569],[24,659]],[[45392,6955],[1196,659],[355,-111]],[[46943,7503],[1043,123]],[[47986,7626],[102,-213],[-358,-556],[-97,-1197],[594,-727],[424,-196]],[[44133,7579],[764,-461]],[[44897,7118],[-539,-587],[-347,-674]],[[44011,5857],[-1001,451],[-563,86]],[[42447,6394],[228,470],[732,403],[201,363],[525,-51]],[[12245,46940],[764,-831]],[[13009,46109],[-1144,-915]],[[11865,45194],[-572,434],[-650,729]],[[10643,46357],[1230,967]],[[11873,47324],[372,-384]],[[16938,44304],[107,-279],[-787,-818],[313,-785],[550,-669]],[[17121,41753],[-673,-180]],[[16448,41573],[-870,441],[-871,-214]],[[14707,41800],[-1143,535]],[[13564,42335],[-33,1195],[-120,247]],[[13411,43777],[904,679],[604,646]],[[14919,45102],[782,169]],[[15701,45271],[1237,-967]],[[58145,78929],[-411,-789]],[[57734,78140],[-1139,-482],[-1394,-377]],[[55201,77281],[-445,281],[262,315],[-661,226],[-405,381],[-31,876],[-356,322]],[[53565,79682],[577,435]],[[59480,97557],[-633,-817],[-194,-1057],[-911,-789],[-324,-38],[-138,-402],[-389,-224],[-895,82]],[[55996,94312],[-245,306]],[[55751,94618],[308,625],[661,920],[-500,518]],[[56220,96681],[-395,489],[128,544]],[[55953,97714],[870,764],[411,69],[114,-296],[1513,-229],[619,-465]],[[58709,92165],[212,-234],[1032,-327],[875,-742]],[[60828,90862],[-440,-502],[142,-529]],[[60530,89831],[-1730,74]],[[58800,89905],[-633,289],[-319,-386],[-844,532]],[[57004,90340],[208,755],[1118,901],[379,169]],[[70283,39890],[-551,72]],[[69732,39962],[836,798]],[[70568,40760],[718,-217],[517,-337]],[[36268,40585],[765,-536]],[[37033,40049],[682,-1018]],[[37715,39031],[-675,-636]],[[37040,38395],[-968,-266],[-580,-770]],[[35492,37359],[-1119,533],[-996,153],[24,-267]],[[33401,37778],[-862,519]],[[32539,38297],[-184,1336]],[[32355,39633],[1196,1167]],[[33551,40800],[751,-544],[1121,159],[347,-194],[498,364]],[[40607,44620],[-755,-603],[136,-354],[-1608,-1282]],[[38380,42381],[-1046,179],[-225,200],[-703,12]],[[36406,42772],[759,1104],[123,427],[753,1121],[433,480]],[[38474,45904],[501,305],[276,-142],[-38,-513],[523,0],[200,611],[313,-71],[358,-1474]],[[13411,43777],[-315,149]],[[13096,43926],[-584,583],[-647,279]],[[11865,44788],[0,406]],[[13009,46109],[405,102],[326,-346],[953,-491],[226,-272]],[[17763,45441],[-413,-836]],[[17350,44605],[-412,-301]],[[15701,45271],[361,834],[627,258]],[[16689,46363],[74,-356],[1000,-566]],[[59939,20677],[85,-80]],[[60024,20597],[-688,-625],[-367,-121],[-184,-1517],[601,-613]],[[59386,17721],[-384,-232],[-702,667],[-689,-247]],[[57611,17909],[-436,190],[-1170,866],[-111,281]],[[55894,19246],[812,643],[36,198],[731,431],[563,906]],[[58036,21424],[27,18]],[[58063,21442],[321,-486],[484,38],[275,-327],[796,10]],[[38444,30627],[32,-213]],[[38476,30414],[-725,-469],[-449,-557]],[[37302,29388],[-971,-133],[-838,458],[-117,217],[-764,246]],[[34612,30176],[247,435],[631,583],[465,191]],[[35955,31385],[173,-257],[766,-52],[382,-197],[1168,-252]],[[70725,13341],[-992,-369],[-1386,-1019],[-131,-448]],[[68216,11505],[-863,538],[-113,256],[-1178,463],[-384,-6],[-81,373],[-721,190]],[[64876,13319],[384,458],[-64,849]],[[65196,14626],[507,197],[797,-91],[43,629]],[[66543,15361],[683,-456],[1813,-381],[1445,-637],[241,-546]],[[41188,15410],[1149,-589]],[[42337,14821],[41,-25]],[[42378,14796],[-1587,-933]],[[40791,13863],[-899,428],[-1383,56]],[[38509,14347],[165,430]],[[38674,14777],[72,345],[1250,-76],[563,647],[629,-283]],[[47807,14972],[-362,-1014]],[[47445,13958],[-408,84]],[[47037,14042],[-1125,533],[-215,385]],[[45697,14960],[821,765]],[[46518,15725],[308,-33],[981,-720]],[[52861,14834],[-611,-392]],[[52250,14442],[-281,-109]],[[51969,14333],[-1303,1179]],[[50666,15512],[158,844]],[[50824,16356],[106,188]],[[50930,16544],[991,-707],[116,-290],[824,-713]],[[48319,16502],[590,-1138]],[[48909,15364],[-229,-464],[-873,72]],[[46518,15725],[463,478]],[[46981,16203],[632,574],[706,-275]],[[44668,71479],[-652,-740],[210,-280],[-304,-619],[298,-683]],[[44220,69157],[-239,-120]],[[43981,69037],[-699,-107],[-483,259],[-105,373],[-617,176]],[[42077,69738],[-40,206]],[[42037,69944],[120,487]],[[42157,70431],[44,466],[-617,408]],[[42075,73734],[727,176],[480,-227]],[[43282,73683],[418,71],[749,861],[584,1001]],[[45033,75616],[509,-312],[1512,-1391],[-117,-622]],[[63763,19794],[379,-359],[-217,-680]],[[63925,18755],[-227,-641],[-915,-355],[-158,-609],[-648,-676]],[[61977,16474],[-444,343],[-177,776],[-496,153],[-436,-210],[-1038,185]],[[60024,20597],[1594,-282],[527,88],[757,-556],[861,-53]],[[72107,20678],[370,-301],[1339,-739],[-769,-1182],[99,-240],[-704,-666],[11,-299],[751,-253],[188,-387],[-303,-303]],[[73089,16308],[-308,76],[-1341,850]],[[71440,17234],[-768,423],[-776,865],[672,781],[-168,541]],[[70400,19844],[619,852]],[[71019,20696],[1088,-18]],[[43426,20705],[-604,-553]],[[42822,20152],[-397,-195]],[[42425,19957],[-644,-244],[-495,-634]],[[41286,19079],[-581,711],[-174,-115]],[[40810,20422],[601,-335],[632,918]],[[42043,21005],[300,-232],[1083,-68]],[[26095,47738],[-320,-4],[-40,-441],[-820,-370],[-218,-532],[377,-350]],[[25074,46041],[-593,61],[-286,261],[-921,38]],[[23274,46401],[-1152,698]],[[22122,47099],[1386,1935]],[[23508,49034],[753,-344],[530,-451],[805,-330],[217,324],[282,-495]],[[17653,49174],[333,-149]],[[17986,49025],[129,-891],[-401,-547]],[[17714,47587],[-935,-797]],[[16779,46790],[-720,552],[-361,710]],[[15698,48052],[845,681]],[[16543,48733],[1110,441]],[[12380,48509],[-483,-583],[-27,-412]],[[11870,47514],[-888,266],[-731,645]],[[10251,48425],[838,803]],[[11089,49228],[703,-141],[588,-578]],[[54631,83584],[-648,-877]],[[53983,82707],[-796,-137],[-1086,1214]],[[52101,83784],[1022,253],[696,-424],[429,156],[383,-185]],[[13949,34481],[-668,-704],[-449,-1052]],[[12832,32725],[-429,-332]],[[12403,32393],[-1984,1219],[-398,50],[-1209,575]],[[8812,34237],[461,995],[-63,695]],[[9210,35927],[1402,-185]],[[55646,92987],[153,-172],[-387,-1293],[-950,574],[-387,-58]],[[54075,92038],[-689,567]],[[53386,92605],[117,345]],[[53503,92950],[189,722],[532,253],[437,-331],[182,182],[803,-789]],[[59073,94140],[-152,-407],[398,-297],[-157,-686],[-453,-585]],[[57004,90340],[-563,-442],[-164,-483]],[[56277,89415],[-651,749],[-23,744],[-361,157],[-797,-153]],[[54445,90912],[-4,7]],[[54441,90919],[-445,937],[79,182]],[[55646,92987],[758,419]],[[56404,93406],[973,353],[1696,381]],[[35489,20982],[741,-997]],[[36230,19985],[-649,-972],[-1164,-68],[-763,-180]],[[33654,18765],[-554,266]],[[33100,19031],[71,466],[737,1147]],[[33908,20644],[783,872]],[[34691,21516],[798,-534]],[[49590,22590],[-762,-662],[-658,-202],[-53,-859]],[[48117,20867],[-140,-334]],[[47977,20533],[-946,-10]],[[47031,20523],[-1201,763]],[[45830,21286],[-48,123]],[[46652,22440],[249,237]],[[63824,22183],[154,-329],[984,152],[215,-178],[-174,-532],[661,-9]],[[65664,21287],[-954,-292],[46,-604],[-819,62],[-296,-301],[122,-358]],[[59939,20677],[105,912],[508,308],[-161,812]],[[60391,22709],[620,381]],[[25128,22833],[713,-511]],[[24228,20033],[-1173,-467],[-706,-830]],[[22349,18736],[-1210,316]],[[21139,19052],[296,578],[-126,495]],[[21309,20125],[415,647],[1243,1182],[348,640],[709,689]],[[24024,23283],[1104,-450]],[[27724,19801],[-262,-498],[-640,-498]],[[26822,18805],[-320,-130],[-536,227],[-729,-384],[-1271,-849]],[[23966,17669],[212,376],[1262,1182]],[[47977,20533],[1331,-664],[664,-127],[987,405]],[[50959,20147],[710,-253]],[[51669,19894],[283,-594],[65,-656]],[[52017,18644],[-393,-58],[-263,-472],[-369,-143]],[[50992,17971],[-658,276],[-889,-802],[-482,78]],[[48963,17523],[-919,126],[-579,571]],[[47465,18220],[303,664],[-953,528]],[[46815,19412],[216,1111]],[[70384,21317],[635,-621]],[[70400,19844],[-814,-126],[-398,146]],[[69188,19864],[-1180,745],[-440,540]],[[67568,21149],[648,349],[701,70],[1467,-251]],[[55894,19246],[-582,407],[-490,45]],[[54822,19698],[626,907],[766,504],[607,594]],[[56821,21703],[1215,-279]],[[41732,22220],[-37,-503]],[[41695,21717],[-1237,-101],[-6,-458]],[[39237,21665],[376,636]],[[39613,22301],[988,166],[1131,-247]],[[56397,22239],[-561,-263],[-989,263]],[[54963,22720],[794,285],[345,335]],[[56102,23340],[854,-358],[-559,-743]],[[42499,23619],[-305,-712]],[[42194,22907],[-462,-687]],[[39613,22301],[-457,324]],[[39156,22625],[568,771],[57,968],[575,438]],[[40356,24802],[2143,-1183]],[[33642,32637],[-516,-886],[-554,-420]],[[32572,31331],[-625,210],[-491,-120]],[[31070,33251],[200,149]],[[31548,33623],[1386,-869],[708,-117]],[[27926,32458],[-1512,721]],[[26414,33179],[-13,498]],[[26401,33677],[349,138]],[[26750,33815],[608,-504],[1341,-8]],[[62056,48121],[85,-1150],[290,-553]],[[62431,46418],[-1061,-1329]],[[61370,45089],[-775,101],[-886,-243]],[[59709,44947],[139,591],[-627,189]],[[58101,47289],[1256,853],[615,896]],[[59972,49038],[2084,-917]],[[51370,48150],[-223,-92],[-1250,-1233]],[[49897,46825],[-591,663]],[[49306,47488],[-111,566]],[[49195,48054],[35,284]],[[49230,48338],[882,166],[162,535]],[[50274,49039],[694,-162],[402,-727]],[[48803,54690],[130,-130]],[[48933,54560],[-772,-654],[-191,-378],[-954,-848],[-20,-153]],[[46996,52527],[-784,284],[-553,-99]],[[45659,52712],[341,869],[-627,693],[-288,604]],[[45085,54878],[239,487]],[[45324,55365],[508,-72],[1190,169]],[[47022,55462],[872,-506],[909,-266]],[[43763,40788],[-151,-485],[-379,-373],[-156,-895]],[[42188,39088],[-46,417],[-622,75]],[[41520,39580],[-736,476]],[[40784,40056],[1408,1140]],[[42192,41196],[313,86]],[[42505,41282],[354,-224],[664,-45],[240,-225]],[[67158,34653],[-1058,-712],[-1173,-1114]],[[64927,32827],[-170,149]],[[64757,32976],[287,400],[-727,404],[63,209]],[[64380,33989],[352,639],[993,672]],[[58063,21442],[570,688]],[[58633,22130],[1111,632],[647,-53]],[[50970,22182],[-1098,-484],[-595,-1203],[-1160,372]],[[40755,9098],[-41,-274]],[[40714,8824],[-268,-438]],[[40446,8386],[-928,497],[-470,-219],[-358,131]],[[38690,8795],[-798,76],[-906,818]],[[36986,9689],[293,332]],[[42142,10204],[1561,-389],[841,-370]],[[44544,9445],[-348,-368]],[[44196,9077],[-1520,46],[-1091,-400],[-871,101]],[[41677,10271],[465,-67]],[[61370,45089],[388,-505],[351,-99]],[[62384,42244],[-661,-256],[-205,180],[-826,117],[-404,218]],[[60288,42503],[-70,246],[-1262,462]],[[58956,43211],[556,925],[197,811]],[[27920,44952],[942,-51]],[[28862,44901],[-452,-515]],[[28410,44386],[-345,-358]],[[28065,44028],[-898,-64],[-724,-450]],[[26443,43514],[-1595,-9]],[[24848,43505],[744,506],[772,1103]],[[26364,45114],[1060,65]],[[27424,45179],[496,-227]],[[46497,33913],[356,-608]],[[46853,33305],[22,-170]],[[46875,33135],[-843,-467]],[[46032,32668],[-987,730],[-614,147]],[[44431,33545],[534,594],[-218,775]],[[44747,34914],[412,280]],[[45159,35194],[499,-189],[383,-685],[456,-407]],[[62546,34565],[-563,-834],[-1215,-1280],[85,-93],[-785,-996]],[[60068,31362],[-799,-129],[-329,688]],[[58940,31921],[546,673],[2322,2556]],[[58409,39557],[-125,-459],[-885,-183],[-190,-501],[-477,-586]],[[56732,37828],[-776,1066]],[[55956,38894],[-332,286],[-584,4]],[[55040,39184],[385,647],[614,653]],[[56039,40484],[852,-859],[473,-124],[381,168],[261,-359],[403,247]],[[41520,39580],[-368,-476],[-614,-148],[-845,443]],[[39693,39399],[-930,400],[-34,277],[546,568]],[[39275,40644],[673,26],[836,-614]],[[27661,40720],[-1,-3]],[[27660,40717],[-348,-760],[-746,-528],[-680,183]],[[25886,39612],[-1021,368]],[[24865,39980],[790,846]],[[25655,40826],[2006,-106]],[[13447,48789],[395,-460],[-822,-815],[-775,-574]],[[11873,47324],[-3,190]],[[12380,48509],[269,208],[798,72]],[[27331,31930],[-1398,535]],[[25933,32465],[481,714]],[[58373,45323],[-342,-532],[29,-480],[-601,-563],[-546,10],[897,-433],[-644,-309]],[[57166,43016],[-1170,-697]],[[55996,42319],[-643,18],[-1155,341]],[[54198,42678],[820,2090],[180,183]],[[63369,34572],[841,-378]],[[64210,34194],[-990,-536],[-1161,-1554]],[[62059,32104],[-569,-99],[-754,-675]],[[60736,31330],[-546,-33],[-124,-327]],[[60066,30970],[2,392]],[[29918,53929],[134,-591]],[[30052,53338],[-510,-670]],[[29542,52668],[-1581,275],[-1196,569]],[[26765,53512],[-196,794]],[[26569,54306],[491,235],[826,708]],[[27886,55249],[2032,-1320]],[[41695,21717],[461,-399],[-113,-313]],[[53714,25838],[-554,-563]],[[53160,25275],[-949,134],[-765,-96],[-688,-255]],[[49504,26114],[-31,158]],[[49473,26272],[342,577]],[[49815,26849],[667,-223],[924,-95],[651,345]],[[46544,27161],[162,-126]],[[46706,27035],[-665,-1036],[3,-1052],[-178,-380],[-158,-1081]],[[45535,23370],[-1005,474],[-1408,-42],[-623,-183]],[[40356,24802],[-58,167]],[[40298,24969],[363,736],[1579,175],[484,533]],[[42724,26413],[1413,629],[505,30]],[[44642,27072],[1574,131]],[[46216,27203],[328,-42]],[[22710,27027],[744,-264]],[[23454,26763],[-703,-367],[-192,-408],[-617,-648],[-31,-293],[-564,-343],[-426,-554],[378,-697],[428,-428]],[[21727,23025],[15,-409],[-347,-331],[177,-259],[-273,-731],[-506,-395]],[[20793,20900],[-1081,798],[-1262,-263]],[[18450,21435],[-15,889],[372,1230],[422,516],[467,882],[1016,1046]],[[22319,27218],[391,-191]],[[55723,26803],[323,-340]],[[56046,26463],[-870,-1309]],[[55176,25154],[-620,-69],[-289,-481]],[[54267,24604],[-236,298],[-871,373]],[[54774,27300],[949,-497]],[[66487,58929],[-871,-639],[-381,-439]],[[65235,57851],[-1089,183],[-180,328],[582,480]],[[64548,58842],[550,-20],[962,407]],[[66060,59229],[427,-300]],[[23081,59098],[783,-695]],[[23864,58403],[837,-696]],[[24701,57707],[-51,-103]],[[24650,57604],[-216,0]],[[24434,57604],[-1604,457]],[[22830,58061],[-534,698],[311,646],[474,-307]],[[55176,25154],[475,-302]],[[55651,24852],[-191,-441],[-1065,80]],[[54395,24491],[-128,113]],[[39156,22625],[-820,312],[-607,901],[-93,480]],[[37636,24318],[1031,763],[810,312]],[[39477,25393],[375,-20],[446,-404]],[[50311,59153],[826,-541]],[[51137,58612],[-1028,-414],[-158,-312]],[[49951,57886],[-959,-393]],[[48992,57493],[-317,313],[-1077,-196],[-674,192]],[[46924,57802],[-36,244],[-764,690]],[[46124,58736],[489,440],[506,61],[1070,483],[556,416]],[[48745,60136],[952,-716],[614,-267]],[[70412,59862],[412,-503]],[[70824,59359],[-655,-1427]],[[70169,57932],[-665,-1411],[-660,-773]],[[68844,55748],[-1741,321]],[[67103,56069],[941,1105]],[[68044,57174],[496,250],[-44,316],[505,678]],[[69001,58418],[-105,222],[228,777],[-345,275]],[[68779,59692],[176,525]],[[68955,60217],[768,-19],[689,-336]],[[41734,59767],[650,-381]],[[42384,59386],[-724,-567],[-386,-599]],[[41274,58220],[-967,507],[-921,736]],[[39386,59463],[1278,963]],[[40664,60426],[851,-348],[219,-311]],[[47445,13958],[441,-292]],[[47886,13666],[-266,-660],[116,-769],[678,-962],[372,-267]],[[48786,11008],[-376,-523]],[[48410,10485],[-895,442],[-813,609]],[[46702,11536],[-981,861],[291,694]],[[46012,13091],[300,99],[725,852]],[[53847,13566],[-184,-389]],[[53663,13177],[-479,-120],[-533,193],[-378,-102],[-1067,279]],[[51206,13427],[763,906]],[[52250,14442],[934,-659],[663,-217]],[[64876,13319],[-348,-532],[491,-139],[-915,-23],[100,-535],[-895,-533],[91,-104]],[[63400,11453],[146,-574],[-387,124],[-360,-228]],[[62799,10775],[-807,123],[695,-588],[-341,-346],[-396,278],[-670,76],[-304,-155],[409,-832]],[[61385,9331],[-415,-41],[-376,324],[-1638,810],[-1364,293]],[[57592,10717],[54,209],[-1120,520],[-214,238]],[[56312,11684],[-58,579],[243,61],[538,682],[842,66],[3,564]],[[57880,13636],[466,103],[644,-156]],[[58990,13583],[1293,0],[1362,941]],[[61645,14524],[1373,34],[685,242],[1493,-174]],[[43805,13699],[404,-259]],[[44209,13440],[-329,-505],[155,-361],[-258,-299]],[[43777,12275],[-925,470],[-617,644],[-154,-118],[-847,417]],[[41234,13688],[-443,175]],[[42378,14796],[823,-952],[604,-145]],[[46012,13091],[-1015,278],[-788,71]],[[43805,13699],[537,626],[921,580],[434,55]],[[54113,14251],[16,-429],[-282,-256]],[[52861,14834],[486,271]],[[53347,15105],[547,-431],[219,-423]],[[59839,97265],[-185,-447]],[[59654,96818],[-438,-1973],[343,-50],[-486,-655]],[[56404,93406],[-431,504],[23,402]],[[59480,97557],[359,-292]],[[62995,95638],[-101,-625],[-528,-240]],[[62366,94773],[-1074,889],[96,132],[-1734,1024]],[[59839,97265],[467,-106],[213,-345],[1412,-467],[1064,-709]],[[28641,66687],[308,-781],[903,-695],[911,-440]],[[30763,64771],[-914,-1146]],[[29849,63625],[-1212,-354]],[[28637,63271],[-294,332],[508,25],[-95,263],[-1007,849],[-622,379]],[[27127,65119],[354,954],[-71,325],[471,494]],[[27881,66892],[143,33]],[[28024,66925],[617,-238]],[[26841,67164],[-284,205],[-667,8]],[[25890,67377],[-839,574]],[[25073,68374],[927,1063]],[[26000,69437],[967,-445],[-126,-1828]],[[57900,65328],[-473,1149],[-465,859]],[[56962,67336],[699,544],[187,594],[-310,273],[-829,-30],[-22,253]],[[56687,68970],[438,743],[359,-520],[457,-118],[3,569],[546,-8],[-190,-339],[644,-281],[-212,-458],[487,-922]],[[31636,76622],[-303,-1008],[538,-556],[1147,-36],[444,135]],[[33462,75157],[569,-741],[-275,-489]],[[33322,74027],[-864,385],[-774,-321],[-193,-638],[433,-78]],[[31343,71955],[-96,-443]],[[31247,71512],[-514,77],[-269,416],[-346,31]],[[30118,72036],[-189,74]],[[29929,72110],[581,623],[-654,346],[-344,-88],[59,-430],[-986,155],[-585,249],[-639,-493]],[[27331,73853],[283,532],[1056,498],[730,175],[614,763],[59,378],[820,842]],[[30893,77041],[743,-419]],[[37694,75786],[-153,-887],[-862,-918]],[[36472,73490],[-220,-378]],[[36252,73112],[-997,-120],[-509,-535],[-773,-216]],[[33462,75157],[867,244]],[[34329,75401],[910,320],[519,1232]],[[35758,76953],[714,137],[465,-510],[-382,-184],[1139,-610]],[[43599,76706],[578,-698]],[[44177,76008],[-1145,-803],[323,-865],[-73,-657]],[[40490,73928],[702,1498],[-154,577]],[[41038,76003],[408,622],[910,140],[567,354]],[[42923,77119],[676,-413]],[[63903,76530],[443,-245],[204,-411]],[[64550,75874],[-204,-414],[-533,-246],[-1065,202],[-475,356],[-503,766]],[[61770,76538],[428,719]],[[62198,77257],[379,183],[651,-225],[675,-685]],[[34329,75401],[-735,466],[-142,540],[534,751],[628,373]],[[34614,77531],[742,-593],[402,15]],[[66195,76118],[-512,-305]],[[65683,75813],[-1133,61]],[[63903,76530],[1174,817]],[[65077,77347],[422,315],[1439,529]],[[66938,78191],[520,-431],[-4,-325],[-533,-246],[-649,-668],[-77,-403]],[[49912,77897],[-323,-149]],[[49589,77748],[-784,-180],[-866,-1358],[237,-156],[566,240],[237,-267],[488,12],[155,-770],[-177,-677]],[[45033,75616],[-856,392]],[[43599,76706],[1424,437],[478,354],[1169,151],[734,420],[1257,245],[755,-66],[325,220]],[[49741,78467],[171,-570]],[[54822,19698],[-645,-1110],[25,-603]],[[54202,17985],[-937,126]],[[53265,18111],[-1248,533]],[[51669,19894],[1591,1192]],[[53260,21086],[192,-481],[1370,-907]],[[33100,19031],[-1885,752]],[[32428,21146],[1480,-502]],[[69188,19864],[-848,-1155],[-652,-89],[42,-505],[-585,-506]],[[67145,17609],[-1132,396],[-153,221],[-851,169],[-1084,360]],[[65664,21287],[313,-203],[1135,146],[456,-81]],[[46815,19412],[-1046,-455]],[[45769,18957],[-439,286],[-724,-138],[-523,79]],[[44083,19184],[722,777],[598,938],[427,387]],[[32319,83782],[333,-605],[-142,-697]],[[32510,82480],[-387,-749],[-287,151],[-463,-424]],[[31373,81458],[-618,269],[-79,519],[-609,1127],[-579,542]],[[29488,83915],[1104,30],[757,461]],[[31349,84406],[970,-624]],[[47247,84426],[685,60],[244,-428],[-316,-561]],[[47860,83497],[-790,392],[-296,529],[473,8]],[[41439,85142],[1275,-899],[594,-92]],[[43308,84151],[50,-946],[273,-71],[-80,-487],[422,-179],[856,246],[2063,-676],[180,-122]],[[47072,81916],[-506,-1132],[118,-685]],[[46684,80099],[-979,163],[-595,-178],[-986,-600],[-778,-620],[-200,-334],[-223,-1411]],[[41038,76003],[-1339,-239],[-1114,411]],[[38585,76175],[-138,1120],[171,498],[-120,1722],[-430,263],[-58,587]],[[38010,80365],[330,-153],[606,648],[639,144],[421,680],[630,357],[68,423]],[[40704,82464],[333,1562],[-256,460],[113,366],[545,290]],[[55233,30060],[-572,-600],[-178,-711],[-72,-1155]],[[52867,28224],[-1107,920]],[[51760,29144],[1065,1316]],[[52825,30460],[342,189]],[[53167,30649],[785,-271],[205,-243],[1076,-75]],[[15479,29382],[-631,-778]],[[14848,28604],[-1538,728]],[[13310,29332],[-146,319]],[[13164,29651],[756,926],[576,19]],[[14496,30596],[465,-334],[518,-880]],[[29309,30622],[981,-751]],[[30290,29871],[-618,-729],[126,-231],[-746,-665]],[[29052,28246],[-1318,30]],[[27734,28276],[-139,565]],[[27595,28841],[174,929],[711,468]],[[21982,28307],[-329,-389]],[[20851,28464],[59,189]],[[20910,28653],[19,1086],[-499,496]],[[20430,30235],[494,451]],[[20924,30686],[1065,8]],[[48992,57493],[-272,-259]],[[48720,57234],[-216,-1107],[-585,152],[-694,1091],[-384,97]],[[46841,57467],[83,335]],[[18895,28950],[64,-331]],[[18959,28619],[-317,-445]],[[18642,28174],[-660,-459],[-263,-398],[-581,-192]],[[17138,27125],[-808,230]],[[16330,27355],[-274,655]],[[16056,28010],[167,483],[1477,1601]],[[17700,30094],[389,15]],[[18089,30109],[-249,-363],[205,-290],[850,-506]],[[57064,9403],[9,-6]],[[56862,7209],[-415,-282]],[[56447,6927],[-1467,629]],[[54980,7556],[256,1143],[-702,635],[-496,-455],[-761,-225]],[[52753,9108],[904,582]],[[53657,9690],[522,-127],[2648,-42],[237,-118]],[[42594,16733],[-11,-663],[576,-565]],[[43159,15505],[237,-362],[-338,-259],[-363,339],[-358,-402]],[[41188,15410],[-68,765],[-798,247]],[[40322,16422],[509,660],[327,-515]],[[41158,16567],[519,-82],[620,612]],[[42297,17097],[297,-364]],[[61977,16474],[462,-128],[543,566],[453,41],[439,-574],[-177,-518]],[[63697,15861],[-123,-497],[-1484,-517],[-445,-323]],[[58990,13583],[-66,337],[366,486],[-202,626],[206,683],[-60,475],[-1034,820],[-589,899]],[[50992,17971],[-412,-610],[815,-458]],[[51395,16903],[-465,-359]],[[50824,16356],[-1534,879],[-358,0]],[[48932,17235],[31,288]],[[53351,21330],[-91,-244]],[[50959,20147],[457,467],[524,1032],[-130,135]],[[61385,9331],[121,-694]],[[57064,9403],[648,834],[-120,480]],[[67419,11148],[318,-391]],[[67737,10757],[-576,-105],[-380,-1009]],[[66781,9643],[83,-621],[-216,-204]],[[66648,8818],[-1022,610]],[[65626,9428],[60,897],[509,102],[-204,630]],[[65991,11057],[736,381],[692,-290]],[[41234,13688],[-678,-1108]],[[40556,12580],[-173,-381],[-1070,255],[-449,-121],[-734,290],[-171,-180]],[[37959,12443],[550,1904]],[[56312,11684],[-1260,-673],[-468,122]],[[54584,11133],[-509,199]],[[54075,11332],[-417,410],[424,462],[-624,743],[205,230]],[[54113,14251],[1322,-139],[376,586]],[[55811,14698],[744,-675],[1325,-387]],[[45769,18957],[-604,-415],[-227,-467],[-527,314]],[[44411,18389],[-1254,788],[-732,780]],[[42822,20152],[287,-490],[974,-478]],[[44275,16514],[-444,-692],[-672,-317]],[[42594,16733],[620,306]],[[43214,17039],[1061,-525]],[[45187,17075],[665,-88],[1129,-784]],[[44275,16514],[912,561]],[[56821,21703],[41,453]],[[56862,22156],[1095,392],[676,-418]],[[48720,57234],[665,-583]],[[49385,56651],[-557,-755],[201,-660],[-226,-546]],[[47022,55462],[-42,556],[380,545],[-130,332],[-508,277],[119,295]],[[18457,56723],[-525,-963],[419,-515]],[[18351,55245],[-325,24],[-777,-773],[-355,-91]],[[16894,54405],[7,280],[-1308,942],[-344,499],[1708,1446],[1500,-849]],[[24650,57604],[30,-384],[432,-497],[449,-205],[34,-678]],[[25595,55840],[-1041,-576],[-1034,-1080],[-259,-442]],[[23261,53742],[-885,-61]],[[22376,53681],[-70,467],[247,1121],[281,353],[-153,794]],[[22681,56416],[682,6],[499,275],[572,907]],[[28046,56032],[-163,726],[211,738]],[[28094,57496],[323,130]],[[28417,57626],[1424,-410],[198,-744],[-747,-590],[-512,-48],[-734,198]],[[54229,57943],[348,-1117],[-460,-704]],[[54117,56122],[-535,445],[-420,114]],[[53162,56681],[-508,773],[367,716]],[[53021,58170],[352,218],[856,-445]],[[31374,58229],[814,-257]],[[32188,57972],[-813,-1142],[218,-595],[-13,-773],[-715,-1013],[-947,-520]],[[27886,55249],[-210,280],[370,503]],[[28417,57626],[609,793]],[[29026,58419],[1474,-786],[874,596]],[[26569,54306],[-300,266]],[[26269,54572],[297,971],[-971,297]],[[24701,57707],[758,570]],[[25459,58277],[930,-36],[184,177]],[[26573,58418],[1521,-922]],[[19433,30128],[510,-809]],[[19943,29319],[-235,-286],[-813,-83]],[[18089,30109],[269,601]],[[18358,30710],[1075,-582]],[[19270,39999],[-263,-545],[-1029,-1324],[-996,-987],[-712,-454]],[[16270,36689],[-464,398],[-111,1032]],[[15695,38119],[328,452],[-8,378],[1044,221],[1324,1701]],[[18383,40871],[115,-419],[772,-453]],[[13564,42335],[-821,122]],[[12058,43086],[1038,840]],[[54091,97151],[480,-546]],[[54571,96605],[-939,-1062],[-328,52]],[[53304,95595],[-250,1490]],[[53054,97085],[832,-105],[205,171]],[[41770,48603],[198,-323],[381,142],[690,-360]],[[43039,48062],[-1939,-1223],[4,-1077]],[[41104,45762],[-270,-1183]],[[40834,44579],[-227,41]],[[38474,45904],[26,437],[-366,155]],[[38134,46496],[-144,1084],[448,551],[-39,439]],[[38399,48570],[2088,22]],[[40487,48592],[417,145],[526,-380],[340,246]],[[37485,85442],[-254,-309]],[[37231,85133],[-433,-389],[-171,-974],[218,-388],[649,78]],[[37494,83460],[-193,-752]],[[37301,82708],[-125,-309]],[[37176,82399],[-820,53],[-113,404],[-1247,369]],[[34996,83225],[-608,785],[-724,-106],[-278,-233],[-703,342]],[[32683,84013],[626,836],[1368,373],[612,467],[525,58],[131,256],[765,-481],[-16,477],[371,-5],[312,441]],[[37377,86435],[108,-993]],[[54980,7556],[-1524,209],[-228,-132]],[[51484,10351],[-114,-540]],[[49777,9782],[470,613]],[[50247,10395],[478,140],[759,-184]],[[16951,35928],[-168,-586],[1312,-716],[1428,-470]],[[19523,34156],[-279,-230]],[[19244,33926],[-506,287],[-730,165],[-529,-671]],[[17479,33707],[-1331,-243]],[[16148,33464],[670,689],[-1015,1250]],[[16233,35677],[512,343]],[[16745,36020],[206,-92]],[[2465,34308],[-927,309],[-628,344],[-68,530]],[[842,35491],[1650,636]],[[2492,36127],[130,-901],[-157,-918]],[[72866,34175],[-294,-1240]],[[72572,32935],[-1078,-115],[-1160,-525]],[[70334,32295],[-767,-116],[-144,-782],[-295,-169]],[[69128,31228],[-1038,-203],[-708,-310]],[[66879,31163],[655,1052],[255,153]],[[67789,32368],[258,-225],[720,612],[86,796]],[[68853,33551],[568,1298],[1093,650]],[[16148,33464],[-127,-334]],[[16021,33130],[-436,-113]],[[15585,33017],[-416,368],[-152,613],[-634,735]],[[72879,45058],[382,-267]],[[73261,44791],[443,-350]],[[73704,44441],[-62,-678],[-345,-1079],[-382,-822]],[[72915,41862],[-873,540],[-434,111],[-399,388],[-636,-280]],[[70573,42621],[-48,1800],[315,655]],[[70840,45076],[460,20],[1013,467],[566,-505]],[[19744,45565],[-6,-835],[281,-344],[648,-217],[-62,-245]],[[18602,43693],[-1252,912]],[[17763,45441],[498,-117],[1483,241]],[[36301,46428],[248,-334],[0,-548],[-746,-1109],[-574,-579],[-499,-1075]],[[34730,42783],[-885,333],[-896,183],[-183,213]],[[32766,43512],[263,354],[1158,673],[531,530],[402,819]],[[35120,45888],[876,151],[305,389]],[[11865,44788],[-1262,-706]],[[10603,44082],[-359,-175],[-578,785],[-468,396]],[[9198,45088],[389,588],[813,882]],[[10400,46558],[243,-201]],[[13873,40175],[-449,-803],[-273,-914]],[[13151,38458],[-6,8]],[[13145,38466],[-506,512]],[[12639,38978],[-873,987]],[[12946,40686],[927,-511]],[[47054,37212],[-573,-694],[-975,-791],[-347,-533]],[[44747,34914],[-127,-99],[-1134,720]],[[43751,36808],[1370,79],[888,305],[1045,20]],[[59791,57195],[-73,-202],[-1309,-1074]],[[58409,55919],[-887,146]],[[57522,56065],[-1297,777]],[[56225,56842],[808,346],[1123,1590]],[[58156,58778],[813,-672],[822,-911]],[[67151,58938],[332,-352],[-140,-285]],[[67343,58301],[-1495,-1047]],[[65848,57254],[-9,-2]],[[65839,57252],[-604,599]],[[66487,58929],[664,9]],[[65839,57252],[-329,142]],[[65510,57394],[-212,77],[-1336,-229]],[[63962,57242],[-1170,-131],[-1284,-734],[-658,-227]],[[60850,56150],[-651,825]],[[60199,56975],[344,294],[1197,492],[452,653]],[[62192,58414],[1068,481]],[[63260,58895],[871,147],[417,-200]],[[52320,35803],[420,-82]],[[52740,35721],[468,-129]],[[53208,35592],[639,-521],[-410,-197],[360,-393],[709,-164]],[[54506,34317],[-547,-217],[-1580,-1277]],[[52379,32823],[-497,165],[-834,643]],[[51048,33631],[-506,693]],[[50542,34324],[1669,1505]],[[52211,35829],[109,-26]],[[43077,33160],[-838,-1231]],[[42239,31929],[-1568,919]],[[40671,32848],[-337,1137]],[[40334,33985],[236,20],[833,646]],[[41403,34651],[431,-619],[809,-674],[434,-198]],[[20636,42395],[-153,-1090],[-517,-1225]],[[19966,40080],[-696,-81]],[[18383,40871],[-958,755]],[[17425,41626],[648,861]],[[39275,40644],[-689,284]],[[38586,40928],[531,505]],[[39117,41433],[485,221],[713,974]],[[40315,42628],[254,-423],[502,-152],[226,-401],[895,-456]],[[8562,41298],[-725,-216],[-759,-1432]],[[7078,39650],[-384,-145],[-479,159],[-733,-1073],[-691,-308]],[[4791,38283],[-1343,196],[-1725,-624],[-1537,-895]],[[186,36960],[-186,214],[1810,1432],[563,560],[2184,1934],[642,487],[589,782],[1135,210]],[[6923,42579],[296,-114],[1343,-1167]],[[55996,42319],[543,-768]],[[56539,41551],[-151,-596],[-349,-471]],[[55040,39184],[-506,527],[-561,36]],[[53973,39747],[-249,537]],[[53724,40284],[181,390],[-528,187],[-422,785]],[[52955,41646],[1243,1032]],[[28088,42193],[-427,-1473]],[[25655,40826],[14,15]],[[25669,40841],[654,390],[369,418],[917,311],[-113,705]],[[27496,42665],[592,-472]],[[62366,94773],[-155,-673],[376,-385],[-569,-340],[152,-521],[496,-220],[524,-598],[333,-118]],[[63523,91918],[-706,-854]],[[62817,91064],[-1069,198],[-323,-370],[-597,-30]],[[19724,27251],[-606,-1268],[-624,-1074],[-423,-937],[-886,-1261],[-618,-1100]],[[16567,21611],[-473,115],[-1386,52],[-1335,248]],[[13373,22026],[558,1357],[756,784],[1249,1113],[57,390],[808,820],[337,635]],[[18642,28174],[-38,-870],[507,199],[613,-252]],[[29052,28246],[538,-754],[1408,-556]],[[30998,26936],[-414,-302]],[[30584,26634],[-618,-217],[-960,-989]],[[29006,25428],[-557,417],[-219,686],[-911,564]],[[27319,27095],[415,1181]],[[33465,34337],[746,-245],[13,-293],[1094,-541]],[[35318,33258],[-6,-709]],[[35312,32549],[-1000,-179],[-670,267]],[[19244,33926],[-428,-669]],[[18816,33257],[-753,-324],[-606,272],[22,502]],[[56732,37828],[355,-285]],[[57087,37543],[-879,-466],[-684,-699],[-962,-572],[-1354,-214]],[[52740,35721],[686,315],[528,539],[795,1361],[1207,958]],[[21376,38979],[1208,-762]],[[22584,38217],[-130,-496]],[[22454,37721],[-870,-867]],[[21584,36854],[-743,871],[-35,430],[422,834]],[[21228,38989],[148,-10]],[[13145,38466],[-663,-80],[-561,-450],[-550,-987],[-462,-572]],[[10909,36377],[-856,487]],[[10053,36864],[508,370],[1300,1405],[778,339]],[[38300,38723],[798,-627],[98,-397],[-142,-915]],[[37150,37155],[67,792],[-177,448]],[[37715,39031],[585,-308]],[[34774,67382],[77,-610],[-472,-1101]],[[34379,65671],[-560,138]],[[33819,65809],[-4,426],[-637,624],[-1608,572]],[[31570,67431],[137,307]],[[31707,67738],[587,370]],[[32294,68108],[596,-221],[653,247],[782,-216],[449,-536]],[[39693,39399],[-440,-644],[-953,-32]],[[37033,40049],[721,297],[832,582]],[[24865,39980],[-787,397]],[[24078,40377],[-577,185]],[[23501,40562],[639,839]],[[24140,41401],[421,117],[690,-223],[-63,-275],[481,-179]],[[38134,46496],[-516,-467],[-194,549],[-1123,-150]],[[36301,46428],[310,167],[-378,844],[15,354],[588,402],[285,527]],[[37121,48722],[306,67],[972,-219]],[[38741,19409],[101,-414]],[[38842,18995],[-776,326],[-387,-422],[909,-593]],[[38588,18306],[-229,-283],[296,-644]],[[38655,17379],[-1037,-492],[-462,-60],[-569,-361]],[[36587,16466],[-883,757],[73,717]],[[35777,17940],[-1281,240],[-842,585]],[[36230,19985],[1366,-399],[219,68]],[[45844,3912],[-87,-1200],[-441,-898]],[[45316,1814],[-3067,484]],[[42249,2298],[263,415],[-282,552],[148,775],[888,250],[467,-134],[309,309]],[[44042,4465],[836,-416],[559,84]],[[48201,1520],[-742,-9],[-2143,303]],[[48651,4737],[65,-476],[-160,-1084],[69,-709],[-424,-948]],[[40446,8386],[1037,-347]],[[41483,8039],[-503,-539],[-1262,-1756],[-876,-412]],[[38842,5332],[-687,-559]],[[38155,4773],[-1031,490]],[[37124,5263],[1360,2919],[206,613]],[[44196,9077],[-123,-497]],[[44073,8580],[-233,-266]],[[43840,8314],[-681,-293],[-1212,-178],[-464,196]],[[45392,6955],[-495,163]],[[44133,7579],[29,531],[-322,204]],[[44073,8580],[544,-400],[706,947]],[[45323,9127],[421,128],[636,-171],[629,-369],[-66,-1212]],[[54395,24491],[-639,-356]],[[53756,24135],[-491,231],[-629,-359],[-1423,270],[-376,233]],[[59908,23798],[-588,215],[-95,287]],[[59225,24300],[1033,620],[317,378],[1300,326]],[[61875,25624],[-82,-251],[-1063,-1100],[-822,-475]],[[28699,50500],[584,-703],[-44,-275]],[[29239,49522],[-246,-1121]],[[28993,48401],[-399,-328]],[[28594,48073],[-229,408],[-420,-286]],[[27945,48195],[-414,66],[-586,570],[283,531],[-26,515],[557,104],[164,539]],[[27923,50520],[776,-20]],[[36485,50663],[746,-555],[-686,-1020]],[[36545,49088],[-331,303],[-725,119],[-377,476]],[[35112,49986],[931,708]],[[36043,50694],[442,-31]],[[62552,42019],[-1111,-724],[-438,-39]],[[61003,41256],[-261,73],[-385,-744],[-595,85],[-1060,781]],[[58702,41451],[444,35],[641,750],[501,267]],[[15695,38119],[-926,99]],[[14769,38218],[166,1335],[-239,295]],[[14696,39848],[786,312],[-65,368],[275,405],[756,640]],[[17121,41753],[304,-127]],[[66606,41471],[1159,-1608]],[[67765,39863],[-1624,-1338],[-482,-659]],[[65659,37866],[-950,-242]],[[64709,37624],[-481,215]],[[64228,37839],[-698,255],[-544,-56]],[[62986,38038],[-308,500],[-737,27]],[[61941,38565],[149,413],[-670,789],[-58,690],[-338,202],[-21,597]],[[71308,62997],[274,-483]],[[71582,62514],[-1169,-610],[-160,-404],[-420,-111]],[[69833,61389],[-544,-261]],[[69289,61128],[-322,261],[633,737]],[[69600,62126],[505,619]],[[70105,62745],[952,762]],[[71057,63507],[251,-510]],[[68170,63615],[1334,-735],[601,-135]],[[69600,62126],[-1362,179]],[[68238,62305],[-1017,825]],[[39371,26992],[237,-1024],[-131,-575]],[[37636,24318],[-794,59]],[[36842,24377],[-1015,1162]],[[35827,25539],[436,64],[456,887],[781,715],[522,642]],[[38022,27847],[702,-551],[647,-304]],[[70852,27469],[-844,-1066]],[[66957,26201],[250,796],[1051,639],[883,142],[439,327]],[[69580,28105],[215,57],[1057,-693]],[[41696,28186],[388,-450],[209,-784],[431,-539]],[[39371,26992],[827,941]],[[40198,27933],[1498,253]],[[23777,49937],[-242,206],[-432,-294],[-112,346]],[[22991,50195],[147,424]],[[23138,50619],[1211,-320],[-572,-362]],[[46069,50301],[447,-464],[784,-408]],[[47300,49429],[-1503,-411]],[[45797,49018],[-86,-197],[-1780,-1171]],[[43931,47650],[-139,325],[-426,-75]],[[43366,47900],[1366,1538],[-185,787]],[[44547,50225],[761,682]],[[45308,50907],[761,-606]],[[14395,50465],[-136,-491],[-564,-497]],[[13695,49477],[-284,457],[-959,-179],[-372,638]],[[12080,50393],[357,331],[439,-220],[466,351]],[[13342,50855],[1053,-390]],[[50131,50226],[-15,-934],[158,-253]],[[49230,48338],[-1029,903],[-461,251]],[[47740,49492],[430,719],[576,563]],[[48746,50774],[154,213]],[[48900,50987],[705,-634],[526,-127]],[[41559,34811],[-156,-160]],[[40334,33985],[-411,1420]],[[40549,35742],[884,73]],[[22368,61139],[701,-1104],[727,-305],[54,-261]],[[23850,59469],[-769,-371]],[[22830,58061],[-1426,-122],[-614,677],[-1030,-69],[-497,-173]],[[19263,58374],[-137,606],[258,792],[-238,817],[-459,708]],[[18687,61297],[917,242],[1899,183],[505,118]],[[22008,61840],[-41,-325],[401,-376]],[[69289,61128],[-81,-650],[-253,-261]],[[68779,59692],[-574,32]],[[68205,59724],[148,489],[-234,368],[40,508],[-625,270]],[[67534,61359],[704,946]],[[71825,61194],[-541,-234],[-831,-23]],[[70453,60937],[-433,19],[-187,433]],[[71582,62514],[389,-455],[-255,-482],[109,-383]],[[58940,31921],[-364,-91],[-404,495]],[[58172,32325],[-772,937],[318,467]],[[57718,33729],[475,456],[25,468],[784,166]],[[59002,34819],[823,245],[354,387]],[[60179,35451],[1025,11]],[[29026,58419],[-865,769]],[[28161,59188],[859,757]],[[29020,59945],[816,-844],[1538,-872]],[[20037,34672],[-514,-516]],[[16951,35928],[388,119],[596,-204],[271,195],[890,-384],[732,-590],[209,-392]],[[30397,36266],[225,-475]],[[30293,34621],[-707,-463]],[[29586,34158],[-2030,624]],[[27556,34782],[686,674],[1706,1124]],[[29948,36580],[449,-314]],[[24078,40377],[-157,-457],[-1337,-1703]],[[21376,38979],[233,563],[1275,1064]],[[22884,40606],[617,-44]],[[49306,47488],[-1047,-302],[-1096,154]],[[47163,47340],[235,315],[1797,399]],[[46491,30755],[365,-463]],[[46856,30292],[-650,-629],[-109,-380]],[[46097,29283],[-392,139],[-606,-248],[-278,-398]],[[44821,28776],[-563,373]],[[44258,29149],[-114,895],[-256,110]],[[43888,30154],[91,471],[828,545]],[[44807,31170],[298,232]],[[45105,31402],[961,-665],[425,18]],[[42398,30508],[24,-153]],[[42422,30355],[231,-573],[-105,-711]],[[42548,29071],[-6,-418]],[[42542,28653],[-710,20]],[[41832,28673],[-46,252],[-1385,1150]],[[40401,30075],[1306,638],[691,-205]],[[22768,34402],[-784,-1143]],[[21984,33259],[-1006,760],[-449,548]],[[20529,34567],[283,513]],[[20812,35080],[1098,-530],[858,-148]],[[10400,46558],[-981,838],[-467,567],[486,878],[813,-416]],[[45861,47706],[-604,-246],[-468,-503]],[[44789,46957],[-541,417],[-324,-160],[7,436]],[[45797,49018],[310,-689],[-246,-623]],[[42681,61184],[-830,-968],[-117,-449]],[[40664,60426],[-149,690],[-414,571],[-262,682]],[[39839,62369],[903,924]],[[40742,63293],[842,-51],[1377,-429],[394,-560],[-439,-373],[-235,-696]],[[39386,59463],[-1497,-516],[-423,-19],[-246,-329]],[[37220,58599],[-209,22]],[[37011,58621],[146,692],[-922,851],[-812,400],[-346,-100]],[[35077,60464],[-900,538]],[[34177,61002],[1072,925]],[[35249,61927],[174,237],[568,14],[481,698],[601,445]],[[37073,63321],[1773,-747],[993,-205]],[[51052,62670],[-304,-1582],[-421,-861],[-16,-1074]],[[48745,60136],[-819,786]],[[47926,60922],[137,498],[-160,708],[266,19],[-179,1238]],[[47990,63385],[566,131],[1049,-347],[491,-36],[956,-463]],[[31621,62814],[69,-427]],[[31690,62387],[-445,-262],[-864,-1032]],[[30381,61093],[-687,-381]],[[29694,60712],[-1312,642]],[[28382,61354],[-930,631]],[[27452,61985],[-132,501]],[[27320,62486],[499,74],[243,520],[575,191]],[[29849,63625],[848,-246],[924,-565]],[[58409,55919],[249,-456]],[[58658,55463],[-929,-404],[-911,158]],[[56818,55217],[704,848]],[[58958,85133],[299,-792]],[[59257,84341],[-946,-900]],[[58311,83441],[-615,607],[-113,-340],[-817,827]],[[56766,84535],[177,312],[1452,421]],[[58395,85268],[563,-135]],[[22278,62566],[-270,-726]],[[18687,61297],[-858,288],[489,463],[790,447]],[[67534,61359],[-352,-471],[-265,-735],[-554,-368]],[[66363,59785],[-538,-13],[349,1157],[-504,410],[-1120,1]],[[49647,87303],[-238,-1023]],[[49409,86280],[-807,91]],[[48602,86371],[-457,797]],[[48145,87168],[-425,471],[174,302]],[[47894,87941],[544,-251],[1020,598]],[[49458,88288],[189,-985]],[[42297,87795],[-503,-1029],[196,-581]],[[41990,86185],[-468,-195],[-677,-739]],[[40845,85251],[-387,-113],[-1647,-24],[-642,-322],[-680,5]],[[37489,84797],[-258,336]],[[37485,85442],[2765,1035],[-550,945],[-1541,534]],[[38159,87956],[212,377]],[[38371,88333],[1100,-114],[2410,128]],[[41881,88347],[416,-552]],[[39237,21665],[-838,398],[-486,-94],[-725,153],[-465,-529],[-1234,-611]],[[34691,21516],[-486,1382]],[[34205,22898],[524,504],[1321,494],[792,481]],[[53756,24135],[-58,-373]],[[68777,24258],[247,-56],[1096,-805],[1147,-429]],[[71267,22968],[-548,-661]],[[70719,22307],[-427,-612],[92,-378]],[[64114,22830],[150,235],[623,-125],[-27,895],[434,412]],[[58829,24650],[396,-350]],[[59908,23798],[142,-213],[801,-88]],[[56862,22156],[-465,83]],[[56102,23340],[178,331],[673,534]],[[56953,24205],[1876,445]],[[55651,24852],[952,-369],[350,-278]],[[32355,39633],[-1475,747]],[[30880,40380],[120,1036],[522,883]],[[31522,42299],[389,80]],[[31911,42379],[1509,77]],[[33420,42456],[131,-1656]],[[25384,63599],[527,-648]],[[25911,62951],[-506,-384],[14,-317],[859,-528],[718,-81],[456,344]],[[28382,61354],[-1521,-870],[-650,-674]],[[26211,59810],[-439,-89]],[[25772,59721],[-771,592],[-596,-107],[-1229,836],[-380,413],[-428,-316]],[[23530,64475],[648,-423],[1206,-453]],[[38281,28468],[-259,-621]],[[35827,25539],[-195,94],[-1194,-503]],[[34013,25466],[100,186],[-639,650],[58,174]],[[33532,26476],[702,1039],[1088,737],[168,-207],[666,-63],[784,370],[751,595]],[[37691,28947],[590,-479]],[[49815,26849],[-219,126],[69,580]],[[49665,27555],[840,778],[509,153],[642,492]],[[51656,28978],[104,166]],[[68226,41507],[630,-1111],[-123,-278]],[[68733,40118],[-275,-474],[-337,249],[-134,-270]],[[67987,39623],[-222,240]],[[66867,41697],[710,-323],[649,133]],[[58311,83441],[123,-357]],[[58434,83084],[-363,-189],[113,-389],[-88,-1215],[-712,-676]],[[56309,81267],[-231,926],[66,838],[-422,662]],[[55722,83693],[226,362]],[[55948,84055],[818,480]],[[54395,80920],[-412,1787]],[[54631,83584],[520,201],[571,-92]],[[58434,83084],[461,-863],[85,-706],[-113,-852],[-657,-952]],[[49584,85597],[1846,-947],[513,62]],[[51943,84712],[158,-928]],[[52101,83784],[-1710,-663],[-561,204],[-1515,-278]],[[48315,83047],[-69,213]],[[48246,83260],[1136,850],[-661,800],[-17,459],[406,408],[474,-180]],[[21584,36854],[-449,-1238],[-323,-536]],[[20529,34567],[-492,105]],[[16745,36020],[-475,669]],[[19966,40080],[403,-691],[859,-400]],[[11760,39969],[-848,-715],[-2239,-1070]],[[8673,38184],[-923,322]],[[7750,38506],[-136,361]],[[7614,38867],[1461,355],[1777,908]],[[13874,40174],[822,-326]],[[14769,38218],[-1000,-447]],[[13769,37771],[-618,687]],[[13873,40175],[1,-1]],[[44811,87949],[-319,-678],[277,-672]],[[44848,84883],[-228,-449],[-512,-241],[-800,-42]],[[41439,85142],[62,265],[605,403],[-116,375]],[[42297,87795],[757,390],[77,617]],[[43131,88802],[1031,387]],[[44162,89189],[285,4]],[[44447,89193],[364,-1244]],[[16330,27355],[-1088,-135]],[[15242,27220],[-989,819]],[[14253,28039],[595,565]],[[14848,28604],[1208,-594]],[[6545,24632],[-2098,1754],[-236,287]],[[4211,26673],[1551,853]],[[5762,27526],[1222,846],[829,109],[243,263]],[[8056,28744],[640,352]],[[8696,29096],[1088,-183],[92,-172],[-767,-1208],[52,-342],[-620,-782],[-969,-752],[-154,-381],[-873,-644]],[[5762,27526],[-732,720],[-370,612],[-1507,-578]],[[3153,28280],[-240,755],[-2,1420],[629,1115],[588,38],[1091,552]],[[5219,32160],[-63,-749],[601,-484],[465,-591],[575,-448],[-193,-496],[425,-347],[443,17],[584,-318]],[[25933,32465],[-2109,-1336]],[[22853,31665],[-491,455],[-834,332]],[[21528,32452],[456,807]],[[22768,34402],[1312,1095]],[[24080,35497],[0,1]],[[24080,35498],[1184,-750],[926,-1091],[211,20]],[[44431,33545],[-662,-299]],[[43769,33246],[-692,-86]],[[70453,60937],[174,-560],[-215,-515]],[[51359,62684],[-42,-515],[835,-395],[408,-480],[1356,93],[-166,788]],[[53750,62175],[343,-165],[669,233],[778,-256],[1214,659]],[[56754,62646],[232,-818],[-143,-1393]],[[56843,60435],[-1138,-421],[74,-313],[1358,-274],[271,80]],[[57408,59507],[577,-193]],[[57985,59314],[-140,-230]],[[57845,59084],[-1034,-193],[-914,-784]],[[55897,58107],[-73,456],[420,590],[-656,389],[-699,-487],[-252,-495],[715,-209],[263,-388]],[[55615,57963],[-258,-62]],[[55357,57901],[-778,144],[-350,-102]],[[53021,58170],[-680,-61]],[[52341,58109],[-1204,503]],[[51052,62670],[307,14]],[[34405,62361],[844,-434]],[[34177,61002],[-531,110],[-1725,1047]],[[31921,62159],[604,774],[749,-538],[1131,-34]],[[38520,88481],[-137,225]],[[38383,88706],[-119,978],[812,644],[465,1098],[-38,715]],[[39503,92141],[344,313],[551,123]],[[40398,92577],[-480,-1918],[199,-926],[-906,-909],[-691,-343]],[[37694,75786],[891,389]],[[61461,75676],[353,-930],[119,-902],[458,-1128]],[[61182,71067],[-1177,325],[-1714,1480]],[[58291,72872],[19,1273],[599,664],[185,505],[-221,285]],[[58873,75599],[515,557],[1360,-35],[713,-445]],[[58501,75689],[372,-90]],[[58291,72872],[-848,-297],[-247,-818],[247,-472],[-623,-637]],[[56820,70648],[-2,1]],[[56818,70649],[-1202,69],[-1104,347]],[[54512,71065],[-814,405]],[[52931,72724],[372,358],[3,1055],[403,664],[68,438]],[[53777,75239],[735,604],[1117,373]],[[55629,76216],[1600,-505],[551,255],[721,-277]],[[65683,75813],[64,-661],[-140,-743]],[[61461,75676],[309,862]],[[51048,33631],[-911,-989]],[[50137,32642],[-436,177],[-909,705]],[[48792,33524],[374,583],[914,588]],[[50080,34695],[462,-371]],[[21528,32452],[-874,-640]],[[20654,31812],[-303,-55],[-564,308],[-558,27]],[[19229,32092],[-8,651],[-405,514]],[[15585,33017],[-339,-99],[-683,204],[-715,-95],[-778,-404]],[[13070,32623],[-238,102]],[[29586,34158],[-686,-805]],[[26750,33815],[-158,333],[964,634]],[[48207,65298],[263,-451]],[[48470,64847],[-722,-756]],[[47748,64091],[-913,792],[-279,598]],[[46556,65481],[636,305]],[[47192,65786],[1015,-488]],[[47748,64091],[-144,-275]],[[47604,63816],[-664,248],[-1260,-93]],[[45680,63971],[-1601,705],[-1122,352]],[[42957,65028],[537,943]],[[43494,65971],[1528,-4]],[[45022,65967],[557,80],[977,-566]],[[49592,66654],[570,-510],[624,-120],[538,-364]],[[51324,65660],[-1209,-720],[-831,46],[-814,-139]],[[48207,65298],[389,311],[-609,508],[-449,733],[309,273],[736,-169]],[[23966,17669],[-193,-700],[-641,-991]],[[23132,15978],[-2241,346]],[[20891,16324],[1458,2412]],[[50666,15512],[-560,221],[-1048,-441],[-149,72]],[[48319,16502],[613,733]],[[35077,60464],[-635,-528],[-379,-900]],[[34063,59036],[-307,-201],[-1066,38]],[[32690,58873],[-137,1097],[-1221,674],[-620,124],[-331,325]],[[31690,62387],[231,-228]],[[65510,57394],[-359,-359],[-310,240],[-580,-394],[628,-520],[531,-84]],[[65420,56277],[-54,-655],[503,-376]],[[65869,55246],[-1027,-819]],[[64842,54427],[-1322,1181],[-822,-1]],[[62698,55607],[87,318],[1177,1317]],[[42347,56464],[-497,-377],[-240,-552],[-434,-383]],[[41176,55152],[-328,-100]],[[40848,55052],[-1341,214],[-396,-96]],[[39111,55170],[-164,881],[-294,514],[278,684]],[[38931,57249],[473,186],[522,-403],[624,74],[1028,387]],[[41578,57493],[769,-1029]],[[53265,18111],[-926,-807]],[[52339,17304],[-172,-322],[-772,-79]],[[45187,17075],[-12,323],[639,944],[419,405]],[[46233,18747],[1232,-527]],[[67145,17609],[154,-340]],[[67299,17269],[-714,-504],[-934,259],[-889,-278],[-100,-678],[-965,-207]],[[33401,37778],[-3,-388],[-980,-1539]],[[30397,36266],[1397,1234]],[[31794,37500],[400,240],[345,557]],[[49246,39370],[-13,-752],[350,-408]],[[49583,38210],[-708,-310],[-778,-665],[-1043,-23]],[[44482,38201],[326,-116],[1767,499],[631,9]],[[47206,38593],[1279,265],[-22,533],[783,-21]],[[40976,38061],[-316,-637],[-284,-1001]],[[29948,36580],[-760,785],[-587,440],[-20,359]],[[28581,38164],[-91,499],[383,845]],[[28873,39508],[116,73]],[[28989,39581],[1376,-1315],[1429,-766]],[[54721,16042],[1044,-323],[-738,-902]],[[55027,14817],[-904,148],[-532,315],[-244,-175]],[[52339,17304],[1411,-817],[824,-621],[147,176]],[[39595,16704],[727,-282]],[[38674,14777],[-1860,790],[14,697],[-241,202]],[[38655,17379],[940,-675]],[[33594,13030],[-819,-213],[-1840,73],[-1001,276]],[[30861,17443],[1053,-878],[874,474]],[[32788,17039],[1983,508],[912,376]],[[35683,17923],[-1121,-2493],[-892,-1563],[-76,-837]],[[54202,17985],[426,-475],[349,-67],[160,-902],[-416,-499]],[[68216,11505],[-797,-357]],[[65991,11057],[-718,358],[-238,-133],[-509,240],[-1126,-69]],[[54075,11332],[-1126,-637],[-908,-338],[-557,-6]],[[50247,10395],[-1156,-249],[-419,-243]],[[48672,9903],[-506,355],[244,227]],[[48786,11008],[570,610],[0,339],[627,460]],[[49983,12417],[414,724],[316,-158],[493,444]],[[46702,11536],[-474,-981]],[[46228,10555],[-839,128],[-2267,835]],[[43122,11518],[655,757]],[[47886,13666],[1726,-803],[371,-446]],[[43122,11518],[-457,304]],[[42665,11822],[-831,13]],[[41834,11835],[-61,518],[-1217,227]],[[74400,11364],[-429,401],[-1026,43],[-1014,429],[-343,827],[-421,434]],[[71167,13498],[1555,301]],[[72722,13799],[1602,-488],[282,-528],[646,-481],[-852,-938]],[[44642,27072],[-851,596]],[[43791,27668],[789,780],[247,63]],[[44827,28511],[869,-547],[181,-518],[339,-243]],[[24475,28348],[-1329,-884],[-436,-437]],[[38281,28468],[1042,197]],[[39323,28665],[875,-732]],[[42542,28653],[323,-524],[640,-463],[286,2]],[[41696,28186],[136,487]],[[64706,26818],[-714,-83],[-257,-276],[-1860,-835]],[[58829,24650],[440,626],[29,691],[-840,1269],[-546,267]],[[57912,27503],[1195,715],[691,633]],[[59798,28851],[1467,-629],[639,409],[370,-534],[607,191],[841,-618]],[[53657,9690],[927,1443]],[[38520,88481],[-149,-148]],[[38159,87956],[-1100,-244],[318,-1277]],[[32683,84013],[-364,-231]],[[31349,84406],[1158,404],[546,338],[-78,306]],[[32975,85454],[916,1164]],[[34209,87126],[998,-248],[1174,80],[159,567],[-336,99],[-222,-427],[-357,63],[333,666],[73,535],[856,615],[260,-355],[497,136],[739,-151]],[[9426,31034],[351,-1132],[22,-632]],[[9799,29270],[-953,38]],[[8846,29308],[73,351],[-338,502],[-1060,1026],[-147,276]],[[7374,31463],[2052,-429]],[[25772,59721],[-576,-594],[-647,9]],[[24549,59136],[-699,333]],[[46124,58736],[-719,-1383],[-651,-470]],[[44754,56883],[-234,110],[259,557],[-104,473],[231,560],[-417,1720],[-381,775]],[[44108,61078],[958,488]],[[45066,61566],[928,-526],[829,389],[1103,-507]],[[36018,58043],[-829,-711],[-744,-322],[-437,-545]],[[34008,56465],[-581,222],[-377,841],[-862,444]],[[32188,57972],[139,541],[363,360]],[[34063,59036],[1170,-491],[785,-502]],[[56225,56842],[-256,16]],[[55969,56858],[-503,353],[-109,690]],[[55615,57963],[282,144]],[[57845,59084],[311,-306]],[[43900,56923],[-1553,-459]],[[41578,57493],[-304,727]],[[42384,59386],[1651,-994],[86,-689],[-221,-780]],[[41286,19079],[-289,-538],[454,-491]],[[41451,18050],[-575,65],[-409,-256],[-550,328]],[[39917,18187],[-715,472],[532,339]],[[33100,19031],[-312,-1992]],[[71440,17234],[-804,-501],[-1077,-981],[-577,501],[-856,27]],[[68126,16280],[-267,565],[-560,424]],[[4791,38283],[-144,-1167]],[[4647,37116],[-1230,-1032],[-253,210],[-672,-167]],[[842,35491],[139,493],[-341,623],[-454,353]],[[47192,65786],[-518,432]],[[46674,66218],[718,809],[151,431]],[[49975,6499],[93,-477],[-1148,-700],[46,-575],[-315,-10]],[[47986,7626],[152,61]],[[42447,6394],[-1645,-497],[-391,-615],[-1569,50]],[[61971,3074],[-473,-1357],[-568,-1219],[-403,-391],[-487,-107],[-1819,252],[-1923,665]],[[56298,917],[482,1122],[812,761],[491,280]],[[58083,3080],[1316,252],[850,-307],[453,99],[1269,-50]],[[44011,5857],[161,-640],[-130,-752]],[[42249,2298],[-1396,278],[-1131,674],[-318,856],[-537,407],[-712,260]],[[56447,6927],[-730,-438],[-387,-464],[14,-656],[572,-383],[370,-1047],[812,-602],[985,-257]],[[56298,917],[-692,314],[-1819,1257],[-646,814],[-480,294],[-1274,-367],[-1278,-716],[-1183,-857],[-725,-136]],[[47519,31879],[-585,-353],[-443,-771]],[[45105,31402],[212,825],[715,441]],[[46875,33135],[644,-1256]],[[8846,29308],[-150,-212]],[[5219,32160],[1998,930]],[[7217,33090],[157,-1627]],[[33355,28845],[-460,-808]],[[32895,28037],[-683,-481],[-1214,-620]],[[30290,29871],[483,-212],[519,102],[342,382]],[[31634,30143],[603,91]],[[32237,30234],[754,-654],[22,-512],[342,-223]],[[47851,30020],[-14,-682],[-623,-585]],[[47214,28753],[-303,0],[-814,530]],[[46856,30292],[995,-272]],[[39323,28665],[-174,1065],[241,397]],[[39390,30127],[362,207]],[[39752,30334],[649,-259]],[[62681,6329],[-228,-1827],[-482,-1428]],[[19026,47210],[487,-537],[658,-412]],[[20171,46261],[-427,-696]],[[16689,46363],[90,427]],[[17714,47587],[996,-527],[316,150]],[[40848,55052],[-115,-869],[-303,-395]],[[40430,53788],[-215,315],[-1206,184],[-193,135]],[[38816,54422],[-24,423]],[[38792,54845],[319,325]],[[18351,55245],[532,-320]],[[18883,54925],[632,-319]],[[19515,54606],[141,-1227],[-675,-860]],[[18981,52519],[-850,-321],[-263,646],[-311,228]],[[17557,53072],[-528,-141],[-673,140]],[[16356,53071],[-494,835]],[[15862,53906],[687,133],[345,366]],[[35625,55279],[937,-727],[1063,-109]],[[37625,54443],[-374,-664],[-79,-479],[275,-660],[-348,-403]],[[37099,52237],[-1100,199]],[[35999,52436],[-203,308],[-969,670]],[[34827,53414],[32,525]],[[34859,53939],[694,779],[-419,250],[0,438]],[[35134,55406],[491,-127]],[[18450,21435],[-586,-30],[-1297,206]],[[19724,27251],[542,606]],[[20266,27857],[9,7]],[[32784,25938],[-264,290],[-1030,-158],[-906,564]],[[32895,28037],[409,-477],[228,-1084]],[[15242,27220],[-917,-586],[-655,-876],[-598,-1213],[-33,-665]],[[13039,23880],[-1109,-156],[-871,200]],[[11059,23924],[748,1035],[681,438],[797,1235],[214,829]],[[13499,27461],[754,578]],[[49473,26272],[-889,709],[-772,442],[-769,-142],[-337,-246]],[[46544,27161],[700,468],[296,495]],[[47540,28124],[2125,-569]],[[43888,30154],[-592,165],[-874,36]],[[42398,30508],[397,338],[65,488]],[[42860,31334],[707,477]],[[43567,31811],[1063,-240],[177,-401]],[[48580,31757],[-661,-1062],[-68,-675]],[[47519,31879],[1061,-122]],[[7614,38867],[-536,783]],[[8562,41298],[1114,-255]],[[29261,24710],[73,653],[-328,65]],[[36545,49088],[576,-366]],[[35120,45888],[-381,271],[-101,640],[-478,-313],[226,-447],[-1074,62],[33,664],[-270,304]],[[33075,47069],[555,1543],[749,935],[733,439]],[[23749,26689],[-181,-751],[291,-1067],[-520,-739],[228,-395]],[[23567,23737],[-1251,-51],[-589,-661]],[[23454,26763],[295,-74]],[[29457,89269],[-611,-323],[339,-125],[339,-811]],[[29524,88010],[-501,-699],[-458,-109],[-720,378],[-431,-203],[-39,-496],[-335,38]],[[27040,86919],[-598,137],[-331,325],[-822,73],[-656,486],[63,716],[2584,-7],[573,-178],[279,661],[734,215],[591,-78]],[[44880,89362],[-433,-169]],[[44162,89189],[-493,690],[366,1368],[-129,178]],[[43906,91425],[1163,320],[269,324]],[[45338,92069],[128,-1074],[-48,-801],[-538,-832]],[[55629,76216],[-368,490]],[[55261,76706],[-60,575]],[[57734,78140],[434,-332],[459,-851],[-126,-1268]],[[61644,78834],[149,-704],[405,-873]],[[58343,79432],[1169,-297],[2132,-301]],[[66117,81226],[158,-305]],[[66275,80921],[-630,-746],[-69,-464],[1578,-1270]],[[67154,78441],[-216,-250]],[[65077,77347],[-875,1284],[-1014,1137]],[[63188,79768],[45,582]],[[63233,80350],[1768,1016]],[[65001,81366],[315,-216],[437,197],[364,-121]],[[31247,71512],[-616,-1485],[-440,-780]],[[30191,69247],[-641,1239],[46,1032],[522,518]],[[49039,88633],[419,-345]],[[47894,87941],[130,148],[-570,853]],[[47454,88942],[1001,-541],[584,232]],[[16356,53071],[-570,-235],[-59,-340],[-934,-354],[-1024,-591]],[[13769,51551],[-360,521],[-498,292],[861,843],[898,295],[844,635],[348,-231]],[[69635,54317],[430,-126],[227,-454],[-946,-453],[-263,-361],[144,-735],[-634,-540]],[[68593,51648],[-936,94],[-88,362],[97,1513]],[[67666,53617],[452,-128],[276,252]],[[68394,53741],[591,24],[70,558],[580,-6]],[[40430,53788],[-244,-553],[352,-418]],[[40538,52817],[-523,-657],[574,-423],[9,-453],[-1031,-768],[-161,-755]],[[39406,49761],[-485,610],[-665,157],[-1189,647]],[[37067,51175],[323,755],[-291,307]],[[37625,54443],[1167,-160],[24,139]],[[26765,53512],[-310,-516],[-528,-340]],[[25927,52656],[-379,118],[-218,-423],[-576,-14],[-447,437]],[[24307,52774],[71,31]],[[24378,52805],[724,848],[1167,919]],[[62537,53147],[-165,-876],[-472,-311],[-2223,335],[-168,-134]],[[59509,52161],[-42,258],[618,510],[-51,299],[684,620],[266,42]],[[60984,53890],[651,734]],[[61635,54624],[456,-348],[446,-1129]],[[19229,32092],[-396,-452],[-16,-369],[-459,-561]],[[17700,30094],[-1138,213]],[[16562,30307],[114,612],[345,286],[-335,664],[-308,87],[-357,1174]],[[67789,32368],[-242,533],[455,1069]],[[68002,33970],[851,-419]],[[50137,32642],[-793,-679],[-764,-206]],[[46853,33305],[878,609],[461,4],[600,-394]],[[64757,32976],[-184,-880],[-679,-77],[-102,-232]],[[63792,31787],[-481,-186],[-1170,213],[-82,290]],[[64210,34194],[170,-205]],[[12403,32393],[-228,-544]],[[12175,31849],[-474,-205],[-795,111]],[[10906,31755],[-1711,794],[-1338,910]],[[7857,33459],[719,449],[236,329]],[[39462,83237],[-804,-883],[-1357,354]],[[37494,83460],[-5,1337]],[[40845,85251],[-826,-949],[-757,-566],[200,-499]],[[43981,69037],[-112,-316],[299,-434]],[[44168,68287],[262,-591],[-265,-399]],[[44165,67297],[-313,-164],[-1306,89],[227,-736]],[[42773,66486],[-607,639],[-206,423],[22,765],[237,404],[-784,-244],[139,366],[-220,460],[723,439]],[[38843,67772],[191,-1107],[-98,-842],[582,-968],[1819,-107],[843,-189]],[[42180,64559],[-374,-793],[-867,-96]],[[40939,63670],[-64,250],[-2039,105],[-585,480],[-2070,-142]],[[36181,64363],[-889,688]],[[35292,65051],[-227,476],[-686,144]],[[34774,67382],[437,1835]],[[35211,69217],[199,-138],[986,183],[1171,470],[849,-1065],[427,-895]],[[38765,31621],[-142,-336]],[[38623,31285],[-50,-153]],[[38573,31132],[-736,827],[-539,-140],[-377,195],[-910,-505]],[[36011,31509],[-683,1026]],[[35328,32535],[487,60],[490,606]],[[37564,33208],[174,-385],[510,-238],[517,-964]],[[35312,32549],[16,-14]],[[36011,31509],[-56,-124]],[[34612,30176],[-678,-337]],[[33934,29839],[-304,608],[-485,475],[-774,66]],[[32371,30988],[201,343]],[[34895,91451],[296,-826],[-75,-833],[230,-213],[-892,-690]],[[31748,89719],[1106,1885],[1189,114],[852,-267]],[[34895,91451],[439,352],[42,646],[625,507],[713,968],[2251,-551],[152,-493],[-203,-319],[589,-420]],[[70842,31663],[-353,-661],[322,-424]],[[70811,30578],[-782,116],[-279,223],[-537,-52]],[[69213,30865],[-85,363]],[[70334,32295],[508,-632]],[[60066,30970],[-203,-171],[-1022,-241],[-345,-500],[-612,-407],[129,-730],[-415,-1160]],[[57598,27761],[-509,-379],[-1366,-579]],[[55233,30060],[1106,399],[555,703],[859,862],[11,179]],[[57764,32203],[408,122]],[[20924,30686],[3,573],[-273,553]],[[27595,28841],[-1336,932],[-590,-338],[-1067,-185]],[[51561,31968],[-305,-434]],[[51256,31534],[159,-718],[-243,-1124],[484,-714]],[[47540,28124],[-326,629]],[[50137,32642],[550,-379],[874,-295]],[[37881,70882],[1081,-1794]],[[38962,69088],[48,-701],[571,170],[-120,-354],[-618,-431]],[[35211,69217],[259,617],[-91,547]],[[35379,70381],[986,283],[820,-79],[695,300]],[[34865,70580],[514,-199]],[[35211,69217],[-776,355],[-780,609]],[[33655,70181],[328,727]],[[33983,70908],[520,1],[362,-329]],[[56818,70649],[-123,-563],[-453,-946]],[[56242,69140],[-418,-362],[-1639,-347],[46,-555],[-871,-384],[93,-308]],[[53453,67184],[-875,2],[-498,523],[-598,-169]],[[51482,67540],[-314,782]],[[51168,68322],[425,453],[837,76],[86,812]],[[52516,69663],[1601,1061],[395,341]],[[26822,18805],[687,-539]],[[25538,14844],[-1514,829],[-892,305]],[[43214,17039],[1144,1079],[53,271]],[[45769,18957],[464,-210]],[[38842,18995],[-254,-689]],[[39917,18187],[-379,-754],[284,-350],[-227,-379]],[[55811,14698],[-784,119]],[[46630,44611],[322,-566],[75,-561],[716,50],[-9,-300],[569,-211]],[[47623,41512],[-417,-214],[-1237,-80],[-459,-422],[-112,-823]],[[45398,39973],[-21,-420],[-412,-219],[-641,37]],[[43763,40788],[898,928],[242,876],[519,835],[141,599],[342,219]],[[45905,44245],[262,-254],[273,381],[-332,306],[522,-67]],[[10899,43865],[-296,217]],[[42505,41282],[192,657],[1197,876],[667,1080],[149,434]],[[44710,44329],[357,48],[62,544]],[[45129,44921],[776,-676]],[[6923,42579],[675,602],[706,963],[894,944]],[[68719,70602],[-395,-563],[-987,-709]],[[64990,35871],[343,-424]],[[44889,9335],[434,-208]],[[44544,9445],[345,-110]],[[37124,5263],[-685,162],[-1092,449],[-411,379],[-86,790],[146,642],[584,735],[1406,1269]],[[69355,9015],[-711,-406],[-338,269],[-823,197],[-664,-418],[-171,161]],[[66781,9643],[477,-88],[1839,189]],[[69097,9744],[258,-729]],[[49039,8528],[-459,39],[-180,569],[272,767]],[[70389,10074],[-245,-818],[-789,-241]],[[69097,9744],[160,932]],[[69257,10676],[1132,-602]],[[67737,10757],[889,117],[631,-198]],[[44889,9335],[1196,950],[143,270]],[[42142,10204],[707,1046],[-363,265],[179,307]],[[41028,11054],[806,781]],[[60736,31330],[50,-1796],[-119,-260],[-869,-423]],[[57912,27503],[-314,258]],[[51256,31534],[1569,-1074]],[[32371,30988],[-134,-754]],[[31634,30143],[-566,293],[-519,547]],[[37302,29388],[389,-441]],[[33355,28845],[579,994]],[[23567,23737],[457,-454]],[[21309,20125],[-516,775]],[[43910,21960],[-662,168],[-1054,779]],[[61941,38565],[-89,-603],[-805,-542]],[[61047,37420],[-747,221],[-993,-322],[-14,-1302],[-286,-561],[-5,-637]],[[57718,33729],[-432,164],[-343,660],[220,527],[436,48],[300,351],[218,1196],[-414,684],[-616,184]],[[58409,39557],[-280,447],[429,209],[-302,724]],[[58256,40937],[446,514]],[[55663,52881],[-363,-751],[-396,-275]],[[54904,51855],[-730,783]],[[54174,52638],[660,897]],[[54834,53535],[829,-654]],[[29542,52668],[218,-438]],[[29760,52230],[-995,-1379],[-66,-351]],[[27923,50520],[-908,338],[-377,-31],[73,-742],[-495,54],[-468,724],[446,1210],[-267,583]],[[45424,52444],[-379,-511]],[[45045,51933],[-1877,-328]],[[43168,51605],[-215,644],[538,924]],[[43491,53173],[479,429]],[[43970,53602],[1454,-1158]],[[45734,68178],[-434,-912],[896,-849],[478,-199]],[[45022,65967],[-108,642],[-566,354],[-183,334]],[[44168,68287],[1566,-109]],[[51482,67540],[-469,-813],[246,-444],[639,-547]],[[51898,65736],[-574,-76]],[[50931,68390],[237,-68]],[[16157,50877],[-959,116],[-171,-219]],[[15027,50774],[-632,-309]],[[13342,50855],[427,696]],[[17557,53072],[-313,-1144],[-1087,-1051]],[[43168,51605],[-262,-485]],[[42906,51120],[-701,-734],[-435,-1783]],[[40487,48592],[-149,366],[-440,119],[20,493],[-512,191]],[[40538,52817],[1568,1082]],[[42106,53899],[1006,-362],[379,-364]],[[60530,89831],[-100,-737],[-447,-625]],[[59983,88469],[-739,-202],[-1126,290],[-185,252],[571,898],[296,198]],[[37839,11263],[-15,989]],[[37824,12252],[135,191]],[[69264,50173],[-194,202],[-901,-313],[-695,247]],[[67474,50309],[458,318],[91,509]],[[68023,51136],[541,333]],[[68564,51469],[583,-226],[708,560],[547,-31],[-361,-636],[-392,-312],[-385,-651]],[[47740,49492],[-440,-63]],[[46069,50301],[263,189],[186,796],[668,642]],[[47186,51928],[490,-252],[1070,-902]],[[44547,50225],[-917,218],[-724,677]],[[45045,51933],[263,-1026]],[[34148,51697],[541,-366]],[[34689,51331],[1354,-637]],[[33075,47069],[-411,-206]],[[32664,46863],[-435,376],[-788,-194]],[[31441,47045],[-798,-31]],[[30643,47014],[-622,749],[-568,249]],[[29453,48012],[447,469],[581,293]],[[30481,48774],[1671,2290]],[[32152,51064],[449,567],[-22,385]],[[32579,52016],[1026,-288],[543,-31]],[[30481,48774],[-359,373],[-883,375]],[[29760,52230],[647,-365],[436,208],[199,-284],[1110,-725]],[[38931,57249],[-270,148],[-715,-107],[-309,431],[-64,515],[-353,363]],[[24549,59136],[-250,-394]],[[24299,58742],[-435,-339]],[[69001,58418],[-629,-516],[-1029,399]],[[67151,58938],[632,688],[422,98]],[[26211,59810],[538,-811]],[[26749,58999],[-176,-581]],[[25459,58277],[-529,419],[-631,46]],[[59047,52021],[-385,-271]],[[58662,51750],[-1110,-327],[-463,-788]],[[57089,50635],[-1955,845]],[[55134,51480],[-230,375]],[[55663,52881],[681,354]],[[56344,53235],[1188,-38],[1048,-662],[467,-514]],[[55134,51480],[-808,-670],[-58,-290],[-696,-601],[-396,-52],[450,-430],[-743,-403],[217,-643],[332,-283]],[[53432,48108],[-802,-551],[-370,-23]],[[52260,47534],[-890,616]],[[50131,50226],[994,541],[1147,1302],[175,458],[-125,576]],[[52322,53103],[491,173],[1361,-638]],[[45734,68178],[649,-94],[807,432]],[[41451,18050],[247,-89]],[[41698,17961],[281,-527]],[[41979,17434],[-821,-867]],[[43214,17039],[75,292],[-374,524],[-625,-250],[-592,356]],[[15479,29382],[544,647],[539,278]],[[44258,29149],[-630,-455],[-1080,377]],[[38476,30414],[914,-287]],[[13310,29332],[-496,-211],[-133,-353],[-488,-320]],[[12193,28448],[-990,406],[-456,-87],[-327,439]],[[10420,29206],[1375,1306]],[[11795,30512],[684,-76],[685,-785]],[[64960,35904],[639,695],[607,240],[-156,829]],[[66050,37668],[556,-322],[877,-88]],[[25033,37315],[-364,-938],[-589,-879]],[[24080,35497],[-407,373],[-2089,984]],[[22454,37721],[921,-79],[1658,-327]],[[64631,36515],[78,1109]],[[65659,37866],[391,-198]],[[70852,27469],[847,-652]],[[71699,26817],[526,-442]],[[72225,26375],[-626,-674],[-111,-823],[54,-723],[261,-218]],[[71803,23937],[-536,-969]],[[56046,26463],[1015,23],[496,378],[-40,346],[395,293]],[[25128,22833],[-61,1692],[-398,962],[401,1285],[-4,437],[291,461],[595,148]],[[25952,27818],[1367,-723]],[[4211,26673],[-1058,1607]],[[13874,40174],[166,1055],[667,571]],[[23055,42174],[183,-507],[384,47],[518,-313]],[[22884,40606],[-1087,1252]],[[21797,41858],[1110,416]],[[22907,42274],[148,-100]],[[21171,42357],[626,-499]],[[38380,42381],[488,-306],[249,-642]],[[36268,40585],[-258,408],[248,577],[-379,245]],[[35879,41815],[302,216],[-288,280]],[[35893,42311],[513,461]],[[70573,42621],[-107,-1281],[102,-580]],[[69732,39962],[-999,156]],[[68226,41507],[472,236],[-155,421],[676,741]],[[69219,42905],[1354,-284]],[[30880,40380],[-707,-441],[-805,-46],[-379,-312]],[[28873,39508],[-693,492],[-520,717]],[[28088,42193],[530,116],[786,570]],[[29404,42879],[654,-106],[418,162]],[[30476,42935],[1046,-636]],[[49589,77748],[-252,-320],[997,-789],[-102,-502],[320,-381],[952,412],[962,-281]],[[52466,75887],[-1517,-1495]],[[53319,76359],[-853,-472]],[[49912,77897],[283,-93],[376,-598],[759,-169],[395,141],[1006,-240],[567,-345],[21,-234]],[[31704,77954],[436,-601],[-504,-731]],[[30893,77041],[-142,524],[383,392]],[[31134,77957],[570,-3]],[[43815,21645],[-389,-940]],[[55969,56858],[-559,-337],[-893,-776]],[[54517,55745],[-400,377]],[[72562,60724],[-556,-847],[-1182,-518]],[[71825,61194],[737,-470]],[[29694,60712],[-674,-767]],[[28161,59188],[-677,16],[-735,-205]],[[34996,83225],[240,-633],[-221,-150],[116,-625],[301,-8],[-25,-1217]],[[35407,80592],[-145,-136]],[[35262,80456],[-702,-64],[-320,464],[651,346],[-313,637],[-335,-156],[-569,773],[-446,-395],[-393,428],[-325,-9]],[[68126,16280],[-1583,-919]],[[65468,26672],[-15,-678],[255,-246]],[[13373,22026],[-826,188]],[[12547,22214],[492,1666]],[[44821,28776],[6,-265]],[[20266,27857],[-387,381],[-920,381]],[[19943,29319],[967,-666]],[[13499,27461],[-310,320],[-704,292],[-292,375]],[[9799,29270],[621,-64]],[[11059,23924],[-308,-1143]],[[10751,22781],[-304,186],[-668,-50],[-726,744],[-1199,426],[-819,187],[-490,358]],[[25952,27818],[-474,309]],[[25478,28127],[-670,453]],[[70811,30578],[766,-522]],[[71577,30056],[-802,-836],[-1156,-906]],[[69619,28314],[-889,1097],[-178,483],[613,634],[48,337]],[[10451,30965],[883,-363],[429,104]],[[11763,30706],[32,-194]],[[9426,31034],[556,-161],[469,92]],[[69619,28314],[-39,-209]],[[38444,30627],[129,505]],[[38623,31285],[310,-7],[552,-466],[267,-478]],[[10451,30965],[10,574],[445,216]],[[12175,31849],[363,-254],[-95,-604],[-680,-285]],[[20430,30235],[-570,116],[-427,-223]],[[43700,32157],[-133,-346]],[[42860,31334],[-181,301]],[[42679,31635],[335,328],[686,194]],[[53167,30649],[1426,1048]],[[54593,31697],[643,-321],[720,411],[643,878]],[[56599,32665],[1165,-462]],[[13070,32623],[885,-406],[607,-608],[-66,-1013]],[[43700,32157],[453,211],[187,402],[-571,476]],[[54593,31697],[261,783],[961,962]],[[55815,33442],[601,140],[241,-462],[-447,-230],[389,-225]],[[52379,32823],[-818,-855]],[[54506,34317],[430,-129],[-57,-293],[936,-453]],[[51049,37543],[628,-329]],[[51677,37214],[-500,-83],[-331,-639],[-963,-1162],[197,-635]],[[46497,33913],[960,937],[1207,925],[585,889],[5,575],[329,971]],[[49583,38210],[438,49],[-342,-384],[651,52],[719,-384]],[[35752,36526],[-235,194],[-25,639]],[[25033,37315],[464,220],[325,785],[391,137]],[[26213,38457],[66,-217],[685,-138],[304,308],[516,-192],[326,278],[471,-332]],[[13769,37771],[-849,-913],[-1049,-413]],[[10915,36375],[-6,2]],[[35893,42311],[-346,12],[-817,460]],[[65746,46896],[-160,-243],[123,-1009],[635,-1056],[-108,-441],[495,-560]],[[64822,45323],[260,771],[-3,682]],[[65079,46776],[667,120]],[[68318,45969],[-212,-496],[-1033,-736],[-103,-1005]],[[65746,46896],[922,-211],[19,132]],[[66687,46817],[515,157]],[[67202,46974],[714,-855],[402,-150]],[[70840,45076],[-561,484]],[[70279,45560],[487,545],[456,141]],[[71222,46246],[383,-12],[1201,480],[393,276]],[[73199,46990],[591,-307]],[[73790,46683],[-75,-288],[-823,-935],[-13,-402]],[[25911,62951],[696,164],[713,-629]],[[50162,56808],[35,-3]],[[50197,56805],[1105,-595]],[[51302,56210],[37,-157],[-1048,-939],[-151,-421],[357,-792]],[[50497,53901],[-97,-735]],[[50400,53166],[-298,247],[-389,783],[-780,364]],[[49385,56651],[777,157]],[[56818,55217],[-684,-1107],[95,-314]],[[56229,53796],[-1199,-73]],[[55030,53723],[-470,1353],[-415,285],[372,384]],[[22376,53681],[-279,-92],[-1220,523],[-362,-131],[-296,309],[-704,316]],[[18883,54925],[592,735],[38,413],[880,435]],[[20393,56508],[704,471],[909,-424],[675,-139]],[[41579,71297],[-323,-496],[190,-361],[711,-9]],[[42037,69944],[-308,72],[-1137,-773],[-530,211],[-1100,-366]],[[51849,70858],[-219,-579],[235,-441],[651,-175]],[[48435,69685],[-97,236]],[[48338,69921],[462,831],[486,1170]],[[31699,70994],[-382,-498],[414,-948],[73,-1246],[-97,-564]],[[31570,67431],[-929,-346]],[[30641,67085],[-311,277]],[[30330,67362],[202,673],[-334,732],[-7,480]],[[26787,71777],[495,-424]],[[27282,71353],[-359,-639]],[[26923,70714],[-490,-21]],[[26433,70693],[-1479,1201]],[[24954,71894],[378,572]],[[48338,69921],[-376,150]],[[49951,57886],[262,-301],[-51,-777]],[[34008,56465],[7,-113]],[[34015,56352],[-641,-1353],[5,-291]],[[33379,54708],[-717,-764]],[[32662,53944],[-431,-633]],[[32231,53311],[-528,272],[-763,-2],[-651,-377],[-237,134]],[[53162,56681],[-323,-232],[-454,245],[-555,-601],[-528,117]],[[50197,56805],[1196,815],[948,489]],[[68044,57174],[-467,235],[-844,-14],[-645,-701]],[[66088,56694],[-475,60]],[[65613,56754],[235,500]],[[61644,78834],[447,646],[1097,288]],[[56539,41551],[586,-549],[1131,-65]],[[68561,78884],[-468,-4],[-939,-439]],[[66275,80921],[1342,-252],[-52,-285],[708,-494],[288,-1006]],[[70481,79267],[-271,-1085],[470,-312]],[[70680,77870],[-389,-176],[-768,25]],[[69523,77719],[-497,819],[-465,346]],[[66117,81226],[1255,755]],[[67372,81981],[1581,1027]],[[68953,83008],[776,-1158],[408,-1657],[344,-926]],[[32981,71550],[236,-47],[473,-745],[293,150]],[[33655,70181],[-349,-65]],[[33306,70116],[-796,962]],[[40671,32848],[-351,-394],[-811,-334],[-744,-499]],[[37685,34195],[635,293]],[[25074,46041],[375,-341],[626,-116],[289,-470]],[[24848,43505],[-18,3]],[[23694,44598],[-88,282],[785,222],[-362,260],[-573,-57]],[[23456,45305],[-455,734],[273,362]],[[47163,47340],[-363,-36],[-695,-551]],[[46105,46753],[103,525],[-347,428]],[[15698,48052],[-1239,902],[-140,281]],[[14319,49235],[616,246]],[[14935,49481],[501,-357],[161,233],[624,-179],[322,-445]],[[18981,52519],[-59,-472],[579,-613]],[[19501,51434],[-1134,-1203],[-381,-1206]],[[17653,49174],[-313,907],[-1076,534],[-107,262]],[[63792,52732],[-180,-1020],[348,-487],[363,105],[303,-327]],[[64626,51003],[-1501,-719],[-626,231],[-168,-575],[-573,-50],[285,-950],[439,-547]],[[62482,48393],[-426,-272]],[[59972,49038],[-35,576],[-1112,1432],[-163,704]],[[59047,52021],[462,140]],[[62537,53147],[764,-494],[491,79]],[[26841,67164],[529,-320],[511,48]],[[27127,65119],[-1044,-693],[-174,-420],[-525,-407]],[[23530,64475],[329,506],[385,1143],[830,472],[816,781]],[[53453,67184],[600,-599]],[[54053,66585],[-655,-1116],[-307,-184]],[[53091,65285],[-513,348],[-680,103]],[[61047,37420],[-85,-484]],[[60962,36936],[-112,-295],[-693,-320],[199,-297],[-177,-573]],[[64228,37839],[-1291,-1534]],[[62192,36682],[-168,354]],[[62024,37036],[962,1002]],[[52320,35803],[268,160],[529,1000],[85,687],[-127,568],[278,752],[620,777]],[[7750,38506],[199,-617],[-532,23],[-345,-480]],[[7072,37432],[-1259,-503],[-626,-145],[-540,332]],[[67987,39623],[294,-430],[-254,-267],[44,-675],[-294,-800],[85,-280]],[[10053,36864],[-1380,1320]],[[71443,37607],[-1100,-61],[-441,-388],[-1078,344],[-344,-535]],[[68480,36967],[-465,-101]],[[43900,56923],[443,-335]],[[44343,56588],[385,-755],[596,-468]],[[45085,54878],[-628,-530],[-487,-746]],[[42106,53899],[-930,1253]],[[18457,56723],[683,221]],[[19140,56944],[-47,-438],[622,-105],[585,282],[93,-175]],[[60850,56150],[-121,-160],[674,-1002]],[[61403,54988],[232,-364]],[[60984,53890],[-1795,1553],[-531,20]],[[59791,57195],[408,-220]],[[62698,55607],[-746,-497],[-549,-122]],[[7217,33090],[640,369]],[[53638,64163],[77,-430],[-188,-1403],[223,-155]],[[51359,62684],[917,1334],[631,688]],[[52907,64706],[731,-543]],[[31915,64546],[197,-438],[-40,-635],[-451,-659]],[[30763,64771],[906,-2],[246,-223]],[[45680,63971],[238,-723],[-265,-937],[-587,-745]],[[44108,61078],[-1427,106]],[[40742,63293],[197,377]],[[42180,64559],[777,469]],[[36181,64363],[302,-910]],[[36483,63453],[-370,-285],[-1678,-349],[-30,-458]],[[31915,64546],[426,198]],[[32341,64744],[1183,-362],[561,589]],[[34085,64971],[1207,80]],[[35792,80583],[-46,-665],[-1006,-1648],[-126,-739]],[[31704,77954],[593,395],[-35,576]],[[32262,78925],[580,-54],[718,478],[652,108],[731,420],[319,579]],[[35407,80592],[385,-9]],[[35792,80583],[538,-88],[-202,-440],[828,-125],[20,636],[595,541]],[[37571,81107],[439,-742]],[[32262,78925],[-666,544],[-1099,0],[-337,162]],[[30160,79631],[582,890],[612,612],[19,325]],[[37571,81107],[-395,1292]],[[39462,83237],[825,-705],[417,-68]],[[53565,79682],[-620,-105],[-1011,-474],[-985,-335],[-1248,-3]],[[49701,78765],[-360,5],[-596,1054],[-524,175],[-962,-80],[-575,180]],[[47072,81916],[733,872],[510,259]],[[52211,35829],[-892,319],[1013,524],[-655,542]],[[51049,37543],[-427,652],[710,284],[389,660],[917,883],[1086,262]],[[25886,39612],[545,-579],[-218,-576]],[[50057,40304],[-657,-255],[146,-281],[-300,-398]],[[47206,38593],[-1071,1135],[-737,245]],[[52883,41593],[72,53]],[[21891,43011],[428,-60],[588,-677]],[[57166,43016],[990,-387],[562,143],[238,439]],[[67650,43088],[523,285],[372,-40],[674,-428]],[[27496,42665],[-309,618],[-744,231]],[[28065,44028],[1339,-1149]],[[24039,43316],[-984,-1142]],[[21968,43455],[702,838]],[[22670,44293],[209,-236]],[[31020,43880],[59,-228],[-603,-717]],[[28410,44386],[825,46]],[[29235,44432],[375,-384],[343,171],[368,-372],[699,33]],[[40834,44579],[202,-728],[-721,-1223]],[[32766,43512],[-338,-146],[-680,-769],[163,-218]],[[31020,43880],[1186,982],[132,951],[386,405],[-60,645]],[[63364,45497],[-249,74],[61,575]],[[63176,46146],[933,1006]],[[64109,47152],[970,-376]],[[29235,44432],[1678,1396],[528,1217]],[[64842,54427],[-213,-180],[-135,-1040]],[[64494,53207],[-702,-475]],[[24378,52805],[-102,365],[-1015,572]],[[68844,55748],[-131,-314]],[[68713,55434],[-552,-181],[-55,-286],[-510,-55],[1164,-431],[-483,-613],[117,-127]],[[67666,53617],[-878,274],[-712,-35],[-147,-213]],[[65929,53643],[-960,-84],[-475,-352]],[[65869,55246],[567,507],[215,487]],[[66651,56240],[452,-171]],[[70279,45560],[-739,-251],[-662,-1113],[-923,-749],[-585,-53]],[[68318,45969],[459,51],[908,915],[780,460]],[[70465,47395],[757,-1149]],[[49897,46825],[-599,-1157],[266,-425]],[[46630,44611],[459,682],[-598,1216],[-386,244]],[[23456,45305],[-786,-1012]],[[20171,46261],[338,814],[838,526]],[[21347,47601],[775,-502]],[[52260,47534],[224,-184],[-151,-435],[-764,-177],[-448,-373],[23,-440],[-343,-423],[-259,103],[-412,-480]],[[20246,48014],[1104,-411]],[[21350,47603],[-3,-2]],[[19026,47210],[19,338],[876,590],[325,-124]],[[26781,47319],[248,-684],[389,-144],[-112,-537],[118,-775]],[[26095,47738],[583,378],[103,-797]],[[53432,48108],[636,141],[564,-308],[322,408],[700,-415],[793,-7]],[[63734,48295],[375,-1143]],[[63176,46146],[-745,272]],[[62482,48393],[675,-444],[577,346]],[[30643,47014],[-784,-818],[-592,-930],[-405,-365]],[[27920,44952],[624,912],[341,1171],[-329,560],[38,478]],[[28993,48401],[460,-389]],[[70160,47750],[305,-355]],[[67202,46974],[685,507],[117,430],[-234,255],[301,364]],[[68071,48530],[693,109]],[[68764,48639],[714,-545],[682,-344]],[[63734,48295],[821,359]],[[64555,48654],[790,-211],[601,-362],[594,-825],[147,-439]],[[13447,48789],[341,546]],[[13788,49335],[531,-100]],[[64555,48654],[423,151],[506,498],[53,378]],[[65537,49681],[811,-682],[1723,-469]],[[71222,49566],[484,-333],[332,-679]],[[72038,48554],[-1108,-239],[-587,-264],[-183,-301]],[[68764,48639],[496,1087]],[[69260,49726],[1088,-445],[874,285]],[[23777,49937],[-460,-682],[191,-221]],[[21350,47603],[497,666],[-95,337],[800,1369],[439,220]],[[69264,50173],[-4,-447]],[[65537,49681],[159,446]],[[65696,50127],[329,-217],[1015,-77],[434,476]],[[13695,49477],[93,-142]],[[11089,49228],[991,1165]],[[65993,50408],[-297,-281]],[[64626,51003],[274,1],[651,-527],[442,-69]],[[22932,50871],[206,-252]],[[20246,48014],[684,1515],[452,649],[763,617]],[[22145,50795],[787,76]],[[14935,49481],[92,1293]],[[43366,47900],[-327,162]],[[36485,50663],[582,512]],[[65993,50408],[161,949]],[[66154,51357],[269,110],[1600,-331]],[[57089,50635],[-231,-315],[-107,-1007],[69,-622],[-309,-326],[117,-438]],[[34689,51331],[1310,1105]],[[27945,48195],[-148,-394],[-436,-252],[-449,42],[-131,-272]],[[22932,50871],[692,1483],[683,420]],[[46996,52527],[190,-599]],[[45424,52444],[235,268]],[[68593,51648],[-29,-179]],[[66154,51357],[-258,108],[989,1550],[-956,628]],[[32231,53311],[348,-1295]],[[56229,53796],[115,-561]],[[54834,53535],[196,188]],[[48900,50987],[1124,1169],[376,1010]],[[50497,53901],[1399,-697],[426,-101]],[[34015,53057],[-104,-340],[237,-1020]],[[32662,53944],[1353,-887]],[[68713,55434],[427,-134],[532,213],[149,-314],[-186,-882]],[[34859,53939],[-328,322],[-1152,447]],[[34015,56352],[352,-10],[109,-362],[658,-574]],[[51610,74087],[168,259],[804,63],[-26,358],[365,383],[856,89]],[[68009,75356],[675,-637],[972,-207]],[[71164,71494],[-1194,-643]],[[66885,74389],[408,264],[187,726]],[[67480,75379],[529,-23]],[[66195,76118],[778,-560],[507,-179]],[[38792,54845],[-504,-136],[-995,808],[-484,571],[-780,260],[-539,-851],[135,-218]],[[36018,58043],[432,-13],[561,591]],[[19140,56944],[-452,801],[6,288],[569,341]],[[44343,56588],[411,295]],[[59756,60513],[429,-126],[472,-544],[161,-576],[411,-152],[291,-544],[672,-157]],[[57985,59314],[550,717],[970,86],[251,396]],[[73951,60621],[377,-327]],[[74328,60294],[-1,0],[-11,-454],[439,-1053],[1097,-560]],[[75852,58227],[-133,-731],[184,-1297],[-214,-447]],[[75689,55752],[-760,40]],[[74929,55792],[-810,377],[-923,3]],[[73196,56172],[-427,279],[-1423,594],[-1177,887]],[[72562,60724],[582,102],[807,-205]],[[63429,61089],[-241,-1791],[72,-403]],[[66060,59229],[303,556]],[[57408,59507],[130,183],[-695,745]],[[56754,62646],[4,3]],[[47604,63816],[386,-431]],[[53638,64163],[592,42],[575,-881],[662,-331],[727,-47]],[[37073,63321],[-590,132]],[[53091,65285],[-184,-579]],[[43494,65971],[-721,515]],[[54053,66585],[2117,487],[792,264]],[[30641,67085],[391,-505],[851,-208],[847,-725]],[[32730,65647],[-389,-903]],[[28641,66687],[816,358],[167,301],[706,16]],[[33819,65809],[-760,-180]],[[33059,65629],[-329,18]],[[20468,65220],[-1509,683],[-206,424],[86,711],[-310,1008],[494,817]],[[19023,68863],[908,-724],[540,-592],[1427,-620],[332,100],[319,708]],[[56242,69140],[445,-170]],[[44220,69157],[654,-136],[1395,-2]],[[46269,69019],[652,-182],[245,-286]],[[29488,83915],[-604,404],[-234,488],[-772,266],[-416,1442],[-336,2],[-86,402]],[[29524,88010],[275,-324],[352,217],[479,-815],[323,-194],[791,-1021],[446,-30],[502,-476],[283,87]],[[29457,89269],[618,-72],[777,119]],[[49126,89760],[376,-460],[-536,-410],[73,-257]],[[47454,88942],[-227,229]],[[47227,89171],[317,940],[-332,-37],[-185,426],[353,301],[920,349]],[[48300,91150],[389,-182],[-555,-635],[992,-573]],[[43131,88802],[-673,3]],[[42458,88805],[90,351],[-387,76],[-301,670],[-596,688],[680,614],[-44,401]],[[41900,91605],[574,-158],[1432,-22]],[[37312,34942],[-276,-578]],[[36254,33689],[-936,-431]],[[60962,36936],[659,-117],[403,217]],[[26433,70693],[-560,-634]],[[25873,70059],[-777,238],[-604,744]],[[24492,71041],[25,647],[437,206]],[[28024,66925],[86,645],[-463,1764],[-59,529],[-665,851]],[[27282,71353],[610,100],[831,511],[387,-244],[819,390]],[[61186,69480],[-538,-148],[-667,352],[-517,-40],[-107,266],[-670,171],[-427,305],[-1176,41],[-264,221]],[[36435,71536],[-984,-423],[-586,-533]],[[36252,73112],[-414,-616],[-41,-488],[638,-472]],[[42239,31929],[440,-294]],[[64927,32827],[1329,-1086]],[[64595,30683],[-88,347],[-715,757]],[[72041,37375],[-1287,-750]],[[70754,36625],[-1247,323],[-1027,19]],[[68986,67590],[1444,-1828],[38,-235],[849,-237],[116,-346],[-258,-439]],[[71175,64505],[-514,226],[-1289,177],[-340,-333]],[[67761,67618],[1225,-28]],[[74912,68182],[226,-375],[-218,-378]],[[74920,67429],[-1015,-623],[382,-795],[-415,-566]],[[73872,65445],[-898,-676],[-1375,-604]],[[71599,64165],[-424,340]],[[68986,67590],[209,503],[1517,651]],[[70712,68744],[564,-100],[655,139],[1688,724]],[[73619,69507],[1145,-971],[148,-354]],[[33306,70116],[-303,-683],[-323,-225],[-386,-1100]],[[25873,70059],[127,-622]],[[21916,69558],[586,1048],[-124,350],[326,257],[737,-351],[349,65],[587,-252],[115,366]],[[46269,69019],[2,452]],[[19023,68863],[582,1219],[609,-206],[602,140],[665,-419]],[[69618,69987],[488,-406],[606,-837]],[[41104,45762],[338,-69],[338,-688],[411,342],[618,123],[291,-359],[724,-140],[525,171],[361,-813]],[[22145,50795],[158,312],[-832,-295],[-485,-10],[297,1123],[-875,-191],[-338,150],[-193,-461],[-376,11]],[[36435,71536],[876,75]],[[53319,76359],[1942,347]],[[69523,77719],[348,-385]],[[69871,77334],[-910,-499],[-952,-1479]],[[31134,77957],[-462,382],[-504,689],[-8,603]],[[49741,78467],[-40,298]],[[47860,83497],[386,-237]],[[47432,85876],[605,73]],[[48037,85949],[-800,-1026],[10,-497]],[[49409,86280],[422,-228],[-247,-455]],[[48037,85949],[565,422]],[[51412,86615],[274,-706],[257,-1197]],[[49647,87303],[355,-360],[770,-278],[640,-50]],[[44811,87949],[1136,-434],[661,25],[1017,-410],[520,38]],[[41133,92721],[767,-1116]],[[42458,88805],[-577,-458]],[[40398,92577],[482,291],[253,-147]],[[45547,92954],[-209,-885]],[[41133,92721],[890,540],[390,517],[395,184],[1061,-64],[628,248],[1047,-775],[3,-417]],[[46616,92618],[979,-1143],[705,-325]],[[47227,89171],[-744,-121],[-245,-278],[-1377,56],[19,534]],[[45547,92954],[169,66],[900,-402]],[[54441,90919],[-1204,243],[-415,-270],[-1008,262],[-333,-209],[-1084,-274],[-724,-678],[-547,-233]],[[46616,92618],[307,81],[1101,-279],[1086,243],[1185,1302],[69,-67],[1003,876]],[[51367,94774],[417,-712],[1602,-1457]],[[54445,90912],[-164,-426],[-531,-558],[617,-417],[30,-438]],[[54397,89073],[-429,-355],[-670,-45],[-523,-682],[-1018,-802],[-345,-574]],[[53304,95595],[220,-1148]],[[53524,94447],[-262,-1069],[241,-428]],[[51367,94774],[686,324],[-69,208],[443,495],[-26,500]],[[52401,96301],[533,-19],[-380,879],[500,-76]],[[55751,94618],[-275,92],[-1952,-263]],[[54571,96605],[545,-351],[515,-23],[589,450]],[[53455,99189],[-923,-309],[-806,-687],[-653,-1496]],[[51073,96697],[-706,121],[140,754],[330,351],[226,1246],[317,830],[1029,-52],[1046,-758]],[[55953,97714],[-720,-320],[-515,77],[-115,-316],[-512,-4]],[[52401,96301],[-350,-45],[-978,441]],[[53455,99189],[1287,-450],[1211,-1025]],[[62995,95638],[388,39],[495,-474],[-49,-711],[842,-617],[449,-663],[-1079,-530],[-518,-764]],[[55381,88998],[525,-558],[79,-439],[927,-682],[1263,-209]],[[58175,87110],[-1355,-391],[-88,-610],[-395,-916],[-468,-472],[79,-666]],[[54397,89073],[984,-75]],[[59983,88469],[-170,-579]],[[59813,87890],[-1629,-775]],[[58184,87115],[-9,-5]],[[55381,88998],[896,417]],[[62255,89004],[885,-324]],[[63140,88680],[-208,-477],[-671,-129],[-326,-498],[-739,-241],[-459,-348]],[[60737,86987],[-767,360],[-157,543]],[[60530,89831],[354,-223],[267,-620],[1104,16]],[[62817,91064],[626,-827]],[[63443,90237],[-955,-678],[-233,-555]],[[64895,89366],[-1058,-1441]],[[63837,87925],[-697,755]],[[63443,90237],[1452,-871]],[[67199,86100],[-1535,202],[-699,-84],[-142,-216]],[[64823,86002],[-445,1299],[-541,624]],[[64895,89366],[577,433],[57,-427],[442,-444],[604,-147],[452,-485],[-157,-813],[258,-612],[-139,-663],[210,-108]],[[64823,86002],[-505,-719],[-973,-114]],[[63345,85169],[-441,692],[-1146,194],[-997,285]],[[60761,86340],[-24,647]],[[60761,86340],[-1303,-497],[-500,-710]],[[58395,85268],[-490,238],[-265,496],[690,944],[-146,169]],[[63345,85169],[-998,-912]],[[62347,84257],[-563,-446],[-590,-61],[-612,-301]],[[60582,83449],[-532,195],[-793,697]],[[69071,83196],[-118,-188]],[[67372,81981],[-426,1039],[-462,292]],[[66484,83312],[341,941],[218,215],[-319,680],[113,309],[554,283]],[[67391,85740],[557,102],[910,-267],[782,-1168],[-800,-619],[231,-592]],[[60582,83449],[258,-602],[607,-634]],[[61447,82213],[71,-251],[815,-954],[950,-205]],[[63283,80803],[-50,-453]],[[63299,82437],[-1230,-3],[-622,-221]],[[62347,84257],[1024,-574],[265,-389],[-337,-857]],[[67199,86100],[192,-360]],[[66484,83312],[-377,-559],[213,-222],[-86,-533],[-983,-314],[-250,-318]],[[63283,80803],[138,694],[-122,940]],[[34085,64971],[-1026,658]],[[74400,11364],[-949,-788],[-414,219],[-562,-38],[-174,-419],[-636,379],[-718,-742],[-558,99]],[[70725,13341],[442,157]],[[9210,35927],[-299,565],[-503,326],[-1194,99]],[[7214,36917],[-142,515]],[[72038,48554],[0,-205]],[[72038,48349],[-1573,-954]],[[34015,53057],[250,263],[562,94]],[[66088,56694],[563,-454]],[[65420,56277],[193,477]],[[35777,17940],[-94,-17]],[[42297,17097],[-318,337]],[[12547,22214],[-906,478],[-890,89]],[[44789,46957],[442,-418],[-102,-1618]],[[67770,34298],[232,-328]],[[7214,36917],[-1350,-493],[-319,-592],[-2806,-1539],[-274,15]],[[71599,64165],[-542,-658]],[[62799,10775],[663,-415],[492,-77],[467,-501]],[[64421,9782],[-636,59]],[[65626,9428],[-1205,354]],[[37824,12252],[-389,454],[-2973,346],[-868,-22]],[[20891,16324],[-343,295],[-329,807],[110,430],[810,1196]],[[33420,42456],[734,-434],[572,99],[492,-351],[661,45]],[[23749,26689],[913,894],[816,544]],[[70754,36625],[278,-540]],[[85241,42902],[212,-388],[-558,-918]],[[84895,41596],[-1607,-575],[-771,-904]],[[82517,40117],[-918,-897]],[[81599,39220],[-1568,757]],[[80031,39977],[342,605],[745,268],[119,387],[-1447,911]],[[79790,42148],[925,33],[543,370]],[[81258,42551],[1932,1058]],[[83190,43609],[463,-152],[1207,-118],[381,-437]],[[77182,67932],[455,-1362]],[[77637,66570],[-541,-233],[-787,-100],[-925,-415],[-218,-399],[-193,-947],[66,-1324]],[[75039,63152],[-12,5]],[[75027,63157],[-427,648],[-728,1640]],[[74920,67429],[304,-120],[629,337],[351,-32],[332,371]],[[76536,67985],[646,-53]],[[87960,38909],[310,-452]],[[88270,38457],[-935,-658]],[[87335,37799],[-2066,563],[-360,193]],[[84909,38555],[34,781],[-148,752]],[[84795,40088],[1034,301]],[[85829,40389],[917,-849],[1214,-631]],[[92062,41001],[-169,-275],[-664,-136]],[[91229,40590],[-282,194],[-93,838],[367,807],[357,81],[646,-253]],[[92224,42257],[689,699],[761,65],[641,-381],[-740,-265],[-123,-424],[484,-432],[-430,-296],[-893,-89],[-614,120],[63,-253]],[[85829,40389],[-934,1207]],[[85241,42902],[1248,201]],[[86489,43103],[408,-659],[343,-1042],[802,-1548],[-82,-945]],[[90473,40204],[619,-297]],[[91092,39907],[-1984,-780],[-1148,-218]],[[86489,43103],[643,402]],[[87132,43505],[585,-253],[1623,-1275],[835,-973],[298,-800]],[[77177,44097],[482,-638],[965,-774],[261,-66]],[[78885,42619],[422,-438]],[[79307,42181],[-583,-1129],[-644,-840]],[[78080,40212],[-797,-484]],[[73310,41332],[-395,530]],[[73704,44441],[1420,-215],[2053,-129]],[[86275,66837],[-149,-558]],[[86126,66279],[-1008,-240],[-886,95]],[[84232,66134],[-114,287],[-222,1856]],[[83896,68277],[762,-86],[443,869],[544,141],[817,-802],[-204,-386],[-217,-1047],[234,-129]],[[73069,75429],[-1464,-896]],[[69871,77334],[1043,-72],[1006,-530],[773,-1117],[376,-186]],[[79790,42148],[-483,33]],[[78885,42619],[785,368],[-563,354],[121,419],[543,-118],[1025,-604],[462,-487]],[[85306,47365],[903,-616],[603,-1143],[41,-404],[924,-1126]],[[87777,44076],[-645,-571]],[[83190,43609],[-603,1478],[-240,1042]],[[82347,46129],[1066,1731],[503,9]],[[83916,47869],[705,-404],[685,-100]],[[73790,25541],[909,-1588]],[[74699,23953],[-776,-642],[-461,-146]],[[73462,23165],[-210,397],[-1274,421],[-175,-46]],[[72225,26375],[301,108],[1264,-942]],[[74037,28733],[-232,-381],[-294,-1128]],[[73511,27224],[-375,520],[-883,-501]],[[72253,27243],[148,1605],[779,960]],[[73180,29808],[380,126]],[[73560,29934],[461,-474],[16,-727]],[[93857,35327],[-591,-815]],[[93266,34512],[-786,69]],[[92480,34581],[-1147,859]],[[91333,35440],[50,548],[-376,877],[82,301],[1155,357]],[[92244,37523],[37,-186],[1101,319],[971,-284],[-597,-245],[-263,-426],[645,-416],[759,-273],[77,-302],[-469,-7],[-648,-376]],[[81599,39220],[19,-1143]],[[81618,38077],[-462,-16],[-1167,-370],[-302,-285],[-944,269]],[[78743,37675],[41,756],[-805,891],[-475,-140]],[[78080,40212],[1407,-101],[544,-134]],[[75448,70394],[318,-194],[652,242]],[[76418,70442],[311,-863]],[[76729,69579],[-544,-160],[543,-780],[336,-151]],[[77064,68488],[118,-556]],[[76536,67985],[-320,589],[-743,-126],[-561,-266]],[[73619,69507],[-298,704],[157,378]],[[73478,70589],[487,29],[597,-227],[886,3]],[[78652,34346],[-835,-137],[-1377,-795]],[[76440,33414],[-951,767],[-591,878],[231,598]],[[75129,35657],[284,339]],[[76532,36243],[744,-898],[1180,-726],[196,-273]],[[86372,27156],[-1426,-193]],[[84946,26963],[-53,247]],[[84893,27210],[974,757]],[[85867,27967],[566,-429],[-61,-382]],[[89940,28067],[-312,-1052],[-525,-918],[-392,-151]],[[88711,25946],[-1191,941]],[[87520,26887],[978,1072]],[[88498,27959],[459,231],[557,-219],[426,96]],[[92138,42743],[86,-486]],[[91229,40590],[-756,-386]],[[87777,44076],[604,285]],[[88381,44361],[1810,301]],[[90191,44662],[176,-340],[-85,-642],[262,-366],[1105,-284],[489,-287]],[[72253,27243],[547,-460],[990,-1242]],[[71699,26817],[554,426]],[[82328,65853],[182,-307]],[[82510,65546],[-803,-1467],[-660,-735]],[[81047,63344],[-529,320],[-502,-39],[-438,-407]],[[79578,63218],[-60,750]],[[79518,63968],[376,380],[150,1243]],[[80044,65591],[-184,338]],[[79860,65929],[458,710],[468,99]],[[80786,66738],[5,-276],[618,-335],[919,-274]],[[96513,60034],[-279,-222],[-300,-966],[194,-268]],[[96128,58578],[-191,-292]],[[95937,58286],[-888,-615]],[[95049,57671],[-415,96],[-598,545]],[[94036,58312],[295,584],[689,311],[722,933]],[[95742,60140],[771,-106]],[[91825,45210],[144,-331],[648,160],[-55,-403],[-556,-318],[0,-1095],[132,-480]],[[90191,44662],[623,269]],[[90814,44931],[680,51],[331,228]],[[88907,48253],[-624,-420],[322,-487]],[[88605,47346],[-565,-834],[-20,-1108],[361,-1043]],[[85306,47365],[1066,705]],[[86372,48070],[241,134]],[[86613,48204],[383,217],[1087,134],[824,-302]],[[74441,31342],[98,-381]],[[74539,30961],[-979,-1027]],[[73180,29808],[-1138,26],[-465,222]],[[70842,31663],[1196,90],[607,534]],[[72645,32287],[1328,-544],[468,-401]],[[87306,32371],[901,-727]],[[88207,31644],[-543,-862],[-311,-261],[-1016,-397]],[[86337,30124],[-770,810],[-687,466]],[[84880,31400],[1262,793],[705,247],[459,-69]],[[84079,60342],[228,-654]],[[84307,59688],[-269,-622],[199,-426],[-783,-708],[-158,-458]],[[83296,57474],[-511,62]],[[82785,57536],[-1179,-27],[-1341,148],[-560,-220],[-804,208],[-272,-88]],[[78629,57557],[-806,485]],[[77823,58042],[178,597],[1384,820]],[[79385,59459],[1500,351],[708,342],[877,1168]],[[82470,61320],[82,118],[1527,-1096]],[[81423,62205],[1047,-885]],[[79385,59459],[-1052,575],[-424,38]],[[77909,60072],[-791,1207]],[[77118,61279],[-107,310]],[[77011,61589],[743,609],[1233,383]],[[78987,62581],[585,-55],[136,259]],[[79708,62785],[1035,-667],[680,87]],[[86451,65523],[-746,-409],[-413,-552],[398,-704]],[[85690,63858],[-1654,-1],[-1715,-415],[-1065,-383]],[[81256,63059],[-209,285]],[[82510,65546],[1398,590],[324,-2]],[[86126,66279],[369,-258],[-44,-498]],[[90962,65160],[-1104,-1085]],[[89858,64075],[-354,84],[-696,-424],[-298,31],[-563,621]],[[87947,64387],[250,770],[653,823],[449,366]],[[89299,66346],[541,-454],[1015,-348],[107,-384]],[[80044,65591],[-297,-243],[-1333,-416],[169,-1204],[935,240]],[[79578,63218],[130,-433]],[[78987,62581],[-1405,409],[-462,753],[-979,95],[-517,-804]],[[75624,63034],[-585,118]],[[77637,66570],[281,-453],[1030,-862],[912,674]],[[87947,64387],[-375,95]],[[87572,64482],[-96,635],[-490,-32],[-535,438]],[[86275,66837],[866,-190],[1453,293],[199,-392],[506,-202]],[[85614,59705],[-234,371],[66,886]],[[85446,60962],[798,767],[865,72]],[[87109,61801],[440,-296],[174,-691],[-325,-487],[-1784,-622]],[[92142,59405],[541,-632]],[[92683,58773],[-1019,-293],[-762,-451],[-638,-620]],[[90264,57409],[-182,-65]],[[90082,57344],[-749,229],[-1283,919],[-182,272],[-596,166],[-707,524],[-951,242]],[[85614,59696],[0,9]],[[87109,61801],[212,121]],[[87321,61922],[469,-399],[791,-942],[363,78],[-85,-455],[1122,-151],[498,324],[350,-57],[851,-698],[462,-217]],[[77244,24612],[-702,-1123],[-465,326],[-662,-170]],[[75415,23645],[753,1429]],[[76168,25074],[1076,-462]],[[81142,50626],[-665,-471],[-342,-655]],[[80135,49500],[-1167,-268],[-363,-218],[-220,-521]],[[78385,48493],[-283,16],[-944,521]],[[77158,49030],[583,1109],[322,101]],[[78063,50240],[1711,-101],[804,503],[564,-16]],[[90956,28081],[573,-834],[786,-920],[681,-427],[-512,-870],[-1383,-268],[-455,-585],[-1022,-411],[-155,1241],[-161,400],[-474,16],[-123,523]],[[89940,28067],[1016,14]],[[93266,34512],[180,-274]],[[93446,34238],[-213,-835],[-1297,-1493]],[[91936,31910],[-705,-218]],[[91231,31692],[-967,123],[-802,262]],[[89462,32077],[459,835],[377,369]],[[90298,33281],[804,370],[1378,930]],[[87335,37799],[-934,-534]],[[86401,37265],[-1689,549]],[[84712,37814],[197,741]],[[93224,37948],[-771,-120],[-209,-305]],[[91333,35440],[-722,-95],[-424,1151],[-1344,1001],[-180,534],[-393,426]],[[91092,39907],[443,-28],[310,-549],[1379,-1382]],[[84712,37814],[-623,83],[-841,-682]],[[83248,37215],[-1630,862]],[[82517,40117],[1065,-191],[1213,162]],[[85782,55798],[72,-846],[-383,-539],[0,-436],[-322,-487],[-725,-605]],[[84424,52885],[-845,959],[-180,504],[120,555],[473,649],[-207,673],[427,584]],[[84212,56809],[420,-241],[709,-88],[441,-682]],[[95725,55623],[-126,-132]],[[95599,55491],[-1350,132],[-803,561]],[[93446,56184],[641,842]],[[94087,57026],[542,90]],[[94629,57116],[1096,-1493]],[[90814,44931],[-180,236],[322,587]],[[90956,45754],[361,150]],[[91317,45904],[591,-279],[-83,-415]],[[76614,45660],[703,-218]],[[77317,45442],[282,-505],[-422,-840]],[[73261,44791],[1321,481],[960,863]],[[75542,46135],[1072,-475]],[[93369,58194],[718,-1168]],[[93446,56184],[-859,-606],[238,-407]],[[92825,55171],[-259,-23]],[[92566,55148],[-643,-66],[-347,287],[-153,663],[-1159,1377]],[[92683,58773],[686,-579]],[[89462,32077],[-1255,-433]],[[87306,32371],[67,671]],[[87373,33042],[1123,429],[312,314],[-214,483]],[[88594,34268],[1025,134],[486,-309],[193,-812]],[[96365,31734],[-310,-174],[-181,-1298],[536,-772],[19,-339],[-365,-163],[-1753,491],[-1915,-255],[-89,1707],[48,650],[-419,329]],[[93446,34238],[1985,244]],[[95431,34482],[1063,-850],[-231,-1040],[102,-858]],[[82826,68021],[-193,-632],[251,-808],[-556,-728]],[[80786,66738],[178,437]],[[80964,67175],[788,1066]],[[81752,68241],[747,-431],[327,211]],[[92062,41001],[1191,-643],[35,-454],[702,-453],[601,344],[132,-500],[-601,-27],[-875,-335],[-210,-240],[671,-251],[-484,-494]],[[85306,47365],[-443,453],[-60,924]],[[84803,48742],[544,-320],[1025,-352]],[[92566,55148],[724,-948],[-578,-318]],[[92712,53882],[-482,253],[-480,-207],[-447,-513],[-714,365],[-154,252]],[[90435,54032],[59,253],[-601,1248],[-21,1496]],[[89872,57029],[210,315]],[[83296,57474],[916,-665]],[[84424,52885],[80,-621]],[[84504,52264],[-424,-773]],[[84080,51491],[-724,-419],[-966,437],[-342,-34]],[[82048,51475],[-221,336],[-1027,387],[-703,34]],[[80097,52232],[-342,857],[20,438],[1047,973],[620,1123],[638,574],[497,219],[54,901],[154,219]],[[90956,45754],[-662,420],[-242,381]],[[90052,46555],[302,16],[1212,577]],[[91566,47148],[79,-596],[-347,-261],[19,-387]],[[80938,45927],[-1751,-537],[-1870,52]],[[76614,45660],[1267,1210]],[[77881,46870],[2173,419]],[[80054,47289],[19,-269],[524,-504],[341,-589]],[[88605,47346],[602,-941],[845,150]],[[72572,32935],[73,-648]],[[84956,34663],[809,-377]],[[85765,34286],[109,-364],[474,-141],[1025,-739]],[[84880,31400],[-706,-219]],[[84174,31181],[-622,82],[-1082,1192],[-671,300]],[[81799,32755],[-66,602],[-539,686],[-12,974]],[[81182,35017],[1082,356]],[[82264,35373],[332,-51],[1424,-960],[936,301]],[[77823,58042],[-1259,659]],[[76564,58701],[349,735]],[[76913,59436],[240,-51],[756,687]],[[88907,48253],[664,251]],[[89571,48504],[282,-84],[1182,313],[411,287]],[[91446,49020],[-178,-1339],[298,-533]],[[77881,46870],[-1602,-99],[-320,-227]],[[75959,46544],[-303,349]],[[75656,46893],[697,774],[11,582],[-479,530]],[[75885,48779],[1273,251]],[[77158,49030],[99,-850],[503,-823],[121,-487]],[[86337,30124],[-951,-903]],[[85386,29221],[-1246,302]],[[84140,29523],[-1130,918]],[[83010,30441],[1164,740]],[[80097,52232],[-1268,-167]],[[78829,52065],[-1228,-118]],[[77601,51947],[161,1041],[-362,1682],[522,950]],[[77922,55620],[442,598],[244,615],[21,724]],[[75624,63034],[-230,-467],[-1066,-880]],[[74328,61687],[-158,532],[-444,173]],[[73726,62392],[327,289],[-184,311],[215,370],[500,46],[443,-251]],[[80256,27512],[-882,-1274]],[[79374,26238],[-2130,-1626]],[[76168,25074],[-334,143]],[[75834,25217],[259,1215],[165,1259],[294,440]],[[76552,28131],[2,8]],[[76554,28139],[769,403],[541,-56],[1540,-712],[852,-262]],[[77118,61279],[-463,-395],[-449,-896],[707,-552]],[[76564,58701],[-712,-474]],[[74328,60294],[801,369],[638,863],[561,491]],[[76328,62017],[199,-360],[484,-68]],[[92111,62125],[139,-479],[-539,-141],[-68,-661],[505,-3],[121,-327],[894,-602]],[[93163,59912],[54,-32]],[[93217,59880],[-785,-155],[-290,-320]],[[87321,61922],[311,450]],[[87632,62372],[1153,750],[1073,953]],[[90962,65160],[740,-22],[400,-535],[-932,-165],[204,-264],[-471,-283],[16,-350],[656,-852],[-88,-400],[624,-164]],[[73726,62392],[-480,34],[-1285,536],[-653,35]],[[87572,64482],[-1439,-401],[-443,-223]],[[78743,37675],[-44,-589]],[[78699,37086],[-1527,308]],[[87520,26887],[-1148,269]],[[85867,27967],[239,130]],[[86106,28097],[1082,260],[721,-15],[589,-383]],[[89571,48504],[-703,1193]],[[88868,49697],[1026,-34],[742,98]],[[90636,49761],[810,-741]],[[84080,51491],[806,-145]],[[84886,51346],[361,-369],[-41,-975],[141,-605],[1266,-1193]],[[84803,48742],[-966,589],[-744,-454],[-282,-587]],[[82811,48290],[-1187,0]],[[81624,48290],[-1147,1059],[-342,151]],[[81142,50626],[-1006,370]],[[80136,50996],[543,217],[1369,262]],[[77881,30553],[-934,383],[-639,-397]],[[76308,30539],[-934,27],[-835,395]],[[74441,31342],[1572,335],[115,548]],[[76128,32225],[917,-781],[836,-891]],[[75656,46893],[-916,-217],[-950,7]],[[73199,46990],[-383,312],[-778,1047]],[[71222,49566],[-25,729],[-506,491],[876,526],[154,663],[1053,-294]],[[72774,51681],[42,-1772],[812,-548],[374,-444],[1145,-485],[332,338],[406,9]],[[78854,67941],[-543,431],[-1247,116]],[[76729,69579],[840,79],[777,419],[1053,-309],[458,-480],[-174,-451],[193,-675],[-1022,-221]],[[73462,23165],[-307,-1066],[-671,-838]],[[72484,21261],[-1765,1046]],[[78063,50240],[-462,824],[-625,278]],[[76976,51342],[243,437],[382,168]],[[78829,52065],[341,-263],[302,-621],[664,-185]],[[89872,57029],[-703,19],[-275,-442],[-497,-281],[-658,76],[-231,-267]],[[87508,56134],[-958,-126],[-556,128],[-212,-338]],[[84307,59688],[548,-154],[759,162]],[[82826,68021],[124,170],[946,86]],[[78854,67941],[-775,-397],[351,-205],[971,-199],[1563,35]],[[84140,29523],[-507,-767],[-641,-342]],[[82992,28414],[-523,328],[-983,303],[-279,-110]],[[81207,28935],[-294,534],[196,193]],[[81109,29662],[1901,779]],[[86401,37265],[-592,-1464],[-853,-712],[0,-426]],[[82264,35373],[246,746],[443,431],[295,665]],[[81182,35017],[-500,55],[-1574,829]],[[79108,35901],[-409,1185]],[[87632,62372],[-613,354],[-982,224],[-347,908]],[[82992,28414],[983,-697],[705,-206],[213,-301]],[[84946,26963],[-361,-73],[-487,-955],[-743,-391],[-1092,-250],[-1287,110],[-481,380],[-636,142],[-485,312]],[[80256,27512],[951,1423]],[[73617,52274],[-843,-593]],[[73196,56172],[-177,-201],[-297,-1525],[52,-418],[520,-920],[323,-834]],[[95049,57671],[-420,-555]],[[93369,58194],[667,118]],[[96513,60034],[596,-31],[1119,-599],[-1021,-495],[-368,23],[-711,-354]],[[72484,21261],[-377,-583]],[[85386,29221],[720,-1124]],[[73511,27224],[277,-432],[607,-200],[1439,-1375]],[[75415,23645],[-716,308]],[[80208,31509],[-66,-1093]],[[80142,30416],[-1244,260],[-1017,-123]],[[76128,32225],[312,1189]],[[78652,34346],[1016,-426],[262,-521],[-671,-918],[64,-492],[885,-480]],[[88594,34268],[-1019,326],[-902,-145],[-519,59],[-389,-222]],[[75542,46135],[23,328],[394,81]],[[89766,51941],[-171,-93],[-324,-924]],[[89271,50924],[-1025,135],[-725,-201]],[[87521,50858],[-462,168],[-866,-50],[-804,522]],[[85389,51498],[-573,716]],[[84816,52214],[262,352],[845,-219],[1630,-18],[1790,-186],[423,-202]],[[74929,55792],[-105,-820],[806,-1445],[361,-337],[0,-369],[-443,-1041]],[[75548,51780],[-563,268],[-1188,17],[-180,209]],[[90435,54032],[-365,-142],[583,-218],[402,-455],[68,-504]],[[91123,52713],[-78,-612]],[[91045,52101],[-398,168],[25,562]],[[90672,52831],[-643,286],[-1087,-201],[-321,521],[-1248,1111],[-80,202],[215,1384]],[[95937,58286],[1346,-572],[521,-353],[-295,-276],[147,-323],[541,-255],[-827,-470],[-170,282],[-398,-548],[-529,-54],[-298,241],[-250,-335]],[[72892,79682],[-1013,-128],[-631,-251],[-767,-36]],[[69071,83196],[1443,-196],[392,-271],[733,93],[794,-102],[349,-305],[-384,-1837],[105,-460],[389,-436]],[[72892,79682],[-1114,-1613],[-626,-252],[-472,53]],[[91231,31692],[-632,-392],[-427,-903],[146,-741],[1163,-1152],[-525,-423]],[[74343,35418],[786,239]],[[93857,35327],[755,-447],[541,648],[746,248]],[[95899,35776],[-452,-773],[-16,-521]],[[95899,35776],[1038,-20],[-76,-429],[314,-332],[695,355],[816,117],[289,-426],[578,-176],[446,-381],[-524,-163],[-402,-399],[-219,559],[-807,275],[-230,-305],[797,-942],[720,-262],[-474,-316],[-516,7],[-600,302],[-398,-255],[851,-945],[-874,-450],[-63,-328],[-895,472]],[[76976,51342],[-845,-117],[-583,555]],[[75689,55752],[87,-126],[955,416],[710,-142],[481,-280]],[[90672,52831],[-906,-890]],[[84816,52214],[-312,50]],[[95599,55491],[-782,-580],[-95,-245],[-724,-207],[-370,-282],[-803,994]],[[82347,46129],[-1409,-202]],[[80054,47289],[504,134],[1066,0],[0,867]],[[82811,48290],[1105,-421]],[[80054,47289],[-966,538],[-703,666]],[[89271,50924],[493,-63]],[[89764,50861],[518,-414],[354,-686]],[[88868,49697],[-664,118],[-703,858],[20,185]],[[84886,51346],[503,152]],[[91045,52101],[313,-312],[7,-584],[-640,-106],[-746,160],[-215,-398]],[[92712,53882],[644,-606],[-49,-395],[461,118],[-142,-559],[461,152],[418,-573],[424,-276],[-395,-325],[-1015,-53],[-102,312],[-2054,1083],[-240,-47]],[[74631,73223],[-680,74],[-714,-257],[-1490,493]],[[73069,75429],[896,-422],[451,32],[468,-1126],[-253,-690]],[[93217,59880],[1392,743],[830,-609],[303,126]],[[84079,60342],[580,540],[787,80]],[[74328,61687],[-377,-1066]],[[75624,63034],[704,-1017]],[[81256,63059],[167,-854]],[[81799,32755],[-689,-480],[-573,-671],[-329,-95]],[[76864,36418],[732,-390],[824,216],[688,-343]],[[71406,71658],[952,-167],[190,-362],[930,-540]],[[74631,73223],[355,-212],[-117,-505],[79,-1016],[500,-1096]],[[73089,16308],[246,-209],[-522,-985],[202,-204],[-541,-895],[248,-216]],[[74037,28733],[1680,-164],[835,-438]],[[81109,29662],[-967,754]],[[76418,70442],[92,109],[1151,-85],[1006,72],[620,-335],[631,91],[245,-407],[-138,-301],[647,57],[332,-203],[748,-1199]],[[76554,28139],[311,1265],[-66,604],[-491,531]],[[92111,62125],[620,-1],[999,693],[951,388],[944,-432],[-283,-501],[-558,-273],[-744,226],[-288,-451],[512,-486],[-421,-126],[-680,-1250]],[[73038,36910],[-516,-402],[86,-390]]],"transform":{"scale":[6.838468384683741e-06,7.374473744737441e-06],"translate":[79.50579,26.0901]},"objects":{"villages":{"type":"GeometryCollection","geometries":[{"arcs":[[0,1,2,3,4,5,6,7]],"type":"Polygon","properties":{"n":"Baranpur Kahijari","c":149025,"d":"Kanpur Dehat","s":"UTTAR PRADESH"}},{"arcs":[[8,9,-8,10,11]],"type":"Polygon","properties":{"n":"Jaswantpur","c":149024,"d":"Kanpur Dehat","s":"UTTAR PRADESH"}},{"arcs":[[12,13,14,15,16,17]],"type":"Polygon","properties":{"n":"Samayun","c":148923,"d":"Kanpur Dehat","s":"UTTAR PRADESH"}},{"arcs":[[18,19,20,21]],"type":"Polygon","properties":{"n":"Khanpur Rasoolabad","c":149032,"d":"Kanpur Dehat","s":"UTTAR PRADESH"}},{"arcs":[[22,23,24,25,26,27,28]],"type":"Polygon","properties":{"n":"Salempur Mahera","c":148890,"d":"Kanpur Dehat","s":"UTTAR PRADESH"}},{"arcs":[[29,30,31,32,33,34,35,36]],"type":"Polygon","properties":{"n":"Nar Khas","c":148886,"d":"Kanpur Dehat","s":"UTTAR PRADESH"}},{"arcs":[[37,38,39,-23,40,41]],"type":"Polygon","properties":{"n":"Shahpur Rasoolabad","c":148891,"d":"Kanpur Dehat","s":"UTTAR PRADESH"}},{"arcs":[[42,43,44,45,-9,46,47]],"type":"Polygon","properties":{"n":"Nunari Bahadurpur","c":149018,"d":"Kanpur Dehat","s":"UTTAR PRADESH"}},{"arcs":[[48,49,50,51,52]],"type":"Polygon","properties":{"n":"Rawatpur","c":149021,"d":"Kanpur Dehat","s":"UTTAR PRADESH"}},{"arcs":[[53,54,55,56,57,58,-13,59,60]],"type":"Polygon","properties":{"n":"Atiya Raipur","c":148931,"d":"Kanpur Dehat","s":"UTTAR PRADESH"}},{"arcs":[[61,62,63,64,65]],"type":"Polygon","properties":{"n":"Silhula Buzurg","c":149810,"d":"Kanpur Dehat","s":"UTTAR PRADESH"}},{"arcs":[[66,67,68,69,70,71,72]],"type":"Polygon","properties":{"n":"Hansemau","c":149519,"d":"Kanpur Dehat","s":"UTTAR PRADESH"}},{"arcs":[[73,74,75,76,77,78,79]],"type":"Polygon","properties":{"n":"Hara Mau","c":149508,"d":"Kanpur Dehat","s":"UTTAR PRADESH"}},{"arcs":[[80,81,82,83,84,85]],"type":"Polygon","properties":{"n":"Indurukh","c":149123,"d":"Kanpur Dehat","s":"UTTAR PRADESH"}},{"arcs":[[86,87,88,89]],"type":"Polygon","properties":{"n":"Bichhiyapur","c":149734,"d":"Kanpur Dehat","s":"UTTAR PRADESH"}},{"arcs":[[90,91,92,93,94]],"type":"Polygon","properties":{"n":"Bamsaundhi","c":149875,"d":"Kanpur Dehat","s":"UTTAR PRADESH"}},{"arcs":[[95,96,97,98,99]],"type":"Polygon","properties":{"n":"Sidhamau","c":149423,"d":"Kanpur Dehat","s":"UTTAR PRADESH"}},{"arcs":[[100,101,102,103,104,105]],"type":"Polygon","properties":{"n":"Debair","c":149562,"d":"Kanpur Dehat","s":"UTTAR PRADESH"}},{"arcs":[[106,107,108,109,110,111]],"type":"Polygon","properties":{"n":"Malik Mohammadpur","c":149338,"d":"Kanpur Dehat","s":"UTTAR PRADESH"}},{"arcs":[[112,113,114,115,116,117,118,119]],"type":"Polygon","properties":{"n":"Khoaja Phool","c":149767,"d":"Kanpur Dehat","s":"UTTAR PRADESH"}},{"arcs":[[120,121,122,123,124,125]],"type":"Polygon","properties":{"n":"Shahi","c":149120,"d":"Kanpur Dehat","s":"UTTAR PRADESH"}},{"arcs":[[126,127,128,129,130,131,132,133,134]],"type":"Polygon","properties":{"n":"Silhara","c":149831,"d":"Kanpur Dehat","s":"UTTAR PRADESH"}},{"arcs":[[135,136,137,138,139,140,141]],"type":"Polygon","properties":{"n":"Barauli","c":149656,"d":"Kanpur Dehat","s":"UTTAR PRADESH"}},{"arcs":[[142,143,144,145,146]],"type":"Polygon","properties":{"n":"Nagina Bangar","c":149657,"d":"Kanpur Dehat","s":"UTTAR PRADESH"}},{"arcs":[[147,148,149]],"type":"Polygon","properties":{"n":"Faizullapur","c":149655,"d":"Kanpur Dehat","s":"UTTAR PRADESH"}},{"arcs":[[150,151,152]],"type":"Polygon","properties":{"n":"Katra Aima 190 Mustafabad","c":149372,"d":"Kanpur Dehat","s":"UTTAR PRADESH"}},{"arcs":[[153,154,155,156,157]],"type":"Polygon","properties":{"n":"Balharamau","c":149455,"d":"Kanpur Dehat","s":"UTTAR PRADESH"}},{"arcs":[[158,159,160,161,162,163]],"type":"Polygon","properties":{"n":"Bharpura","c":149765,"d":"Kanpur Dehat","s":"UTTAR PRADESH"}},{"arcs":[[164,165,166,167]],"type":"Polygon","properties":{"n":"Pawnai","c":149764,"d":"Kanpur Dehat","s":"UTTAR PRADESH"}},{"arcs":[[168,169,170,171,172,173,174]],"type":"Polygon","properties":{"n":"Dharau","c":149375,"d":"Kanpur Dehat","s":"UTTAR PRADESH"}},{"arcs":[[175,176,177,178,179,180]],"type":"Polygon","properties":{"n":"Afasariya","c":149825,"d":"Kanpur Dehat","s":"UTTAR PRADESH"}},{"arcs":[[181,182,183,184,185]],"type":"Polygon","properties":{"n":"Sanaya Sal Bahan","c":149531,"d":"Kanpur Dehat","s":"UTTAR PRADESH"}},{"arcs":[[186,187,188,189,190]],"type":"Polygon","properties":{"n":"Kariyapur Bhoganipur","c":149621,"d":"Kanpur Dehat","s":"UTTAR PRADESH"}},{"arcs":[[191,192,193,194,195]],"type":"Polygon","properties":{"n":"Jalalpur","c":149511,"d":"Kanpur Dehat","s":"UTTAR PRADESH"}},{"arcs":[[196,197,198,199,200,201,202]],"type":"Polygon","properties":{"n":"Khasbara","c":149828,"d":"Kanpur Dehat","s":"UTTAR PRADESH"}},{"arcs":[[203,204,205,206,207,-208,208,209,210]],"type":"Polygon","properties":{"n":"Gujrai","c":149435,"d":"Kanpur Dehat","s":"UTTAR PRADESH"}},{"arcs":[[211,212,213,214]],"type":"Polygon","properties":{"n":"Jamaura","c":149728,"d":"Kanpur Dehat","s":"UTTAR PRADESH"}},{"arcs":[[215,216,217,218]],"type":"Polygon","properties":{"n":"Aslapur","c":149529,"d":"Kanpur Dehat","s":"UTTAR PRADESH"}},{"arcs":[[-71,219,-76,220]],"type":"Polygon","properties":{"n":"Haidarpur","c":149510,"d":"Kanpur Dehat","s":"UTTAR PRADESH"}},{"arcs":[[221,-109,222,223,224,225,226,227,228]],"type":"Polygon","properties":{"n":"Nariha","c":149337,"d":"Kanpur Dehat","s":"UTTAR PRADESH"}},{"arcs":[[229,230,231,232,233,-151,234]],"type":"Polygon","properties":{"n":"Balbhadrapur","c":149373,"d":"Kanpur Dehat","s":"UTTAR PRADESH"}},{"arcs":[[235,236,237,-230,238,239]],"type":"Polygon","properties":{"n":"Bhuganiyapur","c":149370,"d":"Kanpur Dehat","s":"UTTAR PRADESH"}},{"arcs":[[240,241,242,243,244,245,246]],"type":"Polygon","properties":{"n":"Gurdahi Khurd","c":149794,"d":"Kanpur Dehat","s":"UTTAR PRADESH"}},{"arcs":[[247,248,249,-165,-162]],"type":"Polygon","properties":{"n":"Dubaki","c":149806,"d":"Kanpur Dehat","s":"UTTAR PRADESH"}},{"arcs":[[250,251,252,253,254,255,256]],"type":"Polygon","properties":{"n":"Sujgawan","c":149572,"d":"Kanpur Dehat","s":"UTTAR PRADESH"}},{"arcs":[[-179,257,258,259,260,261,262,263]],"type":"Polygon","properties":{"n":"Kamalpur","c":149555,"d":"Kanpur Dehat","s":"UTTAR PRADESH"}},{"arcs":[[264,265,266,267,268]],"type":"Polygon","properties":{"n":"Jistamau","c":149048,"d":"Kanpur Dehat","s":"UTTAR PRADESH"}},{"arcs":[[269,270,271,272,273,274,275]],"type":"Polygon","properties":{"n":"Manpur Gajen","c":148926,"d":"Kanpur Dehat","s":"UTTAR PRADESH"}},{"arcs":[[276,277,278,-106,-258,-178,279]],"type":"Polygon","properties":{"n":"Satti","c":149556,"d":"Kanpur Dehat","s":"UTTAR PRADESH"}},{"arcs":[[280,281,282,283,284,285]],"type":"Polygon","properties":{"n":"Bid Khuri","c":149507,"d":"Kanpur Dehat","s":"UTTAR PRADESH"}},{"arcs":[[286,287,288,289,290,-212,291]],"type":"Polygon","properties":{"n":"Taluhapur","c":149729,"d":"Kanpur Dehat","s":"UTTAR PRADESH"}},{"arcs":[[-4,292,293,294,295,296,297,298,299,300,301]],"type":"Polygon","properties":{"n":"Kashipur","c":149028,"d":"Kanpur Dehat","s":"UTTAR PRADESH"}},{"arcs":[[302,303,304]],"type":"Polygon","properties":{"n":"Meghjal","c":148909,"d":"Kanpur Dehat","s":"UTTAR PRADESH"}},{"arcs":[[305,306,307,308,309,310,311,312,313,314,315,316]],"type":"Polygon","properties":{"n":"Bara","c":149332,"d":"Kanpur Dehat","s":"UTTAR PRADESH"}},{"arcs":[[317,318,319,320,321]],"type":"Polygon","properties":{"n":"Gopalpur Gadaria","c":148999,"d":"Kanpur Dehat","s":"UTTAR PRADESH"}},{"arcs":[[322,323,324,325,-318,326]],"type":"Polygon","properties":{"n":"Makrandpur Majra","c":148998,"d":"Kanpur Dehat","s":"UTTAR PRADESH"}},{"arcs":[[327,328,329,330]],"type":"Polygon","properties":{"n":"Anantpur Dhaukal","c":149055,"d":"Kanpur Dehat","s":"UTTAR PRADESH"}},{"arcs":[[-300,331,332,333,334]],"type":"Polygon","properties":{"n":"Bhaura","c":148944,"d":"Kanpur Dehat","s":"UTTAR PRADESH"}},{"arcs":[[335,336,337,338,-158,339,340,341]],"type":"Polygon","properties":{"n":"Nandpur","c":149173,"d":"Kanpur Dehat","s":"UTTAR PRADESH"}},{"arcs":[[342,-337,343,344]],"type":"Polygon","properties":{"n":"Mirjapur Khurd","c":149171,"d":"Kanpur Dehat","s":"UTTAR PRADESH"}},{"arcs":[[345,346,347,348,349]],"type":"Polygon","properties":{"n":"Sithau Matana","c":148858,"d":"Kanpur Dehat","s":"UTTAR PRADESH"}},{"arcs":[[350,351,352,353,354,355]],"type":"Polygon","properties":{"n":"Ingawara","c":149811,"d":"Kanpur Dehat","s":"UTTAR PRADESH"}},{"arcs":[[356,357,358,359,360,361]],"type":"Polygon","properties":{"n":"Selhupur","c":149663,"d":"Kanpur Dehat","s":"UTTAR PRADESH"}},{"arcs":[[362,363,364,365]],"type":"Polygon","properties":{"n":"Dudhaniya","c":149665,"d":"Kanpur Dehat","s":"UTTAR PRADESH"}},{"arcs":[[366,367,368,369,370]],"type":"Polygon","properties":{"n":"Bishalpur","c":149718,"d":"Kanpur Dehat","s":"UTTAR PRADESH"}},{"arcs":[[371,372,373,374,375,376,377,378]],"type":"Polygon","properties":{"n":"Pindarathu","c":149724,"d":"Kanpur Dehat","s":"UTTAR PRADESH"}},{"arcs":[[-326,379,380,381,382,-319]],"type":"Polygon","properties":{"n":"Mau","c":149000,"d":"Kanpur Dehat","s":"UTTAR PRADESH"}},{"arcs":[[383,384,385,386,387]],"type":"Polygon","properties":{"n":"Maijusamaspur","c":148960,"d":"Kanpur Dehat","s":"UTTAR PRADESH"}},{"arcs":[[388,389,390,391,392]],"type":"Polygon","properties":{"n":"Barigaun","c":148986,"d":"Kanpur Dehat","s":"UTTAR PRADESH"}},{"arcs":[[-315,393,394,395]],"type":"Polygon","properties":{"n":"Dastampur","c":149331,"d":"Kanpur Dehat","s":"UTTAR PRADESH"}},{"arcs":[[396,397,398,399,400,401,402,403,404]],"type":"Polygon","properties":{"n":"Urshan","c":149762,"d":"Kanpur Dehat","s":"UTTAR PRADESH"}},{"arcs":[[405,406,407,408]],"type":"Polygon","properties":{"n":"Mojpur","c":149149,"d":"Kanpur Dehat","s":"UTTAR PRADESH"}},{"arcs":[[-377,409,410,411,-368,412]],"type":"Polygon","properties":{"n":"Sahanipur","c":149721,"d":"Kanpur Dehat","s":"UTTAR PRADESH"}},{"arcs":[[413,414,-379,415,416]],"type":"Polygon","properties":{"n":"Faridapur","c":149725,"d":"Kanpur Dehat","s":"UTTAR PRADESH"}},{"arcs":[[417,418,419,420,421,422,423]],"type":"Polygon","properties":{"n":"Lawarsi","c":149543,"d":"Kanpur Dehat","s":"UTTAR PRADESH"}},{"arcs":[[424,425,426,427,428]],"type":"Polygon","properties":{"n":"Tamarapur","c":149818,"d":"Kanpur Dehat","s":"UTTAR PRADESH"}},{"arcs":[[429,430,431,432,433]],"type":"Polygon","properties":{"n":"Chprehata","c":149645,"d":"Kanpur Dehat","s":"UTTAR PRADESH"}},{"arcs":[[434,435,436,437,438,439]],"type":"Polygon","properties":{"n":"Amraudha (NP)","c":800999,"d":"Kanpur Dehat","s":"UTTAR PRADESH"}},{"arcs":[[440,441,442,443,444]],"type":"Polygon","properties":{"n":"Haldharpur","c":149599,"d":"Kanpur Dehat","s":"UTTAR PRADESH"}},{"arcs":[[445,446,447,448,449,450]],"type":"Polygon","properties":{"n":"Umriya","c":149595,"d":"Kanpur Dehat","s":"UTTAR PRADESH"}},{"arcs":[[451,452,-445,453,454]],"type":"Polygon","properties":{"n":"Sikhamapur","c":149597,"d":"Kanpur Dehat","s":"UTTAR PRADESH"}},{"arcs":[[-17,455,456,457,458,459,460,-38,461,462,463]],"type":"Polygon","properties":{"n":"Ratanpur Khas","c":148946,"d":"Kanpur Dehat","s":"UTTAR PRADESH"}},{"arcs":[[464,465,466,-419,467]],"type":"Polygon","properties":{"n":"Sarauta","c":149542,"d":"Kanpur Dehat","s":"UTTAR PRADESH"}},{"arcs":[[468,469,470,471,472]],"type":"Polygon","properties":{"n":"Pulandar","c":149553,"d":"Kanpur Dehat","s":"UTTAR PRADESH"}},{"arcs":[[473,474,475,476,-252,477,478]],"type":"Polygon","properties":{"n":"Asuapur","c":149574,"d":"Kanpur Dehat","s":"UTTAR PRADESH"}},{"arcs":[[479,480,481,482,483]],"type":"Polygon","properties":{"n":"Hawaspur","c":149704,"d":"Kanpur Dehat","s":"UTTAR PRADESH"}},{"arcs":[[484,485,486,487,488,489]],"type":"Polygon","properties":{"n":"Dabarapur Sikandra","c":149683,"d":"Kanpur Dehat","s":"UTTAR PRADESH"}},{"arcs":[[490,491,492,493]],"type":"Polygon","properties":{"n":"Tera","c":149715,"d":"Kanpur Dehat","s":"UTTAR PRADESH"}},{"arcs":[[494,495,496]],"type":"Polygon","properties":{"n":"Munauwarpur Rasoolabad","c":148992,"d":"Kanpur Dehat","s":"UTTAR PRADESH"}},{"arcs":[[-244,497,498,499,500,501]],"type":"Polygon","properties":{"n":"Maheshpur","c":149843,"d":"Kanpur Dehat","s":"UTTAR PRADESH"}},{"arcs":[[502,503,504,505]],"type":"Polygon","properties":{"n":"Gadaipur","c":148965,"d":"Kanpur Dehat","s":"UTTAR PRADESH"}},{"arcs":[[506,-393,507,508,509,510,-503,511,512]],"type":"Polygon","properties":{"n":"Nauha Naugaon","c":148967,"d":"Kanpur Dehat","s":"UTTAR PRADESH"}},{"arcs":[[513,514,515,516,517,518]],"type":"Polygon","properties":{"n":"Mahkapur","c":149569,"d":"Kanpur Dehat","s":"UTTAR PRADESH"}},{"arcs":[[519,520,521,522,523,-281,524,-78]],"type":"Polygon","properties":{"n":"Raniya","c":149586,"d":"Kanpur Dehat","s":"UTTAR PRADESH"}},{"arcs":[[525,526,-468,-418,527,528,-217]],"type":"Polygon","properties":{"n":"Jagdishpur","c":149541,"d":"Kanpur Dehat","s":"UTTAR PRADESH"}},{"arcs":[[529,-262,530,531,532,533,534]],"type":"Polygon","properties":{"n":"Pichaura","c":149883,"d":"Kanpur Dehat","s":"UTTAR PRADESH"}},{"arcs":[[535,536,537,-260]],"type":"Polygon","properties":{"n":"Kishunpur","c":149558,"d":"Kanpur Dehat","s":"UTTAR PRADESH"}},{"arcs":[[538,539,540,541,542,543,544,545,-522]],"type":"Polygon","properties":{"n":"Pukhrayan (NPP)","c":801000,"d":"Kanpur Dehat","s":"UTTAR PRADESH"}},{"arcs":[[546,-472,547,548,549]],"type":"Polygon","properties":{"n":"Dhar","c":149549,"d":"Kanpur Dehat","s":"UTTAR PRADESH"}},{"arcs":[[-422,550,551,552]],"type":"Polygon","properties":{"n":"Sahabapur","c":149544,"d":"Kanpur Dehat","s":"UTTAR PRADESH"}},{"arcs":[[553,554,-257,555,556]],"type":"Polygon","properties":{"n":"Darhwapur","c":149567,"d":"Kanpur Dehat","s":"UTTAR PRADESH"}},{"arcs":[[557,-67,558,559]],"type":"Polygon","properties":{"n":"Mohadiyapur","c":149518,"d":"Kanpur Dehat","s":"UTTAR PRADESH"}},{"arcs":[[560,561,-557,562,563,564]],"type":"Polygon","properties":{"n":"Anguri","c":149566,"d":"Kanpur Dehat","s":"UTTAR PRADESH"}},{"arcs":[[565,566,-127,567,-353,568]],"type":"Polygon","properties":{"n":"Dewanpur","c":149813,"d":"Kanpur Dehat","s":"UTTAR PRADESH"}},{"arcs":[[-133,569,570,571,572]],"type":"Polygon","properties":{"n":"Karimnagar","c":149803,"d":"Kanpur Dehat","s":"UTTAR PRADESH"}},{"arcs":[[573,574,575,576,-122,577,578]],"type":"Polygon","properties":{"n":"Pur","c":149310,"d":"Kanpur Dehat","s":"UTTAR PRADESH"}},{"arcs":[[579,580,581,582,583,584]],"type":"Polygon","properties":{"n":"Ulrapur","c":149118,"d":"Kanpur Dehat","s":"UTTAR PRADESH"}},{"arcs":[[585,586,587,588,589,590,591]],"type":"Polygon","properties":{"n":"Bahiri Umri","c":149111,"d":"Kanpur Dehat","s":"UTTAR PRADESH"}},{"arcs":[[592,-342,593,594,595,596,597]],"type":"Polygon","properties":{"n":"Sabdalpur","c":149164,"d":"Kanpur Dehat","s":"UTTAR PRADESH"}},{"arcs":[[598,599,600,601,-172]],"type":"Polygon","properties":{"n":"Alam Chandpur","c":149376,"d":"Kanpur Dehat","s":"UTTAR PRADESH"}},{"arcs":[[-528,-424,602,603]],"type":"Polygon","properties":{"n":"Gopalpur Bhoganipur","c":149540,"d":"Kanpur Dehat","s":"UTTAR PRADESH"}},{"arcs":[[604,-520,-77,-220]],"type":"Polygon","properties":{"n":"Pilkhini","c":149587,"d":"Kanpur Dehat","s":"UTTAR PRADESH"}},{"arcs":[[605,606,607,608,609,-189]],"type":"Polygon","properties":{"n":"Chaura","c":149622,"d":"Kanpur Dehat","s":"UTTAR PRADESH"}},{"arcs":[[610,611,612,-606,-188,613]],"type":"Polygon","properties":{"n":"Puraini","c":149623,"d":"Kanpur Dehat","s":"UTTAR PRADESH"}},{"arcs":[[614,-227,615,616,617,-576]],"type":"Polygon","properties":{"n":"Jyotish","c":149349,"d":"Kanpur Dehat","s":"UTTAR PRADESH"}},{"arcs":[[618,619,620,621,622,623,624,625]],"type":"Polygon","properties":{"n":"Mirjapur Kalan","c":149732,"d":"Kanpur Dehat","s":"UTTAR PRADESH"}},{"arcs":[[626,627,628,629,630,631,632]],"type":"Polygon","properties":{"n":"Jagammanpur","c":149461,"d":"Kanpur Dehat","s":"UTTAR PRADESH"}},{"arcs":[[633,634,635,-232]],"type":"Polygon","properties":{"n":"Kukchhi","c":149362,"d":"Kanpur Dehat","s":"UTTAR PRADESH"}},{"arcs":[[636,637,638,639,640]],"type":"Polygon","properties":{"n":"Mohammadpur Marza","c":149352,"d":"Kanpur Dehat","s":"UTTAR PRADESH"}},{"arcs":[[-595,641,642,643]],"type":"Polygon","properties":{"n":"Larpur Paith","c":149156,"d":"Kanpur Dehat","s":"UTTAR PRADESH"}},{"arcs":[[644,645,646,647,648]],"type":"Polygon","properties":{"n":"Asalna","c":149755,"d":"Kanpur Dehat","s":"UTTAR PRADESH"}},{"arcs":[[649,-371,650,-491,651]],"type":"Polygon","properties":{"n":"Randheerpur","c":149716,"d":"Kanpur Dehat","s":"UTTAR PRADESH"}},{"arcs":[[-132,652,653,-570]],"type":"Polygon","properties":{"n":" ","c":0,"d":"Kanpur Dehat","s":"UTTAR PRADESH"}},{"arcs":[[654,655,656,657,-124]],"type":"Polygon","properties":{"n":"Sangasiyapur","c":149347,"d":"Kanpur Dehat","s":"UTTAR PRADESH"}},{"arcs":[[658,659,660,661,662,-634,-231,-238]],"type":"Polygon","properties":{"n":"Mairakhpur","c":149363,"d":"Kanpur Dehat","s":"UTTAR PRADESH"}},{"arcs":[[663,664,665,666,667,668]],"type":"Polygon","properties":{"n":"Bahera","c":149694,"d":"Kanpur Dehat","s":"UTTAR PRADESH"}},{"arcs":[[-478,-251,-555,669]],"type":"Polygon","properties":{"n":"Shyam Sunderpur","c":149573,"d":"Kanpur Dehat","s":"UTTAR PRADESH"}},{"arcs":[[670,671,-80,672,673,674,-194]],"type":"Polygon","properties":{"n":"Anantapur","c":149512,"d":"Kanpur Dehat","s":"UTTAR PRADESH"}},{"arcs":[[675,676,-285,677,-565,678,679,680,681,682]],"type":"Polygon","properties":{"n":"Akorhi","c":149501,"d":"Kanpur Dehat","s":"UTTAR PRADESH"}},{"arcs":[[683,684,685,686,687,-92,688]],"type":"Polygon","properties":{"n":"Damanpur","c":149879,"d":"Kanpur Dehat","s":"UTTAR PRADESH"}},{"arcs":[[689,690,691,692,-671,-193,693]],"type":"Polygon","properties":{"n":"Murlipur","c":149514,"d":"Kanpur Dehat","s":"UTTAR PRADESH"}},{"arcs":[[694,695,696,697]],"type":"Polygon","properties":{"n":"Bhila Hindupur","c":149232,"d":"Kanpur Dehat","s":"UTTAR PRADESH"}},{"arcs":[[698,699,700,701,702,703]],"type":"Polygon","properties":{"n":"Parhuli","c":149064,"d":"Kanpur Dehat","s":"UTTAR PRADESH"}},{"arcs":[[704,705,706,-692]],"type":"Polygon","properties":{"n":"Dikchhitain Purwa","c":149516,"d":"Kanpur Dehat","s":"UTTAR PRADESH"}},{"arcs":[[-679,-564,707,708,709]],"type":"Polygon","properties":{"n":"Baherimah","c":149565,"d":"Kanpur Dehat","s":"UTTAR PRADESH"}},{"arcs":[[710,711,712,713,714,715,716]],"type":"Polygon","properties":{"n":"Sithmara","c":149103,"d":"Kanpur Dehat","s":"UTTAR PRADESH"}},{"arcs":[[717,718,719,720,721,722,723,724,725]],"type":"Polygon","properties":{"n":"Nijawatpur","c":149292,"d":"Kanpur Dehat","s":"UTTAR PRADESH"}},{"arcs":[[726,727,728,729,730]],"type":"Polygon","properties":{"n":"Khanpur Chain","c":149098,"d":"Kanpur Dehat","s":"UTTAR PRADESH"}},{"arcs":[[731,732,733,734,735,736,-442]],"type":"Polygon","properties":{"n":"Nonapur","c":149603,"d":"Kanpur Dehat","s":"UTTAR PRADESH"}},{"arcs":[[737,738,739,-447,740]],"type":"Polygon","properties":{"n":"Nathuapur","c":149636,"d":"Kanpur Dehat","s":"UTTAR PRADESH"}},{"arcs":[[-432,741,742,743,744,745,746,747,748,749]],"type":"Polygon","properties":{"n":"Chapar Ghata","c":149639,"d":"Kanpur Dehat","s":"UTTAR PRADESH"}},{"arcs":[[750,751,752,753,-437,754]],"type":"Polygon","properties":{"n":"Budhera Bhoganipur","c":149601,"d":"Kanpur Dehat","s":"UTTAR PRADESH"}},{"arcs":[[-443,-737,755,-751,756]],"type":"Polygon","properties":{"n":"Biroha","c":149600,"d":"Kanpur Dehat","s":"UTTAR PRADESH"}},{"arcs":[[757,-741,-446,758,759]],"type":"Polygon","properties":{"n":"Bauwan","c":149635,"d":"Kanpur Dehat","s":"UTTAR PRADESH"}},{"arcs":[[760,761,-513,762,-384,763]],"type":"Polygon","properties":{"n":"Bahuraj","c":148969,"d":"Kanpur Dehat","s":"UTTAR PRADESH"}},{"arcs":[[764,765,-761,766]],"type":"Polygon","properties":{"n":"Nivada Mitai","c":148971,"d":"Kanpur Dehat","s":"UTTAR PRADESH"}},{"arcs":[[767,768,769,770,771,772,773]],"type":"Polygon","properties":{"n":"Shahpur Derapur","c":149052,"d":"Kanpur Dehat","s":"UTTAR PRADESH"}},{"arcs":[[774,775,-266,776,777]],"type":"Polygon","properties":{"n":"Rajpur","c":149047,"d":"Kanpur Dehat","s":"UTTAR PRADESH"}},{"arcs":[[-301,-335,778,779,780]],"type":"Polygon","properties":{"n":"Apauna","c":148943,"d":"Kanpur Dehat","s":"UTTAR PRADESH"}},{"arcs":[[781,782,-37,783,-35,784,785,786,787,-19,788,789]],"type":"Polygon","properties":{"n":"Nar Khurd","c":148885,"d":"Kanpur Dehat","s":"UTTAR PRADESH"}},{"arcs":[[790,-28,791,792,-30,-783,793,794,795]],"type":"Polygon","properties":{"n":"Tajpur Tarsauli","c":148883,"d":"Kanpur Dehat","s":"UTTAR PRADESH"}},{"arcs":[[796,797,-462,-42,798,799,800]],"type":"Polygon","properties":{"n":"Daya","c":148921,"d":"Kanpur Dehat","s":"UTTAR PRADESH"}},{"arcs":[[801,802,803,804]],"type":"Polygon","properties":{"n":"Khalakpur","c":149012,"d":"Kanpur Dehat","s":"UTTAR PRADESH"}},{"arcs":[[-795,805,806]],"type":"Polygon","properties":{"n":"Shankerpur","c":148882,"d":"Kanpur Dehat","s":"UTTAR PRADESH"}},{"arcs":[[807,808,-802,809,810,811]],"type":"Polygon","properties":{"n":"Udaitpur Shioli","c":149013,"d":"Kanpur Dehat","s":"UTTAR PRADESH"}},{"arcs":[[812,813,-60,-18,-464,814,-797,815,816]],"type":"Polygon","properties":{"n":"Paharipur","c":148915,"d":"Kanpur Dehat","s":"UTTAR PRADESH"}},{"arcs":[[817,818,819,-541,820,821]],"type":"Polygon","properties":{"n":"Atwa","c":149590,"d":"Kanpur Dehat","s":"UTTAR PRADESH"}},{"arcs":[[-517,822,-278,823]],"type":"Polygon","properties":{"n":"Shekhpur","c":149570,"d":"Kanpur Dehat","s":"UTTAR PRADESH"}},{"arcs":[[-549,824,825,-465,-527,826]],"type":"Polygon","properties":{"n":"Bamharauli","c":149550,"d":"Kanpur Dehat","s":"UTTAR PRADESH"}},{"arcs":[[-546,827,828,829,-523]],"type":"Polygon","properties":{"n":"Sunrapur","c":149576,"d":"Kanpur Dehat","s":"UTTAR PRADESH"}},{"arcs":[[830,831,832,833,834]],"type":"Polygon","properties":{"n":"Sihua Bhira","c":148856,"d":"Kanpur Dehat","s":"UTTAR PRADESH"}},{"arcs":[[835,836]],"type":"Polygon","properties":{"n":"Gopalpur Jugoo","c":148910,"d":"Kanpur Dehat","s":"UTTAR PRADESH"}},{"arcs":[[837,838,839,840,-800,841,842,843,844]],"type":"Polygon","properties":{"n":"Rasulabad (NP)","c":800936,"d":"Kanpur Dehat","s":"UTTAR PRADESH"}},{"arcs":[[845,-196,846,847,848,849]],"type":"Polygon","properties":{"n":"Saidalipur","c":149473,"d":"Kanpur Dehat","s":"UTTAR PRADESH"}},{"arcs":[[850,851,852,853,854]],"type":"Polygon","properties":{"n":"Jamalpur","c":149853,"d":"Kanpur Dehat","s":"UTTAR PRADESH"}},{"arcs":[[855,856,857,858,859,-130]],"type":"Polygon","properties":{"n":"Salempur Baina","c":149821,"d":"Kanpur Dehat","s":"UTTAR PRADESH"}},{"arcs":[[-201,860,-95,861,862,863,864]],"type":"Polygon","properties":{"n":"Mohammadpur Newada","c":149827,"d":"Kanpur Dehat","s":"UTTAR PRADESH"}},{"arcs":[[865,866,867,-714]],"type":"Polygon","properties":{"n":"Ambiyapur","c":149107,"d":"Kanpur Dehat","s":"UTTAR PRADESH"}},{"arcs":[[868,869,870,871,872,873,874,875]],"type":"Polygon","properties":{"n":"Anwan","c":149865,"d":"Kanpur Dehat","s":"UTTAR PRADESH"}},{"arcs":[[876,-145,877,878,879,-136,880,881]],"type":"Polygon","properties":{"n":"Gauri","c":149642,"d":"Kanpur Dehat","s":"UTTAR PRADESH"}},{"arcs":[[882,883,-435,884,885,886,887]],"type":"Polygon","properties":{"n":"Gauri Rajjan","c":149612,"d":"Kanpur Dehat","s":"UTTAR PRADESH"}},{"arcs":[[-467,888,889,-749,890,-420]],"type":"Polygon","properties":{"n":"Sihari","c":149547,"d":"Kanpur Dehat","s":"UTTAR PRADESH"}},{"arcs":[[891,892,-450,893,894,-543]],"type":"Polygon","properties":{"n":"Durga Daspur","c":149593,"d":"Kanpur Dehat","s":"UTTAR PRADESH"}},{"arcs":[[895,-821,-540,896,-69]],"type":"Polygon","properties":{"n":"Gadai Khera","c":149589,"d":"Kanpur Dehat","s":"UTTAR PRADESH"}},{"arcs":[[897,-146,-877,898,-745]],"type":"Polygon","properties":{"n":"Keotra Bangar","c":149643,"d":"Kanpur Dehat","s":"UTTAR PRADESH"}},{"arcs":[[899,900,901,902,903,904]],"type":"Polygon","properties":{"n":"Haliya Bangar","c":149649,"d":"Kanpur Dehat","s":"UTTAR PRADESH"}},{"arcs":[[-754,905,906,907,-438]],"type":"Polygon","properties":{"n":"Mohammadpur Bhognipur","c":149617,"d":"Kanpur Dehat","s":"UTTAR PRADESH"}},{"arcs":[[-747,908,909,910,-738,-758,911,912]],"type":"Polygon","properties":{"n":"Sarayan","c":149638,"d":"Kanpur Dehat","s":"UTTAR PRADESH"}},{"arcs":[[-829,913,914,-475,915]],"type":"Polygon","properties":{"n":"Allahpur","c":149578,"d":"Kanpur Dehat","s":"UTTAR PRADESH"}},{"arcs":[[916,-883,917,918]],"type":"Polygon","properties":{"n":"Raigawa","c":149583,"d":"Kanpur Dehat","s":"UTTAR PRADESH"}},{"arcs":[[919,-454,-444,-757,-755,-436,-884,-917,920]],"type":"Polygon","properties":{"n":"Bhoganipur","c":149596,"d":"Kanpur Dehat","s":"UTTAR PRADESH"}},{"arcs":[[-603,-423,-553,921,922]],"type":"Polygon","properties":{"n":"Mutaharapur","c":149521,"d":"Kanpur Dehat","s":"UTTAR PRADESH"}},{"arcs":[[923,924,-592,925,-867]],"type":"Polygon","properties":{"n":"Alawalpur","c":149108,"d":"Kanpur Dehat","s":"UTTAR PRADESH"}},{"arcs":[[926,927,928]],"type":"Polygon","properties":{"n":"Asvi","c":149675,"d":"Kanpur Dehat","s":"UTTAR PRADESH"}},{"arcs":[[929,930,931,932,933,-702]],"type":"Polygon","properties":{"n":"Sabalpur","c":149072,"d":"Kanpur Dehat","s":"UTTAR PRADESH"}},{"arcs":[[934,935,936]],"type":"Polygon","properties":{"n":"Bari","c":149691,"d":"Kanpur Dehat","s":"UTTAR PRADESH"}},{"arcs":[[937,938,939,940]],"type":"Polygon","properties":{"n":"Gadanpur","c":149275,"d":"Kanpur Dehat","s":"UTTAR PRADESH"}},{"arcs":[[941,942,-669,943,-937,944,945]],"type":"Polygon","properties":{"n":"Khanpur Dilwal","c":149689,"d":"Kanpur Dehat","s":"UTTAR PRADESH"}},{"arcs":[[-935,-944,-668,946,947,-930,-701,948,949,950]],"type":"Polygon","properties":{"n":"Mangalpur","c":149069,"d":"Kanpur Dehat","s":"UTTAR PRADESH"}},{"arcs":[[951,952,-876,953,954]],"type":"Polygon","properties":{"n":"Daunliyapur","c":149862,"d":"Kanpur Dehat","s":"UTTAR PRADESH"}},{"arcs":[[955,956,957,958]],"type":"Polygon","properties":{"n":"Shakhin Buzurg","c":149790,"d":"Kanpur Dehat","s":"UTTAR PRADESH"}},{"arcs":[[-376,959,-113,960,-410]],"type":"Polygon","properties":{"n":"Bhayamau","c":149723,"d":"Kanpur Dehat","s":"UTTAR PRADESH"}},{"arcs":[[961,962,963,964]],"type":"Polygon","properties":{"n":"Ajeemabad","c":148958,"d":"Kanpur Dehat","s":"UTTAR PRADESH"}},{"arcs":[[965,966,967,968,-409,969,970,971,972]],"type":"Polygon","properties":{"n":"Fattepur Derapur","c":149147,"d":"Kanpur Dehat","s":"UTTAR PRADESH"}},{"arcs":[[973,974,975,976,977,978,979,980]],"type":"Polygon","properties":{"n":"Usari","c":148874,"d":"Kanpur Dehat","s":"UTTAR PRADESH"}},{"arcs":[[981,-137,-880]],"type":"Polygon","properties":{"n":" ","c":149641,"d":"Kanpur Dehat","s":"UTTAR PRADESH"}},{"arcs":[[982,-150,983,984]],"type":"Polygon","properties":{"n":" ","c":149653,"d":"Kanpur Dehat","s":"UTTAR PRADESH"}},{"arcs":[[985,986,987,988,989,-241,990,991]],"type":"Polygon","properties":{"n":" ","c":149838,"d":"Kanpur Dehat","s":"UTTAR PRADESH"}},{"arcs":[[992,993,994]],"type":"Polygon","properties":{"n":" ","c":149776,"d":"Kanpur Dehat","s":"UTTAR PRADESH"}},{"arcs":[[995,996,997,998,-204,999,1000,1001,-98]],"type":"Polygon","properties":{"n":"Jalalpur Nagin","c":149428,"d":"Kanpur Dehat","s":"UTTAR PRADESH"}},{"arcs":[[-990,1002,1003,1004,-242]],"type":"Polygon","properties":{"n":"Gopalpur Derapur","c":149839,"d":"Kanpur Dehat","s":"UTTAR PRADESH"}},{"arcs":[[1005,1006,1007,1008,1009,1010]],"type":"Polygon","properties":{"n":"Kamir","c":149328,"d":"Kanpur Dehat","s":"UTTAR PRADESH"}},{"arcs":[[1011,-292,-215,1012,-414,1013]],"type":"Polygon","properties":{"n":"Baliyapur","c":149726,"d":"Kanpur Dehat","s":"UTTAR PRADESH"}},{"arcs":[[1014,1015,1016,1017]],"type":"Polygon","properties":{"n":"Rampur","c":149751,"d":"Kanpur Dehat","s":"UTTAR PRADESH"}},{"arcs":[[-369,-412,1018,1019,1020,1021]],"type":"Polygon","properties":{"n":"Tutuapur","c":149720,"d":"Kanpur Dehat","s":"UTTAR PRADESH"}},{"arcs":[[1022,1023,1024,1025,-115,1026]],"type":"Polygon","properties":{"n":"Gauri Hasanpur","c":149768,"d":"Kanpur Dehat","s":"UTTAR PRADESH"}},{"arcs":[[1027,-632,1028,-154,-339,1029]],"type":"Polygon","properties":{"n":"Mawai Mukta","c":149178,"d":"Kanpur Dehat","s":"UTTAR PRADESH"}},{"arcs":[[1030,1031,1032,1033,1034]],"type":"Polygon","properties":{"n":"Sarwa Tappa Tigai","c":149278,"d":"Kanpur Dehat","s":"UTTAR PRADESH"}},{"arcs":[[1035,1036,1037,1038,-695,1039]],"type":"Polygon","properties":{"n":"Gambhirpur","c":149233,"d":"Kanpur Dehat","s":"UTTAR PRADESH"}},{"arcs":[[-696,-1039,1040,1041,1042,1043,1044,1045,1046]],"type":"Polygon","properties":{"n":"Bhanwarpur","c":149231,"d":"Kanpur Dehat","s":"UTTAR PRADESH"}},{"arcs":[[1047,1048,1049,1050,1051,1052,1053,1054]],"type":"Polygon","properties":{"n":"Keshi","c":149466,"d":"Kanpur Dehat","s":"UTTAR PRADESH"}},{"arcs":[[1055,1056,1057,1058,1059]],"type":"Polygon","properties":{"n":"Bibapur","c":149462,"d":"Kanpur Dehat","s":"UTTAR PRADESH"}},{"arcs":[[-291,1060,1061,-959,1062,1063,-213]],"type":"Polygon","properties":{"n":"Jatiapur","c":149785,"d":"Kanpur Dehat","s":"UTTAR PRADESH"}},{"arcs":[[-596,-644,1064,1065,1066,1067]],"type":"Polygon","properties":{"n":"Bharawal","c":149155,"d":"Kanpur Dehat","s":"UTTAR PRADESH"}},{"arcs":[[1068,1069,1070,1071,1072]],"type":"Polygon","properties":{"n":"Sihura","c":149773,"d":"Kanpur Dehat","s":"UTTAR PRADESH"}},{"arcs":[[1073,1074,-640,1075,1076,1077,1078,-657]],"type":"Polygon","properties":{"n":"Sariyapur","c":149353,"d":"Kanpur Dehat","s":"UTTAR PRADESH"}},{"arcs":[[1079,-649,1080,1081,1082]],"type":"Polygon","properties":{"n":"Firojapur","c":149754,"d":"Kanpur Dehat","s":"UTTAR PRADESH"}},{"arcs":[[1083,1084,1085,-389,-507,-762,-766]],"type":"Polygon","properties":{"n":"Ghaghoo","c":148970,"d":"Kanpur Dehat","s":"UTTAR PRADESH"}},{"arcs":[[1086,1087,1088,-871,1089]],"type":"Polygon","properties":{"n":"Khoja Rampur Bangar","c":149872,"d":"Kanpur Dehat","s":"UTTAR PRADESH"}},{"arcs":[[1090,1091,1092,1093,1094,-858]],"type":"Polygon","properties":{"n":"Jainpur","c":149822,"d":"Kanpur Dehat","s":"UTTAR PRADESH"}},{"arcs":[[1095,1096,1097,-569,-352]],"type":"Polygon","properties":{"n":"Dayanatpur","c":149812,"d":"Kanpur Dehat","s":"UTTAR PRADESH"}},{"arcs":[[1098,1099,-988]],"type":"Polygon","properties":{"n":"Harbanspur","c":149837,"d":"Kanpur Dehat","s":"UTTAR PRADESH"}},{"arcs":[[1100,1101,-1049,1102,-638]],"type":"Polygon","properties":{"n":"Gauriyapur","c":149357,"d":"Kanpur Dehat","s":"UTTAR PRADESH"}},{"arcs":[[1103,1104,1105,1106,1107]],"type":"Polygon","properties":{"n":"Manpur","c":149797,"d":"Kanpur Dehat","s":"UTTAR PRADESH"}},{"arcs":[[1108,1109,1110,-1025]],"type":"Polygon","properties":{"n":"Rajauli","c":149793,"d":"Kanpur Dehat","s":"UTTAR PRADESH"}},{"arcs":[[1111,-163,-168,1112,-399,1113]],"type":"Polygon","properties":{"n":"Khirwan","c":149158,"d":"Kanpur Dehat","s":"UTTAR PRADESH"}},{"arcs":[[1114,1115,1116,1117,1118,1119]],"type":"Polygon","properties":{"n":"Kariya Jhala","c":149044,"d":"Kanpur Dehat","s":"UTTAR PRADESH"}},{"arcs":[[-1065,-643,1120,-1114,-398,1121]],"type":"Polygon","properties":{"n":"Dundi Bari","c":149157,"d":"Kanpur Dehat","s":"UTTAR PRADESH"}},{"arcs":[[-1081,-648,1122,1123,1124,1125]],"type":"Polygon","properties":{"n":"Aliapur","c":149742,"d":"Kanpur Dehat","s":"UTTAR PRADESH"}},{"arcs":[[-971,1126,1127,1128]],"type":"Polygon","properties":{"n":"Khajuri","c":149146,"d":"Kanpur Dehat","s":"UTTAR PRADESH"}},{"arcs":[[-255,1129,1130,1131,1132,1133,1134,-515,1135]],"type":"Polygon","properties":{"n":"Girdharpur","c":149608,"d":"Kanpur Dehat","s":"UTTAR PRADESH"}},{"arcs":[[-358,1136,1137,1138,1139]],"type":"Polygon","properties":{"n":"Nagawa Bangar","c":149667,"d":"Kanpur Dehat","s":"UTTAR PRADESH"}},{"arcs":[[1140,-1137,-357,1141]],"type":"Polygon","properties":{"n":"Salarpur","c":149669,"d":"Kanpur Dehat","s":"UTTAR PRADESH"}},{"arcs":[[1142,1143,1144,1145,1146,-608]],"type":"Polygon","properties":{"n":"Dilauliya Bangar","c":149628,"d":"Kanpur Dehat","s":"UTTAR PRADESH"}},{"arcs":[[1147,1148,1149,-1143,-607,-613]],"type":"Polygon","properties":{"n":"Bilhapur","c":149626,"d":"Kanpur Dehat","s":"UTTAR PRADESH"}},{"arcs":[[-360,1150,-363,1151,-1149,1152,1153]],"type":"Polygon","properties":{"n":"Paniyanmau","c":149664,"d":"Kanpur Dehat","s":"UTTAR PRADESH"}},{"arcs":[[-693,-707,1154,1155,-74,-672]],"type":"Polygon","properties":{"n":"Dobha","c":149513,"d":"Kanpur Dehat","s":"UTTAR PRADESH"}},{"arcs":[[1156,1157,1158]],"type":"Polygon","properties":{"n":"Akabarnagar","c":149526,"d":"Kanpur Dehat","s":"UTTAR PRADESH"}},{"arcs":[[1159,1160,1161,1162,1163,1164]],"type":"Polygon","properties":{"n":"Bahbalpur","c":149703,"d":"Kanpur Dehat","s":"UTTAR PRADESH"}},{"arcs":[[1165,1166,1167,1168]],"type":"Polygon","properties":{"n":"Rataniyapur","c":149143,"d":"Kanpur Dehat","s":"UTTAR PRADESH"}},{"arcs":[[-226,1169,1170,1171,-616]],"type":"Polygon","properties":{"n":"Taharpur Maidu","c":149343,"d":"Kanpur Dehat","s":"UTTAR PRADESH"}},{"arcs":[[-1063,-958,1172,1173,1174,-373,1175]],"type":"Polygon","properties":{"n":"Mahmudpur Buzurg","c":149784,"d":"Kanpur Dehat","s":"UTTAR PRADESH"}},{"arcs":[[1176,1177,1178,1179,1180,1181,1182,-1170,-225]],"type":"Polygon","properties":{"n":"Akbarpur (NP)","c":800998,"d":"Kanpur Dehat","s":"UTTAR PRADESH"}},{"arcs":[[1183,1184,1185,1186,1187,1188,1189]],"type":"Polygon","properties":{"n":"Sambharpur Shiwali","c":149212,"d":"Kanpur Dehat","s":"UTTAR PRADESH"}},{"arcs":[[1190,-1188,1191,1192,-295]],"type":"Polygon","properties":{"n":"Jugrajpur Shiwali","c":149223,"d":"Kanpur Dehat","s":"UTTAR PRADESH"}},{"arcs":[[1193,-709,1194,1195,1196,1197]],"type":"Polygon","properties":{"n":"Gauri Karan","c":149499,"d":"Kanpur Dehat","s":"UTTAR PRADESH"}},{"arcs":[[1198,-185,1199,1200]],"type":"Polygon","properties":{"n":"Lewamau","c":149530,"d":"Kanpur Dehat","s":"UTTAR PRADESH"}},{"arcs":[[1201,-680,-710,-1194,1202,1203]],"type":"Polygon","properties":{"n":"Birma","c":149500,"d":"Kanpur Dehat","s":"UTTAR PRADESH"}},{"arcs":[[1204,1205,1206]],"type":"Polygon","properties":{"n":"Jigna","c":149701,"d":"Kanpur Dehat","s":"UTTAR PRADESH"}},{"arcs":[[1207,1208,1209,1210,1211,1212,1213]],"type":"Polygon","properties":{"n":"Baragaon Bhikkhi","c":149128,"d":"Kanpur Dehat","s":"UTTAR PRADESH"}},{"arcs":[[1214,1215,1216,1217]],"type":"Polygon","properties":{"n":"Udaypur","c":149709,"d":"Kanpur Dehat","s":"UTTAR PRADESH"}},{"arcs":[[1218,-584,1219,1220,1221,1222]],"type":"Polygon","properties":{"n":"Jignish","c":149127,"d":"Kanpur Dehat","s":"UTTAR PRADESH"}},{"arcs":[[1223,-1059,1224,-160,1225,-156]],"type":"Polygon","properties":{"n":"Mugishapur","c":149177,"d":"Kanpur Dehat","s":"UTTAR PRADESH"}},{"arcs":[[1226,1227,-704,1228,1229,1230,1231]],"type":"Polygon","properties":{"n":"Aurangabad Bhola Hulash","c":149063,"d":"Kanpur Dehat","s":"UTTAR PRADESH"}},{"arcs":[[-1192,-1187,1232,-725,1233,1234,1235]],"type":"Polygon","properties":{"n":"Purwa Sutan","c":149224,"d":"Kanpur Dehat","s":"UTTAR PRADESH"}},{"arcs":[[1236,1237,-1185,1238]],"type":"Polygon","properties":{"n":"Muridpur","c":149288,"d":"Kanpur Dehat","s":"UTTAR PRADESH"}},{"arcs":[[-636,1239,1240,1241,1242,1243,-233]],"type":"Polygon","properties":{"n":"Karaunsa","c":149361,"d":"Kanpur Dehat","s":"UTTAR PRADESH"}},{"arcs":[[-946,1244,1245,1246]],"type":"Polygon","properties":{"n":"Surasi","c":149684,"d":"Kanpur Dehat","s":"UTTAR PRADESH"}},{"arcs":[[1247,-986,1248]],"type":"Polygon","properties":{"n":"Nasirpur","c":149834,"d":"Kanpur Dehat","s":"UTTAR PRADESH"}},{"arcs":[[1249,-355,1250,1251,1252,1253]],"type":"Polygon","properties":{"n":"Madanpur","c":149800,"d":"Kanpur Dehat","s":"UTTAR PRADESH"}},{"arcs":[[-1124,1254,-1104,1255,1256]],"type":"Polygon","properties":{"n":"Nainapur","c":149814,"d":"Kanpur Dehat","s":"UTTAR PRADESH"}},{"arcs":[[-582,1257,1258]],"type":"Polygon","properties":{"n":" ","c":149132,"d":"Kanpur Dehat","s":"UTTAR PRADESH"}},{"arcs":[[1259,1260,1261,1262,1263,1264,1265,1266]],"type":"Polygon","properties":{"n":"Mundera","c":149484,"d":"Kanpur Dehat","s":"UTTAR PRADESH"}},{"arcs":[[1267,1268,1269,1270,1271,1272]],"type":"Polygon","properties":{"n":"Tutui Chand","c":149481,"d":"Kanpur Dehat","s":"UTTAR PRADESH"}},{"arcs":[[1273,1274,1275,1276]],"type":"Polygon","properties":{"n":"Sardarpur","c":149835,"d":"Kanpur Dehat","s":"UTTAR PRADESH"}},{"arcs":[[-492,-651,-370,-1022,1277]],"type":"Polygon","properties":{"n":"Chamraua","c":149719,"d":"Kanpur Dehat","s":"UTTAR PRADESH"}},{"arcs":[[1278,1279,-1210,1280]],"type":"Polygon","properties":{"n":"Udnapur","c":149130,"d":"Kanpur Dehat","s":"UTTAR PRADESH"}},{"arcs":[[1281,-731,1282,1283,1284]],"type":"Polygon","properties":{"n":"Juriya","c":149078,"d":"Kanpur Dehat","s":"UTTAR PRADESH"}},{"arcs":[[-1283,-730,1285,1286,1287,1288,1289,1290,1291]],"type":"Polygon","properties":{"n":"Khamhaila","c":149079,"d":"Kanpur Dehat","s":"UTTAR PRADESH"}},{"arcs":[[1292,-717,1293,1294,1295]],"type":"Polygon","properties":{"n":"Bacheet Jasoo","c":149090,"d":"Kanpur Dehat","s":"UTTAR PRADESH"}},{"arcs":[[1296,1297,1298,1299,1300,1301,1302,-770,1303]],"type":"Polygon","properties":{"n":"Lagartha","c":149060,"d":"Kanpur Dehat","s":"UTTAR PRADESH"}},{"arcs":[[1304,1305,1306,-1032]],"type":"Polygon","properties":{"n":"Gutaiya","c":149279,"d":"Kanpur Dehat","s":"UTTAR PRADESH"}},{"arcs":[[1307,1308,1309,1310,1311]],"type":"Polygon","properties":{"n":"Barapur","c":148994,"d":"Kanpur Dehat","s":"UTTAR PRADESH"}},{"arcs":[[1312,-1231,1313,-329]],"type":"Polygon","properties":{"n":"Aurangabad Heeramansha","c":149056,"d":"Kanpur Dehat","s":"UTTAR PRADESH"}},{"arcs":[[-1236,1314,1315,-296,-1193]],"type":"Polygon","properties":{"n":"Devipur","c":149237,"d":"Kanpur Dehat","s":"UTTAR PRADESH"}},{"arcs":[[1316,1317,1318,1319,1320,1321]],"type":"Polygon","properties":{"n":"Jagammanpur Dhir","c":148906,"d":"Kanpur Dehat","s":"UTTAR PRADESH"}},{"arcs":[[1322,1323,1324,1325,-974,1326,1327,1328,1329]],"type":"Polygon","properties":{"n":"Jot","c":148871,"d":"Kanpur Dehat","s":"UTTAR PRADESH"}},{"arcs":[[-708,-563,-556,1330,-519,1331,1332,-1195]],"type":"Polygon","properties":{"n":"Jahangirpur","c":149564,"d":"Kanpur Dehat","s":"UTTAR PRADESH"}},{"arcs":[[1333,-72,-221,-75,-1156]],"type":"Polygon","properties":{"n":"Andawan","c":149509,"d":"Kanpur Dehat","s":"UTTAR PRADESH"}},{"arcs":[[1334,1335,1336,-550,-827,-526,-216,1337,-182]],"type":"Polygon","properties":{"n":"Bijaipur","c":149538,"d":"Kanpur Dehat","s":"UTTAR PRADESH"}},{"arcs":[[1338,-1157,1339,-218,-529,-604,-923,1340,-560,1341,1342]],"type":"Polygon","properties":{"n":"Girdaun","c":149527,"d":"Kanpur Dehat","s":"UTTAR PRADESH"}},{"arcs":[[-1342,-559,-73,-1334,-1155,-706,1343]],"type":"Polygon","properties":{"n":"Chhataini","c":149517,"d":"Kanpur Dehat","s":"UTTAR PRADESH"}},{"arcs":[[-404,1344,1345,1346,1347,1348]],"type":"Polygon","properties":{"n":"Khalagaon","c":149758,"d":"Kanpur Dehat","s":"UTTAR PRADESH"}},{"arcs":[[1349,1350,-1301,1351,1352,1353,-1232,-1313,-328,1354]],"type":"Polygon","properties":{"n":"Aurangabad Dalchand","c":149057,"d":"Kanpur Dehat","s":"UTTAR PRADESH"}},{"arcs":[[1355,-1197,1356,-176,1357,1358,1359]],"type":"Polygon","properties":{"n":"Pachlakh","c":149498,"d":"Kanpur Dehat","s":"UTTAR PRADESH"}},{"arcs":[[-195,-675,1360,1361,1362,-847]],"type":"Polygon","properties":{"n":"Bamhanauti","c":149477,"d":"Kanpur Dehat","s":"UTTAR PRADESH"}},{"arcs":[[1363,1364,1365,-1177,-224,1366]],"type":"Polygon","properties":{"n":"Jagjiwanpur","c":149340,"d":"Kanpur Dehat","s":"UTTAR PRADESH"}},{"arcs":[[1367,1368,-327,-322,1369,1370,1371,-1310]],"type":"Polygon","properties":{"n":"Barra Tharra","c":148995,"d":"Kanpur Dehat","s":"UTTAR PRADESH"}},{"arcs":[[-1370,-321,1372,-495,1373]],"type":"Polygon","properties":{"n":"Shahbajpur","c":148993,"d":"Kanpur Dehat","s":"UTTAR PRADESH"}},{"arcs":[[-323,-1369,1374]],"type":"Polygon","properties":{"n":"Jitai Ka Purwa","c":148996,"d":"Kanpur Dehat","s":"UTTAR PRADESH"}},{"arcs":[[1375,1376,1377,1378,1379]],"type":"Polygon","properties":{"n":"Tipatiya","c":148911,"d":"Kanpur Dehat","s":"UTTAR PRADESH"}},{"arcs":[[-1107,1380,-1276,1381,-1249,-992,1382,-956,-1062,1383]],"type":"Polygon","properties":{"n":"Sikandra (NP)","c":801001,"d":"Kanpur Dehat","s":"UTTAR PRADESH"}},{"arcs":[[1384,1385,1386,1387,-117]],"type":"Polygon","properties":{"n":"Hari Kishanpur","c":149771,"d":"Kanpur Dehat","s":"UTTAR PRADESH"}},{"arcs":[[1388,-1174,1389,1390,-1023,1391]],"type":"Polygon","properties":{"n":"Budhera Derapur","c":149769,"d":"Kanpur Dehat","s":"UTTAR PRADESH"}},{"arcs":[[1392,-304,1393,-838,1394,-1323,1395,1396,1397,1398]],"type":"Polygon","properties":{"n":"Bairisal","c":148869,"d":"Kanpur Dehat","s":"UTTAR PRADESH"}},{"arcs":[[-873,1399,1400,1401,1402]],"type":"Polygon","properties":{"n":"Nihawana","c":149867,"d":"Kanpur Dehat","s":"UTTAR PRADESH"}},{"arcs":[[1403,1404,1405,1406,1407]],"type":"Polygon","properties":{"n":"Baijamau Bangar","c":149855,"d":"Kanpur Dehat","s":"UTTAR PRADESH"}},{"arcs":[[-1406,1408,1409,1410]],"type":"Polygon","properties":{"n":"Bichhawali Bangar","c":149857,"d":"Kanpur Dehat","s":"UTTAR PRADESH"}},{"arcs":[[-571,-654,1411,-203,1412,1413,-1274,1414,1415,1416]],"type":"Polygon","properties":{"n":"Budhauli","c":149804,"d":"Kanpur Dehat","s":"UTTAR PRADESH"}},{"arcs":[[-631,1417,1418,-1060,-1224,-155,-1029]],"type":"Polygon","properties":{"n":"Angadpur","c":149456,"d":"Kanpur Dehat","s":"UTTAR PRADESH"}},{"arcs":[[1419,-726,-1233,-1186,-1238]],"type":"Polygon","properties":{"n":"Partappur","c":149289,"d":"Kanpur Dehat","s":"UTTAR PRADESH"}},{"arcs":[[1420,1421,1422,1423,1424,1425,1426,1427,1428,1429,-941,1430,1431,-711,-1293,1432]],"type":"Polygon","properties":{"n":"Banipara Maharaj","c":149094,"d":"Kanpur Dehat","s":"UTTAR PRADESH"}},{"arcs":[[1433,-1290,1434,1435]],"type":"Polygon","properties":{"n":"Sandupur","c":149075,"d":"Kanpur Dehat","s":"UTTAR PRADESH"}},{"arcs":[[1436,1437,1438,1439]],"type":"Polygon","properties":{"n":"Dhakpurwa","c":148862,"d":"Kanpur Dehat","s":"UTTAR PRADESH"}},{"arcs":[[-799,-41,-29,-791,1440,-842]],"type":"Polygon","properties":{"n":"Dashahara Sujanpur","c":148903,"d":"Kanpur Dehat","s":"UTTAR PRADESH"}},{"arcs":[[1441,-11,-7,1442,1443,1444]],"type":"Polygon","properties":{"n":"Mitrasenpur Kahinjari","c":148933,"d":"Kanpur Dehat","s":"UTTAR PRADESH"}},{"arcs":[[1445,-1444,1446,1447,1448,1449,-56,1450,1451,1452]],"type":"Polygon","properties":{"n":"Mal Ka Purwa","c":148932,"d":"Kanpur Dehat","s":"UTTAR PRADESH"}},{"arcs":[[-809,1453,-47,-12,-1442,1454,-803]],"type":"Polygon","properties":{"n":"Baragaon","c":149017,"d":"Kanpur Dehat","s":"UTTAR PRADESH"}},{"arcs":[[-1053,1455,1456,1457,1458]],"type":"Polygon","properties":{"n":"Rai Ramapur","c":149459,"d":"Kanpur Dehat","s":"UTTAR PRADESH"}},{"arcs":[[-1275,-1414,1459,1460,1461,-1099,-987,-1248,-1382]],"type":"Polygon","properties":{"n":"Nandana","c":149836,"d":"Kanpur Dehat","s":"UTTAR PRADESH"}},{"arcs":[[1462,1463,-498,-243,-1005]],"type":"Polygon","properties":{"n":"Hazirpur","c":149840,"d":"Kanpur Dehat","s":"UTTAR PRADESH"}},{"arcs":[[1464,-134,-573,1465,-1252]],"type":"Polygon","properties":{"n":"Mubarakpur","c":149802,"d":"Kanpur Dehat","s":"UTTAR PRADESH"}},{"arcs":[[1466,1467,1468,1469,1470]],"type":"Polygon","properties":{"n":"Mulhi","c":148929,"d":"Kanpur Dehat","s":"UTTAR PRADESH"}},{"arcs":[[-1469,1471,1472,1473,1474,1475,1476]],"type":"Polygon","properties":{"n":"Raswal Rawatgaon","c":149087,"d":"Kanpur Dehat","s":"UTTAR PRADESH"}},{"arcs":[[-271,1477,1478,-1467,1479]],"type":"Polygon","properties":{"n":"Sunderpur Gajen","c":148930,"d":"Kanpur Dehat","s":"UTTAR PRADESH"}},{"arcs":[[-538,1480,1481,1482,-531,-261]],"type":"Polygon","properties":{"n":"Kharka","c":149559,"d":"Kanpur Dehat","s":"UTTAR PRADESH"}},{"arcs":[[-449,1483,-452,1484,-894]],"type":"Polygon","properties":{"n":"Pareharapur","c":149594,"d":"Kanpur Dehat","s":"UTTAR PRADESH"}},{"arcs":[[-1435,-1289,1485,1486,1487,-1298,1488]],"type":"Polygon","properties":{"n":"Mudera Kinnar Singh","c":149074,"d":"Kanpur Dehat","s":"UTTAR PRADESH"}},{"arcs":[[1489,1490,1491,1492,1493,-1042]],"type":"Polygon","properties":{"n":"Andayan","c":149297,"d":"Kanpur Dehat","s":"UTTAR PRADESH"}},{"arcs":[[1494,1495,1496,1497,1498,1499]],"type":"Polygon","properties":{"n":"Ekrampur","c":149102,"d":"Kanpur Dehat","s":"UTTAR PRADESH"}},{"arcs":[[1500,1501,-892,-542,-820]],"type":"Polygon","properties":{"n":"Chak Chalpur","c":149592,"d":"Kanpur Dehat","s":"UTTAR PRADESH"}},{"arcs":[[-544,-895,-1485,-455,-920,1502,1503]],"type":"Polygon","properties":{"n":"Ahrauli Shekh (CT)","c":149673,"d":"Kanpur Dehat","s":"UTTAR PRADESH"}},{"arcs":[[1504,1505,-889,-466,-826]],"type":"Polygon","properties":{"n":"Bhartauli","c":149551,"d":"Kanpur Dehat","s":"UTTAR PRADESH"}},{"arcs":[[1506,-356,-1250,1507,1508,-402]],"type":"Polygon","properties":{"n":"Korauwa","c":149761,"d":"Kanpur Dehat","s":"UTTAR PRADESH"}},{"arcs":[[1509,1510,-1030,-338,-343,1511,1512]],"type":"Polygon","properties":{"n":"Balai Bujurg","c":149172,"d":"Kanpur Dehat","s":"UTTAR PRADESH"}},{"arcs":[[-341,1513,-164,-1112,-1121,-642,-594]],"type":"Polygon","properties":{"n":"Jahli","c":149174,"d":"Kanpur Dehat","s":"UTTAR PRADESH"}},{"arcs":[[-1508,-1254,1514,1515,1516,1517]],"type":"Polygon","properties":{"n":"Jarauli","c":149760,"d":"Kanpur Dehat","s":"UTTAR PRADESH"}},{"arcs":[[1518,1519,-759,-451,-893,-1502,1520]],"type":"Polygon","properties":{"n":"Astiya","c":149633,"d":"Kanpur Dehat","s":"UTTAR PRADESH"}},{"arcs":[[1521,-885,-440,1522,-1133,1523]],"type":"Polygon","properties":{"n":"Fattepur","c":149647,"d":"Kanpur Dehat","s":"UTTAR PRADESH"}},{"arcs":[[1524,-102,1525,1526,1527]],"type":"Polygon","properties":{"n":"Teoga","c":149615,"d":"Kanpur Dehat","s":"UTTAR PRADESH"}},{"arcs":[[1528,-1521,-1501,-819]],"type":"Polygon","properties":{"n":"Chauki","c":149545,"d":"Kanpur Dehat","s":"UTTAR PRADESH"}},{"arcs":[[1529,-905,1530,-742,-431]],"type":"Polygon","properties":{"n":"Kripalpur","c":149648,"d":"Kanpur Dehat","s":"UTTAR PRADESH"}},{"arcs":[[-911,1531,-985,1532,1533,-734,1534,1535,-739]],"type":"Polygon","properties":{"n":"Mahera","c":149637,"d":"Kanpur Dehat","s":"UTTAR PRADESH"}},{"arcs":[[-736,1536,1537,1538,-752,-756]],"type":"Polygon","properties":{"n":"Chandapur","c":149602,"d":"Kanpur Dehat","s":"UTTAR PRADESH"}},{"arcs":[[-1535,-733,1539]],"type":"Polygon","properties":{"n":"Harhara","c":149604,"d":"Kanpur Dehat","s":"UTTAR PRADESH"}},{"arcs":[[-1539,1540,1541,1542,-906,-753]],"type":"Polygon","properties":{"n":"Pipri","c":149619,"d":"Kanpur Dehat","s":"UTTAR PRADESH"}},{"arcs":[[1543,1544,1545]],"type":"Polygon","properties":{"n":"Junedapur","c":149646,"d":"Kanpur Dehat","s":"UTTAR PRADESH"}},{"arcs":[[-682,1546,1547,1548]],"type":"Polygon","properties":{"n":"Chandanamau","c":149489,"d":"Kanpur Dehat","s":"UTTAR PRADESH"}},{"arcs":[[1549,-689,-91,-861,-200]],"type":"Polygon","properties":{"n":"Humayunpur","c":149829,"d":"Kanpur Dehat","s":"UTTAR PRADESH"}},{"arcs":[[-1203,-1198,-1356,1550,1551]],"type":"Polygon","properties":{"n":"Nanhuwapur","c":149494,"d":"Kanpur Dehat","s":"UTTAR PRADESH"}},{"arcs":[[1552,-1547,-681,-1202,1553,-1271]],"type":"Polygon","properties":{"n":"Sithara Buzurg","c":149488,"d":"Kanpur Dehat","s":"UTTAR PRADESH"}},{"arcs":[[-208,-207,1554,-1158,-1339,1555,1556,1557]],"type":"Polygon","properties":{"n":"Mohammadpur","c":149524,"d":"Kanpur Dehat","s":"UTTAR PRADESH"}},{"arcs":[[-899,-882,1558,-909,-746]],"type":"Polygon","properties":{"n":"Sultanapur","c":149640,"d":"Kanpur Dehat","s":"UTTAR PRADESH"}},{"arcs":[[-1437,1559,-1328,1560,-980,1561,-835,1562,1563,-348,1564]],"type":"Polygon","properties":{"n":"Bilha","c":148873,"d":"Kanpur Dehat","s":"UTTAR PRADESH"}},{"arcs":[[1565,1566,1567,1568]],"type":"Polygon","properties":{"n":"Bibanpur","c":149850,"d":"Kanpur Dehat","s":"UTTAR PRADESH"}},{"arcs":[[1569,1570,-1227,-1354]],"type":"Polygon","properties":{"n":"Aurangabad Jhara","c":149062,"d":"Kanpur Dehat","s":"UTTAR PRADESH"}},{"arcs":[[-1294,-716,1571,1572,1573,1574]],"type":"Polygon","properties":{"n":"Amauli Thakuran","c":149086,"d":"Kanpur Dehat","s":"UTTAR PRADESH"}},{"arcs":[[1575,1576,1577,-1487,1578]],"type":"Polygon","properties":{"n":"Kathra","c":149686,"d":"Kanpur Dehat","s":"UTTAR PRADESH"}},{"arcs":[[-1034,1579,1580,-1429,1581,-1427,1582]],"type":"Polygon","properties":{"n":"Dhanirampur","c":0,"d":"Kanpur Dehat","s":"UTTAR PRADESH"}},{"arcs":[[1583,-1500,1584,-728,1585]],"type":"Polygon","properties":{"n":"Kamalpur","c":149099,"d":"Kanpur Dehat","s":"UTTAR PRADESH"}},{"arcs":[[1586,1587,1588,-253,-477]],"type":"Polygon","properties":{"n":"Khalaspur","c":149580,"d":"Kanpur Dehat","s":"UTTAR PRADESH"}},{"arcs":[[1589,-1526,-101,-279,-823]],"type":"Polygon","properties":{"n":"Naubadpur","c":149614,"d":"Kanpur Dehat","s":"UTTAR PRADESH"}},{"arcs":[[-471,1590,1591,-1505,-825,-548]],"type":"Polygon","properties":{"n":"Gurha","c":149552,"d":"Kanpur Dehat","s":"UTTAR PRADESH"}},{"arcs":[[1592,1593,-994,1594,-1071]],"type":"Polygon","properties":{"n":"Gauhani Bangar","c":149775,"d":"Kanpur Dehat","s":"UTTAR PRADESH"}},{"arcs":[[-1480,-1471,1595,1596,-272]],"type":"Polygon","properties":{"n":"Kripalpur","c":148928,"d":"Kanpur Dehat","s":"UTTAR PRADESH"}},{"arcs":[[1597,-362,1598,-139]],"type":"Polygon","properties":{"n":"Madanupur","c":149662,"d":"Kanpur Dehat","s":"UTTAR PRADESH"}},{"arcs":[[-366,1599,-1144,-1150,-1152]],"type":"Polygon","properties":{"n":"Nagasiya","c":149627,"d":"Kanpur Dehat","s":"UTTAR PRADESH"}},{"arcs":[[1600,1601,1602]],"type":"Polygon","properties":{"n":"Aharauli Ghat Bangar","c":149671,"d":"Kanpur Dehat","s":"UTTAR PRADESH"}},{"arcs":[[1603,-1139,1604,-1145,-1600,-365]],"type":"Polygon","properties":{"n":"Rasulpur Bhalar","c":149631,"d":"Kanpur Dehat","s":"UTTAR PRADESH"}},{"arcs":[[-879,1605,-1602,1606,-1142,-1598,-138,-982]],"type":"Polygon","properties":{"n":"Daorahat Bangar","c":149661,"d":"Kanpur Dehat","s":"UTTAR PRADESH"}},{"arcs":[[1607,-1267,1608,-629,1609]],"type":"Polygon","properties":{"n":"Barwa Rasulpur","c":149483,"d":"Kanpur Dehat","s":"UTTAR PRADESH"}},{"arcs":[[-1568,1610,-1407,-1411,1611,1612]],"type":"Polygon","properties":{"n":"Bilaspur Bangar","c":149849,"d":"Kanpur Dehat","s":"UTTAR PRADESH"}},{"arcs":[[1613,1614,-1091,-857,1615,1616,1617]],"type":"Polygon","properties":{"n":"Vaina","c":149820,"d":"Kanpur Dehat","s":"UTTAR PRADESH"}},{"arcs":[[1618,1619,-1261,1620]],"type":"Polygon","properties":{"n":"Faizabad","c":149485,"d":"Kanpur Dehat","s":"UTTAR PRADESH"}},{"arcs":[[-1272,-1554,-1204,-1552,1621,1622,1623]],"type":"Polygon","properties":{"n":"Nera Kripalpur","c":149493,"d":"Kanpur Dehat","s":"UTTAR PRADESH"}},{"arcs":[[-359,-1140,-1604,-364,-1151]],"type":"Polygon","properties":{"n":"Lakhanapur","c":149666,"d":"Kanpur Dehat","s":"UTTAR PRADESH"}},{"arcs":[[1624,-1603,-1606,-878,-144]],"type":"Polygon","properties":{"n":"Bamhrauli Ghat Bangar","c":149660,"d":"Kanpur Dehat","s":"UTTAR PRADESH"}},{"arcs":[[1625,1626,-1014,-417,1627,-487,1628]],"type":"Polygon","properties":{"n":"Reewan","c":149707,"d":"Kanpur Dehat","s":"UTTAR PRADESH"}},{"arcs":[[1629,1630,1631,1632,-1497]],"type":"Polygon","properties":{"n":"Marahna","c":149135,"d":"Kanpur Dehat","s":"UTTAR PRADESH"}},{"arcs":[[1633,1634,1635,1636,1637,1638,1639,-928]],"type":"Polygon","properties":{"n":"Sandna","c":149678,"d":"Kanpur Dehat","s":"UTTAR PRADESH"}},{"arcs":[[1640,1641,1642,1643,1644,1645,1646]],"type":"Polygon","properties":{"n":"Kapasi","c":149137,"d":"Kanpur Dehat","s":"UTTAR PRADESH"}},{"arcs":[[-688,1647,-1087,1648,1649,-93]],"type":"Polygon","properties":{"n":"Bijahara Sikandara Bangar","c":149880,"d":"Kanpur Dehat","s":"UTTAR PRADESH"}},{"arcs":[[-1358,-181,1650,-1092,-1615,1651]],"type":"Polygon","properties":{"n":"Kunwarpur","c":149496,"d":"Kanpur Dehat","s":"UTTAR PRADESH"}},{"arcs":[[1652,1653,1654,1655,-1401]],"type":"Polygon","properties":{"n":"Gauri Ratan Bangar","c":149868,"d":"Kanpur Dehat","s":"UTTAR PRADESH"}},{"arcs":[[-1361,-674,1656,-676,1657,1658]],"type":"Polygon","properties":{"n":"Makarandapur","c":149502,"d":"Kanpur Dehat","s":"UTTAR PRADESH"}},{"arcs":[[-1265,1659,-1268,1660,1661,1662]],"type":"Polygon","properties":{"n":"Duli Chandpur","c":149482,"d":"Kanpur Dehat","s":"UTTAR PRADESH"}},{"arcs":[[1663,-1621,-1260,-1608,1664]],"type":"Polygon","properties":{"n":"Minapur","c":149476,"d":"Kanpur Dehat","s":"UTTAR PRADESH"}},{"arcs":[[-118,-1388,1665,-1069,1666]],"type":"Polygon","properties":{"n":"Kariyapur Derapur","c":149772,"d":"Kanpur Dehat","s":"UTTAR PRADESH"}},{"arcs":[[-180,-264,1667,-1093,-1651]],"type":"Polygon","properties":{"n":"Jallapur Sikandara","c":149824,"d":"Kanpur Dehat","s":"UTTAR PRADESH"}},{"arcs":[[1668,-1128,-1018,1669,1670,-1167]],"type":"Polygon","properties":{"n":"Khalla","c":149145,"d":"Kanpur Dehat","s":"UTTAR PRADESH"}},{"arcs":[[1671,1672,-685,1673]],"type":"Polygon","properties":{"n":"Chholapur","c":149878,"d":"Kanpur Dehat","s":"UTTAR PRADESH"}},{"arcs":[[1674,1675,1676]],"type":"Polygon","properties":{"n":"Maujampur","c":148854,"d":"Kanpur Dehat","s":"UTTAR PRADESH"}},{"arcs":[[1677,-1398,1678,1679,1680]],"type":"Polygon","properties":{"n":"Rampur Majra Bairisal","c":148865,"d":"Kanpur Dehat","s":"UTTAR PRADESH"}},{"arcs":[[-1453,1681,1682,-381,1683]],"type":"Polygon","properties":{"n":"Itaili","c":149001,"d":"Kanpur Dehat","s":"UTTAR PRADESH"}},{"arcs":[[1684,-804,-1455,-1445,-1446,-1684,-380,-325,1685]],"type":"Polygon","properties":{"n":"Manava Rasoolabad","c":149002,"d":"Kanpur Dehat","s":"UTTAR PRADESH"}},{"arcs":[[1686,1687,1688,-811,1689,1690,1691,1692]],"type":"Polygon","properties":{"n":"Dalikpur Maharajpur","c":149007,"d":"Kanpur Dehat","s":"UTTAR PRADESH"}},{"arcs":[[1693,1694,-786]],"type":"Polygon","properties":{"n":"Pradhanpur","c":149038,"d":"Kanpur Dehat","s":"UTTAR PRADESH"}},{"arcs":[[1695,-1321,1696,1697]],"type":"Polygon","properties":{"n":"Niwada Shaham","c":148905,"d":"Kanpur Dehat","s":"UTTAR PRADESH"}},{"arcs":[[-1639,1698,1699]],"type":"Polygon","properties":{"n":"Gangdaspur","c":149680,"d":"Kanpur Dehat","s":"UTTAR PRADESH"}},{"arcs":[[1700,1701,1702,1703]],"type":"Polygon","properties":{"n":"Aseni","c":149302,"d":"Kanpur Dehat","s":"UTTAR PRADESH"}},{"arcs":[[-1631,1704,1705,1706,1707,-1642,1708]],"type":"Polygon","properties":{"n":"Nonari Bujurg","c":149136,"d":"Kanpur Dehat","s":"UTTAR PRADESH"}},{"arcs":[[-667,1709,1710,1711,1712,-947]],"type":"Polygon","properties":{"n":"Jaura","c":149693,"d":"Kanpur Dehat","s":"UTTAR PRADESH"}},{"arcs":[[1713,1714,1715,1716]],"type":"Polygon","properties":{"n":"Gaijumau","c":149305,"d":"Kanpur Dehat","s":"UTTAR PRADESH"}},{"arcs":[[-1462,1717,-954,-875,1718,1719,-1003,-989,-1100]],"type":"Polygon","properties":{"n":"Mirgaon","c":149842,"d":"Kanpur Dehat","s":"UTTAR PRADESH"}},{"arcs":[[-1001,1720,1721]],"type":"Polygon","properties":{"n":"Kandhiya","c":149378,"d":"Kanpur Dehat","s":"UTTAR PRADESH"}},{"arcs":[[-1457,1722,-1665,-1610,-628,1723]],"type":"Polygon","properties":{"n":"Bargawan","c":149460,"d":"Kanpur Dehat","s":"UTTAR PRADESH"}},{"arcs":[[-601,1724,1725,-660,1726]],"type":"Polygon","properties":{"n":"Dargawan","c":149364,"d":"Kanpur Dehat","s":"UTTAR PRADESH"}},{"arcs":[[1727,1728,1729,1730,-500]],"type":"Polygon","properties":{"n":"Singrauli","c":149844,"d":"Kanpur Dehat","s":"UTTAR PRADESH"}},{"arcs":[[1731,-976,1732,-1325,1733]],"type":"Polygon","properties":{"n":"Amrohiya","c":148896,"d":"Kanpur Dehat","s":"UTTAR PRADESH"}},{"arcs":[[1734,1735,1736,1737,-458]],"type":"Polygon","properties":{"n":"Gaupur","c":148949,"d":"Kanpur Dehat","s":"UTTAR PRADESH"}},{"arcs":[[1738,1739,1740,1741,1742,-1115,1743,1744]],"type":"Polygon","properties":{"n":"Kishaura","c":149081,"d":"Kanpur Dehat","s":"UTTAR PRADESH"}},{"arcs":[[1745,1746,1747,1748,1749,-63,1750]],"type":"Polygon","properties":{"n":"Silhaula Khurd","c":149809,"d":"Kanpur Dehat","s":"UTTAR PRADESH"}},{"arcs":[[1751,-1749,1752,-428,1753,1754,1755,-566,-1098]],"type":"Polygon","properties":{"n":"Ramau","c":149815,"d":"Kanpur Dehat","s":"UTTAR PRADESH"}},{"arcs":[[1756,-346,1757]],"type":"Polygon","properties":{"n":"Lalgaon","c":148859,"d":"Kanpur Dehat","s":"UTTAR PRADESH"}},{"arcs":[[-1438,-1565,-347,-1757,1758]],"type":"Polygon","properties":{"n":"Ajanpur Idauti","c":148860,"d":"Kanpur Dehat","s":"UTTAR PRADESH"}},{"arcs":[[1759,1760,1761,-998,1762]],"type":"Polygon","properties":{"n":"Mahrajpur","c":149430,"d":"Kanpur Dehat","s":"UTTAR PRADESH"}},{"arcs":[[-635,-663,1763,1764,-694,-192,-846,1765,1766,-1240]],"type":"Polygon","properties":{"n":"Kailai","c":149471,"d":"Kanpur Dehat","s":"UTTAR PRADESH"}},{"arcs":[[-202,-865,1767,-1460,-1413]],"type":"Polygon","properties":{"n":"Durrajpur","c":149826,"d":"Kanpur Dehat","s":"UTTAR PRADESH"}},{"arcs":[[-653,-131,-860,1768,-197,-1412]],"type":"Polygon","properties":{"n":"Pelawar","c":149830,"d":"Kanpur Dehat","s":"UTTAR PRADESH"}},{"arcs":[[1769,1770,-1362,-1659,1771,-1619,-1664,-1723,1772]],"type":"Polygon","properties":{"n":"Baraur","c":149475,"d":"Kanpur Dehat","s":"UTTAR PRADESH"}},{"arcs":[[1773,1774,-1745,1775,1776,-25]],"type":"Polygon","properties":{"n":"Kathika","c":148950,"d":"Kanpur Dehat","s":"UTTAR PRADESH"}},{"arcs":[[1777,-1776,1778,1779,1780]],"type":"Polygon","properties":{"n":"Sakarsi","c":149042,"d":"Kanpur Dehat","s":"UTTAR PRADESH"}},{"arcs":[[-1449,1781,1782,1783,1784,1785,1786]],"type":"Polygon","properties":{"n":"Sithau Purwa","c":148938,"d":"Kanpur Dehat","s":"UTTAR PRADESH"}},{"arcs":[[1787,-104,1788,-1481,-537]],"type":"Polygon","properties":{"n":"Khartala Bangar","c":149560,"d":"Kanpur Dehat","s":"UTTAR PRADESH"}},{"arcs":[[-1503,-921,-919,1789,-914,1790]],"type":"Polygon","properties":{"n":"Kushrjapur","c":149584,"d":"Kanpur Dehat","s":"UTTAR PRADESH"}},{"arcs":[[1791,-1131]],"type":"Polygon","properties":{"n":"Salempur Aima","c":149607,"d":"Kanpur Dehat","s":"UTTAR PRADESH"}},{"arcs":[[-1589,1792,-1524,-1132,-1792,-1130,-254]],"type":"Polygon","properties":{"n":"Ajaiyapur","c":149609,"d":"Kanpur Dehat","s":"UTTAR PRADESH"}},{"arcs":[[-545,-1504,-1791,-828]],"type":"Polygon","properties":{"n":"Hardua Aima","c":149577,"d":"Kanpur Dehat","s":"UTTAR PRADESH"}},{"arcs":[[-421,-891,-748,-913,1793,-1519,-1529,-818,-551]],"type":"Polygon","properties":{"n":"Kachhagaon","c":149546,"d":"Kanpur Dehat","s":"UTTAR PRADESH"}},{"arcs":[[1794,-84,1795,1796,-344,-336,-593,1797,1798]],"type":"Polygon","properties":{"n":"Sargaon Khurd","c":149165,"d":"Kanpur Dehat","s":"UTTAR PRADESH"}},{"arcs":[[-961,-120,1799,-1019,-411]],"type":"Polygon","properties":{"n":"Chakhi","c":149722,"d":"Kanpur Dehat","s":"UTTAR PRADESH"}},{"arcs":[[-1798,-598,1800,1801,1802]],"type":"Polygon","properties":{"n":"Bisoha","c":149161,"d":"Kanpur Dehat","s":"UTTAR PRADESH"}},{"arcs":[[-1800,-119,-1667,-1073,1803,-1020]],"type":"Polygon","properties":{"n":"Mahatauli","c":149766,"d":"Kanpur Dehat","s":"UTTAR PRADESH"}},{"arcs":[[1804,-1,-10,-46]],"type":"Polygon","properties":{"n":"Ramgarh","c":149019,"d":"Kanpur Dehat","s":"UTTAR PRADESH"}},{"arcs":[[-173,-602,-1727,-659,-237,1805]],"type":"Polygon","properties":{"n":"Madarpur Tasadduk Ali","c":149374,"d":"Kanpur Dehat","s":"UTTAR PRADESH"}},{"arcs":[[1806,-1153,-1148,-612,1807]],"type":"Polygon","properties":{"n":"Kana Khera","c":149625,"d":"Kanpur Dehat","s":"UTTAR PRADESH"}},{"arcs":[[-1147,1808,-609]],"type":"Polygon","properties":{"n":"Daulatpur","c":149629,"d":"Kanpur Dehat","s":"UTTAR PRADESH"}},{"arcs":[[1809,-902,1810,1811]],"type":"Polygon","properties":{"n":"Chandapur","c":149652,"d":"Kanpur Dehat","s":"UTTAR PRADESH"}},{"arcs":[[-984,-149,-141,1812,-1533]],"type":"Polygon","properties":{"n":"Prempur","c":149605,"d":"Kanpur Dehat","s":"UTTAR PRADESH"}},{"arcs":[[1813,-1812,1814,1815]],"type":"Polygon","properties":{"n":"Gausganj (CT)","c":149674,"d":"Kanpur Dehat","s":"UTTAR PRADESH"}},{"arcs":[[-1815,-1811,-901,1816]],"type":"Polygon","properties":{"n":"Gausganj (CT)","c":149650,"d":"Kanpur Dehat","s":"UTTAR PRADESH"}},{"arcs":[[-1559,-881,-142,-148,-983,-1532,-910]],"type":"Polygon","properties":{"n":"Jallapur Mahera","c":149654,"d":"Kanpur Dehat","s":"UTTAR PRADESH"}},{"arcs":[[-1534,-1813,-140,-1599,-361,-1154,-1807,1817,-1537,-735]],"type":"Polygon","properties":{"n":"Sujaur","c":149606,"d":"Kanpur Dehat","s":"UTTAR PRADESH"}},{"arcs":[[-1538,-1818,-1808,-611,1818,-1541]],"type":"Polygon","properties":{"n":"Kaithara","c":149624,"d":"Kanpur Dehat","s":"UTTAR PRADESH"}},{"arcs":[[-1819,-614,-187,1819,-1542]],"type":"Polygon","properties":{"n":"Jalalpur","c":149618,"d":"Kanpur Dehat","s":"UTTAR PRADESH"}},{"arcs":[[1820,-1557,1821,-1764,-662]],"type":"Polygon","properties":{"n":"Todarpur","c":149522,"d":"Kanpur Dehat","s":"UTTAR PRADESH"}},{"arcs":[[-848,-1363,-1771,1822]],"type":"Polygon","properties":{"n":"Kishorpur","c":149474,"d":"Kanpur Dehat","s":"UTTAR PRADESH"}},{"arcs":[[-1756,1823,-1617,1824,-128,-567]],"type":"Polygon","properties":{"n":"Nainapur","c":149795,"d":"Kanpur Dehat","s":"UTTAR PRADESH"}},{"arcs":[[1825,-1359,-1652,-1614,1826,-1754,-427]],"type":"Polygon","properties":{"n":"Tawarpur","c":149495,"d":"Kanpur Dehat","s":"UTTAR PRADESH"}},{"arcs":[[1827,-534,1828,-686,-1673]],"type":"Polygon","properties":{"n":"Gubar","c":149882,"d":"Kanpur Dehat","s":"UTTAR PRADESH"}},{"arcs":[[-284,1829,-561,-678]],"type":"Polygon","properties":{"n":"Sukhsaura","c":149504,"d":"Kanpur Dehat","s":"UTTAR PRADESH"}},{"arcs":[[-1183,1830,1831,-1242,1832,-1101,-637,1833,1834,-1171]],"type":"Polygon","properties":{"n":"Barhapur","c":149344,"d":"Kanpur Dehat","s":"UTTAR PRADESH"}},{"arcs":[[1835,1836,1837,1838]],"type":"Polygon","properties":{"n":"Kishunpur","c":149283,"d":"Kanpur Dehat","s":"UTTAR PRADESH"}},{"arcs":[[-666,1839,1840,-1165,1841,-1710]],"type":"Polygon","properties":{"n":"Bhandemau","c":149697,"d":"Kanpur Dehat","s":"UTTAR PRADESH"}},{"arcs":[[1842,1843,1844,1845,1846]],"type":"Polygon","properties":{"n":"Bijahra","c":149114,"d":"Kanpur Dehat","s":"UTTAR PRADESH"}},{"arcs":[[1847,-1596,-1470,-1477,1848,-1736,1849]],"type":"Polygon","properties":{"n":"Biriya Rasoolabad","c":148954,"d":"Kanpur Dehat","s":"UTTAR PRADESH"}},{"arcs":[[-1785,1850,1851,-1478,-270,1852]],"type":"Polygon","properties":{"n":"Mitrasenpur Gajen","c":148937,"d":"Kanpur Dehat","s":"UTTAR PRADESH"}},{"arcs":[[-105,-1788,-536,-259]],"type":"Polygon","properties":{"n":"Kathari","c":149557,"d":"Kanpur Dehat","s":"UTTAR PRADESH"}},{"arcs":[[-256,-1136,-514,-1331]],"type":"Polygon","properties":{"n":"Rurgaon","c":149568,"d":"Kanpur Dehat","s":"UTTAR PRADESH"}},{"arcs":[[-897,-539,-521,-605,-70]],"type":"Polygon","properties":{"n":"Barhauli","c":149588,"d":"Kanpur Dehat","s":"UTTAR PRADESH"}},{"arcs":[[-1341,-922,-552,-822,-896,-68,-558]],"type":"Polygon","properties":{"n":"Asewa","c":149520,"d":"Kanpur Dehat","s":"UTTAR PRADESH"}},{"arcs":[[1853,1854,-1218,1855,-1699,-1638,1856]],"type":"Polygon","properties":{"n":"Naiplapur","c":149681,"d":"Kanpur Dehat","s":"UTTAR PRADESH"}},{"arcs":[[-1845,1857,1858,-973,1859,-1706,1860,1861]],"type":"Polygon","properties":{"n":"Bisoha","c":149141,"d":"Kanpur Dehat","s":"UTTAR PRADESH"}},{"arcs":[[1862,1863,-391]],"type":"Polygon","properties":{"n":"Badshahpur","c":148987,"d":"Kanpur Dehat","s":"UTTAR PRADESH"}},{"arcs":[[-1543,-1820,-191,1864,1865,-907]],"type":"Polygon","properties":{"n":"Udaipur","c":149620,"d":"Kanpur Dehat","s":"UTTAR PRADESH"}},{"arcs":[[1866,1867,1868,1869]],"type":"Polygon","properties":{"n":"Kargaon","c":149314,"d":"Kanpur Dehat","s":"UTTAR PRADESH"}},{"arcs":[[-1221,1870,-1208,1871,1872]],"type":"Polygon","properties":{"n":"Umri Bujurg","c":149126,"d":"Kanpur Dehat","s":"UTTAR PRADESH"}},{"arcs":[[-1213,1873,-1858,-1844,1874]],"type":"Polygon","properties":{"n":"Dudauli","c":149124,"d":"Kanpur Dehat","s":"UTTAR PRADESH"}},{"arcs":[[1875,1876,-1168,-1671,1877,1878,1879,1880,1881,1882,1883,1884]],"type":"Polygon","properties":{"n":"Paraukh","c":149142,"d":"Kanpur Dehat","s":"UTTAR PRADESH"}},{"arcs":[[-1883,1885,-1160,-1841,1886]],"type":"Polygon","properties":{"n":"Harpura","c":149696,"d":"Kanpur Dehat","s":"UTTAR PRADESH"}},{"arcs":[[-1585,-1499,1887,-1286,-729]],"type":"Polygon","properties":{"n":"Akaru","c":149100,"d":"Kanpur Dehat","s":"UTTAR PRADESH"}},{"arcs":[[1888,1889,-699,-1228,-1571]],"type":"Polygon","properties":{"n":"Jarhuli","c":149065,"d":"Kanpur Dehat","s":"UTTAR PRADESH"}},{"arcs":[[-724,1890,-1036,1891,-1234]],"type":"Polygon","properties":{"n":"Bhairon Shanjahanpur","c":149234,"d":"Kanpur Dehat","s":"UTTAR PRADESH"}},{"arcs":[[1892,1893,-950,1894,-1889,-1570,-1353]],"type":"Polygon","properties":{"n":"Chandkura","c":149067,"d":"Kanpur Dehat","s":"UTTAR PRADESH"}},{"arcs":[[1895,1896,1897,1898,-1836,1899,1900]],"type":"Polygon","properties":{"n":"Bhatauli","c":149284,"d":"Kanpur Dehat","s":"UTTAR PRADESH"}},{"arcs":[[-1837,-1899,1901,1902,1903,-585,-1219,1904,1905]],"type":"Polygon","properties":{"n":"Chilauli","c":149117,"d":"Kanpur Dehat","s":"UTTAR PRADESH"}},{"arcs":[[-1597,-1848,1906,-273]],"type":"Polygon","properties":{"n":"Gajen Khas","c":148927,"d":"Kanpur Dehat","s":"UTTAR PRADESH"}},{"arcs":[[1907,1908,1909,-886,-1522,-1793,-1588]],"type":"Polygon","properties":{"n":"Maukhas","c":149610,"d":"Kanpur Dehat","s":"UTTAR PRADESH"}},{"arcs":[[-1790,1910,-1908,-1587,-476,-915]],"type":"Polygon","properties":{"n":"Macha","c":149579,"d":"Kanpur Dehat","s":"UTTAR PRADESH"}},{"arcs":[[-1719,-874,-1403,-851,1911]],"type":"Polygon","properties":{"n":"Kucheta","c":149866,"d":"Kanpur Dehat","s":"UTTAR PRADESH"}},{"arcs":[[-1264,1912,-1269,-1660]],"type":"Polygon","properties":{"n":"Tutui Chand","c":149480,"d":"Kanpur Dehat","s":"UTTAR PRADESH"}},{"arcs":[[-1622,-1551,-1360,-1826,-426,1913]],"type":"Polygon","properties":{"n":"Deo Bramhapur","c":149492,"d":"Kanpur Dehat","s":"UTTAR PRADESH"}},{"arcs":[[-853,1914,1915,1916,1917]],"type":"Polygon","properties":{"n":"Milanpur","c":149852,"d":"Kanpur Dehat","s":"UTTAR PRADESH"}},{"arcs":[[-174,-1806,-236,1918,1919]],"type":"Polygon","properties":{"n":"Taktauli","c":149369,"d":"Kanpur Dehat","s":"UTTAR PRADESH"}},{"arcs":[[1920,-1416,1921,-1106,1922]],"type":"Polygon","properties":{"n":"Mundadeo","c":149798,"d":"Kanpur Dehat","s":"UTTAR PRADESH"}},{"arcs":[[-1919,-240,1923,-1179,1924]],"type":"Polygon","properties":{"n":"Salawatpur","c":149368,"d":"Kanpur Dehat","s":"UTTAR PRADESH"}},{"arcs":[[-1335,-186,-1199,1925,1926,1927,1928]],"type":"Polygon","properties":{"n":"Sanaya Khera","c":149532,"d":"Kanpur Dehat","s":"UTTAR PRADESH"}},{"arcs":[[-1343,-1344,-705,-691,1929,-1556]],"type":"Polygon","properties":{"n":"Deega","c":149515,"d":"Kanpur Dehat","s":"UTTAR PRADESH"}},{"arcs":[[-1930,-690,-1765,-1822]],"type":"Polygon","properties":{"n":"Muradpur","c":149472,"d":"Kanpur Dehat","s":"UTTAR PRADESH"}},{"arcs":[[-1094,-1668,-263,-530,1930,1931]],"type":"Polygon","properties":{"n":"Bhal","c":149877,"d":"Kanpur Dehat","s":"UTTAR PRADESH"}},{"arcs":[[-1405,1932,-1409]],"type":"Polygon","properties":{"n":"Arsun Bangar","c":149856,"d":"Kanpur Dehat","s":"UTTAR PRADESH"}},{"arcs":[[-1175,-1389,1933,-374]],"type":"Polygon","properties":{"n":"Alampur","c":149783,"d":"Kanpur Dehat","s":"UTTAR PRADESH"}},{"arcs":[[1934,-1125,-1257,1935,1936,1937]],"type":"Polygon","properties":{"n":"Jagannathpur","c":149741,"d":"Kanpur Dehat","s":"UTTAR PRADESH"}},{"arcs":[[1938,-1936,-1256,-1108,-1384,-1061,-290]],"type":"Polygon","properties":{"n":"Gurdahi Bujurg","c":149786,"d":"Kanpur Dehat","s":"UTTAR PRADESH"}},{"arcs":[[1939,-1066,-1122,-397,1940,1941,1942,-407]],"type":"Polygon","properties":{"n":"Kudhawal","c":149153,"d":"Kanpur Dehat","s":"UTTAR PRADESH"}},{"arcs":[[1943,-395,1944,-1364,1945,1946]],"type":"Polygon","properties":{"n":"Bigahi","c":149329,"d":"Kanpur Dehat","s":"UTTAR PRADESH"}},{"arcs":[[-1346,1947,-1517,1948,-645,-1080,1949,1950,1951]],"type":"Polygon","properties":{"n":"Hathooma","c":149757,"d":"Kanpur Dehat","s":"UTTAR PRADESH"}},{"arcs":[[1952,1953,-61,-814]],"type":"Polygon","properties":{"n":"Sujanpur","c":148916,"d":"Kanpur Dehat","s":"UTTAR PRADESH"}},{"arcs":[[1954,-1953,-813,1955]],"type":"Polygon","properties":{"n":"Kevlepur","c":148917,"d":"Kanpur Dehat","s":"UTTAR PRADESH"}},{"arcs":[[1956,-790,1957,1958]],"type":"Polygon","properties":{"n":"Haphijpur","c":148879,"d":"Kanpur Dehat","s":"UTTAR PRADESH"}},{"arcs":[[-283,1959,-479,-670,-554,-562,-1830]],"type":"Polygon","properties":{"n":"Heerapur","c":149506,"d":"Kanpur Dehat","s":"UTTAR PRADESH"}},{"arcs":[[-1581,1960,1961,-938,-1430]],"type":"Polygon","properties":{"n":"Lachhmanpur","c":149276,"d":"Kanpur Dehat","s":"UTTAR PRADESH"}},{"arcs":[[1962,-718,-1420,-1237,1963]],"type":"Polygon","properties":{"n":"Sahani Khera","c":149290,"d":"Kanpur Dehat","s":"UTTAR PRADESH"}},{"arcs":[[1964,-1246,1965,-1893,-1352,-1300]],"type":"Polygon","properties":{"n":"Malikpur Akaurhiya","c":149061,"d":"Kanpur Dehat","s":"UTTAR PRADESH"}},{"arcs":[[1966,1967,1968,-831,-1562,-979]],"type":"Polygon","properties":{"n":"Rana Itha","c":148876,"d":"Kanpur Dehat","s":"UTTAR PRADESH"}},{"arcs":[[-524,-830,-916,-474,-1960,-282]],"type":"Polygon","properties":{"n":"Kalla","c":149575,"d":"Kanpur Dehat","s":"UTTAR PRADESH"}},{"arcs":[[-1794,-912,-760,-1520]],"type":"Polygon","properties":{"n":"Amiliya","c":149634,"d":"Kanpur Dehat","s":"UTTAR PRADESH"}},{"arcs":[[-448,-740,-1536,-1540,-732,-441,-453,-1484]],"type":"Polygon","properties":{"n":"Gaur","c":149598,"d":"Kanpur Dehat","s":"UTTAR PRADESH"}},{"arcs":[[-1592,1969,-433,-750,-890,-1506]],"type":"Polygon","properties":{"n":"Rasulpur Bhuranda","c":149548,"d":"Kanpur Dehat","s":"UTTAR PRADESH"}},{"arcs":[[-206,1970,-183,-1338,-219,-1340,-1159,-1555]],"type":"Polygon","properties":{"n":"Malasa","c":149525,"d":"Kanpur Dehat","s":"UTTAR PRADESH"}},{"arcs":[[-1089,1971,1972,-1653,-1400,-872]],"type":"Polygon","properties":{"n":"Behmai","c":149871,"d":"Kanpur Dehat","s":"UTTAR PRADESH"}},{"arcs":[[-673,-79,-525,-286,-677,-1657]],"type":"Polygon","properties":{"n":"Gurgaon","c":149503,"d":"Kanpur Dehat","s":"UTTAR PRADESH"}},{"arcs":[[1973,-1548,-1553,-1270,-1913,-1263]],"type":"Polygon","properties":{"n":"Sithara Khurd","c":149487,"d":"Kanpur Dehat","s":"UTTAR PRADESH"}},{"arcs":[[-862,-94,-1650,1974,-869,-953,1975]],"type":"Polygon","properties":{"n":"Jagaiyapur","c":149864,"d":"Kanpur Dehat","s":"UTTAR PRADESH"}},{"arcs":[[-1402,-1656,1976,-1915,-852]],"type":"Polygon","properties":{"n":"Indrapura","c":149854,"d":"Kanpur Dehat","s":"UTTAR PRADESH"}},{"arcs":[[1977,-1916,-1977,-1655,1978,1979,-1408,-1611,-1567]],"type":"Polygon","properties":{"n":"Jaisalpura Mahdewa","c":149869,"d":"Kanpur Dehat","s":"UTTAR PRADESH"}},{"arcs":[[-1620,-1772,-1658,-683,-1549,-1974,-1262]],"type":"Polygon","properties":{"n":"Arhariyamau","c":149486,"d":"Kanpur Dehat","s":"UTTAR PRADESH"}},{"arcs":[[-859,-1095,-1932,1980,1981,-198,-1769]],"type":"Polygon","properties":{"n":"Rajpur","c":149833,"d":"Kanpur Dehat","s":"UTTAR PRADESH"}},{"arcs":[[1982,1983,1984,-1761]],"type":"Polygon","properties":{"n":"Kurwa Khurd","c":149434,"d":"Kanpur Dehat","s":"UTTAR PRADESH"}},{"arcs":[[-1616,-856,-129,-1825]],"type":"Polygon","properties":{"n":"Rasulpur Baina","c":149832,"d":"Kanpur Dehat","s":"UTTAR PRADESH"}},{"arcs":[[-1827,-1618,-1824,-1755]],"type":"Polygon","properties":{"n":"Darhapur","c":149819,"d":"Kanpur Dehat","s":"UTTAR PRADESH"}},{"arcs":[[1985,1986,-1917,-1978,-1566,1987]],"type":"Polygon","properties":{"n":"Khatkar","c":149851,"d":"Kanpur Dehat","s":"UTTAR PRADESH"}},{"arcs":[[-1762,-1985,1988,-1200,-184,-1971,-205,-999]],"type":"Polygon","properties":{"n":"Jasaura Birsinghpur","c":149436,"d":"Kanpur Dehat","s":"UTTAR PRADESH"}},{"arcs":[[-1623,-1914,-425,1989,-1747,1990]],"type":"Polygon","properties":{"n":"Debipur","c":149490,"d":"Kanpur Dehat","s":"UTTAR PRADESH"}},{"arcs":[[-1986,1991,-1729,1992]],"type":"Polygon","properties":{"n":"Jafarpur","c":149846,"d":"Kanpur Dehat","s":"UTTAR PRADESH"}},{"arcs":[[-1768,-864,1993,-955,-1718,-1461]],"type":"Polygon","properties":{"n":"Ratapur","c":149861,"d":"Kanpur Dehat","s":"UTTAR PRADESH"}},{"arcs":[[1994,-1662,1995,1996]],"type":"Polygon","properties":{"n":"Beramau","c":149479,"d":"Kanpur Dehat","s":"UTTAR PRADESH"}},{"arcs":[[-1766,-850,1997,1998,1999]],"type":"Polygon","properties":{"n":"Dundiyamau","c":149470,"d":"Kanpur Dehat","s":"UTTAR PRADESH"}},{"arcs":[[2000,-854,-1918,-1987,-1993,-1728,-499,-1464]],"type":"Polygon","properties":{"n":"Umarpur","c":149845,"d":"Kanpur Dehat","s":"UTTAR PRADESH"}},{"arcs":[[-630,-1609,-1266,-1663,-1995,2001,-1418]],"type":"Polygon","properties":{"n":"Baharai","c":149464,"d":"Kanpur Dehat","s":"UTTAR PRADESH"}},{"arcs":[[-1999,2002,2003]],"type":"Polygon","properties":{"n":"Maholiya","c":149469,"d":"Kanpur Dehat","s":"UTTAR PRADESH"}},{"arcs":[[2004,-1773,-1456,-1052]],"type":"Polygon","properties":{"n":"Kutra","c":149467,"d":"Kanpur Dehat","s":"UTTAR PRADESH"}},{"arcs":[[-2003,-1998,-849,-1823,-1770,-2005,-1051,2005]],"type":"Polygon","properties":{"n":"Nigohi","c":149468,"d":"Kanpur Dehat","s":"UTTAR PRADESH"}},{"arcs":[[-568,-135,-1465,-1251,-354]],"type":"Polygon","properties":{"n":"Banwaripur","c":149801,"d":"Kanpur Dehat","s":"UTTAR PRADESH"}},{"arcs":[[2006,2007,-1458,-1724,-627,2008,2009]],"type":"Polygon","properties":{"n":"Bihar","c":149458,"d":"Kanpur Dehat","s":"UTTAR PRADESH"}},{"arcs":[[-167,2010,-400,-1113]],"type":"Polygon","properties":{"n":"Mahmudapur Khurd","c":149763,"d":"Kanpur Dehat","s":"UTTAR PRADESH"}},{"arcs":[[-1515,-1253,-1466,-572,-1417,-1921,2011,2012]],"type":"Polygon","properties":{"n":"Rasadhan","c":149799,"d":"Kanpur Dehat","s":"UTTAR PRADESH"}},{"arcs":[[-1391,2013,-246,2014,-1109,-1024]],"type":"Polygon","properties":{"n":"Udhaupur","c":149792,"d":"Kanpur Dehat","s":"UTTAR PRADESH"}},{"arcs":[[-970,-408,-1943,2015,-1015,-1127]],"type":"Polygon","properties":{"n":"Sanihapur","c":149148,"d":"Kanpur Dehat","s":"UTTAR PRADESH"}},{"arcs":[[2016,-110,-222,2017,2018]],"type":"Polygon","properties":{"n":"Durga Purwa","c":149336,"d":"Kanpur Dehat","s":"UTTAR PRADESH"}},{"arcs":[[2019,-111,-2017,2020,2021,2022]],"type":"Polygon","properties":{"n":"Kamalpur","c":149324,"d":"Kanpur Dehat","s":"UTTAR PRADESH"}},{"arcs":[[-1011,2023,2024,2025,2026,2027]],"type":"Polygon","properties":{"n":"Mansura","c":149327,"d":"Kanpur Dehat","s":"UTTAR PRADESH"}},{"arcs":[[-1302,-1351,2028]],"type":"Polygon","properties":{"n":"Lalpur","c":149058,"d":"Kanpur Dehat","s":"UTTAR PRADESH"}},{"arcs":[[2029,2030,2031,2032,2033,-586,-925,2034]],"type":"Polygon","properties":{"n":"Enjua Rampur","c":149110,"d":"Kanpur Dehat","s":"UTTAR PRADESH"}},{"arcs":[[-1033,-1307,2035,2036,2037,-1961,-1580]],"type":"Polygon","properties":{"n":"Dhanirampur","c":149280,"d":"Kanpur Dehat","s":"UTTAR PRADESH"}},{"arcs":[[-933,2038,-1635,2039,2040]],"type":"Polygon","properties":{"n":"Kudauli Madauli","c":149071,"d":"Kanpur Dehat","s":"UTTAR PRADESH"}},{"arcs":[[-40,2041,-460,2042,-1774,-24]],"type":"Polygon","properties":{"n":"Alampur Khera","c":148894,"d":"Kanpur Dehat","s":"UTTAR PRADESH"}},{"arcs":[[2043,-1786,-1853,-276,2044,2045,-58]],"type":"Polygon","properties":{"n":"Kahinjari Khurd","c":148936,"d":"Kanpur Dehat","s":"UTTAR PRADESH"}},{"arcs":[[2046,-1118,2047,2048,2049,-1694,-785,-34]],"type":"Polygon","properties":{"n":"Pipari Pitarhar","c":149039,"d":"Kanpur Dehat","s":"UTTAR PRADESH"}},{"arcs":[[2050,2051,2052,2053,2054,-21]],"type":"Polygon","properties":{"n":"Kishwapur","c":149034,"d":"Kanpur Dehat","s":"UTTAR PRADESH"}},{"arcs":[[-2046,2055,-14,-59]],"type":"Polygon","properties":{"n":"Pova","c":148924,"d":"Kanpur Dehat","s":"UTTAR PRADESH"}},{"arcs":[[2056,-2035,-924,-866,-713]],"type":"Polygon","properties":{"n":"Mamuripur","c":149106,"d":"Kanpur Dehat","s":"UTTAR PRADESH"}},{"arcs":[[2057,2058,2059,2060,2061,-664,-943,-1577]],"type":"Polygon","properties":{"n":"Satura","c":149688,"d":"Kanpur Dehat","s":"UTTAR PRADESH"}},{"arcs":[[2062,-2031,2063,-1431,-940]],"type":"Polygon","properties":{"n":"Jenda Mau","c":149105,"d":"Kanpur Dehat","s":"UTTAR PRADESH"}},{"arcs":[[2064,2065,2066,-1037,-1891,-723]],"type":"Polygon","properties":{"n":"Fatehpur","c":149235,"d":"Kanpur Dehat","s":"UTTAR PRADESH"}},{"arcs":[[-810,-805,-1685,2067,-1690]],"type":"Polygon","properties":{"n":"Oria","c":149003,"d":"Kanpur Dehat","s":"UTTAR PRADESH"}},{"arcs":[[-1834,-641,-1075,2068]],"type":"Polygon","properties":{"n":"Kuit Khera","c":149351,"d":"Kanpur Dehat","s":"UTTAR PRADESH"}},{"arcs":[[2069,-1688,2070]],"type":"Polygon","properties":{"n":"Torna","c":149008,"d":"Kanpur Dehat","s":"UTTAR PRADESH"}},{"arcs":[[2071,2072,2073,-2071,-1687,2074,2075,2076]],"type":"Polygon","properties":{"n":"Bhitargaon","c":149009,"d":"Kanpur Dehat","s":"UTTAR PRADESH"}},{"arcs":[[2077,-1780,2078,2079,-32]],"type":"Polygon","properties":{"n":"Bhatsara","c":149041,"d":"Kanpur Dehat","s":"UTTAR PRADESH"}},{"arcs":[[-1990,-429,-1753,-1748]],"type":"Polygon","properties":{"n":"Sahabapur","c":149817,"d":"Kanpur Dehat","s":"UTTAR PRADESH"}},{"arcs":[[-1225,-1058,2080,-1751,-62,2081,-248,-161]],"type":"Polygon","properties":{"n":"Aunderi","c":149807,"d":"Kanpur Dehat","s":"UTTAR PRADESH"}},{"arcs":[[2082,-624,2083,-90,2084,2085,-481]],"type":"Polygon","properties":{"n":"Sandalpur","c":149733,"d":"Kanpur Dehat","s":"UTTAR PRADESH"}},{"arcs":[[-583,-1259,2086,2087,-1281,-1209,-1871,-1220]],"type":"Polygon","properties":{"n":"Galuapur","c":149131,"d":"Kanpur Dehat","s":"UTTAR PRADESH"}},{"arcs":[[-489,2088,2089,2090]],"type":"Polygon","properties":{"n":"Achrauli","c":149713,"d":"Kanpur Dehat","s":"UTTAR PRADESH"}},{"arcs":[[2091,2092,-485,2093,-1857,-1637]],"type":"Polygon","properties":{"n":"Dharampur","c":149682,"d":"Kanpur Dehat","s":"UTTAR PRADESH"}},{"arcs":[[2094,2095,2096,-579,2097,-1896,2098,-1714,2099]],"type":"Polygon","properties":{"n":"Tigain","c":149306,"d":"Kanpur Dehat","s":"UTTAR PRADESH"}},{"arcs":[[2100,-772,2101,-1355,2102,-775]],"type":"Polygon","properties":{"n":"Parjani","c":149051,"d":"Kanpur Dehat","s":"UTTAR PRADESH"}},{"arcs":[[2103,2104,2105,-1851,-1784]],"type":"Polygon","properties":{"n":"Niguhiya","c":148941,"d":"Kanpur Dehat","s":"UTTAR PRADESH"}},{"arcs":[[-1241,-1767,-2000,-2004,-2006,-1050,-1102,-1833]],"type":"Polygon","properties":{"n":"Tora Mohammadpur","c":149358,"d":"Kanpur Dehat","s":"UTTAR PRADESH"}},{"arcs":[[2106,2107,-1243,-1832]],"type":"Polygon","properties":{"n":"Patari","c":149360,"d":"Kanpur Dehat","s":"UTTAR PRADESH"}},{"arcs":[[2108,-153,2109,2110,-1181]],"type":"Polygon","properties":{"n":"Mustafabad","c":149366,"d":"Kanpur Dehat","s":"UTTAR PRADESH"}},{"arcs":[[-633,-1028,-1511,-2009]],"type":"Polygon","properties":{"n":"Thanwapur","c":149457,"d":"Kanpur Dehat","s":"UTTAR PRADESH"}},{"arcs":[[-957,-1383,-991,-247,-2014,-1390,-1173]],"type":"Polygon","properties":{"n":"Firozpur","c":149791,"d":"Kanpur Dehat","s":"UTTAR PRADESH"}},{"arcs":[[-639,-1103,-1048,2111,-1076]],"type":"Polygon","properties":{"n":"Kuit Mandir","c":149356,"d":"Kanpur Dehat","s":"UTTAR PRADESH"}},{"arcs":[[-1666,-1387,2112,2113,-1593,-1070]],"type":"Polygon","properties":{"n":"Bachhoti Kachhar","c":149774,"d":"Kanpur Dehat","s":"UTTAR PRADESH"}},{"arcs":[[2114,-175,-1920,-1925,-1178,-1366]],"type":"Polygon","properties":{"n":"Aghoo Kamalpur","c":149346,"d":"Kanpur Dehat","s":"UTTAR PRADESH"}},{"arcs":[[-1026,-1111,2115,-1385,-116]],"type":"Polygon","properties":{"n":"Amarahat","c":149770,"d":"Kanpur Dehat","s":"UTTAR PRADESH"}},{"arcs":[[-394,-314,2116,2117,-169,-2115,-1365,-1945]],"type":"Polygon","properties":{"n":"Banar Ali","c":149333,"d":"Kanpur Dehat","s":"UTTAR PRADESH"}},{"arcs":[[2118,2119,-590,2120,-1846,-1862,2121,-1495,-1584]],"type":"Polygon","properties":{"n":"Dilauliya","c":149112,"d":"Kanpur Dehat","s":"UTTAR PRADESH"}},{"arcs":[[-2040,-1634,-927,2122,2123]],"type":"Polygon","properties":{"n":"Larpur Chhauna","c":149676,"d":"Kanpur Dehat","s":"UTTAR PRADESH"}},{"arcs":[[-1044,2124,2125,-1716,2126,-1305,-1031,2127]],"type":"Polygon","properties":{"n":"Ambarpur","c":149286,"d":"Kanpur Dehat","s":"UTTAR PRADESH"}},{"arcs":[[-1494,2128,-2125,-1043]],"type":"Polygon","properties":{"n":"Sumerpur","c":149287,"d":"Kanpur Dehat","s":"UTTAR PRADESH"}},{"arcs":[[-1992,-1988,-1569,-1613,2129,-1730]],"type":"Polygon","properties":{"n":"Ghatapara","c":149847,"d":"Kanpur Dehat","s":"UTTAR PRADESH"}},{"arcs":[[2130,-1421,2131,2132]],"type":"Polygon","properties":{"n":"Banipara Jinai","c":149091,"d":"Kanpur Dehat","s":"UTTAR PRADESH"}},{"arcs":[[2133,-1304,-769,2134]],"type":"Polygon","properties":{"n":"Baragaon Gulam Kayum","c":149054,"d":"Kanpur Dehat","s":"UTTAR PRADESH"}},{"arcs":[[2135,-1574,2136,-1285,2137,-1740,2138,-1474]],"type":"Polygon","properties":{"n":"Jalihapur","c":149084,"d":"Kanpur Dehat","s":"UTTAR PRADESH"}},{"arcs":[[2139,2140,-1436,-1489,-1297,-2134,2141,2142,2143,-1742]],"type":"Polygon","properties":{"n":"Jhinjhak (NP)","c":800994,"d":"Kanpur Dehat","s":"UTTAR PRADESH"}},{"arcs":[[-1303,-2029,-1350,-2102,-771]],"type":"Polygon","properties":{"n":"Chirkhiri","c":149059,"d":"Kanpur Dehat","s":"UTTAR PRADESH"}},{"arcs":[[2144,-806,-794,-782,-1957,2145,2146,-1968,2147]],"type":"Polygon","properties":{"n":"Bharamau","c":148881,"d":"Kanpur Dehat","s":"UTTAR PRADESH"}},{"arcs":[[-843,-1441,-796,-807,-2145,2148,2149]],"type":"Polygon","properties":{"n":"Bhaisayna","c":148902,"d":"Kanpur Dehat","s":"UTTAR PRADESH"}},{"arcs":[[-2147,2150,2151,-832,-1969]],"type":"Polygon","properties":{"n":"Gahloo","c":148877,"d":"Kanpur Dehat","s":"UTTAR PRADESH"}},{"arcs":[[-844,-2150,2152,-977,-1732,2153]],"type":"Polygon","properties":{"n":"Malikhanpur Jamthar","c":148900,"d":"Kanpur Dehat","s":"UTTAR PRADESH"}},{"arcs":[[-2153,-2149,-2148,-1967,-978]],"type":"Polygon","properties":{"n":"Duda Mahua","c":148901,"d":"Kanpur Dehat","s":"UTTAR PRADESH"}},{"arcs":[[-1373,-320,-383,2154,2155,-840,2156,-1378,-496]],"type":"Polygon","properties":{"n":"Asalatganj","c":148912,"d":"Kanpur Dehat","s":"UTTAR PRADESH"}},{"arcs":[[-2112,-1055,2157,-2007,2158,-1077]],"type":"Polygon","properties":{"n":"Kumbhi","c":149355,"d":"Kanpur Dehat","s":"UTTAR PRADESH"}},{"arcs":[[-403,-1509,-1518,-1948,-1345]],"type":"Polygon","properties":{"n":"Amauli Kurmiyan","c":149759,"d":"Kanpur Dehat","s":"UTTAR PRADESH"}},{"arcs":[[-647,2159,-2012,-1923,-1105,-1255,-1123]],"type":"Polygon","properties":{"n":"Rohani","c":149796,"d":"Kanpur Dehat","s":"UTTAR PRADESH"}},{"arcs":[[2160,-1513,2161,-1796,-83]],"type":"Polygon","properties":{"n":"Majhgawan","c":149169,"d":"Kanpur Dehat","s":"UTTAR PRADESH"}},{"arcs":[[2162,-1078,-2159,-2010,-1510,-2161,-82]],"type":"Polygon","properties":{"n":"Laharapur","c":149354,"d":"Kanpur Dehat","s":"UTTAR PRADESH"}},{"arcs":[[-1937,-1939,-289,2163]],"type":"Polygon","properties":{"n":"Sadhuapur","c":149714,"d":"Kanpur Dehat","s":"UTTAR PRADESH"}},{"arcs":[[-1172,-1835,-2069,-1074,-656,2164,-617]],"type":"Polygon","properties":{"n":"Bewan","c":149350,"d":"Kanpur Dehat","s":"UTTAR PRADESH"}},{"arcs":[[-1946,-1367,-223,-108,2165]],"type":"Polygon","properties":{"n":"Rahniyapur","c":149339,"d":"Kanpur Dehat","s":"UTTAR PRADESH"}},{"arcs":[[-1950,-1083,2166,-622,2167]],"type":"Polygon","properties":{"n":"Mukbilpur","c":149749,"d":"Kanpur Dehat","s":"UTTAR PRADESH"}},{"arcs":[[-88,2168,-1938,-2164,-288,2169,2170]],"type":"Polygon","properties":{"n":"Jalalpur Derapur","c":149739,"d":"Kanpur Dehat","s":"UTTAR PRADESH"}},{"arcs":[[2171,-1951,-2168,-621,2172,2173]],"type":"Polygon","properties":{"n":"Dariyapur Nitarra","c":149748,"d":"Kanpur Dehat","s":"UTTAR PRADESH"}},{"arcs":[[2174,-1067,-1940,-406,-969]],"type":"Polygon","properties":{"n":"Ranipur Derapur","c":149151,"d":"Kanpur Dehat","s":"UTTAR PRADESH"}},{"arcs":[[-214,-1064,-1176,-372,-415,-1013]],"type":"Polygon","properties":{"n":"Mujaffarpur","c":149727,"d":"Kanpur Dehat","s":"UTTAR PRADESH"}},{"arcs":[[-1670,-1017,2175,-1347,-1952,-2172,2176,-1878]],"type":"Polygon","properties":{"n":"Antapur","c":149750,"d":"Kanpur Dehat","s":"UTTAR PRADESH"}},{"arcs":[[-2018,-229,2177,2178,2179]],"type":"Polygon","properties":{"n":"Banna Jakha","c":149312,"d":"Kanpur Dehat","s":"UTTAR PRADESH"}},{"arcs":[[-2177,-2174,2180,-1879]],"type":"Polygon","properties":{"n":"Faridpur Nitarra","c":149747,"d":"Kanpur Dehat","s":"UTTAR PRADESH"}},{"arcs":[[2181,2182,-2100,-1717,-2126,-2129,-1493]],"type":"Polygon","properties":{"n":"Ekghara","c":149298,"d":"Kanpur Dehat","s":"UTTAR PRADESH"}},{"arcs":[[-1713,2183,-931,-948]],"type":"Polygon","properties":{"n":"Laua","c":149692,"d":"Kanpur Dehat","s":"UTTAR PRADESH"}},{"arcs":[[-721,2184,2185,-1703,2186,2187,-2182,-1492,2188,2189]],"type":"Polygon","properties":{"n":"Sahasi","c":149225,"d":"Kanpur Dehat","s":"UTTAR PRADESH"}},{"arcs":[[-2025,2190,-112,-2020,2191,2192]],"type":"Polygon","properties":{"n":"Nibauli Bujurg","c":149325,"d":"Kanpur Dehat","s":"UTTAR PRADESH"}},{"arcs":[[2193,-85,-1795,2194,-2087,-1258,-581]],"type":"Polygon","properties":{"n":"Sihutha","c":149122,"d":"Kanpur Dehat","s":"UTTAR PRADESH"}},{"arcs":[[-482,-2086,2195,-2170,-287,-1012,-1627,2196,2197]],"type":"Polygon","properties":{"n":"Hisawan","c":149735,"d":"Kanpur Dehat","s":"UTTAR PRADESH"}},{"arcs":[[2198,-86,-2194,-580,-1904]],"type":"Polygon","properties":{"n":"Hara Mau","c":149119,"d":"Kanpur Dehat","s":"UTTAR PRADESH"}},{"arcs":[[2199,2200,-2197,-1626,2201]],"type":"Polygon","properties":{"n":"Muradpur","c":149706,"d":"Kanpur Dehat","s":"UTTAR PRADESH"}},{"arcs":[[2202,-625,-2083,-480,2203]],"type":"Polygon","properties":{"n":"Mankapur Sikandra","c":149731,"d":"Kanpur Dehat","s":"UTTAR PRADESH"}},{"arcs":[[-125,-658,-1079,-2163,-81,-2199,-1903,2204]],"type":"Polygon","properties":{"n":"Sargaon Bujurg","c":149121,"d":"Kanpur Dehat","s":"UTTAR PRADESH"}},{"arcs":[[2205,-2179,2206,-574,-2097,2207]],"type":"Polygon","properties":{"n":"Baraula","c":149309,"d":"Kanpur Dehat","s":"UTTAR PRADESH"}},{"arcs":[[-1881,2208,-619,2209,-1162,2210]],"type":"Polygon","properties":{"n":"Gariya Sikandara","c":149745,"d":"Kanpur Dehat","s":"UTTAR PRADESH"}},{"arcs":[[2211,-2192,-2023,2212,2213,2214]],"type":"Polygon","properties":{"n":"Budhiya","c":149322,"d":"Kanpur Dehat","s":"UTTAR PRADESH"}},{"arcs":[[-2021,-2019,-2180,-2206,2215,2216]],"type":"Polygon","properties":{"n":"Shahbajpur Nariha","c":149323,"d":"Kanpur Dehat","s":"UTTAR PRADESH"}},{"arcs":[[-2089,-488,-1628,-416,-378,-413,-367,-650,2217,2218]],"type":"Polygon","properties":{"n":"Kasolar","c":149717,"d":"Kanpur Dehat","s":"UTTAR PRADESH"}},{"arcs":[[-2213,-2022,-2217,2219,2220]],"type":"Polygon","properties":{"n":"Asanda","c":149308,"d":"Kanpur Dehat","s":"UTTAR PRADESH"}},{"arcs":[[2221,2222,-2215,2223,2224]],"type":"Polygon","properties":{"n":"Sarai Harpali","c":149316,"d":"Kanpur Dehat","s":"UTTAR PRADESH"}},{"arcs":[[-1205,2225,-483,-2198,-2201,2226]],"type":"Polygon","properties":{"n":"Ramgarhi","c":149705,"d":"Kanpur Dehat","s":"UTTAR PRADESH"}},{"arcs":[[2227,-2224,-2214,-2221,2228,2229,-1867]],"type":"Polygon","properties":{"n":"Naurangabad","c":149315,"d":"Kanpur Dehat","s":"UTTAR PRADESH"}},{"arcs":[[2230,-2218,-652,-494,2231,-1216]],"type":"Polygon","properties":{"n":"Sadhawapur","c":149740,"d":"Kanpur Dehat","s":"UTTAR PRADESH"}},{"arcs":[[2232,-2229,-2220,-2216,-2208,-2096,2233]],"type":"Polygon","properties":{"n":"Bhikhanapur","c":149307,"d":"Kanpur Dehat","s":"UTTAR PRADESH"}},{"arcs":[[2234,-1206,-2227,-2200,2235,2236]],"type":"Polygon","properties":{"n":"Palhenapur","c":149700,"d":"Kanpur Dehat","s":"UTTAR PRADESH"}},{"arcs":[[-2094,-490,-2091,2237,-1854]],"type":"Polygon","properties":{"n":"Sukhshahpur","c":149711,"d":"Kanpur Dehat","s":"UTTAR PRADESH"}},{"arcs":[[-1212,2238,-966,-1859,-1874]],"type":"Polygon","properties":{"n":"Khajurra","c":149129,"d":"Kanpur Dehat","s":"UTTAR PRADESH"}},{"arcs":[[-1707,-1860,-972,-1129,-1669,-1166,2239]],"type":"Polygon","properties":{"n":"Guriyapur","c":149144,"d":"Kanpur Dehat","s":"UTTAR PRADESH"}},{"arcs":[[-1868,-2230,-2233,2240,2241]],"type":"Polygon","properties":{"n":"Lalpur Akbarpur","c":149300,"d":"Kanpur Dehat","s":"UTTAR PRADESH"}},{"arcs":[[2242,-126,-2205,-1902,-1898]],"type":"Polygon","properties":{"n":"Gaholiya","c":149303,"d":"Kanpur Dehat","s":"UTTAR PRADESH"}},{"arcs":[[-2098,-578,-121,-2243,-1897]],"type":"Polygon","properties":{"n":"Hasanapur","c":149304,"d":"Kanpur Dehat","s":"UTTAR PRADESH"}},{"arcs":[[-1708,-2240,-1169,-1877,2243,-1643]],"type":"Polygon","properties":{"n":"Bhupatiapur","c":149140,"d":"Kanpur Dehat","s":"UTTAR PRADESH"}},{"arcs":[[-1842,-1164,2244,-2204,-484,-2226,-1207,-2235,2245,-1711]],"type":"Polygon","properties":{"n":"Jaitapur","c":149702,"d":"Kanpur Dehat","s":"UTTAR PRADESH"}},{"arcs":[[2246,-1872,-1214,-1875,-1843,2247,-588]],"type":"Polygon","properties":{"n":"Saifabad","c":149125,"d":"Kanpur Dehat","s":"UTTAR PRADESH"}},{"arcs":[[-1702,2248,-1869,-2242,2249,-2187]],"type":"Polygon","properties":{"n":"Patra Tappa Mandauli","c":149301,"d":"Kanpur Dehat","s":"UTTAR PRADESH"}},{"arcs":[[-2241,-2234,-2095,-2183,-2188,-2250]],"type":"Polygon","properties":{"n":"Roshan Mau","c":149299,"d":"Kanpur Dehat","s":"UTTAR PRADESH"}},{"arcs":[[2250,-1884,-1887,-1840,-665,-2062]],"type":"Polygon","properties":{"n":"Raraunkh","c":149695,"d":"Kanpur Dehat","s":"UTTAR PRADESH"}},{"arcs":[[2251,-1900,-1839,2252,-2037]],"type":"Polygon","properties":{"n":"Jagdishpur","c":149282,"d":"Kanpur Dehat","s":"UTTAR PRADESH"}},{"arcs":[[-1905,-1223,2253,-2033,2254]],"type":"Polygon","properties":{"n":"Tidhwa","c":149116,"d":"Kanpur Dehat","s":"UTTAR PRADESH"}},{"arcs":[[2255,-1885,-2251,-2061,2256]],"type":"Polygon","properties":{"n":"Mahua","c":149138,"d":"Kanpur Dehat","s":"UTTAR PRADESH"}},{"arcs":[[-1704,-2186,2257]],"type":"Polygon","properties":{"n":"Ahirani","c":149294,"d":"Kanpur Dehat","s":"UTTAR PRADESH"}},{"arcs":[[-1646,2258,-2059,2259]],"type":"Polygon","properties":{"n":"Gahilapur","c":149687,"d":"Kanpur Dehat","s":"UTTAR PRADESH"}},{"arcs":[[-55,2260,-1451]],"type":"Polygon","properties":{"n":"Angadpur","c":148920,"d":"Kanpur Dehat","s":"UTTAR PRADESH"}},{"arcs":[[2261,-51,2262,-43,2263,2264]],"type":"Polygon","properties":{"n":"Niwada Deoray","c":149020,"d":"Kanpur Dehat","s":"UTTAR PRADESH"}},{"arcs":[[-815,-463,-798]],"type":"Polygon","properties":{"n":"Dhusramau","c":148922,"d":"Kanpur Dehat","s":"UTTAR PRADESH"}},{"arcs":[[-2264,-48,-1454,-808,2265]],"type":"Polygon","properties":{"n":"Nawada Kurmi","c":149016,"d":"Kanpur Dehat","s":"UTTAR PRADESH"}},{"arcs":[[-939,-1962,-2038,-2253,-1838,-1906,-2255,-2032,-2063]],"type":"Polygon","properties":{"n":"Sarayan","c":149281,"d":"Kanpur Dehat","s":"UTTAR PRADESH"}},{"arcs":[[-1888,-1498,-1633,2266,-1647,-2260,-2058,-1576,2267,-1287]],"type":"Polygon","properties":{"n":"Thena Mau","c":149080,"d":"Kanpur Dehat","s":"UTTAR PRADESH"}},{"arcs":[[-703,-934,-2041,-2124,2268,-1229]],"type":"Polygon","properties":{"n":"Sikahila","c":149070,"d":"Kanpur Dehat","s":"UTTAR PRADESH"}},{"arcs":[[-868,-926,-591,-2120,2269,-1572,-715]],"type":"Polygon","properties":{"n":"Sarkaura","c":149109,"d":"Kanpur Dehat","s":"UTTAR PRADESH"}},{"arcs":[[2270,-1045,-2128,-1035,-1583,-1426,2271]],"type":"Polygon","properties":{"n":"Kari Kalwari","c":149239,"d":"Kanpur Dehat","s":"UTTAR PRADESH"}},{"arcs":[[2272,2273,2274,2275,2276,2277,-719,-1963,2278]],"type":"Polygon","properties":{"n":"Korhwa","c":149291,"d":"Kanpur Dehat","s":"UTTAR PRADESH"}},{"arcs":[[-1046,-2271,-298,2279]],"type":"Polygon","properties":{"n":"Lamahara","c":149238,"d":"Kanpur Dehat","s":"UTTAR PRADESH"}},{"arcs":[[-1578,-942,-1247,-1965,-1299,-1488]],"type":"Polygon","properties":{"n":"Gauri","c":149073,"d":"Kanpur Dehat","s":"UTTAR PRADESH"}},{"arcs":[[-1573,-2270,-2119,-1586,-727,-1282,-2137]],"type":"Polygon","properties":{"n":"Murera Bikram Singh","c":149085,"d":"Kanpur Dehat","s":"UTTAR PRADESH"}},{"arcs":[[-1892,-1040,-698,2280,-1315,-1235]],"type":"Polygon","properties":{"n":"Gahlo Jarbi","c":149236,"d":"Kanpur Dehat","s":"UTTAR PRADESH"}},{"arcs":[[-2281,-697,-1047,-2280,-297,-1316]],"type":"Polygon","properties":{"n":"Birpur Naksiya","c":149229,"d":"Kanpur Dehat","s":"UTTAR PRADESH"}},{"arcs":[[-2272,-1425,2281,-1423,2282,-332,-299]],"type":"Polygon","properties":{"n":"Jajmuiya","c":149093,"d":"Kanpur Dehat","s":"UTTAR PRADESH"}},{"arcs":[[2283,-1295,-1575,-2136,-1473]],"type":"Polygon","properties":{"n":"Bacheet Bharthu","c":149088,"d":"Kanpur Dehat","s":"UTTAR PRADESH"}},{"arcs":[[-333,-2283,-1422,-2131,2284]],"type":"Polygon","properties":{"n":"Bijaypur","c":148945,"d":"Kanpur Dehat","s":"UTTAR PRADESH"}},{"arcs":[[-2138,-1284,-1292,2285,-2140,-1741]],"type":"Polygon","properties":{"n":"Nahili","c":149082,"d":"Kanpur Dehat","s":"UTTAR PRADESH"}},{"arcs":[[2286,-2132,-1433,-1296,-2284,-1472,-1468,-1479,-1852,-2106]],"type":"Polygon","properties":{"n":"Bacheet Purwa","c":149089,"d":"Kanpur Dehat","s":"UTTAR PRADESH"}},{"arcs":[[-1476,2287,-1737,-1849]],"type":"Polygon","properties":{"n":"Jalalpur Rasoolabad","c":148953,"d":"Kanpur Dehat","s":"UTTAR PRADESH"}},{"arcs":[[-334,-2285,-2133,-2287,-2105,2288,-779]],"type":"Polygon","properties":{"n":"Simara Mau","c":148942,"d":"Kanpur Dehat","s":"UTTAR PRADESH"}},{"arcs":[[-2049,2289,2290,-2142,-2135,-768,2291]],"type":"Polygon","properties":{"n":"Garhi Mahera","c":149053,"d":"Kanpur Dehat","s":"UTTAR PRADESH"}},{"arcs":[[2292,2293,-2290,-2048,-1117]],"type":"Polygon","properties":{"n":"Chhatrasa","c":149045,"d":"Kanpur Dehat","s":"UTTAR PRADESH"}},{"arcs":[[-267,-776,-2103,-331,2294,2295]],"type":"Polygon","properties":{"n":"Ban","c":149050,"d":"Kanpur Dehat","s":"UTTAR PRADESH"}},{"arcs":[[-780,-2289,-2104,-1783,2296]],"type":"Polygon","properties":{"n":"Kaprahat","c":148939,"d":"Kanpur Dehat","s":"UTTAR PRADESH"}},{"arcs":[[2297,2298,-274,-1907,-1850,-1735,-457]],"type":"Polygon","properties":{"n":"Ajanpur Khurd","c":148948,"d":"Kanpur Dehat","s":"UTTAR PRADESH"}},{"arcs":[[-1563,-834,2299,-1676,2300]],"type":"Polygon","properties":{"n":"Puran Purwa","c":148855,"d":"Kanpur Dehat","s":"UTTAR PRADESH"}},{"arcs":[[-1564,-2301,-1675,2301,-349]],"type":"Polygon","properties":{"n":"Kare Rampur","c":148857,"d":"Kanpur Dehat","s":"UTTAR PRADESH"}},{"arcs":[[2302,-1698,2303,2304,2305]],"type":"Polygon","properties":{"n":"Tarauli","c":148904,"d":"Kanpur Dehat","s":"UTTAR PRADESH"}},{"arcs":[[-1679,-1397,2306,2307,2308]],"type":"Polygon","properties":{"n":"Sisahi","c":148866,"d":"Kanpur Dehat","s":"UTTAR PRADESH"}},{"arcs":[[-2011,-166,-250,2309,-65,2310,-1096,-351,-1507,-401]],"type":"Polygon","properties":{"n":"Kandhi","c":149805,"d":"Kanpur Dehat","s":"UTTAR PRADESH"}},{"arcs":[[-1415,-1277,-1381,-1922]],"type":"Polygon","properties":{"n":"Ninhaura","c":149789,"d":"Kanpur Dehat","s":"UTTAR PRADESH"}},{"arcs":[[-152,-234,-1244,-2108,2311,-2110]],"type":"Polygon","properties":{"n":"Madwai","c":149371,"d":"Kanpur Dehat","s":"UTTAR PRADESH"}},{"arcs":[[-1715,-2099,-1901,-2252,-2036,-1306,-2127]],"type":"Polygon","properties":{"n":"Rura (NP)","c":800997,"d":"Kanpur Dehat","s":"UTTAR PRADESH"}},{"arcs":[[-2054,2312,2313,2314]],"type":"Polygon","properties":{"n":"Tejpur","c":149035,"d":"Kanpur Dehat","s":"UTTAR PRADESH"}},{"arcs":[[-1695,-2050,-2292,-774,2315,-2052,2316,-787]],"type":"Polygon","properties":{"n":"Lakshmanpur Pilakh","c":149037,"d":"Kanpur Dehat","s":"UTTAR PRADESH"}},{"arcs":[[-1443,-6,2317,-1447]],"type":"Polygon","properties":{"n":"Makrandpur Kahinjari","c":148934,"d":"Kanpur Dehat","s":"UTTAR PRADESH"}},{"arcs":[[-2317,-2051,-20,-788]],"type":"Polygon","properties":{"n":"Malatipur","c":149033,"d":"Kanpur Dehat","s":"UTTAR PRADESH"}},{"arcs":[[2318,-1781,-2078,-31,-793,2319]],"type":"Polygon","properties":{"n":"Bhavanpur","c":148887,"d":"Kanpur Dehat","s":"UTTAR PRADESH"}},{"arcs":[[2320,-1996,-1661,-1273,-1624,-1991,-1746,-2081,-1057]],"type":"Polygon","properties":{"n":"Doharapur","c":149478,"d":"Kanpur Dehat","s":"UTTAR PRADESH"}},{"arcs":[[2321,-210,2322,-1725,-600]],"type":"Polygon","properties":{"n":"Patepur","c":149379,"d":"Kanpur Dehat","s":"UTTAR PRADESH"}},{"arcs":[[2323,2324,-2117,-313]],"type":"Polygon","properties":{"n":"Swarooppur","c":149334,"d":"Kanpur Dehat","s":"UTTAR PRADESH"}},{"arcs":[[-2111,-2312,-2107,-1831,-1182]],"type":"Polygon","properties":{"n":"Kripalpur","c":149365,"d":"Kanpur Dehat","s":"UTTAR PRADESH"}},{"arcs":[[2325,2326,-293,-3,2327]],"type":"Polygon","properties":{"n":"Marhamtabad","c":149027,"d":"Kanpur Dehat","s":"UTTAR PRADESH"}},{"arcs":[[2328,2329,2330,2331,-2326,2332,2333,2334]],"type":"Polygon","properties":{"n":"Bhevan","c":149031,"d":"Kanpur Dehat","s":"UTTAR PRADESH"}},{"arcs":[[-2080,2335,-1119,-2047,-33]],"type":"Polygon","properties":{"n":"Jagdishpur","c":149040,"d":"Kanpur Dehat","s":"UTTAR PRADESH"}},{"arcs":[[-2314,2336,-777,-265,2337]],"type":"Polygon","properties":{"n":"Sadharamau","c":149046,"d":"Kanpur Dehat","s":"UTTAR PRADESH"}},{"arcs":[[-1787,-2044,-57,-1450]],"type":"Polygon","properties":{"n":"Kishunpur","c":148935,"d":"Kanpur Dehat","s":"UTTAR PRADESH"}},{"arcs":[[-459,-1738,-2288,-1475,-2139,-1739,-1775,-2043]],"type":"Polygon","properties":{"n":"Malgaon","c":148952,"d":"Kanpur Dehat","s":"UTTAR PRADESH"}},{"arcs":[[-2045,-275,-2299,2338,-15,-2056]],"type":"Polygon","properties":{"n":"Fatehpur Rasoolabad","c":148925,"d":"Kanpur Dehat","s":"UTTAR PRADESH"}},{"arcs":[[-268,-2296,2339]],"type":"Polygon","properties":{"n":"Ranepur Rasoolabad","c":149049,"d":"Kanpur Dehat","s":"UTTAR PRADESH"}},{"arcs":[[-1744,-1120,-2336,-2079,-1779]],"type":"Polygon","properties":{"n":"Rampur Tappewan","c":149043,"d":"Kanpur Dehat","s":"UTTAR PRADESH"}},{"arcs":[[2340,-2333,-2328,-2,-1805,-45]],"type":"Polygon","properties":{"n":"Aurangabad","c":149026,"d":"Kanpur Dehat","s":"UTTAR PRADESH"}},{"arcs":[[-2318,-5,-302,-781,-2297,-1782,-1448]],"type":"Polygon","properties":{"n":"Bhikhdev","c":148940,"d":"Kanpur Dehat","s":"UTTAR PRADESH"}},{"arcs":[[-773,-2101,-778,-2337,-2313,-2053,-2316]],"type":"Polygon","properties":{"n":"Dabauli","c":149036,"d":"Kanpur Dehat","s":"UTTAR PRADESH"}},{"arcs":[[-1010,-1947,-2166,-107,-2191,-2024]],"type":"Polygon","properties":{"n":"Khokha","c":149326,"d":"Kanpur Dehat","s":"UTTAR PRADESH"}},{"arcs":[[-618,-2165,-655,-123,-577]],"type":"Polygon","properties":{"n":"Sahabapur","c":149348,"d":"Kanpur Dehat","s":"UTTAR PRADESH"}},{"arcs":[[-1801,-597,-1068,-2175,-968,2341]],"type":"Polygon","properties":{"n":"Derapur (NP)","c":800995,"d":"Kanpur Dehat","s":"UTTAR PRADESH"}},{"arcs":[[-2178,-228,-615,-575,-2207]],"type":"Polygon","properties":{"n":"Muktapur Mazara Nariha","c":149311,"d":"Kanpur Dehat","s":"UTTAR PRADESH"}},{"arcs":[[-2210,-626,-2203,-2245,-1163]],"type":"Polygon","properties":{"n":"Jariha Lachhmanpur","c":149744,"d":"Kanpur Dehat","s":"UTTAR PRADESH"}},{"arcs":[[-2254,-1222,-1873,-2247,-587,-2034]],"type":"Polygon","properties":{"n":"Reri","c":149115,"d":"Kanpur Dehat","s":"UTTAR PRADESH"}},{"arcs":[[-932,-2184,-1712,-2246,-2237,2342,-2092,-1636,-2039]],"type":"Polygon","properties":{"n":"Jatapur","c":149677,"d":"Kanpur Dehat","s":"UTTAR PRADESH"}},{"arcs":[[-2248,-1847,-2121,-589]],"type":"Polygon","properties":{"n":"Katehi","c":149113,"d":"Kanpur Dehat","s":"UTTAR PRADESH"}},{"arcs":[[-2339,-2298,-456,-16]],"type":"Polygon","properties":{"n":"Singwanar","c":148947,"d":"Kanpur Dehat","s":"UTTAR PRADESH"}},{"arcs":[[-1777,-1778,-2319,2343,-26]],"type":"Polygon","properties":{"n":"Manki","c":148889,"d":"Kanpur Dehat","s":"UTTAR PRADESH"}},{"arcs":[[-1452,-2261,-54,-1954,-1955,2344,-1682]],"type":"Polygon","properties":{"n":"Daheli","c":148919,"d":"Kanpur Dehat","s":"UTTAR PRADESH"}},{"arcs":[[-2074,2345,2346,-2265,-2266,-812,-1689,-2070]],"type":"Polygon","properties":{"n":"Singhpur Shioli","c":149014,"d":"Kanpur Dehat","s":"UTTAR PRADESH"}},{"arcs":[[-2146,-1959,2347,-2151]],"type":"Polygon","properties":{"n":"Kathara","c":148878,"d":"Kanpur Dehat","s":"UTTAR PRADESH"}},{"arcs":[[-1683,-2345,-1956,-817,2348,-2155,-382]],"type":"Polygon","properties":{"n":"Hikepur","c":148914,"d":"Kanpur Dehat","s":"UTTAR PRADESH"}},{"arcs":[[-2156,-2349,-816,-801,-841]],"type":"Polygon","properties":{"n":"Bahadurpur","c":148913,"d":"Kanpur Dehat","s":"UTTAR PRADESH"}},{"arcs":[[-837,2349,-1379,-2157,-839,-1394,-303,2350,2351]],"type":"Polygon","properties":{"n":"Devgaon Chakkar Urf Nibhoo","c":148898,"d":"Kanpur Dehat","s":"UTTAR PRADESH"}},{"arcs":[[-845,-2154,-1734,-1324,-1395]],"type":"Polygon","properties":{"n":"Chitai Chaube Urf Matera","c":148897,"d":"Kanpur Dehat","s":"UTTAR PRADESH"}},{"arcs":[[2352,-1380,-2350,-836,-2352,2353,-1318]],"type":"Polygon","properties":{"n":"Sennay Muhammadnagar","c":148908,"d":"Kanpur Dehat","s":"UTTAR PRADESH"}},{"arcs":[[2354,-1376,-2353,-1317,2355]],"type":"Polygon","properties":{"n":"Lala Bhagat","c":148907,"d":"Kanpur Dehat","s":"UTTAR PRADESH"}},{"arcs":[[-1319,-2354,-2351,-305,-1393,2356]],"type":"Polygon","properties":{"n":"Indalpur Lalu","c":148870,"d":"Kanpur Dehat","s":"UTTAR PRADESH"}},{"arcs":[[-981,-1561,-1327]],"type":"Polygon","properties":{"n":"Sajawarpur","c":148872,"d":"Kanpur Dehat","s":"UTTAR PRADESH"}},{"arcs":[[2357,-2308,2358,-1329,-1560,-1440,2359]],"type":"Polygon","properties":{"n":"Parsaura","c":148867,"d":"Kanpur Dehat","s":"UTTAR PRADESH"}},{"arcs":[[2360,-1680,-2309,-2358,2361]],"type":"Polygon","properties":{"n":"Gambhira","c":148863,"d":"Kanpur Dehat","s":"UTTAR PRADESH"}},{"arcs":[[2362,-2305,2363,-1681,-2361,2364]],"type":"Polygon","properties":{"n":"Alipur Ramhar","c":148864,"d":"Kanpur Dehat","s":"UTTAR PRADESH"}},{"arcs":[[-504,-511,2365,-2306,-2363,2366,2367]],"type":"Polygon","properties":{"n":"Naila","c":148966,"d":"Kanpur Dehat","s":"UTTAR PRADESH"}},{"arcs":[[-510,2368,2369,-2356,-1322,-1696,-2303,-2366]],"type":"Polygon","properties":{"n":"Kasmara","c":148990,"d":"Kanpur Dehat","s":"UTTAR PRADESH"}},{"arcs":[[-964,2370,2371,-505,-2368,2372,2373]],"type":"Polygon","properties":{"n":"Sikandarpur Bilhaur","c":148962,"d":"Kanpur Dehat","s":"UTTAR PRADESH"}},{"arcs":[[2374,-2371,-963,2375,-386]],"type":"Polygon","properties":{"n":"Samaspur Nyoraj","c":148961,"d":"Kanpur Dehat","s":"UTTAR PRADESH"}},{"arcs":[[2376,2377]],"type":"Polygon","properties":{"n":"Fattepur Bakothia","c":148956,"d":"Kanpur Dehat","s":"UTTAR PRADESH"}},{"arcs":[[2378,-965,-2374,2379,-2377,2380]],"type":"Polygon","properties":{"n":"Mirjapur Lakothiya","c":148957,"d":"Kanpur Dehat","s":"UTTAR PRADESH"}},{"arcs":[[-2376,-962,-2379,-387]],"type":"Polygon","properties":{"n":"Reori","c":148959,"d":"Kanpur Dehat","s":"UTTAR PRADESH"}},{"arcs":[[-385,-763,-512,-506,-2372,-2375]],"type":"Polygon","properties":{"n":"Gadanpur Rasoolabad","c":148963,"d":"Kanpur Dehat","s":"UTTAR PRADESH"}},{"arcs":[[-1084,-765,2381]],"type":"Polygon","properties":{"n":"Anta","c":148972,"d":"Kanpur Dehat","s":"UTTAR PRADESH"}},{"arcs":[[2382,2383,-1371,-1374,-497,-1377,-2355,-2370,2384]],"type":"Polygon","properties":{"n":"Birhun","c":148991,"d":"Kanpur Dehat","s":"UTTAR PRADESH"}},{"arcs":[[-1864,2385,2386,2387,-2383,2388,-508,-392]],"type":"Polygon","properties":{"n":"Rasoolpur Rasoolabad","c":148988,"d":"Kanpur Dehat","s":"UTTAR PRADESH"}},{"arcs":[[2389,2390,2391,-2386,-1863,2392]],"type":"Polygon","properties":{"n":"Murra","c":148977,"d":"Kanpur Dehat","s":"UTTAR PRADESH"}},{"arcs":[[2393,2394,-2393,-390,-1086]],"type":"Polygon","properties":{"n":"Rampur Taluka","c":148976,"d":"Kanpur Dehat","s":"UTTAR PRADESH"}},{"arcs":[[2395,2396,-2390,-2395,2397]],"type":"Polygon","properties":{"n":"Malhpur","c":148978,"d":"Kanpur Dehat","s":"UTTAR PRADESH"}},{"arcs":[[2398,2399,-2396,2400]],"type":"Polygon","properties":{"n":"Paliya Banskhera","c":148979,"d":"Kanpur Dehat","s":"UTTAR PRADESH"}},{"arcs":[[-2400,2401,2402,2403,-2391,-2397]],"type":"Polygon","properties":{"n":"Gopalpur Taluka","c":148980,"d":"Kanpur Dehat","s":"UTTAR PRADESH"}},{"arcs":[[-2404,2404,-1312,2405,-2387,-2392]],"type":"Polygon","properties":{"n":"Dharmupur","c":148981,"d":"Kanpur Dehat","s":"UTTAR PRADESH"}},{"arcs":[[2406,2407,2408,-1308,-2405,-2403]],"type":"Polygon","properties":{"n":"Tisti","c":148983,"d":"Kanpur Dehat","s":"UTTAR PRADESH"}},{"arcs":[[2409,-2076,2410,2411,2412]],"type":"Polygon","properties":{"n":"Aurangpur Gahdeva","c":149005,"d":"Kanpur Dehat","s":"UTTAR PRADESH"}},{"arcs":[[-1912,-855,-2001,-1463,-1004,-1720]],"type":"Polygon","properties":{"n":"Hariharpur","c":149841,"d":"Kanpur Dehat","s":"UTTAR PRADESH"}},{"arcs":[[-2002,-1997,-2321,-1056,-1419]],"type":"Polygon","properties":{"n":"Taranpur","c":149463,"d":"Kanpur Dehat","s":"UTTAR PRADESH"}},{"arcs":[[2413,2414,2415,-1691,-2068,-1686,-324,-1375,-1368,-1309,-2409]],"type":"Polygon","properties":{"n":"Sunasi","c":148997,"d":"Kanpur Dehat","s":"UTTAR PRADESH"}},{"arcs":[[2416,-2414,-2408,2417]],"type":"Polygon","properties":{"n":"Surajpur","c":148984,"d":"Kanpur Dehat","s":"UTTAR PRADESH"}},{"arcs":[[2418,-2412,2419,-1692,-2416,2420,-2418,-2407,-2402,-2399]],"type":"Polygon","properties":{"n":"Thana Hamirpur","c":149004,"d":"Kanpur Dehat","s":"UTTAR PRADESH"}},{"arcs":[[-2075,-1693,-2420,-2411]],"type":"Polygon","properties":{"n":"Khera Kursi","c":149006,"d":"Kanpur Dehat","s":"UTTAR PRADESH"}},{"arcs":[[-1245,-945,-936,-951,-1894,-1966]],"type":"Polygon","properties":{"n":"Nawabpur","c":149690,"d":"Kanpur Dehat","s":"UTTAR PRADESH"}},{"arcs":[[-1743,-2144,2421,-2293,-1116]],"type":"Polygon","properties":{"n":"Tikangaon","c":940155,"d":"Kanpur Dehat","s":"UTTAR PRADESH"}},{"arcs":[[2422,-1816,-1817,-900,-1530,-430,2423,-1544]],"type":"Polygon","properties":{"n":"Musanagar Kachhar","c":149651,"d":"Kanpur Dehat","s":"UTTAR PRADESH"}},{"arcs":[[-157,-1226,-159,-1514,-340]],"type":"Polygon","properties":{"n":" ","c":149176,"d":"Kanpur Dehat","s":"UTTAR PRADESH"}},{"arcs":[[-2116,-1110,-2015,-245,-502,2424,2425,-2113,-1386]],"type":"Polygon","properties":{"n":" ","c":149780,"d":"Kanpur Dehat","s":"UTTAR PRADESH"}},{"arcs":[[-1512,-345,-1797,-2162]],"type":"Polygon","properties":{"n":" ","c":0,"d":"Kanpur Dehat","s":"UTTAR PRADESH"}},{"arcs":[[-2421,-2415,-2417]],"type":"Polygon","properties":{"n":"Tikra","c":148985,"d":"Kanpur Dehat","s":"UTTAR PRADESH"}},{"arcs":[[2426,2427,-2212,-2223]],"type":"Polygon","properties":{"n":" ","c":0,"d":"Kanpur Dehat","s":"UTTAR PRADESH"}},{"arcs":[[-1882,-2211,-1161,-1886]],"type":"Polygon","properties":{"n":" ","c":149743,"d":"Kanpur Dehat","s":"UTTAR PRADESH"}},{"arcs":[[-2090,-2219,-2231,-1215,-1855,-2238]],"type":"Polygon","properties":{"n":"Raypur","c":149710,"d":"Kanpur Dehat","s":"UTTAR PRADESH"}},{"arcs":[[-1644,-2244,-1876,-2256,2428]],"type":"Polygon","properties":{"n":"Murra","c":149139,"d":"Kanpur Dehat","s":"UTTAR PRADESH"}},{"arcs":[[-1645,-2429,-2257,-2060,-2259]],"type":"Polygon","properties":{"n":"Satura","c":0,"d":"Kanpur Dehat","s":"UTTAR PRADESH"}},{"arcs":[[-1861,-1705,-1630,-1496,-2122]],"type":"Polygon","properties":{"n":" ","c":0,"d":"Kanpur Dehat","s":"UTTAR PRADESH"}},{"arcs":[[-1632,-1709,-1641,-2267]],"type":"Polygon","properties":{"n":"Ghusti","c":149133,"d":"Kanpur Dehat","s":"UTTAR PRADESH"}},{"arcs":[[2429,-2189,-1491,2430,-2066]],"type":"Polygon","properties":{"n":"Shah Newajpur","c":149296,"d":"Kanpur Dehat","s":"UTTAR PRADESH"}},{"arcs":[[-1038,-2067,-2431,-1490,-1041]],"type":"Polygon","properties":{"n":" ","c":0,"d":"Kanpur Dehat","s":"UTTAR PRADESH"}},{"arcs":[[-1135,2431,-1527,-1590,-516]],"type":"Polygon","properties":{"n":" ","c":149571,"d":"Kanpur Dehat","s":"UTTAR PRADESH"}},{"arcs":[[-1311,-1372,-2384,-2388,-2406]],"type":"Polygon","properties":{"n":" ","c":148982,"d":"Kanpur Dehat","s":"UTTAR PRADESH"}},{"arcs":[[-918,-888,2432,-1909,-1911]],"type":"Polygon","properties":{"n":" ","c":0,"d":"Kanpur Dehat","s":"UTTAR PRADESH"}},{"arcs":[[-1750,-1752,-1097,-2311,-64]],"type":"Polygon","properties":{"n":" ","c":0,"d":"Kanpur Dehat","s":"UTTAR PRADESH"}},{"arcs":[[-2344,-2320,-792,-27]],"type":"Polygon","properties":{"n":" ","c":148888,"d":"Kanpur Dehat","s":"UTTAR PRADESH"}},{"arcs":[[-36,-784]],"type":"Polygon","properties":{"n":" ","c":148884,"d":"Kanpur Dehat","s":"UTTAR PRADESH"}},{"arcs":[[-1396,-1330,-2359,-2307]],"type":"Polygon","properties":{"n":"Patti Malkhan","c":148868,"d":"Kanpur Dehat","s":"UTTAR PRADESH"}},{"arcs":[[-518,-824,-277,-1332]],"type":"Polygon","properties":{"n":" ","c":0,"d":"Kanpur Dehat","s":"UTTAR PRADESH"}},{"arcs":[[-1973,2433,-1979,-1654]],"type":"Polygon","properties":{"n":"Gauri Ratan Kachhar","c":149870,"d":"Kanpur Dehat","s":"UTTAR PRADESH"}},{"arcs":[[-1196,-1333,-280,-177,-1357]],"type":"Polygon","properties":{"n":"Shahjhanpur","c":149563,"d":"Kanpur Dehat","s":"UTTAR PRADESH"}},{"arcs":[[-1924,-239,-235,-2109,-1180]],"type":"Polygon","properties":{"n":"Jamalpur","c":149367,"d":"Kanpur Dehat","s":"UTTAR PRADESH"}},{"arcs":[[-722,-2190,-2430,-2065]],"type":"Polygon","properties":{"n":" ","c":0,"d":"Kanpur Dehat","s":"UTTAR PRADESH"}},{"arcs":[[-2064,-2030,-2057,-712,-1432]],"type":"Polygon","properties":{"n":"Mahrajpur","c":149104,"d":"Kanpur Dehat","s":"UTTAR PRADESH"}},{"arcs":[[-949,-700,-1890,-1895]],"type":"Polygon","properties":{"n":"Jarhuli","c":149066,"d":"Kanpur Dehat","s":"UTTAR PRADESH"}},{"arcs":[[-2158,-1054,-1459,-2008]],"type":"Polygon","properties":{"n":" ","c":0,"d":"Kanpur Dehat","s":"UTTAR PRADESH"}},{"arcs":[[-2084,-623,-2167,-1082,-1126,-1935,-2169,-87]],"type":"Polygon","properties":{"n":"Araji Mirjapur","c":149738,"d":"Kanpur Dehat","s":"UTTAR PRADESH"}},{"arcs":[[-2181,-2173,-620,-2209,-1880]],"type":"Polygon","properties":{"n":" ","c":149746,"d":"Kanpur Dehat","s":"UTTAR PRADESH"}},{"arcs":[[-1211,-1280,2434,-1802,-2342,-967,-2239]],"type":"Polygon","properties":{"n":"Kishwa Khera","c":149160,"d":"Kanpur Dehat","s":"UTTAR PRADESH"}},{"arcs":[[-89,-2171,-2196,-2085]],"type":"Polygon","properties":{"n":" ","c":149736,"d":"Kanpur Dehat","s":"UTTAR PRADESH"}},{"arcs":[[-1726,-2323,-209,207,-1558,-1821,-661]],"type":"Polygon","properties":{"n":"Mawar","c":149523,"d":"Kanpur Dehat","s":"UTTAR PRADESH"}},{"arcs":[[2435,-1721,-1000,-211,-2322,-599,-171]],"type":"Polygon","properties":{"n":" ","c":0,"d":"Kanpur Dehat","s":"UTTAR PRADESH"}},{"arcs":[[-2082,-66,-2310,-249]],"type":"Polygon","properties":{"n":" ","c":149808,"d":"Kanpur Dehat","s":"UTTAR PRADESH"}},{"arcs":[[2436,-995,-1594,-2114,-2426]],"type":"Polygon","properties":{"n":"Bhupaiyapur Gauhani","c":149777,"d":"Kanpur Dehat","s":"UTTAR PRADESH"}},{"arcs":[[-2332,2437,-1189,-1191,-294,-2327]],"type":"Polygon","properties":{"n":"Kadari","c":149029,"d":"Kanpur Dehat","s":"UTTAR PRADESH"}},{"arcs":[[-2422,-2143,-2291,-2294]],"type":"Polygon","properties":{"n":"Turana","c":940156,"d":"Kanpur Dehat","s":"UTTAR PRADESH"}},{"arcs":[[-2195,-1799,-1803,-2435,-1279,-2088]],"type":"Polygon","properties":{"n":" ","c":0,"d":"Kanpur Dehat","s":"UTTAR PRADESH"}},{"arcs":[[2438,2439,-147,-898,-744]],"type":"Polygon","properties":{"n":"Keotra Katari","c":149644,"d":"Kanpur Dehat","s":"UTTAR PRADESH"}},{"arcs":[[-904,2440,-2439,-743,-1531]],"type":"Polygon","properties":{"n":" ","c":0,"d":"Kanpur Dehat","s":"UTTAR PRADESH"}},{"arcs":[[-1523,-439,-908,-1866,2441,-1528,-2432,-1134]],"type":"Polygon","properties":{"n":"Shahpur","c":149616,"d":"Kanpur Dehat","s":"UTTAR PRADESH"}},{"arcs":[[-1483,2442,-532]],"type":"Polygon","properties":{"n":"Nibarri Bangar","c":149884,"d":"Kanpur Dehat","s":"UTTAR PRADESH"}},{"arcs":[[-1941,-405,-1349,2443]],"type":"Polygon","properties":{"n":"Agawasi","c":149753,"d":"Kanpur Dehat","s":"UTTAR PRADESH"}},{"arcs":[[-375,-1934,-1392,-1027,-114,-960]],"type":"Polygon","properties":{"n":"Pritampur Derapur","c":149782,"d":"Kanpur Dehat","s":"UTTAR PRADESH"}},{"arcs":[[-2016,-1942,-2444,-1348,-2176,-1016]],"type":"Polygon","properties":{"n":"Anntpur","c":149752,"d":"Kanpur Dehat","s":"UTTAR PRADESH"}},{"arcs":[[-1931,-535,-1828,-1672,2444,-1981]],"type":"Polygon","properties":{"n":" ","c":0,"d":"Kanpur Dehat","s":"UTTAR PRADESH"}},{"arcs":[[-887,-1910,-2433]],"type":"Polygon","properties":{"n":"Chak Jalal","c":149581,"d":"Kanpur Dehat","s":"UTTAR PRADESH"}},{"arcs":[[-1582,-1428]],"type":"Polygon","properties":{"n":" ","c":0,"d":"Kanpur Dehat","s":"UTTAR PRADESH"}},{"arcs":[[-1291,-1434,-2141,-2286]],"type":"Polygon","properties":{"n":"Nasar Khera","c":149076,"d":"Kanpur Dehat","s":"UTTAR PRADESH"}},{"arcs":[[-863,-1976,-952,-1994]],"type":"Polygon","properties":{"n":"Simatamau","c":149863,"d":"Kanpur Dehat","s":"UTTAR PRADESH"}},{"arcs":[[-2282,-1424]],"type":"Polygon","properties":{"n":" ","c":149097,"d":"Kanpur Dehat","s":"UTTAR PRADESH"}},{"arcs":[[-2268,-1579,-1486,-1288]],"type":"Polygon","properties":{"n":"Nadhaua","c":149685,"d":"Kanpur Dehat","s":"UTTAR PRADESH"}},{"arcs":[[-1733,-975,-1326]],"type":"Polygon","properties":{"n":" ","c":148875,"d":"Kanpur Dehat","s":"UTTAR PRADESH"}},{"arcs":[[-2389,-2385,-2369,-509]],"type":"Polygon","properties":{"n":"Mahboobpur","c":148989,"d":"Kanpur Dehat","s":"UTTAR PRADESH"}},{"arcs":[[-2445,-1674,-684,-1550,-199,-1982]],"type":"Polygon","properties":{"n":"Pitakpur","c":149876,"d":"Kanpur Dehat","s":"UTTAR PRADESH"}},{"arcs":[[-1649,-1090,-870,-1975]],"type":"Polygon","properties":{"n":"Arazi Jhabar","c":149874,"d":"Kanpur Dehat","s":"UTTAR PRADESH"}},{"arcs":[[-1516,-2013,-2160,-646,-1949]],"type":"Polygon","properties":{"n":"Kalenapur","c":149756,"d":"Kanpur Dehat","s":"UTTAR PRADESH"}},{"arcs":[[-2236,-2202,-1629,-486,-2093,-2343]],"type":"Polygon","properties":{"n":"Akna","c":149699,"d":"Kanpur Dehat","s":"UTTAR PRADESH"}},{"arcs":[[-2325,2445,-99,-1002,-1722,-2436,-170,-2118]],"type":"Polygon","properties":{"n":"Nagin Jasi","c":149335,"d":"Kanpur Dehat","s":"UTTAR PRADESH"}},{"arcs":[[-2364,-2304,-1697,-1320,-2357,-1399,-1678]],"type":"Polygon","properties":{"n":" ","c":0,"d":"Kanpur Dehat","s":"UTTAR PRADESH"}},{"arcs":[[-2042,-39,-461]],"type":"Polygon","properties":{"n":" ","c":148893,"d":"Kanpur Dehat","s":"UTTAR PRADESH"}},{"arcs":[[2446,2447,2448,2449,2450,2451,2452,2453]],"type":"Polygon","properties":{"n":"Raniyan (CT)","c":149454,"d":"Kanpur Dehat","s":"UTTAR PRADESH"}},{"arcs":[[2454,2455,2456,2457,-2330,2458,2459]],"type":"Polygon","properties":{"n":"Hiraman Shiwali","c":149183,"d":"Kanpur Dehat","s":"UTTAR PRADESH"}},{"arcs":[[2460,2461,2462,2463,2464,2465]],"type":"Polygon","properties":{"n":"Paman","c":149414,"d":"Kanpur Dehat","s":"UTTAR PRADESH"}},{"arcs":[[2466,2467,2468]],"type":"Polygon","properties":{"n":"Guini","c":149402,"d":"Kanpur Dehat","s":"UTTAR PRADESH"}},{"arcs":[[-2466,2469,-2447,2470,2471]],"type":"Polygon","properties":{"n":"Sherpur Taraunda","c":149406,"d":"Kanpur Dehat","s":"UTTAR PRADESH"}},{"arcs":[[2472,2473,-2472,2474,2475]],"type":"Polygon","properties":{"n":"Lodipur","c":149405,"d":"Kanpur Dehat","s":"UTTAR PRADESH"}},{"arcs":[[2476,2477,2478,2479,-317,2480,-1008,2481]],"type":"Polygon","properties":{"n":"Umaran","c":149389,"d":"Kanpur Dehat","s":"UTTAR PRADESH"}},{"arcs":[[2482,2483,2484,2485]],"type":"Polygon","properties":{"n":"Phanda","c":149190,"d":"Kanpur Dehat","s":"UTTAR PRADESH"}},{"arcs":[[2486,-52,-2262,-2347,2487]],"type":"Polygon","properties":{"n":"Karom","c":149015,"d":"Kanpur Dehat","s":"UTTAR PRADESH"}},{"arcs":[[-2452,2488,-2478,2489]],"type":"Polygon","properties":{"n":"Prasidhpur Bhant","c":149390,"d":"Kanpur Dehat","s":"UTTAR PRADESH"}},{"arcs":[[2490,2491,-2475,-2471,-2454,2492,2493,2494]],"type":"Polygon","properties":{"n":"Bisayakpur","c":149387,"d":"Kanpur Dehat","s":"UTTAR PRADESH"}},{"arcs":[[2495,2496,2497,-1928,2498]],"type":"Polygon","properties":{"n":"Gulauli","c":149536,"d":"Kanpur Dehat","s":"UTTAR PRADESH"}},{"arcs":[[2499,2500,2501,2502,2503]],"type":"Polygon","properties":{"n":"Jindaura","c":149437,"d":"Kanpur Dehat","s":"UTTAR PRADESH"}},{"arcs":[[2504,2505,2506,2507,2508]],"type":"Polygon","properties":{"n":"Duwari","c":149408,"d":"Kanpur Dehat","s":"UTTAR PRADESH"}},{"arcs":[[-2450,2509,2510,2511,-306,-2480,2512]],"type":"Polygon","properties":{"n":"Bilsarayan","c":149394,"d":"Kanpur Dehat","s":"UTTAR PRADESH"}},{"arcs":[[2513,2514,2515,2516,-2460,2517,-2335,2518,2519]],"type":"Polygon","properties":{"n":"Birtiyana Shiwali","c":149179,"d":"Kanpur Dehat","s":"UTTAR PRADESH"}},{"arcs":[[2520,2521,2522,-310,2523]],"type":"Polygon","properties":{"n":"Tilaunchi","c":149425,"d":"Kanpur Dehat","s":"UTTAR PRADESH"}},{"arcs":[[2524,2525,2526,2527]],"type":"Polygon","properties":{"n":"Turra","c":149449,"d":"Kanpur Dehat","s":"UTTAR PRADESH"}},{"arcs":[[2528,2529,2530,2531]],"type":"Polygon","properties":{"n":"Hilauthi","c":149451,"d":"Kanpur Dehat","s":"UTTAR PRADESH"}},{"arcs":[[2532,-2468,2533,-2476,-2492,2534,2535,2536]],"type":"Polygon","properties":{"n":"Fatehpur Roshanai","c":149403,"d":"Kanpur Dehat","s":"UTTAR PRADESH"}},{"arcs":[[2537,-2499,-1927,2538]],"type":"Polygon","properties":{"n":"Kurhwa","c":149533,"d":"Kanpur Dehat","s":"UTTAR PRADESH"}},{"arcs":[[2539,2540,2541,2542,2543,2544,2545,2546]],"type":"Polygon","properties":{"n":"Jyoti","c":149185,"d":"Kanpur Dehat","s":"UTTAR PRADESH"}},{"arcs":[[2547,2548,2549,2550,2551,2552]],"type":"Polygon","properties":{"n":"Malikpur","c":149203,"d":"Kanpur Dehat","s":"UTTAR PRADESH"}},{"arcs":[[2553,-2537,2554,2555]],"type":"Polygon","properties":{"n":"Rampur Kukhat","c":149401,"d":"Kanpur Dehat","s":"UTTAR PRADESH"}},{"arcs":[[2556,2557,-2535,-2491,2558,2559,2560]],"type":"Polygon","properties":{"n":"Mubarak Purlata","c":149388,"d":"Kanpur Dehat","s":"UTTAR PRADESH"}},{"arcs":[[2561,2562,-2503,2563,-1983,-1760,2564,2565]],"type":"Polygon","properties":{"n":"Korari","c":149431,"d":"Kanpur Dehat","s":"UTTAR PRADESH"}},{"arcs":[[2566,2567,2568,2569]],"type":"Polygon","properties":{"n":"Muktapur Tappa Saintha","c":149444,"d":"Kanpur Dehat","s":"UTTAR PRADESH"}},{"arcs":[[2570,2571,2572,2573,2574,2575,2576,2577]],"type":"Polygon","properties":{"n":"Manda","c":149222,"d":"Kanpur Dehat","s":"UTTAR PRADESH"}},{"arcs":[[2578,-2577,2579,2580,2581,2582,2583,2584]],"type":"Polygon","properties":{"n":"Marag","c":149218,"d":"Kanpur Dehat","s":"UTTAR PRADESH"}},{"arcs":[[2585,2586,2587,-2541,2588,-2484,2589]],"type":"Polygon","properties":{"n":"Bairi Dariyon","c":149195,"d":"Kanpur Dehat","s":"UTTAR PRADESH"}},{"arcs":[[2590,2591,2592,2593]],"type":"Polygon","properties":{"n":"Jugrajpur Bithoor","c":149192,"d":"Kanpur Dehat","s":"UTTAR PRADESH"}},{"arcs":[[-2545,2594,-2543,2595,-2584,2596,2597,-2456,2598]],"type":"Polygon","properties":{"n":"Rampur Shiwali","c":149184,"d":"Kanpur Dehat","s":"UTTAR PRADESH"}},{"arcs":[[-2593,2599,2600,-2590,-2483,2601]],"type":"Polygon","properties":{"n":"Hirdaypur Gokula","c":149191,"d":"Kanpur Dehat","s":"UTTAR PRADESH"}},{"arcs":[[2602,2603,2604]],"type":"Polygon","properties":{"n":"Barar","c":149198,"d":"Kanpur Dehat","s":"UTTAR PRADESH"}},{"arcs":[[2605,2606,2607,2608,2609,-2605,2610,2611]],"type":"Polygon","properties":{"n":"Kakardahi","c":149200,"d":"Kanpur Dehat","s":"UTTAR PRADESH"}},{"arcs":[[2612,2613,2614]],"type":"Polygon","properties":{"n":"Inayatpur","c":149534,"d":"Kanpur Dehat","s":"UTTAR PRADESH"}},{"arcs":[[2615,2616,2617,2618,2619]],"type":"Polygon","properties":{"n":"Behata","c":149264,"d":"Kanpur Dehat","s":"UTTAR PRADESH"}},{"arcs":[[-396,-1944,-1009,-2481,-316]],"type":"Polygon","properties":{"n":"Bilhara","c":149330,"d":"Kanpur Dehat","s":"UTTAR PRADESH"}},{"arcs":[[2620,-2529,2621]],"type":"Polygon","properties":{"n":"Bharatpur Piyasi","c":149452,"d":"Kanpur Dehat","s":"UTTAR PRADESH"}},{"arcs":[[2622,2623,2624,2625,2626,2627,-2506]],"type":"Polygon","properties":{"n":"Lohari","c":149412,"d":"Kanpur Dehat","s":"UTTAR PRADESH"}},{"arcs":[[2628,2629,2630,-2463]],"type":"Polygon","properties":{"n":"Gopipur","c":149415,"d":"Kanpur Dehat","s":"UTTAR PRADESH"}},{"arcs":[[2631,-2508,2632,-2461,-2474,2633]],"type":"Polygon","properties":{"n":"Rasulpur Gogumau","c":149407,"d":"Kanpur Dehat","s":"UTTAR PRADESH"}},{"arcs":[[-2464,-2631,2634,2635,-2510,-2449,2636]],"type":"Polygon","properties":{"n":"Ahamadpur Syoda","c":149393,"d":"Kanpur Dehat","s":"UTTAR PRADESH"}},{"arcs":[[2637,2638,2639]],"type":"Polygon","properties":{"n":"Shahpur Mazara Bhikhar","c":149253,"d":"Kanpur Dehat","s":"UTTAR PRADESH"}},{"arcs":[[2640,2641,2642,2643,2644]],"type":"Polygon","properties":{"n":"Nihutha","c":149209,"d":"Kanpur Dehat","s":"UTTAR PRADESH"}},{"arcs":[[-2556,2645,2646,2647]],"type":"Polygon","properties":{"n":"Dhanjuwa","c":149400,"d":"Kanpur Dehat","s":"UTTAR PRADESH"}},{"arcs":[[2648,2649,-2482,-1007,2650,2651]],"type":"Polygon","properties":{"n":"Bilwahar","c":149384,"d":"Kanpur Dehat","s":"UTTAR PRADESH"}},{"arcs":[[2652,-2643,2653,2654,2655,-2607,2656]],"type":"Polygon","properties":{"n":"Rastpur","c":149208,"d":"Kanpur Dehat","s":"UTTAR PRADESH"}},{"arcs":[[-2627,2657,-2567,2658,2659,2660]],"type":"Polygon","properties":{"n":"Bhathana","c":149420,"d":"Kanpur Dehat","s":"UTTAR PRADESH"}},{"arcs":[[2661,-2624,2662,2663]],"type":"Polygon","properties":{"n":"Manethu","c":149411,"d":"Kanpur Dehat","s":"UTTAR PRADESH"}},{"arcs":[[2664,-2547,2665,2666,2667]],"type":"Polygon","properties":{"n":"Partappur Udet","c":149188,"d":"Kanpur Dehat","s":"UTTAR PRADESH"}},{"arcs":[[-2634,-2473,-2534,-2467,2668]],"type":"Polygon","properties":{"n":"Sultanpur Perajor","c":149404,"d":"Kanpur Dehat","s":"UTTAR PRADESH"}},{"arcs":[[-2465,-2637,-2448,-2470]],"type":"Polygon","properties":{"n":"Katka","c":149392,"d":"Kanpur Dehat","s":"UTTAR PRADESH"}},{"arcs":[[-2559,2669,2670]],"type":"Polygon","properties":{"n":"Rampur Gajara","c":149269,"d":"Kanpur Dehat","s":"UTTAR PRADESH"}},{"arcs":[[2671,2672,2673,2674,-2608,-2656]],"type":"Polygon","properties":{"n":"Dhikiya","c":149256,"d":"Kanpur Dehat","s":"UTTAR PRADESH"}},{"arcs":[[2675,-2639,2676,2677,2678,2679,2680,-2573]],"type":"Polygon","properties":{"n":"Baluapur","c":149242,"d":"Kanpur Dehat","s":"UTTAR PRADESH"}},{"arcs":[[-2647,2681,2682,2683]],"type":"Polygon","properties":{"n":"Devkali","c":149399,"d":"Kanpur Dehat","s":"UTTAR PRADESH"}},{"arcs":[[2684,-2649,2685,2686,2687]],"type":"Polygon","properties":{"n":"Karbak","c":149382,"d":"Kanpur Dehat","s":"UTTAR PRADESH"}},{"arcs":[[-2682,-2646,-2555,-2536,-2558,2688]],"type":"Polygon","properties":{"n":"Chiraura","c":149398,"d":"Kanpur Dehat","s":"UTTAR PRADESH"}},{"arcs":[[-2502,-2539,-1926,-1201,-1989,-1984,-2564]],"type":"Polygon","properties":{"n":"Naholi","c":149433,"d":"Kanpur Dehat","s":"UTTAR PRADESH"}},{"arcs":[[2689,-2565,-1763,-997]],"type":"Polygon","properties":{"n":"Chitariya Ikhalaspur","c":149429,"d":"Kanpur Dehat","s":"UTTAR PRADESH"}},{"arcs":[[2690,2691,-2659,-2570,2692,2693,2694,2695,2696]],"type":"Polygon","properties":{"n":"Shahjahanpur Ninayan","c":149418,"d":"Kanpur Dehat","s":"UTTAR PRADESH"}},{"arcs":[[-2576,2697,2698,2699,-2580]],"type":"Polygon","properties":{"n":"Pura Diwani","c":149221,"d":"Kanpur Dehat","s":"UTTAR PRADESH"}},{"arcs":[[-2683,-2689,-2557,2700,2701,2702]],"type":"Polygon","properties":{"n":"Pitarapur","c":149274,"d":"Kanpur Dehat","s":"UTTAR PRADESH"}},{"arcs":[[2703,2704,2705,2706,2707]],"type":"Polygon","properties":{"n":"Karchal","c":149381,"d":"Kanpur Dehat","s":"UTTAR PRADESH"}},{"arcs":[[2708,2709,2710,2711,-2693,-2569]],"type":"Polygon","properties":{"n":"Jitharauli","c":149446,"d":"Kanpur Dehat","s":"UTTAR PRADESH"}},{"arcs":[[-2681,2712,2713,2714,2715,-2574]],"type":"Polygon","properties":{"n":"Lalpur Shivrajpur","c":149241,"d":"Kanpur Dehat","s":"UTTAR PRADESH"}},{"arcs":[[-2457,-2598,2716,2717,2718]],"type":"Polygon","properties":{"n":"Partappur Nala","c":149214,"d":"Kanpur Dehat","s":"UTTAR PRADESH"}},{"arcs":[[2719,2720,-2615,2721,2722,2723,2724]],"type":"Polygon","properties":{"n":"Katethi","c":149442,"d":"Kanpur Dehat","s":"UTTAR PRADESH"}},{"arcs":[[-2582,2725,-2699,2726,-2274,2727,2728]],"type":"Polygon","properties":{"n":"Hathika","c":149220,"d":"Kanpur Dehat","s":"UTTAR PRADESH"}},{"arcs":[[2729,2730,2731,-2612,2732,2733,-2591,2734]],"type":"Polygon","properties":{"n":"Baghpur","c":149199,"d":"Kanpur Dehat","s":"UTTAR PRADESH"}},{"arcs":[[-2719,2735,-1190,-2438,-2331,-2458]],"type":"Polygon","properties":{"n":"Arshadpur","c":149211,"d":"Kanpur Dehat","s":"UTTAR PRADESH"}},{"arcs":[[2736,-2586,-2601]],"type":"Polygon","properties":{"n":"Basta","c":149194,"d":"Kanpur Dehat","s":"UTTAR PRADESH"}},{"arcs":[[-2595,-2544]],"type":"Polygon","properties":{"n":"Saraiyan","c":149186,"d":"Kanpur Dehat","s":"UTTAR PRADESH"}},{"arcs":[[2737,2738,-307,-2512]],"type":"Polygon","properties":{"n":"Jaraila","c":149395,"d":"Kanpur Dehat","s":"UTTAR PRADESH"}},{"arcs":[[-2531,2739,-2528,2740,2741]],"type":"Polygon","properties":{"n":"Murra","c":149450,"d":"Kanpur Dehat","s":"UTTAR PRADESH"}},{"arcs":[[-2702,2742,2743,2744]],"type":"Polygon","properties":{"n":"Kharagpur Bithoor","c":149273,"d":"Kanpur Dehat","s":"UTTAR PRADESH"}},{"arcs":[[2745,2746,-2560,-2671,2747,2748,2749,-2616,2750,2751,-2679]],"type":"Polygon","properties":{"n":"Raipalpur","c":149267,"d":"Kanpur Dehat","s":"UTTAR PRADESH"}},{"arcs":[[2752,2753,-2562,2754,2755]],"type":"Polygon","properties":{"n":"Usmanpur Jamrehi","c":149432,"d":"Kanpur Dehat","s":"UTTAR PRADESH"}},{"arcs":[[-2706,2756,-2027,2757,-2427,-2222,2758,2759]],"type":"Polygon","properties":{"n":"Biwain","c":149320,"d":"Kanpur Dehat","s":"UTTAR PRADESH"}},{"arcs":[[2760,-2516,2761]],"type":"Polygon","properties":{"n":"Shivli (NP)","c":800996,"d":"Kanpur Dehat","s":"UTTAR PRADESH"}},{"arcs":[[2762,2763,-1336,-1929,-2498]],"type":"Polygon","properties":{"n":"Turkimau","c":149537,"d":"Kanpur Dehat","s":"UTTAR PRADESH"}},{"arcs":[[-2751,-2620,2764,2765,-2714,2766]],"type":"Polygon","properties":{"n":"Alapur","c":149245,"d":"Kanpur Dehat","s":"UTTAR PRADESH"}},{"arcs":[[-2675,2767,2768,-2640,-2676,-2572,2769,-2609]],"type":"Polygon","properties":{"n":"Kakarmau","c":149252,"d":"Kanpur Dehat","s":"UTTAR PRADESH"}},{"arcs":[[-2485,-2589,-2540,-2665,2770]],"type":"Polygon","properties":{"n":"Asai","c":149189,"d":"Kanpur Dehat","s":"UTTAR PRADESH"}},{"arcs":[[2771,-2666,-2546,-2599,-2455,-2517,-2761]],"type":"Polygon","properties":{"n":"Dhokan Shiwali","c":149181,"d":"Kanpur Dehat","s":"UTTAR PRADESH"}},{"arcs":[[2772,2773,2774,2775,-2711]],"type":"Polygon","properties":{"n":"Dunda Deo","c":149447,"d":"Kanpur Dehat","s":"UTTAR PRADESH"}},{"arcs":[[-2630,2776,-2697,2777,-2635]],"type":"Polygon","properties":{"n":"Surajpur","c":149417,"d":"Kanpur Dehat","s":"UTTAR PRADESH"}},{"arcs":[[-2778,-2696,2778,2779,-2738,-2511,-2636]],"type":"Polygon","properties":{"n":"Karsa","c":149397,"d":"Kanpur Dehat","s":"UTTAR PRADESH"}},{"arcs":[[-2451,-2513,-2479,-2489]],"type":"Polygon","properties":{"n":"Khan Chandpur","c":149391,"d":"Kanpur Dehat","s":"UTTAR PRADESH"}},{"arcs":[[-2592,-2734,2780,-2737,-2600]],"type":"Polygon","properties":{"n":"Shobhan","c":149193,"d":"Kanpur Dehat","s":"UTTAR PRADESH"}},{"arcs":[[2781,-2526,2782,-2720,2783,-2774]],"type":"Polygon","properties":{"n":"Gajner","c":149443,"d":"Kanpur Dehat","s":"UTTAR PRADESH"}},{"arcs":[[2784,-2759,-2225,-2228,-1870,-2249,-1701,-2258,-2185,-720,-2278,2785]],"type":"Polygon","properties":{"n":"Mandauli","c":149293,"d":"Kanpur Dehat","s":"UTTAR PRADESH"}},{"arcs":[[2786,-2644,-2653,2787,-2551]],"type":"Polygon","properties":{"n":"Todarpur","c":149207,"d":"Kanpur Dehat","s":"UTTAR PRADESH"}},{"arcs":[[-2548,2788]],"type":"Polygon","properties":{"n":"Baghawat","c":149204,"d":"Kanpur Dehat","s":"UTTAR PRADESH"}},{"arcs":[[-2700,-2726,-2581]],"type":"Polygon","properties":{"n":"Pura Sabha","c":149219,"d":"Kanpur Dehat","s":"UTTAR PRADESH"}},{"arcs":[[2789,-473,-547,-1337,-2764]],"type":"Polygon","properties":{"n":"Hardua Khalsa","c":149539,"d":"Kanpur Dehat","s":"UTTAR PRADESH"}},{"arcs":[[2790,-2741,-2527,-2782,-2773,-2710]],"type":"Polygon","properties":{"n":"Jasawapur","c":149448,"d":"Kanpur Dehat","s":"UTTAR PRADESH"}},{"arcs":[[2791,-2722,-2614,2792,-2496,-2538,-2501]],"type":"Polygon","properties":{"n":"Jafarabad","c":149535,"d":"Kanpur Dehat","s":"UTTAR PRADESH"}},{"arcs":[[2793,2794,-2756,2795,-2521,2796]],"type":"Polygon","properties":{"n":"Patara Sandawa","c":149427,"d":"Kanpur Dehat","s":"UTTAR PRADESH"}},{"arcs":[[-2507,-2628,-2661,2797,-2691,-2777,-2629,-2462,-2633]],"type":"Polygon","properties":{"n":"Sarwan Khera","c":149416,"d":"Kanpur Dehat","s":"UTTAR PRADESH"}},{"arcs":[[-2652,2798,-2704,-2686]],"type":"Polygon","properties":{"n":"Bilai","c":149383,"d":"Kanpur Dehat","s":"UTTAR PRADESH"}},{"arcs":[[-2799,-2651,-1006,-2028,-2757,-2705]],"type":"Polygon","properties":{"n":"Matiamau","c":149380,"d":"Kanpur Dehat","s":"UTTAR PRADESH"}},{"arcs":[[-2752,-2767,-2713,-2680]],"type":"Polygon","properties":{"n":"Bikrampur","c":149244,"d":"Kanpur Dehat","s":"UTTAR PRADESH"}},{"arcs":[[2799,2800,2801,2802,2803]],"type":"Polygon","properties":{"n":"Bhikhar","c":149261,"d":"Kanpur Dehat","s":"UTTAR PRADESH"}},{"arcs":[[2804,2805,-2786,-2277]],"type":"Polygon","properties":{"n":"Madarpur Gajiuddinpur","c":149247,"d":"Kanpur Dehat","s":"UTTAR PRADESH"}},{"arcs":[[-2674,2806,2807,2808,2809,-2768]],"type":"Polygon","properties":{"n":"Partappur Khas","c":149255,"d":"Kanpur Dehat","s":"UTTAR PRADESH"}},{"arcs":[[-2645,-2787,-2550,2810]],"type":"Polygon","properties":{"n":"Fatehpur Mazara Nihutha","c":149206,"d":"Kanpur Dehat","s":"UTTAR PRADESH"}},{"arcs":[[2811,-2077,-2410,2812]],"type":"Polygon","properties":{"n":"Bhiti Kursi","c":149010,"d":"Kanpur Dehat","s":"UTTAR PRADESH"}},{"arcs":[[-2072,-2812,2813]],"type":"Polygon","properties":{"n":"Karanjhai","c":149011,"d":"Kanpur Dehat","s":"UTTAR PRADESH"}},{"arcs":[[2814,-2622,-2532,-2742,-2791,-2709,-2568,-2658,-2626]],"type":"Polygon","properties":{"n":"Serwa Tappa Santha","c":149413,"d":"Kanpur Dehat","s":"UTTAR PRADESH"}},{"arcs":[[-2796,-2755,-2566,-2690,-996,-97,2815,-2522]],"type":"Polygon","properties":{"n":"Mohana","c":149424,"d":"Kanpur Dehat","s":"UTTAR PRADESH"}},{"arcs":[[-2663,-2623,-2505,2816,2817]],"type":"Polygon","properties":{"n":"Dalpatpur","c":149409,"d":"Kanpur Dehat","s":"UTTAR PRADESH"}},{"arcs":[[-2664,-2818,2818]],"type":"Polygon","properties":{"n":"Gangrauli","c":149410,"d":"Kanpur Dehat","s":"UTTAR PRADESH"}},{"arcs":[[-2715,-2766,2819,-2805,-2276,2820]],"type":"Polygon","properties":{"n":"Chhateni","c":149246,"d":"Kanpur Dehat","s":"UTTAR PRADESH"}},{"arcs":[[-2810,2821,-2804,2822,-2677,-2638,-2769]],"type":"Polygon","properties":{"n":"Naubasta","c":149254,"d":"Kanpur Dehat","s":"UTTAR PRADESH"}},{"arcs":[[2823,-2654,-2642]],"type":"Polygon","properties":{"n":"Anne","c":149210,"d":"Kanpur Dehat","s":"UTTAR PRADESH"}},{"arcs":[[-2494,2824,-2688,2825,-2749,2826]],"type":"Polygon","properties":{"n":"Sihura Bhawan","c":149386,"d":"Kanpur Dehat","s":"UTTAR PRADESH"}},{"arcs":[[-2193,-2428,-2758,-2026]],"type":"Polygon","properties":{"n":"Mukhlishpur","c":149321,"d":"Kanpur Dehat","s":"UTTAR PRADESH"}},{"arcs":[[-2826,2827,-2617,-2750]],"type":"Polygon","properties":{"n":"Bhujpura","c":149265,"d":"Kanpur Dehat","s":"UTTAR PRADESH"}},{"arcs":[[2828,2829,-2744,2830,-2801]],"type":"Polygon","properties":{"n":"Singhpur Dewani","c":149272,"d":"Kanpur Dehat","s":"UTTAR PRADESH"}},{"arcs":[[-2831,-2743,-2701,-2561,-2747,2831,-2802]],"type":"Polygon","properties":{"n":"Ant","c":149271,"d":"Kanpur Dehat","s":"UTTAR PRADESH"}},{"arcs":[[-2820,-2765,-2619,-2707,-2760,-2785,-2806]],"type":"Polygon","properties":{"n":"Naidhi","c":149251,"d":"Kanpur Dehat","s":"UTTAR PRADESH"}},{"arcs":[[2832,-2829,-2800,-2822,-2809]],"type":"Polygon","properties":{"n":"Ranjitpur","c":149260,"d":"Kanpur Dehat","s":"UTTAR PRADESH"}},{"arcs":[[2833,-2807,-2673]],"type":"Polygon","properties":{"n":"Hirdaypur Mazara Partappur","c":149257,"d":"Kanpur Dehat","s":"UTTAR PRADESH"}},{"arcs":[[2834,-53,-2487,2835]],"type":"Polygon","properties":{"n":"Mavaiya","c":149022,"d":"Kanpur Dehat","s":"UTTAR PRADESH"}},{"arcs":[[-2575,-2716,-2821,-2275,-2727,-2698]],"type":"Polygon","properties":{"n":"Tikari","c":149240,"d":"Kanpur Dehat","s":"UTTAR PRADESH"}},{"arcs":[[-2552,-2788,-2657,-2606,-2732,2836]],"type":"Polygon","properties":{"n":"Shekhupur","c":149201,"d":"Kanpur Dehat","s":"UTTAR PRADESH"}},{"arcs":[[-2603,-2610,-2770,-2571,2837]],"type":"Polygon","properties":{"n":"Gursarh","c":149197,"d":"Kanpur Dehat","s":"UTTAR PRADESH"}},{"arcs":[[-2279,-1964,-1239,-1184,-2736,-2718,2838]],"type":"Polygon","properties":{"n":"Aungi","c":149213,"d":"Kanpur Dehat","s":"UTTAR PRADESH"}},{"arcs":[[-2728,2273,-2274,-2273,-2839,-2717,2839]],"type":"Polygon","properties":{"n":"Tantmau","c":149215,"d":"Kanpur Dehat","s":"UTTAR PRADESH"}},{"arcs":[[-2588,2840,-2585,-2596,-2542]],"type":"Polygon","properties":{"n":"Gazaffarpur","c":149216,"d":"Kanpur Dehat","s":"UTTAR PRADESH"}},{"arcs":[[-2733,-2611,-2604,-2838,-2578,-2579,-2841,-2587,-2781]],"type":"Polygon","properties":{"n":"Bairi Sawai","c":149196,"d":"Kanpur Dehat","s":"UTTAR PRADESH"}},{"arcs":[[-2583,-2729,-2840,-2597]],"type":"Polygon","properties":{"n":"Makrandpur Bantha","c":149187,"d":"Kanpur Dehat","s":"UTTAR PRADESH"}},{"arcs":[[-2779,-2695,2841,-2797,-2524,-309,2842]],"type":"Polygon","properties":{"n":"Nahi Jyuniyan","c":149426,"d":"Kanpur Dehat","s":"UTTAR PRADESH"}},{"arcs":[[-2493,-2453,-2490,-2477,-2650,-2685,-2825]],"type":"Polygon","properties":{"n":"Kisharwal","c":149385,"d":"Kanpur Dehat","s":"UTTAR PRADESH"}},{"arcs":[[-2519,-2334,-2341,-44,-2263,-50,2843]],"type":"Polygon","properties":{"n":"Jaitpur Shioli","c":149030,"d":"Kanpur Dehat","s":"UTTAR PRADESH"}},{"arcs":[[2844,-2520,-2844,-49,-2835]],"type":"Polygon","properties":{"n":"Kailai","c":149023,"d":"Kanpur Dehat","s":"UTTAR PRADESH"}},{"arcs":[[2845,-1545,-2424,-434,-1970,-1591,-470]],"type":"Polygon","properties":{"n":"Jarsen","c":149554,"d":"Kanpur Dehat","s":"UTTAR PRADESH"}},{"arcs":[[-2723,-2792,-2500,2846]],"type":"Polygon","properties":{"n":"Raugaon","c":149441,"d":"Kanpur Dehat","s":"UTTAR PRADESH"}},{"arcs":[[-2712,-2776,2847,-2794,-2842,-2694]],"type":"Polygon","properties":{"n":" ","c":0,"d":"Kanpur Dehat","s":"UTTAR PRADESH"}},{"arcs":[[-2660,-2692,-2798]],"type":"Polygon","properties":{"n":"Sarwan Khera","c":0,"d":"Kanpur Dehat","s":"UTTAR PRADESH"}},{"arcs":[[-2459,-2329,-2518]],"type":"Polygon","properties":{"n":" ","c":149182,"d":"Kanpur Dehat","s":"UTTAR PRADESH"}},{"arcs":[[-2828,-2687,-2708,-2618]],"type":"Polygon","properties":{"n":" ","c":0,"d":"Kanpur Dehat","s":"UTTAR PRADESH"}},{"arcs":[[-2670,-2495,-2827,-2748]],"type":"Polygon","properties":{"n":" ","c":0,"d":"Kanpur Dehat","s":"UTTAR PRADESH"}},{"arcs":[[-2803,-2832,-2746,-2678,-2823]],"type":"Polygon","properties":{"n":" ","c":149262,"d":"Kanpur Dehat","s":"UTTAR PRADESH"}},{"arcs":[[-2780,-2843,-308,-2739]],"type":"Polygon","properties":{"n":" ","c":0,"d":"Kanpur Dehat","s":"UTTAR PRADESH"}},{"arcs":[[-2667,-2772,-2762,-2515,2848]],"type":"Polygon","properties":{"n":" ","c":149180,"d":"Kanpur Dehat","s":"UTTAR PRADESH"}},{"arcs":[[-2795,-2848,-2775,-2784,-2725,2849,-2753]],"type":"Polygon","properties":{"n":"Patara Sandawa","c":149440,"d":"Kanpur Dehat","s":"UTTAR PRADESH"}},{"arcs":[[-2850,-2724,-2847,-2504,-2563,-2754]],"type":"Polygon","properties":{"n":"Usmanpur Jamrehi","c":0,"d":"Kanpur Dehat","s":"UTTAR PRADESH"}},{"arcs":[[-2730,2850]],"type":"Polygon","properties":{"n":" ","c":0,"d":"Kanpur Dehat","s":"UTTAR PRADESH"}},{"arcs":[[-100,-2446,-2324,-312,2851]],"type":"Polygon","properties":{"n":"Jainpur","c":149421,"d":"Kanpur Dehat","s":"UTTAR PRADESH"}},{"arcs":[[-2523,-2816,-96,-2852,-311]],"type":"Polygon","properties":{"n":" ","c":0,"d":"Kanpur Dehat","s":"UTTAR PRADESH"}}]}}}