{"type":"Topology","arcs":[[[55354,73138],[-240,-721]],[[55114,72417],[-1376,-47]],[[53738,72370],[291,500],[-132,588]],[[53897,73458],[338,-182],[1119,-138]],[[44248,56780],[-71,229],[399,1101]],[[44576,58110],[457,-35]],[[45033,58075],[230,-94]],[[45263,57981],[27,-284]],[[45290,57697],[-81,-316],[-528,-76],[3,-505]],[[44684,56800],[-436,-20]],[[84669,81810],[-353,-1820]],[[84316,79990],[-257,77]],[[84059,80067],[-109,99],[244,908],[102,757]],[[84296,81831],[373,-21]],[[34406,11875],[470,20]],[[34876,11895],[213,-1128],[85,-1268]],[[35174,9499],[-387,-22],[-113,775],[92,936],[-360,687]],[[41203,81199],[-45,-488]],[[41158,80711],[-62,-412]],[[41096,80299],[-80,-137]],[[41016,80162],[-540,-53]],[[40476,80109],[-11,871],[100,282]],[[40565,81262],[638,-63]],[[58169,49361],[-486,-276]],[[57683,49085],[149,1193],[-73,393],[158,957],[265,756]],[[58182,52384],[710,-195],[62,-450],[-199,-799],[44,-256]],[[58799,50684],[-745,-1034],[115,-289]],[[50533,75944],[12,-163],[605,-67]],[[51150,75714],[-39,-668],[287,-404],[71,-490]],[[51469,74152],[-448,-566]],[[51021,73586],[-647,353],[0,291],[-580,-59]],[[49794,74171],[-52,786],[-299,136],[56,494]],[[49499,75587],[460,639]],[[49959,76226],[574,-282]],[[89179,67364],[505,723]],[[89684,68087],[907,-125]],[[90591,67962],[-73,-820]],[[90518,67142],[-1339,222]],[[50938,48463],[-68,-411]],[[50870,48052],[-85,-359],[-1061,49]],[[49724,47742],[-343,246],[4,230]],[[49385,48218],[291,63],[163,828]],[[49839,49109],[526,-242],[64,-189],[509,-215]],[[56616,59218],[-150,-469],[51,-634]],[[56517,58115],[-367,-45],[-738,348],[-557,61]],[[54855,58479],[-164,622]],[[54691,59101],[102,818]],[[54793,59919],[205,-179],[1179,-184],[439,-338]],[[71499,92041],[60,-675],[198,-197]],[[71757,91169],[-71,-185],[303,-626],[-34,-457]],[[71955,89901],[-219,-680]],[[71736,89221],[-1015,226]],[[70721,89447],[-229,270],[-960,524]],[[69532,90241],[151,607],[-41,444]],[[69642,91292],[153,639]],[[69795,91931],[435,-49],[73,295]],[[70303,92177],[1196,-136]],[[80263,72099],[-170,-401]],[[80093,71698],[-611,128]],[[79482,71826],[269,575]],[[79751,72401],[630,-82]],[[80381,72319],[-118,-220]],[[76623,57696],[-403,-2103]],[[76220,55593],[-386,49],[-280,-859]],[[75554,54783],[-391,70],[77,202]],[[75240,55055],[141,673],[-126,193],[179,524],[163,-1],[256,694],[327,426],[-50,415]],[[76130,57979],[493,-283]],[[73456,49483],[-195,-424],[-107,-657]],[[73154,48402],[-545,-207],[-108,-221]],[[72501,47974],[-226,227],[412,1547]],[[72687,49748],[465,313]],[[73152,50061],[224,-147],[80,-431]],[[90456,78001],[-334,-12]],[[90122,77989],[-41,418]],[[90081,78407],[442,-59]],[[90523,78348],[-67,-347]],[[78396,92487],[-108,-552]],[[78288,91935],[-368,144]],[[77920,92079],[-177,55]],[[77743,92134],[145,863]],[[77888,92997],[572,-102],[-64,-408]],[[66199,80922],[46,209]],[[66245,81131],[538,21],[103,433],[755,23],[315,340]],[[67956,81948],[484,40]],[[68440,81988],[-87,-1055],[136,-327]],[[68489,80606],[-501,-71]],[[67988,80535],[-1086,110]],[[66902,80645],[-703,277]],[[39125,50166],[563,-624]],[[39688,49542],[-25,-193]],[[39663,49349],[-630,-3]],[[39033,49346],[-430,619],[93,281]],[[38696,50246],[429,-80]],[[47298,50306],[177,-5]],[[47475,50301],[-302,-826],[-218,-9]],[[46955,49466],[-85,304],[428,536]],[[56501,52569],[-119,20]],[[56382,52589],[-390,112]],[[55992,52701],[-273,225]],[[55719,52926],[-39,333],[320,601]],[[56000,53860],[240,245]],[[56240,54105],[530,-65]],[[56770,54040],[136,-622]],[[56906,53418],[-405,-849]],[[58597,58337],[282,-72],[274,-575]],[[59153,57690],[-25,-429]],[[59128,57261],[-472,-48],[-111,-234]],[[58545,56979],[-888,-30],[-183,-652]],[[57474,56297],[-1279,135]],[[56195,56432],[63,188]],[[56258,56620],[395,1001],[15,355]],[[56668,57976],[771,115],[176,385]],[[57615,58476],[626,-326],[356,187]],[[55276,77863],[-148,-666],[-61,-979],[885,-16]],[[55952,76202],[-178,-969]],[[55774,75233],[-119,-418],[-332,-56]],[[55323,74759],[-195,134],[24,864],[-305,158]],[[54847,75915],[-65,907],[-378,112],[110,890],[436,188]],[[54950,78012],[326,-149]],[[35297,65981],[3,-692]],[[35300,65289],[-1621,305]],[[33679,65594],[-172,653]],[[33507,66247],[240,193],[415,-209],[1135,-250]],[[38755,60426],[-116,-206],[-110,-925]],[[38529,59295],[-617,137]],[[37912,59432],[-248,529]],[[37664,59961],[285,578],[71,434],[668,17]],[[38688,60990],[67,-564]],[[70921,99103],[-127,-935]],[[70794,98168],[-988,70]],[[69806,98238],[-244,269],[70,316],[-381,489]],[[69251,99312],[27,202],[1652,-164],[-9,-247]],[[71834,54233],[102,447]],[[71936,54680],[354,131],[105,284]],[[72395,55095],[973,-169]],[[73368,54926],[664,30],[453,-164]],[[74485,54792],[-260,-247],[-376,-890],[36,-425]],[[73885,53230],[-306,-16]],[[73579,53214],[-202,185],[-1190,394],[-70,386],[-283,54]],[[38320,74634],[151,-49]],[[38471,74585],[616,-700],[660,23]],[[39747,73908],[315,-306]],[[40062,73602],[53,-295]],[[40115,73307],[-256,-318],[-630,-21],[-96,-550]],[[39133,72418],[-235,4]],[[38898,72422],[-607,-111]],[[38291,72311],[51,201]],[[38342,72512],[79,818],[-436,153]],[[37985,73483],[126,696],[209,455]],[[40435,44238],[8,-554],[231,-68],[93,-873],[400,-22]],[[41167,42721],[-12,-616]],[[41155,42105],[-101,-52]],[[41054,42053],[-559,-125],[-101,-577]],[[40394,41351],[-201,-19],[-52,-558]],[[40141,40774],[-27,-642]],[[40114,40132],[-535,-98]],[[39579,40034],[-420,-126]],[[39159,39908],[-194,496],[-3,462],[243,1101],[-307,226]],[[38898,42193],[264,610],[-77,799]],[[39085,43602],[525,117],[413,626]],[[40023,44345],[412,-107]],[[77969,87009],[204,-58]],[[78173,86951],[429,-301],[-99,-457],[-550,-696]],[[77953,85497],[-785,-548]],[[77168,84949],[-498,1344],[-269,16]],[[76401,86309],[-46,188]],[[76355,86497],[-4,582],[309,109]],[[76660,87188],[211,-14]],[[76871,87174],[426,-47],[-11,-401],[241,-48],[148,411],[294,-80]],[[60682,36370],[-888,540],[-340,299]],[[59454,37209],[451,391]],[[59905,37600],[1232,-677]],[[61137,36923],[-455,-553]],[[78418,66106],[4,-507]],[[78422,65599],[-345,-359],[21,-599]],[[78098,64641],[-67,-338]],[[78031,64303],[-760,218],[-958,-37]],[[76313,64484],[104,929]],[[76417,65413],[1100,122],[69,563]],[[77586,66098],[832,8]],[[74883,77095],[-121,-390],[-500,76],[-90,-456]],[[74172,76325],[-783,13]],[[73389,76338],[-164,89]],[[73225,76427],[526,719]],[[73751,77146],[1132,-51]],[[16910,6149],[-5,-1096],[270,-546],[-21,-393],[307,-958],[208,-285],[-53,-366],[-831,-1263]],[[16785,1242],[-925,36]],[[15860,1278],[-68,370],[43,2016],[-243,698],[-47,459]],[[15545,4821],[81,343],[503,86],[492,478],[132,604],[157,-183]],[[65462,72516],[366,-33]],[[65828,72483],[1202,-411]],[[67030,72072],[-644,-1704]],[[66386,70368],[-706,156]],[[65680,70524],[-10,297],[-350,168]],[[65320,70989],[-429,517]],[[64891,71506],[-12,250]],[[64879,71756],[49,629],[214,232]],[[65142,72617],[320,-101]],[[79920,68865],[1054,-232]],[[80974,68633],[250,-501]],[[81224,68132],[-189,-401],[-592,-11],[-76,-342]],[[80367,67378],[-461,166],[-79,362],[-258,110]],[[79569,68016],[243,858]],[[79812,68874],[108,-9]],[[76543,69212],[226,-29]],[[76769,69183],[102,-52],[-191,-730],[62,-249]],[[76742,68152],[2,-743],[112,-131]],[[76856,67278],[-595,-92]],[[76261,67186],[-350,264],[-712,303]],[[75199,67753],[24,579]],[[75223,68332],[181,75],[397,890],[742,-85]],[[48060,83110],[629,-328]],[[48689,82782],[-81,-975]],[[48608,81807],[-995,56]],[[47613,81863],[172,494],[-160,172],[222,651]],[[47847,83180],[213,-70]],[[81836,84677],[-247,-418]],[[81589,84259],[-843,230]],[[80746,84489],[147,494]],[[80893,84983],[314,-24],[123,553]],[[81330,85512],[271,26]],[[81601,85538],[210,-29]],[[81811,85509],[25,-832]],[[71047,84974],[310,-71]],[[71357,84903],[12,-1295],[231,-109]],[[71600,83499],[498,31]],[[72098,83530],[-71,-630]],[[72027,82900],[-1183,57]],[[70844,82957],[113,1205]],[[70957,84162],[90,812]],[[85051,72024],[82,340],[-312,446]],[[84821,72810],[240,55],[491,892]],[[85552,73757],[890,-262]],[[86442,73495],[16,-86]],[[86458,73409],[-166,-830]],[[86292,72579],[-405,-315],[-384,90],[-452,-330]],[[44894,67981],[-788,122]],[[44106,68103],[245,850]],[[44351,68953],[712,289]],[[45063,69242],[471,-123]],[[45534,69119],[-4,-818]],[[45530,68301],[-48,-332]],[[45482,67969],[-588,12]],[[45435,19685],[-24,-217]],[[45411,19468],[-139,-203],[-643,93]],[[44629,19358],[-572,605],[369,114]],[[44426,20077],[782,-40],[227,-352]],[[47414,77251],[-389,-59]],[[47025,77192],[182,991]],[[47207,78183],[750,264],[128,323]],[[48085,78770],[173,123]],[[48258,78893],[144,-386]],[[48402,78507],[48,-367],[-257,-246],[189,-533]],[[48382,77361],[-968,-110]],[[84735,63359],[-160,-978],[776,-696],[1347,-1107]],[[86698,60578],[-988,-719],[-849,-530]],[[84861,59329],[-1957,1608],[-289,388]],[[82615,61325],[-509,327],[19,299]],[[82125,61951],[485,-55],[409,622],[210,626]],[[83229,63144],[873,-267],[442,525]],[[84544,63402],[191,-43]],[[74434,84665],[-196,-460],[-538,-14],[-99,-738],[-250,220],[25,1000]],[[73376,84673],[851,13]],[[74227,84686],[207,-21]],[[92742,74733],[606,-109]],[[93348,74624],[610,-265],[411,86]],[[94369,74445],[71,-735]],[[94440,73710],[-863,-947]],[[93577,72763],[-739,125],[-465,205]],[[92373,73093],[178,533],[-315,146],[-20,395]],[[92216,74167],[13,574]],[[92229,74741],[513,-8]],[[59742,50571],[225,145],[-50,868],[169,452],[52,630]],[[60138,52666],[1016,-192]],[[61154,52474],[-206,-1189],[-23,-815]],[[60925,50470],[-722,-66]],[[60203,50404],[-461,167]],[[78726,71038],[57,-550],[1034,-242]],[[79817,70246],[229,-39]],[[80046,70207],[-140,-650],[14,-692]],[[79812,68874],[-820,-20]],[[78992,68854],[-1288,235],[-766,374],[-169,-280]],[[76543,69212],[437,1296]],[[76980,70508],[506,308],[211,417]],[[77697,71233],[1029,-195]],[[59687,53547],[300,181]],[[59987,53728],[377,-60]],[[60364,53668],[-226,-1002]],[[59742,50571],[-653,112]],[[59089,50683],[238,1132],[22,761],[338,971]],[[40435,44238],[537,-68]],[[40972,44170],[-80,-676],[255,-234]],[[41147,43260],[20,-539]],[[69378,86400],[-118,-374]],[[69260,86026],[-1023,151]],[[68237,86177],[-122,401]],[[68115,86578],[205,272],[343,12]],[[68663,86862],[566,-12]],[[69229,86850],[194,-20]],[[69423,86830],[-45,-430]],[[37173,10193],[126,-99],[5,-859],[300,-400],[16,-1184],[107,-222]],[[37727,7429],[-949,-28]],[[36778,7401],[-142,496],[100,819],[419,840],[18,637]],[[45496,59719],[-655,77]],[[44841,59796],[123,804]],[[44964,60600],[610,-87]],[[45574,60513],[-78,-794]],[[39291,80113],[6,372]],[[39297,80485],[191,53],[173,491],[251,-32],[538,403]],[[40450,81400],[115,-138]],[[40476,80109],[-526,-228]],[[39950,79881],[-386,260],[-273,-28]],[[53859,87139],[267,18]],[[54126,87157],[146,-378]],[[54272,86779],[-282,-86],[-28,-587],[-281,-781],[54,-370]],[[53735,84955],[-399,-31]],[[53336,84924],[-531,144]],[[52805,85068],[-445,43],[-172,-575]],[[52188,84536],[-289,82],[478,1233],[-357,294],[-788,-80]],[[51232,86065],[-555,95]],[[50677,86160],[-11,457]],[[50666,86617],[89,127],[-5,1063]],[[50750,87807],[291,-237],[662,417],[677,-112],[217,-494],[550,12],[342,-444],[370,190]],[[70721,89447],[-160,-854],[-242,-468]],[[70319,88125],[-1160,134]],[[69159,88259],[42,510],[-416,89]],[[68785,88858],[172,881],[-4,530]],[[68953,90269],[579,-28]],[[79714,87816],[221,918]],[[79935,88734],[237,24],[148,392]],[[80320,89150],[464,-199]],[[80784,88951],[-321,-1115]],[[80463,87836],[-749,-20]],[[53050,83367],[67,752]],[[53117,84119],[219,805]],[[53735,84955],[644,-36],[378,-170]],[[54757,84749],[106,-740],[-71,-757]],[[54792,83252],[-148,-110],[-318,-1091]],[[54326,82051],[-691,-13]],[[53635,82038],[-253,179],[-21,387],[-382,252]],[[52979,82856],[71,511]],[[61832,88506],[-263,5]],[[61569,88511],[6,544],[350,163]],[[61925,89218],[-33,-259]],[[61892,88959],[-60,-453]],[[43569,74000],[-799,216]],[[42770,74216],[141,836]],[[42911,75052],[489,-31]],[[43400,75021],[169,-1021]],[[69036,98088],[-93,-358],[492,-31],[360,-226],[307,50]],[[70102,97523],[189,32]],[[70291,97555],[-116,-681],[164,-359]],[[70339,96515],[-719,-145],[-203,-375]],[[69417,95995],[-342,-53],[-547,313],[-266,-157]],[[68262,96098],[-75,249]],[[68187,96347],[-125,145],[267,503]],[[68329,96995],[-111,586],[420,639]],[[68638,98220],[398,-132]],[[80130,76843],[-64,-391]],[[80066,76452],[-889,55]],[[79177,76507],[-26,215]],[[79151,76722],[117,221]],[[79268,76943],[862,-100]],[[59065,75934],[122,-479],[-224,-652]],[[58963,74803],[-324,85]],[[58639,74888],[152,1068],[274,-22]],[[39710,70634],[-172,-652]],[[39538,69982],[-524,36],[-11,398]],[[39003,70416],[135,1044],[245,950]],[[39383,72410],[479,-147]],[[39862,72263],[158,-421]],[[40020,71842],[-220,-58],[-270,-1105],[180,-45]],[[40581,47889],[-165,-3]],[[40416,47886],[-119,17]],[[40297,47903],[32,900]],[[40329,48803],[331,-56]],[[40660,48747],[-79,-858]],[[66060,80891],[139,31]],[[66902,80645],[-340,-1117],[-49,-460],[145,-277],[-3,-719]],[[66655,78072],[-962,-249]],[[65693,77823],[-467,94]],[[65226,77917],[-709,150],[-177,258]],[[64340,78325],[346,471],[232,26],[115,615]],[[65033,79437],[708,158],[319,1296]],[[68262,96098],[-102,-501],[164,-57]],[[68324,95540],[153,-900]],[[68477,94640],[-111,-188]],[[68366,94452],[-299,-242]],[[68067,94210],[-315,1],[9,305],[-442,-87]],[[67319,94429],[-242,60]],[[67077,94489],[-27,447]],[[67050,94936],[13,609],[-133,318]],[[66930,95863],[877,-153]],[[67807,95710],[226,-27],[154,664]],[[53542,60091],[532,140],[26,434],[492,354]],[[54592,61019],[376,-309],[84,-286],[-259,-505]],[[54691,59101],[-385,-17]],[[54306,59084],[-654,35]],[[53652,59119],[-267,31]],[[53385,59150],[157,941]],[[67895,82428],[61,-480]],[[66245,81131],[363,1500]],[[66608,82631],[428,314]],[[67036,82945],[146,-47]],[[67182,82898],[74,-366],[639,-104]],[[55166,51371],[439,-22]],[[55605,51349],[-114,-801],[586,-96]],[[56077,50452],[110,-79]],[[56187,50373],[-11,-238]],[[56176,50135],[-1139,215]],[[55037,50350],[172,663],[-43,358]],[[86446,66053],[-376,-645]],[[86070,65408],[-402,0]],[[85668,65408],[46,782]],[[85714,66190],[732,-137]],[[35778,78549],[92,117]],[[35870,78666],[731,-304],[-25,-189]],[[36576,78173],[72,-313]],[[36648,77860],[-34,-403]],[[36614,77457],[-12,-179],[-465,-142]],[[36137,77136],[-505,81]],[[35632,77217],[146,1332]],[[90696,66191],[-175,-1037],[315,-179],[151,-821],[760,-1035]],[[91747,63119],[-1582,-751],[-199,-271]],[[89966,62097],[-1185,1150],[276,2048],[-475,73]],[[88582,65368],[148,375],[263,81],[138,454]],[[89131,66278],[900,10],[401,-195],[264,98]],[[72977,78355],[750,-90],[266,-170]],[[73993,78095],[-221,-70]],[[73772,78025],[-695,154],[-100,176]],[[31299,46129],[-94,-272]],[[31205,45857],[-613,-112],[-63,-512]],[[30529,45233],[-157,10]],[[30372,45243],[-84,604],[-959,223],[-39,-106]],[[29290,45964],[-1687,39]],[[27603,46003],[247,507]],[[27850,46510],[1636,417],[44,-533],[379,-146],[1390,-119]],[[79714,87816],[-136,-279]],[[79578,87537],[-243,12]],[[79335,87549],[344,1333],[256,-148]],[[72449,79766],[752,-29],[197,-200]],[[73398,79537],[-352,-901]],[[73046,78636],[-1378,417],[168,335]],[[71836,79388],[229,494],[384,-116]],[[39975,6809],[-238,269],[-279,697],[152,339]],[[39610,8114],[389,-65],[172,-298],[128,-700]],[[40299,7051],[-324,-242]],[[33249,33775],[-805,340]],[[32444,34115],[8,656],[-137,539],[-523,498],[-57,652],[-337,796],[32,270]],[[31430,37526],[128,986],[534,-56]],[[32092,38456],[425,-133]],[[32517,38323],[640,-133]],[[33157,38190],[-48,-1513],[441,-1145],[-284,-1286],[-17,-471]],[[37383,60012],[-200,-564],[141,-177],[485,53]],[[37809,59324],[5,-876]],[[37814,58448],[-168,86]],[[37646,58534],[-434,131],[-556,-94]],[[36656,58571],[-241,189]],[[36415,58760],[70,301],[-132,602],[222,642],[245,12]],[[36820,60317],[563,-305]],[[44618,52778],[221,204],[444,-180]],[[45283,52802],[1131,-359]],[[46414,52443],[-518,-350]],[[45896,52093],[-610,-138],[-494,200],[-174,623]],[[76139,54581],[23,457],[705,-211],[118,333]],[[76985,55160],[216,-191],[-120,-303]],[[77081,54666],[-230,-390],[-712,305]],[[81068,65322],[6,-298],[279,-295],[-102,-330]],[[81251,64399],[-183,23],[-348,-588]],[[80720,63834],[-515,114]],[[80205,63948],[210,1380]],[[80415,65328],[653,-6]],[[62088,58945],[253,-325],[-39,-533]],[[62302,58087],[-118,-273],[-578,119]],[[61606,57933],[269,1059]],[[61875,58992],[213,-47]],[[54382,79220],[25,-774]],[[54407,78446],[-545,-28]],[[53862,78418],[-335,45],[31,277]],[[53558,78740],[-67,556],[891,-76]],[[78253,97579],[162,195],[1394,-294]],[[79809,97480],[-149,-528]],[[79660,96952],[-1061,-4]],[[78599,96948],[-314,175],[-32,456]],[[53665,64243],[-45,-966]],[[53620,63277],[-250,85]],[[53370,63362],[-603,138],[-176,-448],[-608,-43]],[[51983,63009],[-513,133]],[[51470,63142],[-452,333]],[[51018,63475],[197,490],[400,173],[96,308]],[[51711,64446],[202,151],[438,-213],[400,68]],[[52751,64452],[914,-209]],[[74803,96271],[707,-448]],[[75510,95823],[131,-769]],[[75641,95054],[-192,-830],[-269,-526],[142,-199],[-119,-479],[122,-501]],[[75325,92519],[-40,-498]],[[75285,92021],[-383,108]],[[74902,92129],[-704,116],[-74,-174]],[[74124,92071],[-714,88],[13,-286],[-365,-27]],[[73058,91846],[131,812],[-188,483],[-1233,186]],[[71768,93327],[-27,362]],[[71741,93689],[306,847]],[[72047,94536],[264,-64],[454,267],[174,288],[592,76],[38,336],[446,80],[143,283],[428,-30],[217,499]],[[63423,92256],[-465,45]],[[62958,92301],[97,733]],[[63055,93034],[140,-7]],[[63195,93027],[228,-771]],[[48496,44920],[-382,-147],[-266,135]],[[47848,44908],[28,326]],[[47876,45234],[-127,396]],[[47749,45630],[61,292]],[[47810,45922],[584,-499],[102,-503]],[[81409,69680],[-109,273]],[[81300,69953],[175,927]],[[81475,70880],[615,23],[122,256]],[[82212,71159],[795,-429],[494,-99]],[[83501,70631],[-399,-652]],[[83102,69979],[-331,-524]],[[82771,69455],[-530,307],[-832,-82]],[[40972,44170],[1095,343]],[[42067,44513],[-120,-1115],[179,-403],[449,-149],[-18,-655]],[[42557,42191],[-677,-98]],[[41880,42093],[-302,7]],[[41578,42100],[-27,989],[-404,171]],[[26866,41597],[22,-52]],[[26888,41545],[-38,-253],[370,-607],[-45,-228]],[[27175,40457],[-199,-1020],[-253,-516],[-602,-428]],[[26121,38493],[-524,-413]],[[25597,38080],[-253,4],[-696,626],[-234,366]],[[24414,39076],[-558,336]],[[23856,39412],[-100,418],[174,162],[660,127],[213,545],[401,-20],[324,334],[110,362],[325,-118],[179,550],[431,-425],[293,250]],[[57683,68605],[-247,-1391]],[[57436,67214],[-479,-101],[-135,-350]],[[56822,66763],[-988,1]],[[55834,66764],[-106,61]],[[55728,66825],[207,554],[-104,208],[-671,79],[190,-803]],[[55350,66863],[-196,-184]],[[55154,66679],[-683,171]],[[54471,66850],[-361,128]],[[54110,66978],[104,500],[-165,337]],[[54049,67815],[-47,615]],[[54002,68430],[-108,270]],[[53894,68700],[512,276]],[[54406,68976],[462,-81],[-48,-395],[1152,148],[1711,-43]],[[87916,75597],[36,339]],[[87952,75936],[572,-171],[157,-280]],[[88681,75485],[-47,-434]],[[88634,75051],[-597,128]],[[88037,75179],[-121,418]],[[34604,40997],[338,-93],[222,201]],[[35164,41105],[357,-874]],[[35521,40231],[-906,71]],[[34615,40302],[-11,695]],[[68851,53480],[10,-112]],[[68861,53368],[-584,-272],[-142,-801],[-594,207]],[[67541,52502],[-175,8],[-79,635],[208,497]],[[67495,53642],[1356,-162]],[[71527,60193],[600,-280],[543,-85]],[[72670,59828],[-214,-1163]],[[72456,58665],[-1078,-1001]],[[71378,57664],[-305,65]],[[71073,57729],[199,679]],[[71272,58408],[146,407],[-242,363],[-116,1003]],[[71060,60181],[467,12]],[[71146,63816],[20,-703],[501,-58]],[[71667,63055],[-229,-658],[-277,-219]],[[71161,62178],[-634,-219]],[[70527,61959],[-21,409]],[[70506,62368],[293,1027],[-42,425]],[[70757,63820],[389,-4]],[[54326,82051],[668,-198]],[[54994,81853],[-125,-1058],[-173,-179]],[[54696,80616],[-384,130],[-906,50]],[[53406,80796],[229,1242]],[[47435,85024],[-321,-249],[-312,6]],[[46802,84781],[217,811],[-44,232],[335,79]],[[47310,85903],[181,-48]],[[47491,85855],[-56,-831]],[[91258,69331],[364,242]],[[91622,69573],[724,-24],[-43,-541]],[[92303,69008],[-472,-367],[-514,211]],[[91317,68852],[-59,479]],[[72080,75447],[-612,-455]],[[71468,74992],[-499,17]],[[70969,75009],[46,781],[261,790]],[[71276,76580],[874,18]],[[72150,76598],[-70,-1151]],[[82137,86262],[-453,24]],[[81684,86286],[262,298]],[[81946,86584],[214,-33]],[[82160,86551],[-23,-289]],[[46548,80347],[121,9]],[[46669,80356],[842,-89],[149,162]],[[47660,80429],[213,-224]],[[47873,80205],[-136,-859]],[[47737,79346],[-739,-46],[-108,-182]],[[46890,79118],[-381,90]],[[46509,79208],[-70,549],[109,590]],[[37708,38613],[-246,12]],[[37462,38625],[11,917]],[[37473,39542],[48,362]],[[37521,39904],[328,75],[273,1191]],[[38122,41170],[124,-568],[-378,-1019],[-160,-970]],[[57408,35991],[-457,55],[-158,308],[-401,27]],[[56392,36381],[391,733],[1006,-132]],[[57789,36982],[173,-18]],[[57962,36964],[-66,-282]],[[57896,36682],[-291,-650],[-197,-41]],[[50886,83004],[136,428]],[[51022,83432],[398,-15]],[[51420,83417],[-85,-435]],[[51335,82982],[-449,22]],[[69705,51535],[77,-700]],[[69782,50835],[-520,-558],[-203,-575],[-288,11]],[[68771,49713],[-425,147]],[[68346,49860],[421,444],[283,1162],[688,434]],[[69738,51900],[-33,-365]],[[65255,53258],[-588,-596],[-233,-1022]],[[64434,51640],[-688,159],[-83,572]],[[63663,52371],[76,945]],[[63739,53316],[521,9],[159,185]],[[64419,53510],[836,-252]],[[39161,56898],[-293,120]],[[38868,57018],[-69,668]],[[38799,57686],[719,-57],[736,-240]],[[40254,57389],[-43,-380],[253,-222]],[[40464,56787],[-130,-319]],[[40334,56468],[-1173,430]],[[34074,9336],[-301,416],[-23,459],[-263,550],[-190,965]],[[33297,11726],[1109,149]],[[35174,9499],[102,-809],[-160,-936]],[[35116,7754],[-483,57]],[[34633,7811],[-18,1451],[-541,74]],[[55101,55771],[-392,-820]],[[54709,54951],[-231,59],[-425,-368]],[[54053,54642],[-39,847],[77,485]],[[54091,55974],[71,198]],[[54162,56172],[839,-138]],[[55001,56034],[100,-263]],[[64803,55580],[658,-144]],[[65461,55436],[13,-405],[-520,95]],[[64954,55126],[-267,77]],[[64687,55203],[75,364]],[[64762,55567],[41,13]],[[73389,76338],[16,-272],[415,-8],[-122,-1093]],[[73698,74965],[-794,-371]],[[72904,74594],[-215,119]],[[72689,74713],[72,607]],[[72761,75320],[140,679],[324,428]],[[69291,93781],[61,-935]],[[69352,92846],[-199,-280]],[[69153,92566],[-762,77],[-13,217]],[[68378,92860],[274,559],[6,465]],[[68658,93884],[633,-103]],[[32125,41489],[-433,-244],[-265,102]],[[31427,41347],[-304,285]],[[31123,41632],[178,880],[-173,153]],[[31128,42665],[659,138]],[[31787,42803],[184,-364],[401,-69],[-247,-881]],[[63865,76046],[-760,68]],[[63105,76114],[323,1127]],[[63428,77241],[496,-94]],[[63924,77147],[-59,-1101]],[[75645,71343],[7,-476]],[[75652,70867],[-212,-70]],[[75440,70797],[-243,350]],[[75197,71147],[448,196]],[[42347,80145],[-1251,154]],[[41158,80711],[1204,-52]],[[42362,80659],[13,-395]],[[42375,80264],[-28,-119]],[[49278,17362],[38,-504],[359,-12],[247,252]],[[49922,17098],[1608,-772],[1323,-331]],[[52853,15995],[-873,-722],[-639,-718]],[[51341,14555],[-1619,747],[-44,374],[-382,146],[76,-367],[-292,-119],[-531,360],[-416,-81]],[[48133,15615],[-402,386]],[[47731,16001],[415,1835]],[[48146,17836],[440,-37],[692,-437]],[[68020,91568],[-924,-4]],[[67096,91564],[-503,-2]],[[66593,91562],[114,418]],[[66707,91980],[93,685]],[[66800,92665],[52,290]],[[66852,92955],[164,142]],[[67016,93097],[874,32]],[[67890,93129],[194,-243]],[[68084,92886],[-64,-1318]],[[35722,71771],[-859,5]],[[34863,71776],[-383,43],[77,352]],[[34557,72171],[10,347],[442,1490]],[[35009,74008],[781,-207],[7,-1112]],[[35797,72689],[-75,-918]],[[52822,60256],[720,-165]],[[53385,59150],[-75,-132]],[[53310,59018],[-796,161]],[[52514,59179],[-43,139]],[[52471,59318],[89,749],[-483,32]],[[52077,60099],[2,158]],[[52079,60257],[743,-1]],[[35880,7045],[88,325]],[[35968,7370],[810,31]],[[36778,7401],[67,-891]],[[36845,6510],[-23,-195]],[[36822,6315],[-271,-161],[-671,891]],[[51862,70467],[45,475]],[[51907,70942],[336,-187],[-3,-394],[1161,-219]],[[53401,70142],[-49,-392]],[[53352,69750],[-1077,110],[-413,607]],[[78764,79181],[-38,316],[245,96]],[[78971,79593],[203,-1],[-3,464],[342,160]],[[79513,80216],[40,-583],[-146,-580]],[[79407,79053],[-643,128]],[[77979,63778],[-57,-746],[-207,-147],[-397,-1102],[90,-296]],[[77408,61487],[-237,-609]],[[77171,60878],[-674,83]],[[76497,60961],[-12,560],[-449,509]],[[76036,62030],[-109,169],[-875,138],[-429,-183],[-297,237],[722,418]],[[75048,62809],[392,391],[316,676]],[[75756,63876],[424,-194],[824,38],[50,197],[925,-139]],[[72929,84783],[-608,149],[-41,-161]],[[72280,84771],[-186,27]],[[72094,84798],[-3,843]],[[72091,85641],[713,-28]],[[72804,85613],[125,-830]],[[64989,81849],[427,-33]],[[65416,81816],[389,-180],[-309,-717]],[[65496,80919],[-210,-774]],[[65286,80145],[-1528,335],[-54,-220]],[[63704,80260],[-432,29],[108,849]],[[63380,81138],[369,775]],[[63749,81913],[738,-150],[502,86]],[[85668,65408],[-282,-859],[195,-274],[554,46]],[[86135,64321],[-6,-427]],[[86129,63894],[-270,-367],[-704,273]],[[85155,63800],[-445,279],[-1,366],[-578,200]],[[84131,64645],[230,381],[141,579]],[[84502,65605],[540,-163]],[[85042,65442],[626,-34]],[[48665,8961],[-406,-485]],[[48259,8476],[-2500,1186],[205,418]],[[45964,10080],[2133,-812],[568,-307]],[[77168,84949],[-1070,145],[-191,-77]],[[75907,85017],[44,363],[-276,267],[-25,-300],[-541,-7]],[[75109,85340],[76,899]],[[75185,86239],[138,-117],[1078,187]],[[70037,86367],[-659,33]],[[69423,86830],[563,-6]],[[69986,86824],[51,-457]],[[80536,96697],[676,-155]],[[81212,96542],[-214,-279]],[[80998,96263],[-499,62],[-757,-68]],[[79742,96257],[-82,695]],[[79660,96952],[876,-255]],[[34435,71395],[-452,-564],[-137,-1328],[84,-455]],[[33930,69048],[-483,-89]],[[33447,68959],[-638,535]],[[32809,69494],[-97,793],[-606,113]],[[32106,70400],[217,1192],[481,-7]],[[32804,71585],[1294,-157],[133,228]],[[34231,71656],[204,-261]],[[44727,80279],[285,-127]],[[45012,80152],[144,-134],[-364,-362],[451,-174]],[[45243,79482],[-141,-1649]],[[45102,77833],[-9,-313],[-293,-53]],[[44800,77467],[-848,264]],[[43952,77731],[-144,130],[-1079,47]],[[42729,77908],[55,790]],[[42784,78698],[151,982]],[[42935,79680],[164,6],[192,599]],[[43291,80285],[366,231]],[[43657,80516],[1070,-237]],[[75059,81632],[937,-613]],[[75996,81019],[-12,-447]],[[75984,80572],[-425,-262],[-256,47]],[[75303,80357],[-212,185]],[[75091,80542],[-37,1090]],[[75054,81632],[5,0]],[[42574,70267],[227,-83]],[[42801,70184],[4,-599],[1148,46]],[[43953,69631],[0,-491]],[[43953,69140],[-1022,-293]],[[42931,68847],[-769,83],[-503,234]],[[41659,69164],[44,554]],[[41703,69718],[184,395]],[[41887,70113],[629,-36],[58,190]],[[40282,55270],[568,-198],[638,63],[274,-112]],[[41762,55023],[677,91]],[[42439,55114],[-34,-497]],[[42405,54617],[-100,-915]],[[42305,53702],[-593,56],[2,-196],[-413,39]],[[41301,53601],[-659,16],[-642,214]],[[40000,53831],[282,1439]],[[29301,8430],[888,289]],[[30189,8719],[310,-892],[-62,-603],[126,-288]],[[30563,6936],[183,-594],[298,-56],[533,-774],[-558,-626]],[[31019,4886],[-668,-104],[-246,343],[251,523],[13,781],[-561,1060],[-11,344],[-496,597]],[[40796,67963],[-355,56],[-51,248]],[[40390,68267],[112,532]],[[40502,68799],[442,-80]],[[40944,68719],[-148,-756]],[[46121,48336],[-83,-1001]],[[46038,47335],[-191,-5]],[[45847,47330],[-659,-156]],[[45188,47174],[-163,10]],[[45025,47184],[152,763],[183,361]],[[45360,48308],[6,395],[458,-36]],[[45824,48667],[297,-331]],[[29383,48421],[706,-441],[408,-136]],[[30497,47844],[210,-387]],[[30707,47457],[86,-674]],[[30793,46783],[-342,91],[-70,281],[-1146,342],[-568,94]],[[28667,47591],[21,285],[695,545]],[[42514,63910],[-482,347],[71,448]],[[42103,64705],[126,530]],[[42229,65235],[96,8]],[[42325,65243],[776,-460]],[[43101,64783],[-351,-675],[-236,-198]],[[41694,48611],[38,666]],[[41732,49277],[291,-27],[69,-308]],[[42092,48942],[-106,-384]],[[41986,48558],[-292,53]],[[70534,60278],[-1,-1745]],[[70533,58533],[-215,-263],[-401,-63]],[[69917,58207],[27,1263]],[[69944,59470],[38,1091]],[[69982,60561],[422,-13]],[[70404,60548],[130,-270]],[[44125,4822],[-1553,-510],[-1054,-76],[-880,-260]],[[40638,3976],[307,1542],[-55,931]],[[40890,6449],[687,77],[226,445]],[[41803,6971],[523,-305],[704,-818],[1095,-1026]],[[52235,62311],[-571,-363],[-148,-530]],[[51516,61418],[-567,66]],[[50949,61484],[388,832],[-19,796],[152,30]],[[51983,63009],[319,-445]],[[52302,62564],[-67,-253]],[[54311,19417],[-376,-860]],[[53935,18557],[-1747,677],[-904,601],[-663,149]],[[50621,19984],[350,780]],[[50971,20764],[863,-311],[1116,-514],[1361,-522]],[[71682,53189],[303,-415],[239,82],[1079,-296]],[[73303,52560],[255,-174]],[[73558,52386],[-86,-642],[-221,-637],[111,-134]],[[73362,50973],[-210,-912]],[[73152,50061],[-1072,285],[-334,298]],[[71746,50644],[75,542],[-384,25],[-391,359],[-153,-414],[-969,223],[-219,156]],[[69738,51900],[225,289],[-78,378],[-580,-360],[-433,483]],[[68872,52690],[322,253],[564,-222],[429,1023]],[[70187,53744],[656,-477],[839,-78]],[[75291,79953],[-251,-157]],[[75040,79796],[-199,171]],[[74841,79967],[20,501]],[[74861,80468],[230,74]],[[75303,80357],[-12,-404]],[[39711,61241],[63,454]],[[39774,61695],[335,-65],[278,-320],[423,-92]],[[40810,61218],[-234,-602]],[[40576,60616],[-409,124],[-105,347],[-351,154]],[[49702,51052],[44,556]],[[49746,51608],[896,-226]],[[50642,51382],[130,-47]],[[50772,51335],[-223,-424]],[[50549,50911],[-847,141]],[[51475,68847],[29,919],[358,701]],[[53352,69750],[227,-2],[41,-406]],[[53620,69342],[-364,3]],[[53256,69345],[-887,14],[-130,-543]],[[52239,68816],[-764,31]],[[80744,71019],[-633,143]],[[80111,71162],[-18,536]],[[80263,72099],[656,-66]],[[80919,72033],[-12,-701]],[[80907,71332],[-163,-313]],[[64386,57912],[60,-741]],[[64446,57171],[-227,-715]],[[64219,56456],[-118,-396]],[[64101,56060],[-848,94]],[[63253,56154],[-355,23]],[[62898,56177],[-84,206]],[[62814,56383],[13,708]],[[62827,57091],[405,555]],[[63232,57646],[233,-161],[282,213]],[[63747,57698],[400,-86],[239,300]],[[83729,68237],[-202,-807],[289,-103]],[[83816,67327],[59,-793]],[[83875,66534],[-650,258]],[[83225,66792],[-660,462]],[[82565,67254],[233,1114]],[[82798,68368],[931,-131]],[[76811,59456],[893,-285],[45,92]],[[77749,59263],[588,-368]],[[78337,58895],[-118,-574]],[[78219,58321],[-324,-601]],[[77895,57720],[-727,209],[-51,-369]],[[77117,57560],[-494,136]],[[76130,57979],[-281,68]],[[75849,58047],[66,166]],[[75915,58213],[459,927]],[[76374,59140],[204,354]],[[76578,59494],[233,-38]],[[64726,93015],[132,-520]],[[64858,92495],[-121,-351]],[[64737,92144],[-1194,72]],[[63543,92216],[-120,40]],[[63195,93027],[403,162],[108,725]],[[63706,93914],[65,389]],[[63771,94303],[410,-177]],[[64181,94126],[-110,-553],[162,-393],[493,-165]],[[80453,66588],[823,-151],[131,-143]],[[81407,66294],[88,-553],[-221,-405],[-206,-14]],[[80415,65328],[-34,357]],[[80381,65685],[72,903]],[[62238,37558],[-52,-92]],[[62186,37466],[-234,192],[-520,-50]],[[61432,37608],[-291,320]],[[61141,37928],[410,388],[306,85]],[[61857,38401],[476,-357],[38,-210]],[[62371,37834],[-133,-276]],[[51890,76655],[605,-204],[513,168]],[[53008,76619],[-53,-765],[217,-107],[-52,-449],[489,-89]],[[53609,75209],[101,-395],[-242,-1178]],[[53468,73636],[-1068,37]],[[52400,73673],[-266,346],[-665,133]],[[51150,75714],[429,759],[311,182]],[[40115,69600],[-577,382]],[[39710,70634],[325,876]],[[40035,71510],[296,-39]],[[40331,71471],[-216,-1871]],[[37906,48067],[637,-69]],[[38543,47998],[91,-652]],[[38634,47346],[-108,-487]],[[38526,46859],[-96,-8]],[[38430,46851],[-1015,179]],[[37415,47030],[145,1064]],[[37560,48094],[346,-27]],[[37415,47030],[-926,144]],[[36489,47174],[85,1109]],[[36574,48283],[300,-77]],[[36874,48206],[686,-112]],[[35934,81648],[1141,-344]],[[37075,81304],[-95,-408],[-12,-1211]],[[36968,79685],[-334,183],[-1034,250]],[[35600,80118],[-58,253]],[[35542,80371],[107,1349],[285,-72]],[[36039,79399],[-466,509]],[[35573,79908],[27,210]],[[36968,79685],[-61,-364]],[[36907,79321],[-868,78]],[[40052,10482],[-439,-848],[-114,-1330],[111,-190]],[[39975,6809],[-405,-438],[-163,46]],[[39407,6417],[-169,348],[47,467],[-227,215]],[[39058,7447],[-446,673],[232,1085],[-258,1469],[-290,419],[34,332]],[[38330,11425],[95,-305],[1060,-879],[567,241]],[[68957,65564],[76,-141],[974,-198],[513,37]],[[70520,65262],[-156,-955]],[[70364,64307],[-775,56]],[[69589,64363],[-75,532],[-393,236],[-708,-91],[-71,-491]],[[68342,64549],[-453,75],[-47,313],[-506,-150],[-130,-336]],[[67206,64451],[-272,153]],[[66934,64604],[93,690]],[[67027,65294],[618,571]],[[67645,65865],[115,-211],[773,-133],[424,43]],[[42577,56916],[331,-10]],[[42908,56906],[-259,-1207],[-173,-277]],[[42476,55422],[-37,-308]],[[41762,55023],[-97,538]],[[41665,55561],[-156,334]],[[41509,55895],[207,744],[-123,128]],[[41593,56767],[277,372]],[[41870,57139],[318,-274],[389,51]],[[75223,68332],[-426,261],[-255,709]],[[74542,69302],[297,142],[68,648]],[[74907,70092],[133,330],[353,-39],[47,414]],[[75652,70867],[522,-20]],[[76174,70847],[498,301],[381,-62],[-73,-578]],[[69589,64363],[-65,-556]],[[69524,63807],[-1107,49]],[[68417,63856],[-75,693]],[[56903,90044],[598,-208]],[[57501,89836],[-44,-533]],[[57457,89303],[-1383,27]],[[56074,89330],[-55,643],[884,71]],[[70243,54131],[283,866]],[[70526,54997],[396,-213],[1014,-104]],[[71834,54233],[-152,-1044]],[[70187,53744],[56,387]],[[48950,79946],[169,-48]],[[49119,79898],[-188,-924]],[[48931,78974],[-673,-81]],[[48085,78770],[-307,217],[-41,359]],[[47873,80205],[1077,-259]],[[60969,53501],[-605,167]],[[59987,53728],[407,859]],[[60394,54587],[-5,297]],[[60389,54884],[584,-151],[586,-4]],[[61559,54729],[151,-450]],[[61710,54279],[-273,31],[-468,-809]],[[57827,89809],[500,-64]],[[58327,89745],[187,-973]],[[58514,88772],[-1105,9]],[[57409,88781],[48,522]],[[57501,89836],[326,-27]],[[67855,73522],[487,-13]],[[68342,73509],[-123,-875],[299,-234]],[[68518,72400],[-240,-476],[-695,-85]],[[67583,71839],[272,1683]],[[50887,53160],[-50,-332]],[[50837,52828],[-446,-228]],[[50391,52600],[-399,103]],[[49992,52703],[109,1055],[212,126]],[[50313,53884],[219,-685],[355,-39]],[[58550,64194],[-64,-648],[301,-339],[943,-135],[400,-160]],[[60130,62912],[209,-341],[-47,-542]],[[60292,62029],[-241,-249],[-911,-72]],[[59140,61708],[-962,218],[-34,-1064],[-123,-146]],[[58021,60716],[-96,451],[-1390,553],[-421,-386]],[[56114,61334],[-493,311]],[[55621,61645],[-151,201],[171,767]],[[55641,62613],[513,299],[906,29],[27,1381],[290,325]],[[57377,64647],[548,-506],[625,53]],[[37947,80899],[-21,302],[243,850]],[[38169,82051],[435,-40]],[[38604,82011],[-255,-1232]],[[38349,80779],[-402,120]],[[38414,61976],[-48,-634]],[[38366,61342],[-899,-117]],[[37467,61225],[-69,573]],[[37398,61798],[392,25],[78,235]],[[37868,62058],[255,173]],[[38123,62231],[291,-255]],[[45824,48667],[837,491]],[[46661,49158],[341,-222]],[[47002,48936],[50,-518]],[[47052,48418],[-74,-114]],[[46978,48304],[-253,111],[-604,-79]],[[49724,47742],[-230,-491]],[[49494,47251],[-739,190]],[[48755,47441],[-241,315],[-331,81]],[[48183,47837],[-40,352]],[[48143,48189],[64,163]],[[48207,48352],[406,267]],[[48613,48619],[772,-401]],[[61535,98534],[-58,-267]],[[61477,98267],[-510,47]],[[60967,98314],[79,638]],[[61046,98952],[489,-418]],[[40771,69747],[-128,-166]],[[40643,69581],[-266,51]],[[40377,69632],[345,1815]],[[40722,71447],[609,-26]],[[41331,71421],[-560,-1674]],[[54272,86779],[141,-189],[636,-138]],[[55049,86452],[112,-1242]],[[55161,85210],[-404,-461]],[[75011,56052],[326,-428],[-288,-596]],[[75049,55028],[-141,-281]],[[74908,54747],[-423,45]],[[73368,54926],[190,690],[-51,712]],[[73507,56328],[444,75]],[[73951,56403],[1060,-351]],[[41104,40623],[-174,-33]],[[40930,40590],[-30,124],[-759,60]],[[40394,41351],[439,-112],[336,326]],[[41169,41565],[49,-635],[-114,-307]],[[87952,75936],[133,484]],[[88085,76420],[456,-27]],[[88541,76393],[590,-260],[-141,-606]],[[88990,75527],[-309,-42]],[[35297,84151],[-116,-530]],[[35181,83621],[-47,-192]],[[35134,83429],[-880,196]],[[34254,83625],[357,630]],[[34611,84255],[686,-104]],[[82137,79444],[146,-270]],[[82283,79174],[-22,-518]],[[82261,78656],[-674,-108]],[[81587,78548],[-95,120],[13,909]],[[81505,79577],[632,-133]],[[48900,44903],[121,774],[-106,416]],[[48915,46093],[635,-207],[169,-355],[311,-55]],[[50030,45476],[325,-477],[32,-1876],[68,-227]],[[50455,42896],[-309,-136]],[[50146,42760],[-454,860],[-59,450],[-515,370],[-299,61]],[[48819,44501],[81,402]],[[74062,87285],[155,670]],[[74217,87955],[548,-83],[23,209]],[[74788,88081],[929,31]],[[75717,88112],[571,-173],[371,-410],[1,-341]],[[76355,86497],[-933,38],[-295,358],[-1065,392]],[[72395,55095],[-498,125],[-129,796]],[[71768,56016],[-36,180]],[[71732,56196],[990,-170],[340,707]],[[73062,56733],[445,-405]],[[61154,52474],[402,-174]],[[61556,52300],[319,-84],[-74,-307]],[[61801,51909],[-376,-1347]],[[61425,50562],[-500,-92]],[[49555,82666],[-267,-546],[-240,-21],[-221,-357]],[[48827,81742],[-219,65]],[[48689,82782],[664,41]],[[49353,82823],[202,-157]],[[57683,49085],[-225,81],[-78,412]],[[57380,49578],[-123,549],[187,747],[-61,485],[215,999]],[[57598,52358],[420,89]],[[58018,52447],[164,-63]],[[71073,57729],[-575,-684]],[[70498,57045],[-776,251]],[[69722,57296],[-201,128],[396,783]],[[70533,58533],[739,-125]],[[24168,6366],[197,-809],[-21,-1127]],[[24344,4430],[-559,-9],[-454,-214]],[[23331,4207],[-757,-135],[-119,244]],[[22455,4316],[481,513]],[[22936,4829],[628,130],[14,702],[-312,696]],[[23266,6357],[902,9]],[[53069,25036],[-1176,259]],[[51893,25295],[532,1483]],[[52425,26778],[189,-282],[657,30],[255,-194],[-457,-1296]],[[68342,73509],[634,46]],[[68976,73555],[292,-609],[518,-152]],[[69786,72794],[30,-323]],[[69816,72471],[-398,-67]],[[69418,72404],[-900,-4]],[[35903,72715],[43,998],[259,-78]],[[36205,73635],[-302,-920]],[[67016,93097],[27,620],[276,712]],[[68067,94210],[-177,-1081]],[[58372,34237],[60,-662],[356,-435]],[[58788,33140],[-351,-338]],[[58437,32802],[-190,-383],[-617,50]],[[57630,32469],[-428,487],[63,513]],[[57265,33469],[319,514],[788,254]],[[43958,66300],[179,-232]],[[44137,66068],[-106,-781],[154,-95]],[[44185,65192],[-83,-647]],[[44102,64545],[-1001,238]],[[42325,65243],[256,251],[238,791]],[[42819,66285],[424,-28],[166,246]],[[43409,66503],[549,-203]],[[41916,71974],[54,254],[236,-39]],[[42206,72189],[-290,-215]],[[77953,85497],[453,-85],[242,-481],[38,-479]],[[78686,84452],[124,-397],[-548,-38]],[[78262,84017],[-1019,106]],[[77243,84123],[-75,826]],[[50579,12713],[-186,-459]],[[50393,12254],[-2056,844],[-777,109],[-438,-173],[-117,146]],[[47005,13180],[145,376],[-406,226]],[[46744,13782],[215,263]],[[46959,14045],[322,-179],[1844,-543],[1454,-610]],[[34391,76659],[-126,-402],[468,-52],[-132,-530]],[[34601,75675],[-714,-264]],[[33887,75411],[-369,299],[-80,434],[87,862]],[[33525,77006],[398,24],[468,-371]],[[37423,67048],[-547,218]],[[36876,67266],[215,637],[682,140]],[[37773,68043],[450,-14]],[[38223,68029],[-27,-446]],[[38196,67583],[-290,-321],[-417,5],[-66,-219]],[[68237,88853],[-499,535],[133,713]],[[67871,90101],[92,279],[990,-111]],[[68785,88858],[-548,-5]],[[64492,54034],[-505,593]],[[63987,54627],[-86,266]],[[63901,54893],[131,292],[655,18]],[[64954,55126],[207,-563]],[[65161,54563],[-357,-521],[-312,-8]],[[47961,71715],[120,759],[590,-27]],[[48671,72447],[-44,-778]],[[48627,71669],[-645,-311]],[[47982,71358],[-21,357]],[[72091,85641],[35,207]],[[72126,85848],[658,163],[20,-398]],[[76132,96861],[158,-16]],[[76290,96845],[-99,-1090]],[[76191,95755],[-681,68]],[[74803,96271],[35,421]],[[74838,96692],[1162,-224],[132,393]],[[60286,29889],[-676,-998]],[[59610,28891],[-1955,1234],[-57,397],[-984,432]],[[56614,30954],[127,284]],[[56741,31238],[869,-149],[723,148],[1953,-1348]],[[37572,63460],[451,-104]],[[38023,63356],[-155,-1298]],[[37398,61798],[-575,-138]],[[36823,61660],[-250,297]],[[36573,61957],[48,354]],[[36621,62311],[26,294]],[[36647,62605],[140,939]],[[36787,63544],[785,-84]],[[73145,71631],[-701,332],[-189,550]],[[72255,72513],[394,249],[547,-132]],[[73196,72630],[465,-531]],[[73661,72099],[-516,-468]],[[54479,19748],[-168,-331]],[[50971,20764],[152,432]],[[51123,21196],[1319,-577],[470,-322],[1199,-363],[368,-186]],[[51230,52771],[-127,-820],[307,-87],[83,-609]],[[51493,51255],[-721,80]],[[50642,51382],[67,365],[-199,583]],[[50510,52330],[-119,270]],[[50837,52828],[393,-57]],[[86760,78774],[-194,-376],[-676,197]],[[85890,78595],[38,498]],[[85928,79093],[282,120]],[[86210,79213],[498,-79]],[[86708,79134],[52,-360]],[[37565,77857],[-136,-1025]],[[37429,76832],[-251,-408]],[[37178,76424],[-196,265]],[[36982,76689],[145,209],[-312,520],[-201,39]],[[36648,77860],[584,-350],[333,347]],[[35679,46300],[-201,-36]],[[35478,46264],[-380,199]],[[35098,46463],[50,697]],[[35148,47160],[863,-92]],[[36011,47068],[-332,-768]],[[54176,48258],[-42,-632],[406,-152],[-491,-56],[-295,-282],[-406,603],[295,602]],[[53643,48341],[533,-83]],[[93577,72763],[-201,-583]],[[93376,72180],[-605,-76],[-544,-527],[-343,-86]],[[91884,71491],[-1179,307]],[[90705,71798],[145,791]],[[90850,72589],[348,-72],[562,331],[125,383],[488,-138]],[[50549,50911],[526,-60]],[[51075,50851],[-22,-494],[-201,-602],[291,-322]],[[51143,49433],[-623,51],[-538,315]],[[49982,49799],[-199,183],[-498,-66]],[[49285,49916],[4,328]],[[49289,50244],[35,308]],[[49324,50552],[17,390],[361,110]],[[42554,63628],[137,-22]],[[42691,63606],[-11,-519],[869,-329]],[[43549,62758],[319,6]],[[43868,62764],[-75,-464]],[[43793,62300],[-270,-156],[-268,-605]],[[43255,61539],[-839,73]],[[42416,61612],[-190,86],[-209,691],[-48,645]],[[41969,63034],[347,609],[238,-15]],[[63723,95525],[587,357],[588,-171]],[[64898,95711],[196,-33]],[[65094,95678],[-18,-1173],[-287,-393]],[[64789,94112],[-608,14]],[[63771,94303],[-161,463]],[[63610,94766],[113,759]],[[49746,51608],[-106,719]],[[49640,52327],[870,3]],[[61012,84924],[14,-863]],[[61026,84061],[-587,46]],[[60439,84107],[-5,533],[-787,537]],[[59647,85177],[387,183],[80,741]],[[60114,86101],[866,-16]],[[60980,86085],[194,-213]],[[61174,85872],[-428,-789],[266,-159]],[[61361,56188],[-825,21],[-99,-177]],[[60437,56032],[-386,317]],[[60051,56349],[131,886]],[[60182,57235],[333,-253],[935,-48]],[[61450,56934],[-6,-198]],[[61444,56736],[-83,-548]],[[80175,74092],[433,-45]],[[80608,74047],[11,-150]],[[80619,73897],[-320,-589],[302,-350],[-23,-280]],[[80578,72678],[-197,-359]],[[79751,72401],[29,622],[-458,42]],[[79322,73065],[14,262]],[[79336,73327],[839,765]],[[55092,38711],[-116,-554]],[[54976,38157],[-548,59],[-198,-664]],[[54230,37552],[-435,138],[-562,-357],[-253,169],[-705,51]],[[52275,37553],[240,726],[291,1415]],[[52806,39694],[101,89],[734,-292],[1451,-780]],[[67149,99684],[-204,-754]],[[66945,98930],[-217,-870],[-47,-663]],[[66681,97397],[-1257,100],[-127,472]],[[65297,97969],[178,726]],[[65475,98695],[118,603],[897,70],[82,414],[577,-98]],[[73834,74859],[-82,-560],[683,-192]],[[74435,74107],[999,-240],[549,-219]],[[75983,73648],[110,-241]],[[76093,73407],[-1274,-231],[-418,-432],[-211,-615]],[[74190,72129],[-529,-30]],[[73196,72630],[-382,356]],[[72814,72986],[38,503]],[[72852,73489],[-112,507]],[[72740,73996],[164,598]],[[73698,74965],[136,-106]],[[35697,48627],[435,-68],[130,965]],[[36262,49524],[248,297]],[[36510,49821],[433,-125]],[[36943,49696],[-38,-905],[168,-49]],[[37073,48742],[-199,-536]],[[36574,48283],[-324,49],[-40,-307]],[[36210,48025],[-587,248],[74,354]],[[74700,50720],[2074,-1922]],[[76774,48798],[-690,-840]],[[76084,47958],[-1990,1399],[-638,126]],[[73362,50973],[333,-131],[525,59],[480,-181]],[[30938,32416],[-508,-563],[-8,-177],[1418,-731],[54,-429]],[[31894,30516],[131,-470],[15,-661],[-180,-15]],[[31860,29370],[38,553],[-282,562],[-483,-50],[-437,-605],[-402,-25],[-486,-403]],[[29808,29402],[-670,1334],[22,387],[-198,184],[-210,1032],[194,926]],[[28946,33265],[474,-37],[356,150],[361,-163],[120,-643],[681,-156]],[[37166,45486],[-124,-268],[279,-426],[-189,-88]],[[37132,44704],[-800,280],[-398,260]],[[35934,45244],[544,326],[688,-84]],[[40550,10499],[67,-517]],[[40617,9982],[69,-391],[597,-911],[746,-457]],[[42029,8223],[714,-237],[544,-401],[645,-883],[822,-615],[922,-583]],[[45676,5504],[-503,-434],[-1048,-248]],[[41803,6971],[-892,730]],[[40911,7701],[-31,609],[-533,933],[-212,756],[301,508]],[[40436,10507],[114,-8]],[[42150,53308],[420,-32]],[[42570,53276],[730,-233],[414,7]],[[43714,53050],[39,-284]],[[43753,52766],[-666,-784]],[[43087,51982],[-843,-349],[-135,48]],[[42109,51681],[70,512],[-29,1115]],[[60254,98955],[-150,-275]],[[60104,98680],[-512,179],[-120,-476],[254,-41]],[[59726,98342],[-74,-337]],[[59652,98005],[-858,92]],[[58794,98097],[171,847],[231,79],[18,360]],[[59214,99383],[785,-33],[255,-395]],[[53643,48341],[-1130,160]],[[52513,48501],[-271,245]],[[52242,48746],[181,440]],[[52423,49186],[413,-74]],[[52836,49112],[546,-175],[-139,431]],[[53243,49368],[-154,312],[116,412]],[[53205,50092],[327,-29],[226,223]],[[53758,50286],[117,-19]],[[53875,50267],[197,-362]],[[54072,49905],[-150,-174],[28,-584],[226,-889]],[[61995,32096],[-402,-496]],[[61593,31600],[-2179,1716]],[[59414,33316],[451,529]],[[59865,33845],[524,-488],[1606,-1261]],[[42527,89797],[-225,-390],[-1049,192]],[[41253,89599],[-53,1071],[922,193]],[[42122,90863],[95,-904],[310,-162]],[[39110,58370],[248,860]],[[39358,59230],[621,-129]],[[39979,59101],[16,-294]],[[39995,58807],[-201,-653]],[[39794,58154],[-684,216]],[[42611,88282],[-461,-709]],[[42150,87573],[-530,16]],[[41620,87589],[-273,179],[-216,681]],[[41131,88449],[378,-89],[718,53],[384,-131]],[[72977,78355],[69,281]],[[73398,79537],[762,-115]],[[74160,79422],[-167,-1327]],[[41331,71421],[211,-83]],[[41542,71338],[299,-254],[46,-971]],[[41703,69718],[-932,29]],[[68481,45148],[-402,-947]],[[68079,44201],[-273,152]],[[67806,44353],[179,597],[-920,286]],[[67065,45236],[48,357]],[[67113,45593],[538,-43]],[[67651,45550],[830,-402]],[[59647,85177],[-216,36]],[[59431,85213],[138,857]],[[59569,86070],[72,215],[473,-184]],[[68378,92860],[-294,26]],[[68366,94452],[298,-76],[-258,-337],[252,-155]],[[44185,65192],[790,-133]],[[44975,65059],[-101,-775],[-300,-559]],[[44574,63725],[-504,141]],[[44070,63866],[32,679]],[[58980,93401],[110,-586],[-90,-498]],[[59000,92317],[-897,-105]],[[58103,92212],[-251,360],[8,740]],[[57860,93312],[323,179],[797,-90]],[[36137,77136],[236,-469]],[[36373,76667],[-815,-214]],[[35558,76453],[-62,59]],[[35496,76512],[136,705]],[[46217,53193],[75,772],[948,-28]],[[47240,53937],[-1,-190]],[[47239,53747],[-63,-749]],[[47176,52998],[-652,39],[-307,156]],[[66912,56643],[106,-52]],[[67018,56591],[115,-779]],[[67133,55812],[-875,132]],[[66258,55944],[134,282],[25,674]],[[66417,56900],[495,-257]],[[64197,79454],[-686,252]],[[63511,79706],[193,554]],[[65286,80145],[-253,-708]],[[65033,79437],[-836,17]],[[70324,67875],[-145,-1147]],[[70179,66728],[-363,-400],[-874,86]],[[68942,66414],[51,1049],[456,485]],[[69449,67948],[340,73],[534,-145]],[[70323,67876],[1,-1]],[[66449,42723],[-390,-1]],[[66059,42722],[-1545,832],[-708,183]],[[63806,43737],[374,497],[-216,608]],[[63964,44842],[1249,-217],[449,506]],[[65662,45131],[895,-100],[384,-142]],[[66941,44889],[185,-155]],[[67126,44734],[-473,-1083],[97,-105],[-301,-823]],[[65802,85683],[-145,188],[-1336,423]],[[64321,86294],[52,557]],[[64373,86851],[-234,510],[309,467]],[[64448,87828],[398,-96],[443,141],[624,-191]],[[65913,87682],[412,-279]],[[66325,87403],[-48,-440]],[[66277,86963],[14,-276],[638,-126]],[[66929,86561],[-264,-635]],[[66665,85926],[-627,88],[-236,-331]],[[42931,68847],[-42,-681]],[[42889,68166],[-91,-352]],[[42798,67814],[-421,-253],[-809,95]],[[41568,67656],[23,278]],[[41591,67934],[61,536],[-171,143]],[[41481,68613],[178,551]],[[62246,81583],[-370,-108]],[[61876,81475],[-430,101]],[[61446,81576],[61,317],[-612,135],[-210,-476]],[[60685,81552],[-584,127]],[[60101,81679],[18,482]],[[60119,82161],[475,662],[-781,359]],[[59813,83182],[236,399]],[[60049,83581],[390,526]],[[61026,84061],[637,-316],[-58,-326],[669,-193],[153,-328]],[[62427,82898],[-181,-1315]],[[35934,81648],[273,653],[416,-86]],[[36623,82215],[488,-175],[17,-265]],[[37128,81775],[-53,-471]],[[42377,10817],[198,159]],[[42575,10976],[233,-649],[577,-772]],[[43385,9555],[-606,192],[-278,316],[-124,754]],[[80927,59203],[357,537],[-121,124]],[[81163,59864],[57,275],[638,-256]],[[81858,59883],[-283,-637]],[[81575,59246],[-217,-200],[-431,157]],[[59674,92097],[320,57]],[[59994,92154],[54,-633],[627,-700],[1373,356]],[[62048,91177],[-238,-1231],[415,-26],[25,-267]],[[62250,89653],[-325,-435]],[[61569,88511],[-611,-28]],[[60958,88483],[-329,89]],[[60629,88572],[-249,411],[-344,105],[-282,-532]],[[59754,88556],[-126,14]],[[59628,88570],[17,631],[-316,74]],[[59329,89275],[101,838],[-276,26]],[[59154,90139],[15,695]],[[59169,90834],[314,412],[191,851]],[[54049,67815],[-141,-275],[-476,-14],[-503,225]],[[52929,67751],[-218,234],[94,494]],[[52805,68479],[324,-8]],[[53129,68471],[873,-41]],[[68892,61424],[658,-380],[38,-503]],[[69588,60541],[-214,-203],[-507,62]],[[68867,60400],[-616,237],[-254,-62],[10,-350]],[[68007,60225],[-292,-33]],[[67715,60192],[115,1171]],[[67830,61363],[1062,61]],[[34533,80043],[15,713]],[[34548,80756],[243,-218],[751,-167]],[[35573,79908],[-658,-42],[-382,177]],[[57626,75091],[1013,-203]],[[58963,74803],[-80,-713]],[[58883,74090],[-202,-518],[90,-389]],[[58771,73183],[-811,218],[-635,-225]],[[57325,73176],[-295,346]],[[57030,73522],[202,274],[111,1311]],[[57343,75107],[283,-16]],[[82914,81564],[337,-113],[-197,-1185]],[[83054,80266],[-485,-56]],[[82569,80210],[-748,365]],[[81821,80575],[106,811],[160,298],[827,-120]],[[30497,47844],[119,349]],[[30616,48193],[989,-286]],[[31605,47907],[-78,-452],[-820,2]],[[92428,75594],[731,-10],[101,-551]],[[93260,75033],[-518,-300]],[[92229,74741],[-103,444]],[[92126,75185],[302,409]],[[53149,78737],[409,3]],[[53862,78418],[-75,-717],[-656,-296]],[[53131,77405],[-166,229],[-618,220]],[[52347,77854],[151,897]],[[52498,78751],[651,-14]],[[43862,90836],[-170,-1139]],[[43692,89697],[-1165,100]],[[42122,90863],[299,218],[763,-246],[678,1]],[[33014,44438],[194,-356]],[[33208,44082],[-107,-487]],[[33101,43595],[-195,-41]],[[32906,43554],[-75,390]],[[32831,43944],[183,494]],[[35134,83429],[-152,-530],[-288,-54]],[[34694,82845],[-604,143]],[[34090,82988],[164,637]],[[59792,40961],[-197,-624]],[[59595,40337],[-736,-17],[-557,151]],[[58302,40471],[172,819]],[[58474,41290],[81,161],[728,-499],[509,9]],[[79733,84750],[1013,-261]],[[81589,84259],[13,-127]],[[81602,84132],[-320,66],[-486,-254]],[[80796,83944],[-891,120],[-223,137]],[[79682,84201],[-156,238]],[[79526,84439],[207,311]],[[92213,77644],[558,-10]],[[92771,77634],[183,-31],[-82,-464],[454,-391]],[[93326,76748],[-152,-696]],[[93174,76052],[-658,-154]],[[92516,75898],[-796,71]],[[91720,75969],[405,996]],[[92125,76965],[88,679]],[[65094,95678],[441,103],[698,-121]],[[66233,95660],[-98,-373]],[[66135,95287],[-217,-1324],[186,-57]],[[66104,93906],[-377,-157]],[[65727,93749],[-929,168]],[[64798,93917],[-9,195]],[[53131,77405],[-16,-190]],[[53115,77215],[-1004,80]],[[52111,77295],[-166,266]],[[51945,77561],[402,293]],[[88482,73655],[152,1396]],[[88990,75527],[417,-102]],[[89407,75425],[-109,-594],[-244,-243],[-417,-959]],[[88637,73629],[-155,26]],[[48309,18195],[-135,687]],[[48174,18882],[798,-26],[880,-162]],[[49852,18694],[-203,-610],[-717,-400],[-623,511]],[[51493,51255],[495,37]],[[51988,51292],[-154,-572]],[[51834,50720],[-759,131]],[[34117,48377],[-288,-8],[-174,-407]],[[33655,47962],[-128,369],[-260,38]],[[33267,48369],[148,428]],[[33415,48797],[805,48]],[[34220,48845],[-103,-468]],[[83484,94013],[-312,-577]],[[83172,93436],[-350,-6]],[[82822,93430],[38,921]],[[82860,94351],[554,-1]],[[83414,94350],[70,-337]],[[63811,45945],[1006,-188],[547,110]],[[65364,45867],[-4,-558],[302,-178]],[[63964,44842],[-315,275]],[[63649,45117],[162,828]],[[59994,92154],[370,344]],[[60364,92498],[701,-86],[533,-267]],[[61598,92145],[65,-342],[344,-91],[-152,-427],[193,-108]],[[67909,70021],[-60,-436]],[[67849,69585],[-114,-188],[-564,-128]],[[67171,69269],[-165,356]],[[67006,69625],[161,536]],[[67167,70161],[486,60],[256,-200]],[[34488,5299],[259,143],[414,-154],[-44,-616]],[[35117,4672],[-678,124],[49,503]],[[61341,70958],[372,242]],[[61713,71200],[456,101],[699,-29]],[[62868,71272],[89,-765]],[[62957,70507],[-206,-131],[-124,-907],[-319,-32]],[[62308,69437],[-1228,143]],[[61080,69580],[17,555],[244,221],[0,602]],[[37423,67048],[-223,-752]],[[37200,66296],[-407,301],[-438,42]],[[36355,66639],[129,615]],[[36484,67254],[392,12]],[[64320,64468],[655,15],[70,312]],[[65045,64795],[434,-121]],[[65479,64674],[-291,-329],[79,-532]],[[65267,63813],[-103,-617],[-872,-211]],[[64292,62985],[-478,101]],[[63814,63086],[314,496],[192,886]],[[39808,63347],[-19,-959],[-380,-44]],[[39409,62344],[-618,198]],[[38791,62542],[71,802]],[[38862,63344],[946,3]],[[59965,77006],[100,-294],[724,-56]],[[60789,76656],[-87,-443],[104,-962],[315,-32]],[[61121,75219],[-115,-525],[-352,-568]],[[60654,74126],[-684,87]],[[59970,74213],[-1087,-123]],[[59065,75934],[105,320]],[[59170,76254],[402,-55],[38,836]],[[59610,77035],[355,-29]],[[60866,77611],[1334,-99]],[[62200,77512],[172,-135],[-91,-1034],[391,-475]],[[62672,75868],[-293,-141]],[[62379,75727],[-299,381]],[[62080,76108],[-357,158],[-124,326],[-292,-125],[-518,189]],[[60789,76656],[77,955]],[[52102,57594],[219,440],[589,-64]],[[52910,57970],[121,1]],[[53031,57971],[-110,-999]],[[52921,56972],[-503,-470]],[[52418,56502],[-663,166]],[[51755,56668],[22,341],[325,585]],[[40435,50034],[-44,372]],[[40391,50406],[392,257],[478,-529]],[[41261,50134],[-826,-100]],[[74022,60845],[472,685]],[[74494,61530],[761,-163]],[[75255,61367],[-185,-1154]],[[75070,60213],[-635,185]],[[74435,60398],[-413,447]],[[39409,62344],[-64,-223]],[[39345,62121],[-372,-260]],[[38973,61861],[-559,115]],[[38123,62231],[668,311]],[[57177,35093],[255,-182],[-234,-1248],[67,-194]],[[57265,33469],[-639,-200]],[[56626,33269],[-670,-82],[-522,129]],[[55434,33316],[400,1219]],[[55834,34535],[74,342],[1133,-120],[136,336]],[[56414,37830],[-484,34],[-954,293]],[[55092,38711],[296,733],[784,-28],[131,102]],[[56303,39518],[374,-10]],[[56677,39508],[338,-245]],[[57015,39263],[192,-109]],[[57207,39154],[-183,-875],[-278,-368]],[[56746,37911],[-332,-81]],[[36260,70295],[-639,-15],[-103,-1312]],[[35518,68968],[-942,-152]],[[34576,68816],[-44,213],[-602,19]],[[34435,71395],[395,-160]],[[34830,71235],[-34,-347],[1501,-103]],[[36297,70785],[-2,-137]],[[36295,70648],[-35,-353]],[[49085,64040],[-870,247],[97,655]],[[48312,64942],[728,62]],[[49040,65004],[278,-222],[-57,-711]],[[49261,64071],[-176,-31]],[[75615,71991],[30,-648]],[[75197,71147],[-326,-26],[-437,-467]],[[74434,70654],[-462,-65]],[[73972,70589],[363,1410]],[[74335,71999],[1280,-8]],[[61700,55853],[9,291]],[[61709,56144],[105,381]],[[61814,56525],[405,-58]],[[62219,56467],[595,-84]],[[62898,56177],[-120,-358],[-1078,34]],[[72634,84151],[128,-604]],[[72762,83547],[-664,-17]],[[71600,83499],[34,205],[487,112],[513,335]],[[60393,80345],[262,744],[30,463]],[[61446,81576],[-28,-1157],[289,-19]],[[61707,80400],[684,-34],[-51,-509]],[[62340,79857],[-369,20],[-174,-641]],[[61797,79236],[-194,87],[-77,645],[-1133,377]],[[60370,93577],[158,823]],[[60528,94400],[633,-98],[85,117]],[[61246,94419],[286,-49]],[[61532,94370],[337,-199]],[[61869,94171],[97,-38]],[[61966,94133],[-336,-1210],[59,-335]],[[61689,92588],[-91,-443]],[[60364,92498],[6,1079]],[[76772,94546],[-738,304]],[[76034,94850],[-393,204]],[[76191,95755],[679,-205],[-98,-1004]],[[32047,40090],[400,96],[116,337],[333,117]],[[32896,40640],[-58,-260]],[[32838,40380],[-10,-921],[-103,-651],[-208,-485]],[[32092,38456],[-99,1312],[54,322]],[[49434,88550],[-186,-814],[-183,-30]],[[49065,87706],[-858,180]],[[48207,87886],[-32,40]],[[48175,87926],[3,528],[344,819]],[[48522,89273],[527,-227],[385,-496]],[[74814,89142],[9,-294]],[[74823,88848],[-35,-767]],[[74217,87955],[-506,96]],[[73711,88051],[112,233],[35,808]],[[73858,89092],[956,50]],[[73711,88051],[-64,-50]],[[73647,88001],[-387,27]],[[73260,88028],[-448,187],[16,418]],[[72828,88633],[113,424]],[[72941,89057],[917,35]],[[61709,56144],[-348,44]],[[61444,56736],[370,-211]],[[29616,37646],[854,-44]],[[30470,37602],[960,-76]],[[32444,34115],[-825,-594],[-489,-1005],[-192,-100]],[[28946,33265],[308,663],[-627,1556],[-1067,1093],[-156,1104]],[[27404,37681],[453,-1],[145,211]],[[28002,37891],[823,101],[791,-346]],[[32695,8656],[-386,122],[-242,357],[-480,1335]],[[31587,10470],[453,736],[861,156],[396,364]],[[34074,9336],[214,-446],[-85,-888]],[[34203,8002],[-396,311],[-1112,343]],[[78281,50653],[-729,-898]],[[77552,49755],[-1412,1322],[-820,462],[43,181]],[[75363,51720],[211,646]],[[75574,52366],[35,119],[1283,-650],[631,-661],[758,-521]],[[39358,59230],[98,1165]],[[39456,60395],[135,55],[120,791]],[[40576,60616],[369,-426],[-65,-448]],[[40880,59742],[-77,-501]],[[40803,59241],[-369,-187],[-455,47]],[[47876,45234],[-624,6],[-46,241]],[[47206,45481],[121,180]],[[47327,45661],[422,-31]],[[65867,92760],[-104,-287]],[[65763,92473],[-550,-84]],[[65213,92389],[-355,106]],[[64726,93015],[72,902]],[[65727,93749],[-70,-359],[271,-209],[-61,-421]],[[68439,78181],[-196,-372]],[[68243,77809],[-252,-79],[46,655],[402,-204]],[[46391,83749],[-495,75],[-398,530]],[[45498,84354],[435,-28],[96,302],[773,153]],[[46802,84781],[-411,-1032]],[[45702,89845],[-27,-286],[-412,33]],[[45263,89592],[-116,328],[-542,93],[59,258]],[[44664,90271],[518,4],[520,-430]],[[36482,51605],[1034,-297]],[[37516,51308],[217,-1142]],[[37733,50166],[-275,-362],[-515,-108]],[[36510,49821],[-69,451]],[[36441,50272],[-87,721],[-320,202],[99,482]],[[36133,51677],[349,-72]],[[78293,91053],[-503,66]],[[77790,91119],[130,960]],[[78288,91935],[274,-181],[-269,-701]],[[40377,69632],[-262,-32]],[[40331,71471],[391,-24]],[[78396,80726],[-357,53]],[[78039,80779],[5,622]],[[78044,81401],[153,293],[-291,440]],[[77906,82134],[195,671],[161,1212]],[[78686,84452],[209,132]],[[78895,84584],[631,-145]],[[79682,84201],[19,-940],[570,-65],[70,-227],[404,-145]],[[80745,82824],[-629,-1343],[-80,-738],[-219,-247]],[[79817,80496],[-304,-280]],[[79513,80216],[-1117,510]],[[66484,90105],[-42,230]],[[66442,90335],[0,943],[151,284]],[[67096,91564],[-131,-667],[182,-42],[-70,-613]],[[67077,90242],[-191,-222]],[[66886,90020],[-402,85]],[[82607,83886],[73,553],[-443,121],[-153,-377],[-495,76]],[[81836,84677],[350,-19],[700,313],[485,-289]],[[83371,84682],[148,-733]],[[83519,83949],[-350,-179],[-562,116]],[[45639,80336],[-41,-818]],[[45598,79518],[-355,-36]],[[45012,80152],[627,184]],[[82749,75271],[411,446],[1007,-216]],[[84167,75501],[46,-544],[-213,-355]],[[84000,74602],[-838,355],[-413,314]],[[66060,80891],[-564,28]],[[65416,81816],[233,859]],[[65649,82675],[42,164]],[[65691,82839],[917,-208]],[[64989,81849],[98,890],[562,-64]],[[31399,10438],[188,32]],[[32695,8656],[69,-1168],[155,-142]],[[32919,7346],[-415,72],[-380,366]],[[32124,7784],[-166,907],[-267,441]],[[31691,9132],[135,331],[-427,975]],[[31401,50048],[-81,-796],[352,-190]],[[31672,49062],[-233,-184],[-608,-28]],[[30831,48850],[-309,823]],[[30522,49673],[63,402],[320,157]],[[30905,50232],[496,-184]],[[79669,59299],[-571,-137],[-302,-253],[-459,-14]],[[77749,59263],[226,767]],[[77975,60030],[496,-34]],[[78471,59996],[565,110]],[[79036,60106],[141,-722],[492,-85]],[[80304,61999],[-117,-508]],[[80187,61491],[-926,147],[-579,285]],[[78682,61923],[185,638]],[[78867,62561],[499,-105],[30,-319],[908,-138]],[[80634,97629],[-98,-932]],[[79809,97480],[168,524],[349,273],[320,-175],[-12,-473]],[[58540,59826],[78,-563],[-144,-487]],[[58474,58776],[-810,-101]],[[57664,58675],[-263,596]],[[57401,59271],[237,102],[321,517]],[[57959,59890],[581,-64]],[[75255,61367],[285,-37],[496,700]],[[76497,60961],[-321,-605],[-68,-527]],[[76108,59829],[-849,149],[-189,235]],[[67498,86769],[-317,111]],[[67181,86880],[-904,83]],[[66325,87403],[380,699]],[[66705,88102],[751,73]],[[67456,88175],[478,-352]],[[67934,87823],[-436,-1054]],[[52235,62311],[-126,-1010]],[[52109,61301],[-593,117]],[[56692,64804],[379,62],[306,-219]],[[55641,62613],[-154,168],[111,733],[-194,207],[244,1046]],[[55648,64767],[633,131],[411,-94]],[[65562,91105],[39,-418]],[[65601,90687],[-635,-27]],[[64966,90660],[-330,39],[36,508]],[[64672,91207],[890,-102]],[[44317,9477],[-420,54]],[[43897,9531],[-291,704],[67,470],[242,329]],[[43915,11034],[173,34],[206,-736],[315,-272],[6,-276],[-298,-307]],[[69177,81856],[-197,-524],[135,-788]],[[69115,80544],[-626,62]],[[68440,81988],[181,-18]],[[68621,81970],[275,-179],[113,624]],[[69009,82415],[203,-69],[-35,-490]],[[64421,98047],[361,2]],[[64782,98049],[-142,-1086]],[[64640,96963],[-686,-15],[-730,174],[-19,632],[-595,38]],[[62610,97792],[-8,560],[-146,108]],[[62456,98460],[-181,845],[492,-135],[-59,-707],[1713,-416]],[[64640,96963],[187,-28],[-176,-763],[264,-34],[-17,-427]],[[63723,95525],[-430,248],[41,288],[-535,48]],[[62799,96109],[-205,40]],[[62594,96149],[-22,1302]],[[62572,97451],[38,341]],[[34830,71235],[33,541]],[[35722,71771],[789,-371]],[[36511,71400],[-214,-615]],[[49794,74171],[-764,-12]],[[49030,74159],[293,1418]],[[49323,75577],[176,10]],[[56087,78815],[-962,54],[-49,-502]],[[55076,78367],[-126,-355]],[[54950,78012],[-234,342],[-309,92]],[[54382,79220],[58,691]],[[54440,79911],[704,-62]],[[55144,79849],[292,135]],[[55436,79984],[631,-327],[-86,-400],[106,-442]],[[69311,94647],[-20,-866]],[[68477,94640],[400,252],[434,-245]],[[74902,92129],[-82,-536],[-674,238],[-22,240]],[[44572,42171],[-235,12]],[[44337,42183],[-52,393]],[[44285,42576],[-62,394]],[[44223,42970],[444,-137],[164,-274]],[[44831,42559],[-259,-388]],[[73681,91166],[-74,-676],[-204,-773]],[[73403,89717],[-482,-93]],[[72921,89624],[-30,280],[-936,-3]],[[71757,91169],[655,-575],[12,528],[558,107]],[[72982,91229],[699,-63]],[[81624,92657],[-798,63]],[[80826,92720],[143,670]],[[80969,93390],[267,119],[466,-143]],[[81702,93366],[-78,-709]],[[82137,86262],[-25,-804]],[[82112,85458],[-301,51]],[[81601,85538],[83,748]],[[67482,59641],[95,-626],[321,-388]],[[67898,58627],[-118,-243],[-766,-78],[86,-1297],[-188,-366]],[[66417,56900],[247,259],[-99,405],[327,426],[-792,85]],[[66100,58075],[39,289],[-589,-55]],[[65550,58309],[313,929],[259,140]],[[66122,59378],[437,371],[923,-108]],[[43292,47404],[82,-191]],[[43374,47213],[-90,-427]],[[43284,46786],[-775,132],[11,397]],[[42520,47315],[19,371]],[[42539,47686],[300,3]],[[42839,47689],[453,-285]],[[37841,27272],[439,-673],[269,-216],[147,-596],[-211,-423],[221,-457],[-300,-573],[-404,-258],[527,-291],[797,-838],[524,-188],[-166,-736],[232,-328],[499,135],[-49,-229],[278,-402],[24,-715],[-126,-211],[-546,-227],[-517,-520],[-1,-849],[158,-82],[294,-668],[-1216,-1206],[-63,-706]],[[38651,16015],[-793,77],[-567,241],[-422,-55],[-471,154],[-398,340],[-978,579],[-617,12],[-690,669]],[[33715,18032],[-96,1198],[191,837],[-133,886],[-752,943],[-91,446],[-250,211],[9,1024],[332,753],[803,184],[1094,1079],[103,537],[497,712],[41,382],[769,617],[899,45]],[[37131,27886],[222,-356],[488,-258]],[[73145,71631],[-130,-784]],[[73015,70847],[-1491,469]],[[71524,71316],[114,1219]],[[71638,72535],[617,-22]],[[87241,71200],[498,-208]],[[87739,70992],[-282,-676]],[[87457,70316],[-474,-7],[-153,-451]],[[86830,69858],[-1143,788],[-572,-13]],[[85115,70633],[-394,468]],[[84721,71101],[419,596]],[[85140,71697],[794,-299],[406,-2]],[[86340,71396],[901,-196]],[[77552,49755],[-778,-957]],[[74700,50720],[573,1032]],[[75273,51752],[90,-32]],[[70918,70177],[606,1139]],[[73015,70847],[164,-315]],[[73179,70532],[-244,-705]],[[72935,69827],[-987,298],[-1030,52]],[[72935,69827],[-94,-390]],[[72841,69437],[-1646,-80],[-392,140]],[[70803,69497],[2,160]],[[70805,69657],[113,520]],[[81783,94385],[-275,-565]],[[81508,93820],[-513,37]],[[80995,93857],[-70,316]],[[80925,94173],[75,607]],[[81000,94780],[783,-395]],[[96087,78579],[-261,-77],[-565,-709],[-342,37]],[[94919,77830],[-884,85]],[[94035,77915],[11,101]],[[94046,78016],[507,59],[338,1004]],[[94891,79079],[615,-339],[581,-161]],[[53620,69342],[57,-643],[217,1]],[[53129,68471],[-34,553],[161,321]],[[63500,91260],[-970,278]],[[62530,91538],[23,593]],[[62553,92131],[405,170]],[[63543,92216],[-43,-956]],[[68257,48542],[-360,-655]],[[67897,47887],[-135,180]],[[67762,48067],[-445,510],[-1647,189],[-953,48]],[[64717,48814],[38,533]],[[64755,49347],[464,256]],[[65219,49603],[816,99],[538,-63],[753,-248],[931,-849]],[[64702,41266],[329,-144],[698,611]],[[65729,41733],[770,-562]],[[66499,41171],[-19,-298],[-501,-605]],[[65979,40268],[-91,-176],[-1086,413]],[[64802,40505],[83,175],[-443,371]],[[64442,41051],[260,215]],[[89930,77650],[-312,-427]],[[89618,77223],[-457,88],[-96,-230],[-541,-30]],[[88524,77051],[232,914]],[[88756,77965],[337,51]],[[89093,78016],[837,-366]],[[39579,40034],[-193,-528],[-777,-204],[-34,-192]],[[38575,39110],[-296,11]],[[38279,39121],[140,1009]],[[38419,40130],[740,-222]],[[61080,69580],[-717,159]],[[60363,69739],[-13,1126]],[[60350,70865],[707,-23],[284,116]],[[47443,86654],[-45,417]],[[47398,87071],[103,1007]],[[47501,88078],[674,-152]],[[48207,87886],[-161,-1299],[-603,67]],[[43433,56867],[-525,39]],[[42577,56916],[-11,626],[-607,154]],[[41959,57696],[-36,242]],[[41923,57938],[532,781]],[[42455,58719],[539,-86],[555,-236]],[[43549,58397],[42,-413],[-167,-674],[9,-443]],[[52203,51584],[-351,712],[83,295]],[[51935,52591],[601,-20]],[[52536,52571],[685,-271],[128,280]],[[53349,52580],[355,-234],[498,-61]],[[54202,52285],[-82,-481]],[[54120,51804],[-103,-339]],[[54017,51465],[-677,151],[-539,-180]],[[52801,51436],[-39,156],[-559,-8]],[[71378,57664],[527,-186]],[[71905,57478],[-222,-789],[49,-493]],[[71768,56016],[-1184,-33]],[[70584,55983],[-94,7],[8,1055]],[[45496,59719],[1271,-219]],[[46767,59500],[-434,-1094]],[[46333,58406],[-491,46]],[[45842,58452],[-745,219]],[[45097,58671],[399,1048]],[[37198,45931],[-88,-314]],[[37110,45617],[-667,225],[-764,458]],[[36011,47068],[18,189]],[[36029,47257],[460,-83]],[[37415,47030],[24,-374],[-202,-175],[-39,-550]],[[54847,75915],[-1008,-65],[-230,-641]],[[53008,76619],[107,596]],[[48274,74792],[154,-267],[-141,-457]],[[48287,74068],[-116,-402]],[[48171,73666],[-418,124]],[[47753,73790],[36,372],[-321,10],[60,678]],[[47528,74850],[129,10]],[[47657,74860],[617,-68]],[[70024,81538],[704,-153],[46,377]],[[70774,81762],[541,-20]],[[71315,81742],[-407,-496],[-121,-550]],[[70787,80696],[16,-507]],[[70803,80189],[-45,-641]],[[70758,79548],[-1360,226]],[[69398,79774],[-262,-12],[-21,782]],[[69177,81856],[847,-318]],[[68338,55582],[40,-222],[801,-204]],[[69179,55156],[-113,-850]],[[69066,54306],[-215,-826]],[[67495,53642],[16,125],[-619,128]],[[66892,53895],[117,708]],[[67009,54603],[207,578],[349,87],[96,325]],[[67661,55593],[677,-11]],[[51469,67699],[255,536],[522,358]],[[52246,68593],[559,-114]],[[52929,67751],[-224,-31],[-128,-457]],[[52577,67263],[-951,129]],[[51626,67392],[-157,307]],[[71146,63816],[225,552],[306,28]],[[71677,64396],[667,88],[308,-132]],[[72652,64352],[-103,-903]],[[72549,63449],[-463,56],[-940,311]],[[35039,54725],[-286,79]],[[34753,54804],[-716,515]],[[34037,55319],[3,276]],[[34040,55595],[594,467]],[[34634,56062],[511,-340],[-106,-997]],[[60415,63995],[1020,3]],[[61435,63998],[-61,-1018]],[[61374,62980],[-1290,397]],[[60084,63377],[331,618]],[[67830,61363],[-743,-8]],[[67087,61355],[4,15]],[[67091,61370],[82,251]],[[67173,61621],[224,50],[400,678],[-57,203]],[[67740,62552],[51,251],[420,64]],[[68211,62867],[544,-122]],[[68755,62745],[628,-239],[-43,-110]],[[69340,62396],[-448,-972]],[[68867,60400],[15,-867]],[[68882,59533],[-289,-863],[-695,-43]],[[67482,59641],[525,584]],[[57408,35991],[2,-430],[-233,-468]],[[55834,34535],[-293,100],[-465,-139],[-635,9],[-163,-137],[-624,258],[-154,-152],[-1417,-228]],[[52083,34246],[403,1325],[-11,378]],[[52475,35949],[1849,-61],[879,-302],[755,-48],[104,681]],[[56062,36219],[330,162]],[[41117,51609],[6,834],[143,893]],[[41266,53336],[884,-28]],[[42109,51681],[-869,-361],[-123,289]],[[30658,8900],[42,155],[991,77]],[[32124,7784],[-24,-876]],[[32100,6908],[-867,64]],[[31233,6972],[-236,14]],[[30997,6986],[46,411],[-333,648],[-52,855]],[[45433,32181],[316,-1239],[73,-770]],[[45822,30172],[-446,-767]],[[45376,29405],[-246,-210]],[[45130,29195],[-1030,-195],[-255,31],[-886,-540],[-1034,-154],[-710,-504],[-750,-281]],[[40465,27552],[-29,1436],[411,429],[133,427],[1351,650],[971,203],[246,1035],[277,617]],[[43825,32349],[1608,-168]],[[83875,66534],[406,-133]],[[84281,66401],[183,-199]],[[84464,66202],[-189,-215]],[[84275,65987],[-436,214],[-291,-188]],[[83548,66013],[-538,327]],[[83010,66340],[215,452]],[[80927,59203],[-464,-184],[-344,-384]],[[80119,58635],[-450,664]],[[79669,59299],[318,484],[85,489],[-222,79]],[[79850,60351],[195,288]],[[80045,60639],[526,-149],[-57,-531],[649,-95]],[[73179,70532],[793,57]],[[73972,70589],[-354,-1395]],[[73618,69194],[-777,243]],[[57380,49578],[-415,187]],[[56965,49765],[104,1351],[233,1180]],[[57302,52296],[296,62]],[[63336,53319],[-292,-68]],[[63044,53251],[-110,12]],[[62934,53263],[-205,510],[149,473]],[[62878,54246],[307,-20],[41,413],[257,-13]],[[63483,54626],[-116,-421],[-31,-886]],[[88524,77051],[17,-658]],[[88085,76420],[-306,341],[17,337],[-304,117]],[[87492,77215],[368,1086]],[[87860,78301],[202,127]],[[88062,78428],[694,-463]],[[78401,73509],[101,78]],[[78502,73587],[834,-260]],[[79322,73065],[-429,-974]],[[78893,72091],[-571,142]],[[78322,72233],[136,505],[-57,771]],[[37462,38625],[-366,274],[70,634]],[[37166,39533],[307,9]],[[51354,56043],[-70,-176]],[[51284,55867],[-330,-665]],[[50954,55202],[-1009,447]],[[49945,55649],[21,169]],[[49966,55818],[165,1072]],[[50131,56890],[317,-296],[368,151],[321,-229],[217,-473]],[[35782,49841],[-971,68]],[[34811,49909],[202,327],[-137,227]],[[34876,50463],[-29,333]],[[34847,50796],[1101,-384]],[[35948,50412],[-166,-571]],[[32100,6908],[312,-411]],[[32412,6497],[-266,-212],[17,-312]],[[32163,5973],[-693,199],[110,438],[-468,113],[121,249]],[[77299,92352],[375,90],[69,-308]],[[77790,91119],[-213,-33]],[[77577,91086],[-580,-67]],[[76997,91019],[176,1081],[126,252]],[[81071,91373],[-84,-568]],[[80987,90805],[-82,-656]],[[80905,90149],[-403,-30]],[[80502,90119],[53,598]],[[80555,90717],[143,781],[-130,394]],[[80568,91892],[336,-182],[167,-337]],[[77310,73556],[498,-41]],[[77808,73515],[-4,-476]],[[77804,73039],[-503,182],[9,335]],[[74190,72129],[145,-130]],[[78961,87401],[-641,-165],[-147,-285]],[[77969,87009],[98,206],[-257,615]],[[77810,87830],[-11,221],[483,269]],[[78282,88320],[263,-332],[245,11],[171,-598]],[[34560,68376],[-1058,-144]],[[33502,68232],[-31,364]],[[33471,68596],[-24,363]],[[34576,68816],[-16,-440]],[[58517,36889],[351,460]],[[58868,37349],[471,-228]],[[59339,37121],[-356,-537]],[[58983,36584],[-230,83]],[[58753,36667],[-236,222]],[[39871,52808],[-194,124],[63,852],[260,47]],[[41301,53601],[-35,-265]],[[41117,51609],[-608,208],[-126,-131]],[[40383,51686],[-19,347],[-644,-7],[-44,189]],[[39676,52215],[344,243],[-149,350]],[[38374,71109],[-155,463],[-229,3]],[[37990,71575],[301,736]],[[38898,72422],[-227,-751],[-49,-578],[-248,16]],[[72828,64762],[-176,-410]],[[71677,64396],[31,922]],[[71708,65318],[743,-175],[377,-381]],[[70243,54131],[-1177,175]],[[69179,55156],[275,961],[88,749]],[[69542,56866],[180,430]],[[70584,55983],[-58,-986]],[[69014,69167],[-179,-977]],[[68835,68190],[-277,-140]],[[68558,68050],[-519,157]],[[68039,68207],[-990,59]],[[67049,68266],[-29,730]],[[67020,68996],[151,273]],[[67849,69585],[1165,-418]],[[64446,57171],[454,-139],[603,91]],[[65503,57123],[-203,-845],[-393,68]],[[64907,56346],[-688,110]],[[75031,52785],[-633,305]],[[74398,53090],[262,638]],[[74660,53728],[624,-400],[-253,-543]],[[38562,80668],[521,-5],[214,-178]],[[39291,80113],[-182,-371],[-550,193]],[[38559,79935],[3,733]],[[69291,93781],[434,125]],[[69725,93906],[707,-460]],[[70432,93446],[-100,-896]],[[70332,92550],[-475,333],[-505,-37]],[[33471,68596],[-421,197],[-872,-50]],[[32178,68743],[-259,424],[-80,533]],[[31839,69700],[970,-206]],[[36074,56073],[-18,-241],[537,-38]],[[36593,55794],[-186,-79],[-25,-693]],[[36382,55022],[-821,-147]],[[35561,54875],[-522,-150]],[[34634,56062],[97,488],[497,487]],[[35228,57037],[175,-810],[377,-329],[294,175]],[[76811,59456],[302,831]],[[77113,60287],[862,-257]],[[32485,52291],[1017,-154]],[[33502,52137],[-1,-228]],[[33501,51909],[-94,-234]],[[33407,51675],[-514,92],[-1067,3]],[[31826,51770],[-392,142],[114,420],[778,-138],[159,97]],[[74542,69302],[-172,-392],[-752,284]],[[74434,70654],[-5,-551],[478,-11]],[[42939,51019],[147,-121],[318,406]],[[43404,51304],[-393,-2099]],[[43011,49205],[-309,80]],[[42702,49285],[183,690],[54,1044]],[[30266,42087],[438,570]],[[30704,42657],[237,-14]],[[30941,42643],[-55,-967]],[[30886,41676],[-210,6],[-139,-522]],[[30537,41160],[-231,275],[-507,-83]],[[29799,41352],[519,627],[-52,108]],[[86941,79609],[942,-150]],[[87883,79459],[231,-671],[300,-15]],[[88414,78773],[-352,-345]],[[87860,78301],[-700,504],[-400,-31]],[[86708,79134],[233,475]],[[77908,56268],[-40,-688]],[[77868,55580],[-79,-547]],[[77789,55033],[-68,-609]],[[77721,54424],[-640,242]],[[76985,55160],[-274,443],[216,731]],[[76927,56334],[981,-66]],[[49253,65421],[-1,185]],[[49252,65606],[76,391],[395,80]],[[49723,66077],[615,-367],[271,15],[188,-298]],[[50797,65427],[-364,-362],[-696,315],[-484,41]],[[35837,60648],[-584,-57],[-385,246]],[[34868,60837],[-47,319],[241,202]],[[35062,61358],[731,194]],[[35793,61552],[172,-188],[-128,-716]],[[61966,94133],[670,-100]],[[62636,94033],[9,-342],[410,-657]],[[62553,92131],[-356,262],[12,219],[-520,-24]],[[81294,69133],[115,547]],[[82771,69455],[218,-231],[-183,-513]],[[82806,68711],[-807,279],[-705,143]],[[37491,83437],[385,91],[463,448]],[[38339,83976],[289,24]],[[38628,84000],[745,-290]],[[39373,83710],[135,-350]],[[39508,83360],[-25,-290]],[[39483,83070],[-702,-101],[-177,-958]],[[38169,82051],[-611,92]],[[37558,82143],[-84,432]],[[37474,82575],[17,862]],[[55817,28827],[1022,-60],[816,-809],[1037,-507]],[[58692,27451],[-520,-873]],[[58172,26578],[-1909,1144],[-1175,357],[-455,-73],[-1298,326],[-497,-15]],[[52838,28317],[175,779]],[[53013,29096],[1821,-451],[983,182]],[[52188,84536],[-217,-709]],[[51971,83827],[-476,160],[-75,-570]],[[51022,83432],[-184,319],[-136,1429]],[[50702,85180],[530,885]],[[72940,60020],[-270,-192]],[[71527,60193],[200,492],[768,135],[205,277]],[[72700,61097],[128,-205],[112,-872]],[[59543,80537],[328,-5]],[[59871,80532],[522,-187]],[[61797,79236],[-25,-245]],[[61772,78991],[101,-464],[206,-51]],[[62079,78476],[334,-148]],[[62413,78328],[-213,-816]],[[60866,77611],[-726,145]],[[60140,77756],[147,596],[-881,88],[155,431],[-55,809]],[[59506,79680],[37,857]],[[81597,62210],[190,299]],[[81787,62509],[480,892]],[[82267,63401],[962,-257]],[[82125,61951],[-307,47]],[[81818,61998],[-221,212]],[[47329,54586],[-229,58],[151,720]],[[47251,55364],[272,416]],[[47523,55780],[443,-116]],[[47966,55664],[-389,-952],[-248,-126]],[[70332,92550],[-29,-373]],[[69795,91931],[-22,337],[-606,101]],[[69167,92369],[-14,197]],[[31401,50048],[843,-227],[55,692]],[[32299,50513],[483,-82]],[[32782,50431],[-379,-1314]],[[32403,49117],[-105,-46]],[[32298,49071],[-264,166],[-362,-175]],[[69423,95529],[150,-701]],[[69573,94828],[3,-124]],[[69576,94704],[-265,-57]],[[68324,95540],[1099,-11]],[[36112,68840],[-106,45]],[[36006,68885],[120,643]],[[36126,69528],[1306,-139]],[[37432,69389],[-71,-510]],[[37361,68879],[-1249,-39]],[[56746,37911],[473,-370],[669,-271],[-99,-288]],[[56062,36219],[-26,456]],[[56036,36675],[430,838],[-52,317]],[[62838,51230],[199,-134],[973,-240]],[[64010,50856],[-482,-620]],[[63528,50236],[-1021,504]],[[62507,50740],[139,-45],[192,535]],[[67091,61370],[-732,247],[-737,33],[-233,-186]],[[65389,61464],[-229,98]],[[65160,61562],[215,405]],[[65375,61967],[1190,-182],[608,-164]],[[66681,97397],[-254,-1296]],[[66427,96101],[-194,-441]],[[64782,98049],[515,-80]],[[31860,29370],[195,-564],[545,-588],[316,-668],[631,505],[179,505]],[[33726,28560],[374,387],[351,-239],[222,138],[329,-187],[490,-4],[299,-228],[536,-3]],[[36327,28424],[405,2],[399,-540]],[[33715,18032],[-469,-210],[-738,-90],[-430,136],[-316,-224],[-568,-106],[-228,-339]],[[30966,17199],[-909,-421],[-344,-393],[-1255,-113],[-779,-288],[-261,13],[-820,428],[-628,484],[-1333,1185],[-307,-169]],[[24330,17925],[-242,506],[536,594],[383,775],[102,505],[376,412],[18,409],[670,737],[66,377],[483,641],[74,622],[488,-329],[51,655],[-162,682],[426,716],[210,780],[564,513],[982,39],[66,1611],[-407,223],[-167,763],[190,388],[396,60],[375,-202]],[[50960,32841],[401,-41],[1,-1257],[725,-67],[2462,-64],[319,166],[694,19]],[[55562,31597],[553,-191],[747,110]],[[56862,31516],[-121,-278]],[[56614,30954],[-101,-306]],[[56513,30648],[-710,117],[-228,-396],[-1610,330],[-292,-226],[-1268,273],[-35,-793]],[[52370,29953],[-2938,-209],[-1764,-94],[-1111,-160],[-1181,-85]],[[45822,30172],[1042,532],[601,435],[1035,605],[663,287],[429,382],[430,943]],[[50022,33356],[202,-425],[736,-90]],[[29290,45964],[-171,-591]],[[29119,45373],[-1406,-113]],[[27713,45260],[-110,743]],[[78867,68150],[315,-107]],[[79182,68043],[-168,-1205]],[[79014,66838],[-515,70]],[[78499,66908],[-352,536]],[[78147,67444],[64,515]],[[78211,67959],[52,156],[604,35]],[[27175,40457],[881,-35]],[[28056,40422],[-426,-599],[-222,-60],[440,-568],[-104,-1072],[258,-232]],[[27404,37681],[86,511],[-384,39],[-479,381],[-506,-119]],[[66962,47590],[-243,-910]],[[66719,46680],[-513,4]],[[66206,46684],[-306,-111],[-1571,322],[-392,156]],[[63937,47051],[187,570]],[[64124,47621],[186,656]],[[64310,48277],[225,-354],[645,-163],[290,96],[1492,-266]],[[86294,67150],[286,557]],[[86580,67707],[711,-336]],[[87291,67371],[98,-343]],[[87389,67028],[-319,-676]],[[87070,66352],[-159,38]],[[86911,66390],[-148,504],[-469,256]],[[61471,96647],[-592,115],[-356,-153]],[[60523,96609],[-17,1680]],[[60506,98289],[461,25]],[[61477,98267],[240,-171],[-126,-576]],[[61591,97520],[-120,-873]],[[51517,81503],[126,-1829]],[[51643,79674],[-182,-174],[-455,21]],[[51006,79521],[-536,0]],[[50470,79521],[168,915],[-289,225]],[[50349,80661],[569,-32],[32,773]],[[50950,81402],[40,109]],[[50990,81511],[527,-8]],[[78240,80119],[156,607]],[[78971,79593],[-731,526]],[[47488,68323],[176,305]],[[47664,68628],[414,17]],[[48078,68645],[-59,-479],[-471,-31]],[[47548,68135],[-60,188]],[[62947,94008],[97,747]],[[63044,94755],[566,11]],[[63706,93914],[-759,94]],[[69806,98238],[-252,-277],[-518,127]],[[68638,98220],[-208,484],[247,469]],[[68677,99173],[237,-118],[337,257]],[[43048,85524],[-56,-263]],[[42992,85261],[-930,186]],[[42062,85447],[70,512]],[[42132,85959],[-16,102]],[[42116,86061],[167,304],[-84,351]],[[42199,86716],[642,-606]],[[42841,86110],[207,-586]],[[49443,79825],[1027,-304]],[[50470,79521],[-530,-232],[-241,-357]],[[49699,78932],[-768,42]],[[49119,79898],[324,-73]],[[52109,61301],[-235,-851]],[[51874,60450],[-243,-9]],[[51631,60441],[-705,-103]],[[50926,60338],[-822,-137]],[[50104,60201],[2,537],[360,137],[-52,505]],[[50414,61380],[535,104]],[[42067,44513],[428,55]],[[42495,44568],[266,-317]],[[42761,44251],[31,-796]],[[42792,43455],[98,-791],[232,-558]],[[43122,42106],[128,-555]],[[43250,41551],[-415,-22]],[[42835,41529],[-278,662]],[[98888,73073],[-1161,785]],[[97727,73858],[-881,524]],[[96846,74382],[73,480],[-344,318],[-235,-106],[-255,363]],[[96085,75437],[-705,247],[-313,282],[-340,-218]],[[94727,75748],[-904,117],[-649,187]],[[93326,76748],[293,98],[366,819]],[[93985,77665],[651,-125],[283,290]],[[96087,78579],[359,-406],[425,-145],[223,-375],[715,-580],[2190,-1629],[-746,-1459],[-365,-912]],[[43385,9555],[512,-24]],[[44317,9477],[426,-28]],[[44743,9449],[-30,-534],[284,-394],[767,-544],[1457,-784]],[[47221,7193],[-1125,-1006],[-420,-683]],[[42029,8223],[171,181]],[[42200,8404],[463,-139],[270,200],[-231,295],[-523,219],[-149,609],[-902,492],[-448,417]],[[40680,10497],[974,-1],[723,321]],[[45025,47184],[-319,-187]],[[44706,46997],[95,796],[263,676],[296,-161]],[[48060,83110],[467,1444]],[[48527,84554],[314,-51],[452,677]],[[49293,85180],[324,25]],[[49617,85205],[205,-32]],[[49822,85173],[-438,-735],[62,-358],[-182,-829],[89,-428]],[[62472,87268],[-68,-730]],[[62404,86538],[-114,-171]],[[62290,86367],[-558,99]],[[61732,86466],[94,896]],[[61826,87362],[646,-94]],[[45456,41574],[-249,-864]],[[45207,40710],[-146,65]],[[45061,40775],[-336,130]],[[44725,40905],[-202,544]],[[44523,41449],[78,127]],[[44601,41576],[505,33]],[[45106,41609],[350,-35]],[[45741,44173],[230,-60]],[[45971,44113],[797,-192],[135,203]],[[46903,44124],[135,-36]],[[47038,44088],[-98,-568],[18,-1030]],[[46958,42490],[66,-519]],[[47024,41971],[-601,-28],[-124,-370]],[[46299,41573],[-843,1]],[[45456,41574],[88,318],[-43,900]],[[45501,42792],[-224,669],[30,719]],[[45307,44180],[434,-7]],[[75554,54783],[585,-202]],[[77721,54424],[827,-650],[813,-513],[400,-351]],[[79761,52910],[-500,-963],[-980,-1294]],[[75574,52366],[-543,419]],[[74660,53728],[248,1019]],[[75049,55028],[191,27]],[[43343,39581],[482,-65]],[[43825,39516],[157,-594],[406,-12]],[[44388,38910],[146,3]],[[44534,38913],[251,-97],[216,285]],[[45001,39101],[283,-148]],[[45284,38953],[-199,-270],[-388,-55],[30,-1062],[-133,-755]],[[44594,36811],[-436,-943],[1237,-1326],[138,-689],[317,-506],[-417,-1166]],[[43825,32349],[-317,1364],[-19,1013],[197,354],[-437,721],[23,471],[-411,638]],[[42861,36910],[417,575],[-23,386],[-526,306],[64,225],[-313,937]],[[42480,39339],[120,289]],[[42600,39628],[743,-47]],[[63003,41418],[-366,112]],[[62637,41530],[312,168],[54,-280]],[[61336,45831],[-306,-130],[-2,-343],[303,-341]],[[61331,45017],[-52,-353],[272,-392]],[[61551,44272],[-323,-230],[-905,-916]],[[60323,43126],[-484,-60],[-813,358],[-2386,1163]],[[56640,44587],[689,935],[1039,684],[653,634],[521,146]],[[59542,46986],[154,-182],[405,201]],[[60101,47005],[430,106],[558,340]],[[61089,47451],[-11,-1013],[258,-607]],[[88843,79142],[-103,302]],[[88740,79444],[-84,517]],[[88656,79961],[320,-19],[70,-737],[-203,-63]],[[75285,92021],[153,-702],[483,-236]],[[75921,91083],[328,-143],[253,-629]],[[76502,90311],[98,-693]],[[76600,89618],[-1751,274],[-35,-750]],[[73858,89092],[-112,674]],[[73746,89766],[180,1331],[-245,69]],[[72982,91229],[76,617]],[[34732,82028],[14,372]],[[34746,82400],[663,-61],[-67,-499],[-610,188]],[[50714,67727],[-114,-707]],[[50600,67020],[-5,-231]],[[50595,66789],[-372,134]],[[50223,66923],[84,848],[156,4]],[[50463,67775],[251,-48]],[[42347,80145],[269,-379],[319,-86]],[[42784,78698],[-374,-17],[-1481,188]],[[40929,78869],[87,1293]],[[49101,55934],[-58,-303]],[[49043,55631],[-1028,25]],[[48015,55656],[48,466],[-191,474]],[[47872,56596],[75,696]],[[47947,57292],[1020,-67]],[[48967,57225],[79,-384],[-141,-791],[196,-116]],[[34688,49693],[-233,-307],[-9,-382]],[[34446,49004],[-226,-159]],[[33415,48797],[14,197]],[[33429,48994],[438,365],[821,334]],[[63003,41418],[619,-328]],[[63622,41090],[181,-284],[-203,-422]],[[63600,40384],[-486,-382]],[[63114,40002],[-508,551],[-329,572],[176,477]],[[62453,41602],[184,-72]],[[70924,46473],[484,-88],[1986,-1625]],[[73394,44760],[-1115,-1539],[-503,-868],[-326,-396]],[[71450,41957],[-1754,1446],[-1617,798]],[[68481,45148],[483,100],[398,1185]],[[69362,46433],[728,-50],[128,521]],[[70218,46904],[398,-369],[308,-62]],[[75335,47040],[-1941,-2280]],[[70924,46473],[275,593],[-17,581]],[[71182,47647],[1088,-82],[231,409]],[[73154,48402],[1070,-577],[1111,-785]],[[75508,78913],[295,350]],[[75803,79263],[457,91]],[[76260,79354],[-56,-390]],[[76204,78964],[60,-257]],[[76264,78707],[-283,-604]],[[75981,78103],[-706,-46]],[[75275,78057],[170,280],[63,576]],[[76260,79354],[258,371]],[[76518,79725],[283,-38]],[[76801,79687],[-32,-594],[-565,-129]],[[49040,65004],[213,417]],[[50797,65427],[200,331]],[[50997,65758],[135,-18]],[[51132,65740],[-73,-483],[-359,-588]],[[50700,64669],[-450,67],[-235,-306],[-327,-910]],[[49688,63520],[-427,551]],[[71768,93327],[248,-490],[-5,-436]],[[72011,92401],[-99,-341],[-413,-19]],[[70432,93446],[594,267],[155,231]],[[71181,93944],[560,-255]],[[88273,68559],[-65,-245]],[[88208,68314],[-485,80],[-432,-1023]],[[86580,67707],[339,312],[499,716]],[[87418,68735],[369,499],[-48,263],[-486,143],[204,676]],[[87739,70992],[239,295],[-624,178]],[[87354,71465],[-218,218],[112,441]],[[87248,72124],[465,-3]],[[87713,72121],[787,-194],[722,-310],[584,335],[651,-152]],[[90457,71800],[-235,-295],[-197,-774],[471,-172]],[[90496,70559],[-354,-843],[161,-254]],[[90303,69462],[-49,-142]],[[90254,69320],[-772,330],[-582,-95],[-524,-575],[-435,29],[-96,-369],[428,-81]],[[87241,71200],[113,265]],[[64891,71506],[36,-352],[-276,-286],[-965,-47]],[[63686,70821],[-275,426]],[[63411,71247],[-91,641],[220,313]],[[63540,72201],[553,46],[582,-160],[204,-331]],[[81624,92657],[314,-180],[874,72],[938,-252],[93,240]],[[83843,92537],[695,-299]],[[84538,92238],[159,-436]],[[84697,91802],[-416,-1466],[-177,-366]],[[84104,89970],[-231,-186]],[[83873,89784],[-1830,362],[-214,86]],[[81829,90232],[92,1137],[-850,4]],[[80568,91892],[258,828]],[[67522,51882],[-161,-788]],[[67361,51094],[-592,-317],[-587,-128]],[[66182,50649],[-318,5]],[[65864,50654],[-104,234],[-1009,62],[-413,287]],[[64338,51237],[685,192],[362,635]],[[65385,52064],[689,310],[683,-55],[244,-267],[521,-170]],[[37270,12831],[-562,-513],[98,-899]],[[36806,11419],[-184,54],[-140,-573],[-68,-1097],[-442,-1474],[-4,-959]],[[35880,7045],[-286,-7],[-30,492]],[[35564,7530],[16,552],[245,127],[-26,652],[-275,1461],[127,698],[213,436],[-118,1033]],[[35746,12489],[329,420],[737,592],[123,-406],[335,-264]],[[35266,45162],[176,-98],[492,180]],[[37132,44704],[11,-689]],[[37143,44015],[-600,101],[-328,-1091]],[[36215,43025],[-788,273]],[[35427,43298],[-549,266]],[[34878,43564],[-320,369]],[[34558,43933],[135,522]],[[34693,44455],[573,707]],[[34208,52721],[539,-51]],[[34747,52670],[271,-495]],[[35018,52175],[-176,-570]],[[34842,51605],[-684,-75]],[[34158,51530],[50,1191]],[[76398,92968],[-445,195]],[[75953,93163],[81,1687]],[[76772,94546],[346,0]],[[77118,94546],[142,-98],[-316,-594],[-131,-728]],[[76813,93126],[-415,-158]],[[49065,87706],[-56,-221]],[[49009,87485],[-82,-90],[-381,-2118]],[[48546,85277],[-201,-252],[-373,108]],[[47972,85133],[169,521],[-650,201]],[[47310,85903],[70,463]],[[47380,86366],[63,288]],[[79733,84750],[-18,790]],[[79715,85540],[200,491]],[[79915,86031],[157,-47]],[[80072,85984],[586,-172]],[[80658,85812],[80,-812],[155,-17]],[[47501,88078],[-412,750]],[[47089,88828],[-223,852]],[[46866,89680],[242,161],[593,-110],[821,-458]],[[82577,65227],[31,-332],[-166,-795]],[[82442,64100],[-1086,206],[-105,93]],[[81407,66294],[346,-2]],[[81753,66292],[259,-50]],[[82012,66242],[34,-712],[161,61],[370,-364]],[[84464,66202],[534,-282],[44,-478]],[[84502,65605],[-286,219]],[[84216,65824],[59,163]],[[50862,59315],[-448,-38],[-310,924]],[[50926,60338],[-64,-1023]],[[35564,7530],[-236,50]],[[35328,7580],[-212,174]],[[34876,11895],[870,594]],[[44572,42171],[29,-595]],[[44523,41449],[-215,274],[29,460]],[[46478,87812],[184,395],[23,588],[404,33]],[[47398,87071],[-724,119]],[[46674,87190],[-261,47]],[[46413,87237],[65,575]],[[84239,78047],[130,-54]],[[84369,77993],[-209,-588]],[[84160,77405],[-498,-141]],[[83662,77264],[-744,80],[40,148]],[[82958,77492],[246,451]],[[83204,77943],[95,150],[940,-46]],[[40120,75998],[-446,-235],[-1099,221],[-144,-362],[40,-1037]],[[38320,74634],[-209,66]],[[38111,74700],[-580,356],[-542,-448]],[[36989,74608],[1,401],[403,375],[61,408],[-314,398],[38,234]],[[37429,76832],[411,-93],[1502,118],[480,128]],[[39822,76985],[117,-433],[224,-122],[-43,-432]],[[76306,81818],[-1184,188]],[[75122,82006],[-48,631]],[[75074,82637],[46,216],[567,-63],[136,496],[276,242],[805,-122]],[[76904,83406],[180,-599],[620,-697],[202,24]],[[78044,81401],[-334,11],[-602,576],[-671,150],[-131,-320]],[[68971,71035],[106,548],[467,-38]],[[69544,71545],[42,-594]],[[69586,70951],[-615,84]],[[80555,90717],[-320,170],[-306,-98],[-814,121]],[[79115,90910],[65,580],[-256,916]],[[78924,92406],[118,36]],[[79042,92442],[489,-307],[396,-16],[641,-227]],[[44137,66068],[489,48]],[[44626,66116],[473,-97]],[[45099,66019],[88,-403]],[[45187,65616],[-212,-557]],[[91884,71491],[-97,-600],[196,-239]],[[91983,70652],[-664,-54],[-580,116],[-243,-155]],[[90457,71800],[248,-2]],[[59542,46986],[-621,410],[-36,523],[1069,-31]],[[59954,47888],[301,-479],[-154,-404]],[[62243,79481],[-111,-498]],[[62132,78983],[-360,8]],[[62340,79857],[-97,-376]],[[46087,80614],[-56,-262]],[[46031,80352],[-392,-16]],[[44727,80279],[92,870]],[[44819,81149],[535,-49],[727,-259],[6,-227]],[[65913,87682],[-4,454]],[[65909,88136],[796,-34]],[[51874,60450],[205,-193]],[[52077,60099],[-50,-549]],[[52027,59550],[-424,241]],[[51603,59791],[28,650]],[[75273,51752],[-641,185]],[[74632,51937],[-904,426]],[[73728,52363],[-170,23]],[[73303,52560],[276,654]],[[73885,53230],[513,-140]],[[52657,66393],[-312,-62]],[[52345,66331],[-337,-57],[-642,160]],[[51366,66434],[90,419]],[[51456,66853],[170,539]],[[52577,67263],[158,-405],[-78,-465]],[[58429,36264],[324,403]],[[58983,36584],[265,-249],[-215,-298],[-483,-116]],[[58550,35921],[-121,343]],[[40693,87357],[-136,-744],[29,-642]],[[40586,85971],[-513,136]],[[40073,86107],[122,476],[-277,344],[224,530],[551,-100]],[[35498,62439],[-181,273]],[[35317,62712],[254,155],[1076,-262]],[[36621,62311],[-1123,128]],[[63339,73741],[-678,103]],[[62661,73844],[-210,149]],[[62451,73993],[267,583],[145,645]],[[62863,75221],[732,-144],[-256,-1336]],[[57915,96765],[-335,-715],[-361,-12]],[[57219,96038],[-443,219]],[[56776,96257],[251,201],[449,750]],[[57476,97208],[439,-443]],[[63500,91260],[136,-343],[236,46]],[[63872,90963],[156,-171],[-74,-676],[193,-80]],[[64147,90036],[-443,-1142]],[[63704,88894],[-393,71]],[[63311,88965],[-84,268],[-977,420]],[[62048,91177],[302,-3],[180,364]],[[71147,96185],[-808,330]],[[70291,97555],[354,24],[969,-199]],[[71614,97380],[-318,-1006],[-149,-189]],[[70794,98168],[676,-106]],[[71470,98062],[393,-29]],[[71863,98033],[-249,-653]],[[70102,97523],[-296,715]],[[82550,72708],[-545,-73]],[[82005,72635],[-533,152],[-147,-122]],[[81325,72665],[757,1952],[27,374]],[[82109,74991],[246,42]],[[82355,75033],[-72,-916]],[[82283,74117],[-147,-116],[-186,-867],[561,-215],[39,-211]],[[38628,84000],[-72,444],[475,27]],[[39031,84471],[352,-456]],[[39383,84015],[-10,-305]],[[82242,83056],[585,-134],[-375,-733],[514,-253]],[[82966,81936],[-52,-372]],[[81821,80575],[-937,39],[-135,-800]],[[80749,79814],[-256,-141],[-548,253],[146,505],[-274,65]],[[80745,82824],[947,173],[39,191],[511,-132]],[[59794,68636],[237,-160],[-25,-608],[204,-237],[597,-166],[33,-354]],[[60840,67111],[-339,-873],[-192,-880]],[[60309,65358],[-703,101]],[[59606,65459],[-451,308],[-24,1234]],[[59131,67001],[210,488]],[[59341,67489],[334,513],[119,634]],[[31608,44127],[-95,-89]],[[31513,44038],[-824,-39]],[[30689,43999],[111,485],[-227,8]],[[30573,44492],[-9,437]],[[30564,44929],[361,33],[392,530]],[[31317,45492],[57,-6]],[[31374,45486],[960,-278]],[[32334,45208],[-180,-412],[-546,-669]],[[59628,88570],[-613,103]],[[59015,88673],[314,602]],[[78939,89486],[225,-178],[-308,-234]],[[78856,89074],[-199,-563],[-375,-191]],[[78282,88320],[-578,281]],[[77704,88601],[533,1253]],[[78237,89854],[702,-368]],[[80419,70374],[881,-421]],[[81294,69133],[-320,-500]],[[80046,70207],[373,167]],[[58194,53167],[151,-1],[117,668],[476,-93]],[[58938,53741],[749,-194]],[[59089,50683],[-290,1]],[[58018,52447],[176,720]],[[55632,83500],[-78,-271]],[[55554,83229],[-762,23]],[[55161,85210],[309,52]],[[55470,85262],[421,59]],[[55891,85321],[-52,-205]],[[55839,85116],[-207,-1616]],[[56604,24111],[-794,-1503]],[[55810,22608],[-1375,769],[-224,494]],[[54211,23871],[455,597],[412,152],[944,-438],[582,-71]],[[78682,61923],[-182,-522]],[[78500,61401],[-780,-22],[-312,108]],[[77979,63778],[32,183]],[[78011,63961],[579,-124],[77,-820],[200,-456]],[[68971,71035],[-489,51]],[[68482,71086],[36,1314]],[[69418,72404],[-66,-333],[269,-131],[-77,-395]],[[92960,78456],[842,-305]],[[93802,78151],[244,-135]],[[94035,77915],[-50,-250]],[[92771,77634],[189,822]],[[54929,53453],[-142,55]],[[54787,53508],[463,936],[733,-124]],[[55983,54320],[257,-215]],[[56000,53860],[-663,54],[-408,-461]],[[44613,74411],[71,-240]],[[44684,74171],[-307,22],[-76,-577]],[[44301,73616],[-547,18]],[[43754,73634],[-185,366]],[[43400,75021],[410,2]],[[43810,75023],[-48,-474],[851,-138]],[[78939,89486],[190,240]],[[79129,89726],[519,-75]],[[79648,89651],[-280,-599],[-512,22]],[[34688,49693],[123,216]],[[35782,49841],[-11,-114]],[[35771,49727],[-421,-1060]],[[35350,48667],[-904,337]],[[37490,84456],[499,37]],[[37989,84493],[350,-517]],[[37491,83437],[-700,291]],[[36791,83728],[61,637]],[[36852,84365],[638,91]],[[54230,37552],[626,-195],[891,-470],[88,-172]],[[55835,36715],[-403,-31],[-1129,353],[-152,-86],[-1847,15]],[[52304,36966],[-29,587]],[[38167,43975],[-278,-1014]],[[37889,42961],[-248,4]],[[37641,42965],[-401,124]],[[37240,43089],[-97,926]],[[37132,44704],[810,-378],[225,-351]],[[56305,80594],[-21,391],[225,749]],[[56509,81734],[306,-2]],[[56815,81732],[707,108]],[[57522,81840],[233,-365],[59,-874]],[[57814,80601],[-164,-193]],[[57650,80408],[-251,125],[-1094,61]],[[69289,47290],[740,-159],[189,-227]],[[69362,46433],[-214,429],[141,428]],[[64031,59755],[-215,-689]],[[63816,59066],[-643,229]],[[63173,59295],[-32,595]],[[63141,59890],[890,-135]],[[56335,52193],[-272,25],[-67,-800],[-391,-69]],[[55605,51349],[127,1060]],[[55732,52409],[260,292]],[[56382,52589],[-47,-396]],[[59137,87401],[-52,-525],[295,-205]],[[59380,86671],[-90,-574],[279,-27]],[[59431,85213],[-286,-1298]],[[59145,83915],[-411,138],[-314,-201]],[[58420,83852],[-593,40]],[[57827,83892],[-536,23]],[[57291,83915],[22,582],[-261,53],[126,684],[-243,82]],[[56935,85316],[-50,671]],[[56885,85987],[493,125],[91,605]],[[57469,86717],[814,-337],[75,543],[508,-22],[5,487]],[[58871,87388],[266,13]],[[73260,88028],[-191,-640]],[[73069,87388],[-160,-376]],[[72909,87012],[-871,272]],[[72038,87284],[-593,181]],[[71445,87465],[79,622],[-133,217],[314,307]],[[71705,88611],[848,-221],[275,243]],[[38898,42193],[-200,-284],[-141,-624]],[[38557,41285],[-435,-115]],[[38122,41170],[-4,755]],[[38118,41925],[-13,516]],[[38105,42441],[793,-248]],[[39995,58807],[313,1],[417,-421],[463,-20]],[[41188,58367],[-55,-338]],[[41133,58029],[-255,-151],[-569,-14],[-81,-171]],[[40228,57693],[-415,222],[-19,239]],[[29583,45130],[-198,-773]],[[29385,44357],[-556,-540]],[[28829,43817],[-368,148],[-1373,-222]],[[27088,43743],[338,679],[-180,253],[2,556],[465,29]],[[29119,45373],[464,-243]],[[75953,93163],[-257,-649],[-371,5]],[[69642,91292],[-837,300],[71,507],[291,270]],[[48975,62543],[394,-203],[20,-220]],[[49389,62120],[-229,-1137],[478,-163],[-25,-438]],[[49613,60382],[-618,203],[-736,6]],[[48259,60591],[-17,205]],[[48242,60796],[-80,392]],[[48162,61188],[-590,839]],[[47572,62027],[313,749],[1090,-233]],[[50820,54323],[-530,52],[23,-491]],[[49992,52703],[-397,109],[25,-291]],[[49620,52521],[-221,-60]],[[49399,52461],[-224,673],[-398,193],[-254,328],[94,807]],[[48617,54462],[236,-8]],[[48853,54454],[750,-218],[492,91],[183,507]],[[50278,54834],[483,-144],[59,-367]],[[86442,80281],[-232,-1068]],[[85928,79093],[-696,145]],[[85232,79238],[-309,115]],[[84923,79353],[207,803],[310,140],[291,778]],[[85731,81074],[730,-318],[-19,-475]],[[44534,38913],[113,528],[78,1464]],[[45061,40775],[29,-675],[-89,-999]],[[63507,43320],[-6,-195],[-450,-459]],[[63051,42666],[-380,112]],[[62671,42778],[271,958]],[[62942,43736],[565,-416]],[[48496,44920],[404,-17]],[[48819,44501],[-20,-335]],[[48799,44166],[-310,-9]],[[48489,44157],[7,763]],[[81319,70932],[-98,-181],[-557,52]],[[80664,70803],[80,216]],[[80907,71332],[395,-87],[17,-313]],[[60350,70865],[-155,55],[78,775]],[[60273,71695],[263,295],[905,-43]],[[61441,71947],[272,-747]],[[64442,41051],[-709,156],[-111,-117]],[[62453,41602],[-186,150]],[[62267,41752],[368,150],[209,306]],[[62844,42208],[1858,-942]],[[45520,82011],[436,53],[368,558]],[[46324,82622],[482,-291],[29,-392]],[[46835,81939],[-53,-129]],[[46782,81810],[-243,36]],[[46539,81846],[-349,157],[-670,8]],[[47207,78183],[-528,62]],[[46679,78245],[211,873]],[[39033,49346],[18,-433]],[[39051,48913],[-379,-59],[-334,-382]],[[38338,48472],[-549,144]],[[37789,48616],[-716,126]],[[37733,50166],[231,146],[732,-66]],[[30189,8719],[469,181]],[[30997,6986],[-434,-50]],[[64419,53510],[73,524]],[[65161,54563],[324,-165]],[[65485,54398],[-230,-1140]],[[76306,81818],[-64,-594],[-246,-205]],[[75059,81632],[63,374]],[[62594,96149],[-555,68]],[[62039,96217],[-221,86]],[[61818,96303],[-276,123]],[[61542,96426],[-71,221]],[[61591,97520],[981,-69]],[[66342,68255],[630,-204]],[[66972,68051],[-199,-769]],[[66773,67282],[-536,144],[-199,-167]],[[66038,67259],[-449,60]],[[65589,67319],[-25,92]],[[65564,67411],[145,703]],[[65709,68114],[35,156]],[[65744,68270],[598,-15]],[[41923,57938],[-790,91]],[[41188,58367],[60,303],[374,354]],[[41622,59024],[246,413]],[[41868,59437],[392,452]],[[42260,59889],[488,-154]],[[42748,59735],[-293,-1016]],[[80658,85812],[225,66],[447,-366]],[[56511,85359],[72,-492],[-206,-131],[-295,398],[-243,-18]],[[55891,85321],[18,204]],[[55909,85525],[236,-137]],[[56145,85388],[366,-29]],[[63806,43737],[-299,-417]],[[62942,43736],[-53,1307]],[[62889,45043],[760,74]],[[60969,53501],[345,-255]],[[61314,53246],[-160,-772]],[[81602,84132],[1005,-246]],[[82607,83886],[-365,-830]],[[80745,82824],[51,1120]],[[69524,63807],[831,-9]],[[70355,63798],[402,22]],[[70506,62368],[-341,211],[-391,-47]],[[69774,62532],[-37,372],[-258,218],[-506,53],[-218,-430]],[[68211,62867],[206,989]],[[49824,77784],[49,-674]],[[49873,77110],[-24,-174]],[[49849,76936],[-812,525],[-403,-173]],[[48634,77288],[-252,73]],[[48402,78507],[239,-256],[439,-79],[506,-378],[238,-10]],[[46765,51118],[-46,-290]],[[46719,50828],[-252,53]],[[46467,50881],[-91,415]],[[46376,51296],[389,-178]],[[56246,73454],[-861,-189]],[[55385,73265],[-358,171],[105,656]],[[55132,74092],[214,59]],[[55346,74151],[688,-145],[212,-552]],[[62132,78983],[-53,-507]],[[55728,66825],[-378,38]],[[51603,59791],[-112,-309],[-629,-167]],[[61459,50459],[-413,-1414]],[[61046,49045],[-597,495],[-400,-111]],[[60049,49429],[154,975]],[[61425,50562],[34,-103]],[[77697,71233],[-207,530],[-295,101],[125,265]],[[77320,72129],[414,251]],[[77734,72380],[588,-147]],[[78893,72091],[96,-82]],[[78989,72009],[-263,-971]],[[85344,68321],[306,804]],[[85650,69125],[397,172],[554,-5]],[[86601,69292],[-31,-372],[848,-185]],[[86580,67707],[-1054,464]],[[85526,68171],[-182,150]],[[60049,49429],[-359,22],[-396,-324],[-260,211],[-640,109],[-225,-86]],[[40502,68799],[141,782]],[[41481,68613],[-537,106]],[[82531,88429],[-77,-539]],[[82454,87890],[-412,-370]],[[82042,87520],[-167,164],[252,1119]],[[82127,88803],[335,-18],[69,-356]],[[46669,80356],[33,276]],[[46702,80632],[313,434],[463,228]],[[47478,81294],[246,-603]],[[47724,80691],[-64,-262]],[[40228,57693],[26,-304]],[[38799,57686],[20,348]],[[38819,58034],[291,336]],[[65732,73469],[20,-300],[-290,-653]],[[65142,72617],[-18,689]],[[65124,73306],[332,314],[276,-151]],[[86340,71396],[315,521],[9,428]],[[86664,72345],[584,-221]],[[32343,53049],[588,-17],[607,-426]],[[33538,52606],[-36,-469]],[[32485,52291],[57,316],[-199,442]],[[60958,48907],[-347,-907]],[[60611,48000],[-945,66],[-1086,194],[-1085,732],[-394,-209]],[[57101,48783],[-101,146]],[[57000,48929],[167,329]],[[57167,49258],[-202,507]],[[61046,49045],[-88,-138]],[[80435,62635],[12,-95]],[[80447,62540],[-143,-541]],[[78867,62561],[504,285],[343,-145],[721,-66]],[[71905,57478],[871,-312]],[[72776,57166],[286,-433]],[[82428,71780],[-216,-621]],[[81475,70880],[-156,52]],[[80919,72033],[222,450]],[[81141,72483],[242,-204],[570,-82]],[[81953,72197],[475,-417]],[[41578,42100],[-423,5]],[[64803,55580],[104,766]],[[65503,57123],[499,143]],[[66002,57266],[-14,-257],[429,-109]],[[66258,55944],[-481,-220],[-78,-317]],[[65699,55407],[-238,29]],[[30372,45243],[-765,17],[-24,-130]],[[61622,66769],[306,-28]],[[61928,66741],[570,-136]],[[62498,66605],[-201,-618],[-13,-510]],[[62284,65477],[-438,-163],[-55,-219]],[[61791,65095],[-527,-19]],[[61264,65076],[198,648],[-27,549],[187,496]],[[38020,85274],[-31,-781]],[[37490,84456],[77,923]],[[37567,85379],[453,-105]],[[57915,96765],[280,-310],[278,-10]],[[58473,96445],[218,-388],[-31,-374]],[[58660,95683],[-357,-373],[-269,1]],[[58034,95311],[-715,78]],[[57319,95389],[-100,649]],[[71258,50046],[-84,-782],[-199,-831]],[[70975,48433],[-890,308],[-341,-26],[-183,-589],[-488,-159]],[[69073,47967],[-563,451]],[[68510,48418],[261,1295]],[[69782,50835],[577,-156],[131,-386],[768,-247]],[[42841,86110],[445,190]],[[43286,86300],[1007,-366]],[[44293,85934],[-412,-465],[-585,-102],[-248,157]],[[80995,93857],[-26,-467]],[[79042,92442],[-16,598],[113,853],[278,202]],[[79417,94095],[366,246],[1142,-168]],[[33277,67953],[225,279]],[[34560,68376],[79,-995]],[[34639,67381],[-264,-52]],[[34375,67329],[-413,-39],[-619,181],[-66,482]],[[38196,67583],[491,-188],[219,-296]],[[38906,67099],[-76,-574]],[[38830,66525],[-170,-164],[-134,-955]],[[38526,65406],[-433,8]],[[38093,65414],[-813,483]],[[37280,65897],[-80,399]],[[43754,73634],[-46,-153]],[[43708,73481],[-1093,10]],[[42615,73491],[155,725]],[[62938,79298],[-163,-930]],[[62775,78368],[-362,-40]],[[62243,79481],[695,-183]],[[71524,71316],[-799,464],[77,733]],[[70802,72513],[599,464],[237,-442]],[[47963,61063],[279,-267]],[[48259,60591],[36,-751]],[[48295,59840],[-737,166],[-26,-641]],[[47532,59365],[-765,135]],[[46767,59500],[112,788],[-91,260]],[[46788,60548],[98,486]],[[46886,61034],[478,192],[599,-163]],[[61614,59095],[-348,-414],[-129,-627]],[[61137,58054],[-258,-26],[-75,-368],[-457,-128]],[[60347,57532],[-573,94]],[[59774,57626],[145,671],[-24,678],[-228,355]],[[59667,59330],[327,154],[1620,-389]],[[65564,90387],[878,-52]],[[66484,90105],[-335,-904],[-224,-353]],[[65925,88848],[-618,113]],[[65307,88961],[170,1135]],[[65477,90096],[87,291]],[[44148,82298],[554,-249],[56,-181]],[[44758,81868],[61,-719]],[[43657,80516],[147,1097]],[[43804,81613],[344,685]],[[56087,78815],[-132,-603],[-879,155]],[[85519,74438],[-238,52]],[[85281,74490],[337,691]],[[85618,75181],[1048,-339]],[[86666,74842],[-86,-582]],[[86580,74260],[-362,160],[-699,18]],[[50146,42760],[-1069,-1784]],[[49077,40976],[-199,61]],[[48878,41037],[-321,477],[47,468],[565,671],[-381,649],[11,864]],[[90254,69320],[-443,-819]],[[89811,68501],[-906,294],[-632,-236]],[[50325,80961],[24,-300]],[[49443,79825],[144,183],[-48,951]],[[49539,80959],[786,2]],[[45847,51215],[-257,-155],[-391,122]],[[45199,51182],[-67,247],[-776,87],[-131,-277]],[[44225,51239],[-396,-141]],[[43829,51098],[-71,137]],[[43758,51235],[272,699],[45,765],[-108,38]],[[43967,52737],[340,198],[311,-157]],[[45896,52093],[507,-181],[-111,-563]],[[46292,51349],[-445,-134]],[[67049,68266],[-77,-215]],[[66342,68255],[70,778]],[[66412,69033],[608,-37]],[[48827,81742],[-33,-812]],[[48794,80930],[19,-308]],[[48813,80622],[-920,174],[-169,-105]],[[47478,81294],[135,569]],[[80435,62635],[272,214]],[[80707,62849],[1080,-340]],[[81597,62210],[-1150,330]],[[65662,45131],[152,670]],[[65814,45801],[304,-19]],[[66118,45782],[995,-189]],[[67065,45236],[-124,-347]],[[44894,67981],[-15,-437]],[[44879,67544],[-129,-1023]],[[44750,66521],[-124,-405]],[[43958,66300],[148,1803]],[[76374,59140],[-202,88],[-64,601]],[[76108,59829],[313,-37],[157,-298]],[[64446,88183],[-212,425],[-530,286]],[[64147,90036],[649,-63],[109,165]],[[64905,90138],[572,-42]],[[65307,88961],[-277,-24],[-584,-754]],[[76801,79687],[939,48]],[[77740,79735],[87,-249]],[[77827,79486],[-21,-105]],[[77806,79381],[-189,-796]],[[77617,78585],[-370,1]],[[77247,78586],[-983,121]],[[68039,68207],[-159,-266],[192,-557],[28,-847]],[[68100,66537],[-347,6],[-100,-301]],[[67653,66242],[-839,140]],[[66814,66382],[-41,900]],[[68100,66537],[350,-17]],[[68450,66520],[492,-106]],[[68942,66414],[15,-850]],[[67645,65865],[8,377]],[[34744,42747],[-2,-317]],[[34742,42430],[-368,318],[125,658]],[[34499,43406],[59,527]],[[34878,43564],[-134,-817]],[[55455,81723],[271,232]],[[55726,81955],[783,-221]],[[56305,80594],[-490,12],[0,-259],[-379,-363]],[[55144,79849],[311,1874]],[[61622,66769],[-782,342]],[[59794,68636],[215,106],[329,563],[25,434]],[[62308,69437],[-417,-1367],[146,-735],[-109,-594]],[[78379,76795],[-1582,269]],[[76797,77064],[244,1025],[206,497]],[[77617,78585],[435,-51],[906,-379]],[[78958,78155],[-54,-158]],[[78904,77997],[-525,-1202]],[[83172,93436],[671,-899]],[[81702,93366],[1132,-146],[-12,210]],[[44062,54432],[-75,-325],[-372,-4],[-365,-507]],[[43250,53596],[-645,46]],[[42605,53642],[-300,60]],[[42405,54617],[1657,-185]],[[52302,62564],[454,73],[88,-422]],[[52844,62215],[-55,-838],[-680,-76]],[[68346,49860],[-494,201],[-74,277],[-452,107]],[[67326,50445],[35,649]],[[67522,51882],[19,620]],[[68861,53368],[453,37],[-503,-301],[61,-414]],[[67694,84497],[-77,-595]],[[67617,83902],[-174,-3]],[[67443,83899],[-173,-5]],[[67270,83894],[-270,75],[97,695]],[[67097,84664],[597,-167]],[[41439,82548],[-181,88]],[[41258,82636],[308,218],[136,448]],[[41702,83302],[205,104]],[[41907,83406],[233,-145]],[[42140,83261],[-514,-803],[-187,90]],[[63020,59304],[-196,-1066],[32,-272]],[[62856,57966],[-554,121]],[[62088,58945],[120,404]],[[62208,59349],[812,-45]],[[84558,83442],[699,73]],[[85257,83515],[-152,-866]],[[85105,82649],[-567,21],[-508,-493]],[[84030,82177],[-534,167],[-530,-408]],[[83519,83949],[182,36],[429,-638],[428,95]],[[47890,59113],[-347,12],[-11,240]],[[48295,59840],[66,-713],[-471,-14]],[[79470,57988],[-43,-328]],[[79427,57660],[-425,-593],[-334,-142]],[[78668,56925],[-287,172]],[[78381,57097],[23,238],[-509,385]],[[78219,58321],[1251,-333]],[[45732,74685],[492,128]],[[46224,74813],[-40,-1145]],[[46184,73668],[-704,261]],[[45480,73929],[234,538]],[[45714,74467],[18,218]],[[52844,62215],[289,22]],[[53133,62237],[-30,-1264],[-281,-717]],[[55834,66764],[-331,-776],[-50,-1171]],[[55453,64817],[-475,41]],[[54978,64858],[176,1821]],[[78381,57097],[-676,235],[-631,18]],[[77074,57350],[43,210]],[[83986,94038],[-297,-5]],[[83689,94033],[-205,-20]],[[83414,94350],[-7,265],[543,-31],[36,-546]],[[37467,61225],[-787,-34]],[[36680,61191],[143,469]],[[33538,52606],[75,101]],[[33613,52707],[595,14]],[[34158,51530],[-175,6]],[[33983,51536],[-190,359],[-292,14]],[[82791,72657],[-241,51]],[[82283,74117],[1027,-687]],[[83310,73430],[-7,-331],[-512,-442]],[[84223,69359],[-28,258],[-1093,362]],[[83501,70631],[692,328]],[[84193,70959],[528,142]],[[85115,70633],[-55,-763]],[[85060,69870],[-528,-515],[-309,4]],[[38689,70225],[25,214]],[[38714,70439],[289,-23]],[[40390,68267],[-870,203],[-185,-238],[-223,-1105],[-206,-28]],[[38223,68029],[131,986],[207,569]],[[38561,69584],[128,641]],[[52808,39718],[-2,-24]],[[52304,36966],[179,-533],[-8,-484]],[[52083,34246],[-231,5],[-1830,-895]],[[44594,36811],[398,-273],[196,85],[1405,-552],[1107,543],[585,-115],[1069,3256]],[[49354,39755],[212,1040]],[[49566,40795],[1078,-317],[1190,-189],[974,-571]],[[66135,95287],[367,-195],[349,57],[199,-213]],[[67077,94489],[-413,-536]],[[66664,93953],[-306,7]],[[66358,93960],[-254,-54]],[[47428,51519],[-65,-336],[-558,86],[-40,-151]],[[46376,51296],[-84,53]],[[46414,52443],[1121,-453]],[[47535,51990],[-107,-471]],[[66814,66382],[-227,-699],[440,-389]],[[66934,64604],[-188,-50]],[[66746,64554],[-310,57]],[[66436,64611],[-782,308],[-175,-245]],[[65045,64795],[69,444],[308,587]],[[65422,65826],[419,63],[111,541]],[[65952,66430],[862,-48]],[[80223,89630],[-575,21]],[[79129,89726],[244,233],[-420,439]],[[78953,90398],[24,166]],[[78977,90564],[138,346]],[[80502,90119],[-279,-489]],[[41608,39814],[-360,761],[-144,48]],[[41169,41565],[-115,488]],[[41880,42093],[-52,-769],[307,-586]],[[42135,40738],[-373,-104],[-154,-820]],[[74823,88848],[781,-33]],[[75604,88815],[207,-469],[-94,-234]],[[80887,77407],[-120,-224]],[[80767,77183],[-637,-340]],[[79268,76943],[428,859]],[[79696,77802],[1191,-395]],[[57653,55638],[192,-72],[326,385],[313,-70]],[[58484,55881],[846,70]],[[59330,55951],[-331,-1249]],[[58999,54702],[-82,-435]],[[58917,54267],[-1119,188]],[[57798,54455],[-427,83]],[[57371,54538],[282,1100]],[[94707,75270],[20,478]],[[96085,75437],[-30,-209],[-1348,42]],[[67871,90101],[-382,98]],[[67489,90199],[-14,914],[465,-15],[80,470]],[[62942,43736],[-676,326],[-715,210]],[[61331,45017],[339,-58],[1219,84]],[[42575,10976],[705,747]],[[43280,11723],[635,-689]],[[22936,4829],[-201,880]],[[22735,5709],[-31,620],[562,28]],[[78500,61401],[29,-609]],[[78529,60792],[-132,-191],[74,-605]],[[77113,60287],[58,591]],[[74929,64565],[159,-37]],[[75088,64528],[-290,-1035]],[[74798,63493],[-1194,93]],[[73604,63586],[-192,725],[-282,219]],[[73130,64530],[136,127],[1213,30],[450,-122]],[[70015,77454],[-339,103]],[[69676,77557],[185,503],[600,-153],[188,356],[1085,-80]],[[71734,78183],[198,-862]],[[71932,77321],[-181,13]],[[71751,77334],[-1736,120]],[[34461,73830],[-102,-485]],[[34359,73345],[-1101,68]],[[33258,73413],[93,370]],[[33351,73783],[1110,47]],[[80634,97629],[694,-155],[-116,-932]],[[79459,60305],[-137,-257],[-286,58]],[[78529,60792],[543,49],[-3,-357],[390,-179]],[[38714,70439],[-329,181],[-11,489]],[[39133,72418],[250,-8]],[[38310,6719],[61,-313]],[[38371,6406],[-61,-411]],[[38310,5995],[-913,37]],[[37397,6032],[-575,283]],[[36845,6510],[523,-106],[225,342],[717,-27]],[[60049,83581],[-904,334]],[[71545,99050],[-75,-988]],[[70921,99103],[624,-53]],[[65802,85683],[-3,-879]],[[65799,84804],[-974,115]],[[64825,84919],[-21,230],[-506,144]],[[64298,85293],[-78,328],[101,673]],[[46372,69627],[50,-230],[-366,-90]],[[46056,69307],[-522,-188]],[[45063,69242],[-6,632]],[[45057,69874],[298,-223],[1017,-24]],[[45263,89592],[-27,-395]],[[45236,89197],[-1544,500]],[[43862,90836],[540,-70],[262,-495]],[[44362,63054],[-177,-300],[-317,10]],[[43549,62758],[172,83],[54,670]],[[43775,63511],[295,355]],[[44574,63725],[-212,-671]],[[42801,70184],[76,184],[1284,-106]],[[44161,70262],[-208,-631]],[[71470,66745],[90,624]],[[71560,67369],[435,65],[181,-649]],[[72176,66785],[-382,188],[-324,-228]],[[86727,75989],[14,188]],[[86741,76177],[751,1038]],[[87916,75597],[-1189,392]],[[43404,87456],[-117,-624]],[[43287,86832],[-282,94],[-819,-65]],[[42186,86861],[-708,444]],[[41478,87305],[142,284]],[[42150,87573],[617,71],[637,-188]],[[32919,7346],[70,-574],[313,-218]],[[33302,6554],[-21,-373]],[[33281,6181],[-869,316]],[[81508,93820],[194,-454]],[[61141,37928],[-382,348]],[[60759,38276],[381,922]],[[61140,39198],[938,-299]],[[62078,38899],[-221,-498]],[[34166,45909],[-110,111]],[[34056,46020],[174,237],[790,-80],[78,286]],[[35478,46264],[-212,-1102]],[[35266,45162],[-541,184]],[[34725,45346],[16,316],[-575,247]],[[46034,63049],[-21,-146]],[[46013,62903],[-554,-168],[-4,288],[-284,-312]],[[45171,62711],[-809,343]],[[44574,63725],[821,-154]],[[45395,63571],[639,-522]],[[40692,83618],[288,-77]],[[40980,83541],[722,-239]],[[41258,82636],[-666,-78]],[[40592,82558],[100,1060]],[[74062,87285],[-390,51]],[[73672,87336],[-25,665]],[[35989,84167],[-45,-415]],[[35944,83752],[-61,-201],[-702,70]],[[35297,84151],[437,-136],[255,152]],[[85806,91550],[-1027,205]],[[84779,91755],[-82,47]],[[84538,92238],[-167,198],[196,394]],[[84567,92830],[663,307]],[[85230,93137],[688,-128],[-112,-1459]],[[38973,61861],[-74,-511]],[[38899,61350],[-173,-18]],[[38726,61332],[-360,10]],[[79696,77802],[-792,195]],[[78958,78155],[355,121]],[[79313,78276],[945,-407],[107,-201],[588,-154]],[[80953,77514],[-66,-107]],[[57436,67214],[1113,-107]],[[58549,67107],[582,-106]],[[59606,65459],[-323,-1135],[267,-97]],[[59550,64227],[-1000,-33]],[[57377,64647],[303,281],[-168,444],[114,1736],[-190,106]],[[86458,73409],[1034,-113],[131,227]],[[87623,73523],[227,-171],[-137,-1231]],[[86664,72345],[-372,234]],[[54895,50509],[-30,936]],[[54865,51445],[301,-74]],[[55037,50350],[-142,159]],[[35870,78666],[-23,196]],[[35847,78862],[812,-332],[1005,156]],[[37664,78686],[-112,-495]],[[37552,78191],[-478,-155],[-498,137]],[[50209,87986],[-79,-719]],[[50130,87267],[-724,67],[-397,151]],[[49434,88550],[228,-387],[178,97],[369,-274]],[[43155,82518],[516,344],[477,-564]],[[43804,81613],[-664,70],[15,835]],[[58810,79366],[40,-368],[-180,-490]],[[58670,78508],[-278,262]],[[58392,78770],[162,654]],[[58554,79424],[256,-58]],[[33087,47067],[-471,46]],[[32616,47113],[75,526],[-1086,268]],[[30616,48193],[215,657]],[[32298,49071],[369,-489],[600,-213]],[[33655,47962],[-129,-391],[-439,-504]],[[48950,79946],[-137,676]],[[48794,80930],[745,29]],[[80320,89150],[-97,480]],[[80905,90149],[-16,-382]],[[80889,89767],[-105,-816]],[[85562,89479],[218,-465]],[[85780,89014],[-267,-473],[-338,379]],[[85175,88920],[255,614]],[[85430,89534],[132,-55]],[[41907,83406],[407,826]],[[42314,84232],[130,-283],[372,-29],[217,368]],[[43033,84288],[90,-207],[-269,-632]],[[42854,83449],[-714,-188]],[[63114,40002],[-518,-594]],[[62596,39408],[-518,-509]],[[61140,39198],[-647,366]],[[60493,39564],[127,324]],[[60620,39888],[299,816],[-3,400]],[[60916,41104],[95,216],[352,-175],[267,299],[-90,422]],[[61540,41866],[727,-114]],[[76084,47958],[-749,-918]],[[96846,74382],[-152,-458],[-652,321],[-1430,211]],[[94612,74456],[100,252],[637,-24],[29,-146],[567,-84],[263,133],[638,-205]],[[45033,58075],[64,596]],[[45842,58452],[-15,-377],[-407,146],[-157,-240]],[[49323,75577],[-154,-10]],[[49169,75567],[-369,97],[-278,294]],[[48522,75958],[-396,133]],[[48126,76091],[183,656],[280,-56],[45,597]],[[49849,76936],[110,-710]],[[76871,87174],[232,326],[707,330]],[[63747,57698],[199,317],[142,773]],[[64088,58788],[563,-215]],[[64651,58573],[-265,-661]],[[47919,84944],[-484,80]],[[47972,85133],[-53,-189]],[[66861,37407],[-594,-653]],[[66267,36754],[-1646,1376],[-521,529],[-390,157]],[[63710,38816],[147,355],[421,426]],[[64278,39597],[239,-302],[2344,-1888]],[[82454,87890],[629,-184]],[[83083,87706],[-17,-702],[267,-17]],[[83333,86987],[-252,-573]],[[83081,86414],[-734,373],[-187,-236]],[[81946,86584],[114,735]],[[82060,87319],[-18,201]],[[83839,87522],[153,-195],[647,-165]],[[84639,87162],[-135,-1229]],[[84504,85933],[-1423,481]],[[83333,86987],[135,604]],[[83468,87591],[371,-69]],[[36422,76253],[-82,-775],[-146,-137]],[[36194,75341],[-421,173]],[[35773,75514],[-215,939]],[[36373,76667],[49,-414]],[[72027,82900],[-5,-745]],[[72022,82155],[-288,69]],[[71734,82224],[-313,32],[-106,-514]],[[70774,81762],[70,1195]],[[42557,49168],[14,706],[-127,1047],[313,234],[182,-136]],[[42702,49285],[-145,-117]],[[33488,74534],[-137,-751]],[[33351,73783],[-558,54],[-17,731],[712,-34]],[[69944,59470],[-1062,63]],[[69588,60541],[394,20]],[[77479,74339],[-210,-402],[41,-381]],[[77804,73039],[-70,-659]],[[77320,72129],[-776,227]],[[76544,72356],[-561,152]],[[75983,72508],[275,853],[-165,46]],[[75983,73648],[267,875]],[[76250,74523],[1007,-216],[222,32]],[[84981,66998],[-6,-509],[617,-158]],[[85592,66331],[122,-141]],[[84281,66401],[307,136],[124,417],[269,44]],[[58895,68804],[899,-168]],[[59341,67489],[-662,167]],[[58679,67656],[-5,624],[221,524]],[[11409,4198],[-148,-548],[33,-695],[-283,-709],[7,-679],[-125,-559]],[[10893,1008],[-786,61],[-1177,279],[-762,77],[-958,267]],[[7210,1692],[101,166],[107,1190],[12,993],[160,555]],[[7590,4596],[3819,-398]],[[70534,60278],[526,-97]],[[37789,48616],[117,-549]],[[48858,74027],[-30,-1199]],[[48828,72828],[-119,-160]],[[48709,72668],[-336,-8]],[[48373,72660],[64,945],[-266,61]],[[48287,74068],[571,-41]],[[61314,53246],[35,228],[407,-104]],[[61756,53370],[-200,-1070]],[[66358,93960],[-343,-1210],[-148,10]],[[40915,65773],[175,-17]],[[41090,65756],[-130,-859]],[[40960,64897],[-459,-122]],[[40501,64775],[-991,239]],[[39510,65014],[-20,386],[231,505]],[[39721,65905],[429,-4],[321,-207],[444,79]],[[62596,39408],[667,-393],[352,-336]],[[63615,38679],[-354,-578],[127,-160]],[[63388,37941],[-443,-487],[-574,380]],[[39058,7447],[-426,-248],[-493,-15]],[[38139,7184],[-424,22],[12,223]],[[37173,10193],[-72,1071]],[[37101,11264],[611,91],[575,315],[43,-245]],[[67133,55812],[528,-219]],[[67009,54603],[-741,146]],[[66268,54749],[-569,658]],[[41555,66466],[-356,12]],[[41199,66478],[-351,355]],[[40848,66833],[106,969]],[[40954,67802],[637,132]],[[41568,67656],[-13,-1190]],[[81619,76589],[165,-110]],[[81784,76479],[-194,-313],[-63,-540],[-281,-720]],[[81246,74906],[-352,-29],[-363,238],[-186,-334]],[[80345,74781],[-904,-38]],[[79441,74743],[-64,565]],[[79377,75308],[535,102],[311,352],[18,425],[-175,265]],[[80767,77183],[311,-71],[-45,-409],[354,-213],[232,99]],[[82208,77327],[-116,-468],[-308,-380]],[[81619,76589],[-174,522],[132,545]],[[81577,77656],[632,-85],[-1,-244]],[[81453,75013],[248,402],[672,-16],[-4,-133]],[[82369,75266],[-14,-233]],[[82109,74991],[-410,9]],[[81699,75000],[-246,13]],[[47380,86366],[-804,-12]],[[46576,86354],[98,836]],[[59550,64227],[865,-232]],[[60084,63377],[46,-465]],[[72634,84151],[-354,620]],[[72929,84783],[296,-81]],[[73225,84702],[-69,-605]],[[73156,84097],[-522,54]],[[58506,77026],[806,-139]],[[59312,76887],[-142,-633]],[[57626,75091],[164,968],[-240,0]],[[57550,76059],[35,365]],[[57585,76424],[76,251],[326,-12]],[[57987,76663],[519,363]],[[45207,40710],[422,-1209],[471,-537]],[[46100,38964],[-816,-11]],[[63749,81913],[61,468],[468,1392]],[[64278,83773],[354,15]],[[64632,83788],[218,-494],[361,-184],[552,62]],[[65763,83172],[-72,-333]],[[79578,87537],[27,-533]],[[79605,87004],[-57,-366],[227,-162],[-87,-323],[227,-122]],[[79715,85540],[-321,21],[-425,-622],[-74,-355]],[[78961,87401],[374,148]],[[57018,87438],[-183,427],[284,151],[-151,226]],[[56968,88242],[402,264],[39,275]],[[58514,88772],[17,-635],[-152,-616],[492,-133]],[[57469,86717],[-73,489],[-260,16]],[[57136,87222],[-118,216]],[[69423,95529],[-6,466]],[[71147,96185],[90,-219],[-148,-891],[238,-190]],[[71327,94885],[-526,-242]],[[70801,94643],[-1228,185]],[[85051,72024],[89,-327]],[[84193,70959],[53,570],[-639,191]],[[83607,71720],[326,611],[181,778]],[[84114,73109],[707,-299]],[[49742,10629],[-1644,533],[-1374,772],[-811,389],[-296,-266]],[[45617,12057],[-329,383]],[[45288,12440],[651,609]],[[45939,13049],[443,-318],[506,-167]],[[46888,12564],[-189,-98],[814,-389]],[[47513,12077],[764,-538],[1638,-484]],[[49915,11055],[-173,-426]],[[81999,88948],[-369,125],[90,668]],[[81720,89741],[109,491]],[[83873,89784],[-173,-870]],[[83700,88914],[-1507,241],[-194,-207]],[[68271,75241],[-164,-571],[-505,-25],[-45,-185]],[[67557,74460],[-211,359],[-360,189]],[[66986,75008],[74,453]],[[67060,75461],[1211,-220]],[[63528,50236],[-442,-664],[232,-382],[-264,-750]],[[63054,48440],[-879,139],[-156,140],[-1061,188]],[[61459,50459],[701,-106],[347,387]],[[64550,40249],[-272,-652]],[[63710,38816],[-95,-137]],[[63600,40384],[520,-450],[430,315]],[[48143,48189],[-463,282],[-628,-53]],[[47002,48936],[99,257],[1050,-36]],[[48151,49157],[56,-805]],[[7210,1692],[-1463,553],[-1582,194],[-1817,-30],[-610,116],[-1098,-13],[-457,700],[-183,877],[417,251],[525,67],[1586,616],[266,-632],[3658,193],[1138,12]],[[65839,36065],[-594,-763]],[[65245,35302],[-856,670],[-2151,1586]],[[63388,37941],[1423,-1051],[1028,-825]],[[32125,41489],[194,-60]],[[32319,41429],[-118,-693],[-198,-380]],[[32003,40356],[-792,-26]],[[31211,40330],[142,444]],[[31353,40774],[74,573]],[[36680,61191],[-156,-506]],[[36524,60685],[-687,-37]],[[35793,61552],[7,416]],[[35800,61968],[773,-11]],[[50455,42896],[375,436],[251,600],[891,903]],[[51972,44835],[536,612]],[[52508,45447],[239,-81],[-22,-1454],[273,34],[913,954],[377,55],[248,1103]],[[54536,46058],[74,-331],[-854,-2509],[-744,-548],[-142,-394]],[[52870,42276],[-1496,-37],[-628,-234],[-260,52],[-31,839]],[[38561,69584],[-1052,89]],[[37509,69673],[-184,625],[-190,160]],[[37135,70458],[74,275]],[[37209,70733],[664,-118],[816,-390]],[[57615,58476],[49,199]],[[58474,58776],[123,-439]],[[80998,96263],[-46,-487]],[[80952,95776],[-200,-262],[-1087,98]],[[79665,95612],[21,341]],[[79686,95953],[56,304]],[[59330,55951],[223,529]],[[59553,56480],[498,-131]],[[60437,56032],[-48,-1148]],[[60394,54587],[-961,-11],[-434,126]],[[59496,87999],[132,571]],[[59754,88556],[380,99],[495,-83]],[[60958,88483],[-101,-1067]],[[60857,87416],[-1187,120]],[[59670,87536],[-185,30]],[[59485,87566],[11,433]],[[38950,56013],[211,885]],[[40334,56468],[-1,-338],[-302,-266]],[[40031,55864],[-1081,149]],[[71276,76580],[-172,70],[-1124,-52]],[[69980,76598],[35,856]],[[71751,77334],[375,-230],[24,-506]],[[83681,63697],[450,948]],[[85155,63800],[-420,-441]],[[84544,63402],[-863,295]],[[73156,84097],[-305,-1186]],[[72851,82911],[-139,96],[50,540]],[[75508,78913],[-533,31]],[[74975,78944],[86,621]],[[75061,79565],[-21,231]],[[75291,79953],[613,-199],[-101,-491]],[[59610,28891],[-511,-796]],[[59099,28095],[-2758,2024]],[[56341,30119],[172,529]],[[38023,63356],[580,113]],[[38603,63469],[259,-125]],[[81587,78548],[-165,-638]],[[81422,77910],[-469,-396]],[[79313,78276],[260,470],[-166,307]],[[80749,79814],[682,-25],[74,-212]],[[72941,89057],[-20,567]],[[73403,89717],[343,49]],[[97727,73858],[-752,-1318]],[[96975,72540],[-1032,582],[-867,575],[-636,13]],[[94369,74445],[243,11]],[[98888,73073],[-755,-1305]],[[98133,71768],[-1158,772]],[[52370,29953],[-5,-271],[758,-72]],[[53123,29610],[-110,-514]],[[52838,28317],[-15,-104]],[[52823,28213],[-276,-1069]],[[52547,27144],[-122,-366]],[[51893,25295],[-600,-1045]],[[51293,24250],[-520,234],[-478,-301],[-26,-367],[301,-590],[321,-195],[565,-981]],[[51456,22050],[-333,-854]],[[50621,19984],[-232,-510]],[[50389,19474],[-377,-801]],[[50012,18673],[-160,21]],[[48174,18882],[123,924],[-203,528],[-297,0],[-660,-610],[2,-425],[-646,-406]],[[46493,18893],[-1058,792]],[[44426,20077],[420,2527],[337,817],[20,838],[267,168],[45,1128],[-300,910],[-617,571],[-2,653],[432,902],[102,604]],[[62220,61754],[234,-209]],[[62454,61545],[-228,-761],[64,-480],[-82,-955]],[[61875,58992],[-261,103]],[[59667,59330],[-535,101],[-592,395]],[[58540,59826],[600,1882]],[[60292,62029],[949,-131],[496,-158],[483,14]],[[42605,53642],[-35,-366]],[[84223,69359],[-107,-521]],[[84116,68838],[-387,-601]],[[82798,68368],[8,343]],[[76600,89618],[-15,-659]],[[76585,88959],[-71,-195],[-910,51]],[[47890,59113],[-231,-1378]],[[47659,57735],[-351,59],[-351,-191]],[[46957,57603],[-616,317]],[[46341,57920],[-8,486]],[[98133,71768],[-720,-1208],[-333,-719]],[[97080,69841],[-1051,673]],[[96029,70514],[946,2026]],[[74160,79422],[578,-42],[323,185]],[[74975,78944],[-129,-833]],[[74846,78111],[-853,-16]],[[44248,56780],[-403,186],[-412,-99]],[[43549,58397],[80,141]],[[43629,58538],[783,-276]],[[44412,58262],[164,-152]],[[68187,96347],[-353,104]],[[67834,96451],[-733,155]],[[67101,96606],[264,400],[457,163],[507,-174]],[[43371,43476],[90,-652]],[[43461,42824],[112,-723]],[[43573,42101],[-451,5]],[[42792,43455],[579,21]],[[84085,94011],[-108,-722]],[[83977,93289],[-330,231],[42,513]],[[83986,94038],[99,-27]],[[53679,17974],[-206,-479]],[[53473,17495],[-2060,756],[-928,129],[-473,293]],[[50389,19474],[895,-393],[732,-502],[1663,-605]],[[45114,62333],[327,-253]],[[45441,62080],[-145,-1207],[360,-200]],[[45656,60673],[-82,-160]],[[44964,60600],[-783,403]],[[44181,61003],[-61,247]],[[44120,61250],[128,226],[-96,634]],[[44152,62110],[44,237],[918,-14]],[[51930,72349],[669,-242],[548,-14],[308,-282]],[[53455,71811],[-4,-150]],[[53451,71661],[-735,17],[-1054,172]],[[51662,71850],[-99,515]],[[51563,72365],[367,-16]],[[37178,76424],[-756,-171]],[[36373,76667],[609,22]],[[69576,94704],[149,-798]],[[47755,43992],[120,204]],[[47875,44196],[614,-39]],[[48878,41037],[-817,463],[-37,381],[-259,230],[-31,387]],[[47734,42498],[94,1224],[-73,270]],[[45739,11376],[-1071,880]],[[44668,12256],[620,184]],[[45617,12057],[380,-315],[-258,-366]],[[63937,47051],[-117,-338]],[[63820,46713],[-460,266]],[[63360,46979],[157,220],[-1199,526],[-719,-1],[-411,-225]],[[61188,47499],[-99,-48]],[[59954,47888],[782,-107]],[[60736,47781],[271,-213],[294,913],[274,-7],[48,-334],[720,31],[1053,-135],[728,-415]],[[63054,48440],[1256,-163]],[[60736,47781],[-125,219]],[[37383,60012],[281,-51]],[[37912,59432],[-103,-108]],[[84116,68838],[451,-152]],[[84567,68686],[-282,-1027],[-469,-332]],[[57650,80408],[-132,-871],[-407,-1191],[372,-179]],[[57483,78167],[-52,-389]],[[57431,77778],[-899,-4],[-141,-250]],[[56391,77524],[-1115,339]],[[49324,50552],[-367,55],[-346,737]],[[48611,51344],[246,277]],[[48857,51621],[889,-13]],[[52203,51584],[10,-371]],[[52213,51213],[-225,79]],[[51230,52771],[705,-180]],[[32876,45437],[227,-25],[-86,-597]],[[33017,44815],[-218,-12]],[[32799,44803],[-127,401]],[[32672,45204],[204,233]],[[74798,63493],[214,-178],[36,-506]],[[74494,61530],[-367,336],[-921,463]],[[73206,62329],[-369,485],[237,337]],[[73074,63151],[530,435]],[[37664,78686],[181,573]],[[37845,79259],[245,609]],[[38090,79868],[469,67]],[[39950,79881],[-127,-453],[720,-487]],[[40543,78941],[25,-374]],[[40568,78567],[-327,-89],[-25,-291]],[[40216,78187],[-446,-5],[-86,-217]],[[39684,77965],[-2132,226]],[[45079,74378],[635,89]],[[45480,73929],[-267,-575]],[[45213,73354],[-481,8]],[[44732,73362],[-30,218]],[[44702,73580],[-18,591]],[[44613,74411],[466,-33]],[[82739,78164],[-176,-653]],[[82563,77511],[-355,-184]],[[81577,77656],[-155,254]],[[82261,78656],[352,-60],[126,-432]],[[55101,55771],[328,-46]],[[55429,55725],[549,-175]],[[55978,55550],[5,-1230]],[[54787,53508],[-129,10]],[[54658,53518],[57,586],[330,592],[-336,255]],[[35778,78549],[-387,123]],[[35391,78672],[-851,468]],[[34540,79140],[-34,679]],[[34506,79819],[27,224]],[[36039,79399],[-192,-537]],[[34202,7762],[431,49]],[[34633,7811],[-8,-736]],[[34625,7075],[-154,-827]],[[34471,6248],[-1190,-67]],[[33302,6554],[341,631],[335,119],[224,458]],[[68417,63856],[-430,-254],[-587,40],[-193,178]],[[67207,63820],[-1,631]],[[73074,63151],[-525,298]],[[72828,64762],[302,-232]],[[61892,88959],[460,-575],[605,-187]],[[62957,88197],[168,-631]],[[63125,87566],[-179,-323]],[[62946,87243],[-474,25]],[[61826,87362],[6,1144]],[[30905,50232],[78,521]],[[30983,50753],[1316,-240]],[[45847,47330],[15,-569],[-218,-1081]],[[45644,45680],[-454,218]],[[45190,45898],[83,817],[-85,459]],[[46038,47335],[215,-162],[-60,-743],[-263,-227],[-15,-454]],[[45915,45749],[-271,-69]],[[69398,79774],[189,-264],[-190,-1032],[-399,-36],[-559,-261]],[[68243,77809],[304,7]],[[68547,77816],[19,-396],[-341,-47]],[[68225,77373],[-296,74]],[[67929,77447],[-304,22]],[[67625,77469],[32,429]],[[67657,77898],[270,745],[132,1019],[-71,873]],[[46299,41573],[189,-379],[43,-671],[338,-940]],[[46869,39583],[344,-528],[-539,-162],[-10,-638],[-564,709]],[[52112,81414],[334,-20],[45,-301]],[[52491,81093],[37,-971],[-120,-394]],[[52408,79728],[-475,-64]],[[51933,79664],[-290,10]],[[51517,81503],[595,-89]],[[52831,80599],[-19,-567]],[[52812,80032],[-161,-336],[-243,32]],[[52491,81093],[379,-133],[-39,-361]],[[28391,42167],[27,-384],[-250,-44],[-131,-354],[-1149,160]],[[26866,41597],[-65,580],[497,91],[-6,215]],[[27292,42483],[702,151],[244,214]],[[28238,42848],[180,-2],[-27,-679]],[[41610,71661],[50,203]],[[41660,71864],[256,110]],[[42206,72189],[549,102],[117,-126],[713,-72],[634,210],[52,416]],[[44271,72719],[383,-10]],[[44654,72709],[443,-64]],[[45097,72645],[-6,-796],[487,-40]],[[45578,71809],[249,-648]],[[45827,71161],[-28,-189]],[[45799,70972],[-353,-180],[-5,-349],[-369,-174]],[[45072,70269],[-911,-7]],[[42574,70267],[-16,1450],[-948,-56]],[[63865,76046],[494,-108]],[[64359,75938],[1218,-438],[87,-406],[257,28]],[[65921,75122],[530,-109]],[[66451,75013],[263,-115]],[[66714,74898],[-341,-1204]],[[66373,73694],[-218,-210],[-423,-15]],[[65124,73306],[-1785,435]],[[62863,75221],[170,694]],[[63033,75915],[72,199]],[[47301,83270],[546,-90]],[[47613,81863],[-778,76]],[[46324,82622],[147,761]],[[46471,83383],[830,-113]],[[57199,25028],[-417,-605]],[[56782,24423],[-1732,706],[-612,-257],[-1369,164]],[[52547,27144],[1065,-335],[-83,-224],[526,-515],[1108,-340],[223,79],[1583,-629],[230,-152]],[[35427,43298],[-78,-678],[-605,127]],[[69832,76530],[37,-837]],[[69869,75693],[-1098,-40]],[[68771,75653],[3,258],[-500,211]],[[68274,76122],[37,372]],[[68311,76494],[1521,36]],[[84036,79935],[23,132]],[[84316,79990],[517,-149],[-161,-453]],[[84672,79388],[-150,-175]],[[84522,79213],[-652,173]],[[83870,79386],[166,549]],[[49873,77110],[558,-28],[304,-179]],[[50735,76903],[-202,-959]],[[72255,72513],[59,541],[500,-68]],[[52213,51213],[521,-14]],[[52734,51199],[-43,-162],[492,-318]],[[53183,50719],[-553,-159]],[[52630,50560],[-521,-137]],[[52109,50423],[-275,297]],[[62308,51889],[530,-659]],[[61801,51909],[507,-20]],[[36761,74596],[228,12]],[[38111,74700],[-342,-413],[-230,-723]],[[37539,73564],[-362,-164]],[[37177,73400],[-317,88]],[[36860,73488],[-434,122]],[[36426,73610],[335,986]],[[54895,50509],[-189,20]],[[54706,50529],[-289,906],[-400,30]],[[54120,51804],[313,-122]],[[54433,51682],[432,-237]],[[54773,20483],[-294,-735]],[[51456,22050],[378,191],[727,-66]],[[52561,22175],[1190,-975],[1022,-717]],[[51284,68721],[191,126]],[[52239,68816],[7,-223]],[[51469,67699],[-283,181],[-472,-153]],[[50714,67727],[507,738],[63,256]],[[84504,85933],[166,-398]],[[84670,85535],[-625,-262]],[[84045,85273],[-607,-246]],[[83438,85027],[-1326,431]],[[52513,48501],[-425,-261],[-170,176]],[[51918,48416],[46,426],[278,-96]],[[85993,88842],[-213,172]],[[85562,89479],[188,176]],[[85750,89655],[886,-116],[-20,-298],[-623,-399]],[[71450,41957],[-1388,-1405],[-382,-523]],[[69680,40029],[-2195,1811]],[[67485,41840],[364,801],[-595,622]],[[67254,43263],[338,1195]],[[67592,44458],[214,-105]],[[55978,55550],[681,-162],[651,56],[52,303]],[[57362,55747],[291,-109]],[[57371,54538],[-48,-327],[-553,-171]],[[33529,79803],[257,-316],[664,-392]],[[34450,79095],[-36,-1170],[106,-186]],[[34520,77739],[-19,-808],[170,-137]],[[34671,76794],[-280,-135]],[[33525,77006],[-1491,310],[105,501],[313,-80],[215,1134],[-65,286],[132,869]],[[32734,80026],[743,-388],[52,165]],[[84216,65824],[-314,-504],[-586,33],[232,660]],[[50886,83004],[-256,60],[-298,-259],[-83,-340]],[[50249,82465],[-122,207],[-572,-6]],[[49822,85173],[571,60]],[[50393,85233],[309,-53]],[[31205,45857],[112,-365]],[[30564,44929],[-35,304]],[[25257,6279],[489,-655],[48,-366]],[[25794,5258],[-291,-431]],[[25503,4827],[-955,-507]],[[24548,4320],[-204,110]],[[24168,6366],[149,72]],[[24317,6438],[940,-159]],[[45283,52802],[53,379],[271,230],[610,-218]],[[47176,52998],[-110,-524],[-652,-31]],[[43953,69140],[398,-187]],[[44106,68103],[-1217,63]],[[62636,94033],[311,-25]],[[74901,58422],[1014,-209]],[[75849,58047],[-250,-1038],[-254,-310]],[[75345,56699],[-808,310]],[[74537,57009],[-139,338],[80,448],[-636,323]],[[73842,58118],[-1,124]],[[73841,58242],[364,710],[316,-73],[56,-283],[324,-174]],[[48226,46648],[-292,-391]],[[47934,46257],[-822,172]],[[47112,46429],[-165,428],[153,345]],[[47100,47202],[502,19]],[[47602,47221],[627,-188],[-3,-385]],[[66268,54749],[-115,-345],[-383,-27]],[[65770,54377],[-285,21]],[[49077,40976],[489,-181]],[[49354,39755],[-736,477],[18,406]],[[48636,40638],[441,338]],[[44629,19358],[-558,-607],[-630,-1488]],[[43441,17263],[-356,751],[0,546],[-430,-92],[-813,369],[119,-1663],[-446,-554],[-677,-606],[-178,-866],[-126,-86],[-581,465],[-379,-379],[-711,-49],[220,-692],[-124,-491],[-239,-259],[-968,-496]],[[37752,13161],[212,523],[488,472],[-121,782],[30,745],[290,332]],[[37841,27272],[1266,-73],[1358,353]],[[51258,71645],[404,205]],[[51662,71850],[-90,-137],[373,-575],[-38,-196]],[[51284,68721],[36,277],[-545,213]],[[50775,69211],[-611,128]],[[50164,69339],[14,409]],[[50178,69748],[323,-25],[176,254],[122,-310],[461,934],[-2,1044]],[[56968,88242],[-366,23]],[[56602,88265],[-41,164],[-628,20]],[[55933,88449],[141,881]],[[38310,6719],[-171,465]],[[39407,6417],[-1036,-11]],[[38628,51154],[-187,-625],[255,-283]],[[37516,51308],[19,153],[529,58]],[[38064,51519],[490,-109],[74,-256]],[[37166,45486],[-56,131]],[[37198,45931],[477,27],[215,402]],[[37890,46360],[1103,-351]],[[38993,46009],[-42,-657],[131,-365],[-174,-1159]],[[38908,43828],[-665,251],[-76,-104]],[[39505,46366],[-158,-615]],[[39347,45751],[-354,258]],[[37890,46360],[540,491]],[[38526,46859],[540,-73],[82,-313],[357,-107]],[[61121,31016],[-672,-879]],[[60449,30137],[-2228,1398],[-390,-108],[-969,89]],[[56862,31516],[38,248]],[[56900,31764],[256,450],[474,255]],[[58437,32802],[617,-233],[2067,-1553]],[[74517,74837],[-82,-730]],[[73834,74859],[683,-22]],[[85020,67123],[506,1048]],[[86294,67150],[-503,-54]],[[85791,67096],[-771,27]],[[47934,46257],[-124,-335]],[[47327,45661],[-215,768]],[[46478,87812],[-1304,97]],[[45174,87909],[129,459],[-195,85],[128,744]],[[45702,89845],[420,238],[267,-389],[212,327],[265,-341]],[[70024,81538],[-142,1391],[113,307],[-930,7]],[[69065,83243],[11,537]],[[69076,83780],[147,410]],[[69223,84190],[894,-152],[122,144],[718,-20]],[[46507,77709],[-37,-606]],[[46470,77103],[-304,-996]],[[46166,76107],[-638,-447]],[[45528,75660],[-553,87],[-340,-193]],[[44635,75554],[30,832],[135,1081]],[[45102,77833],[890,-260],[515,136]],[[75983,72508],[-276,3],[-92,-520]],[[77208,97762],[-151,-1022],[1483,-218]],[[78540,96522],[-23,-230]],[[78517,96292],[-415,-875],[-747,32],[-280,284]],[[77075,95733],[-75,559],[-238,50]],[[76762,96342],[185,563],[-50,600],[201,280]],[[77098,97785],[110,-23]],[[66719,46680],[606,-118],[452,-423],[-126,-589]],[[66118,45782],[88,902]],[[55385,73265],[-31,-127]],[[53897,73458],[-151,171]],[[53746,73629],[221,553],[332,261],[788,27],[45,-378]],[[72550,81223],[-108,-665]],[[72442,80558],[7,-792]],[[71836,79388],[-1078,160]],[[70803,80189],[374,130],[-35,400]],[[71142,80719],[74,352],[765,27],[64,203]],[[72045,81301],[505,-78]],[[38755,60426],[701,-31]],[[39358,59230],[-829,65]],[[34952,62933],[365,-221]],[[35498,62439],[-68,-441],[370,-30]],[[35062,61358],[-550,188],[86,398],[-308,1084]],[[34290,63028],[662,-95]],[[46576,86354],[-665,-20]],[[45911,86334],[25,683]],[[45936,87017],[280,-63],[197,283]],[[40890,6449],[-351,501]],[[40539,6950],[159,687],[213,64]],[[55810,22608],[-564,-991]],[[55246,21617],[-1542,802],[-684,129]],[[53020,22548],[694,1087],[246,182]],[[53960,23817],[251,54]],[[56782,75145],[561,-38]],[[57030,73522],[-326,-134],[-458,66]],[[55346,74151],[-23,608]],[[55774,75233],[1008,-88]],[[79377,75308],[-37,411]],[[79340,75719],[-163,788]],[[67575,86026],[-595,-250]],[[66980,85776],[-315,150]],[[66929,86561],[252,319]],[[67498,86769],[232,-121]],[[67730,86648],[-155,-622]],[[45106,41609],[-98,497],[174,673]],[[45182,42779],[319,13]],[[38688,60990],[38,342]],[[38899,61350],[812,-109]],[[56935,85316],[-424,43]],[[56145,85388],[292,858]],[[56437,86246],[448,-259]],[[51021,73586],[8,-275]],[[51029,73311],[-1020,-116],[-39,-386]],[[49970,72809],[-657,5]],[[49313,72814],[-485,14]],[[48858,74027],[172,132]],[[77806,79381],[958,-200]],[[40617,9982],[1150,-943],[433,-635]],[[44279,47073],[427,-76]],[[44706,46997],[-27,-1039],[-97,-334]],[[44582,45624],[-402,-354]],[[44180,45270],[-96,146]],[[44084,45416],[195,1657]],[[68237,88853],[-92,-218]],[[68145,88635],[-768,-7]],[[67377,88628],[-685,-3]],[[66692,88625],[194,1395]],[[67077,90242],[412,-43]],[[63663,52371],[-735,-253]],[[62928,52118],[116,1133]],[[63336,53319],[403,-3]],[[68338,55582],[266,642],[-4,310],[614,425]],[[69214,56959],[328,-93]],[[72022,82155],[727,-187]],[[72749,81968],[-199,-745]],[[72045,81301],[-326,368],[15,555]],[[46013,62903],[32,-527]],[[46045,62376],[-218,-429]],[[45827,61947],[-386,133]],[[45114,62333],[57,378]],[[46655,63033],[181,-525]],[[46836,62508],[-37,-326]],[[46799,62182],[-754,194]],[[46034,63049],[621,-16]],[[75109,85340],[-817,19]],[[74292,85359],[-201,236]],[[74091,85595],[-81,807]],[[74010,86402],[1175,-163]],[[75109,85340],[71,-488]],[[75180,84852],[27,-235],[-338,-203],[-435,251]],[[74227,84686],[65,673]],[[60347,57532],[-165,-297]],[[59553,56480],[-533,184],[108,597]],[[59153,57690],[421,-196],[200,132]],[[43825,39516],[-18,1434],[86,297]],[[43893,41247],[252,-26]],[[44145,41221],[331,-1388],[-88,-923]],[[37280,65897],[-263,-430],[-58,-457],[-333,-360],[-480,-103]],[[36146,64547],[-802,20]],[[35344,64567],[-44,722]],[[35297,65981],[38,219]],[[35335,66200],[210,-18],[256,555]],[[35801,66737],[554,-98]],[[70319,88125],[-227,-464],[-106,-837]],[[69229,86850],[27,1106],[-120,158]],[[69136,88114],[23,145]],[[38980,37666],[697,-163],[1026,172]],[[40703,37675],[-306,-664],[-613,-514],[-46,-363],[206,-438],[-185,-1431],[-302,-233],[-517,64],[-811,-244]],[[38129,33852],[666,2862],[185,952]],[[44635,75554],[-214,-23]],[[44421,75531],[-219,8]],[[44202,75539],[83,528],[-516,305]],[[43769,76372],[-108,1170],[291,189]],[[51456,66853],[-856,167]],[[63540,72201],[-606,204]],[[62934,72405],[-304,388]],[[62630,72793],[31,1051]],[[72761,75320],[-496,-24],[-185,151]],[[72150,76598],[1075,-171]],[[60104,98680],[-17,-266],[-361,-72]],[[96185,67022],[-2391,1454],[-1491,532]],[[91622,69573],[307,585],[54,494]],[[91983,70652],[1491,-205],[182,159],[473,-140],[268,288],[739,-274],[530,-412],[1237,-749]],[[96903,69319],[-718,-2297]],[[56903,90044],[36,791]],[[56939,90835],[840,-48],[48,-978]],[[69009,82415],[25,418]],[[69034,82833],[31,410]],[[88958,78939],[264,-417]],[[89222,78522],[-129,-506]],[[88414,78773],[454,165]],[[88868,78938],[90,1]],[[34135,66659],[285,-149],[798,-128],[117,-182]],[[33507,66247],[-159,638]],[[33348,66885],[787,-226]],[[38349,80779],[213,-111]],[[38090,79868],[-143,1031]],[[40120,75998],[211,-45]],[[40331,75953],[-12,-986],[-266,-37],[3,-470]],[[40056,74460],[-309,-552]],[[36947,71449],[236,692],[314,278]],[[37497,72419],[85,138],[760,-45]],[[37990,71575],[-68,-327],[-643,88]],[[37279,71336],[-332,113]],[[36709,82747],[-52,824]],[[36657,83571],[134,157]],[[37474,82575],[-765,172]],[[45936,87017],[-1011,196]],[[44925,87213],[249,696]],[[32403,49117],[674,-132]],[[33077,48985],[352,9]],[[36561,41471],[161,-445],[702,-401]],[[37424,40625],[-81,-296],[178,-425]],[[37166,39533],[-268,878],[63,266],[-687,517],[-606,210]],[[35668,41404],[-311,303],[-434,118]],[[34923,41825],[-163,104]],[[34760,41929],[-18,501]],[[36215,43025],[243,-464]],[[36458,42561],[-103,-258]],[[36355,42303],[-112,-533],[318,-299]],[[44285,42576],[-93,135],[-731,113]],[[43371,43476],[224,814]],[[43595,44290],[716,30]],[[44311,44320],[-88,-1350]],[[61700,55853],[-141,-1124]],[[47015,75868],[-307,-156],[67,-675]],[[46775,75037],[-276,-313],[-275,89]],[[45732,74685],[-43,598]],[[45689,75283],[-161,377]],[[46166,76107],[657,-45],[192,-194]],[[36524,60685],[296,-368]],[[36415,58760],[-352,-642],[-521,-723],[-384,-116]],[[35158,57279],[-101,324],[-400,160],[-195,-132],[93,527],[-425,-248],[1,640],[170,117],[-296,410],[268,384],[-318,307],[208,252],[177,-247],[245,548],[-165,93],[106,520],[342,-97]],[[34604,40997],[-225,82]],[[34379,41079],[240,410],[-154,201],[295,239]],[[34923,41825],[241,-720]],[[41279,56570],[-815,217]],[[41959,57696],[-89,-557]],[[41593,56767],[-314,-197]],[[34375,67329],[-240,-670]],[[33348,66885],[-67,298],[-418,603]],[[32863,67786],[414,167]],[[34046,50512],[235,70]],[[34281,50582],[595,-119]],[[33077,48985],[380,779],[262,810],[327,-62]],[[86924,75337],[512,-148],[601,-10]],[[88482,73655],[-765,93]],[[87717,73748],[-1125,359]],[[86592,74107],[-12,153]],[[86666,74842],[258,495]],[[48755,47441],[-146,-84],[-136,-715]],[[48473,46642],[-247,6]],[[47602,47221],[54,638],[527,-22]],[[47329,54586],[-24,-332]],[[47305,54254],[-65,-317]],[[43967,52737],[-214,29]],[[43714,53050],[23,270],[-487,276]],[[44062,54432],[98,422],[669,272]],[[44829,55126],[69,750]],[[44898,55876],[620,10],[1733,-522]],[[86620,75829],[-908,-221]],[[85712,75608],[-45,498]],[[85667,76106],[155,45],[127,590]],[[85949,76741],[792,-564]],[[86727,75989],[-107,-160]],[[44613,74411],[4,333]],[[44617,74744],[437,-27],[25,-339]],[[32876,45437],[3,301]],[[32879,45738],[197,348],[558,-32]],[[33634,46054],[58,-71]],[[33692,45983],[-288,-431]],[[33404,45552],[-109,-754],[-278,17]],[[40933,45428],[39,-1258]],[[40023,44345],[-286,348]],[[39737,44693],[148,829]],[[39885,45522],[1048,-94]],[[79665,95612],[-35,-1112],[-213,-405]],[[78924,92406],[-528,81]],[[77888,92997],[-12,97],[-1063,32]],[[77118,94546],[51,990],[-94,197]],[[78517,96292],[327,-65],[33,-284],[479,228],[330,-218]],[[44836,86086],[13,-667]],[[44849,85419],[-149,-418],[696,-239]],[[45396,84762],[102,-408]],[[46391,83749],[80,-366]],[[45520,82011],[-762,-143]],[[43155,82518],[-295,451]],[[42860,82969],[-6,480]],[[43033,84288],[120,807],[-161,166]],[[44293,85934],[147,361]],[[44440,86295],[396,-209]],[[91047,76312],[320,967]],[[91367,77279],[357,-35],[401,-279]],[[91720,75969],[-323,-35]],[[91397,75934],[12,284],[-362,94]],[[48126,76091],[-243,-125]],[[47883,75966],[-598,103]],[[47285,76069],[129,1182]],[[60916,41104],[-418,176],[-660,478]],[[59838,41758],[101,337]],[[59939,42095],[946,-66],[655,-163]],[[55235,87735],[-86,-288]],[[55149,87447],[-858,75],[-165,-365]],[[53859,87139],[142,779],[1234,-183]],[[60528,94400],[-12,101]],[[60516,94501],[-33,512],[-294,391],[-51,350]],[[60138,95754],[26,845]],[[60164,96599],[359,10]],[[61542,96426],[113,-530]],[[61655,95896],[-186,-773],[-200,-164],[-23,-540]],[[62219,56467],[-56,601],[221,186]],[[62384,57254],[443,-163]],[[75054,81632],[-579,218],[-217,-141]],[[74258,81709],[-278,54]],[[73980,81763],[295,263],[-38,581]],[[74237,82607],[261,176],[576,-146]],[[32863,67786],[-321,232],[92,359],[-456,366]],[[65589,67319],[-805,-112]],[[64784,67207],[-335,843],[249,296]],[[64698,68346],[88,-64]],[[64786,68282],[79,-384],[426,-142],[273,-345]],[[49613,60382],[491,-181]],[[50862,59315],[-76,-234]],[[50786,59081],[-247,-142],[240,-228],[-317,-176],[-52,-431],[-321,-278],[-265,-629]],[[49824,57197],[-782,130],[-75,-102]],[[47947,57292],[-288,443]],[[41131,88449],[119,223]],[[41250,88672],[888,212],[535,-276],[-62,-326]],[[45182,42779],[-351,-220]],[[44311,44320],[324,66],[672,-206]],[[90456,78001],[1063,-248]],[[91519,77753],[-152,-474]],[[91047,76312],[-738,-28],[-301,-436]],[[90008,75848],[-247,48],[147,1294],[-290,33]],[[89930,77650],[192,339]],[[64421,98047],[335,792],[719,-144]],[[62246,81583],[1134,-445]],[[63511,79706],[-503,-157],[-70,-251]],[[61707,80400],[169,1075]],[[42554,63628],[-40,282]],[[43775,63511],[-1084,95]],[[44384,87291],[-49,-927],[105,-69]],[[43286,86300],[1,532]],[[43404,87456],[980,-165]],[[78977,90564],[-432,165],[-252,324]],[[54306,59084],[-20,-765],[-437,-1310],[-199,-97]],[[53650,56912],[-257,48]],[[53393,56960],[237,1113],[22,1046]],[[49169,75567],[-311,-1540]],[[48274,74792],[248,1166]],[[83083,87706],[385,-115]],[[70803,69497],[-125,-589],[-355,-1032]],[[69449,67948],[-614,242]],[[69014,69167],[319,689]],[[69333,69856],[410,-175],[1062,-24]],[[84842,84637],[503,-319],[-172,-546],[-615,-330]],[[84558,83442],[284,1195]],[[47757,54172],[171,438],[689,-148]],[[49399,52461],[-889,-65],[-911,223],[-423,379]],[[47239,53747],[539,-75],[-21,500]],[[91519,77753],[694,-109]],[[65909,88136],[16,712]],[[66692,88625],[13,-523]],[[41204,73004],[233,-246],[223,-894]],[[41610,71661],[-68,-323]],[[40035,71510],[16,72]],[[40051,71582],[225,66],[-28,406],[259,1004]],[[40507,73058],[235,-133],[462,79]],[[36896,42884],[-94,-668],[-447,87]],[[36458,42561],[104,365],[334,-42]],[[57362,55747],[112,550]],[[58545,56979],[-61,-1098]],[[59660,82198],[-1729,203]],[[57931,82401],[39,276]],[[57970,82677],[84,419]],[[58054,83096],[323,76],[43,680]],[[59813,83182],[-153,-984]],[[85000,76829],[-198,36]],[[84802,76865],[-6,278]],[[84796,77143],[453,687]],[[85249,77830],[442,386],[199,379]],[[85949,76741],[86,292],[-724,160],[-311,-364]],[[53430,53244],[291,328],[299,-11]],[[54020,53561],[503,-247]],[[54523,53314],[-321,-1029]],[[53349,52580],[81,664]],[[86442,73495],[150,612]],[[87717,73748],[-94,-225]],[[56640,44587],[-188,141],[-5,557],[211,1142],[285,559],[-70,614]],[[56873,47600],[45,261]],[[56918,47861],[183,922]],[[64407,61325],[4,-607],[-188,-105]],[[64223,60613],[-443,159],[-664,-151]],[[63116,60621],[-419,352],[49,432],[-292,140]],[[62220,61754],[277,646]],[[62497,62400],[1480,-153]],[[63977,62247],[-9,-922],[439,0]],[[50249,82465],[26,-232],[601,-150]],[[50876,82083],[114,-572]],[[50950,81402],[-595,-19],[-30,-422]],[[73065,62072],[-179,-685]],[[72886,61387],[-1482,534],[-243,257]],[[71667,63055],[495,-252],[903,-731]],[[47100,47202],[-301,20]],[[46799,47222],[-34,508],[213,574]],[[55455,81723],[-461,130]],[[55554,83229],[366,-220],[-194,-1054]],[[72094,84798],[-737,105]],[[71047,84974],[-213,365],[-481,-66],[-204,145]],[[70149,85418],[287,158],[19,600]],[[70455,86176],[453,66],[26,184]],[[70934,86426],[567,-20]],[[71501,86406],[629,-126]],[[72130,86280],[-4,-432]],[[50393,12254],[-478,-1199]],[[47513,12077],[15,495],[-529,89]],[[46999,12661],[6,519]],[[54110,66978],[-401,-86],[-142,-343],[-910,-156]],[[63051,42666],[-207,-458]],[[59939,42095],[-36,364]],[[59903,42459],[973,139],[1057,-440],[520,572]],[[62453,42730],[218,48]],[[89407,75425],[479,-90]],[[89886,75335],[807,-130]],[[90693,75205],[-111,-569]],[[90582,74636],[-324,-684]],[[90258,73952],[-548,-177],[-83,-303],[-289,-58]],[[89338,73414],[-701,215]],[[72886,61387],[721,-218],[415,-324]],[[74435,60398],[-637,-569]],[[73798,59829],[-617,262],[-241,-71]],[[72700,61097],[186,290]],[[54978,64858],[-533,-28],[-206,-179]],[[54239,64651],[-125,429],[96,723],[261,1047]],[[48473,46642],[471,-114]],[[48944,46528],[-29,-435]],[[38129,33852],[94,-772],[-217,-271],[-1174,-463],[-67,-1373],[-388,-1083],[-50,-1466]],[[33726,28560],[-88,210],[117,1297],[-196,33]],[[33559,30100],[-186,658],[338,316],[-39,473],[299,743],[60,1426]],[[34031,33716],[265,959],[-18,536],[257,856],[437,714],[398,405],[1975,996]],[[37345,38182],[547,-364],[913,697],[-180,-979],[355,130]],[[77808,73515],[593,-6]],[[52345,66331],[-296,-502],[-533,54]],[[51516,65883],[-219,39]],[[51297,65922],[69,512]],[[34310,45161],[-281,96],[137,652]],[[34725,45346],[-415,-185]],[[76642,77007],[-89,-383],[-832,44],[-560,401]],[[75161,77069],[328,327],[-214,661]],[[75981,78103],[-182,-433],[289,-96],[554,-567]],[[39483,83070],[572,-234]],[[40055,82836],[97,-211],[440,-67]],[[40592,82558],[-142,-1158]],[[62799,96109],[-143,-1355]],[[62656,94754],[-556,-5],[-231,-578]],[[61532,94370],[440,895],[67,952]],[[46539,81846],[-316,-811],[-32,-395]],[[46191,80640],[-104,-26]],[[34231,71656],[190,552]],[[34421,72208],[136,-37]],[[52701,50154],[-71,406]],[[53183,50719],[575,-433]],[[53205,50092],[-81,180],[-423,-118]],[[52801,51436],[-67,-237]],[[38227,52798],[112,-432],[-247,-88],[-28,-759]],[[36482,51605],[196,694],[-233,215]],[[36445,52514],[37,215]],[[36482,52729],[424,-38],[156,400]],[[37062,53091],[1165,-293]],[[29902,43520],[133,-292]],[[30035,43228],[-1215,134],[-87,-358]],[[28733,43004],[-437,110]],[[28296,43114],[502,492]],[[28798,43606],[1104,-86]],[[29383,48421],[-229,477],[678,579],[71,462],[619,-266]],[[44120,61250],[-865,289]],[[43793,62300],[359,-190]],[[70037,86367],[418,-191]],[[70149,85418],[-248,-89]],[[69901,85329],[-716,230],[75,467]],[[51297,65922],[-165,-182]],[[50997,65758],[-28,301],[-352,146],[-22,584]],[[57875,78102],[114,-198],[-106,-630],[104,-611]],[[57585,76424],[-625,187],[-36,332]],[[56924,76943],[507,835]],[[57483,78167],[392,-65]],[[51933,79664],[401,-352],[164,-561]],[[51945,77561],[-535,91]],[[51410,77652],[104,1091],[-380,162]],[[51134,78905],[-128,616]],[[33208,44082],[606,-34]],[[33814,44048],[-70,-514],[-643,61]],[[53935,18557],[-256,-583]],[[37572,63460],[1,937],[369,97],[151,920]],[[38526,65406],[221,-323]],[[38747,65083],[-144,-1614]],[[63360,46979],[-1029,-42],[-656,218],[-487,344]],[[92516,75898],[-88,-304]],[[92126,75185],[-835,285]],[[91291,75470],[106,464]],[[79151,76722],[-772,73]],[[62453,42730],[-1100,488],[-591,-210],[-439,118]],[[65262,60642],[648,-159],[214,-297],[-2,-808]],[[65550,58309],[-899,264]],[[64651,58573],[112,629],[-613,564]],[[64150,59766],[73,847]],[[64407,61325],[331,18]],[[64738,61343],[23,-402],[501,-299]],[[72909,87012],[-11,-462]],[[72898,86550],[-768,-270]],[[71501,86406],[-17,350],[554,528]],[[65564,90387],[37,300]],[[65562,91105],[-9,440],[-294,453],[-46,391]],[[65763,92473],[419,-45]],[[66182,92428],[-10,-364],[535,-84]],[[51046,77657],[-285,252]],[[50761,77909],[373,996]],[[51410,77652],[-364,5]],[[66427,96101],[396,-44]],[[66823,96057],[107,-194]],[[39796,77633],[-112,332]],[[40216,78187],[-43,-506]],[[40173,77681],[-377,-48]],[[32163,5973],[-120,-1630],[-98,-351],[49,-1025]],[[31994,2967],[-712,-1]],[[31282,2966],[-13,1673],[-250,247]],[[28829,43817],[-31,-211]],[[28296,43114],[-58,-266]],[[27292,42483],[-570,-84],[-167,629],[147,515],[386,200]],[[75275,78057],[-429,54]],[[64088,58788],[-272,278]],[[64031,59755],[119,11]],[[37497,72419],[-466,23]],[[37031,72442],[146,958]],[[37539,73564],[446,-81]],[[84125,74456],[1156,34]],[[85519,74438],[33,-681]],[[84114,73109],[-445,94]],[[83669,73203],[456,1253]],[[40930,40590],[22,-756],[-321,-16],[31,-471],[186,-183],[-162,-743],[17,-746]],[[38980,37666],[1397,1584],[-12,546],[-251,336]],[[79459,60305],[391,46]],[[47122,68419],[-21,212]],[[47101,68631],[-18,925]],[[47083,69556],[633,-328]],[[47716,69228],[-52,-600]],[[47488,68323],[-366,96]],[[56906,53418],[544,-122]],[[57450,53296],[-229,-932],[81,-68]],[[57167,49258],[-786,509],[-205,368]],[[56187,50373],[174,298],[-100,568],[273,1029],[-33,301]],[[80987,90805],[842,-573]],[[81720,89741],[-307,-162],[-524,188]],[[43295,49651],[-96,-438]],[[43199,49213],[-188,-8]],[[43404,51304],[354,-69]],[[43829,51098],[-127,-496],[-434,-563],[27,-388]],[[69982,60561],[114,481],[402,777]],[[70498,61819],[122,-649],[-216,-622]],[[35274,7083],[-28,-438],[-343,-55],[-432,-342]],[[34625,7075],[649,8]],[[55719,52926],[-432,140],[-296,324]],[[54991,53390],[-62,63]],[[66267,36754],[-428,-689]],[[15860,1278],[-1494,-176]],[[14366,1102],[-44,1305],[159,572],[-7,1368]],[[14474,4347],[865,279],[206,195]],[[77299,92352],[-24,406],[-881,-52]],[[76394,92706],[4,262]],[[37462,38625],[-117,-443]],[[37345,38182],[-614,302],[-1143,347]],[[35588,38831],[738,225],[270,992],[-327,588],[-154,33]],[[36115,40669],[-276,36],[-171,699]],[[45739,11376],[601,-471],[547,356],[109,-146]],[[46996,11115],[-809,-755],[-469,-6]],[[45718,10354],[-1022,583],[-647,448],[-445,513]],[[43604,11898],[1064,358]],[[40282,55270],[-38,278]],[[40244,55548],[1421,13]],[[94071,64604],[-992,-717],[-1332,-768]],[[90696,66191],[110,28],[2390,-1035],[875,-580]],[[34165,44633],[528,-178]],[[34499,43406],[-593,58],[151,586],[-243,-2]],[[33814,44048],[31,525],[320,60]],[[42600,39628],[22,630]],[[42622,40258],[213,1271]],[[43250,41551],[-158,-595],[212,-230],[39,-1145]],[[38338,48472],[272,-14]],[[38610,48458],[-67,-460]],[[41528,49577],[-841,105]],[[40687,49682],[-252,352]],[[41261,50134],[380,-119],[-113,-438]],[[64434,51640],[-198,-416]],[[64236,51224],[-226,-368]],[[62308,51889],[620,229]],[[57945,99763],[-207,-188],[-15,-501],[-195,-138],[-639,135]],[[56889,99071],[23,469],[-166,459],[720,-46],[479,-190]],[[56391,77524],[-67,-523]],[[56324,77001],[-372,-799]],[[59903,42459],[420,667]],[[52836,49112],[29,272]],[[52865,49384],[378,-16]],[[61012,84924],[1084,-26],[25,430],[299,-30]],[[62420,85298],[628,-95]],[[63048,85203],[167,-42]],[[63215,85161],[-25,-799],[141,-284],[539,81]],[[63870,84159],[-6,-312]],[[63864,83847],[-302,-107],[-153,-368],[-557,-96],[-425,-378]],[[59838,41758],[-135,-309],[89,-488]],[[58474,41290],[-789,27],[-338,-111]],[[57347,41206],[-168,55],[-456,-459],[-827,-110],[-106,-167]],[[55790,40525],[-1651,-1008],[-982,168],[-292,301],[-57,-268]],[[52808,39718],[-241,290],[504,638],[-469,509],[268,1121]],[[54536,46058],[342,901],[1995,641]],[[38557,41285],[170,-83],[-308,-1072]],[[38279,39121],[-155,-609]],[[38124,38512],[-416,101]],[[69917,58207],[-677,206],[-780,-8],[-219,-535]],[[68241,57870],[-295,54],[-385,-915],[-543,-418]],[[49389,62120],[205,-52]],[[49594,62068],[3,-245],[436,-32]],[[50033,61791],[27,-308],[354,-103]],[[30035,43228],[442,-215]],[[30477,43013],[227,-356]],[[30266,42087],[-313,-17]],[[29953,42070],[159,580],[-205,167],[-1174,187]],[[57319,95389],[-674,-638]],[[56645,94751],[-379,436],[-266,-202],[-363,768],[136,573],[1003,-69]],[[78773,74727],[-240,-365],[141,-136],[-172,-639]],[[77479,74339],[1032,653],[262,-265]],[[68976,73555],[399,1142]],[[69375,74697],[823,-25]],[[70198,74672],[31,-623],[-157,-288],[112,-462],[-398,-505]],[[80203,53512],[-442,-602]],[[77789,55033],[909,-402],[147,-223],[1358,-896]],[[67087,61355],[-176,-512],[67,-334],[407,-320],[330,3]],[[65262,60642],[127,822]],[[40309,47072],[946,-172]],[[41255,46900],[-50,-522],[-229,-302],[-43,-648]],[[39885,45522],[-538,229]],[[39505,46366],[377,129],[102,697],[325,-120]],[[59970,74213],[161,-488],[753,-487],[342,53]],[[61226,73291],[627,-69]],[[61853,73222],[-68,-322]],[[61785,72900],[-102,-624],[-242,-329]],[[60273,71695],[-1581,276]],[[58692,71971],[79,1212]],[[63311,88965],[-354,-768]],[[33407,51675],[-25,-357],[460,-167]],[[33842,51151],[-14,-231]],[[33828,50920],[-907,182],[-139,-671]],[[30983,50753],[172,531],[708,127],[-37,359]],[[28391,42167],[287,-79]],[[28678,42088],[36,-539],[-176,-599]],[[28538,40950],[-17,-256],[-465,-272]],[[76742,68152],[1469,-193]],[[78147,67444],[-186,-246],[-1105,80]],[[51368,46157],[-970,271]],[[50398,46428],[-369,568],[-425,79]],[[49604,47075],[-110,176]],[[50870,48052],[368,-93]],[[51238,47959],[119,-587],[477,-490],[268,14],[4,-482],[228,-119],[-100,-354]],[[52234,45941],[-866,216]],[[38628,51154],[602,-104]],[[39230,51050],[247,-100]],[[39477,50950],[102,-443]],[[39579,50507],[-454,-341]],[[40586,85971],[100,-260]],[[40686,85711],[97,-128]],[[40783,85583],[-133,-419]],[[40650,85164],[-878,21],[-363,498],[-69,317]],[[39340,86000],[687,-73],[46,180]],[[91291,75470],[-598,-265]],[[89886,75335],[122,513]],[[59449,34648],[-1049,222],[163,-601]],[[58563,34269],[-191,-32]],[[57896,36682],[533,-418]],[[58550,35921],[874,-533],[237,-272]],[[59661,35116],[-212,-468]],[[45847,51215],[18,-375],[602,41]],[[46719,50828],[556,-112],[23,-410]],[[46955,49466],[-294,-308]],[[46661,49158],[-1031,353]],[[45630,49511],[491,314],[-343,143],[54,361],[-596,6],[-195,213]],[[45041,50548],[158,634]],[[29902,43520],[300,449],[487,30]],[[30689,43999],[234,-599]],[[30923,43400],[-446,-387]],[[62946,87243],[190,-8],[-255,-700]],[[62881,86535],[-477,3]],[[82267,63401],[132,364]],[[82399,63765],[716,-143],[566,75]],[[69073,47967],[-117,-477]],[[68956,47490],[-226,190],[-833,207]],[[68257,48542],[253,-124]],[[43512,17215],[-71,48]],[[45411,19468],[282,-390],[-632,-197],[-158,-465],[-563,-343],[-828,-858]],[[88740,79444],[-631,194],[-226,-179]],[[86941,79609],[39,508]],[[86980,80117],[314,-100],[112,247],[602,-13],[648,-290]],[[79605,87004],[479,41]],[[80084,87045],[-138,-425],[126,-636]],[[78499,66908],[-81,-802]],[[77586,66098],[-1148,-29]],[[76438,66069],[-192,396]],[[76246,66465],[15,721]],[[96185,67022],[-394,-887],[-278,-408],[-722,-645],[-720,-478]],[[90696,66191],[30,486],[-208,465]],[[90591,67962],[293,90],[433,800]],[[37209,70733],[21,429]],[[37230,71162],[49,174]],[[62497,62400],[172,658]],[[62669,63058],[169,164],[976,-136]],[[64292,62985],[-108,-664],[-207,-74]],[[76642,77007],[155,57]],[[79340,75719],[-907,54],[-801,-89],[-367,-359],[-67,-504],[-942,90]],[[76256,74911],[-1057,250],[-687,253]],[[74512,75414],[-58,431],[-321,97],[39,383]],[[74883,77095],[278,-26]],[[46279,64658],[78,-322]],[[46357,64336],[-729,9],[-233,-774]],[[44975,65059],[448,-55]],[[45423,65004],[386,-64],[28,-243],[442,-39]],[[86442,80281],[538,-164]],[[60516,94501],[-1242,117]],[[59274,94618],[-4,975]],[[59270,95593],[49,117],[819,44]],[[81325,72665],[-180,-54]],[[81145,72611],[-526,1286]],[[80608,74047],[257,11],[721,373],[113,569]],[[57672,97963],[138,78],[783,-138]],[[58593,97903],[-51,-924]],[[58542,96979],[-69,-534]],[[57476,97208],[196,755]],[[67592,44458],[-466,276]],[[67807,95710],[-125,300],[152,441]],[[73681,80429],[-493,194]],[[73188,80623],[29,217],[461,63],[302,860]],[[74258,81709],[-63,-453],[521,-217],[-84,-361],[229,-210]],[[74841,79967],[-1160,462]],[[40568,78567],[451,-190],[-62,-349]],[[40957,78028],[-276,-3],[-66,-496],[-249,13]],[[40366,77542],[-193,139]],[[46056,69307],[-17,-1017]],[[46039,68290],[-509,11]],[[50666,86617],[-545,130]],[[50121,86747],[9,520]],[[50209,87986],[541,-179]],[[46397,67628],[-235,-1023],[-218,-204]],[[45944,66401],[-304,273],[66,486],[-177,415]],[[45529,67575],[53,99]],[[45582,67674],[815,-46]],[[82399,63765],[43,335]],[[82577,65227],[348,921]],[[82925,66148],[85,192]],[[82036,67292],[288,39]],[[82324,67331],[241,-77]],[[82925,66148],[-792,262],[-121,-168]],[[81753,66292],[283,1000]],[[80084,87045],[237,69],[212,508]],[[80533,87622],[918,27],[609,-330]],[[58302,40471],[-297,-71],[-810,-663]],[[57195,39737],[-111,50]],[[57084,39787],[171,563],[92,856]],[[44457,50145],[144,252],[446,-32],[-6,183]],[[45630,49511],[-835,-125],[-150,150]],[[44645,49536],[-68,332],[-327,-23]],[[44250,49845],[207,300]],[[41694,48611],[-777,84]],[[40917,48695],[-257,52]],[[40660,48747],[27,935]],[[41528,49577],[204,-300]],[[34031,33716],[-782,59]],[[33157,38190],[504,53],[368,205],[1257,-17],[302,400]],[[56273,86978],[499,-29],[364,273]],[[56437,86246],[-274,374]],[[56163,86620],[110,358]],[[67557,74460],[-139,-607],[432,-85],[5,-246]],[[67583,71839],[-553,233]],[[65828,72483],[485,839],[60,372]],[[66714,74898],[272,110]],[[57931,82401],[-309,-127],[-100,-434]],[[56815,81732],[285,1018]],[[57100,82750],[870,-73]],[[89222,78522],[859,-115]],[[72687,49748],[-1244,299]],[[71443,50047],[303,597]],[[46799,62182],[-125,-830],[212,-318]],[[46788,60548],[-860,120]],[[45928,60668],[141,1193],[-242,86]],[[69289,47290],[-333,200]],[[70975,48433],[189,-103],[18,-683]],[[14366,1102],[-1848,-90]],[[12518,1012],[-14,870],[93,207],[-327,531],[103,242],[-211,1396]],[[12162,4258],[2312,89]],[[73751,77146],[21,879]],[[52812,80032],[96,-100],[241,-1195]],[[78668,56925],[-7,-676]],[[78661,56249],[-685,149],[-68,-130]],[[76927,56334],[-50,251]],[[76877,56585],[197,765]],[[66222,83683],[234,-54]],[[66456,83629],[580,-684]],[[65763,83172],[459,511]],[[80205,63948],[-579,51],[-1083,355]],[[78543,64354],[11,224]],[[78554,64578],[168,950]],[[78722,65528],[728,-89],[148,171],[783,75]],[[35771,49727],[491,-203]],[[35697,48627],[-347,40]],[[63820,46713],[-120,-314]],[[63700,46399],[-1424,276],[-469,-596],[-252,59],[-219,-307]],[[53370,63362],[-237,-1125]],[[45928,60668],[-272,5]],[[63141,59890],[-25,731]],[[46888,12564],[111,97]],[[67207,63820],[-563,17]],[[66644,63837],[102,717]],[[65245,35302],[-322,-445],[-470,-347]],[[64453,34510],[-2774,2111]],[[61679,36621],[160,240]],[[61839,36861],[347,605]],[[56335,52193],[-166,-538],[46,-674],[-138,-529]],[[57207,39154],[619,-4],[721,-547]],[[58547,38603],[-171,-369],[708,-398]],[[59084,37836],[-216,-487]],[[58517,36889],[-555,75]],[[36722,84946],[-105,-541]],[[36617,84405],[-402,33]],[[36215,84438],[40,601]],[[36255,85039],[467,-93]],[[54931,52565],[-181,260],[241,565]],[[55732,52409],[-801,156]],[[71734,78183],[-23,242],[554,-20]],[[72265,78405],[-42,-607],[-291,-477]],[[43292,47404],[34,482]],[[43326,47886],[190,543]],[[43516,48429],[450,-132]],[[43966,48297],[95,-311],[-84,-605]],[[43977,47381],[-81,-185]],[[43896,47196],[-522,17]],[[58547,38603],[273,314],[734,-360]],[[59554,38557],[-470,-721]],[[54523,53314],[135,204]],[[54931,52565],[-498,-883]],[[39676,52215],[-417,122],[-29,-1287]],[[38227,52798],[252,330]],[[38479,53128],[282,76],[571,-179],[-21,-219],[560,2]],[[48323,66838],[651,-213]],[[48974,66625],[-168,-945],[446,-74]],[[48312,64942],[-691,171],[-995,119],[-313,354]],[[46313,65586],[-317,482]],[[45996,66068],[-52,333]],[[45944,66401],[939,-6]],[[46883,66395],[-133,-199],[340,-94],[541,151],[516,-78],[176,663]],[[41557,75486],[-501,-345],[85,638]],[[41141,75779],[2,280],[583,131]],[[41726,76190],[-169,-704]],[[85999,85212],[-475,12],[-854,311]],[[84639,87162],[812,564]],[[85451,87726],[369,-122],[317,-567],[225,-71],[-196,-1333],[-167,-421]],[[84369,77993],[309,-53]],[[84678,77940],[571,-110]],[[84796,77143],[-636,262]],[[32906,43554],[-176,-271],[-766,139]],[[31964,43422],[168,593]],[[32132,44015],[459,-39]],[[32591,43976],[240,-32]],[[46341,57920],[-57,-407]],[[46284,57513],[-994,184]],[[56517,58115],[151,-139]],[[56258,56620],[-586,245],[-145,-304],[-460,-158],[-66,-369]],[[54162,56172],[-223,631]],[[53939,56803],[216,206],[700,1470]],[[67895,82428],[33,388]],[[67928,82816],[813,-11]],[[68741,82805],[-120,-835]],[[35344,64567],[-138,-584]],[[35206,63983],[1,-106]],[[35207,63877],[-650,-31],[-480,130]],[[34077,63976],[-105,626],[-293,992]],[[49289,50244],[-1814,57]],[[47428,51519],[377,97],[806,-272]],[[46865,44921],[38,-797]],[[45971,44113],[-15,453],[226,358],[683,-3]],[[53310,59018],[-279,-1047]],[[52910,57970],[-24,279],[-601,451]],[[52285,58700],[229,479]],[[82563,77511],[395,-19]],[[83662,77264],[-52,-627],[685,-141]],[[84295,76496],[88,-242]],[[84383,76254],[-216,-753]],[[82749,75271],[-380,-5]],[[81453,75013],[-207,-107]],[[67920,76170],[354,-48]],[[68771,75653],[-36,-465]],[[68735,75188],[-464,53]],[[67060,75461],[135,475],[276,296]],[[67471,76232],[449,-62]],[[46712,16302],[443,186],[490,-179],[86,-308]],[[48133,15615],[-205,-168],[-156,340],[-290,-84],[-770,599]],[[42622,40258],[-487,480]],[[30573,44492],[-1188,-135]],[[22455,4316],[-139,14]],[[22316,4330],[-90,453]],[[22226,4783],[157,466],[219,60],[133,400]],[[52234,45941],[274,-494]],[[51972,44835],[-297,-78],[-349,647],[42,753]],[[84030,82177],[266,-346]],[[84036,79935],[-905,102]],[[83131,80037],[-77,229]],[[56043,86668],[120,-48]],[[55909,85525],[-131,158],[265,985]],[[72776,57166],[615,910],[451,42]],[[74537,57009],[-293,-158],[-293,-448]],[[51042,54072],[792,-247],[153,179],[430,-78],[-130,-307],[313,-72]],[[52600,53547],[-143,-536],[79,-440]],[[50887,53160],[155,912]],[[51042,54072],[-222,251]],[[50820,54323],[204,57],[331,587],[371,329]],[[51726,55296],[609,-204]],[[52335,55092],[180,-380]],[[52515,54712],[-208,-459],[293,-706]],[[84239,78047],[283,1166]],[[84672,79388],[251,-35]],[[85232,79238],[-374,-295],[-180,-1003]],[[66644,63837],[-334,-157]],[[66310,63680],[126,931]],[[47038,44088],[717,-96]],[[47734,42498],[-776,-8]],[[67625,77469],[-154,-1237]],[[66451,75013],[89,742],[-69,635],[-479,-363]],[[65992,76027],[-183,106],[162,534],[-363,32],[3,364]],[[65611,77063],[82,760]],[[66655,78072],[490,-195],[512,21]],[[76417,65413],[21,656]],[[82428,71780],[233,-111],[304,242]],[[82965,71911],[642,-191]],[[44311,44320],[-144,320],[13,630]],[[44582,45624],[608,274]],[[45644,45680],[129,-1142],[-32,-365]],[[63864,83847],[414,-74]],[[48373,72660],[-874,-73],[-615,111]],[[46884,72698],[95,569]],[[46979,73267],[675,91],[99,432]],[[83438,85027],[-67,-345]],[[63253,56154],[-88,-506],[736,-755]],[[63987,54627],[-504,-1]],[[62878,54246],[-806,0]],[[62072,54246],[-362,33]],[[37128,81775],[262,-59],[168,427]],[[37845,79259],[-710,-129],[-228,191]],[[34037,55319],[-780,-22]],[[33257,55297],[140,376],[643,-78]],[[81783,94385],[632,-97],[445,63]],[[29953,42070],[-379,119],[-896,-101]],[[80111,71162],[-294,-916]],[[78989,72009],[493,-183]],[[57807,71151],[106,-55]],[[57913,71096],[-155,-603]],[[57758,70493],[-857,67],[-146,-234],[-165,-1069],[928,-89]],[[57518,69168],[190,-205]],[[57708,68963],[-25,-358]],[[54406,68976],[173,529],[421,83]],[[55000,69588],[230,121],[272,1307]],[[55502,71016],[1322,-36],[416,681]],[[57240,71661],[334,-146],[-17,-361],[250,-3]],[[47548,68135],[-281,-664]],[[47267,67471],[-686,336]],[[46581,67807],[541,612]],[[34056,46020],[-117,-64]],[[33939,45956],[-247,27]],[[33634,46054],[196,809]],[[33830,46863],[183,-56],[204,968]],[[34217,47775],[505,-170],[27,564]],[[34749,48169],[419,-269]],[[35168,47900],[-20,-740]],[[67740,62552],[-1127,226],[-283,194]],[[66330,62972],[-178,243],[158,465]],[[33828,50920],[277,-99],[-59,-309]],[[84295,76496],[507,369]],[[85000,76829],[59,-162]],[[85059,76667],[-95,-512],[-581,99]],[[36124,64031],[-550,-155],[-368,107]],[[36146,64547],[-22,-516]],[[53117,84119],[-354,339],[42,610]],[[41283,37672],[121,-410],[570,202],[763,-330],[124,-224]],[[40703,37675],[580,-3]],[[44925,87213],[-541,78]],[[41250,88672],[120,363],[-329,322],[212,242]],[[86129,63894],[1192,-356]],[[87321,63538],[881,-336],[98,-193],[1032,-1068]],[[89332,61941],[-1292,-523],[-1342,-840]],[[69383,84477],[-160,-287]],[[69076,83780],[-1459,122]],[[67694,84497],[51,479]],[[67745,84976],[374,14]],[[68119,84990],[1264,-513]],[[69901,85329],[-256,-623],[-262,-229]],[[68119,84990],[208,540],[-90,647]],[[45396,84762],[161,965],[-525,96],[-183,-404]],[[44836,86086],[150,-118],[851,145],[74,221]],[[40998,47870],[-81,825]],[[41986,48558],[-117,-576]],[[41869,47982],[-538,-432]],[[41331,47550],[-337,-14],[4,334]],[[33281,6181],[-148,-486],[350,-501],[470,-288],[39,-1824]],[[33992,3082],[-1645,-190],[-353,75]],[[68732,88081],[-69,-1219]],[[68115,86578],[-385,70]],[[67934,87823],[235,351]],[[68169,88174],[563,-93]],[[51143,49433],[339,15]],[[51482,49448],[115,-143],[826,-119]],[[51918,48416],[-229,32]],[[51689,48448],[-392,36]],[[51297,48484],[8,481],[-162,468]],[[38907,85911],[284,-394],[-129,-675]],[[39062,84842],[-31,-371]],[[38020,85274],[-20,726],[907,-89]],[[78773,74727],[668,16]],[[80345,74781],[-87,-240]],[[80258,74541],[-291,-413],[208,-36]],[[49742,10629],[-264,-566]],[[49478,10063],[-2482,1052]],[[12518,1012],[-1625,-4]],[[11409,4198],[753,60]],[[18581,4270],[-325,-445],[450,-575],[128,-849],[52,-1303]],[[18886,1098],[-642,112],[-1459,32]],[[16910,6149],[273,-319],[117,-747],[679,-306],[286,-251],[16,-290],[300,34]],[[40638,3976],[-1750,-736],[-450,271]],[[38438,3511],[-5,690],[-162,1336],[39,458]],[[40299,7051],[240,-101]],[[29799,41352],[-148,-485]],[[29651,40867],[-664,-84],[-449,167]],[[53188,55906],[-264,-1005],[22,-271]],[[52946,54630],[-431,82]],[[52335,55092],[83,1410]],[[52921,56972],[326,-12]],[[53247,56960],[-133,-651],[74,-403]],[[53188,55906],[903,68]],[[54053,54642],[-19,-188]],[[54034,54454],[-1088,176]],[[36761,74596],[-362,191],[83,483],[-288,71]],[[36115,40669],[87,-679],[-299,-30],[-382,271]],[[76250,74523],[6,388]],[[57450,53296],[744,-129]],[[36806,11419],[295,-155]],[[73065,62072],[141,257]],[[49699,78932],[222,-644],[-46,-315]],[[49875,77973],[-51,-189]],[[93802,78151],[197,543],[-215,106],[257,575],[850,-296]],[[52091,50155],[18,268]],[[52701,50154],[-477,-162],[-133,163]],[[66892,53895],[-1183,19]],[[65709,53914],[61,463]],[[45915,45749],[903,-326]],[[46818,45423],[47,-502]],[[63215,85161],[566,1]],[[63781,85162],[250,-20]],[[64031,85142],[-161,-983]],[[85993,88842],[-550,-708],[8,-408]],[[83839,87522],[50,516]],[[83889,88038],[124,815]],[[84013,88853],[1053,-152],[109,219]],[[81953,72197],[52,438]],[[82791,72657],[174,-746]],[[77243,84123],[-339,-717]],[[74237,82607],[-1397,-20]],[[72840,82587],[11,324]],[[73225,84702],[151,-29]],[[75180,84852],[720,-120],[7,285]],[[33017,44815],[-3,-377]],[[32591,43976],[208,827]],[[34842,51605],[440,253],[156,313]],[[35438,52171],[309,316],[-46,259]],[[35701,52746],[700,111],[81,-128]],[[36445,52514],[-312,-837]],[[36441,50272],[-493,140]],[[34847,50796],[-170,186]],[[34677,50982],[162,73],[3,550]],[[91258,69331],[-595,-29],[-360,160]],[[80453,66588],[172,659]],[[80625,67247],[1124,105],[287,-60]],[[69774,62532],[-434,-136]],[[64023,86890],[350,-39]],[[64298,85293],[-267,-151]],[[63781,85162],[-85,870],[-145,462]],[[63551,86494],[78,410],[394,-14]],[[30470,37602],[13,517],[461,1825],[267,386]],[[32003,40356],[44,-266]],[[62379,75727],[-192,-588],[-346,-33]],[[61841,75106],[-10,138]],[[61831,75244],[249,864]],[[65375,61967],[-155,508],[1110,497]],[[67182,82898],[746,-82]],[[40686,85711],[236,409],[451,-90],[743,31]],[[42132,85959],[-302,-432],[-346,-23],[-217,-428]],[[41267,85076],[-484,507]],[[49278,17362],[592,412],[230,-281],[-178,-395]],[[54239,64651],[-163,-254],[-411,-154]],[[52751,64452],[-94,1941]],[[34203,8002],[-1,-240]],[[59120,95633],[-460,50]],[[58542,96979],[231,-436],[527,151],[-180,-1061]],[[89811,68501],[-127,-414]],[[89179,67364],[-705,179]],[[88474,67543],[41,570],[-307,201]],[[66182,50649],[1144,-204]],[[65219,49603],[321,345],[324,706]],[[62384,57254],[-43,294],[-462,46]],[[61879,57594],[-273,339]],[[62856,57966],[376,-320]],[[46782,81810],[696,-516]],[[46702,80632],[-511,8]],[[76246,66465],[-453,-25]],[[75793,66440],[-879,-32]],[[74914,66408],[-376,707],[-685,555]],[[73853,67670],[399,248],[947,-165]],[[36561,41471],[635,-163]],[[37196,41308],[228,-683]],[[38479,53128],[-44,410],[-385,185],[62,400],[-269,81]],[[37843,54204],[233,761]],[[38076,54965],[383,-109],[375,234],[41,362]],[[38875,55452],[448,44],[679,-158],[30,210]],[[40032,55548],[212,0]],[[40880,59742],[988,-305]],[[41622,59024],[-819,217]],[[40687,49682],[-999,-140]],[[39579,50507],[812,-101]],[[33655,47962],[227,-66],[-52,-1033]],[[32879,45738],[-82,499],[-214,41]],[[32583,46278],[-12,169]],[[32571,46447],[516,620]],[[51890,76655],[221,640]],[[53451,71661],[75,-1197],[-125,-322]],[[46357,64336],[-15,-346],[225,-162],[88,-795]],[[38124,38512],[346,-66],[292,187],[-187,477]],[[51971,83827],[30,-330],[711,-125]],[[52712,83372],[-217,-407]],[[52495,82965],[-191,-620]],[[52304,82345],[-969,111]],[[51335,82456],[0,526]],[[57020,75855],[530,204]],[[56782,75145],[238,710]],[[55628,86788],[415,-120]],[[55470,85262],[-14,421],[172,1105]],[[35207,63877],[26,-640],[-281,-304]],[[34290,63028],[-213,948]],[[53133,62237],[1035,-398]],[[54168,61839],[562,-62]],[[54730,61777],[-138,-758]],[[66800,92665],[-506,30],[-112,-267]],[[66664,93953],[-68,-383],[256,-615]],[[61593,31600],[-472,-584]],[[58788,33140],[215,217],[411,-41]],[[90670,78995],[-147,-647]],[[88958,78939],[862,264],[850,-208]],[[61174,85872],[275,30],[283,564]],[[62290,86367],[207,-324],[-77,-745]],[[81841,55835],[-1173,-1663]],[[80668,54172],[-953,680],[-346,127],[-599,566]],[[78770,55545],[25,711],[-134,-7]],[[79427,57660],[2414,-1825]],[[82804,57171],[-963,-1336]],[[79470,57988],[176,334],[473,313]],[[80119,58635],[2516,-1421],[169,-43]],[[57159,72013],[81,-352]],[[55502,71016],[167,1019]],[[55669,72035],[632,50],[858,-72]],[[56205,29712],[-62,-287]],[[56143,29425],[-820,85],[-160,-234],[-341,142],[-1648,295]],[[53174,29713],[106,234],[2045,-335],[265,193],[615,-93]],[[76762,96342],[-302,136],[-170,367]],[[76132,96861],[234,1018],[732,-94]],[[44421,75531],[70,-326]],[[44491,75205],[126,-461]],[[43810,75023],[392,516]],[[62881,86535],[-23,-535],[281,-426],[-91,-371]],[[37512,58043],[574,-353]],[[38086,57690],[-29,-240],[432,-234]],[[38489,57216],[-249,-523],[-365,46]],[[37875,56739],[-1029,219],[-320,150]],[[36526,57108],[85,737],[349,488]],[[36960,58333],[552,-290]],[[70801,94643],[315,-318],[65,-381]],[[27890,1193],[-1241,-504],[-635,80]],[[26014,769],[39,1003],[-250,896],[-6,724],[-423,811],[202,234],[-73,390]],[[25794,5258],[1184,-916],[755,-467],[312,18],[333,-422],[-488,-2278]],[[70766,65516],[-315,32],[69,-286]],[[70179,66728],[314,-92],[548,-497]],[[71041,66139],[-275,-623]],[[78237,89854],[-582,501]],[[77655,90355],[-5,250]],[[77650,90605],[704,13],[459,-343],[140,123]],[[40810,61218],[729,-160],[450,-379],[281,-47]],[[42270,60632],[-10,-743]],[[70364,64307],[-9,-509]],[[37031,72442],[-337,-211],[166,1257]],[[60980,86085],[164,849],[-287,482]],[[23331,4207],[120,-162],[24,-963],[107,-320],[-12,-1544],[42,-1176]],[[23612,42],[-829,-42],[-1340,549]],[[21443,549],[9,904],[432,132],[135,534],[-150,153],[136,489],[-104,439],[158,477],[-135,200],[392,453]],[[84567,92830],[-590,459]],[[84085,94011],[570,42],[730,-261],[-155,-655]],[[68741,82805],[293,28]],[[59965,77006],[-61,285],[236,465]],[[73398,79537],[283,892]],[[90396,72990],[-20,-227],[474,-174]],[[89338,73414],[-48,-226],[1106,-198]],[[33088,81784],[96,-334],[335,-224]],[[33519,81226],[-14,-1116]],[[33505,80110],[24,-307]],[[32734,80026],[-434,762],[-391,-191],[-92,560],[241,540],[650,-63],[380,150]],[[80367,67378],[258,-131]],[[80453,66588],[-1439,250]],[[79182,68043],[387,-27]],[[57159,72013],[207,144]],[[57366,72157],[485,-75]],[[57851,72082],[-44,-931]],[[58572,71967],[-113,-941],[-546,70]],[[57851,72082],[721,-115]],[[43291,80285],[-916,-21]],[[42362,80659],[67,1161]],[[42429,81820],[338,701],[93,448]],[[72047,98300],[1524,-214]],[[73571,98086],[-246,-570],[-628,-437],[-274,-46],[-809,347]],[[71863,98033],[184,267]],[[74488,98648],[-418,-426],[-499,-136]],[[72047,98300],[77,815]],[[72124,99115],[704,-15],[1193,-164],[467,-288]],[[24548,4320],[-61,-561],[-28,-1855],[189,-498],[188,-977]],[[24836,429],[-665,-140],[-559,-247]],[[49594,62068],[-37,724]],[[49557,62792],[131,728]],[[49688,63520],[289,-90]],[[49977,63430],[435,-126]],[[50412,63304],[80,-308],[-186,-851],[-273,-354]],[[64762,55567],[-30,223],[-631,270]],[[50938,48463],[359,21]],[[51689,48448],[59,-452],[-510,-37]],[[65979,40268],[505,-383],[1498,-1470]],[[67982,38415],[-1121,-1008]],[[64550,40249],[252,256]],[[52285,58700],[-868,-203]],[[51417,58497],[-309,426],[-322,158]],[[52027,59550],[34,-199],[410,-33]],[[36295,70648],[350,-10]],[[36645,70638],[490,-180]],[[37509,69673],[-77,-284]],[[36126,69528],[134,767]],[[59905,37600],[163,355],[464,352],[227,-31]],[[61432,37608],[-70,-423]],[[61362,37185],[-225,-262]],[[71545,99050],[579,65]],[[74914,66408],[-836,243]],[[74078,66651],[-15,628],[-295,192]],[[73768,67471],[85,199]],[[42092,48942],[483,29]],[[42575,48971],[213,-279],[60,-696]],[[42848,47996],[-9,-307]],[[42539,47686],[-670,296]],[[59454,37209],[-115,-88]],[[59554,38557],[701,684]],[[60255,39241],[238,323]],[[65814,45801],[-450,66]],[[63811,45945],[-111,454]],[[87909,65421],[-208,-177],[-751,67]],[[86950,65311],[160,619]],[[87110,65930],[650,-197],[149,-312]],[[47535,51990],[1322,-369]],[[43065,76210],[704,162]],[[42911,75052],[154,1158]],[[58895,68804],[272,1220],[428,-112],[-42,-373],[511,-135],[-270,-768]],[[70583,88070],[-74,-265],[397,-287]],[[70906,87518],[28,-1092]],[[70319,88125],[264,-55]],[[81818,61998],[-161,-1494],[423,-231]],[[82080,60273],[-222,-390]],[[80045,60639],[142,852]],[[60309,65358],[143,-290],[812,8]],[[61264,65076],[171,-1078]],[[33519,81226],[951,-58]],[[34470,81168],[78,-412]],[[34506,79819],[-1001,291]],[[30793,46783],[512,-98],[-6,-556]],[[27850,46510],[-257,382],[485,371],[514,48],[75,280]],[[41969,63034],[-489,64],[-481,-129],[-1002,346]],[[39997,63315],[479,1027],[25,433]],[[40960,64897],[727,-196],[416,4]],[[41090,65756],[414,120],[467,-205]],[[41971,65671],[258,-436]],[[64905,90138],[61,522]],[[40650,85164],[-119,-1450]],[[40531,83714],[-176,-133]],[[40355,83581],[-641,24],[-206,-245]],[[39383,84015],[194,774],[-515,53]],[[38907,85911],[433,89]],[[37552,78191],[13,-334]],[[35701,52746],[390,562],[343,116],[-48,334],[262,761]],[[36648,54519],[355,267],[423,-499]],[[37426,54287],[-364,-1196]],[[37426,54287],[350,151],[67,-234]],[[36896,42884],[344,205]],[[37641,42965],[-200,-946]],[[37441,42019],[52,-754],[-297,43]],[[67745,84976],[-317,12],[199,696],[-52,342]],[[80707,62849],[13,985]],[[30966,17199],[-138,-295],[-48,-992],[269,-129],[561,-993],[-82,-353],[384,-381],[-214,-341],[171,-453],[-715,-517],[85,-528],[-111,-420],[95,-1148],[176,-211]],[[29301,8430],[-235,-6],[-438,384],[-406,-26],[-602,-484],[-261,-47],[-849,-1039],[-321,6],[-932,-939]],[[24317,6438],[877,864],[198,417],[-754,840],[228,1163],[191,1347],[363,1488],[554,1],[376,1187],[43,357],[-740,1230],[-514,88],[51,494],[-688,280],[-297,406],[161,367],[-395,875],[359,83]],[[48151,49157],[583,-5]],[[48734,49152],[-121,-533]],[[67097,84664],[15,646],[-132,466]],[[60449,30137],[-163,-248]],[[44702,73580],[-401,36]],[[58554,79424],[92,252]],[[58646,79676],[227,-26]],[[58873,79650],[320,-15]],[[59193,79635],[8,-332],[-391,63]],[[40383,51686],[-77,-425],[-606,48],[-223,-359]],[[58562,80313],[84,-637]],[[58392,78770],[-517,-668]],[[57814,80601],[748,-288]],[[50876,82083],[272,35],[187,338]],[[52304,82345],[-192,-931]],[[68241,57870],[802,-247],[338,-338],[-167,-326]],[[89966,62097],[-170,-174],[-464,18]],[[87321,63538],[252,644],[184,12],[350,1210]],[[88107,65404],[475,-36]],[[67614,99333],[-211,-389],[-458,-14]],[[67149,99684],[360,-54],[105,-297]],[[37544,55587],[532,-622]],[[36648,54519],[-266,503]],[[36593,55794],[951,-207]],[[63872,90963],[4,479],[689,-9]],[[64565,91433],[107,-226]],[[82739,78164],[465,-221]],[[50735,76903],[311,754]],[[34117,48377],[135,-9]],[[34252,48368],[-35,-593]],[[65680,70524],[-232,11],[-130,-738],[-244,36],[-206,-339]],[[64868,69494],[-271,365],[72,626],[577,215],[74,289]],[[77577,91086],[73,-481]],[[77655,90355],[-465,6],[-29,-222],[-569,141]],[[76592,90280],[191,585],[214,154]],[[72898,86550],[470,-62]],[[73368,86488],[-134,-888]],[[73234,85600],[-430,13]],[[48434,68718],[-356,-73]],[[47716,69228],[273,259],[565,-96]],[[48554,69391],[-120,-673]],[[85712,75608],[-94,-427]],[[84125,74456],[-125,146]],[[85059,76667],[291,-405],[317,-156]],[[36029,47257],[181,768]],[[31513,44038],[35,-147],[-625,-491]],[[75793,66440],[-350,-379],[211,-144],[-780,-745],[55,-607]],[[71708,65318],[-924,7],[-18,191]],[[71041,66139],[241,100],[188,506]],[[72176,66785],[236,372],[200,-190],[523,22],[263,192]],[[73398,67181],[-96,-448],[330,-58],[182,-415],[264,391]],[[58054,83096],[-327,229],[100,567]],[[40531,83714],[161,-96]],[[40055,82836],[300,745]],[[78031,64303],[-20,-342]],[[75756,63876],[199,416]],[[75955,64292],[358,192]],[[71327,94885],[720,-349]],[[40115,73307],[182,-120]],[[40297,73187],[-390,-422],[-45,-502]],[[61606,57933],[-469,121]],[[57000,48929],[-564,72],[-1054,284],[-385,404],[-596,-40]],[[54401,49649],[-329,256]],[[53875,50267],[590,-10],[241,272]],[[64632,83788],[193,1131]],[[65799,84804],[431,-705],[-8,-416]],[[45939,13049],[805,733]],[[56616,59218],[386,407]],[[57002,59625],[399,-354]],[[33710,41229],[669,-150]],[[34615,40302],[-19,-418],[-225,-145],[-926,324]],[[33445,40063],[265,1166]],[[59449,34648],[-217,-641],[-669,262]],[[73188,80623],[-746,-65]],[[72749,81968],[91,619]],[[67006,69625],[-338,-45],[-516,385]],[[66152,69965],[233,295]],[[66385,70260],[522,96],[260,-195]],[[37646,58534],[-134,-491]],[[36960,58333],[-304,238]],[[60620,39888],[-950,391]],[[59670,40279],[-75,58]],[[56341,30119],[-136,-407]],[[53174,29713],[-51,-103]],[[46869,39583],[893,474]],[[47762,40057],[874,581]],[[31608,44127],[524,-112]],[[31964,43422],[-177,-619]],[[31128,42665],[-187,-22]],[[74517,74837],[-5,577]],[[85806,91550],[540,-164],[456,-310],[-58,-534],[-1098,-58],[-228,-406]],[[85418,90078],[-741,176],[195,572],[-235,457],[142,472]],[[77827,79486],[229,-28],[184,661]],[[50960,32841],[197,495],[874,213],[821,94],[266,188],[242,-144],[468,133],[235,-290],[607,-104],[152,-191],[612,81]],[[55434,33316],[52,-508],[-160,-844],[236,-367]],[[61892,64146],[-457,-148]],[[61791,65095],[101,-949]],[[49329,55207],[-476,-753]],[[47757,54172],[-452,82]],[[47966,55664],[49,-8]],[[49043,55631],[286,-424]],[[68225,77373],[-54,-397],[140,-482]],[[67920,76170],[110,664],[-101,613]],[[47523,55780],[-11,256],[-1044,460],[31,462],[-215,555]],[[46957,57603],[-7,-465],[345,-337],[577,-205]],[[40051,71582],[-31,260]],[[40297,73187],[210,-129]],[[58172,26578],[-260,-445]],[[57912,26133],[-1614,761],[-987,615],[-1829,453],[-659,251]],[[62881,86535],[670,-41]],[[38819,58034],[-401,260]],[[38418,58294],[111,1001]],[[55246,21617],[-473,-1134]],[[52561,22175],[211,413],[248,-40]],[[31839,69700],[267,700]],[[47657,74860],[199,594],[27,512]],[[71142,80719],[-355,-23]],[[37752,13161],[-482,-330]],[[52400,73673],[-470,-1324]],[[51563,72365],[-420,366],[147,508],[-261,72]],[[34935,52994],[-303,81]],[[34632,53075],[-862,-33]],[[33770,53042],[134,613]],[[33904,53655],[125,543]],[[34029,54198],[384,-172],[207,514]],[[34620,54540],[133,264]],[[35561,54875],[-151,-692],[-475,-1189]],[[59015,88673],[-501,99]],[[58327,89745],[333,405],[494,-11]],[[44457,50145],[-176,79],[170,533],[-276,218],[50,264]],[[50761,77909],[-886,64]],[[78039,80779],[-210,-483]],[[77829,80296],[-264,-22],[-595,334],[-453,-16]],[[76517,80592],[-533,-20]],[[36124,64031],[373,-94],[290,-393]],[[51341,14555],[-305,-712]],[[51036,13843],[-1818,831],[-854,248],[-1382,132]],[[46982,15054],[-202,841],[-251,188],[183,219]],[[48309,18195],[-163,-359]],[[46982,15054],[-128,-215],[177,-532],[-72,-262]],[[43604,11898],[-324,-175]],[[40680,10497],[-130,2]],[[40436,10507],[-384,-25]],[[43512,17215],[782,-470],[605,1479],[610,405],[309,-41],[306,-340],[434,69],[-65,576]],[[42476,55422],[632,-167],[582,5],[752,-167],[387,33]],[[61879,57594],[-218,-645],[-211,-15]],[[64717,48814],[-407,-537]],[[63528,50236],[345,-183],[882,-706]],[[56143,29425],[-326,-598]],[[56822,66763],[40,-856],[-138,-365],[-32,-738]],[[55648,64767],[-195,50]],[[46372,69627],[316,83]],[[46688,69710],[395,-154]],[[47101,68631],[-393,-361],[-669,20]],[[53406,80796],[-575,-197]],[[52495,82965],[484,-109]],[[36623,82215],[86,532]],[[70527,61959],[-29,-140]],[[39796,77633],[26,-648]],[[76592,90280],[-90,31]],[[75921,91083],[1076,-64]],[[97080,69841],[-177,-522]],[[93376,72180],[777,-434],[143,-441],[968,-380],[765,-411]],[[84861,59329],[-1503,-1405]],[[83358,57924],[-1783,1322]],[[82080,60273],[284,87],[251,965]],[[75955,64292],[-867,236]],[[35012,76835],[-341,-41]],[[34520,77739],[578,248],[84,533],[163,78]],[[35345,78598],[37,-136],[-370,-1627]],[[37875,56739],[-61,-660],[-185,-26],[-85,-466]],[[36074,56073],[452,1035]],[[53050,83367],[-338,5]],[[33710,41229],[-431,214]],[[33279,41443],[-413,211]],[[32866,41654],[221,297],[28,1142],[-209,461]],[[43409,66503],[232,1172],[-843,139]],[[63125,87566],[355,-100],[116,-296],[427,-280]],[[35168,47900],[-75,242],[257,525]],[[76518,79725],[-1,867]],[[77829,80296],[-89,-561]],[[72011,92401],[584,-87],[83,-312],[380,-156]],[[74632,51937],[-260,-343],[-654,479],[10,290]],[[45057,69874],[15,395]],[[45799,70972],[536,-387],[379,15]],[[46714,70600],[66,-203]],[[46780,70397],[-92,-687]],[[81453,75013],[-185,-432],[-270,-98],[-740,58]],[[64340,78325],[-135,120]],[[64205,78445],[-8,1009]],[[49329,55207],[512,-28]],[[49841,55179],[443,-217]],[[50284,54962],[-6,-128]],[[86911,66390],[-681,233],[64,527]],[[67270,83894],[-150,-179],[-613,189]],[[66507,83904],[135,833]],[[66642,84737],[455,-73]],[[57084,39787],[-230,80],[-177,-359]],[[56303,39518],[-217,250],[-296,757]],[[42427,61148],[-11,464]],[[44181,61003],[-99,-517],[-456,-90]],[[43626,60396],[-499,59],[-134,485],[-566,208]],[[59652,98005],[-102,-407],[473,-1020],[141,21]],[[59270,95593],[-150,40]],[[58593,97903],[201,194]],[[34639,67381],[770,-371]],[[35409,67010],[392,-273]],[[70198,74672],[765,-25],[6,362]],[[71468,74992],[35,-495],[676,-187]],[[72179,74310],[153,-345]],[[72332,73965],[60,-425],[460,-51]],[[70802,72513],[-986,-42]],[[72332,73965],[408,31]],[[48944,46528],[52,273],[608,274]],[[50398,46428],[-368,-952]],[[78992,68854],[-125,-704]],[[66962,47590],[612,224],[188,253]],[[53620,63277],[897,-301],[-349,-1137]],[[90670,78995],[21,299],[623,-13],[119,200],[541,-120],[-5,-415],[991,-490]],[[34450,79095],[90,45]],[[35391,78672],[-46,-74]],[[50700,64669],[-131,-349],[-289,-132],[-303,-758]],[[34470,81168],[262,860]],[[34746,82400],[-52,445]],[[35944,83752],[713,-181]],[[58549,67107],[130,549]],[[64738,61343],[422,219]],[[44684,56800],[200,-68],[14,-856]],[[53473,17495],[-620,-1500]],[[51417,58497],[-96,-385],[402,-38],[22,-307],[357,-173]],[[51755,56668],[-281,-642],[-120,17]],[[50131,56890],[-307,307]],[[59015,88673],[-86,-270],[174,-382],[393,-22]],[[59485,87566],[-348,-165]],[[48434,68718],[341,87]],[[48775,68805],[-153,-1125],[29,-593],[359,-108]],[[49010,66979],[-36,-354]],[[48323,66838],[-23,313],[-1021,176]],[[47279,67327],[-12,144]],[[68303,70108],[179,978]],[[69586,70951],[-92,-738],[-161,-357]],[[69333,69856],[-1030,252]],[[55632,83500],[431,-16],[36,373],[550,-7],[109,-288],[441,-81]],[[57199,83481],[-99,-731]],[[36426,73610],[-221,25]],[[35903,72715],[-106,-26]],[[35009,74008],[-406,32],[-142,-210]],[[33488,74534],[283,195]],[[33771,74729],[1031,-156],[181,643]],[[34983,75216],[671,-43],[119,341]],[[49963,71851],[586,-5],[168,-221],[541,20]],[[50178,69748],[41,571],[-287,172]],[[49932,70491],[31,1360]],[[90396,72990],[113,863],[-251,99]],[[90582,74636],[1305,-263],[329,-206]],[[44491,75205],[1198,78]],[[36006,68885],[-488,83]],[[53746,73629],[-278,7]],[[47025,77192],[-555,-89]],[[46507,77709],[172,536]],[[46397,67628],[184,179]],[[47279,67327],[-197,-227],[-199,-705]],[[49620,52521],[20,-194]],[[43480,48703],[43,313]],[[43523,49016],[584,-201]],[[44107,48815],[-141,-518]],[[43516,48429],[-36,274]],[[40998,47870],[-417,19]],[[35228,57037],[-70,242]],[[62919,33140],[-924,-1044]],[[59865,33845],[480,842]],[[60345,34687],[387,57],[353,-359],[1379,-891],[455,-354]],[[41267,85076],[-173,-482],[-114,-1053]],[[37773,68043],[-63,530],[-331,20],[-18,286]],[[49293,85180],[-747,97]],[[50121,86747],[-408,-900],[-96,-642]],[[63044,94755],[-388,-1]],[[45598,79518],[196,-372],[715,62]],[[62934,72405],[180,-1109]],[[63114,71296],[-246,-24]],[[61785,72900],[845,-107]],[[44370,47310],[-393,71]],[[44107,48815],[511,513]],[[44618,49328],[49,-330],[304,-265],[-408,-456],[-193,-967]],[[43065,76210],[-469,53]],[[42596,76263],[120,482],[-32,750]],[[42684,77495],[45,413]],[[74091,85595],[-857,5]],[[73368,86488],[642,-86]],[[44370,47310],[-91,-237]],[[44084,45416],[-251,296]],[[43833,45712],[63,1484]],[[58980,93401],[31,282]],[[59011,93683],[1359,-106]],[[59674,92097],[-674,220]],[[58973,94401],[38,-718]],[[57860,93312],[-282,26],[-415,911],[127,249]],[[57290,94498],[621,135]],[[57911,94633],[314,32],[748,-264]],[[74488,98648],[173,-209],[-226,-579],[41,-328],[267,-79],[95,-761]],[[43833,45712],[-264,-65]],[[43569,45647],[-285,1139]],[[54986,71284],[161,-598],[-147,-1098]],[[53455,71811],[218,278]],[[53673,72089],[52,-837],[1261,32]],[[32319,41429],[547,225]],[[33279,41443],[17,-289],[-307,-125],[-93,-389]],[[44618,49328],[27,208]],[[61839,36861],[-477,324]],[[59670,40279],[-20,-683],[605,-355]],[[57015,39263],[180,474]],[[43480,48703],[-209,-6],[-46,-758]],[[43225,47939],[-377,57]],[[42575,48971],[-18,197]],[[43199,49213],[324,-197]],[[81141,72483],[4,128]],[[40056,74460],[561,-97],[-114,-837],[-441,76]],[[36947,71449],[-436,-49]],[[45718,10354],[246,-274]],[[48259,8476],[-199,-224]],[[48060,8252],[-1721,920],[-1069,641],[-186,-447],[-341,83]],[[78722,65528],[-300,71]],[[65729,41733],[297,622],[33,367]],[[66449,42723],[202,-154]],[[66651,42569],[87,-377],[403,-325],[344,-27]],[[67485,41840],[-786,-443],[-200,-226]],[[41255,46900],[318,-46]],[[41573,46854],[674,51],[273,410]],[[43569,45647],[-104,-148]],[[43465,45499],[-175,-61],[-505,-738],[-290,-132]],[[25597,38080],[69,-934],[-352,-626],[-560,-139],[-294,-291],[-494,261]],[[23966,36351],[58,200],[-278,413]],[[23746,36964],[70,564],[598,1548]],[[49060,67168],[-50,-189]],[[48775,68805],[483,-12]],[[49258,68793],[-198,-1625]],[[49841,55179],[104,470]],[[50954,55202],[-61,-286],[-609,46]],[[57959,59890],[62,826]],[[76877,56585],[-238,-717],[-419,-275]],[[77704,88601],[-1119,358]],[[85999,85212],[-206,-740],[672,-145],[-162,-986],[-157,-52]],[[86146,83289],[-652,292],[-237,-66]],[[84842,84637],[-797,636]],[[42186,86861],[13,-145]],[[40693,87357],[785,-52]],[[49557,62792],[-512,173]],[[49045,62965],[40,1075]],[[73768,67471],[-370,-290]],[[71560,67369],[-367,443],[-869,63]],[[58895,68804],[-399,-28],[-788,187]],[[57518,69168],[240,1325]],[[58572,71967],[120,4]],[[68735,75188],[738,-201]],[[69473,74987],[-98,-290]],[[62746,63991],[237,1389]],[[62983,65380],[1062,-225],[275,-687]],[[62669,63058],[-549,-2]],[[62120,63056],[105,420],[521,515]],[[71258,50046],[185,1]],[[44145,41221],[580,-316]],[[34471,6248],[17,-949]],[[35117,4672],[-63,-1413]],[[35054,3259],[-1062,-177]],[[42480,39339],[-897,-109],[25,584]],[[88107,65404],[-198,17]],[[87110,65930],[-225,52]],[[86885,65982],[185,370]],[[87389,67028],[747,60]],[[88136,67088],[296,-225],[59,-317],[640,-268]],[[69680,40029],[-657,-717],[-1041,-897]],[[86885,65982],[-439,71]],[[85592,66331],[199,765]],[[54401,49649],[-15,-258],[304,-171],[-111,-276],[607,-440],[304,110],[-93,-335],[859,88],[323,-385],[339,-121]],[[68482,71086],[-502,-43],[-375,361],[-22,435]],[[49101,55934],[865,-116]],[[40416,47886],[-107,-814]],[[38634,47346],[445,75],[85,1057],[-554,-20]],[[39051,48913],[353,-203],[259,639]],[[39663,49349],[-31,-1092],[665,-354]],[[42427,61148],[-157,-516]],[[39774,61695],[174,314],[-603,112]],[[39808,63347],[189,-32]],[[48060,8252],[-839,-1059]],[[49839,49109],[143,690]],[[57366,72157],[-175,211],[134,808]],[[40796,67963],[158,-161]],[[40848,66833],[-530,145],[-443,-160],[-105,-414]],[[39770,66404],[-940,121]],[[73672,87336],[-603,52]],[[66038,67259],[-86,-829]],[[65422,65826],[-314,225],[-324,1156]],[[42570,73244],[45,247]],[[43708,73481],[563,-762]],[[41204,73004],[158,211],[645,-70]],[[42007,73145],[-55,-409],[316,-192],[412,178],[126,381],[-236,141]],[[63411,71247],[-297,49]],[[42570,73244],[-563,-99]],[[40331,75953],[810,-174]],[[41557,75486],[710,-112],[287,837]],[[42554,76211],[42,52]],[[64698,68346],[78,832],[500,234]],[[65276,69412],[425,118],[66,394],[385,41]],[[66412,69033],[-294,327],[-302,-33],[-72,-1057]],[[65709,68114],[-923,168]],[[37441,42019],[677,-94]],[[33834,82015],[409,-96],[489,109]],[[33088,81784],[40,303],[537,95],[169,-167]],[[94707,75270],[-177,-678],[-161,-147]],[[93348,74624],[175,235],[-263,174]],[[83870,79386],[-814,-2]],[[83056,79384],[75,653]],[[83358,57924],[-554,-753]],[[34378,72381],[43,-173]],[[32804,71585],[267,1014]],[[33071,72599],[454,34],[277,-365],[576,113]],[[51711,64446],[-305,309],[110,1128]],[[43087,51982],[81,-437],[-229,-526]],[[61679,36621],[-380,-535],[-617,284]],[[41279,56570],[-166,-410],[396,-265]],[[40032,55548],[-1,316]],[[46717,71233],[-422,-166],[-468,94]],[[45578,71809],[236,229],[1080,67]],[[46894,72105],[-177,-872]],[[55835,36715],[201,-40]],[[50677,86160],[-284,-927]],[[82127,88803],[-128,145]],[[83700,88914],[313,-61]],[[83889,88038],[-1358,391]],[[80578,72678],[567,-67]],[[31894,30516],[1496,-679],[169,263]],[[83056,79384],[-131,-235],[-642,25]],[[82137,79444],[176,79],[256,687]],[[59169,90834],[-893,346],[-291,-91]],[[57985,91089],[143,389],[-25,734]],[[67254,43263],[-603,-694]],[[82324,67331],[-369,690],[-731,111]],[[43893,41247],[-320,854]],[[57798,54455],[-349,-401],[1,-758]],[[76394,92706],[-473,-1623]],[[40366,77542],[-50,-491],[-494,-66]],[[56626,33269],[292,-920],[-18,-585]],[[71705,88611],[-136,282]],[[71569,88893],[167,328]],[[57672,97963],[-914,133],[-31,491],[162,484]],[[57945,99763],[781,8],[-26,-293],[514,-95]],[[68303,70108],[-394,-87]],[[66385,70260],[1,108]],[[52600,53547],[830,-303]],[[35409,67010],[288,389],[430,-72]],[[36127,67327],[357,-73]],[[80668,54172],[-465,-660]],[[77868,55580],[730,95],[172,-130]],[[67182,82898],[261,1001]],[[78031,64303],[512,51]],[[41283,37672],[-97,242],[215,598],[-76,268],[283,1034]],[[34029,54198],[-170,121],[-1317,205],[-266,132]],[[32276,54656],[435,506]],[[32711,55162],[1152,-245],[757,-377]],[[51293,24250],[801,-107],[339,130],[677,-383],[749,66],[101,-139]],[[69980,76598],[-148,-68]],[[68547,77816],[477,-213],[652,-46]],[[64236,51224],[102,13]],[[53738,72370],[-65,-281]],[[34747,52670],[-115,405]],[[34935,52994],[502,-36],[264,-212]],[[35438,52171],[-420,4]],[[55114,72417],[175,-466]],[[55289,71951],[-303,-667]],[[63686,70821],[-28,-306],[-701,-8]],[[32838,40380],[317,-324],[290,7]],[[85344,68321],[-777,365]],[[85060,69870],[604,-477],[-14,-268]],[[51018,63475],[-583,30],[-23,-201]],[[75345,56699],[-334,-647]],[[64448,87828],[-2,355]],[[64565,91433],[172,711]],[[41203,81199],[236,853]],[[41439,82052],[214,-132],[776,-100]],[[73841,58242],[-586,104],[-799,319]],[[73798,59829],[1169,-682],[-66,-725]],[[55952,76202],[610,-87],[458,-260]],[[54020,53561],[14,893]],[[41199,66478],[-284,-705]],[[39721,65905],[49,499]],[[46780,70397],[151,136],[684,-3],[367,828]],[[48627,71669],[359,-117],[14,-397],[218,-82],[-58,-472]],[[49160,70601],[-403,-307],[-203,-903]],[[88843,79142],[25,-204]],[[49478,10063],[-734,-797],[-79,-305]],[[34165,44633],[145,528]],[[20814,674],[-648,199],[-264,272],[-1016,-47]],[[18581,4270],[1642,-41],[1071,186]],[[21294,4415],[36,-814],[-95,-718],[-366,-953],[-55,-1256]],[[49963,71851],[-141,98],[148,860]],[[47024,41971],[324,-170],[141,-438],[-34,-1162],[307,-144]],[[72977,78355],[-642,173],[-70,-123]],[[85418,90078],[332,-423]],[[85430,89534],[-1326,436]],[[64453,34510],[-1534,-1370]],[[60345,34687],[-298,415],[-386,14]],[[46313,65586],[-34,-928]],[[45423,65004],[77,462],[-313,150]],[[45099,66019],[254,360]],[[45353,66379],[260,-266],[383,-45]],[[26014,769],[-1178,-340]],[[35328,7580],[-54,-497]],[[35496,76512],[-469,127],[-15,196]],[[80419,70374],[245,429]],[[31282,2966],[-952,-696],[-838,-405],[-818,-286],[-784,-386]],[[21443,549],[-629,125]],[[21294,4415],[322,38],[610,330]],[[55049,86452],[-23,264]],[[55026,86716],[602,72]],[[44841,59796],[-398,-1031],[-31,-503]],[[43629,58538],[-37,1056],[-441,147]],[[43151,59741],[20,280],[455,375]],[[57912,26133],[-713,-1105]],[[78554,64578],[-456,63]],[[54440,79911],[283,169],[-27,536]],[[43229,44178],[-468,73]],[[43465,45499],[-236,-1321]],[[66456,83629],[51,275]],[[33404,45552],[298,-32],[237,436]],[[29616,37646],[360,841],[-218,664],[264,453],[-382,146],[11,1117]],[[30537,41160],[78,-258],[738,-128]],[[34677,50982],[-396,-400]],[[33842,51151],[141,385]],[[28946,33265],[-592,411],[-715,70],[-673,467],[-500,-236],[-1700,861],[-754,48],[-276,404],[-116,644],[346,417]],[[36127,67327],[-89,1012],[74,501]],[[69869,75693],[-107,-619],[-289,-87]],[[47834,84585],[693,-31]],[[47301,83270],[364,1283],[169,32]],[[47919,84944],[-85,-359]],[[42314,84232],[-6,380],[-419,249],[173,586]],[[85020,67123],[-39,-125]],[[39510,65014],[-49,-124],[-714,193]],[[46717,71233],[-3,-633]],[[40329,48803],[-666,546]],[[80463,87836],[70,-214]],[[66823,96057],[98,535],[180,14]],[[78599,96948],[-59,-426]],[[77208,97762],[1045,-183]],[[42819,66285],[-708,106]],[[42111,66391],[-556,75]],[[34601,75675],[160,-411],[222,-48]],[[33771,74729],[116,682]],[[33904,53655],[-1682,410]],[[32222,54065],[54,591]],[[61853,73222],[93,542],[270,29]],[[62216,73793],[235,200]],[[60654,74126],[429,-92],[143,-743]],[[51726,55296],[-442,571]],[[41971,65671],[140,720]],[[49827,66957],[-104,-880]],[[49060,67168],[719,-56],[48,-155]],[[40957,78028],[737,-328],[91,-270]],[[41785,77430],[-4,-1044]],[[41781,76386],[-55,-196]],[[41439,82548],[0,-496]],[[86135,64321],[614,727]],[[86749,65048],[201,263]],[[66665,85926],[-23,-1189]],[[65226,77917],[-115,-824]],[[65111,77093],[-399,101],[-267,-605],[-86,-651]],[[63924,77147],[148,249],[133,1049]],[[85105,82649],[313,-128]],[[85418,82521],[-325,-750]],[[85093,81771],[-424,39]],[[39737,44693],[-471,-40],[-220,-881]],[[39046,43772],[-138,56]],[[46979,73267],[-428,104],[-367,297]],[[46775,75037],[508,-98]],[[47283,74939],[245,-89]],[[86070,65408],[186,-286],[493,-74]],[[59610,77035],[-298,-148]],[[58506,77026],[168,554],[-4,928]],[[59193,79635],[313,45]],[[37889,42961],[216,-520]],[[45353,66379],[-603,142]],[[44879,67544],[650,31]],[[36617,84405],[235,-40]],[[35989,84167],[226,271]],[[53939,56803],[-289,109]],[[50463,67775],[312,1436]],[[66100,58075],[-98,-809]],[[48709,72668],[-38,-221]],[[47961,71715],[-960,231],[-107,159]],[[46894,72105],[-10,593]],[[61831,75244],[-710,-25]],[[63033,75915],[-361,-47]],[[62775,78368],[288,-82],[14,-427],[420,-29],[-69,-589]],[[68558,68050],[-84,-378],[-24,-1152]],[[41331,47550],[261,-110],[-19,-586]],[[62934,53263],[-556,-55]],[[62378,53208],[-306,1038]],[[59099,28095],[-407,-644]],[[52865,49384],[-302,41],[138,729]],[[56924,76943],[-600,58]],[[61756,53370],[622,-162]],[[43225,47939],[101,-53]],[[46548,80347],[-517,5]],[[43595,44290],[-366,-112]],[[32616,47113],[-45,-666]],[[32583,46278],[-427,19],[-224,-227],[-347,6],[-211,-590]],[[86620,75829],[304,-492]],[[32334,45208],[338,-4]],[[85093,81771],[-48,-249],[750,-276],[-64,-172]],[[86830,69858],[-229,-566]],[[69136,88114],[-404,-33]],[[68169,88174],[-24,461]],[[59380,86671],[305,565],[-15,300]],[[70906,87518],[539,-53]],[[34611,84255],[235,583],[1409,201]],[[56195,56432],[-394,-236],[-372,-471]],[[43151,59741],[-403,-6]],[[65267,63813],[1043,-133]],[[48975,62543],[70,422]],[[49932,70491],[-462,40]],[[49470,70531],[80,423],[-332,766],[95,1094]],[[57291,83915],[-92,-434]],[[76544,72356],[-1,-913],[-369,-596]],[[59660,82198],[459,-37]],[[60101,81679],[-220,-356],[-10,-791]],[[59543,80537],[-918,125],[-63,-349]],[[63472,66545],[69,-324]],[[63541,66221],[-291,-202],[-267,-639]],[[62983,65380],[-699,97]],[[62498,66605],[974,-60]],[[47283,74939],[-22,957]],[[47261,75896],[24,173]],[[44732,73362],[-78,-653]],[[83669,73203],[-359,227]],[[65111,77093],[500,-30]],[[65992,76027],[-71,-905]],[[61655,95896],[163,407]],[[45582,67674],[-100,295]],[[41781,76386],[773,-175]],[[56273,86978],[138,491]],[[56411,87469],[607,-31]],[[58973,94401],[329,-74],[-28,291]],[[55669,72035],[-380,-84]],[[39046,43772],[39,-170]],[[67377,88628],[79,-453]],[[58917,54267],[21,-526]],[[49285,49916],[-275,8],[22,-329],[-298,-443]],[[63020,59304],[153,-9]],[[55621,61645],[-891,132]],[[38418,58294],[-300,5]],[[38118,58299],[-304,149]],[[31123,41632],[-237,44]],[[47848,44908],[27,-712]],[[46818,45423],[388,58]],[[52091,50155],[-257,29],[-343,-436],[-9,-300]],[[62216,73793],[-59,591],[-344,111],[28,611]],[[58873,79650],[36,620],[-347,43]],[[40929,78869],[-386,72]],[[33834,82015],[45,621],[211,352]],[[56411,87469],[191,796]],[[57911,94633],[123,678]],[[57002,59625],[-915,841],[27,868]],[[47572,62027],[-314,-4],[-422,485]],[[47015,75868],[246,28]],[[72179,74310],[510,403]],[[23746,36964],[-967,610],[-168,563],[731,498],[-28,467],[542,310]],[[65276,69412],[-408,82]],[[62746,63991],[-854,155]],[[71569,88893],[-231,64],[-295,-515],[-460,-372]],[[45213,73354],[93,-580],[-209,-129]],[[60104,98680],[402,-391]],[[86146,83289],[-108,-609],[-620,-159]],[[41785,77430],[899,65]],[[80952,95776],[295,-61],[-247,-935]],[[47963,61063],[199,125]],[[37230,71162],[-341,22],[-244,-546]],[[61374,62980],[19,-120],[727,196]],[[43295,49651],[900,20],[55,174]],[[88136,67088],[338,455]],[[67614,99333],[1063,-160]],[[38118,58299],[-32,-609]],[[38438,3511],[-600,303],[-741,-65]],[[37097,3749],[-177,1085],[194,515],[-28,623],[311,60]],[[56782,24423],[-178,-312]],[[38868,57018],[-379,198]],[[53393,56960],[-146,0]],[[64784,67207],[-145,-177],[-849,147],[-318,-632]],[[38875,55452],[75,561]],[[49827,66957],[396,-34]],[[46038,47335],[730,-260],[31,147]],[[32711,55162],[182,199],[364,-64]],[[63541,66221],[1132,-301],[749,-94]],[[49258,68793],[48,315],[400,277],[458,-46]],[[49470,70531],[-310,70]],[[56411,87469],[-769,189]],[[55642,87658],[291,791]],[[57290,94498],[-645,253]],[[55149,87447],[-289,-699],[166,-32]],[[60254,98955],[792,-3]],[[65385,52064],[-65,648],[230,269],[159,933]],[[34378,72381],[124,886],[-143,78]],[[33613,52707],[157,335]],[[36722,84946],[134,420],[711,13]],[[33071,72599],[187,814]],[[56939,90835],[45,446],[1001,-192]],[[55235,87735],[407,-77]],[[61535,98534],[202,-273],[741,-9],[-22,208]],[[34749,48169],[-497,199]],[[32343,53049],[-121,1016]],[[51036,13843],[-457,-1130]],[[37097,3749],[-1310,-394],[-733,-96]]],"transform":{"scale":[9.661996619966315e-06,8.717987179871807e-06],"translate":[83.49712,24.50345]},"objects":{"villages":{"type":"GeometryCollection","geometries":[{"arcs":[[0,1,2,3]],"type":"Polygon","properties":{"n":"Adain","c":251825,"d":"Rohtas","s":"BIHAR"}},{"arcs":[[4,5,6,7,8,9]],"type":"Polygon","properties":{"n":"Admapur","c":252159,"d":"Rohtas","s":"BIHAR"}},{"arcs":[[10,11,12,13]],"type":"Polygon","properties":{"n":"Adhaura","c":251259,"d":"Rohtas","s":"BIHAR"}},{"arcs":[[14,15,16]],"type":"Polygon","properties":{"n":"Baijalpur","c":252077,"d":"Rohtas","s":"BIHAR"}},{"arcs":[[17,18,19,20,21,22]],"type":"Polygon","properties":{"n":" ","c":250673,"d":"Rohtas","s":"BIHAR"}},{"arcs":[[23,24,25,26]],"type":"Polygon","properties":{"n":"Admapur","c":252440,"d":"Rohtas","s":"BIHAR"}},{"arcs":[[27,28,29,30,31,32,33]],"type":"Polygon","properties":{"n":"Agarsidehra","c":250753,"d":"Rohtas","s":"BIHAR"}},{"arcs":[[34,35,36,37]],"type":"Polygon","properties":{"n":"Agini","c":251431,"d":"Rohtas","s":"BIHAR"}},{"arcs":[[38,39,40,41,42]],"type":"Polygon","properties":{"n":"Agni","c":252472,"d":"Rohtas","s":"BIHAR"}},{"arcs":[[43,44,45,46,47]],"type":"Polygon","properties":{"n":"Agrer","c":252374,"d":"Rohtas","s":"BIHAR"}},{"arcs":[[48,49,50,51,52,53,54,55,56]],"type":"Polygon","properties":{"n":"Agrer Kalan","c":251122,"d":"Rohtas","s":"BIHAR"}},{"arcs":[[57,58,59,60,61]],"type":"Polygon","properties":{"n":"Ahan","c":251283,"d":"Rohtas","s":"BIHAR"}},{"arcs":[[62,63,64,65,66]],"type":"Polygon","properties":{"n":"Ahirawan","c":252540,"d":"Rohtas","s":"BIHAR"}},{"arcs":[[67,68,69,70,71]],"type":"Polygon","properties":{"n":"Ahibaranpur","c":252552,"d":"Rohtas","s":"BIHAR"}},{"arcs":[[72,73,74,75]],"type":"Polygon","properties":{"n":"Ahibaranpur","c":251322,"d":"Rohtas","s":"BIHAR"}},{"arcs":[[76,77,78,79,80]],"type":"Polygon","properties":{"n":"Ahir Chaunri","c":251085,"d":"Rohtas","s":"BIHAR"}},{"arcs":[[81,82,83,84,85,86,87]],"type":"Polygon","properties":{"n":"Ahirawan","c":251009,"d":"Rohtas","s":"BIHAR"}},{"arcs":[[88,89,90,91,92]],"type":"Polygon","properties":{"n":"Ahladpur","c":252251,"d":"Rohtas","s":"BIHAR"}},{"arcs":[[93,94,95]],"type":"Polygon","properties":{"n":"Ahmad Chak","c":252224,"d":"Rohtas","s":"BIHAR"}},{"arcs":[[96,97,98,99,100,101,102,103]],"type":"Polygon","properties":{"n":"Ahrawan","c":252352,"d":"Rohtas","s":"BIHAR"}},{"arcs":[[104,105,106,107,108,109,110,111,112]],"type":"Polygon","properties":{"n":"Akasi","c":252377,"d":"Rohtas","s":"BIHAR"}},{"arcs":[[113,114,115,116,117,118]],"type":"Polygon","properties":{"n":"Akorhi","c":251829,"d":"Rohtas","s":"BIHAR"}},{"arcs":[[119,120,121,122]],"type":"Polygon","properties":{"n":"Akhtiarpur","c":251693,"d":"Rohtas","s":"BIHAR"}},{"arcs":[[123,124,125,126,127]],"type":"Polygon","properties":{"n":"Akorha","c":252119,"d":"Rohtas","s":"BIHAR"}},{"arcs":[[128,129,130,131]],"type":"Polygon","properties":{"n":"Akorha","c":251047,"d":"Rohtas","s":"BIHAR"}},{"arcs":[[132,133,134,135,136,137,138]],"type":"Polygon","properties":{"n":"Akorhi","c":252521,"d":"Rohtas","s":"BIHAR"}},{"arcs":[[139,140,141,142,143,144,145,146,147,148]],"type":"Polygon","properties":{"n":" ","c":0,"d":"Rohtas","s":"BIHAR"}},{"arcs":[[149,150,151,152,153,154,155,156,157,158,159,160]],"type":"Polygon","properties":{"n":"Alampur","c":252272,"d":"Rohtas","s":"BIHAR"}},{"arcs":[[161,162,163,164,165,166,167,168]],"type":"Polygon","properties":{"n":"Aliganj","c":251146,"d":"Rohtas","s":"BIHAR"}},{"arcs":[[169,170,171,172]],"type":"Polygon","properties":{"n":"Alinagar","c":252613,"d":"Rohtas","s":"BIHAR"}},{"arcs":[[173,174,175,176,177,178,179]],"type":"Polygon","properties":{"n":"Amarhi","c":251466,"d":"Rohtas","s":"BIHAR"}},{"arcs":[[180,181,182,183,184]],"type":"Polygon","properties":{"n":"Amadah","c":251539,"d":"Rohtas","s":"BIHAR"}},{"arcs":[[185,186,187,188]],"type":"Polygon","properties":{"n":" ","c":252049,"d":"Rohtas","s":"BIHAR"}},{"arcs":[[189,190,191,192,193,194,195,196,197]],"type":"Polygon","properties":{"n":"Amaithi","c":251496,"d":"Rohtas","s":"BIHAR"}},{"arcs":[[198,199,200,201,202,203]],"type":"Polygon","properties":{"n":"Amalawa","c":251405,"d":"Rohtas","s":"BIHAR"}},{"arcs":[[204,205,206,207,208,209,210]],"type":"Polygon","properties":{"n":"Amarpur","c":251459,"d":"Rohtas","s":"BIHAR"}},{"arcs":[[211,212,213,214,215]],"type":"Polygon","properties":{"n":"Amarsidehra","c":250739,"d":"Rohtas","s":"BIHAR"}},{"arcs":[[216,217,218,219,220,221,222]],"type":"Polygon","properties":{"n":"Amathu","c":251192,"d":"Rohtas","s":"BIHAR"}},{"arcs":[[223,224,225,226,227,228,229]],"type":"Polygon","properties":{"n":"Amauna","c":251165,"d":"Rohtas","s":"BIHAR"}},{"arcs":[[230,231,232,233,234,235]],"type":"Polygon","properties":{"n":"Amaura","c":251362,"d":"Rohtas","s":"BIHAR"}},{"arcs":[[236,237,238,239,240,241,242]],"type":"Polygon","properties":{"n":"Ambalia","c":251775,"d":"Rohtas","s":"BIHAR"}},{"arcs":[[243,244,245,246]],"type":"Polygon","properties":{"n":"Amdih","c":252674,"d":"Rohtas","s":"BIHAR"}},{"arcs":[[247,248,249,250,251,252,253]],"type":"Polygon","properties":{"n":"Amhaita","c":250713,"d":"Rohtas","s":"BIHAR"}},{"arcs":[[254,255,256,257,258,259,260]],"type":"Polygon","properties":{"n":"Amiawar","c":251445,"d":"Rohtas","s":"BIHAR"}},{"arcs":[[261,262,263]],"type":"Polygon","properties":{"n":"Amma Pokhar","c":251175,"d":"Rohtas","s":"BIHAR"}},{"arcs":[[264,265,266,267,268,269,270,271]],"type":"Polygon","properties":{"n":"Amona","c":251343,"d":"Rohtas","s":"BIHAR"}},{"arcs":[[272,273,274,275,276]],"type":"Polygon","properties":{"n":"Amra","c":252433,"d":"Rohtas","s":"BIHAR"}},{"arcs":[[277,278,279,-204,280,281,-205,282,283,284]],"type":"Polygon","properties":{"n":"Amratha","c":251278,"d":"Rohtas","s":"BIHAR"}},{"arcs":[[285,286,287,-273,288,289]],"type":"Polygon","properties":{"n":"Amri","c":252434,"d":"Rohtas","s":"BIHAR"}},{"arcs":[[290,291,292,-150]],"type":"Polygon","properties":{"n":"Amtha","c":252270,"d":"Rohtas","s":"BIHAR"}},{"arcs":[[293,294,295,296,297,298,299]],"type":"Polygon","properties":{"n":"Amuwa","c":251019,"d":"Rohtas","s":"BIHAR"}},{"arcs":[[300,301,302]],"type":"Polygon","properties":{"n":"Anandi Chak","c":252085,"d":"Rohtas","s":"BIHAR"}},{"arcs":[[303,304,305,306]],"type":"Polygon","properties":{"n":"Anantpura","c":252162,"d":"Rohtas","s":"BIHAR"}},{"arcs":[[307,308,309,-22,310,311]],"type":"Polygon","properties":{"n":"Andaur","c":250675,"d":"Rohtas","s":"BIHAR"}},{"arcs":[[312,313,314,315,316,317,318,319,320,321,322]],"type":"Polygon","properties":{"n":"Andaur","c":250763,"d":"Rohtas","s":"BIHAR"}},{"arcs":[[-53,323,324,325,326,327]],"type":"Polygon","properties":{"n":"Angrer Khurd","c":251121,"d":"Rohtas","s":"BIHAR"}},{"arcs":[[328,329,330,331,332]],"type":"Polygon","properties":{"n":"Anhar","c":251149,"d":"Rohtas","s":"BIHAR"}},{"arcs":[[333,334,-316,335,336,337,338,339,340]],"type":"Polygon","properties":{"n":"Ankorha","c":250932,"d":"Rohtas","s":"BIHAR"}},{"arcs":[[341,342,343,344]],"type":"Polygon","properties":{"n":"Ankrehiya","c":250896,"d":"Rohtas","s":"BIHAR"}},{"arcs":[[345,346,347,348]],"type":"Polygon","properties":{"n":"Anrudhpur","c":251802,"d":"Rohtas","s":"BIHAR"}},{"arcs":[[349,350,351,352,353,354,355,356,357]],"type":"Polygon","properties":{"n":"Anwarhi","c":251044,"d":"Rohtas","s":"BIHAR"}},{"arcs":[[358,359,360,361,362]],"type":"Polygon","properties":{"n":"Atpa","c":251243,"d":"Rohtas","s":"BIHAR"}},{"arcs":[[363,364,365]],"type":"Polygon","properties":{"n":"Arang","c":250969,"d":"Rohtas","s":"BIHAR"}},{"arcs":[[366,367,368,369,370,371]],"type":"Polygon","properties":{"n":"Ararua","c":251642,"d":"Rohtas","s":"BIHAR"}},{"arcs":[[372,373,374,375,376]],"type":"Polygon","properties":{"n":"Arazi Sarae","c":252255,"d":"Rohtas","s":"BIHAR"}},{"arcs":[[377,-88,378,379,380,381,382,383]],"type":"Polygon","properties":{"n":"Arila Raghunathpur","c":250985,"d":"Rohtas","s":"BIHAR"}},{"arcs":[[384,385,386,387,388,389,390,391,392,393,-355]],"type":"Polygon","properties":{"n":"Arthu","c":251035,"d":"Rohtas","s":"BIHAR"}},{"arcs":[[394,395,-47,396,397,398,399]],"type":"Polygon","properties":{"n":"Aruhi","c":251875,"d":"Rohtas","s":"BIHAR"}},{"arcs":[[400,-83,401,402,403,404]],"type":"Polygon","properties":{"n":"Asia","c":251010,"d":"Rohtas","s":"BIHAR"}},{"arcs":[[405,406,407,408,409,410]],"type":"Polygon","properties":{"n":"Ashikpur","c":252338,"d":"Rohtas","s":"BIHAR"}},{"arcs":[[411,412,413,414]],"type":"Polygon","properties":{"n":"Asmardih","c":251402,"d":"Rohtas","s":"BIHAR"}},{"arcs":[[415,416,417,418,419,420,421]],"type":"Polygon","properties":{"n":"Athrolia","c":250697,"d":"Rohtas","s":"BIHAR"}},{"arcs":[[422,423,424,425,426]],"type":"Polygon","properties":{"n":"Atimi","c":251440,"d":"Rohtas","s":"BIHAR"}},{"arcs":[[427,428,429]],"type":"Polygon","properties":{"n":"Atrauliya","c":251154,"d":"Rohtas","s":"BIHAR"}},{"arcs":[[430,431,432,433,434,435,436]],"type":"Polygon","properties":{"n":"Khadauli","c":251963,"d":"Rohtas","s":"BIHAR"}},{"arcs":[[-329,437,438,439]],"type":"Polygon","properties":{"n":"Atrauliya","c":251148,"d":"Rohtas","s":"BIHAR"}},{"arcs":[[440,441,442,443]],"type":"Polygon","properties":{"n":"Aunrai","c":251534,"d":"Rohtas","s":"BIHAR"}},{"arcs":[[444,445,446]],"type":"Polygon","properties":{"n":"Auraiya","c":252094,"d":"Rohtas","s":"BIHAR"}},{"arcs":[[447,448,449,450,451,452]],"type":"Polygon","properties":{"n":"Auraiya","c":252031,"d":"Rohtas","s":"BIHAR"}},{"arcs":[[453,454,455,456,457,458,459]],"type":"Polygon","properties":{"n":"Auraiyan","c":252124,"d":"Rohtas","s":"BIHAR"}},{"arcs":[[460,461,462,463]],"type":"Polygon","properties":{"n":"Auwan","c":252180,"d":"Rohtas","s":"BIHAR"}},{"arcs":[[464,465,466]],"type":"Polygon","properties":{"n":"Ayar Kotha","c":252546,"d":"Rohtas","s":"BIHAR"}},{"arcs":[[467,468,469,470,471]],"type":"Polygon","properties":{"n":"Babhandih","c":251417,"d":"Rohtas","s":"BIHAR"}},{"arcs":[[472,473,474,475]],"type":"Polygon","properties":{"n":"Babhanpurwa","c":252388,"d":"Rohtas","s":"BIHAR"}},{"arcs":[[476,477,478,479]],"type":"Polygon","properties":{"n":"Babhandiha","c":250946,"d":"Rohtas","s":"BIHAR"}},{"arcs":[[480,481,482,483]],"type":"Polygon","properties":{"n":"Babhani","c":251080,"d":"Rohtas","s":"BIHAR"}},{"arcs":[[484,485,486,487,488,489,490,491]],"type":"Polygon","properties":{"n":"Babhani","c":251880,"d":"Rohtas","s":"BIHAR"}},{"arcs":[[492,493,494,495,496,497,498,499,500,501,502]],"type":"Polygon","properties":{"n":"Babhanaul","c":251069,"d":"Rohtas","s":"BIHAR"}},{"arcs":[[503,504,505,506]],"type":"Polygon","properties":{"n":"Babhni","c":250853,"d":"Rohtas","s":"BIHAR"}},{"arcs":[[507,508,509,510,511]],"type":"Polygon","properties":{"n":"Babura","c":252468,"d":"Rohtas","s":"BIHAR"}},{"arcs":[[512,513,514,515,516,517,518]],"type":"Polygon","properties":{"n":"Bad","c":251375,"d":"Rohtas","s":"BIHAR"}},{"arcs":[[-292,519,520,521,522,523]],"type":"Polygon","properties":{"n":"Baddi","c":252269,"d":"Rohtas","s":"BIHAR"}},{"arcs":[[524,525,526,527,528,529,530]],"type":"Polygon","properties":{"n":"Badal Garh","c":252026,"d":"Rohtas","s":"BIHAR"}},{"arcs":[[531,532,533,534,535,536,537,538,539,540,541,542,543]],"type":"Polygon","properties":{"n":"Badjoga","c":251557,"d":"Rohtas","s":"BIHAR"}},{"arcs":[[544,545,546,547,548]],"type":"Polygon","properties":{"n":"Badladih","c":251355,"d":"Rohtas","s":"BIHAR"}},{"arcs":[[549,550,551,552]],"type":"Polygon","properties":{"n":"Bagaicha","c":252011,"d":"Rohtas","s":"BIHAR"}},{"arcs":[[553,554,555,556]],"type":"Polygon","properties":{"n":"Bagen","c":252529,"d":"Rohtas","s":"BIHAR"}},{"arcs":[[557,558,559,560,561,562,563]],"type":"Polygon","properties":{"n":"Bagha Khoh","c":252496,"d":"Rohtas","s":"BIHAR"}},{"arcs":[[564,565,566,567,568,569]],"type":"Polygon","properties":{"n":"Baghaila","c":251492,"d":"Rohtas","s":"BIHAR"}},{"arcs":[[570,571,572,573,-339]],"type":"Polygon","properties":{"n":"Baghelpur","c":250943,"d":"Rohtas","s":"BIHAR"}},{"arcs":[[574,575,576,577]],"type":"Polygon","properties":{"n":"Baghel Dihra","c":250792,"d":"Rohtas","s":"BIHAR"}},{"arcs":[[578,579,580,581]],"type":"Polygon","properties":{"n":"Bagea","c":251433,"d":"Rohtas","s":"BIHAR"}},{"arcs":[[582,583,584,585,586]],"type":"Polygon","properties":{"n":"Bagiya","c":251519,"d":"Rohtas","s":"BIHAR"}},{"arcs":[[587,588,589,590]],"type":"Polygon","properties":{"n":"Baha Dih","c":251198,"d":"Rohtas","s":"BIHAR"}},{"arcs":[[591,592,593,594,595,596,597]],"type":"Polygon","properties":{"n":"Bahoranpur","c":250730,"d":"Rohtas","s":"BIHAR"}},{"arcs":[[598,599,600,601,602]],"type":"Polygon","properties":{"n":"Bahdimpur","c":252284,"d":"Rohtas","s":"BIHAR"}},{"arcs":[[603,604,605,606,607]],"type":"Polygon","properties":{"n":"Bahera","c":252621,"d":"Rohtas","s":"BIHAR"}},{"arcs":[[608,609,610,611]],"type":"Polygon","properties":{"n":" ","c":232984,"d":"Rohtas","s":"BIHAR"}},{"arcs":[[612,613,614,615,616]],"type":"Polygon","properties":{"n":" ","c":252531,"d":"Rohtas","s":"BIHAR"}},{"arcs":[[617,618,619,620,621]],"type":"Polygon","properties":{"n":"Bahrar","c":252402,"d":"Rohtas","s":"BIHAR"}},{"arcs":[[622,623,624,625,626,627]],"type":"Polygon","properties":{"n":"Bahuwara","c":252136,"d":"Rohtas","s":"BIHAR"}},{"arcs":[[628,629,-17,630,631,632]],"type":"Polygon","properties":{"n":"Adhaura","c":252078,"d":"Rohtas","s":"BIHAR"}},{"arcs":[[633,634,635,636,637,638]],"type":"Polygon","properties":{"n":"Baijla","c":252371,"d":"Rohtas","s":"BIHAR"}},{"arcs":[[639,640,641,642,643]],"type":"Polygon","properties":{"n":"Baijnathpur","c":252407,"d":"Rohtas","s":"BIHAR"}},{"arcs":[[644,645,646,647,648,-183]],"type":"Polygon","properties":{"n":"Bairi","c":251516,"d":"Rohtas","s":"BIHAR"}},{"arcs":[[649,650,651,652,653]],"type":"Polygon","properties":{"n":"Bairia","c":251040,"d":"Rohtas","s":"BIHAR"}},{"arcs":[[654,655,656,657,658]],"type":"Polygon","properties":{"n":"Bairia","c":252019,"d":"Rohtas","s":"BIHAR"}},{"arcs":[[659,660,661,662]],"type":"Polygon","properties":{"n":"Bairipur","c":250991,"d":"Rohtas","s":"BIHAR"}},{"arcs":[[663,664,665,666]],"type":"Polygon","properties":{"n":"Baisadih","c":251274,"d":"Rohtas","s":"BIHAR"}},{"arcs":[[667,-19,668,669,670]],"type":"Polygon","properties":{"n":"Bajaraha","c":250721,"d":"Rohtas","s":"BIHAR"}},{"arcs":[[671,672,673,674,675,676,677]],"type":"Polygon","properties":{"n":"Baknaur","c":252682,"d":"Rohtas","s":"BIHAR"}},{"arcs":[[678,679,680,681,682,683,684,685,686]],"type":"Polygon","properties":{"n":"Bakra","c":251027,"d":"Rohtas","s":"BIHAR"}},{"arcs":[[687,688,689,690,691]],"type":"Polygon","properties":{"n":"Baksara","c":251668,"d":"Rohtas","s":"BIHAR"}},{"arcs":[[692,-400,693,694,695,696,697,698]],"type":"Polygon","properties":{"n":"Balapur","c":251874,"d":"Rohtas","s":"BIHAR"}},{"arcs":[[699,700,701,702,703]],"type":"Polygon","properties":{"n":"Balbhadarpur","c":252087,"d":"Rohtas","s":"BIHAR"}},{"arcs":[[704,705,706,707]],"type":"Polygon","properties":{"n":"Balbhaddarpur","c":251845,"d":"Rohtas","s":"BIHAR"}},{"arcs":[[708,709,710,711]],"type":"Polygon","properties":{"n":"Balchanwan","c":251236,"d":"Rohtas","s":"BIHAR"}},{"arcs":[[712,713,714,715,716,717,718]],"type":"Polygon","properties":{"n":"Balgawan","c":252480,"d":"Rohtas","s":"BIHAR"}},{"arcs":[[719,720,721,722,723]],"type":"Polygon","properties":{"n":"Balha","c":251169,"d":"Rohtas","s":"BIHAR"}},{"arcs":[[724,725,726,727,728,729,730]],"type":"Polygon","properties":{"n":"Balia","c":250981,"d":"Rohtas","s":"BIHAR"}},{"arcs":[[731,732,733,734,735,736,737]],"type":"Polygon","properties":{"n":"Balia","c":251428,"d":"Rohtas","s":"BIHAR"}},{"arcs":[[738,739,740]],"type":"Polygon","properties":{"n":"Baliari","c":252101,"d":"Rohtas","s":"BIHAR"}},{"arcs":[[741,742,743,744,-165]],"type":"Polygon","properties":{"n":"Balihar","c":251108,"d":"Rohtas","s":"BIHAR"}},{"arcs":[[745,-300,746,747]],"type":"Polygon","properties":{"n":"Balipur","c":251182,"d":"Rohtas","s":"BIHAR"}},{"arcs":[[748,749,750,751,752]],"type":"Polygon","properties":{"n":"Bairiya","c":251083,"d":"Rohtas","s":"BIHAR"}},{"arcs":[[753,754,755,756,757,758,759]],"type":"Polygon","properties":{"n":"Baispura","c":251676,"d":"Rohtas","s":"BIHAR"}},{"arcs":[[760,761,762,763,764,765,766,767,768,769,770]],"type":"Polygon","properties":{"n":"Balthari","c":250717,"d":"Rohtas","s":"BIHAR"}},{"arcs":[[771,772,773,774,775,776]],"type":"Polygon","properties":{"n":"Baluahi","c":251219,"d":"Rohtas","s":"BIHAR"}},{"arcs":[[777,778,779,780,781,782,783,784]],"type":"Polygon","properties":{"n":"Bamhan Barahta","c":251634,"d":"Rohtas","s":"BIHAR"}},{"arcs":[[785,786,787,788,789,790,791]],"type":"Polygon","properties":{"n":"Bamhaur","c":252131,"d":"Rohtas","s":"BIHAR"}},{"arcs":[[792,793,794,795]],"type":"Polygon","properties":{"n":"Banua","c":252061,"d":"Rohtas","s":"BIHAR"}},{"arcs":[[796,797,798,799]],"type":"Polygon","properties":{"n":"Banwalia","c":251717,"d":"Rohtas","s":"BIHAR"}},{"arcs":[[800,801,802,803,804,805,806]],"type":"Polygon","properties":{"n":"Banrua","c":252212,"d":"Rohtas","s":"BIHAR"}},{"arcs":[[807,808,809,810,811]],"type":"Polygon","properties":{"n":"Banauli","c":251957,"d":"Rohtas","s":"BIHAR"}},{"arcs":[[812,813,814,815,816]],"type":"Polygon","properties":{"n":"Banaulia","c":251724,"d":"Rohtas","s":"BIHAR"}},{"arcs":[[817,818,819,820]],"type":"Polygon","properties":{"n":"Banahi","c":252259,"d":"Rohtas","s":"BIHAR"}},{"arcs":[[821,822,823,824,825,826]],"type":"Polygon","properties":{"n":"Bandhpa","c":252498,"d":"Rohtas","s":"BIHAR"}},{"arcs":[[827,828,829,830]],"type":"Polygon","properties":{"n":"Bandu","c":252096,"d":"Rohtas","s":"BIHAR"}},{"arcs":[[831,832,833,-488,834,835]],"type":"Polygon","properties":{"n":"Bahera","c":251869,"d":"Rohtas","s":"BIHAR"}},{"arcs":[[836,837,838,839]],"type":"Polygon","properties":{"n":"Banjari","c":252667,"d":"Rohtas","s":"BIHAR"}},{"arcs":[[840,841,842,843,844,845,-617,846,847,848]],"type":"Polygon","properties":{"n":"Bank","c":252526,"d":"Rohtas","s":"BIHAR"}},{"arcs":[[849,850,851,852,-775,853]],"type":"Polygon","properties":{"n":"Bankat","c":251222,"d":"Rohtas","s":"BIHAR"}},{"arcs":[[854,855,856,857]],"type":"Polygon","properties":{"n":"Bankat","c":252111,"d":"Rohtas","s":"BIHAR"}},{"arcs":[[858,859,860,861,862]],"type":"Polygon","properties":{"n":"Banrasia","c":252322,"d":"Rohtas","s":"BIHAR"}},{"arcs":[[863,-708,864,865,866,867]],"type":"Polygon","properties":{"n":"Bahuara","c":251844,"d":"Rohtas","s":"BIHAR"}},{"arcs":[[868,869,-58,870,871,872]],"type":"Polygon","properties":{"n":"Banye Dehri","c":251281,"d":"Rohtas","s":"BIHAR"}},{"arcs":[[873,874,875,876,877,878,879,880,881,882]],"type":"Polygon","properties":{"n":"Barka Mor","c":252410,"d":"Rohtas","s":"BIHAR"}},{"arcs":[[883,884,885,886,887,888]],"type":"Polygon","properties":{"n":"Bara Dih","c":251379,"d":"Rohtas","s":"BIHAR"}},{"arcs":[[889,890,891,892,893,894,-67,895,896,897,898,899]],"type":"Polygon","properties":{"n":"Barawan","c":252539,"d":"Rohtas","s":"BIHAR"}},{"arcs":[[900,901,902,903,-507,904,905,906,907]],"type":"Polygon","properties":{"n":"Baradi","c":250851,"d":"Rohtas","s":"BIHAR"}},{"arcs":[[908,909,-472,910,911]],"type":"Polygon","properties":{"n":"Baradih","c":251418,"d":"Rohtas","s":"BIHAR"}},{"arcs":[[912,913,914,915,916,917]],"type":"Polygon","properties":{"n":"Baradih","c":252615,"d":"Rohtas","s":"BIHAR"}},{"arcs":[[918,919,920,921,922,-29,923]],"type":"Polygon","properties":{"n":"Barahri","c":251822,"d":"Rohtas","s":"BIHAR"}},{"arcs":[[924,-367,925,926,927]],"type":"Polygon","properties":{"n":"Barahta","c":251638,"d":"Rohtas","s":"BIHAR"}},{"arcs":[[928,929,930,931,932,933,934]],"type":"Polygon","properties":{"n":"Barahtali Barki","c":251901,"d":"Rohtas","s":"BIHAR"}},{"arcs":[[935,936,937,938,-934]],"type":"Polygon","properties":{"n":"Barahtali Chhotki","c":251900,"d":"Rohtas","s":"BIHAR"}},{"arcs":[[939,940,941,942,943]],"type":"Polygon","properties":{"n":"Barahuti Kalan","c":250682,"d":"Rohtas","s":"BIHAR"}},{"arcs":[[944,945,-942,946,947]],"type":"Polygon","properties":{"n":"Barahuti Khurd","c":250689,"d":"Rohtas","s":"BIHAR"}},{"arcs":[[948,-445,949,950,951,952]],"type":"Polygon","properties":{"n":"Baraicha","c":252092,"d":"Rohtas","s":"BIHAR"}},{"arcs":[[953,954,955,956,957,958,959,960,961]],"type":"Polygon","properties":{"n":"Sultanpur","c":251482,"d":"Rohtas","s":"BIHAR"}},{"arcs":[[962,963,964,-787,965,966,967,968,969]],"type":"Polygon","properties":{"n":"Baraila","c":252145,"d":"Rohtas","s":"BIHAR"}},{"arcs":[[-283,-211,970,971,972,-665,973,974]],"type":"Polygon","properties":{"n":"Barana","c":251458,"d":"Rohtas","s":"BIHAR"}},{"arcs":[[975,976,977,-957]],"type":"Polygon","properties":{"n":"Baranw","c":251483,"d":"Rohtas","s":"BIHAR"}},{"arcs":[[978,979,980,981]],"type":"Polygon","properties":{"n":"Bararhi Khurd","c":250915,"d":"Rohtas","s":"BIHAR"}},{"arcs":[[982,983,-133,984,-849,985]],"type":"Polygon","properties":{"n":"Bararhi","c":252524,"d":"Rohtas","s":"BIHAR"}},{"arcs":[[986,987,988,-251,989,-595,990]],"type":"Polygon","properties":{"n":"Bararhi","c":250742,"d":"Rohtas","s":"BIHAR"}},{"arcs":[[991,-287,992,993,994,995,996]],"type":"Polygon","properties":{"n":"Bararhi","c":252424,"d":"Rohtas","s":"BIHAR"}},{"arcs":[[997,998,999,1000,-980,1001]],"type":"Polygon","properties":{"n":"Bararhi Kalan","c":250916,"d":"Rohtas","s":"BIHAR"}},{"arcs":[[1002,1003,1004,1005]],"type":"Polygon","properties":{"n":"Barauli","c":251498,"d":"Rohtas","s":"BIHAR"}},{"arcs":[[1006,1007,1008,1009,1010]],"type":"Polygon","properties":{"n":"Barawan","c":252319,"d":"Rohtas","s":"BIHAR"}},{"arcs":[[1011,1012,1013,1014,1015,1016,1017,1018,1019]],"type":"Polygon","properties":{"n":"Barawan","c":251562,"d":"Rohtas","s":"BIHAR"}},{"arcs":[[1020,1021,1022,1023]],"type":"Polygon","properties":{"n":"Bardiha","c":250678,"d":"Rohtas","s":"BIHAR"}},{"arcs":[[1024,1025,1026,1027,1028,1029]],"type":"Polygon","properties":{"n":"Bardiha","c":252116,"d":"Rohtas","s":"BIHAR"}},{"arcs":[[-807,1030,1031,1032,1033,1034]],"type":"Polygon","properties":{"n":"Barewa","c":252216,"d":"Rohtas","s":"BIHAR"}},{"arcs":[[-41,1035,1036,1037,1038,1039,1040,1041]],"type":"Polygon","properties":{"n":"Burhharka","c":252219,"d":"Rohtas","s":"BIHAR"}},{"arcs":[[1042,1043,1044,1045]],"type":"Polygon","properties":{"n":"Baradhikaith","c":250829,"d":"Rohtas","s":"BIHAR"}},{"arcs":[[1046,1047,1048,1049,1050]],"type":"Polygon","properties":{"n":"Bariyarpatti","c":251636,"d":"Rohtas","s":"BIHAR"}},{"arcs":[[-336,-315,1051,1052,1053]],"type":"Polygon","properties":{"n":"Tora","c":250934,"d":"Rohtas","s":"BIHAR"}},{"arcs":[[1054,1055,1056,-136,1057,1058,1059]],"type":"Polygon","properties":{"n":"Barka tenua","c":252513,"d":"Rohtas","s":"BIHAR"}},{"arcs":[[1060,1061,-154,1062,1063]],"type":"Polygon","properties":{"n":"Barka Dih","c":252291,"d":"Rohtas","s":"BIHAR"}},{"arcs":[[-546,1064,1065,1066,1067]],"type":"Polygon","properties":{"n":"Barmadih","c":251354,"d":"Rohtas","s":"BIHAR"}},{"arcs":[[1068,1069,1070,1071,1072]],"type":"Polygon","properties":{"n":"Barman Chak","c":250664,"d":"Rohtas","s":"BIHAR"}},{"arcs":[[1073,1074,1075,1076,1077]],"type":"Polygon","properties":{"n":"Barna","c":251239,"d":"Rohtas","s":"BIHAR"}},{"arcs":[[1078,1079,1080,1081,1082,1083]],"type":"Polygon","properties":{"n":"Barui","c":252459,"d":"Rohtas","s":"BIHAR"}},{"arcs":[[1084,1085,1086,1087,-167,1088]],"type":"Polygon","properties":{"n":"Barun","c":251113,"d":"Rohtas","s":"BIHAR"}},{"arcs":[[-135,1089,1090,1091,1092,-1058]],"type":"Polygon","properties":{"n":"Baruna","c":252522,"d":"Rohtas","s":"BIHAR"}},{"arcs":[[1093,1094,1095,1096,-275]],"type":"Polygon","properties":{"n":"Basa","c":252430,"d":"Rohtas","s":"BIHAR"}},{"arcs":[[1097,1098,-213,1099,1100]],"type":"Polygon","properties":{"n":"Basu Dehra","c":250798,"d":"Rohtas","s":"BIHAR"}},{"arcs":[[1101,1102,1103,1104,-25]],"type":"Polygon","properties":{"n":"Basantpur","c":252439,"d":"Rohtas","s":"BIHAR"}},{"arcs":[[1105,1106,1107,-823,1108,-562]],"type":"Polygon","properties":{"n":"Basantpur","c":252508,"d":"Rohtas","s":"BIHAR"}},{"arcs":[[1109,1110,1111,1112,1113,1114]],"type":"Polygon","properties":{"n":" ","c":252043,"d":"Rohtas","s":"BIHAR"}},{"arcs":[[1115,1116,1117]],"type":"Polygon","properties":{"n":"Basarhi","c":252660,"d":"Rohtas","s":"BIHAR"}},{"arcs":[[1118,1119,1120,1121,1122,-1004]],"type":"Polygon","properties":{"n":"Basaura","c":251526,"d":"Rohtas","s":"BIHAR"}},{"arcs":[[1123,1124]],"type":"Polygon","properties":{"n":"Basawanpur","c":251655,"d":"Rohtas","s":"BIHAR"}},{"arcs":[[1125,-389,1126,-685]],"type":"Polygon","properties":{"n":"Basedeo Dehri","c":251033,"d":"Rohtas","s":"BIHAR"}},{"arcs":[[1127,1128,1129,1130,1131]],"type":"Polygon","properties":{"n":"Basdiha","c":252631,"d":"Rohtas","s":"BIHAR"}},{"arcs":[[1132,1133,1134,1135,-816,1136,1137,1138]],"type":"Polygon","properties":{"n":"Basdiha","c":251728,"d":"Rohtas","s":"BIHAR"}},{"arcs":[[1139,1140]],"type":"Polygon","properties":{"n":"Basgitia","c":251632,"d":"Rohtas","s":"BIHAR"}},{"arcs":[[-164,1141,1142,1143,1144]],"type":"Polygon","properties":{"n":"Basgitiya","c":251215,"d":"Rohtas","s":"BIHAR"}},{"arcs":[[1145,1146,1147,1148,1149]],"type":"Polygon","properties":{"n":"Baskatia","c":252686,"d":"Rohtas","s":"BIHAR"}},{"arcs":[[1150,1151,1152,1153]],"type":"Polygon","properties":{"n":"Bastalwa","c":251652,"d":"Rohtas","s":"BIHAR"}},{"arcs":[[1154,1155,1156,1157,1158]],"type":"Polygon","properties":{"n":"Basudhara","c":251687,"d":"Rohtas","s":"BIHAR"}},{"arcs":[[1159,1160,-327,1161]],"type":"Polygon","properties":{"n":"Basuhari","c":251023,"d":"Rohtas","s":"BIHAR"}},{"arcs":[[1162,1163,1164,-642,1165,1166]],"type":"Polygon","properties":{"n":"Basuhara","c":252413,"d":"Rohtas","s":"BIHAR"}},{"arcs":[[1167,1168,1169,1170]],"type":"Polygon","properties":{"n":"Basupur","c":251790,"d":"Rohtas","s":"BIHAR"}},{"arcs":[[1171,1172,-723]],"type":"Polygon","properties":{"n":" ","c":0,"d":"Rohtas","s":"BIHAR"}},{"arcs":[[1173,1174,1175,-493,1176,1177]],"type":"Polygon","properties":{"n":"Batsa","c":251074,"d":"Rohtas","s":"BIHAR"}},{"arcs":[[1178,1179,1180,1181]],"type":"Polygon","properties":{"n":"Baulia","c":252649,"d":"Rohtas","s":"BIHAR"}},{"arcs":[[1182,1183,-1028,1184,1185,1186,1187,1188,1189]],"type":"Polygon","properties":{"n":"Baur","c":251703,"d":"Rohtas","s":"BIHAR"}},{"arcs":[[1190,1191,1192,1193]],"type":"Polygon","properties":{"n":"Bazidpur","c":251510,"d":"Rohtas","s":"BIHAR"}},{"arcs":[[1194,-840,1195,1196]],"type":"Polygon","properties":{"n":"Bazidpur","c":252666,"d":"Rohtas","s":"BIHAR"}},{"arcs":[[1197,1198,-861,1199,1200,-1008,1201]],"type":"Polygon","properties":{"n":"Beda","c":252342,"d":"Rohtas","s":"BIHAR"}},{"arcs":[[1202,1203,1204,1205,1206]],"type":"Polygon","properties":{"n":"Bedwalia","c":251312,"d":"Rohtas","s":"BIHAR"}},{"arcs":[[1207,1208,1209,1210,-419,1211]],"type":"Polygon","properties":{"n":"Bedwalia","c":250700,"d":"Rohtas","s":"BIHAR"}},{"arcs":[[1212,1213,1214,1215,1216]],"type":"Polygon","properties":{"n":"Belahan","c":251898,"d":"Rohtas","s":"BIHAR"}},{"arcs":[[1217,1218]],"type":"Polygon","properties":{"n":"Belahar","c":252334,"d":"Rohtas","s":"BIHAR"}},{"arcs":[[-269,1219,1220,1221,1222,1223]],"type":"Polygon","properties":{"n":"Belarhi","c":251344,"d":"Rohtas","s":"BIHAR"}},{"arcs":[[1224,1225,1226,1227,1228,1229,1230,-863]],"type":"Polygon","properties":{"n":"Belarhi","c":252323,"d":"Rohtas","s":"BIHAR"}},{"arcs":[[1231,1232,1233,1234,1235,1236,1237,1238]],"type":"Polygon","properties":{"n":"Belari","c":251736,"d":"Rohtas","s":"BIHAR"}},{"arcs":[[1239,1240,1241,1242,-907,1243,1244]],"type":"Polygon","properties":{"n":"Belhan","c":250844,"d":"Rohtas","s":"BIHAR"}},{"arcs":[[-860,1245,1246,-1200]],"type":"Polygon","properties":{"n":"Belthua","c":252321,"d":"Rohtas","s":"BIHAR"}},{"arcs":[[1247,1248,1249,1250,1251,1252,1253]],"type":"Polygon","properties":{"n":"Belvaiya","c":250904,"d":"Rohtas","s":"BIHAR"}},{"arcs":[[1254,1255,1256,1257,1258,1259]],"type":"Polygon","properties":{"n":"Belwa","c":252420,"d":"Rohtas","s":"BIHAR"}},{"arcs":[[1260,1261,1262,1263,-61,1264,1265,1266]],"type":"Polygon","properties":{"n":"Beiwai","c":251291,"d":"Rohtas","s":"BIHAR"}},{"arcs":[[1267,1268,1269,1270,1271]],"type":"Polygon","properties":{"n":"Belwai","c":252643,"d":"Rohtas","s":"BIHAR"}},{"arcs":[[1272,1273,1274,1275,1276]],"type":"Polygon","properties":{"n":"Bensagar","c":250839,"d":"Rohtas","s":"BIHAR"}},{"arcs":[[1277,1278,1279,1280,1281,-1193,1282,1283,1284,1285,-646,1286]],"type":"Polygon","properties":{"n":"Bensagar","c":251271,"d":"Rohtas","s":"BIHAR"}},{"arcs":[[1287,1288,1289,1290,1291,-938,1292,1293]],"type":"Polygon","properties":{"n":"Bansil","c":251945,"d":"Rohtas","s":"BIHAR"}},{"arcs":[[1294,1295,1296,-72,-844,1297]],"type":"Polygon","properties":{"n":"Berkap","c":252550,"d":"Rohtas","s":"BIHAR"}},{"arcs":[[1298,1299,1300,1301,1302]],"type":"Polygon","properties":{"n":"Betari","c":252036,"d":"Rohtas","s":"BIHAR"}},{"arcs":[[1303,1304,1305]],"type":"Polygon","properties":{"n":"Bhabhasi","c":251895,"d":"Rohtas","s":"BIHAR"}},{"arcs":[[1306,1307,1308,1309,-831,1310,1311,1312]],"type":"Polygon","properties":{"n":"Bhadara","c":252098,"d":"Rohtas","s":"BIHAR"}},{"arcs":[[1313,1314,1315,1316,1317,1318]],"type":"Polygon","properties":{"n":"Bhadarshila","c":252241,"d":"Rohtas","s":"BIHAR"}},{"arcs":[[1319,1320,1321,1322,1323,1324]],"type":"Polygon","properties":{"n":"Bhadi","c":250813,"d":"Rohtas","s":"BIHAR"}},{"arcs":[[1325,1326,1327,1328,1329,1330,1331,1332,1333,1334,-1219]],"type":"Polygon","properties":{"n":"Bhadokhara","c":252333,"d":"Rohtas","s":"BIHAR"}},{"arcs":[[1335,1336,1337,1338]],"type":"Polygon","properties":{"n":"Bhadsa","c":252629,"d":"Rohtas","s":"BIHAR"}},{"arcs":[[1339,1340,1341]],"type":"Polygon","properties":{"n":"Bhagatganj","c":250777,"d":"Rohtas","s":"BIHAR"}},{"arcs":[[1342,1343,1344,1345,1346]],"type":"Polygon","properties":{"n":"Bhagwanpur","c":252138,"d":"Rohtas","s":"BIHAR"}},{"arcs":[[1347,1348,1349,1350]],"type":"Polygon","properties":{"n":"Bhagiratha","c":250779,"d":"Rohtas","s":"BIHAR"}},{"arcs":[[1351,-442,1352,1353,-428]],"type":"Polygon","properties":{"n":"Bhagopur","c":251155,"d":"Rohtas","s":"BIHAR"}},{"arcs":[[-1051,1354,1355,-784,1356]],"type":"Polygon","properties":{"n":"Bhainsadih","c":251635,"d":"Rohtas","s":"BIHAR"}},{"arcs":[[1357,1358,1359,1360,1361,1362]],"type":"Polygon","properties":{"n":"Bhainsaha","c":252578,"d":"Rohtas","s":"BIHAR"}},{"arcs":[[1363,1364,1365,-1251]],"type":"Polygon","properties":{"n":"Bhainsahi","c":250905,"d":"Rohtas","s":"BIHAR"}},{"arcs":[[-653,1366,-686,-1127,-388,1367]],"type":"Polygon","properties":{"n":"Bhainsra","c":251034,"d":"Rohtas","s":"BIHAR"}},{"arcs":[[-1135,1368,1369,1370,1371]],"type":"Polygon","properties":{"n":"Bhairawa","c":251732,"d":"Rohtas","s":"BIHAR"}},{"arcs":[[1372,1373,1374,1375]],"type":"Polygon","properties":{"n":"Bhairo Dehri","c":250862,"d":"Rohtas","s":"BIHAR"}},{"arcs":[[1376,1377,1378,1379,-421]],"type":"Polygon","properties":{"n":"Bhairopur","c":250698,"d":"Rohtas","s":"BIHAR"}},{"arcs":[[1380,1381,1382,1383]],"type":"Polygon","properties":{"n":"Bhairwa","c":252178,"d":"Rohtas","s":"BIHAR"}},{"arcs":[[1384,1385,1386,1387,1388]],"type":"Polygon","properties":{"n":"Bhajea","c":252396,"d":"Rohtas","s":"BIHAR"}},{"arcs":[[1389,1390,-728,1391,1392]],"type":"Polygon","properties":{"n":"Bhaluahi","c":250987,"d":"Rohtas","s":"BIHAR"}},{"arcs":[[1393,1394,1395,1396,1397]],"type":"Polygon","properties":{"n":"Bhaluahi","c":251479,"d":"Rohtas","s":"BIHAR"}},{"arcs":[[1398,1399,1400,1401,1402,1403,1404]],"type":"Polygon","properties":{"n":"Bhaluari","c":252584,"d":"Rohtas","s":"BIHAR"}},{"arcs":[[1405,1406,1407,1408,1409,1410,1411,1412,1413]],"type":"Polygon","properties":{"n":"Bhaluni","c":250878,"d":"Rohtas","s":"BIHAR"}},{"arcs":[[1414,1415,1416,1417,1418,1419,-782]],"type":"Polygon","properties":{"n":"Bhaluni","c":251713,"d":"Rohtas","s":"BIHAR"}},{"arcs":[[1420,1421,1422,1423,1424,1425,1426,1427,-1249,1428,1429]],"type":"Polygon","properties":{"n":"Bhanas","c":250957,"d":"Rohtas","s":"BIHAR"}},{"arcs":[[1430,1431,1432,-940]],"type":"Polygon","properties":{"n":"Bhandera","c":250681,"d":"Rohtas","s":"BIHAR"}},{"arcs":[[1433,1434,1435]],"type":"Polygon","properties":{"n":"Bhangia","c":252106,"d":"Rohtas","s":"BIHAR"}},{"arcs":[[1436,1437,1438,1439]],"type":"Polygon","properties":{"n":"Bharkol","c":251448,"d":"Rohtas","s":"BIHAR"}},{"arcs":[[1440,1441,1442,1443,-343,1444,1445,1446,1447,1448,1449,1450,1451]],"type":"Polygon","properties":{"n":"Bhanpur","c":250865,"d":"Rohtas","s":"BIHAR"}},{"arcs":[[-541,1452,1453,1454,1455]],"type":"Polygon","properties":{"n":"Bhanpur","c":251841,"d":"Rohtas","s":"BIHAR"}},{"arcs":[[1456,1457,1458,1459,1460,1461]],"type":"Polygon","properties":{"n":"Bhaon","c":251622,"d":"Rohtas","s":"BIHAR"}},{"arcs":[[1462,1463,-943,-946,1464]],"type":"Polygon","properties":{"n":"Bharadih","c":250688,"d":"Rohtas","s":"BIHAR"}},{"arcs":[[1465,-365,1466,1467,1468,1469,1470,1471]],"type":"Polygon","properties":{"n":"Dharampura","c":251541,"d":"Rohtas","s":"BIHAR"}},{"arcs":[[1472,1473,1474,1475]],"type":"Polygon","properties":{"n":"Bharat Kasba","c":251255,"d":"Rohtas","s":"BIHAR"}},{"arcs":[[-809,1476,1477,1478]],"type":"Polygon","properties":{"n":"Bhardua (CT)","c":252038,"d":"Rohtas","s":"BIHAR"}},{"arcs":[[1479,1480,-272,1481,1482]],"type":"Polygon","properties":{"n":"Bharetha Rampur","c":251341,"d":"Rohtas","s":"BIHAR"}},{"arcs":[[1483,-479,1484,1485,1486,1487]],"type":"Polygon","properties":{"n":"Bharsara","c":250760,"d":"Rohtas","s":"BIHAR"}},{"arcs":[[1488,1489,-1342,1490]],"type":"Polygon","properties":{"n":"Bharhua","c":250776,"d":"Rohtas","s":"BIHAR"}},{"arcs":[[1491,1492,1493,1494,1495]],"type":"Polygon","properties":{"n":"Bharhua","c":251982,"d":"Rohtas","s":"BIHAR"}},{"arcs":[[1496,1497,1498,-1071]],"type":"Polygon","properties":{"n":"Bharhuli","c":250665,"d":"Rohtas","s":"BIHAR"}},{"arcs":[[1499,1500,1501,1502]],"type":"Polygon","properties":{"n":"Bharkhoha","c":252598,"d":"Rohtas","s":"BIHAR"}},{"arcs":[[1503,-218,1504,1505,1506,1507,1508]],"type":"Polygon","properties":{"n":"Bharkuriya","c":251188,"d":"Rohtas","s":"BIHAR"}},{"arcs":[[1509,1510,1511,1512,1513,1514,1515]],"type":"Polygon","properties":{"n":"Bharkundia","c":251331,"d":"Rohtas","s":"BIHAR"}},{"arcs":[[1516,1517,1518,1519,1520,1521,-1242]],"type":"Polygon","properties":{"n":"Bharsara","c":250843,"d":"Rohtas","s":"BIHAR"}},{"arcs":[[-1486,1522,1523,1524,1525]],"type":"Polygon","properties":{"n":"Bharsaria","c":250761,"d":"Rohtas","s":"BIHAR"}},{"arcs":[[1526,-547,-1068,1527,1528,1529]],"type":"Polygon","properties":{"n":"Bharthadih","c":251356,"d":"Rohtas","s":"BIHAR"}},{"arcs":[[1530,1531,1532]],"type":"Polygon","properties":{"n":"Bharuhi","c":252679,"d":"Rohtas","s":"BIHAR"}},{"arcs":[[-1199,1533,1534,1535,-1225,-862]],"type":"Polygon","properties":{"n":"Bhatarhi","c":252341,"d":"Rohtas","s":"BIHAR"}},{"arcs":[[1536,1537,1538,1539,1540]],"type":"Polygon","properties":{"n":"Bhataula","c":251952,"d":"Rohtas","s":"BIHAR"}},{"arcs":[[1541,1542,1543,1544,1545]],"type":"Polygon","properties":{"n":"Bhatauli","c":251097,"d":"Rohtas","s":"BIHAR"}},{"arcs":[[1546,1547,-1402,1548,1549]],"type":"Polygon","properties":{"n":"Bhatauli","c":252574,"d":"Rohtas","s":"BIHAR"}},{"arcs":[[-1442,1550,1551,1552]],"type":"Polygon","properties":{"n":"Bhatpurwa","c":250864,"d":"Rohtas","s":"BIHAR"}},{"arcs":[[1553,1554,1555,1556,1557]],"type":"Polygon","properties":{"n":"Akrahia","c":251599,"d":"Rohtas","s":"BIHAR"}},{"arcs":[[1558,1559]],"type":"Polygon","properties":{"n":"Bhaunathpur","c":252072,"d":"Rohtas","s":"BIHAR"}},{"arcs":[[1560,1561,1562,1563,1564,1565]],"type":"Polygon","properties":{"n":"Bhaunra","c":251587,"d":"Rohtas","s":"BIHAR"}},{"arcs":[[-1155,1566,1567,1568,1569]],"type":"Polygon","properties":{"n":"Bhawadih","c":251709,"d":"Rohtas","s":"BIHAR"}},{"arcs":[[1570,1571,1572,1573,1574,1575]],"type":"Polygon","properties":{"n":"Bhawandihri","c":251579,"d":"Rohtas","s":"BIHAR"}},{"arcs":[[1576,1577,1578,1579]],"type":"Polygon","properties":{"n":"Bhagwalia","c":252108,"d":"Rohtas","s":"BIHAR"}},{"arcs":[[1580,1581,1582,1583,1584,-1467,-364,1585,1586,1587]],"type":"Polygon","properties":{"n":"Arang","c":250969,"d":"Rohtas","s":"BIHAR"}},{"arcs":[[1588,1589,1590,1591,1592,1593]],"type":"Polygon","properties":{"n":"Bhelari Bichali","c":250973,"d":"Rohtas","s":"BIHAR"}},{"arcs":[[1594,1595,1596,1597,1598,1599]],"type":"Polygon","properties":{"n":"Bhikhanpura","c":252313,"d":"Rohtas","s":"BIHAR"}},{"arcs":[[1600,1601,1602]],"type":"Polygon","properties":{"n":"Bhimakoni","c":252249,"d":"Rohtas","s":"BIHAR"}},{"arcs":[[1603,1604,1605,1606,1607]],"type":"Polygon","properties":{"n":"Karup","c":252491,"d":"Rohtas","s":"BIHAR"}},{"arcs":[[1608,1609,1610,-1030,1611,-1578]],"type":"Polygon","properties":{"n":"Bhimpur","c":252114,"d":"Rohtas","s":"BIHAR"}},{"arcs":[[1612,1613,1614,1615,1616]],"type":"Polygon","properties":{"n":"Bhisra","c":252638,"d":"Rohtas","s":"BIHAR"}},{"arcs":[[1617,-1268,1618,1619,1620,1621,1622,1623]],"type":"Polygon","properties":{"n":"Bhadokhra","c":252645,"d":"Rohtas","s":"BIHAR"}},{"arcs":[[1624,1625,1626,-754,1627,1628,1629,1630]],"type":"Polygon","properties":{"n":"Bhokhari","c":251682,"d":"Rohtas","s":"BIHAR"}},{"arcs":[[1631,1632,1633,1634]],"type":"Polygon","properties":{"n":"Bhaluari","c":251752,"d":"Rohtas","s":"BIHAR"}},{"arcs":[[1635,-667,1636,1637,1638,1639]],"type":"Polygon","properties":{"n":"Bhopatpur","c":251273,"d":"Rohtas","s":"BIHAR"}},{"arcs":[[1640,1641,1642,1643,-879,1644]],"type":"Polygon","properties":{"n":"Bhorman","c":252415,"d":"Rohtas","s":"BIHAR"}},{"arcs":[[1645,1646,-226,1647]],"type":"Polygon","properties":{"n":"Bhorna","c":251171,"d":"Rohtas","s":"BIHAR"}},{"arcs":[[1648,-1423,1649,1650,1651,1652]],"type":"Polygon","properties":{"n":"Bhuawal","c":250978,"d":"Rohtas","s":"BIHAR"}},{"arcs":[[1653,1654,1655,1656,1657,1658,1659,-1552,1660]],"type":"Polygon","properties":{"n":"Bhui","c":250859,"d":"Rohtas","s":"BIHAR"}},{"arcs":[[1661,1662,-494,-1176,1663]],"type":"Polygon","properties":{"n":"Bhundadih","c":251073,"d":"Rohtas","s":"BIHAR"}},{"arcs":[[1664,1665,1666,-451,1667]],"type":"Polygon","properties":{"n":"Bhunda Dih","c":252032,"d":"Rohtas","s":"BIHAR"}},{"arcs":[[1668,1669,1670,1671,1672]],"type":"Polygon","properties":{"n":"Bhunrwa","c":250771,"d":"Rohtas","s":"BIHAR"}},{"arcs":[[1673,1674,-1086,1675,1676,1677]],"type":"Polygon","properties":{"n":"Bhur Kunriya Kalan","c":251114,"d":"Rohtas","s":"BIHAR"}},{"arcs":[[-1677,1678,1679,1680,1681,1682]],"type":"Polygon","properties":{"n":"Bhur Kunriya Khurd","c":251115,"d":"Rohtas","s":"BIHAR"}},{"arcs":[[-1642,1683,-1260,1684]],"type":"Polygon","properties":{"n":"Bhurekunria","c":252419,"d":"Rohtas","s":"BIHAR"}},{"arcs":[[1685,1686,-449,1687,-1303,1688,1689,1690]],"type":"Polygon","properties":{"n":"Bhurkura","c":252030,"d":"Rohtas","s":"BIHAR"}},{"arcs":[[1691,1692,-629,1693,1694]],"type":"Polygon","properties":{"n":"Bhurwa","c":252080,"d":"Rohtas","s":"BIHAR"}},{"arcs":[[1695,1696,1697,1698]],"type":"Polygon","properties":{"n":"Bhusahula","c":252548,"d":"Rohtas","s":"BIHAR"}},{"arcs":[[-1344,1699,1700,-858,1701,1702,1703]],"type":"Polygon","properties":{"n":"Biar Bandh","c":252139,"d":"Rohtas","s":"BIHAR"}},{"arcs":[[-510,1704,1705,1706]],"type":"Polygon","properties":{"n":"Bichhia","c":252470,"d":"Rohtas","s":"BIHAR"}},{"arcs":[[1707,1708,1709,-901,1710,-1521,1711]],"type":"Polygon","properties":{"n":"Bichhiavan","c":250846,"d":"Rohtas","s":"BIHAR"}},{"arcs":[[1712,1713]],"type":"Polygon","properties":{"n":"Bidhi Khap","c":251007,"d":"Rohtas","s":"BIHAR"}},{"arcs":[[1714,1715,1716]],"type":"Polygon","properties":{"n":"Bihar Dihra","c":250784,"d":"Rohtas","s":"BIHAR"}},{"arcs":[[1717,1718,1719]],"type":"Polygon","properties":{"n":" ","c":250774,"d":"Rohtas","s":"BIHAR"}},{"arcs":[[1720,1721,1722,-1290,1723,1724,1725]],"type":"Polygon","properties":{"n":"Bijarhi","c":251922,"d":"Rohtas","s":"BIHAR"}},{"arcs":[[1726,1727,-78,1728]],"type":"Polygon","properties":{"n":"Bijechaunri","c":251131,"d":"Rohtas","s":"BIHAR"}},{"arcs":[[1729,-928,1730,-1049]],"type":"Polygon","properties":{"n":"Bikram","c":251637,"d":"Rohtas","s":"BIHAR"}},{"arcs":[[1731,1732,1733,1734,-1143,1735,1736,-1508,1737,1738,1739,1740]],"type":"Polygon","properties":{"n":"Bikramganj (NP)","c":801394,"d":"Rohtas","s":"BIHAR"}},{"arcs":[[1741,1742,-680,1743,1744,1745]],"type":"Polygon","properties":{"n":"Bilaspur","c":251026,"d":"Rohtas","s":"BIHAR"}},{"arcs":[[1746,-217,1747,1748,1749]],"type":"Polygon","properties":{"n":"Bilkhoriya","c":251190,"d":"Rohtas","s":"BIHAR"}},{"arcs":[[1750,1751,-762,1752]],"type":"Polygon","properties":{"n":"Bindaulia","c":250728,"d":"Rohtas","s":"BIHAR"}},{"arcs":[[1753,1754,1755]],"type":"Polygon","properties":{"n":"Biraini","c":251300,"d":"Rohtas","s":"BIHAR"}},{"arcs":[[1756,-726,1757,1758,1759,-402,-82,-378]],"type":"Polygon","properties":{"n":"Biraua Kalan","c":250983,"d":"Rohtas","s":"BIHAR"}},{"arcs":[[-725,1760,-1758]],"type":"Polygon","properties":{"n":"Biraua Khurd","c":250982,"d":"Rohtas","s":"BIHAR"}},{"arcs":[[1761,-1692,1762,1763,1764,1765]],"type":"Polygon","properties":{"n":"Birki","c":252068,"d":"Rohtas","s":"BIHAR"}},{"arcs":[[1766,1767,1768,1769,1770]],"type":"Polygon","properties":{"n":"Birnagar","c":251955,"d":"Rohtas","s":"BIHAR"}},{"arcs":[[1771,-891,1772,1773,1774,1775]],"type":"Polygon","properties":{"n":"Mangitpur","c":251452,"d":"Rohtas","s":"BIHAR"}},{"arcs":[[1776,1777,1778,1779]],"type":"Polygon","properties":{"n":"Ramadih","c":251412,"d":"Rohtas","s":"BIHAR"}},{"arcs":[[1780,-753,-482,1781]],"type":"Polygon","properties":{"n":"Jagadhara","c":251081,"d":"Rohtas","s":"BIHAR"}},{"arcs":[[1782,1783,1784,1785,1786]],"type":"Polygon","properties":{"n":"Biseni Khurd","c":251564,"d":"Rohtas","s":"BIHAR"}},{"arcs":[[1787,-716,1788,1789,-1606]],"type":"Polygon","properties":{"n":"Biseni Kalan","c":252490,"d":"Rohtas","s":"BIHAR"}},{"arcs":[[1790,1791,-1411,1792,1793,1794,1795]],"type":"Polygon","properties":{"n":"Bishambharpur","c":250875,"d":"Rohtas","s":"BIHAR"}},{"arcs":[[-832,1796,1797]],"type":"Polygon","properties":{"n":"Bisesarpur","c":251870,"d":"Rohtas","s":"BIHAR"}},{"arcs":[[1798,-1019,1799,1800]],"type":"Polygon","properties":{"n":"Bishanpura","c":251559,"d":"Rohtas","s":"BIHAR"}},{"arcs":[[1801,1802,1803,1804]],"type":"Polygon","properties":{"n":"Bishunpur","c":250868,"d":"Rohtas","s":"BIHAR"}},{"arcs":[[1805,1806,1807]],"type":"Polygon","properties":{"n":"Bishunpur","c":252104,"d":"Rohtas","s":"BIHAR"}},{"arcs":[[1808,1809,-85,1810,1811,1812]],"type":"Polygon","properties":{"n":"Bishunpura","c":251008,"d":"Rohtas","s":"BIHAR"}},{"arcs":[[1813,1814,1815,1816,1817]],"type":"Polygon","properties":{"n":"Bisi Kalan","c":250837,"d":"Rohtas","s":"BIHAR"}},{"arcs":[[1818,-1240,1819,1820,1821,1822,-1816]],"type":"Polygon","properties":{"n":"Bisi Khurd","c":250836,"d":"Rohtas","s":"BIHAR"}},{"arcs":[[1823,-688,1824,1825,-1629]],"type":"Polygon","properties":{"n":"Bisodehri","c":251667,"d":"Rohtas","s":"BIHAR"}},{"arcs":[[-32,1826,1827,1828]],"type":"Polygon","properties":{"n":"Bisopur","c":250752,"d":"Rohtas","s":"BIHAR"}},{"arcs":[[1829,1830,1831,-477,1832,1833,1834,1835]],"type":"Polygon","properties":{"n":"Bisrampur","c":250945,"d":"Rohtas","s":"BIHAR"}},{"arcs":[[1836,-654,-1368,-387,1837]],"type":"Polygon","properties":{"n":"Bithni","c":251041,"d":"Rohtas","s":"BIHAR"}},{"arcs":[[1838,-498]],"type":"Polygon","properties":{"n":"Bithwa","c":251068,"d":"Rohtas","s":"BIHAR"}},{"arcs":[[1839,1840,1841,1842,1843]],"type":"Polygon","properties":{"n":"Biura","c":252201,"d":"Rohtas","s":"BIHAR"}},{"arcs":[[1844,1845,1846,-50,1847,1848]],"type":"Polygon","properties":{"n":"Bodarhi","c":251065,"d":"Rohtas","s":"BIHAR"}},{"arcs":[[1849,1850,1851,1852]],"type":"Polygon","properties":{"n":"Bodh Chatar","c":251093,"d":"Rohtas","s":"BIHAR"}},{"arcs":[[1853,1854,-222,1855,-588]],"type":"Polygon","properties":{"n":"Buchkatwa","c":251197,"d":"Rohtas","s":"BIHAR"}},{"arcs":[[1856,1857,-1389,1858,1859,1860,1861]],"type":"Polygon","properties":{"n":"Budhua","c":252502,"d":"Rohtas","s":"BIHAR"}},{"arcs":[[1862,1863,1864,1865,1866,1867]],"type":"Polygon","properties":{"n":"Budhua","c":252232,"d":"Rohtas","s":"BIHAR"}},{"arcs":[[1868,1869,1870,1871]],"type":"Polygon","properties":{"n":"Budhua","c":252676,"d":"Rohtas","s":"BIHAR"}},{"arcs":[[1872,1873,1874,1875,-1191]],"type":"Polygon","properties":{"n":"Buknawan","c":251512,"d":"Rohtas","s":"BIHAR"}},{"arcs":[[1876,1877,1878,1879,1880,1881,1882,1883]],"type":"Polygon","properties":{"n":"Burhawal","c":251387,"d":"Rohtas","s":"BIHAR"}},{"arcs":[[-1697,1884,-1295,1885,1886]],"type":"Polygon","properties":{"n":"Chainpur","c":252549,"d":"Rohtas","s":"BIHAR"}},{"arcs":[[1887,-1874,1888,1889,1890]],"type":"Polygon","properties":{"n":"Chaita","c":251506,"d":"Rohtas","s":"BIHAR"}},{"arcs":[[1891,1892,1893,1894,-1891]],"type":"Polygon","properties":{"n":"Chaita Bahori","c":251505,"d":"Rohtas","s":"BIHAR"}},{"arcs":[[1895,1896,1897,1898,1899]],"type":"Polygon","properties":{"n":"Chak Chatar","c":251095,"d":"Rohtas","s":"BIHAR"}},{"arcs":[[1900,1901,1902,1903,1904]],"type":"Polygon","properties":{"n":"Chak Niranjan","c":251334,"d":"Rohtas","s":"BIHAR"}},{"arcs":[[1905,-542,-1456,1906,-866]],"type":"Polygon","properties":{"n":"Chakardharpur","c":251842,"d":"Rohtas","s":"BIHAR"}},{"arcs":[[1907,1908,1909,-504,-904,1910]],"type":"Polygon","properties":{"n":"Chakio","c":250852,"d":"Rohtas","s":"BIHAR"}},{"arcs":[[1911,1912,1913,1914,1915,1916]],"type":"Polygon","properties":{"n":"Chakia","c":252564,"d":"Rohtas","s":"BIHAR"}},{"arcs":[[1917,1918,1919,1920,1921,1922]],"type":"Polygon","properties":{"n":"Chaknaha","c":252588,"d":"Rohtas","s":"BIHAR"}},{"arcs":[[1923,1924,1925,1926,1927]],"type":"Polygon","properties":{"n":"Chamar Dehri","c":251320,"d":"Rohtas","s":"BIHAR"}},{"arcs":[[-157,1928,1929,1930,1931]],"type":"Polygon","properties":{"n":"Chamaraha","c":252281,"d":"Rohtas","s":"BIHAR"}},{"arcs":[[-1566,1932,1933,1934]],"type":"Polygon","properties":{"n":"Charnarh","c":251586,"d":"Rohtas","s":"BIHAR"}},{"arcs":[[1935,1936,1937,-1671,1938]],"type":"Polygon","properties":{"n":"Chamraha","c":250789,"d":"Rohtas","s":"BIHAR"}},{"arcs":[[1939,-963,1940,1941,1942,1943,1944]],"type":"Polygon","properties":{"n":"Chamraha","c":252147,"d":"Rohtas","s":"BIHAR"}},{"arcs":[[1945,1946,1947,1948,1949,1950,1951,1952]],"type":"Polygon","properties":{"n":"Sasaram (Nagar Parishad)","c":801397,"d":"Rohtas","s":"BIHAR"}},{"arcs":[[-1106,-561,1953,1954,-1091,1955,1956]],"type":"Polygon","properties":{"n":"Chanda","c":252509,"d":"Rohtas","s":"BIHAR"}},{"arcs":[[1957,1958,1959,1960,1961]],"type":"Polygon","properties":{"n":"Chandanpura","c":252164,"d":"Rohtas","s":"BIHAR"}},{"arcs":[[1962,1963,-1217,1964,1965,-936,1966]],"type":"Polygon","properties":{"n":"Chandar Kaithi","c":251894,"d":"Rohtas","s":"BIHAR"}},{"arcs":[[-118,1967,-920,1968,-1523,-1485,-478,-1832]],"type":"Polygon","properties":{"n":"Chandarbhan Patti","c":251821,"d":"Rohtas","s":"BIHAR"}},{"arcs":[[1969,1970,1971,1972,1973,1974]],"type":"Polygon","properties":{"n":"Chanddehri","c":251817,"d":"Rohtas","s":"BIHAR"}},{"arcs":[[1975,1976,1977,1978,1979,1980,1981,-1809,1982]],"type":"Polygon","properties":{"n":"Chandi English","c":251538,"d":"Rohtas","s":"BIHAR"}},{"arcs":[[1983,1984,1985,-557,1986,1987,1988,1989]],"type":"Polygon","properties":{"n":"Chandi","c":252528,"d":"Rohtas","s":"BIHAR"}},{"arcs":[[1990,1991,-1454,1992,1993,1994]],"type":"Polygon","properties":{"n":"Chandarbhanpur","c":251858,"d":"Rohtas","s":"BIHAR"}},{"arcs":[[1995,1996,1997,1998]],"type":"Polygon","properties":{"n":"Chand Simarhat","c":251489,"d":"Rohtas","s":"BIHAR"}},{"arcs":[[1999,2000,2001,2002,2003]],"type":"Polygon","properties":{"n":"Chanhrua","c":251911,"d":"Rohtas","s":"BIHAR"}},{"arcs":[[2004,2005,2006,2007]],"type":"Polygon","properties":{"n":"Chanka","c":251572,"d":"Rohtas","s":"BIHAR"}},{"arcs":[[2008,2009,2010,2011,2012,2013,2014,2015,-1462]],"type":"Polygon","properties":{"n":"Chanki","c":251623,"d":"Rohtas","s":"BIHAR"}},{"arcs":[[2016,2017,-1857,2018,-1459]],"type":"Polygon","properties":{"n":"Chanp","c":252501,"d":"Rohtas","s":"BIHAR"}},{"arcs":[[-604,2019,-1617,2020,2021,2022,2023]],"type":"Polygon","properties":{"n":"Chanpura","c":252639,"d":"Rohtas","s":"BIHAR"}},{"arcs":[[2024,2025,-1319,2026]],"type":"Polygon","properties":{"n":"Chanua","c":252246,"d":"Rohtas","s":"BIHAR"}},{"arcs":[[2027,-1765,2028,2029,2030,2031]],"type":"Polygon","properties":{"n":"Chaphla","c":252063,"d":"Rohtas","s":"BIHAR"}},{"arcs":[[2032,2033,2034,2035,2036,2037]],"type":"Polygon","properties":{"n":"Chapri","c":252298,"d":"Rohtas","s":"BIHAR"}},{"arcs":[[2038,2039,2040,2041,2042,2043,-886]],"type":"Polygon","properties":{"n":"Chargoria","c":251425,"d":"Rohtas","s":"BIHAR"}},{"arcs":[[-1437,2044,2045,2046,2047,2048]],"type":"Polygon","properties":{"n":"Ghari","c":251450,"d":"Rohtas","s":"BIHAR"}},{"arcs":[[-1892,-1890,2049,2050,2051]],"type":"Polygon","properties":{"n":"Charpurwa","c":251507,"d":"Rohtas","s":"BIHAR"}},{"arcs":[[2052,2053,2054,-1103]],"type":"Polygon","properties":{"n":"Ghatmapur","c":252438,"d":"Rohtas","s":"BIHAR"}},{"arcs":[[2055,2056,2057,2058,2059]],"type":"Polygon","properties":{"n":"Chaubea","c":252427,"d":"Rohtas","s":"BIHAR"}},{"arcs":[[2060,-1066,2061,2062,2063,2064,-1926]],"type":"Polygon","properties":{"n":"Chaugai","c":251352,"d":"Rohtas","s":"BIHAR"}},{"arcs":[[2065,2066,-1266,2067,2068,2069]],"type":"Polygon","properties":{"n":"Chaughari","c":251286,"d":"Rohtas","s":"BIHAR"}},{"arcs":[[-600,2070,2071]],"type":"Polygon","properties":{"n":"Chaukhammha","c":252006,"d":"Rohtas","s":"BIHAR"}},{"arcs":[[2072,2073,2074,2075,2076,2077]],"type":"Polygon","properties":{"n":"Chaukhanda Chitauli","c":252315,"d":"Rohtas","s":"BIHAR"}},{"arcs":[[2078,2079,2080,2081,2082]],"type":"Polygon","properties":{"n":"Chaukhara","c":251942,"d":"Rohtas","s":"BIHAR"}},{"arcs":[[2083,2084,2085,-2030]],"type":"Polygon","properties":{"n":"Chaukhara","c":252064,"d":"Rohtas","s":"BIHAR"}},{"arcs":[[2086,-79,-1728,2087,2088,2089]],"type":"Polygon","properties":{"n":"Chaunri Kedar","c":251086,"d":"Rohtas","s":"BIHAR"}},{"arcs":[[2090,2091,2092,2093,2094,2095]],"type":"Polygon","properties":{"n":"Chaurasi","c":251136,"d":"Rohtas","s":"BIHAR"}},{"arcs":[[2096,2097,2098]],"type":"Polygon","properties":{"n":"Chauri","c":251288,"d":"Rohtas","s":"BIHAR"}},{"arcs":[[2099,-1639,-2050,-1889,-1873,-1194,-1282]],"type":"Polygon","properties":{"n":"Chauria","c":251509,"d":"Rohtas","s":"BIHAR"}},{"arcs":[[2100,-162,2101,2102,2103]],"type":"Polygon","properties":{"n":"Chauriya","c":251144,"d":"Rohtas","s":"BIHAR"}},{"arcs":[[2104,2105,2106,-755,-1627,2107]],"type":"Polygon","properties":{"n":"Checharia","c":251681,"d":"Rohtas","s":"BIHAR"}},{"arcs":[[2108,2109,2110,2111,2112]],"type":"Polygon","properties":{"n":"Chemni Chak","c":252623,"d":"Rohtas","s":"BIHAR"}},{"arcs":[[2113,-791,2114,-2025,2115,2116,2117]],"type":"Polygon","properties":{"n":"Chenari Chhotki","c":252130,"d":"Rohtas","s":"BIHAR"}},{"arcs":[[2118,2119,-146,2120]],"type":"Polygon","properties":{"n":"Chaturbhujpur","c":251662,"d":"Rohtas","s":"BIHAR"}},{"arcs":[[2121,-1997,2122,2123]],"type":"Polygon","properties":{"n":"Chhanha","c":251487,"d":"Rohtas","s":"BIHAR"}},{"arcs":[[-983,2124,-1985,2125,2126,-1107,-1957,2127]],"type":"Polygon","properties":{"n":"Chhapra","c":252507,"d":"Rohtas","s":"BIHAR"}},{"arcs":[[2128,2129,2130,2131,2132,2133,-1555,2134]],"type":"Polygon","properties":{"n":"Chhatauna","c":251606,"d":"Rohtas","s":"BIHAR"}},{"arcs":[[-875,2135,2136,2137]],"type":"Polygon","properties":{"n":"Chhotka Mor","c":252409,"d":"Rohtas","s":"BIHAR"}},{"arcs":[[2138,2139,2140]],"type":"Polygon","properties":{"n":"Chhemuan","c":252519,"d":"Rohtas","s":"BIHAR"}},{"arcs":[[2141,-308,2142,2143]],"type":"Polygon","properties":{"n":"Chhitan Dehra","c":250676,"d":"Rohtas","s":"BIHAR"}},{"arcs":[[2144,2145,2146,2147,-650]],"type":"Polygon","properties":{"n":"Chhitni","c":251059,"d":"Rohtas","s":"BIHAR"}},{"arcs":[[-756,-2107,2148,2149,2150]],"type":"Polygon","properties":{"n":"Chhitni","c":251678,"d":"Rohtas","s":"BIHAR"}},{"arcs":[[2151,2152,2153,2154,-2004,2155,2156]],"type":"Polygon","properties":{"n":"Chitra Tanr","c":251910,"d":"Rohtas","s":"BIHAR"}},{"arcs":[[-1773,-890,2157,2158]],"type":"Polygon","properties":{"n":"Chhotki Biseni","c":252486,"d":"Rohtas","s":"BIHAR"}},{"arcs":[[2159,2160,2161,2162,2163]],"type":"Polygon","properties":{"n":"Chhotki Malahar","c":251935,"d":"Rohtas","s":"BIHAR"}},{"arcs":[[-972,2164,-2051,-1638,2165]],"type":"Polygon","properties":{"n":"Chhulkar","c":251508,"d":"Rohtas","s":"BIHAR"}},{"arcs":[[2166,2167,2168,2169]],"type":"Polygon","properties":{"n":"Chhuria","c":252238,"d":"Rohtas","s":"BIHAR"}},{"arcs":[[2170,2171,2172,2173,2174,2175]],"type":"Polygon","properties":{"n":"Chikhuria","c":252021,"d":"Rohtas","s":"BIHAR"}},{"arcs":[[2176,2177,2178,-2064,2179,-1207,2180]],"type":"Polygon","properties":{"n":"Chiksil","c":251311,"d":"Rohtas","s":"BIHAR"}},{"arcs":[[2181,2182,2183,2184,-466,2185,2186]],"type":"Polygon","properties":{"n":"Chilbila","c":252542,"d":"Rohtas","s":"BIHAR"}},{"arcs":[[2187,2188,2189,2190]],"type":"Polygon","properties":{"n":"Chilbila","c":251763,"d":"Rohtas","s":"BIHAR"}},{"arcs":[[2191,2192,2193,2194]],"type":"Polygon","properties":{"n":"Chilbili","c":251699,"d":"Rohtas","s":"BIHAR"}},{"arcs":[[2195,2196,-505,-1910,2197,-1659]],"type":"Polygon","properties":{"n":"Chilbila","c":250857,"d":"Rohtas","s":"BIHAR"}},{"arcs":[[2198,-519,2199,2200]],"type":"Polygon","properties":{"n":"Chilha","c":251374,"d":"Rohtas","s":"BIHAR"}},{"arcs":[[2201,2202,2203,2204,2205,2206,-1022,2207,2208,2209]],"type":"Polygon","properties":{"n":"Chitaini","c":250670,"d":"Rohtas","s":"BIHAR"}},{"arcs":[[2210,2211,2212,2213,2214]],"type":"Polygon","properties":{"n":"Chitauli","c":252655,"d":"Rohtas","s":"BIHAR"}},{"arcs":[[2215,2216,-610,2217,2218,-319]],"type":"Polygon","properties":{"n":"Chitawan","c":250764,"d":"Rohtas","s":"BIHAR"}},{"arcs":[[2219,-558,2220,2221]],"type":"Polygon","properties":{"n":"Chit Bisawan","c":252494,"d":"Rohtas","s":"BIHAR"}},{"arcs":[[2222,2223,-1653,2224,2225,2226,2227,-1589,2228,2229,2230]],"type":"Polygon","properties":{"n":"Chilharua","c":250975,"d":"Rohtas","s":"BIHAR"}},{"arcs":[[2231,2232,2233,-259,2234,2235]],"type":"Polygon","properties":{"n":"Chitokhar","c":251444,"d":"Rohtas","s":"BIHAR"}},{"arcs":[[2236,2237,2238,2239]],"type":"Polygon","properties":{"n":"Chitwar","c":252176,"d":"Rohtas","s":"BIHAR"}},{"arcs":[[2240,-56,2241,2242,-651,-2148]],"type":"Polygon","properties":{"n":"Chatra","c":251060,"d":"Rohtas","s":"BIHAR"}},{"arcs":[[2243,2244,2245,2246,2247,-1767]],"type":"Polygon","properties":{"n":"Charahi","c":251939,"d":"Rohtas","s":"BIHAR"}},{"arcs":[[2248,2249,2250,-1838,-386,2251]],"type":"Polygon","properties":{"n":"Choranti","c":251042,"d":"Rohtas","s":"BIHAR"}},{"arcs":[[2252,2253,2254,2255,2256]],"type":"Polygon","properties":{"n":"Chorha","c":251685,"d":"Rohtas","s":"BIHAR"}},{"arcs":[[-1624,2257,-605,-2024,2258,2259]],"type":"Polygon","properties":{"n":"Chorkap","c":252620,"d":"Rohtas","s":"BIHAR"}},{"arcs":[[2260,2261,2262,2263]],"type":"Polygon","properties":{"n":"Chormara","c":252561,"d":"Rohtas","s":"BIHAR"}},{"arcs":[[-2011,2264,2265,2266,2267]],"type":"Polygon","properties":{"n":"Chorpokhar","c":251616,"d":"Rohtas","s":"BIHAR"}},{"arcs":[[-1275,2268,2269,-1517,-1241,-1819,-1815,2270]],"type":"Polygon","properties":{"n":"Chorpokhar English","c":250842,"d":"Rohtas","s":"BIHAR"}},{"arcs":[[2271,2272,2273,-1871,2274,2275,2276,-1301]],"type":"Polygon","properties":{"n":"Chunda","c":252040,"d":"Rohtas","s":"BIHAR"}},{"arcs":[[2277,2278,2279,-1181,2280,2281,2282,-2034,2283,2284]],"type":"Polygon","properties":{"n":"Churesar","c":252648,"d":"Rohtas","s":"BIHAR"}},{"arcs":[[2285,2286,2287,-435]],"type":"Polygon","properties":{"n":"Churesar (V)","c":251966,"d":"Rohtas","s":"BIHAR"}},{"arcs":[[2288,2289,2290,2291,2292,2293]],"type":"Polygon","properties":{"n":"Darekhap","c":251407,"d":"Rohtas","s":"BIHAR"}},{"arcs":[[2294,2295,-1690,2296,-527]],"type":"Polygon","properties":{"n":"Dafarpur","c":252025,"d":"Rohtas","s":"BIHAR"}},{"arcs":[[2297,2298,2299,2300,2301,2302]],"type":"Polygon","properties":{"n":"Dahaur","c":252569,"d":"Rohtas","s":"BIHAR"}},{"arcs":[[2303,2304,2305,2306,2307,2308]],"type":"Polygon","properties":{"n":"Dahiari","c":251397,"d":"Rohtas","s":"BIHAR"}},{"arcs":[[2309,2310,2311,-1044,2312,2313]],"type":"Polygon","properties":{"n":"Dahingna","c":250827,"d":"Rohtas","s":"BIHAR"}},{"arcs":[[2314,2315,2316,2317,2318,2319,2320]],"type":"Polygon","properties":{"n":"Doiya","c":250803,"d":"Rohtas","s":"BIHAR"}},{"arcs":[[2321,-1741,-710,2322]],"type":"Polygon","properties":{"n":"Dafal Dih","c":251237,"d":"Rohtas","s":"BIHAR"}},{"arcs":[[2323,2324,2325,2326]],"type":"Polygon","properties":{"n":"Dalip Chak","c":251769,"d":"Rohtas","s":"BIHAR"}},{"arcs":[[2327,2328,-1244,-906,2329]],"type":"Polygon","properties":{"n":"Dalipur","c":250855,"d":"Rohtas","s":"BIHAR"}},{"arcs":[[2330,-358,2331,2332,-131]],"type":"Polygon","properties":{"n":"Damdiha","c":251046,"d":"Rohtas","s":"BIHAR"}},{"arcs":[[2333,2334,2335,2336,2337,2338,2339]],"type":"Polygon","properties":{"n":" ","c":250639,"d":"Rohtas","s":"BIHAR"}},{"arcs":[[2340,2341,2342,-988,2343]],"type":"Polygon","properties":{"n":"Damodardehra","c":250743,"d":"Rohtas","s":"BIHAR"}},{"arcs":[[-833,-1798,2344,2345,2346,2347,2348,2349]],"type":"Polygon","properties":{"n":"Damodarpur","c":251867,"d":"Rohtas","s":"BIHAR"}},{"arcs":[[2350,2351,2352,2353,2354,2355,2356,-521]],"type":"Polygon","properties":{"n":"Danrwa","c":252268,"d":"Rohtas","s":"BIHAR"}},{"arcs":[[2357,2358,2359,2360,2361,-1512,2362,2363,-1901,2364]],"type":"Polygon","properties":{"n":"Danwar","c":251336,"d":"Rohtas","s":"BIHAR"}},{"arcs":[[2365,-1806,2366,2367,2368,-1309,2369,2370,2371,-1436]],"type":"Polygon","properties":{"n":"Daranagar","c":252107,"d":"Rohtas","s":"BIHAR"}},{"arcs":[[2372,2373,-805]],"type":"Polygon","properties":{"n":"Darangia","c":252213,"d":"Rohtas","s":"BIHAR"}},{"arcs":[[2374,2375,2376,2377,2378,-1100,-212]],"type":"Polygon","properties":{"n":"Darhaon","c":250796,"d":"Rohtas","s":"BIHAR"}},{"arcs":[[2379,2380,2381,2382,2383]],"type":"Polygon","properties":{"n":"Dariapur","c":250898,"d":"Rohtas","s":"BIHAR"}},{"arcs":[[2384,2385,2386,2387,2388,2389,2390]],"type":"Polygon","properties":{"n":" ","c":0,"d":"Rohtas","s":"BIHAR"}},{"arcs":[[2391,2392,2393,2394,2395,2396,2397,2398,2399,2400]],"type":"Polygon","properties":{"n":"Darigawan","c":252471,"d":"Rohtas","s":"BIHAR"}},{"arcs":[[2401,-467,-2185,2402,2403,-1699,2404,-2141,2405,-1056,2406,-65]],"type":"Polygon","properties":{"n":"Darihat","c":252547,"d":"Rohtas","s":"BIHAR"}},{"arcs":[[2407,2408,2409,2410,2411,2412,2413,-2038,2414,2415,2416,2417]],"type":"Polygon","properties":{"n":"Darshana","c":252299,"d":"Rohtas","s":"BIHAR"}},{"arcs":[[2418,2419]],"type":"Polygon","properties":{"n":"Dattauli","c":252603,"d":"Rohtas","s":"BIHAR"}},{"arcs":[[2420,2421,2422,2423,2424,2425,2426,2427]],"type":"Polygon","properties":{"n":"Dhaudanr","c":252450,"d":"Rohtas","s":"BIHAR"}},{"arcs":[[2428,2429,2430]],"type":"Polygon","properties":{"n":"Daudpur","c":251318,"d":"Rohtas","s":"BIHAR"}},{"arcs":[[-1839,-497,2431,2432,2433,2434,-1678,2435,2436,-1849,2437,-499]],"type":"Polygon","properties":{"n":"Dawath","c":251067,"d":"Rohtas","s":"BIHAR"}},{"arcs":[[2438,2439]],"type":"Polygon","properties":{"n":"Dayal Patti","c":250667,"d":"Rohtas","s":"BIHAR"}},{"arcs":[[2440,2441,2442,2443,2444]],"type":"Polygon","properties":{"n":"Deapur","c":251854,"d":"Rohtas","s":"BIHAR"}},{"arcs":[[-20,-668,2445,-768,2446,2447]],"type":"Polygon","properties":{"n":"Debaria","c":250719,"d":"Rohtas","s":"BIHAR"}},{"arcs":[[2448,2449,2450,2451,2452,2453]],"type":"Polygon","properties":{"n":"Dehara","c":252174,"d":"Rohtas","s":"BIHAR"}},{"arcs":[[2454,2455,-1540,2456,2457]],"type":"Polygon","properties":{"n":"Dehria","c":251951,"d":"Rohtas","s":"BIHAR"}},{"arcs":[[-2419,2458,2459,2460,2461,2462]],"type":"Polygon","properties":{"n":"Dehri","c":252604,"d":"Rohtas","s":"BIHAR"}},{"arcs":[[2463,2464,2465,-1358,2466,2467,2468]],"type":"Polygon","properties":{"n":"Dehri (Nagar Parishad)","c":801398,"d":"Rohtas","s":"BIHAR"}},{"arcs":[[2469,-2464,2470,2471,-69,2472]],"type":"Polygon","properties":{"n":"Dehri (Nagar Parishad)","c":801398,"d":"Rohtas","s":"BIHAR"}},{"arcs":[[2473,2474,2475,2476,2477,2478,2479]],"type":"Polygon","properties":{"n":"Dehri Udai","c":251228,"d":"Rohtas","s":"BIHAR"}},{"arcs":[[2480,2481,2482,-2476]],"type":"Polygon","properties":{"n":"Dehrisat Sham","c":251229,"d":"Rohtas","s":"BIHAR"}},{"arcs":[[2483,-2191,2484,2485,2486,2487,2488,-1634]],"type":"Polygon","properties":{"n":"Delhua","c":251762,"d":"Rohtas","s":"BIHAR"}},{"arcs":[[-501,2489,2490,-57,-2241,-2147,2491,2492]],"type":"Polygon","properties":{"n":"Dewrhi","c":251062,"d":"Rohtas","s":"BIHAR"}},{"arcs":[[2493,2494,-2305,2495,2496,-1878,2497,2498,2499,2500,2501,2502,2503,2504]],"type":"Polygon","properties":{"n":"Deo","c":251391,"d":"Rohtas","s":"BIHAR"}},{"arcs":[[-1877,2505,-2498]],"type":"Polygon","properties":{"n":"Deo Arazi","c":251390,"d":"Rohtas","s":"BIHAR"}},{"arcs":[[-196,2506,2507,2508,2509]],"type":"Polygon","properties":{"n":"Dera","c":251595,"d":"Rohtas","s":"BIHAR"}},{"arcs":[[2510,2511,2512,2513,2514,2515,2516,-2096,2517,-1850]],"type":"Polygon","properties":{"n":"Derhgaon","c":251091,"d":"Rohtas","s":"BIHAR"}},{"arcs":[[2518,2519,2520,2521,2522,2523]],"type":"Polygon","properties":{"n":"Deuria","c":252558,"d":"Rohtas","s":"BIHAR"}},{"arcs":[[2524,2525,-700,2526,2527,2528]],"type":"Polygon","properties":{"n":"Dewadand","c":252082,"d":"Rohtas","s":"BIHAR"}},{"arcs":[[2529,-1305,2530,2531,2532,2533,2534,2535,2536]],"type":"Polygon","properties":{"n":"Dewadihi","c":251995,"d":"Rohtas","s":"BIHAR"}},{"arcs":[[2537,2538,2539,2540,2541]],"type":"Polygon","properties":{"n":"Dewararh","c":251930,"d":"Rohtas","s":"BIHAR"}},{"arcs":[[2542,2543,-1662,2544,2545,2546]],"type":"Polygon","properties":{"n":"Dewgana","c":251071,"d":"Rohtas","s":"BIHAR"}},{"arcs":[[2547,2548,2549,2550,-577,2551,2552,-1939,-1670]],"type":"Polygon","properties":{"n":"Deyadaha","c":250790,"d":"Rohtas","s":"BIHAR"}},{"arcs":[[-219,-1504,2553,2554,2555,2556,2557]],"type":"Polygon","properties":{"n":"Dhawan","c":251194,"d":"Rohtas","s":"BIHAR"}},{"arcs":[[-1672,-1938,2558,2559,2560]],"type":"Polygon","properties":{"n":"Dhabchhua","c":250772,"d":"Rohtas","s":"BIHAR"}},{"arcs":[[2561,2562,-468,-910,2563,2564,2565]],"type":"Polygon","properties":{"n":"Dhanawan English","c":251423,"d":"Rohtas","s":"BIHAR"}},{"arcs":[[2566,-737,2567,2568,-2041]],"type":"Polygon","properties":{"n":"Dhanawan Khalsa","c":251427,"d":"Rohtas","s":"BIHAR"}},{"arcs":[[2569,-2348,2570]],"type":"Polygon","properties":{"n":"Dhanarhi","c":252307,"d":"Rohtas","s":"BIHAR"}},{"arcs":[[2571,2572,-631,-16,2573,-2528]],"type":"Polygon","properties":{"n":"Dhanauti","c":252076,"d":"Rohtas","s":"BIHAR"}},{"arcs":[[2574,-2389,2575,-1840]],"type":"Polygon","properties":{"n":"Dhanauti","c":252304,"d":"Rohtas","s":"BIHAR"}},{"arcs":[[2576,-2559,-1937,2577,2578,2579]],"type":"Polygon","properties":{"n":"Dhanchhua","c":250787,"d":"Rohtas","s":"BIHAR"}},{"arcs":[[2580,2581,2582,2583,2584,2585]],"type":"Polygon","properties":{"n":"Dhanchhuha","c":251264,"d":"Rohtas","s":"BIHAR"}},{"arcs":[[2586,-140,2587,2588,2589,-1209,2590,2591]],"type":"Polygon","properties":{"n":"Tenuni","c":251654,"d":"Rohtas","s":"BIHAR"}},{"arcs":[[2592,2593,2594,2595,-1734,2596]],"type":"Polygon","properties":{"n":"Bikramganj (NP)","c":801394,"d":"Rohtas","s":"BIHAR"}},{"arcs":[[2597,2598,2599]],"type":"Polygon","properties":{"n":"Dhangaon","c":251502,"d":"Rohtas","s":"BIHAR"}},{"arcs":[[-2095,2600,2601,2602,2603]],"type":"Polygon","properties":{"n":" ","c":251135,"d":"Rohtas","s":"BIHAR"}},{"arcs":[[-1134,2604,2605,2606,2607,-1369]],"type":"Polygon","properties":{"n":"Dhangua","c":251731,"d":"Rohtas","s":"BIHAR"}},{"arcs":[[-1222,2608,2609,-2502,2610]],"type":"Polygon","properties":{"n":"Dhanhara","c":251392,"d":"Rohtas","s":"BIHAR"}},{"arcs":[[-2426,2611,2612]],"type":"Polygon","properties":{"n":"Dhankarha","c":252446,"d":"Rohtas","s":"BIHAR"}},{"arcs":[[2613,2614,-2225,-1652,2615]],"type":"Polygon","properties":{"n":"Dhanpura","c":250977,"d":"Rohtas","s":"BIHAR"}},{"arcs":[[2616,2617,-1753,-761,2618,2619]],"type":"Polygon","properties":{"n":"Dhantha","c":250727,"d":"Rohtas","s":"BIHAR"}},{"arcs":[[-1410,2620,2621,-1793]],"type":"Polygon","properties":{"n":"Dhanuk Dehri","c":250876,"d":"Rohtas","s":"BIHAR"}},{"arcs":[[2622,-698,2623,2624,2625,-2346]],"type":"Polygon","properties":{"n":"Danwarua","c":252309,"d":"Rohtas","s":"BIHAR"}},{"arcs":[[-2139,-2405,-1698,-1887,2626,2627,2628,-842,2629,-138,2630]],"type":"Polygon","properties":{"n":"Dharahara","c":252518,"d":"Rohtas","s":"BIHAR"}},{"arcs":[[2631,2632,2633,2634,-1994,2635]],"type":"Polygon","properties":{"n":"Dharahra","c":251860,"d":"Rohtas","s":"BIHAR"}},{"arcs":[[2636,-2112,2637,2638]],"type":"Polygon","properties":{"n":"Dharampur","c":252624,"d":"Rohtas","s":"BIHAR"}},{"arcs":[[2639,2640,2641]],"type":"Polygon","properties":{"n":"Dharampura","c":250641,"d":"Rohtas","s":"BIHAR"}},{"arcs":[[2642,2643,-1188,2644]],"type":"Polygon","properties":{"n":"Dharampura","c":251702,"d":"Rohtas","s":"BIHAR"}},{"arcs":[[2645,2646,2647,2648]],"type":"Polygon","properties":{"n":"Dhar Hara","c":250999,"d":"Rohtas","s":"BIHAR"}},{"arcs":[[2649,2650,2651,2652]],"type":"Polygon","properties":{"n":"Dharik Dehri","c":250820,"d":"Rohtas","s":"BIHAR"}},{"arcs":[[2653,2654,2655,2656,2657,-1443,2658,-1908]],"type":"Polygon","properties":{"n":"Dharkandha","c":250866,"d":"Rohtas","s":"BIHAR"}},{"arcs":[[2659,-352,2660,2661]],"type":"Polygon","properties":{"n":"Dharkanha Kalan","c":251054,"d":"Rohtas","s":"BIHAR"}},{"arcs":[[2662,2663,2664,-2661,-351,2665,-130]],"type":"Polygon","properties":{"n":"Dharkanha Khurd","c":251048,"d":"Rohtas","s":"BIHAR"}},{"arcs":[[2666,2667,2668,2669,2670,2671]],"type":"Polygon","properties":{"n":"Dharmagat Parasi","c":251297,"d":"Rohtas","s":"BIHAR"}},{"arcs":[[-2204,2672,2673,2674]],"type":"Polygon","properties":{"n":"Dharmagatpur","c":250655,"d":"Rohtas","s":"BIHAR"}},{"arcs":[[2675,2676,-1476,2677,2678,-1739,2679]],"type":"Polygon","properties":{"n":"Bikramganj (NP)","c":801394,"d":"Rohtas","s":"BIHAR"}},{"arcs":[[2680,2681,2682,2683,2684,2685]],"type":"Polygon","properties":{"n":"Dharupur","c":251584,"d":"Rohtas","s":"BIHAR"}},{"arcs":[[2686,2687,2688,2689,2690,2691,2692,2693]],"type":"Polygon","properties":{"n":"Datauli","c":251961,"d":"Rohtas","s":"BIHAR"}},{"arcs":[[2694,2695,-1449]],"type":"Polygon","properties":{"n":"Dhaula Chak","c":250910,"d":"Rohtas","s":"BIHAR"}},{"arcs":[[2696,2697,2698,2699,2700]],"type":"Polygon","properties":{"n":"Dhawai","c":251128,"d":"Rohtas","s":"BIHAR"}},{"arcs":[[2701,-513,-2199,2702,-199,-280,2703]],"type":"Polygon","properties":{"n":"Dhawani","c":251372,"d":"Rohtas","s":"BIHAR"}},{"arcs":[[2704,2705,-290,2706,-26,-1105,2707]],"type":"Polygon","properties":{"n":"Dawanpur","c":252435,"d":"Rohtas","s":"BIHAR"}},{"arcs":[[2708,2709,-337,-1054,2710,2711,2712,2713]],"type":"Polygon","properties":{"n":"Dhawniyan","c":250941,"d":"Rohtas","s":"BIHAR"}},{"arcs":[[2714,2715,2716]],"type":"Polygon","properties":{"n":"Dhelabar","c":252662,"d":"Rohtas","s":"BIHAR"}},{"arcs":[[-1779,2717,2718,-713,2719,2720]],"type":"Polygon","properties":{"n":"Dhobdiha","c":251473,"d":"Rohtas","s":"BIHAR"}},{"arcs":[[2721,2722,-1123,2723,-2598]],"type":"Polygon","properties":{"n":"Dhokra","c":251503,"d":"Rohtas","s":"BIHAR"}},{"arcs":[[2724,2725,-1903,2726,-2363,-1511,2727]],"type":"Polygon","properties":{"n":"Dhorhandih","c":251332,"d":"Rohtas","s":"BIHAR"}},{"arcs":[[2728,2729,2730,-101,2731]],"type":"Polygon","properties":{"n":"Dhunan","c":252355,"d":"Rohtas","s":"BIHAR"}},{"arcs":[[2732,2733,2734,2735,-349,2736,2737]],"type":"Polygon","properties":{"n":"Dibhiya","c":251803,"d":"Rohtas","s":"BIHAR"}},{"arcs":[[-2697,2738,2739,2740]],"type":"Polygon","properties":{"n":"Digar Majhauli","c":251142,"d":"Rohtas","s":"BIHAR"}},{"arcs":[[2741,-2079,2742,2743,2744,-2455]],"type":"Polygon","properties":{"n":"Dighat","c":251943,"d":"Rohtas","s":"BIHAR"}},{"arcs":[[2745,2746,-2202,2747,2748,2749]],"type":"Polygon","properties":{"n":"Dighata","c":250659,"d":"Rohtas","s":"BIHAR"}},{"arcs":[[2750,2751,2752,-1270]],"type":"Polygon","properties":{"n":"Dighi","c":252641,"d":"Rohtas","s":"BIHAR"}},{"arcs":[[2753,2754,2755,2756,-2531,2757]],"type":"Polygon","properties":{"n":"Dihi","c":252000,"d":"Rohtas","s":"BIHAR"}},{"arcs":[[2758,2759,2760,2761,2762,2763]],"type":"Polygon","properties":{"n":"Dihra","c":250951,"d":"Rohtas","s":"BIHAR"}},{"arcs":[[2764,-2468,2765]],"type":"Polygon","properties":{"n":"Dehri (Nagar Parishad)","c":801398,"d":"Rohtas","s":"BIHAR"}},{"arcs":[[2766,2767,2768,2769]],"type":"Polygon","properties":{"n":"Dilia","c":252391,"d":"Rohtas","s":"BIHAR"}},{"arcs":[[2770,2771,2772,-98,2773]],"type":"Polygon","properties":{"n":"Dilia","c":252347,"d":"Rohtas","s":"BIHAR"}},{"arcs":[[2774,2775,-1365,2776,2777,2778,2779,2780,2781,2782,2783,2784]],"type":"Polygon","properties":{"n":"Dinara","c":250919,"d":"Rohtas","s":"BIHAR"}},{"arcs":[[2785,2786,2787,2788,2789,2790,-1681]],"type":"Polygon","properties":{"n":"Dobariya","c":251118,"d":"Rohtas","s":"BIHAR"}},{"arcs":[[2791,2792,2793,2794,2795]],"type":"Polygon","properties":{"n":"Lohari","c":252001,"d":"Rohtas","s":"BIHAR"}},{"arcs":[[-1346,2796,2797,2798,2799]],"type":"Polygon","properties":{"n":"Dahuwa","c":252142,"d":"Rohtas","s":"BIHAR"}},{"arcs":[[2800,2801,2802,2803,-2287,2804]],"type":"Polygon","properties":{"n":"Doia","c":251969,"d":"Rohtas","s":"BIHAR"}},{"arcs":[[-2544,2805,-495,-1663]],"type":"Polygon","properties":{"n":"Dolaicha","c":251070,"d":"Rohtas","s":"BIHAR"}},{"arcs":[[-55,2806,-2242]],"type":"Polygon","properties":{"n":"Doma Dehri","c":251061,"d":"Rohtas","s":"BIHAR"}},{"arcs":[[2807,2808,2809,2810,2811,2812,2813]],"type":"Polygon","properties":{"n":"Dumra","c":251759,"d":"Rohtas","s":"BIHAR"}},{"arcs":[[2814,-1010,2815,2816,2817,2818,2819,2820]],"type":"Polygon","properties":{"n":"Doriawan","c":252190,"d":"Rohtas","s":"BIHAR"}},{"arcs":[[2821,-1205,2822,2823,2824,2825]],"type":"Polygon","properties":{"n":"Duari","c":251314,"d":"Rohtas","s":"BIHAR"}},{"arcs":[[2826,-2387,2827,-2411]],"type":"Polygon","properties":{"n":"Duba","c":252306,"d":"Rohtas","s":"BIHAR"}},{"arcs":[[2828,2829,2830,2831]],"type":"Polygon","properties":{"n":"Dubauli","c":252594,"d":"Rohtas","s":"BIHAR"}},{"arcs":[[2832,-1084,2833,2834,2835]],"type":"Polygon","properties":{"n":"Dubaulia","c":252466,"d":"Rohtas","s":"BIHAR"}},{"arcs":[[2836,2837,-873,2838]],"type":"Polygon","properties":{"n":"Budhai Dehri","c":251370,"d":"Rohtas","s":"BIHAR"}},{"arcs":[[-1561,-1935,2839,2840,2841]],"type":"Polygon","properties":{"n":"Dudhar","c":251588,"d":"Rohtas","s":"BIHAR"}},{"arcs":[[-1923,2842,-2459,-2420,-2463,2843,2844,2845]],"type":"Polygon","properties":{"n":"Dudhmi","c":252586,"d":"Rohtas","s":"BIHAR"}},{"arcs":[[2846,2847,2848,2849,2850]],"type":"Polygon","properties":{"n":"Duja Ghewra","c":250736,"d":"Rohtas","s":"BIHAR"}},{"arcs":[[-596,-990,-250,2851,2852]],"type":"Polygon","properties":{"n":"Dulla Saray","c":250715,"d":"Rohtas","s":"BIHAR"}},{"arcs":[[-92,2853,2854,2855,2856,-1291,-1723,2857]],"type":"Polygon","properties":{"n":"Dumri","c":251905,"d":"Rohtas","s":"BIHAR"}},{"arcs":[[2858,-2032,2859,-794]],"type":"Polygon","properties":{"n":"Dumaria","c":252062,"d":"Rohtas","s":"BIHAR"}},{"arcs":[[-622,2860,-1167,2861,2862]],"type":"Polygon","properties":{"n":"Dumaria","c":252405,"d":"Rohtas","s":"BIHAR"}},{"arcs":[[2863,-772,2864,-2593]],"type":"Polygon","properties":{"n":"Dumariya","c":251217,"d":"Rohtas","s":"BIHAR"}},{"arcs":[[-1822,2865,2866,2867,2868,-2314,2869]],"type":"Polygon","properties":{"n":"Dumra","c":250831,"d":"Rohtas","s":"BIHAR"}},{"arcs":[[2870,2871,2872,2873,2874,2875,2876,2877]],"type":"Polygon","properties":{"n":"Dumra","c":251601,"d":"Rohtas","s":"BIHAR"}},{"arcs":[[-1943,2878,-2798,2879,2880,2881,2882,2883]],"type":"Polygon","properties":{"n":"Dumri","c":252148,"d":"Rohtas","s":"BIHAR"}},{"arcs":[[-2558,2884,-220]],"type":"Polygon","properties":{"n":"Durga Dih","c":251193,"d":"Rohtas","s":"BIHAR"}},{"arcs":[[2885,-2713,2886,2887,2888]],"type":"Polygon","properties":{"n":"Durgapur","c":250939,"d":"Rohtas","s":"BIHAR"}},{"arcs":[[-1401,2889,-2832,2890,2891,-1549]],"type":"Polygon","properties":{"n":"Durgapur","c":252573,"d":"Rohtas","s":"BIHAR"}},{"arcs":[[-992,2892,2893,-274,-288]],"type":"Polygon","properties":{"n":"GansaDih","c":252408,"d":"Rohtas","s":"BIHAR"}},{"arcs":[[2894,2895,-2680,2896,-1506]],"type":"Polygon","properties":{"n":"Dumariya","c":251213,"d":"Rohtas","s":"BIHAR"}},{"arcs":[[2897,2898,-569,2899,2900,-2014,2901,-977]],"type":"Polygon","properties":{"n":"Eghara","c":251627,"d":"Rohtas","s":"BIHAR"}},{"arcs":[[2902,2903,2904,2905,-253,2906]],"type":"Polygon","properties":{"n":"Ekaunia","c":250748,"d":"Rohtas","s":"BIHAR"}},{"arcs":[[2907,2908,2909,2910]],"type":"Polygon","properties":{"n":"Elahi Chak","c":252183,"d":"Rohtas","s":"BIHAR"}},{"arcs":[[2911,2912,2913,2914]],"type":"Polygon","properties":{"n":"Emandehri","c":251826,"d":"Rohtas","s":"BIHAR"}},{"arcs":[[-2226,-2615,2915]],"type":"Polygon","properties":{"n":"Erazibhuawal","c":250976,"d":"Rohtas","s":"BIHAR"}},{"arcs":[[2916,-536]],"type":"Polygon","properties":{"n":"Faridpur","c":251556,"d":"Rohtas","s":"BIHAR"}},{"arcs":[[-2626,2917,-2571,-2347]],"type":"Polygon","properties":{"n":"Fatehpur","c":252308,"d":"Rohtas","s":"BIHAR"}},{"arcs":[[2918,2919,2920,-276,-1097,2921]],"type":"Polygon","properties":{"n":"Fazilpur","c":252442,"d":"Rohtas","s":"BIHAR"}},{"arcs":[[2922,2923,2924,-2069,2925,2926,-285]],"type":"Polygon","properties":{"n":"Gachhai","c":251285,"d":"Rohtas","s":"BIHAR"}},{"arcs":[[2927,2928,2929,-2496,2930,2931]],"type":"Polygon","properties":{"n":"Gadura","c":251383,"d":"Rohtas","s":"BIHAR"}},{"arcs":[[2932,-27,-2707,-289,-277,-2921]],"type":"Polygon","properties":{"n":"Gaeghat","c":252441,"d":"Rohtas","s":"BIHAR"}},{"arcs":[[2933,-1047,-1357,-783,-1420,2934,-799]],"type":"Polygon","properties":{"n":"Gogahra","c":251712,"d":"Rohtas","s":"BIHAR"}},{"arcs":[[2935,2936,2937,2938]],"type":"Polygon","properties":{"n":"Gaha Dih","c":251151,"d":"Rohtas","s":"BIHAR"}},{"arcs":[[2939,2940,2941,2942,-593]],"type":"Polygon","properties":{"n":"Gajrarhi","c":250731,"d":"Rohtas","s":"BIHAR"}},{"arcs":[[-1347,-2800,2943,-625,2944,2945]],"type":"Polygon","properties":{"n":"Gajaundha","c":252137,"d":"Rohtas","s":"BIHAR"}},{"arcs":[[2946,-198,2947,2948]],"type":"Polygon","properties":{"n":"Gajauwan","c":251001,"d":"Rohtas","s":"BIHAR"}},{"arcs":[[-2506,-1884,2949,2950,-2499]],"type":"Polygon","properties":{"n":"Gajpatipur","c":251389,"d":"Rohtas","s":"BIHAR"}},{"arcs":[[2951,2952,-2160,2953]],"type":"Polygon","properties":{"n":"Gajrarh","c":251934,"d":"Rohtas","s":"BIHAR"}},{"arcs":[[2954,2955,2956,2957,2958,-2053,-1102,-24,-2933,-2920,2959]],"type":"Polygon","properties":{"n":"Gajdwahi","c":252443,"d":"Rohtas","s":"BIHAR"}},{"arcs":[[2960,2961,-1780,2962]],"type":"Polygon","properties":{"n":"Gamharia","c":251413,"d":"Rohtas","s":"BIHAR"}},{"arcs":[[2963,2964,-1092,-1955]],"type":"Polygon","properties":{"n":"Gamharia","c":252510,"d":"Rohtas","s":"BIHAR"}},{"arcs":[[2965,-515,2966,-2839,-872,2967,2968,2969]],"type":"Polygon","properties":{"n":"Gamhariya","c":251369,"d":"Rohtas","s":"BIHAR"}},{"arcs":[[-524,2970,-151,-293]],"type":"Polygon","properties":{"n":"Gamharia","c":252271,"d":"Rohtas","s":"BIHAR"}},{"arcs":[[2971,-2137,2972,2973,-1388,2974,2975,-640]],"type":"Polygon","properties":{"n":"GansaDih","c":252408,"d":"Rohtas","s":"BIHAR"}},{"arcs":[[-2805,-2286,-434,2976]],"type":"Polygon","properties":{"n":"Ganeshpur","c":251967,"d":"Rohtas","s":"BIHAR"}},{"arcs":[[2977,2978,2979,2980,2981,2982]],"type":"Polygon","properties":{"n":"Gangahar","c":251582,"d":"Rohtas","s":"BIHAR"}},{"arcs":[[2983,-2746,2984,2985]],"type":"Polygon","properties":{"n":"Gangapur","c":250657,"d":"Rohtas","s":"BIHAR"}},{"arcs":[[2986,2987,2988,2989,2990,-2650]],"type":"Polygon","properties":{"n":"Gangari","c":250819,"d":"Rohtas","s":"BIHAR"}},{"arcs":[[2991,2992,2993,2994,-614,2995]],"type":"Polygon","properties":{"n":"Gangauli","c":252555,"d":"Rohtas","s":"BIHAR"}},{"arcs":[[-2340,2996,2997,2998]],"type":"Polygon","properties":{"n":"Gongoulia","c":250637,"d":"Rohtas","s":"BIHAR"}},{"arcs":[[-1898,2999,-1851,-2518,-2604,3000,3001]],"type":"Polygon","properties":{"n":"Koath (NP)","c":801393,"d":"Rohtas","s":"BIHAR"}},{"arcs":[[3002,-2105,3003,3004,3005]],"type":"Polygon","properties":{"n":"Gareya","c":251680,"d":"Rohtas","s":"BIHAR"}},{"arcs":[[-1567,-1159,3006,3007,3008,3009,3010,3011]],"type":"Polygon","properties":{"n":"Garbha","c":251710,"d":"Rohtas","s":"BIHAR"}},{"arcs":[[-2736,3012,3013,3014,-346]],"type":"Polygon","properties":{"n":"Garbhe","c":251801,"d":"Rohtas","s":"BIHAR"}},{"arcs":[[3015,3016,-2227,-2916,-2614,3017]],"type":"Polygon","properties":{"n":"Gariganwan","c":250989,"d":"Rohtas","s":"BIHAR"}},{"arcs":[[3018,3019,-1875]],"type":"Polygon","properties":{"n":"Garura","c":251513,"d":"Rohtas","s":"BIHAR"}},{"arcs":[[3020,-2811,3021,3022,3023,3024,3025,3026]],"type":"Polygon","properties":{"n":"Garura","c":252170,"d":"Rohtas","s":"BIHAR"}},{"arcs":[[3027,3028,3029,3030,3031]],"type":"Polygon","properties":{"n":"Garara","c":252385,"d":"Rohtas","s":"BIHAR"}},{"arcs":[[3032,-1742,3033,3034,3035,3036]],"type":"Polygon","properties":{"n":"Gaura","c":250870,"d":"Rohtas","s":"BIHAR"}},{"arcs":[[3037,3038,-2619,-771,3039,3040]],"type":"Polygon","properties":{"n":"Gaura","c":250724,"d":"Rohtas","s":"BIHAR"}},{"arcs":[[3041,-1830]],"type":"Polygon","properties":{"n":"Gazipur","c":250947,"d":"Rohtas","s":"BIHAR"}},{"arcs":[[3042,3043,3044,3045,3046]],"type":"Polygon","properties":{"n":"Gera","c":251305,"d":"Rohtas","s":"BIHAR"}},{"arcs":[[-2834,-1083,3047,3048,3049]],"type":"Polygon","properties":{"n":"Gharbair","c":252458,"d":"Rohtas","s":"BIHAR"}},{"arcs":[[-2505,3050,3051]],"type":"Polygon","properties":{"n":"Gharwasdih","c":251394,"d":"Rohtas","s":"BIHAR"}},{"arcs":[[3052,-2318,-2341,3053,3054]],"type":"Polygon","properties":{"n":"Ghasa","c":250801,"d":"Rohtas","s":"BIHAR"}},{"arcs":[[3055,3056,3057,3058,3059,3060,-464,3061,3062]],"type":"Polygon","properties":{"n":"Ghatkan","c":252181,"d":"Rohtas","s":"BIHAR"}},{"arcs":[[3063,-2871,3064,3065,-2133]],"type":"Polygon","properties":{"n":"Ghetarua","c":251600,"d":"Rohtas","s":"BIHAR"}},{"arcs":[[-1099,3066,3067,3068,-2942,3069,-214]],"type":"Polygon","properties":{"n":"Ghewra","c":250740,"d":"Rohtas","s":"BIHAR"}},{"arcs":[[3070,3071,-2232,3072,-2961]],"type":"Polygon","properties":{"n":" ","c":251415,"d":"Rohtas","s":"BIHAR"}},{"arcs":[[-1403,3073,3074,3075,-1361,3076]],"type":"Polygon","properties":{"n":"Ghonghaha","c":252576,"d":"Rohtas","s":"BIHAR"}},{"arcs":[[3077,3078,3079,-2605,-1133,3080,-237]],"type":"Polygon","properties":{"n":"Ghordiha","c":251730,"d":"Rohtas","s":"BIHAR"}},{"arcs":[[-899,3081,3082]],"type":"Polygon","properties":{"n":"Ghorahi","c":252488,"d":"Rohtas","s":"BIHAR"}},{"arcs":[[3083,-2656,3084,3085,-3036,3086]],"type":"Polygon","properties":{"n":"Ghorwanchh","c":250869,"d":"Rohtas","s":"BIHAR"}},{"arcs":[[3087,3088,3089,3090,3091,3092,-2477,-2483]],"type":"Polygon","properties":{"n":"Ghosiya Khurd","c":251230,"d":"Rohtas","s":"BIHAR"}},{"arcs":[[3093,3094,3095,3096,-2872,-3064,-2132]],"type":"Polygon","properties":{"n":"Ghurdihan","c":251604,"d":"Rohtas","s":"BIHAR"}},{"arcs":[[3097,3098,3099,-962,3100,-3095]],"type":"Polygon","properties":{"n":"Gurdihin","c":251481,"d":"Rohtas","s":"BIHAR"}},{"arcs":[[3101,3102,3103,-2535,3104]],"type":"Polygon","properties":{"n":"Ghuripur","c":251993,"d":"Rohtas","s":"BIHAR"}},{"arcs":[[3105,3106,-2759,3107,-1835,3108]],"type":"Polygon","properties":{"n":"Ghurki","c":250949,"d":"Rohtas","s":"BIHAR"}},{"arcs":[[-2978,3109,-2681,3110,-1933,-1565,3111]],"type":"Polygon","properties":{"n":"Ghusia","c":251585,"d":"Rohtas","s":"BIHAR"}},{"arcs":[[3112,3113,-3092,3114,3115,3116]],"type":"Polygon","properties":{"n":"Ghusia","c":251246,"d":"Rohtas","s":"BIHAR"}},{"arcs":[[3117,-2511,-1853,3118,-1543]],"type":"Polygon","properties":{"n":"Gidha","c":251092,"d":"Rohtas","s":"BIHAR"}},{"arcs":[[3119,3120,3121,-789,3122]],"type":"Polygon","properties":{"n":"Girdharia","c":252243,"d":"Rohtas","s":"BIHAR"}},{"arcs":[[-836,3123,3124,-1797]],"type":"Polygon","properties":{"n":"Girdharpur","c":251871,"d":"Rohtas","s":"BIHAR"}},{"arcs":[[-847,-616,3125,3126,-2519,3127,-555,3128]],"type":"Polygon","properties":{"n":"Gobardhanpur","c":252530,"d":"Rohtas","s":"BIHAR"}},{"arcs":[[3129,3130,3131,3132,3133]],"type":"Polygon","properties":{"n":"Gobindpur","c":251016,"d":"Rohtas","s":"BIHAR"}},{"arcs":[[3134,3135,3136,3137,3138]],"type":"Polygon","properties":{"n":"Gobindpur","c":250648,"d":"Rohtas","s":"BIHAR"}},{"arcs":[[3139,3140,-473,3141,3142]],"type":"Polygon","properties":{"n":"Gobina","c":252389,"d":"Rohtas","s":"BIHAR"}},{"arcs":[[3143,3144,3145,3146,-2676,-2896,-1750,3147]],"type":"Polygon","properties":{"n":"Turti","c":251212,"d":"Rohtas","s":"BIHAR"}},{"arcs":[[3148,-3023,3149]],"type":"Polygon","properties":{"n":"Godnian","c":252171,"d":"Rohtas","s":"BIHAR"}},{"arcs":[[3150,3151,3152,3153,-893,3154]],"type":"Polygon","properties":{"n":"Gohi","c":252535,"d":"Rohtas","s":"BIHAR"}},{"arcs":[[3155,3156,3157,3158,3159]],"type":"Polygon","properties":{"n":" ","c":0,"d":"Rohtas","s":"BIHAR"}},{"arcs":[[-699,-2623,-2345,-3125,3160,3161]],"type":"Polygon","properties":{"n":"Gokhulpur","c":251872,"d":"Rohtas","s":"BIHAR"}},{"arcs":[[-535,3162,3163,3164,-537,-2917]],"type":"Polygon","properties":{"n":" ","c":251884,"d":"Rohtas","s":"BIHAR"}},{"arcs":[[3165,3166,-894,-3154]],"type":"Polygon","properties":{"n":"Gonuwan","c":252536,"d":"Rohtas","s":"BIHAR"}},{"arcs":[[3167,3168,-1546,3169]],"type":"Polygon","properties":{"n":"Gopal Dehri","c":251098,"d":"Rohtas","s":"BIHAR"}},{"arcs":[[-1027,3170,3171,-1185]],"type":"Polygon","properties":{"n":"Gopalapur","c":252117,"d":"Rohtas","s":"BIHAR"}},{"arcs":[[-2161,-2953,3172,3173,-2542,3174,3175]],"type":"Polygon","properties":{"n":"Garo","c":251931,"d":"Rohtas","s":"BIHAR"}},{"arcs":[[3176,-2672,3177,3178]],"type":"Polygon","properties":{"n":"Gorakh Parasi","c":251298,"d":"Rohtas","s":"BIHAR"}},{"arcs":[[3179,-517,3180,3181,-1881,3182,3183]],"type":"Polygon","properties":{"n":"Gorari","c":251376,"d":"Rohtas","s":"BIHAR"}},{"arcs":[[3184,3185,-368,-925,-1730,-1048,-2934,-798,3186,-3007,-1158,3187,3188]],"type":"Polygon","properties":{"n":"Gori","c":251711,"d":"Rohtas","s":"BIHAR"}},{"arcs":[[3189,-1271,-2753,3190,-2022,3191,-2284,-2033,-2414,3192,3193,3194]],"type":"Polygon","properties":{"n":"Goria","c":252477,"d":"Rohtas","s":"BIHAR"}},{"arcs":[[3195,-391,3196,3197,3198,-1519]],"type":"Polygon","properties":{"n":"Gorsara","c":251031,"d":"Rohtas","s":"BIHAR"}},{"arcs":[[3199,-2911,3200,-3062,-463,3201,3202]],"type":"Polygon","properties":{"n":"Gorwar","c":252184,"d":"Rohtas","s":"BIHAR"}},{"arcs":[[3203,-960,3204,3205,3206,-1572,3207,3208,3209]],"type":"Polygon","properties":{"n":"Gosainpur","c":251609,"d":"Rohtas","s":"BIHAR"}},{"arcs":[[3210,-2740,3211,3212,3213,-2601,-2094,3214]],"type":"Polygon","properties":{"n":"Kosanda Buzurg","c":251133,"d":"Rohtas","s":"BIHAR"}},{"arcs":[[3215,-1064,3216,-152,-2971,-523,3217,3218]],"type":"Polygon","properties":{"n":"Gosahar","c":252293,"d":"Rohtas","s":"BIHAR"}},{"arcs":[[3219,3220,-1087,-1675]],"type":"Polygon","properties":{"n":"Gothani","c":251126,"d":"Rohtas","s":"BIHAR"}},{"arcs":[[3221,3222,-363,3223,3224]],"type":"Polygon","properties":{"n":"Gotpa","c":251244,"d":"Rohtas","s":"BIHAR"}},{"arcs":[[3225,3226,3227,3228,3229,3230,3231]],"type":"Polygon","properties":{"n":"Gotpa","c":252381,"d":"Rohtas","s":"BIHAR"}},{"arcs":[[3232,-2361,3233]],"type":"Polygon","properties":{"n":"Gujru","c":251337,"d":"Rohtas","s":"BIHAR"}},{"arcs":[[-652,-2243,-2807,-54,-328,-1161,3234,3235,-687,-1367]],"type":"Polygon","properties":{"n":"Gunsej","c":251024,"d":"Rohtas","s":"BIHAR"}},{"arcs":[[-2891,3236,-2422,3237]],"type":"Polygon","properties":{"n":"Guraila","c":252572,"d":"Rohtas","s":"BIHAR"}},{"arcs":[[-1807,-2366,-1435,3238,3239]],"type":"Polygon","properties":{"n":"Gurisot","c":252105,"d":"Rohtas","s":"BIHAR"}},{"arcs":[[3240,3241,-1114]],"type":"Polygon","properties":{"n":" ","c":252044,"d":"Rohtas","s":"BIHAR"}},{"arcs":[[3242,3243,-1774,-2159,3244,-714,-2719]],"type":"Polygon","properties":{"n":"Haundih","c":252482,"d":"Rohtas","s":"BIHAR"}},{"arcs":[[3245,3246,3247,3248,3249]],"type":"Polygon","properties":{"n":"Habbupur","c":252478,"d":"Rohtas","s":"BIHAR"}},{"arcs":[[3250,3251,3252,3253,3254]],"type":"Polygon","properties":{"n":"Rajadih","c":251531,"d":"Rohtas","s":"BIHAR"}},{"arcs":[[3255,3256,3257,3258]],"type":"Polygon","properties":{"n":"Hajipur","c":251672,"d":"Rohtas","s":"BIHAR"}},{"arcs":[[-749,-1781,3259]],"type":"Polygon","properties":{"n":"Hamir Dehri","c":251082,"d":"Rohtas","s":"BIHAR"}},{"arcs":[[3260,-1775,-3244,3261]],"type":"Polygon","properties":{"n":"Hamiradih","c":252483,"d":"Rohtas","s":"BIHAR"}},{"arcs":[[-3186,3262,-2121,-145,3263,-369]],"type":"Polygon","properties":{"n":"Hamirpur","c":251643,"d":"Rohtas","s":"BIHAR"}},{"arcs":[[3264,3265,3266,3267,-703,3268]],"type":"Polygon","properties":{"n":"Hankarpur","c":252088,"d":"Rohtas","s":"BIHAR"}},{"arcs":[[-1250,-1428,3269,-2777,-1364]],"type":"Polygon","properties":{"n":"Hansri Dihra","c":250956,"d":"Rohtas","s":"BIHAR"}},{"arcs":[[3270,-2663,-129,3271]],"type":"Polygon","properties":{"n":"Harakhmal Dehri","c":251049,"d":"Rohtas","s":"BIHAR"}},{"arcs":[[-1406,3272,3273,3274,3275]],"type":"Polygon","properties":{"n":"Harbanspur","c":250892,"d":"Rohtas","s":"BIHAR"}},{"arcs":[[3276,3277,-240,3278,3279]],"type":"Polygon","properties":{"n":"Harbanspur","c":251779,"d":"Rohtas","s":"BIHAR"}},{"arcs":[[-1719,3280,3281,-1489,3282]],"type":"Polygon","properties":{"n":"Hardaspur","c":250775,"d":"Rohtas","s":"BIHAR"}},{"arcs":[[3283,-1234,3284,3285,-1371,3286]],"type":"Polygon","properties":{"n":"Hardaspur","c":251734,"d":"Rohtas","s":"BIHAR"}},{"arcs":[[3287,3288,-779]],"type":"Polygon","properties":{"n":"Hirde Sarae","c":251777,"d":"Rohtas","s":"BIHAR"}},{"arcs":[[3289,3290,3291]],"type":"Polygon","properties":{"n":"Harbanspur","c":251477,"d":"Rohtas","s":"BIHAR"}},{"arcs":[[3292,3293,-2062,-1065,-545,3294]],"type":"Polygon","properties":{"n":"Hariharpur","c":251353,"d":"Rohtas","s":"BIHAR"}},{"arcs":[[3295,3296,3297,3298,-1349,3299]],"type":"Polygon","properties":{"n":"Harihar Dehra","c":250635,"d":"Rohtas","s":"BIHAR"}},{"arcs":[[-2084,-2029,-1764,3300,3301,3302]],"type":"Polygon","properties":{"n":"Harna","c":252067,"d":"Rohtas","s":"BIHAR"}},{"arcs":[[-1852,-3000,-1897,3303]],"type":"Polygon","properties":{"n":"Harna Chatar","c":251094,"d":"Rohtas","s":"BIHAR"}},{"arcs":[[-916,3304,3305,3306,3307]],"type":"Polygon","properties":{"n":"Harnachiti","c":252616,"d":"Rohtas","s":"BIHAR"}},{"arcs":[[3308,3309,-1214,3310,3311,3312]],"type":"Polygon","properties":{"n":"Harnagra","c":251897,"d":"Rohtas","s":"BIHAR"}},{"arcs":[[3313,3314,3315,-3287,3316,3317]],"type":"Polygon","properties":{"n":"Harnarayanpur","c":251742,"d":"Rohtas","s":"BIHAR"}},{"arcs":[[3318,3319,-3136,3320,3321]],"type":"Polygon","properties":{"n":"Harnathpur","c":250649,"d":"Rohtas","s":"BIHAR"}},{"arcs":[[-1679,-1676,-1085,3322,3323]],"type":"Polygon","properties":{"n":"Harpur","c":251112,"d":"Rohtas","s":"BIHAR"}},{"arcs":[[3324,3325,-1069,3326]],"type":"Polygon","properties":{"n":"Harpur","c":250663,"d":"Rohtas","s":"BIHAR"}},{"arcs":[[3327,3328,-2513,3329,3330,3331]],"type":"Polygon","properties":{"n":"Hathdihan","c":251102,"d":"Rohtas","s":"BIHAR"}},{"arcs":[[-1025,-1611,3332,3333,3334]],"type":"Polygon","properties":{"n":"Hathigawan","c":252115,"d":"Rohtas","s":"BIHAR"}},{"arcs":[[3335,-3116,3336,3337,3338,-3225]],"type":"Polygon","properties":{"n":"Hathilpur","c":251241,"d":"Rohtas","s":"BIHAR"}},{"arcs":[[3339,3340,-2684,3341,3342,-1020,3343]],"type":"Polygon","properties":{"n":"Hathni","c":251561,"d":"Rohtas","s":"BIHAR"}},{"arcs":[[3344,3345,-2500,-2951,3346,-235]],"type":"Polygon","properties":{"n":"Hatia","c":251359,"d":"Rohtas","s":"BIHAR"}},{"arcs":[[3347,3348,-411,3349]],"type":"Polygon","properties":{"n":"Hetimpur","c":252339,"d":"Rohtas","s":"BIHAR"}},{"arcs":[[3350,3351,3352,3353,-417]],"type":"Polygon","properties":{"n":"Hatna","c":250691,"d":"Rohtas","s":"BIHAR"}},{"arcs":[[3354,3355,-2548,-1669,3356]],"type":"Polygon","properties":{"n":"Helha","c":250770,"d":"Rohtas","s":"BIHAR"}},{"arcs":[[3357,-3041,3358]],"type":"Polygon","properties":{"n":"Hetampur","c":250725,"d":"Rohtas","s":"BIHAR"}},{"arcs":[[3359,3360,3361,3362]],"type":"Polygon","properties":{"n":"Hinchhapur","c":250965,"d":"Rohtas","s":"BIHAR"}},{"arcs":[[3363,3364,-1478,3365,-1768,-2248,3366,-1538,3367]],"type":"Polygon","properties":{"n":"Hata","c":251954,"d":"Rohtas","s":"BIHAR"}},{"arcs":[[-3054,-2344,-987,3368,-3068,3369]],"type":"Polygon","properties":{"n":"Hunrraha","c":250800,"d":"Rohtas","s":"BIHAR"}},{"arcs":[[-331,3370,-3215,-2093,3371,3372]],"type":"Polygon","properties":{"n":"Hunka Dih","c":251140,"d":"Rohtas","s":"BIHAR"}},{"arcs":[[3373,3374,3375,3376]],"type":"Polygon","properties":{"n":"Hunrrahaba","c":251184,"d":"Rohtas","s":"BIHAR"}},{"arcs":[[3377,3378,3379,3380,-3138]],"type":"Polygon","properties":{"n":"Hurarha","c":250646,"d":"Rohtas","s":"BIHAR"}},{"arcs":[[-2844,-2462,3381,3382,-3307,3383,3384,3385,3386,3387]],"type":"Polygon","properties":{"n":"Hurka","c":252602,"d":"Rohtas","s":"BIHAR"}},{"arcs":[[3388,-2473,-68,-1297]],"type":"Polygon","properties":{"n":"Hurka","c":252553,"d":"Rohtas","s":"BIHAR"}},{"arcs":[[3389,3390]],"type":"Polygon","properties":{"n":"Ibrahimpur","c":251339,"d":"Rohtas","s":"BIHAR"}},{"arcs":[[-7,3391,-1961,3392]],"type":"Polygon","properties":{"n":"Ibrahimpur","c":252165,"d":"Rohtas","s":"BIHAR"}},{"arcs":[[-33,-1829,3393,3394,3395,3396,-2905,3397]],"type":"Polygon","properties":{"n":"Jharkhuria","c":250754,"d":"Rohtas","s":"BIHAR"}},{"arcs":[[-169,3398,-2102]],"type":"Polygon","properties":{"n":"Imirta","c":251145,"d":"Rohtas","s":"BIHAR"}},{"arcs":[[-883,3399,3400,3401]],"type":"Polygon","properties":{"n":"Inaihia","c":252393,"d":"Rohtas","s":"BIHAR"}},{"arcs":[[3402,-578,-2551,3403]],"type":"Polygon","properties":{"n":"Indapur","c":250791,"d":"Rohtas","s":"BIHAR"}},{"arcs":[[3404,3405,3406,3407]],"type":"Polygon","properties":{"n":"Indarpura","c":252606,"d":"Rohtas","s":"BIHAR"}},{"arcs":[[3408,3409,3410,3411,-590,3412,3413,-2937]],"type":"Polygon","properties":{"n":"Inrath Kalan","c":251202,"d":"Rohtas","s":"BIHAR"}},{"arcs":[[3414,3415,3416,-3411,3417,3418]],"type":"Polygon","properties":{"n":"Inrath Khurd","c":251200,"d":"Rohtas","s":"BIHAR"}},{"arcs":[[3419,3420,3421,-1378,3422]],"type":"Polygon","properties":{"n":"Intawa","c":251650,"d":"Rohtas","s":"BIHAR"}},{"arcs":[[-228,3423,3424,3425,-1977,3426]],"type":"Polygon","properties":{"n":"Isarpura","c":251158,"d":"Rohtas","s":"BIHAR"}},{"arcs":[[3427,-2170,3428]],"type":"Polygon","properties":{"n":"Isharpura","c":252237,"d":"Rohtas","s":"BIHAR"}},{"arcs":[[3429,3430]],"type":"Polygon","properties":{"n":"Ismailpur","c":251671,"d":"Rohtas","s":"BIHAR"}},{"arcs":[[-825,3431,-2017,-1458,3432]],"type":"Polygon","properties":{"n":"Isra","c":252499,"d":"Rohtas","s":"BIHAR"}},{"arcs":[[3433,-2099,3434,-2924,3435,3436,3437,-1280,3438,3439]],"type":"Polygon","properties":{"n":"Itharia","c":251276,"d":"Rohtas","s":"BIHAR"}},{"arcs":[[3440,3441,-414,-738,-2567,-2040,3442]],"type":"Polygon","properties":{"n":"Itamha","c":251426,"d":"Rohtas","s":"BIHAR"}},{"arcs":[[3443,-2686,3444,3445]],"type":"Polygon","properties":{"n":"Jabra","c":251552,"d":"Rohtas","s":"BIHAR"}},{"arcs":[[3446,3447,3448,3449]],"type":"Polygon","properties":{"n":" ","c":252053,"d":"Rohtas","s":"BIHAR"}},{"arcs":[[-563,-1109,-822,3450]],"type":"Polygon","properties":{"n":"Jadwa","c":252497,"d":"Rohtas","s":"BIHAR"}},{"arcs":[[-2857,3451,-935,-939,-1292]],"type":"Polygon","properties":{"n":"Jag Dehra","c":251904,"d":"Rohtas","s":"BIHAR"}},{"arcs":[[3452,3453,3454,3455,-1971,3456]],"type":"Polygon","properties":{"n":"Jagdatpur","c":251788,"d":"Rohtas","s":"BIHAR"}},{"arcs":[[3457,3458,-1094,-2894]],"type":"Polygon","properties":{"n":"Jagdaun Dih","c":252431,"d":"Rohtas","s":"BIHAR"}},{"arcs":[[-1712,-1520,-3199,3459]],"type":"Polygon","properties":{"n":"Gagadharpur","c":251030,"d":"Rohtas","s":"BIHAR"}},{"arcs":[[3460,3461,3462,3463,3464,3465]],"type":"Polygon","properties":{"n":"Jogipur","c":251721,"d":"Rohtas","s":"BIHAR"}},{"arcs":[[-3308,-3383,3466,3467,3468,-917]],"type":"Polygon","properties":{"n":"Jainagra","c":252608,"d":"Rohtas","s":"BIHAR"}},{"arcs":[[-952,3469,3470,-301,3471,3472]],"type":"Polygon","properties":{"n":"Jaintipur","c":252084,"d":"Rohtas","s":"BIHAR"}},{"arcs":[[3473,-1989,3474,3475,-2975,-1387]],"type":"Polygon","properties":{"n":"Jaipur","c":252397,"d":"Rohtas","s":"BIHAR"}},{"arcs":[[3476,3477,3478,3479,-1418,3480]],"type":"Polygon","properties":{"n":"Jairampah","c":251715,"d":"Rohtas","s":"BIHAR"}},{"arcs":[[3481,3482,3483,3484,3485,3486,-359,-3223,3487]],"type":"Polygon","properties":{"n":"Jaisari","c":251270,"d":"Rohtas","s":"BIHAR"}},{"arcs":[[3488,-3482,3489,3490]],"type":"Polygon","properties":{"n":"Jaisari English","c":251268,"d":"Rohtas","s":"BIHAR"}},{"arcs":[[3491,3492,-2670,3493,3494]],"type":"Polygon","properties":{"n":"Jaisari English","c":251296,"d":"Rohtas","s":"BIHAR"}},{"arcs":[[-2553,3495,3496,-2578,-1936]],"type":"Polygon","properties":{"n":"Jaiti Dihra","c":250788,"d":"Rohtas","s":"BIHAR"}},{"arcs":[[-3343,3497,-2008,3498,-1012]],"type":"Polygon","properties":{"n":"Jakhani","c":251573,"d":"Rohtas","s":"BIHAR"}},{"arcs":[[3499,-720,3500,3501,3502]],"type":"Polygon","properties":{"n":"Jalha","c":251170,"d":"Rohtas","s":"BIHAR"}},{"arcs":[[3503,3504,-1586,-366,-1466,3505,3506,3507,3508]],"type":"Polygon","properties":{"n":"Jalwaia","c":251833,"d":"Rohtas","s":"BIHAR"}},{"arcs":[[-2412,-2828,-2386,3509,3510]],"type":"Polygon","properties":{"n":"Jamahath","c":252473,"d":"Rohtas","s":"BIHAR"}},{"arcs":[[3511,3512,3513,3514,-1759,-1761,-731]],"type":"Polygon","properties":{"n":"Jamorhi","c":250885,"d":"Rohtas","s":"BIHAR"}},{"arcs":[[3515,3516,-2555,3517,-1736,-1142,-163,-2101,3518,-439]],"type":"Polygon","properties":{"n":"Jamorhi","c":251186,"d":"Rohtas","s":"BIHAR"}},{"arcs":[[3519,3520,-1000,3521,-2784,3522,3523]],"type":"Polygon","properties":{"n":"Jamraurh","c":250920,"d":"Rohtas","s":"BIHAR"}},{"arcs":[[-2249,3524,-353,-2660,3525,3526,3527]],"type":"Polygon","properties":{"n":"Jamsona","c":251055,"d":"Rohtas","s":"BIHAR"}},{"arcs":[[-231,3528,-1882,-3182,3529,3530,3531]],"type":"Polygon","properties":{"n":"Jamua","c":251364,"d":"Rohtas","s":"BIHAR"}},{"arcs":[[3532,3533,3534,3535,3536,3537,3538]],"type":"Polygon","properties":{"n":"Jamua","c":252690,"d":"Rohtas","s":"BIHAR"}},{"arcs":[[3539,3540,-2516,3541,3542]],"type":"Polygon","properties":{"n":"Jamuara","c":251138,"d":"Rohtas","s":"BIHAR"}},{"arcs":[[3543,3544,3545,3546]],"type":"Polygon","properties":{"n":"Jamuhari","c":251528,"d":"Rohtas","s":"BIHAR"}},{"arcs":[[-2263,3547,3548,-2960,-2919,3549]],"type":"Polygon","properties":{"n":"Jamuhar","c":252562,"d":"Rohtas","s":"BIHAR"}},{"arcs":[[3550,-3407,3551,-3467,-3382,-2461,3552]],"type":"Polygon","properties":{"n":"Jamuhara","c":252605,"d":"Rohtas","s":"BIHAR"}},{"arcs":[[-1040,3553,-1033,3554,3555]],"type":"Polygon","properties":{"n":"Janjra","c":252222,"d":"Rohtas","s":"BIHAR"}},{"arcs":[[-3449,3556]],"type":"Polygon","properties":{"n":" ","c":252055,"d":"Rohtas","s":"BIHAR"}},{"arcs":[[3557,3558,-918,-3469,3559]],"type":"Polygon","properties":{"n":"Jaraha","c":252609,"d":"Rohtas","s":"BIHAR"}},{"arcs":[[-655,3560,3561,3562,3563,3564]],"type":"Polygon","properties":{"n":"Jararhi","c":252015,"d":"Rohtas","s":"BIHAR"}},{"arcs":[[-1186,-3172,3565,3566,-2195,3567,3568]],"type":"Polygon","properties":{"n":"Jaruha","c":251700,"d":"Rohtas","s":"BIHAR"}},{"arcs":[[3569,3570,3571,3572,3573]],"type":"Polygon","properties":{"n":"Jawarh","c":252452,"d":"Rohtas","s":"BIHAR"}},{"arcs":[[-3189,3574,3575,3576,3577]],"type":"Polygon","properties":{"n":"Jhalkhora","c":251664,"d":"Rohtas","s":"BIHAR"}},{"arcs":[[-113,3578,-1784,3579]],"type":"Polygon","properties":{"n":"Sumbha","c":252384,"d":"Rohtas","s":"BIHAR"}},{"arcs":[[3580,3581,3582,3583,-751]],"type":"Polygon","properties":{"n":"Jharkharia","c":251084,"d":"Rohtas","s":"BIHAR"}},{"arcs":[[3584,3585,-1256,3586,-994,3587,-3228]],"type":"Polygon","properties":{"n":"Jigina","c":252422,"d":"Rohtas","s":"BIHAR"}},{"arcs":[[3588,-1448,3589,-1446,3590,3591,3592,3593]],"type":"Polygon","properties":{"n":"Gigna","c":250908,"d":"Rohtas","s":"BIHAR"}},{"arcs":[[3594,-628,3595,3596]],"type":"Polygon","properties":{"n":"Jigna","c":252135,"d":"Rohtas","s":"BIHAR"}},{"arcs":[[-586,3597,3598,-3255,3599]],"type":"Polygon","properties":{"n":"Jigni","c":251520,"d":"Rohtas","s":"BIHAR"}},{"arcs":[[3600,-735,3601,-261,3602]],"type":"Polygon","properties":{"n":"Jina","c":251442,"d":"Rohtas","s":"BIHAR"}},{"arcs":[[-3503,3603,3604,-1646]],"type":"Polygon","properties":{"n":"Jiu Khap","c":251172,"d":"Rohtas","s":"BIHAR"}},{"arcs":[[3605,3606,3607,-850,3608,-2474]],"type":"Polygon","properties":{"n":"Jogia","c":251224,"d":"Rohtas","s":"BIHAR"}},{"arcs":[[3609,3610,3611,-2281,-1180]],"type":"Polygon","properties":{"n":"Jago Dih","c":252650,"d":"Rohtas","s":"BIHAR"}},{"arcs":[[-1579,-1612,-1029,-1184,3612,3613]],"type":"Polygon","properties":{"n":"Jogwalia","c":251704,"d":"Rohtas","s":"BIHAR"}},{"arcs":[[3614,3615,-3338,3616,-711,-1740,-2679,3617,-1077]],"type":"Polygon","properties":{"n":"Jonhi","c":251240,"d":"Rohtas","s":"BIHAR"}},{"arcs":[[-1683,3618,-1846,3619,-2436]],"type":"Polygon","properties":{"n":"Jora","c":251116,"d":"Rohtas","s":"BIHAR"}},{"arcs":[[-2359,3620,3621,-267,3622,-3390]],"type":"Polygon","properties":{"n":"Kachhawa","c":251437,"d":"Rohtas","s":"BIHAR"}},{"arcs":[[3623,3624,-3621,-2358]],"type":"Polygon","properties":{"n":"Kachhawa Mahazi","c":251456,"d":"Rohtas","s":"BIHAR"}},{"arcs":[[3625,3626,-2214,3627,3628,3629,-1117,3630,3631,3632,-1196,-839,3633,3634,3635,-1532,3636,3637,-247,3638,-2035,-2283]],"type":"Polygon","properties":{"n":"Kachhuhar","c":252670,"d":"Rohtas","s":"BIHAR"}},{"arcs":[[-153,-3217,-1063]],"type":"Polygon","properties":{"n":"Kachnath","c":252292,"d":"Rohtas","s":"BIHAR"}},{"arcs":[[3639,3640,-3142,-476,3641,-3032,3642,3643,-1014,3644]],"type":"Polygon","properties":{"n":"Kadwa","c":251566,"d":"Rohtas","s":"BIHAR"}},{"arcs":[[-1314,-2026,-2115,-790,-3122,3645]],"type":"Polygon","properties":{"n":"Kadwa","c":252245,"d":"Rohtas","s":"BIHAR"}},{"arcs":[[3646,3647,-889,3648,-2200,-518,-3180]],"type":"Polygon","properties":{"n":"Kaeth Bahuara","c":251377,"d":"Rohtas","s":"BIHAR"}},{"arcs":[[3649,3650,-3220,-1674,-2435]],"type":"Polygon","properties":{"n":"Kailani","c":251125,"d":"Rohtas","s":"BIHAR"}},{"arcs":[[-3149,3651,3652,3653,3654,-1959,-3024]],"type":"Polygon","properties":{"n":"Kaithi","c":252169,"d":"Rohtas","s":"BIHAR"}},{"arcs":[[3655,3656,3657,-3625]],"type":"Polygon","properties":{"n":"Kaithi Mahazi","c":251455,"d":"Rohtas","s":"BIHAR"}},{"arcs":[[-1354,3658,-3607,3659,3660]],"type":"Polygon","properties":{"n":"Kajhai","c":251226,"d":"Rohtas","s":"BIHAR"}},{"arcs":[[3661,-1945,3662,3663,3664,-5]],"type":"Polygon","properties":{"n":"Kekarha","c":252153,"d":"Rohtas","s":"BIHAR"}},{"arcs":[[-356,3665,3666,3667]],"type":"Polygon","properties":{"n":"Kukurha","c":251039,"d":"Rohtas","s":"BIHAR"}},{"arcs":[[3668,3669,3670,-2354,3671]],"type":"Polygon","properties":{"n":"Kala Shahar","c":252267,"d":"Rohtas","s":"BIHAR"}},{"arcs":[[3672,3673,-3168,3674]],"type":"Polygon","properties":{"n":"Madhopur","c":251099,"d":"Rohtas","s":"BIHAR"}},{"arcs":[[3675,3676,-3635,3677]],"type":"Polygon","properties":{"n":"Kalyanpur","c":252669,"d":"Rohtas","s":"BIHAR"}},{"arcs":[[3678,3679,3680,-306,3681,3682,3683,3684]],"type":"Polygon","properties":{"n":"Kalyanpur","c":251739,"d":"Rohtas","s":"BIHAR"}},{"arcs":[[3685,3686,3687,3688,3689]],"type":"Polygon","properties":{"n":"Kamalpur","c":251848,"d":"Rohtas","s":"BIHAR"}},{"arcs":[[-1210,3690,-3423,3691]],"type":"Polygon","properties":{"n":"Kamdewa","c":251628,"d":"Rohtas","s":"BIHAR"}},{"arcs":[[-2251,3692,-2145,-1837]],"type":"Polygon","properties":{"n":"Kamdhanwan","c":251058,"d":"Rohtas","s":"BIHAR"}},{"arcs":[[3693,3694,-2835,-3050,3695,3696]],"type":"Polygon","properties":{"n":"Karserua","c":252457,"d":"Rohtas","s":"BIHAR"}},{"arcs":[[3697,3698,-3534,3699]],"type":"Polygon","properties":{"n":"Kanakpur","c":252691,"d":"Rohtas","s":"BIHAR"}},{"arcs":[[-2301,3700,3701,3702,3703,-2427,-2613,3704,3705]],"type":"Polygon","properties":{"n":"Kanchanpur","c":252447,"d":"Rohtas","s":"BIHAR"}},{"arcs":[[3706,-2302,-3706,3707,-2955,-3549]],"type":"Polygon","properties":{"n":"Kanchanpur","c":252444,"d":"Rohtas","s":"BIHAR"}},{"arcs":[[3708,-126,3709,-454]],"type":"Polygon","properties":{"n":"Kandharapur","c":252123,"d":"Rohtas","s":"BIHAR"}},{"arcs":[[-3648,3710,3711,-884]],"type":"Polygon","properties":{"n":"Kanh Bahuara","c":251378,"d":"Rohtas","s":"BIHAR"}},{"arcs":[[-2764,3712,3713,3714,3715,-119,-1831,-3042,-1836,-3108]],"type":"Polygon","properties":{"n":"Kaniyari","c":250948,"d":"Rohtas","s":"BIHAR"}},{"arcs":[[-859,-1231,3716,3717,3718]],"type":"Polygon","properties":{"n":"Kanrjar","c":252187,"d":"Rohtas","s":"BIHAR"}},{"arcs":[[3719,3720,-1534,-1198,3721,-1946]],"type":"Polygon","properties":{"n":"Bhatarhi","c":252343,"d":"Rohtas","s":"BIHAR"}},{"arcs":[[3722,3723,3724,3725]],"type":"Polygon","properties":{"n":"Kaparpura","c":251986,"d":"Rohtas","s":"BIHAR"}},{"arcs":[[3726,-717,-1788,-1605,3727,3728,3729,-3248]],"type":"Polygon","properties":{"n":"Kapasia","c":252479,"d":"Rohtas","s":"BIHAR"}},{"arcs":[[-3353,3730,3731,3732,-2143,-312,3733,3734,3735,3736,3737]],"type":"Polygon","properties":{"n":"Kapasia","c":250703,"d":"Rohtas","s":"BIHAR"}},{"arcs":[[3738,-3159,3739,3740,3741,3742,-2733,3743]],"type":"Polygon","properties":{"n":"Kapatia","c":251805,"d":"Rohtas","s":"BIHAR"}},{"arcs":[[3744,3745,-3491,3746,-3615,-1076,3747]],"type":"Polygon","properties":{"n":"Karakat","c":251267,"d":"Rohtas","s":"BIHAR"}},{"arcs":[[-634,3748,3749,3750,-2730,3751,3752]],"type":"Polygon","properties":{"n":"Karam Dihri","c":252356,"d":"Rohtas","s":"BIHAR"}},{"arcs":[[3753,3754,3755,3756,-1465,-945,3757,-3351,-416]],"type":"Polygon","properties":{"n":"Karanchhata","c":250692,"d":"Rohtas","s":"BIHAR"}},{"arcs":[[3758,3759,3760,3761,-3302,3762]],"type":"Polygon","properties":{"n":"Karamdiha","c":252070,"d":"Rohtas","s":"BIHAR"}},{"arcs":[[-978,3763,3764,-958]],"type":"Polygon","properties":{"n":"Karan","c":251610,"d":"Rohtas","s":"BIHAR"}},{"arcs":[[-3249,-3730,3765,-1998,-2122,3766]],"type":"Polygon","properties":{"n":"Karamkila","c":251488,"d":"Rohtas","s":"BIHAR"}},{"arcs":[[-345,3767,3768,3769,3770,-2384,3771]],"type":"Polygon","properties":{"n":"Karanj","c":250897,"d":"Rohtas","s":"BIHAR"}},{"arcs":[[-2244,-1771,3772,3773]],"type":"Polygon","properties":{"n":"Karanpura","c":251938,"d":"Rohtas","s":"BIHAR"}},{"arcs":[[-803,3774,3775,3776]],"type":"Polygon","properties":{"n":"Kararipatti Garhi","c":252210,"d":"Rohtas","s":"BIHAR"}},{"arcs":[[-802,3777,3778,-3775]],"type":"Polygon","properties":{"n":"kararipatti Sharki","c":252211,"d":"Rohtas","s":"BIHAR"}},{"arcs":[[-1810,-1982,3779,-1714,3780,3781,3782,3783,3784,3785,-86]],"type":"Polygon","properties":{"n":"Karaundi","c":251006,"d":"Rohtas","s":"BIHAR"}},{"arcs":[[-2385,-2398,3786,3787,-3510]],"type":"Polygon","properties":{"n":"Karaunia","c":252474,"d":"Rohtas","s":"BIHAR"}},{"arcs":[[3788,3789,3790,3791,-2315,3792]],"type":"Polygon","properties":{"n":"Karbaniyan","c":250804,"d":"Rohtas","s":"BIHAR"}},{"arcs":[[3793,3794,-3790,3795]],"type":"Polygon","properties":{"n":"Biranpur","c":250805,"d":"Rohtas","s":"BIHAR"}},{"arcs":[[3796,-525,3797,3798,3799]],"type":"Polygon","properties":{"n":"Karechh","c":251971,"d":"Rohtas","s":"BIHAR"}},{"arcs":[[3800,3801,-1141,3802,3803,3804,3805,3806,3807,3808,3809,-3288,-778,3810]],"type":"Polygon","properties":{"n":"Kargahar","c":251793,"d":"Rohtas","s":"BIHAR"}},{"arcs":[[3811,3812,3813,3814,3815,3816,-2949,3817,-2649,3818,3819,-660]],"type":"Polygon","properties":{"n":"Karhansi","c":250997,"d":"Rohtas","s":"BIHAR"}},{"arcs":[[3820,-215,3821,-2848,3822,3823]],"type":"Polygon","properties":{"n":"Karjar","c":250738,"d":"Rohtas","s":"BIHAR"}},{"arcs":[[-984,-2128,-1956,-1090,-134]],"type":"Polygon","properties":{"n":"Karkatpur","c":252523,"d":"Rohtas","s":"BIHAR"}},{"arcs":[[3824,3825,-1118,-3630,3826]],"type":"Polygon","properties":{"n":"Karma","c":252659,"d":"Rohtas","s":"BIHAR"}},{"arcs":[[-3105,-2534,3827]],"type":"Polygon","properties":{"n":"Karma Digar","c":251994,"d":"Rohtas","s":"BIHAR"}},{"arcs":[[3828,3829,3830,3831,3832]],"type":"Polygon","properties":{"n":"Karma","c":251522,"d":"Rohtas","s":"BIHAR"}},{"arcs":[[3833,-12,3834,3835,3836,3837]],"type":"Polygon","properties":{"n":"Karam Kiliya","c":251261,"d":"Rohtas","s":"BIHAR"}},{"arcs":[[-900,-3083,-1789,-715,-3245,-2158]],"type":"Polygon","properties":{"n":"Karmahi","c":252487,"d":"Rohtas","s":"BIHAR"}},{"arcs":[[-3398,-2904,3838,3839,-34]],"type":"Polygon","properties":{"n":"Kaarmaini","c":250755,"d":"Rohtas","s":"BIHAR"}},{"arcs":[[3840,-1283,-1192]],"type":"Polygon","properties":{"n":"Karma","c":251511,"d":"Rohtas","s":"BIHAR"}},{"arcs":[[-3721,3841,3842,3843,3844,3845,-1535]],"type":"Polygon","properties":{"n":"karpurwa","c":252340,"d":"Rohtas","s":"BIHAR"}},{"arcs":[[3846,-2264,-3550,-2922,-1096,3847]],"type":"Polygon","properties":{"n":"Karwania","c":252429,"d":"Rohtas","s":"BIHAR"}},{"arcs":[[3848,-2589,3849,3850,3851,3852,3853]],"type":"Polygon","properties":{"n":"Karwar","c":251658,"d":"Rohtas","s":"BIHAR"}},{"arcs":[[3854,3855,-1951,3856,3857,-3348]],"type":"Polygon","properties":{"n":"Sasaram (Nagar Parishad)","c":801397,"d":"Rohtas","s":"BIHAR"}},{"arcs":[[3858,-1197,-3633,3859,3860]],"type":"Polygon","properties":{"n":"Kasiawan","c":252665,"d":"Rohtas","s":"BIHAR"}},{"arcs":[[3861,-868,3862,-1991,3863,3864]],"type":"Polygon","properties":{"n":"Kasigawan","c":251857,"d":"Rohtas","s":"BIHAR"}},{"arcs":[[-3417,3865,3866,3867,3868,-1854,-591,-3412]],"type":"Polygon","properties":{"n":"Kastar","c":251199,"d":"Rohtas","s":"BIHAR"}},{"arcs":[[3869,3870,-1327]],"type":"Polygon","properties":{"n":"Kataprath","c":252326,"d":"Rohtas","s":"BIHAR"}},{"arcs":[[3871,-3374,3872,3873]],"type":"Polygon","properties":{"n":"Katailbal","c":251105,"d":"Rohtas","s":"BIHAR"}},{"arcs":[[-1359,-2466,3874,3875,3876,3877,3878]],"type":"Polygon","properties":{"n":"Katar","c":252580,"d":"Rohtas","s":"BIHAR"}},{"arcs":[[-102,-2731,-3751,3879,3880,-3232,3881]],"type":"Polygon","properties":{"n":"Katdehri","c":252380,"d":"Rohtas","s":"BIHAR"}},{"arcs":[[3882,3883,3884,3885,-1154,3886,3887]],"type":"Polygon","properties":{"n":"Katharain","c":250693,"d":"Rohtas","s":"BIHAR"}},{"arcs":[[-2569,3888,-2042]],"type":"Polygon","properties":{"n":"Kath Khaulia","c":251424,"d":"Rohtas","s":"BIHAR"}},{"arcs":[[-609,3889,3890,-1101,-2379,3891,3892,-2218]],"type":"Polygon","properties":{"n":"Katiyara","c":250797,"d":"Rohtas","s":"BIHAR"}},{"arcs":[[3893,-2691,3894,-432]],"type":"Polygon","properties":{"n":"Katra","c":251962,"d":"Rohtas","s":"BIHAR"}},{"arcs":[[3895,3896,3897,3898,-1110,3899,3900]],"type":"Polygon","properties":{"n":" ","c":252042,"d":"Rohtas","s":"BIHAR"}},{"arcs":[[3901,-1384,3902,-462]],"type":"Polygon","properties":{"n":"kaua Dehri","c":252179,"d":"Rohtas","s":"BIHAR"}},{"arcs":[[-1415,-781,3903,-238,3904]],"type":"Polygon","properties":{"n":"Kauakhonch","c":251776,"d":"Rohtas","s":"BIHAR"}},{"arcs":[[-506,-2197,3905,-2330,-905]],"type":"Polygon","properties":{"n":"Kauni","c":250854,"d":"Rohtas","s":"BIHAR"}},{"arcs":[[3906,-897,3907,3908,3909,3910,3911]],"type":"Polygon","properties":{"n":"Kaupa","c":252515,"d":"Rohtas","s":"BIHAR"}},{"arcs":[[3912,3913,3914,3915,3916]],"type":"Polygon","properties":{"n":"Kaupa","c":252194,"d":"Rohtas","s":"BIHAR"}},{"arcs":[[-641,-2976,-3476,3917,3918,-2862,-1166]],"type":"Polygon","properties":{"n":"Kaupa Dih","c":252406,"d":"Rohtas","s":"BIHAR"}},{"arcs":[[3919,-3194,3920,3921]],"type":"Polygon","properties":{"n":"Kauria","c":252454,"d":"Rohtas","s":"BIHAR"}},{"arcs":[[-246,3922,3923,3924,-1869,3925,-2036,-3639]],"type":"Polygon","properties":{"n":"Kauriari","c":252675,"d":"Rohtas","s":"BIHAR"}},{"arcs":[[3926,3927,-705,-864,-3862,3928,3929,3930,3931]],"type":"Polygon","properties":{"n":"Kauwadih","c":251852,"d":"Rohtas","s":"BIHAR"}},{"arcs":[[-1001,-3521,3932,3933,3934,-981]],"type":"Polygon","properties":{"n":"Kauwakhonch","c":250921,"d":"Rohtas","s":"BIHAR"}},{"arcs":[[-3371,-330,-440,-3519,-2104,-2698,-2741,-3211]],"type":"Polygon","properties":{"n":"Kawai","c":251143,"d":"Rohtas","s":"BIHAR"}},{"arcs":[[-3265,3935,-3470,-951,3936]],"type":"Polygon","properties":{"n":"Kazipur","c":252091,"d":"Rohtas","s":"BIHAR"}},{"arcs":[[3937,-2858,-1722,3938,3939]],"type":"Polygon","properties":{"n":"Kekai","c":252276,"d":"Rohtas","s":"BIHAR"}},{"arcs":[[-1304,3940,-1963,3941,3942,3943,3944,-2758]],"type":"Polygon","properties":{"n":"Kenar Kalan","c":251892,"d":"Rohtas","s":"BIHAR"}},{"arcs":[[3945,3946,-3943,3947,-932,3948]],"type":"Polygon","properties":{"n":"Kenar Khurd","c":251891,"d":"Rohtas","s":"BIHAR"}},{"arcs":[[3949,3950,3951,3952,-1130,3953]],"type":"Polygon","properties":{"n":"Pirna Bigha","c":252634,"d":"Rohtas","s":"BIHAR"}},{"arcs":[[3954,-1278,3955]],"type":"Polygon","properties":{"n":"Keshodih","c":251253,"d":"Rohtas","s":"BIHAR"}},{"arcs":[[3956,-2931,-2304,3957,3958]],"type":"Polygon","properties":{"n":"Kesuari","c":251382,"d":"Rohtas","s":"BIHAR"}},{"arcs":[[3959,-511,-1707,3960,-3914]],"type":"Polygon","properties":{"n":"Kewantarhi","c":252195,"d":"Rohtas","s":"BIHAR"}},{"arcs":[[-2560,-2577,3961,3962,-3281,-1718,3963]],"type":"Polygon","properties":{"n":"Khadawan","c":250773,"d":"Rohtas","s":"BIHAR"}},{"arcs":[[-229,-3427,-1976,3964,3965,3966,3967]],"type":"Polygon","properties":{"n":"Khaira","c":251157,"d":"Rohtas","s":"BIHAR"}},{"arcs":[[3968,3969,3970,3971,3972,-764,3973]],"type":"Polygon","properties":{"n":"Khaira Dew","c":251813,"d":"Rohtas","s":"BIHAR"}},{"arcs":[[-3518,-2554,-1509,-1737]],"type":"Polygon","properties":{"n":"Khaira Dih","c":251187,"d":"Rohtas","s":"BIHAR"}},{"arcs":[[3974,-1640,-2100,-1281,-3438]],"type":"Polygon","properties":{"n":"Khairadih","c":251272,"d":"Rohtas","s":"BIHAR"}},{"arcs":[[3975,3976,3977,3978,3979,3980]],"type":"Polygon","properties":{"n":"Khairahi","c":251077,"d":"Rohtas","s":"BIHAR"}},{"arcs":[[-2299,3981,-1362,-3076,3982]],"type":"Polygon","properties":{"n":"Khairaha","c":252577,"d":"Rohtas","s":"BIHAR"}},{"arcs":[[-2913,3983,-4,3984,3985]],"type":"Polygon","properties":{"n":"Khairahin","c":251614,"d":"Rohtas","s":"BIHAR"}},{"arcs":[[3986,3987,-444,3988,-1980,3989,3990,3991]],"type":"Polygon","properties":{"n":"Khaira Bhutaha","c":251536,"d":"Rohtas","s":"BIHAR"}},{"arcs":[[3992,-1700,3993,-124]],"type":"Polygon","properties":{"n":"Khairi Chhotki","c":252120,"d":"Rohtas","s":"BIHAR"}},{"arcs":[[3994,-2643,3995,-3568,-2194,3996,3997]],"type":"Polygon","properties":{"n":"Khairi Sultan","c":251698,"d":"Rohtas","s":"BIHAR"}},{"arcs":[[3998,3999,4000,-2579,-3497]],"type":"Polygon","properties":{"n":"Khairi","c":250786,"d":"Rohtas","s":"BIHAR"}},{"arcs":[[-1311,-830,4001,4002]],"type":"Polygon","properties":{"n":"Khairwa Khurd","c":252097,"d":"Rohtas","s":"BIHAR"}},{"arcs":[[-2716,4003,4004,4005,4006]],"type":"Polygon","properties":{"n":"Khajuri","c":252663,"d":"Rohtas","s":"BIHAR"}},{"arcs":[[4007,-1471,4008,-2915,4009,-116,4010]],"type":"Polygon","properties":{"n":"Khakhra","c":251837,"d":"Rohtas","s":"BIHAR"}},{"arcs":[[-3487,4011,4012,-360]],"type":"Polygon","properties":{"n":"Khalariya","c":251242,"d":"Rohtas","s":"BIHAR"}},{"arcs":[[4013,4014,-1413,4015,-1791,4016,4017]],"type":"Polygon","properties":{"n":"Kharika","c":250880,"d":"Rohtas","s":"BIHAR"}},{"arcs":[[-2391,4018,4019,-2399]],"type":"Polygon","properties":{"n":"Khatolla","c":252199,"d":"Rohtas","s":"BIHAR"}},{"arcs":[[-1701,-3993,-128,4020,-3334,4021]],"type":"Polygon","properties":{"n":"Khairi Barki","c":252112,"d":"Rohtas","s":"BIHAR"}},{"arcs":[[-2782,4022,-2889,4023,4024]],"type":"Polygon","properties":{"n":"Khalsapur","c":250938,"d":"Rohtas","s":"BIHAR"}},{"arcs":[[4025,4026,4027,4028,-3453,4029,-1827,-31]],"type":"Polygon","properties":{"n":"Khanaithi","c":251787,"d":"Rohtas","s":"BIHAR"}},{"arcs":[[-3337,-3115,-3091,4030,-712,-3617]],"type":"Polygon","properties":{"n":"Kanda Dih","c":251235,"d":"Rohtas","s":"BIHAR"}},{"arcs":[[-1308,4031,-2370]],"type":"Polygon","properties":{"n":"Khandaul","c":252099,"d":"Rohtas","s":"BIHAR"}},{"arcs":[[4032,4033,4034,4035,4036]],"type":"Polygon","properties":{"n":"Khanipur","c":252208,"d":"Rohtas","s":"BIHAR"}},{"arcs":[[4037,4038,4039,4040,-1745,4041,-3235,-1160]],"type":"Polygon","properties":{"n":"Khanita","c":250872,"d":"Rohtas","s":"BIHAR"}},{"arcs":[[-620,4042,4043,-2056,4044]],"type":"Polygon","properties":{"n":"Khanra","c":252403,"d":"Rohtas","s":"BIHAR"}},{"arcs":[[-1984,4045,4046,-2126]],"type":"Polygon","properties":{"n":"Khapra","c":252506,"d":"Rohtas","s":"BIHAR"}},{"arcs":[[4047,4048,-3992,4049,-3425]],"type":"Polygon","properties":{"n":"Kharagpura","c":251160,"d":"Rohtas","s":"BIHAR"}},{"arcs":[[-3315,4050,4051,4052,-3679,4053]],"type":"Polygon","properties":{"n":"Kharagpura","c":251755,"d":"Rohtas","s":"BIHAR"}},{"arcs":[[4054,4055,4056,-4051,-3314,4057]],"type":"Polygon","properties":{"n":"Kharagpur Buzurg","c":251741,"d":"Rohtas","s":"BIHAR"}},{"arcs":[[-3525,-2252,-385,-354]],"type":"Polygon","properties":{"n":"Kharanti","c":251043,"d":"Rohtas","s":"BIHAR"}},{"arcs":[[-744,4058,4059,4060,4061]],"type":"Polygon","properties":{"n":"Kharauj Kalan","c":251109,"d":"Rohtas","s":"BIHAR"}},{"arcs":[[4062,4063,-264,4064,-4059]],"type":"Polygon","properties":{"n":"Kharauj Khurd","c":251174,"d":"Rohtas","s":"BIHAR"}},{"arcs":[[-3030,4065,-1257,-3586,4066,-106,4067]],"type":"Polygon","properties":{"n":"Kharaunia","c":252383,"d":"Rohtas","s":"BIHAR"}},{"arcs":[[-2409,4068,4069,4070]],"type":"Polygon","properties":{"n":"Khardihan","c":252302,"d":"Rohtas","s":"BIHAR"}},{"arcs":[[-1568,-3012,4071,4072,4073,-120,4074,4075,4076]],"type":"Polygon","properties":{"n":"Kharhana","c":251707,"d":"Rohtas","s":"BIHAR"}},{"arcs":[[4077,-747,-299,4078,4079,-325]],"type":"Polygon","properties":{"n":"Kharhua","c":251183,"d":"Rohtas","s":"BIHAR"}},{"arcs":[[4080,4081,4082]],"type":"Polygon","properties":{"n":"Khari Ghat","c":252289,"d":"Rohtas","s":"BIHAR"}},{"arcs":[[-3973,4083,4084,4085,4086,-765]],"type":"Polygon","properties":{"n":"Khaira Sahmal","c":251812,"d":"Rohtas","s":"BIHAR"}},{"arcs":[[4087,-2441,-3864,-1995,-2635]],"type":"Polygon","properties":{"n":"Kharui","c":251856,"d":"Rohtas","s":"BIHAR"}},{"arcs":[[-3818,-2948,-197,-2510,4088,4089,4090,-2646]],"type":"Polygon","properties":{"n":"Kharwath","c":251000,"d":"Rohtas","s":"BIHAR"}},{"arcs":[[4091,-587,4092,-649]],"type":"Polygon","properties":{"n":"Khatalpur","c":251518,"d":"Rohtas","s":"BIHAR"}},{"arcs":[[-1321,4093]],"type":"Polygon","properties":{"n":"Khirodhar Chok","c":250814,"d":"Rohtas","s":"BIHAR"}},{"arcs":[[4094,-580,4095,4096,4097]],"type":"Polygon","properties":{"n":"Khiriawan","c":251434,"d":"Rohtas","s":"BIHAR"}},{"arcs":[[-1002,-979,4098,4099]],"type":"Polygon","properties":{"n":"Dhaneshpur","c":250914,"d":"Rohtas","s":"BIHAR"}},{"arcs":[[-1983,-1813,4100,4101,-3965]],"type":"Polygon","properties":{"n":"Khirodharpur","c":251156,"d":"Rohtas","s":"BIHAR"}},{"arcs":[[4102,4103,-1927,-2065,-2179,4104,4105]],"type":"Polygon","properties":{"n":"Khirsa","c":251319,"d":"Rohtas","s":"BIHAR"}},{"arcs":[[4106,-4075,-123,4107,4108]],"type":"Polygon","properties":{"n":"Khaira","c":251692,"d":"Rohtas","s":"BIHAR"}},{"arcs":[[-1024,4109,-2144,-3733,4110]],"type":"Polygon","properties":{"n":"Khajapur","c":250677,"d":"Rohtas","s":"BIHAR"}},{"arcs":[[-3569,-3996,-2645,-1187]],"type":"Polygon","properties":{"n":"Khajasir","c":251701,"d":"Rohtas","s":"BIHAR"}},{"arcs":[[-2587,4111,4112,4113,-141]],"type":"Polygon","properties":{"n":"Kharej","c":251647,"d":"Rohtas","s":"BIHAR"}},{"arcs":[[4114,4115,-147,-2120,4116,4117]],"type":"Polygon","properties":{"n":"Khoreya","c":251661,"d":"Rohtas","s":"BIHAR"}},{"arcs":[[4118,4119,-2748,-2210,4120]],"type":"Polygon","properties":{"n":"Khorhari","c":250669,"d":"Rohtas","s":"BIHAR"}},{"arcs":[[4121,4122,-3962,-2580,-4001]],"type":"Polygon","properties":{"n":"Khudru","c":250781,"d":"Rohtas","s":"BIHAR"}},{"arcs":[[-1539,-3367,-2247,4123,4124,-2457]],"type":"Polygon","properties":{"n":"Khujha","c":251953,"d":"Rohtas","s":"BIHAR"}},{"arcs":[[4125,4126,-601,-2072,4127,4128,4129,4130,-3102,-3828,-2533,4131,4132,4133]],"type":"Polygon","properties":{"n":"Khurnu Kalan","c":252005,"d":"Rohtas","s":"BIHAR"}},{"arcs":[[-1842,4134,-3669,4135,4136,4137]],"type":"Polygon","properties":{"n":"Khurhia","c":252202,"d":"Rohtas","s":"BIHAR"}},{"arcs":[[-1255,-1684,-1641,4138,-995,-3587]],"type":"Polygon","properties":{"n":"Khurhunu","c":252421,"d":"Rohtas","s":"BIHAR"}},{"arcs":[[4139,4140,-3156,4141,4142,-3971,4143]],"type":"Polygon","properties":{"n":"Khurhuria","c":251814,"d":"Rohtas","s":"BIHAR"}},{"arcs":[[-2192,-3567,4144,-459,4145,4146]],"type":"Polygon","properties":{"n":"Khurmabad","c":251885,"d":"Rohtas","s":"BIHAR"}},{"arcs":[[-550,4147,4148,-4130,4149]],"type":"Polygon","properties":{"n":"Khurna","c":252010,"d":"Rohtas","s":"BIHAR"}},{"arcs":[[4150,-626,-2944,-2799,-2879,-1942,4151,-969,4152]],"type":"Polygon","properties":{"n":"Kurtha","c":252143,"d":"Rohtas","s":"BIHAR"}},{"arcs":[[-3006,4153,-4109,4154,4155]],"type":"Polygon","properties":{"n":"Khutaha","c":251691,"d":"Rohtas","s":"BIHAR"}},{"arcs":[[4156,4157,-2080,-2742,-2458,-4125,4158]],"type":"Polygon","properties":{"n":"Kinarchola","c":251941,"d":"Rohtas","s":"BIHAR"}},{"arcs":[[4159,-548,-1527,4160,4161,4162,-3046,4163]],"type":"Polygon","properties":{"n":"Kirhi","c":251357,"d":"Rohtas","s":"BIHAR"}},{"arcs":[[-1038,4164,4165,-3917,4166]],"type":"Polygon","properties":{"n":"Kirihiri","c":252193,"d":"Rohtas","s":"BIHAR"}},{"arcs":[[4167,4168,-1381,-3902,-461,-3061,4169,-1316,4170,-3120,4171,4172,4173,-2237]],"type":"Polygon","properties":{"n":"Kirihiri","c":252157,"d":"Rohtas","s":"BIHAR"}},{"arcs":[[4174,4175,4176,4177,-3293,4178]],"type":"Polygon","properties":{"n":"Kishundasdih","c":251308,"d":"Rohtas","s":"BIHAR"}},{"arcs":[[-384,-1392,-727,-1757]],"type":"Polygon","properties":{"n":"Kishunpura","c":250984,"d":"Rohtas","s":"BIHAR"}},{"arcs":[[-3744,4179,4180]],"type":"Polygon","properties":{"n":"Kishunpur","c":251806,"d":"Rohtas","s":"BIHAR"}},{"arcs":[[4181,4182,4183,4184,4185,-3723]],"type":"Polygon","properties":{"n":"Kishunpura","c":251987,"d":"Rohtas","s":"BIHAR"}},{"arcs":[[4186,-291,-161,4187,4188,4189]],"type":"Polygon","properties":{"n":"Khurhnu","c":252274,"d":"Rohtas","s":"BIHAR"}},{"arcs":[[-3583,4190,-3001,-2603,4191,-81,4192,-2546,4193,-3978,4194]],"type":"Polygon","properties":{"n":"Koath (NP)","c":801393,"d":"Rohtas","s":"BIHAR"}},{"arcs":[[4195,4196,4197,-1715,4198,-3823,-2847,4199,-3038,-3358,4200,4201,-3380,4202,-2334,-2999,4203,4204]],"type":"Polygon","properties":{"n":"Kochas","c":250726,"d":"Rohtas","s":"BIHAR"}},{"arcs":[[4205,4206,-1515,4207,4208]],"type":"Polygon","properties":{"n":"Kechua","c":251330,"d":"Rohtas","s":"BIHAR"}},{"arcs":[[-254,-2906,-3397,4209,4210,4211]],"type":"Polygon","properties":{"n":"Kohkar","c":250712,"d":"Rohtas","s":"BIHAR"}},{"arcs":[[-3387,4212,4213,4214]],"type":"Polygon","properties":{"n":"Koidih","c":252596,"d":"Rohtas","s":"BIHAR"}},{"arcs":[[4215,4216,-313,4217]],"type":"Polygon","properties":{"n":"Mirzapur Gaganpurwa","c":250926,"d":"Rohtas","s":"BIHAR"}},{"arcs":[[-1655,4218,4219,4220,4221,-2310,-2869,4222,4223]],"type":"Polygon","properties":{"n":"Koiria","c":250826,"d":"Rohtas","s":"BIHAR"}},{"arcs":[[-1644,4224,4225,-880]],"type":"Polygon","properties":{"n":"Koiria Dih","c":252416,"d":"Rohtas","s":"BIHAR"}},{"arcs":[[-2594,-2865,-777,4226,4227,4228,4229]],"type":"Polygon","properties":{"n":"Kolha","c":251218,"d":"Rohtas","s":"BIHAR"}},{"arcs":[[-2106,-3003,-4156,4230,-2149]],"type":"Polygon","properties":{"n":"Kolhua","c":251679,"d":"Rohtas","s":"BIHAR"}},{"arcs":[[-2875,4231,4232,4233,4234]],"type":"Polygon","properties":{"n":"Nokha (NP)","c":801396,"d":"Rohtas","s":"BIHAR"}},{"arcs":[[4235,-2570,4236,4237,4238,-2453,4239,-3652,-3150,-3022,-2810]],"type":"Polygon","properties":{"n":"Konar","c":252172,"d":"Rohtas","s":"BIHAR"}},{"arcs":[[-1351,4240,4241]],"type":"Polygon","properties":{"n":"Konharpurwa","c":250778,"d":"Rohtas","s":"BIHAR"}},{"arcs":[[-2400,-4020,4242,-1843,-4138,4243]],"type":"Polygon","properties":{"n":"Konki","c":252203,"d":"Rohtas","s":"BIHAR"}},{"arcs":[[4244,4245,-4206,4246,4247,-1924,4248,-73]],"type":"Polygon","properties":{"n":"Kopa","c":251329,"d":"Rohtas","s":"BIHAR"}},{"arcs":[[-1276,-2271,-1814,4249]],"type":"Polygon","properties":{"n":"Koraria","c":250838,"d":"Rohtas","s":"BIHAR"}},{"arcs":[[-1421,4250,-729,-1391,4251,-3018,-2616,-1651,4252]],"type":"Polygon","properties":{"n":"Kori","c":250980,"d":"Rohtas","s":"BIHAR"}},{"arcs":[[-1232,4253,-817,-1136,-1372,-3286,4254]],"type":"Polygon","properties":{"n":"Koriari","c":251733,"d":"Rohtas","s":"BIHAR"}},{"arcs":[[4255,-4204,-2998,4256,-3296,4257]],"type":"Polygon","properties":{"n":"Korigawan","c":250636,"d":"Rohtas","s":"BIHAR"}},{"arcs":[[-2602,-3214,4258,-1729,-77,-4192]],"type":"Polygon","properties":{"n":"Kosanda","c":251132,"d":"Rohtas","s":"BIHAR"}},{"arcs":[[-398,4259,4260,4261]],"type":"Polygon","properties":{"n":"Kothara","c":252368,"d":"Rohtas","s":"BIHAR"}},{"arcs":[[4262,-3457,-1970,4263,-3395]],"type":"Polygon","properties":{"n":"Kothuwa","c":250750,"d":"Rohtas","s":"BIHAR"}},{"arcs":[[-3418,-3410,4264]],"type":"Polygon","properties":{"n":"Kotwa Dih","c":251201,"d":"Rohtas","s":"BIHAR"}},{"arcs":[[-1894,4265,-1397,4266,-2129,4267,4268]],"type":"Polygon","properties":{"n":"Kujhi","c":251475,"d":"Rohtas","s":"BIHAR"}},{"arcs":[[4269,4270]],"type":"Polygon","properties":{"n":"Kukur Dih","c":251208,"d":"Rohtas","s":"BIHAR"}},{"arcs":[[4271,-2818,4272,-1383,4273]],"type":"Polygon","properties":{"n":"Kumahu","c":252189,"d":"Rohtas","s":"BIHAR"}},{"arcs":[[4274,-1516,-4207,-4246]],"type":"Polygon","properties":{"n":"Kumbhi","c":251325,"d":"Rohtas","s":"BIHAR"}},{"arcs":[[-2622,4275,-3034,-1746,-4041,4276]],"type":"Polygon","properties":{"n":"Kumhaura","c":250871,"d":"Rohtas","s":"BIHAR"}},{"arcs":[[4277,-3801,4278,-1355,-1050,-1731,-927,4279,4280,4281]],"type":"Polygon","properties":{"n":"Kumhila","c":251639,"d":"Rohtas","s":"BIHAR"}},{"arcs":[[4282,-4133,4283]],"type":"Polygon","properties":{"n":"Kunrwa","c":251997,"d":"Rohtas","s":"BIHAR"}},{"arcs":[[-3881,4284,-108,4285,-3226]],"type":"Polygon","properties":{"n":"kunrwa","c":252378,"d":"Rohtas","s":"BIHAR"}},{"arcs":[[4286,4287,4288,4289,-2778,-3270,-1427,4290]],"type":"Polygon","properties":{"n":"Kunr","c":250955,"d":"Rohtas","s":"BIHAR"}},{"arcs":[[4291,4292,4293,4294,-1203,-2180,-2063,-3294,-4178,4295]],"type":"Polygon","properties":{"n":"Kurur","c":251310,"d":"Rohtas","s":"BIHAR"}},{"arcs":[[4296,4297,4298,-1949,4299]],"type":"Polygon","properties":{"n":"Kuraich","c":252359,"d":"Rohtas","s":"BIHAR"}},{"arcs":[[-234,4300,-4162,4301,-3345]],"type":"Polygon","properties":{"n":"Kurawan","c":251360,"d":"Rohtas","s":"BIHAR"}},{"arcs":[[-3705,-2612,-2425,4302,4303,4304,-2956,-3708]],"type":"Polygon","properties":{"n":"Kurdaun","c":252445,"d":"Rohtas","s":"BIHAR"}},{"arcs":[[4305,4306,4307,-3640,4308,4309,4310]],"type":"Polygon","properties":{"n":"Kuri","c":251569,"d":"Rohtas","s":"BIHAR"}},{"arcs":[[4311,4312,-2320,4313,-3055,-3370,-3067,-1098,-3891]],"type":"Polygon","properties":{"n":"Kursa","c":250799,"d":"Rohtas","s":"BIHAR"}},{"arcs":[[4314,4315,-566,4316]],"type":"Polygon","properties":{"n":"Kusadhar","c":251491,"d":"Rohtas","s":"BIHAR"}},{"arcs":[[-1039,-4167,-3916,4317,4318,-1034,-3554]],"type":"Polygon","properties":{"n":"Kusahar","c":252218,"d":"Rohtas","s":"BIHAR"}},{"arcs":[[-3106,4319,-571,-338,-2710,4320]],"type":"Polygon","properties":{"n":"Kusahi","c":250942,"d":"Rohtas","s":"BIHAR"}},{"arcs":[[-1172,-722,4321,-224,4322,4323,4324,4325,4326,4327]],"type":"Polygon","properties":{"n":"Kusamhra","c":251168,"d":"Rohtas","s":"BIHAR"}},{"arcs":[[4328,-3538,4329,4330,-1147]],"type":"Polygon","properties":{"n":"Kusdihra","c":252687,"d":"Rohtas","s":"BIHAR"}},{"arcs":[[4331,-2636,-1993,-1453,-540]],"type":"Polygon","properties":{"n":"Kusdihra","c":251859,"d":"Rohtas","s":"BIHAR"}},{"arcs":[[4332,-2845,-3388,-4215,4333,4334,4335,-2830]],"type":"Polygon","properties":{"n":"Kusdihra","c":252595,"d":"Rohtas","s":"BIHAR"}},{"arcs":[[-1529,4336,4337,4338,4339,4340,4341]],"type":"Polygon","properties":{"n":"Kusi","c":251347,"d":"Rohtas","s":"BIHAR"}},{"arcs":[[4342,-1608,4343,4344,-2222,4345]],"type":"Polygon","properties":{"n":"Kusmhara","c":252493,"d":"Rohtas","s":"BIHAR"}},{"arcs":[[-3165,4346,4347,-538]],"type":"Polygon","properties":{"n":"Kusmi","c":251883,"d":"Rohtas","s":"BIHAR"}},{"arcs":[[4348,4349,-1079,-2833,-512,-3960,-3913,-4166]],"type":"Polygon","properties":{"n":"Kusri","c":252465,"d":"Rohtas","s":"BIHAR"}},{"arcs":[[-4083,4350,-2273,4351,4352,4353,4354]],"type":"Polygon","properties":{"n":"Kusumha","c":252285,"d":"Rohtas","s":"BIHAR"}},{"arcs":[[-2070,-2925,-3435,-2098,4355]],"type":"Polygon","properties":{"n":"Kulhariya","c":251287,"d":"Rohtas","s":"BIHAR"}},{"arcs":[[-2633,4356,4357,4358]],"type":"Polygon","properties":{"n":"Kutubpur","c":251861,"d":"Rohtas","s":"BIHAR"}},{"arcs":[[4359,-3313,4360]],"type":"Polygon","properties":{"n":"Lachhanpura","c":251990,"d":"Rohtas","s":"BIHAR"}},{"arcs":[[4361,4362,-2479,4363]],"type":"Polygon","properties":{"n":"Lachhmanpur","c":251248,"d":"Rohtas","s":"BIHAR"}},{"arcs":[[-309,-2142,-4110,-1023,-2207,4364,4365,4366]],"type":"Polygon","properties":{"n":"Laheri","c":250671,"d":"Rohtas","s":"BIHAR"}},{"arcs":[[-2866,-1821,4367,4368,-1657,4369]],"type":"Polygon","properties":{"n":"Laheri","c":250834,"d":"Rohtas","s":"BIHAR"}},{"arcs":[[-3863,-867,-1907,-1455,-1992]],"type":"Polygon","properties":{"n":"Lahuara","c":251843,"d":"Rohtas","s":"BIHAR"}},{"arcs":[[-2851,4370,4371,-2620,-3039,-4200]],"type":"Polygon","properties":{"n":"Lakari","c":250734,"d":"Rohtas","s":"BIHAR"}},{"arcs":[[-1824,-1628,-760,4372,4373,-689]],"type":"Polygon","properties":{"n":"Lakhan Chak","c":251675,"d":"Rohtas","s":"BIHAR"}},{"arcs":[[4374,-3844,4375,-1332,4376]],"type":"Polygon","properties":{"n":"Sasaram (Nagar Parishad)","c":801397,"d":"Rohtas","s":"BIHAR"}},{"arcs":[[-3842,-3720,-1953,4377]],"type":"Polygon","properties":{"n":"Lakhrawan","c":252344,"d":"Rohtas","s":"BIHAR"}},{"arcs":[[4378,-3939,-1721,4379,4380,4381,4382]],"type":"Polygon","properties":{"n":"Langar Kakai","c":251906,"d":"Rohtas","s":"BIHAR"}},{"arcs":[[4383,4384,4385,4386,4387]],"type":"Polygon","properties":{"n":"Langri (V)","c":251974,"d":"Rohtas","s":"BIHAR"}},{"arcs":[[-1769,-3366,-1477,-808,4388]],"type":"Polygon","properties":{"n":"Lanji","c":251956,"d":"Rohtas","s":"BIHAR"}},{"arcs":[[4389,-1236,4390,-3684]],"type":"Polygon","properties":{"n":"Lankasur","c":251737,"d":"Rohtas","s":"BIHAR"}},{"arcs":[[4391,-4324,4392,4393,-294,-746]],"type":"Polygon","properties":{"n":"Larui","c":251167,"d":"Rohtas","s":"BIHAR"}},{"arcs":[[-2442,-4088,-2634,-4359,4394,-2486,4395]],"type":"Polygon","properties":{"n":"Larui","c":251855,"d":"Rohtas","s":"BIHAR"}},{"arcs":[[4396,-3508,4397,4398,-3714,4399]],"type":"Polygon","properties":{"n":"Larui","c":251832,"d":"Rohtas","s":"BIHAR"}},{"arcs":[[4400,-1487,-1526,4401,4402,4403,-2316,-3792]],"type":"Polygon","properties":{"n":"Latra","c":250757,"d":"Rohtas","s":"BIHAR"}},{"arcs":[[4404,4405,-1493]],"type":"Polygon","properties":{"n":"Laurpitai(V)","c":251981,"d":"Rohtas","s":"BIHAR"}},{"arcs":[[4406,-3678,-3634,-838]],"type":"Polygon","properties":{"n":"Lebura","c":252668,"d":"Rohtas","s":"BIHAR"}},{"arcs":[[-1183,4407,-3010,4408,4409,-3613]],"type":"Polygon","properties":{"n":"Lerha","c":251705,"d":"Rohtas","s":"BIHAR"}},{"arcs":[[4410,-3703]],"type":"Polygon","properties":{"n":"Lerua","c":252448,"d":"Rohtas","s":"BIHAR"}},{"arcs":[[4411,-1483,4412,4413,-4208,-1514]],"type":"Polygon","properties":{"n":"Lewa","c":251349,"d":"Rohtas","s":"BIHAR"}},{"arcs":[[-3117,-3336,-3224,-362,4414]],"type":"Polygon","properties":{"n":"Lewajit","c":251245,"d":"Rohtas","s":"BIHAR"}},{"arcs":[[-2831,-4336,4415,-2423,-3237]],"type":"Polygon","properties":{"n":"Lewara","c":252593,"d":"Rohtas","s":"BIHAR"}},{"arcs":[[4416,-1861,4417,4418,4419,-4306,4420,4421]],"type":"Polygon","properties":{"n":"Lilari","c":251619,"d":"Rohtas","s":"BIHAR"}},{"arcs":[[4422,4423,-4327,4424,-2788]],"type":"Polygon","properties":{"n":"Lilkanthpur","c":251179,"d":"Rohtas","s":"BIHAR"}},{"arcs":[[-681,-1743,-3033,4425,-1802,4426,-1709,4427,4428]],"type":"Polygon","properties":{"n":"Lilwachh","c":250847,"d":"Rohtas","s":"BIHAR"}},{"arcs":[[4429,4430,-4403,4431]],"type":"Polygon","properties":{"n":"Latari","c":250745,"d":"Rohtas","s":"BIHAR"}},{"arcs":[[-1518,-2270,4432,4433,-392,-3196]],"type":"Polygon","properties":{"n":"Ladai Dih","c":251036,"d":"Rohtas","s":"BIHAR"}},{"arcs":[[4434,-3737,4435,4436]],"type":"Polygon","properties":{"n":"Lodipur","c":250704,"d":"Rohtas","s":"BIHAR"}},{"arcs":[[-2086,4437,4438,4439,-795,-2860,-2031]],"type":"Polygon","properties":{"n":"Lohara","c":252065,"d":"Rohtas","s":"BIHAR"}},{"arcs":[[4440,-4387,4441,-3799,4442,-2803]],"type":"Polygon","properties":{"n":"Lohara","c":251970,"d":"Rohtas","s":"BIHAR"}},{"arcs":[[-679,-3236,-4042,-1744]],"type":"Polygon","properties":{"n":"Lohra","c":251025,"d":"Rohtas","s":"BIHAR"}},{"arcs":[[-3606,-2480,4443,-3660]],"type":"Polygon","properties":{"n":"Kajhai","c":251226,"d":"Rohtas","s":"BIHAR"}},{"arcs":[[-3401,4444,-2767,4445,-4419]],"type":"Polygon","properties":{"n":"Lok Dehri","c":252392,"d":"Rohtas","s":"BIHAR"}},{"arcs":[[4446,4447,-3851,4448,-148,-4116]],"type":"Polygon","properties":{"n":"Loknathpur","c":251660,"d":"Rohtas","s":"BIHAR"}},{"arcs":[[4449,-3043,4450,-232,-3532,4451,4452]],"type":"Polygon","properties":{"n":"Lori Bandh","c":251363,"d":"Rohtas","s":"BIHAR"}},{"arcs":[[-155,-1062,4453,-4081,4454]],"type":"Polygon","properties":{"n":"Lutra","c":252288,"d":"Rohtas","s":"BIHAR"}},{"arcs":[[-2047,-1776,-3261,4455]],"type":"Polygon","properties":{"n":"Madhopur","c":251451,"d":"Rohtas","s":"BIHAR"}},{"arcs":[[4456,4457,4458,4459,-2324,4460]],"type":"Polygon","properties":{"n":"Machandih","c":251771,"d":"Rohtas","s":"BIHAR"}},{"arcs":[[-104,4461,4462,-2054,-2959,4463,-409,4464]],"type":"Polygon","properties":{"n":"Madaini","c":252350,"d":"Rohtas","s":"BIHAR"}},{"arcs":[[-2092,4465,-3541,4466,-3372]],"type":"Polygon","properties":{"n":"Madaina","c":251139,"d":"Rohtas","s":"BIHAR"}},{"arcs":[[4467,4468,-2168,4469,-3059,4470]],"type":"Polygon","properties":{"n":"Madaini","c":252239,"d":"Rohtas","s":"BIHAR"}},{"arcs":[[4471,4472,-826]],"type":"Polygon","properties":{"n":"Rutawan","c":251493,"d":"Rohtas","s":"BIHAR"}},{"arcs":[[4473,-3761,4474]],"type":"Polygon","properties":{"n":"Mada Tipa","c":252074,"d":"Rohtas","s":"BIHAR"}},{"arcs":[[4475,4476,-2732,-100]],"type":"Polygon","properties":{"n":"Madauria","c":252354,"d":"Rohtas","s":"BIHAR"}},{"arcs":[[4477,-3560,-3468,-3552,-3406]],"type":"Polygon","properties":{"n":"Madhanian","c":252607,"d":"Rohtas","s":"BIHAR"}},{"arcs":[[4478,4479,4480,-188]],"type":"Polygon","properties":{"n":"Madhkupia","c":252050,"d":"Rohtas","s":"BIHAR"}},{"arcs":[[-2087,4481,4482,-2547,-4193,-80]],"type":"Polygon","properties":{"n":"Madhubana","c":251087,"d":"Rohtas","s":"BIHAR"}},{"arcs":[[-139,-2630,-841,-985]],"type":"Polygon","properties":{"n":"Madhurampur Dehri","c":252525,"d":"Rohtas","s":"BIHAR"}},{"arcs":[[4483,4484,4485,4486,-4128,-2071]],"type":"Polygon","properties":{"n":"Magajpura","c":252007,"d":"Rohtas","s":"BIHAR"}},{"arcs":[[4487,4488,4489,4490,-3698]],"type":"Polygon","properties":{"n":"Maghigawan","c":252693,"d":"Rohtas","s":"BIHAR"}},{"arcs":[[4491,4492,-966,-786]],"type":"Polygon","properties":{"n":"Mahadehri","c":252132,"d":"Rohtas","s":"BIHAR"}},{"arcs":[[4493,-423,4494]],"type":"Polygon","properties":{"n":"Mahadewa","c":251439,"d":"Rohtas","s":"BIHAR"}},{"arcs":[[4495,-2536,-3104,4496,4497]],"type":"Polygon","properties":{"n":"Maihaicha","c":251992,"d":"Rohtas","s":"BIHAR"}},{"arcs":[[-2418,4498,4499,-2356,4500]],"type":"Polygon","properties":{"n":"Mohammadpur","c":252300,"d":"Rohtas","s":"BIHAR"}},{"arcs":[[4501,4502,-929,-3452,-2856]],"type":"Polygon","properties":{"n":"Mahasi","c":251903,"d":"Rohtas","s":"BIHAR"}},{"arcs":[[4503,4504,-1603,4505]],"type":"Polygon","properties":{"n":"Mahawara","c":252248,"d":"Rohtas","s":"BIHAR"}},{"arcs":[[4506,4507,-2261,-3847,4508,-4043,-619]],"type":"Polygon","properties":{"n":"Mahdewa","c":252560,"d":"Rohtas","s":"BIHAR"}},{"arcs":[[4509,4510]],"type":"Polygon","properties":{"n":"Mahesh Dehri","c":250811,"d":"Rohtas","s":"BIHAR"}},{"arcs":[[-3716,4511,4512,-114]],"type":"Polygon","properties":{"n":"Maheshpur","c":251830,"d":"Rohtas","s":"BIHAR"}},{"arcs":[[-4335,4513,-4416]],"type":"Polygon","properties":{"n":"Maheshdih","c":252592,"d":"Rohtas","s":"BIHAR"}},{"arcs":[[4514,4515,-1330]],"type":"Polygon","properties":{"n":"Mahranian","c":252332,"d":"Rohtas","s":"BIHAR"}},{"arcs":[[4516,4517,4518,4519,4520,4521,-1429,-1248]],"type":"Polygon","properties":{"n":"Mahraurh","c":250887,"d":"Rohtas","s":"BIHAR"}},{"arcs":[[-2424,-4514,-4334,-4214,4522,-1503,4523,4524,4525,4526,-3573,4527,-4303]],"type":"Polygon","properties":{"n":"Mahua Dihra","c":252451,"d":"Rohtas","s":"BIHAR"}},{"arcs":[[4528,-1931,4529,4530,-603,-2793]],"type":"Polygon","properties":{"n":"Mahua Pokhar","c":252283,"d":"Rohtas","s":"BIHAR"}},{"arcs":[[-824,4531,4532,-1385,-1858,-2018,-3432]],"type":"Polygon","properties":{"n":"Mahuari","c":252503,"d":"Rohtas","s":"BIHAR"}},{"arcs":[[-4236,-2809,4533,4534,4535,-2349]],"type":"Polygon","properties":{"n":"Mahuli","c":251866,"d":"Rohtas","s":"BIHAR"}},{"arcs":[[4536,4537,-2171,4538,4539,-4385]],"type":"Polygon","properties":{"n":"Mainpura","c":251973,"d":"Rohtas","s":"BIHAR"}},{"arcs":[[-2651,-2991,4540,4541]],"type":"Polygon","properties":{"n":"Maira","c":250821,"d":"Rohtas","s":"BIHAR"}},{"arcs":[[-1422,-4253,-1650]],"type":"Polygon","properties":{"n":"Majha Khora","c":250979,"d":"Rohtas","s":"BIHAR"}},{"arcs":[[4542,-2066,-4356,-2097,-3434,4543]],"type":"Polygon","properties":{"n":"Majhariya","c":251289,"d":"Rohtas","s":"BIHAR"}},{"arcs":[[4544,4545,4546,-1120]],"type":"Polygon","properties":{"n":"Majhauli","c":251525,"d":"Rohtas","s":"BIHAR"}},{"arcs":[[4547,-2403,-2184,4548]],"type":"Polygon","properties":{"n":"Majhiawan","c":252545,"d":"Rohtas","s":"BIHAR"}},{"arcs":[[-2010,4549,-1460,-2019,-1862,-4417,4550,-2265]],"type":"Polygon","properties":{"n":"Majhiyawan","c":251620,"d":"Rohtas","s":"BIHAR"}},{"arcs":[[4551,4552,-4190,4553,-3946,4554]],"type":"Polygon","properties":{"n":"Majhui","c":252275,"d":"Rohtas","s":"BIHAR"}},{"arcs":[[4555,4556,4557,4558,-2841,4559,4560,-1468,-1585]],"type":"Polygon","properties":{"n":"Gamharia","c":251589,"d":"Rohtas","s":"BIHAR"}},{"arcs":[[4561,-3768,-344,-1444,-2658]],"type":"Polygon","properties":{"n":"Makundpur","c":250895,"d":"Rohtas","s":"BIHAR"}},{"arcs":[[4562,4563,4564,-2245,-3774,4565,-2163]],"type":"Polygon","properties":{"n":"Malahar Kalan","c":251937,"d":"Rohtas","s":"BIHAR"}},{"arcs":[[-3797,4566,4567,4568,-2295,-526]],"type":"Polygon","properties":{"n":"Malahipur","c":252023,"d":"Rohtas","s":"BIHAR"}},{"arcs":[[-207,4569,-2293,4570]],"type":"Polygon","properties":{"n":"Malawan","c":251470,"d":"Rohtas","s":"BIHAR"}},{"arcs":[[4571,4572,4573,-1036,-40,4574,4575,4576]],"type":"Polygon","properties":{"n":"Molawan","c":252462,"d":"Rohtas","s":"BIHAR"}},{"arcs":[[-93,-3938,4577,4578,4579,4580]],"type":"Polygon","properties":{"n":"Maldaha","c":252277,"d":"Rohtas","s":"BIHAR"}},{"arcs":[[4581,4582,4583,4584,4585,-2641]],"type":"Polygon","properties":{"n":"Podumsi Dehra","c":250643,"d":"Rohtas","s":"BIHAR"}},{"arcs":[[-4209,-4414,4586,-4338,4587,-4247]],"type":"Polygon","properties":{"n":"Malpura","c":251350,"d":"Rohtas","s":"BIHAR"}},{"arcs":[[4588,4589,-1132,-1613,-2020,-608,4590,-2639,4591,4592]],"type":"Polygon","properties":{"n":"Malpura","c":252626,"d":"Rohtas","s":"BIHAR"}},{"arcs":[[-3056,4593,-2909,4594,-96,4595,4596,4597,4598]],"type":"Polygon","properties":{"n":"Malwar","c":252225,"d":"Rohtas","s":"BIHAR"}},{"arcs":[[-4384,4599,4600,4601,-4537]],"type":"Polygon","properties":{"n":"Mamrezpur","c":251976,"d":"Rohtas","s":"BIHAR"}},{"arcs":[[-3771,4602,4603,-2380]],"type":"Polygon","properties":{"n":"Man Dihri","c":250899,"d":"Rohtas","s":"BIHAR"}},{"arcs":[[-2234,4604,4605,-3603,-260]],"type":"Polygon","properties":{"n":"Manauli","c":251443,"d":"Rohtas","s":"BIHAR"}},{"arcs":[[-2994,4606,4607,-1912,4608]],"type":"Polygon","properties":{"n":"Manaura","c":252565,"d":"Rohtas","s":"BIHAR"}},{"arcs":[[4609,-3923,-245,4610]],"type":"Polygon","properties":{"n":"Mandha","c":252673,"d":"Rohtas","s":"BIHAR"}},{"arcs":[[-2430,4611,-2177,4612,4613]],"type":"Polygon","properties":{"n":"Mangra","c":251316,"d":"Rohtas","s":"BIHAR"}},{"arcs":[[-2556,-3517,4614,4615]],"type":"Polygon","properties":{"n":"MANGITOUR","c":251195,"d":"Rohtas","s":"BIHAR"}},{"arcs":[[-2292,4616,-180,4617,4618,4619,-208,-4571]],"type":"Polygon","properties":{"n":"Mangraulia","c":251469,"d":"Rohtas","s":"BIHAR"}},{"arcs":[[4620,-4495,4621,-37,4622,-581,-4095]],"type":"Polygon","properties":{"n":"Mangrawan","c":251438,"d":"Rohtas","s":"BIHAR"}},{"arcs":[[-3263,-3185,-3578,4623,4624,-4117,-2119]],"type":"Polygon","properties":{"n":"Mangru Sarai","c":251663,"d":"Rohtas","s":"BIHAR"}},{"arcs":[[-4310,4625,4626,-1575,4627]],"type":"Polygon","properties":{"n":"Mani","c":251570,"d":"Rohtas","s":"BIHAR"}},{"arcs":[[-4362,4628,-3113,-4415,-361,-4013,4629,4630,4631,-181,4632]],"type":"Polygon","properties":{"n":"Mani","c":251250,"d":"Rohtas","s":"BIHAR"}},{"arcs":[[4633,4634,-3317,-1370,4635,4636]],"type":"Polygon","properties":{"n":"Maniari","c":251743,"d":"Rohtas","s":"BIHAR"}},{"arcs":[[-4613,-2181,-1206,-2822,4637]],"type":"Polygon","properties":{"n":"Manidih","c":251315,"d":"Rohtas","s":"BIHAR"}},{"arcs":[[4638,4639,4640,-4220]],"type":"Polygon","properties":{"n":"Manihari","c":250825,"d":"Rohtas","s":"BIHAR"}},{"arcs":[[4641,4642,-1262,4643,-3494,-2669]],"type":"Polygon","properties":{"n":"Manik Parasi","c":251293,"d":"Rohtas","s":"BIHAR"}},{"arcs":[[4644,4645,4646,-2987,-2653,4647]],"type":"Polygon","properties":{"n":"Manikpur","c":250818,"d":"Rohtas","s":"BIHAR"}},{"arcs":[[-3077,-1360,-3879,4648,-1404]],"type":"Polygon","properties":{"n":"Manikpur","c":252583,"d":"Rohtas","s":"BIHAR"}},{"arcs":[[4649,-3666,-394]],"type":"Polygon","properties":{"n":"Manoharpur","c":251038,"d":"Rohtas","s":"BIHAR"}},{"arcs":[[4650,4651,-4228,4652,-852,4653]],"type":"Polygon","properties":{"n":"Manpur","c":251221,"d":"Rohtas","s":"BIHAR"}},{"arcs":[[-3736,4654,4655,4656,-4436]],"type":"Polygon","properties":{"n":"Manpura","c":250705,"d":"Rohtas","s":"BIHAR"}},{"arcs":[[-3278,4657,4658,-241]],"type":"Polygon","properties":{"n":"Man Rupaitha","c":251781,"d":"Rohtas","s":"BIHAR"}},{"arcs":[[-322,4659,4660,-3355,4661]],"type":"Polygon","properties":{"n":"Mansapur","c":250767,"d":"Rohtas","s":"BIHAR"}},{"arcs":[[4662,4663,4664,4665]],"type":"Polygon","properties":{"n":"Manaidih","c":251748,"d":"Rohtas","s":"BIHAR"}},{"arcs":[[-736,-3601,-4606,4666,-2562,4667,4668,-2043,-3889,-2568]],"type":"Polygon","properties":{"n":" ","c":0,"d":"Rohtas","s":"BIHAR"}},{"arcs":[[4669,4670,-887,-2044,-4669,4671,-2565,4672]],"type":"Polygon","properties":{"n":"Maraujhia","c":251421,"d":"Rohtas","s":"BIHAR"}},{"arcs":[[-3413,-589,-1856,-221,-2885,-2557,-4616,4673,4674]],"type":"Polygon","properties":{"n":"Morauna","c":251196,"d":"Rohtas","s":"BIHAR"}},{"arcs":[[-1502,4675,4676,4677,-4524]],"type":"Polygon","properties":{"n":"Margohi","c":252599,"d":"Rohtas","s":"BIHAR"}},{"arcs":[[4678,-4598,4679,4680,4681]],"type":"Polygon","properties":{"n":"Marichwar","c":252226,"d":"Rohtas","s":"BIHAR"}},{"arcs":[[4682,4683,4684,-4504,4685,-818]],"type":"Polygon","properties":{"n":"Markan","c":252258,"d":"Rohtas","s":"BIHAR"}},{"arcs":[[-4354,4686,-453,4687,-4485]],"type":"Polygon","properties":{"n":"Marpa","c":252034,"d":"Rohtas","s":"BIHAR"}},{"arcs":[[4688,-3523,-2783,-4025,4689,4690]],"type":"Polygon","properties":{"n":"Marua","c":250937,"d":"Rohtas","s":"BIHAR"}},{"arcs":[[4691,-1006,4692,-191,4693,-3816,4694,-3545]],"type":"Polygon","properties":{"n":"Masauna","c":251497,"d":"Rohtas","s":"BIHAR"}},{"arcs":[[-4021,-127,-3709,-460,-4145,-3566,-3171,-1026,-3335]],"type":"Polygon","properties":{"n":"Masihabad","c":252118,"d":"Rohtas","s":"BIHAR"}},{"arcs":[[-2364,-2727,-1902]],"type":"Polygon","properties":{"n":"Mathia","c":251335,"d":"Rohtas","s":"BIHAR"}},{"arcs":[[-4288,4695,-2761,4696,4697]],"type":"Polygon","properties":{"n":"Mathiya","c":250952,"d":"Rohtas","s":"BIHAR"}},{"arcs":[[-4249,-1928,-4104,4698,-74]],"type":"Polygon","properties":{"n":"Mathurapur","c":251321,"d":"Rohtas","s":"BIHAR"}},{"arcs":[[-71,4699,4700,-845]],"type":"Polygon","properties":{"n":"Mathurapur","c":252533,"d":"Rohtas","s":"BIHAR"}},{"arcs":[[4701,-3026,4702,4703,-4052,-4057]],"type":"Polygon","properties":{"n":"Mathurapur","c":251756,"d":"Rohtas","s":"BIHAR"}},{"arcs":[[4704,-4607,-2993,4705,-2471,-2469,-2765]],"type":"Polygon","properties":{"n":"Mathuri","c":252566,"d":"Rohtas","s":"BIHAR"}},{"arcs":[[4706,4707,4708,-4480]],"type":"Polygon","properties":{"n":" ","c":252051,"d":"Rohtas","s":"BIHAR"}},{"arcs":[[-4363,-4633,-185,4709,-429,-3661,-4444]],"type":"Polygon","properties":{"n":"Matuli","c":251249,"d":"Rohtas","s":"BIHAR"}},{"arcs":[[-1488,-4401,-3791,-3795,4710]],"type":"Polygon","properties":{"n":"Maudehra","c":250758,"d":"Rohtas","s":"BIHAR"}},{"arcs":[[-3153,4711,4712,-2187,4713,4714,-3166]],"type":"Polygon","properties":{"n":"Maudiha","c":252537,"d":"Rohtas","s":"BIHAR"}},{"arcs":[[4715,4716,-403,-1760,-3515,4717]],"type":"Polygon","properties":{"n":"Maudehra","c":250884,"d":"Rohtas","s":"BIHAR"}},{"arcs":[[-471,4718,4719,4720,4721,-911]],"type":"Polygon","properties":{"n":"Mauna","c":251409,"d":"Rohtas","s":"BIHAR"}},{"arcs":[[4722,-1288,4723,-2744]],"type":"Polygon","properties":{"n":"Maura","c":251944,"d":"Rohtas","s":"BIHAR"}},{"arcs":[[-3702,4724,4725,-2428,-3704,-4411]],"type":"Polygon","properties":{"n":"Mednipur","c":252449,"d":"Rohtas","s":"BIHAR"}},{"arcs":[[-835,-487,4726,-3161,-3124]],"type":"Polygon","properties":{"n":"Mehmandih","c":251879,"d":"Rohtas","s":"BIHAR"}},{"arcs":[[4727,-3680,-4053,-4704]],"type":"Polygon","properties":{"n":"Meraripur","c":251740,"d":"Rohtas","s":"BIHAR"}},{"arcs":[[-1505,-1747,-2895]],"type":"Polygon","properties":{"n":"Mathiya","c":251189,"d":"Rohtas","s":"BIHAR"}},{"arcs":[[-3369,-991,-594,-2943,-3069]],"type":"Polygon","properties":{"n":"Meura","c":250741,"d":"Rohtas","s":"BIHAR"}},{"arcs":[[-4420,-4446,-2770,4728,-4307]],"type":"Polygon","properties":{"n":"Meyari","c":251568,"d":"Rohtas","s":"BIHAR"}},{"arcs":[[-3537,4729,-4330]],"type":"Polygon","properties":{"n":"Milki","c":252689,"d":"Rohtas","s":"BIHAR"}},{"arcs":[[-3765,4730,4731,-3205,-959]],"type":"Polygon","properties":{"n":"Milki","c":251611,"d":"Rohtas","s":"BIHAR"}},{"arcs":[[4732,4733,4734,4735,-913,-3559]],"type":"Polygon","properties":{"n":"Mira Sarae","c":252610,"d":"Rohtas","s":"BIHAR"}},{"arcs":[[-2771,4736,-407]],"type":"Polygon","properties":{"n":"Mirzapur","c":252348,"d":"Rohtas","s":"BIHAR"}},{"arcs":[[4737,4738,4739,-2109,4740,-606,-2258,-1623]],"type":"Polygon","properties":{"n":"Mirzapur","c":252619,"d":"Rohtas","s":"BIHAR"}},{"arcs":[[4741,4742,4743,4744]],"type":"Polygon","properties":{"n":"Misir Potti","c":250661,"d":"Rohtas","s":"BIHAR"}},{"arcs":[[4745,-4476,-99,-2773,4746]],"type":"Polygon","properties":{"n":"Misripur","c":252353,"d":"Rohtas","s":"BIHAR"}},{"arcs":[[-3253,4747,4748]],"type":"Polygon","properties":{"n":"Misrauliya","c":251532,"d":"Rohtas","s":"BIHAR"}},{"arcs":[[4749,4750,4751,4752,4753,4754,-1863]],"type":"Polygon","properties":{"n":"Budhua","c":252231,"d":"Rohtas","s":"BIHAR"}},{"arcs":[[-4739,4755,4756]],"type":"Polygon","properties":{"n":"Mitarsenpur","c":252618,"d":"Rohtas","s":"BIHAR"}},{"arcs":[[4757,-3752,-2729,-4477,-4746,4758,-3857,-1950,-4299]],"type":"Polygon","properties":{"n":"Mohaddi Ganj","c":252345,"d":"Rohtas","s":"BIHAR"}},{"arcs":[[-2118,4759,-4578,-3940,-4379,4760,4761]],"type":"Polygon","properties":{"n":"Mohanian","c":252279,"d":"Rohtas","s":"BIHAR"}},{"arcs":[[4762,4763,-2188,-2484,-1633,4764,4765,4766,4767,4768]],"type":"Polygon","properties":{"n":"Mohanian","c":251751,"d":"Rohtas","s":"BIHAR"}},{"arcs":[[4769,4770,4771]],"type":"Polygon","properties":{"n":"Mohanpur","c":250710,"d":"Rohtas","s":"BIHAR"}},{"arcs":[[-3316,-4054,-3685,-4391,-1235,-3284]],"type":"Polygon","properties":{"n":"Mohanpur Kharsani","c":251738,"d":"Rohtas","s":"BIHAR"}},{"arcs":[[4772,-3866,-3416,4773,4774]],"type":"Polygon","properties":{"n":"Mohni","c":251205,"d":"Rohtas","s":"BIHAR"}},{"arcs":[[-2582,4775,4776,-4294,4777]],"type":"Polygon","properties":{"n":"Mahuari","c":251263,"d":"Rohtas","s":"BIHAR"}},{"arcs":[[4778,4779,4780,4781,-1495]],"type":"Polygon","properties":{"n":"Mahuli","c":251983,"d":"Rohtas","s":"BIHAR"}},{"arcs":[[-8,-3393,-1960,-3655,4782,4783]],"type":"Polygon","properties":{"n":"Mojri","c":252166,"d":"Rohtas","s":"BIHAR"}},{"arcs":[[4784,-111,4785,-638,4786,4787,-45]],"type":"Polygon","properties":{"n":"Mokar","c":252373,"d":"Rohtas","s":"BIHAR"}},{"arcs":[[-4255,-3285,-1233]],"type":"Polygon","properties":{"n":"Mominpur","c":251735,"d":"Rohtas","s":"BIHAR"}},{"arcs":[[-1811,-84,-401,4788,4789,4790]],"type":"Polygon","properties":{"n":"Mansinha Dehri","c":251013,"d":"Rohtas","s":"BIHAR"}},{"arcs":[[-4074,4791,4792,4793,4794,-121]],"type":"Polygon","properties":{"n":"Manti","c":251694,"d":"Rohtas","s":"BIHAR"}},{"arcs":[[-3717,-1230,4795,-94,-4595,-2908,-3200,4796]],"type":"Polygon","properties":{"n":"Mor","c":252185,"d":"Rohtas","s":"BIHAR"}},{"arcs":[[4797,-2393,4798]],"type":"Polygon","properties":{"n":"Morkap","c":252198,"d":"Rohtas","s":"BIHAR"}},{"arcs":[[-695,4799,-1596,4800,4801]],"type":"Polygon","properties":{"n":"Mosahebpur","c":252311,"d":"Rohtas","s":"BIHAR"}},{"arcs":[[-3746,4802,-2584,4803,4804,4805,-1754,4806,-3492,4807,-3483,-3489]],"type":"Polygon","properties":{"n":"Motha","c":251301,"d":"Rohtas","s":"BIHAR"}},{"arcs":[[4808,-3831,4809,4810,-3547,4811,4812]],"type":"Polygon","properties":{"n":"Motihari","c":251529,"d":"Rohtas","s":"BIHAR"}},{"arcs":[[4813,-676,4814]],"type":"Polygon","properties":{"n":"Merara","c":252683,"d":"Rohtas","s":"BIHAR"}},{"arcs":[[4815,-3218,-522,-2357,-4500]],"type":"Polygon","properties":{"n":"Murlipur","c":252294,"d":"Rohtas","s":"BIHAR"}},{"arcs":[[-2977,-433,-3895,-2690,4816,-2801]],"type":"Polygon","properties":{"n":"Mugra (V)","c":251968,"d":"Rohtas","s":"BIHAR"}},{"arcs":[[-1113,4817,4818,4819,-3241]],"type":"Polygon","properties":{"n":"Sohdag","c":252045,"d":"Rohtas","s":"BIHAR"}},{"arcs":[[-4577,4820,-3571,4821]],"type":"Polygon","properties":{"n":"Mundi Sarae","c":252461,"d":"Rohtas","s":"BIHAR"}},{"arcs":[[4822,-13,-3834,4823,4824,-1473,-2677,-3147]],"type":"Polygon","properties":{"n":"Munji","c":251258,"d":"Rohtas","s":"BIHAR"}},{"arcs":[[4825,-4690,-4024,-2888,4826]],"type":"Polygon","properties":{"n":"Munra","c":250936,"d":"Rohtas","s":"BIHAR"}},{"arcs":[[4827,-3910,4828,-1059,-1093,-2965]],"type":"Polygon","properties":{"n":"Munriar","c":252512,"d":"Rohtas","s":"BIHAR"}},{"arcs":[[4829,4830,-1947,-3722,-1202,-1007,4831]],"type":"Polygon","properties":{"n":"Muradabad kalan","c":252361,"d":"Rohtas","s":"BIHAR"}},{"arcs":[[-4830,4832,4833,4834,4835,4836]],"type":"Polygon","properties":{"n":"Muradabad Khurd","c":252362,"d":"Rohtas","s":"BIHAR"}},{"arcs":[[-4776,-2581,4837,-3836,4838,-2824,4839]],"type":"Polygon","properties":{"n":"Murarpur","c":251262,"d":"Rohtas","s":"BIHAR"}},{"arcs":[[-4732,4840,4841,-3206]],"type":"Polygon","properties":{"n":"Misraulia","c":251612,"d":"Rohtas","s":"BIHAR"}},{"arcs":[[4842,-3697,4843,-2395]],"type":"Polygon","properties":{"n":"Murhi","c":252456,"d":"Rohtas","s":"BIHAR"}},{"arcs":[[-3785,4844,-4812,-3546,-4695,-3815,4845,4846,4847,-380,4848]],"type":"Polygon","properties":{"n":"Muswath","c":250994,"d":"Rohtas","s":"BIHAR"}},{"arcs":[[-4618,-179,4849]],"type":"Polygon","properties":{"n":"Nachania","c":251467,"d":"Rohtas","s":"BIHAR"}},{"arcs":[[-2966,4850,4851,-3530,-3181,-516]],"type":"Polygon","properties":{"n":"Nad","c":251366,"d":"Rohtas","s":"BIHAR"}},{"arcs":[[-2401,-4244,4852,-4035,4853,-3776,4854]],"type":"Polygon","properties":{"n":"Nad","c":252204,"d":"Rohtas","s":"BIHAR"}},{"arcs":[[4855,-3512,-730,-4251,-1430,-4522]],"type":"Polygon","properties":{"n":"Nadauan","c":250886,"d":"Rohtas","s":"BIHAR"}},{"arcs":[[-4694,-190,-2947,-3817]],"type":"Polygon","properties":{"n":"Nadauwan","c":251002,"d":"Rohtas","s":"BIHAR"}},{"arcs":[[4856,4857,4858,-1972,-3456]],"type":"Polygon","properties":{"n":"Nado","c":251796,"d":"Rohtas","s":"BIHAR"}},{"arcs":[[-223,-1855,-3869,4859,-1748]],"type":"Polygon","properties":{"n":"Nagi","c":251191,"d":"Rohtas","s":"BIHAR"}},{"arcs":[[-1645,-878,4860,-1164,4861,-2059,4862,4863,-996,-4139]],"type":"Polygon","properties":{"n":"Nahauna","c":252414,"d":"Rohtas","s":"BIHAR"}},{"arcs":[[4864,-2208,-1021,-4111,-3732,4865,-947,-941,-1433]],"type":"Polygon","properties":{"n":"Nainakon","c":250679,"d":"Rohtas","s":"BIHAR"}},{"arcs":[[-2002,4866,4867]],"type":"Polygon","properties":{"n":"Nakta","c":251912,"d":"Rohtas","s":"BIHAR"}},{"arcs":[[-1544,-3119,-3304,-1896,4868]],"type":"Polygon","properties":{"n":"Naktauli","c":251096,"d":"Rohtas","s":"BIHAR"}},{"arcs":[[4869,-4567,-3800,-4442,-4386,-4540]],"type":"Polygon","properties":{"n":"Nandu Siarha","c":251972,"d":"Rohtas","s":"BIHAR"}},{"arcs":[[-870,4870,-278,-2927,4871,-59]],"type":"Polygon","properties":{"n":"Nanhu","c":251279,"d":"Rohtas","s":"BIHAR"}},{"arcs":[[4872,4873,4874,4875,4876,-544,4877,4878,4879,4880]],"type":"Polygon","properties":{"n":"Nonsari","c":251548,"d":"Rohtas","s":"BIHAR"}},{"arcs":[[-2327,4881,4882,4883,-4461]],"type":"Polygon","properties":{"n":"Narayanpur","c":251772,"d":"Rohtas","s":"BIHAR"}},{"arcs":[[4884,4885,-4184,4886,4887,4888,4889,4890,-1215,-3310]],"type":"Polygon","properties":{"n":"Naraina","c":251947,"d":"Rohtas","s":"BIHAR"}},{"arcs":[[-2902,-2013,4891,4892,-4841,-4731,-3764]],"type":"Polygon","properties":{"n":"Naran","c":251624,"d":"Rohtas","s":"BIHAR"}},{"arcs":[[-3311,-1213,-1964,-3941,-1306,-2530]],"type":"Polygon","properties":{"n":"Naraura","c":251896,"d":"Rohtas","s":"BIHAR"}},{"arcs":[[-4565,4893,-4159,-4124,-2246]],"type":"Polygon","properties":{"n":"Narayanpur","c":251940,"d":"Rohtas","s":"BIHAR"}},{"arcs":[[-4805,4894,-4292,4895,4896]],"type":"Polygon","properties":{"n":"Narayandih","c":251303,"d":"Rohtas","s":"BIHAR"}},{"arcs":[[4897,-4792,-4073,4898]],"type":"Polygon","properties":{"n":"Narhanian","c":251695,"d":"Rohtas","s":"BIHAR"}},{"arcs":[[-335,4899,-317]],"type":"Polygon","properties":{"n":"Narsingh Chak","c":250929,"d":"Rohtas","s":"BIHAR"}},{"arcs":[[4900,-2415,-2037,-3926,-1872,-2274,-4351,-4082,4901]],"type":"Polygon","properties":{"n":"Narwa","c":252297,"d":"Rohtas","s":"BIHAR"}},{"arcs":[[-3282,-3963,-4123,4902,-4258,-3300,-1348,-4242,4903,-1340,-1490]],"type":"Polygon","properties":{"n":"Narwar","c":250780,"d":"Rohtas","s":"BIHAR"}},{"arcs":[[4904,4905,4906,-255,-3602,-734]],"type":"Polygon","properties":{"n":"Nasriganj (NP)","c":801395,"d":"Rohtas","s":"BIHAR"}},{"arcs":[[4907,-3967,4908,-3130,4909,4910,4911]],"type":"Polygon","properties":{"n":"Natwar Kalan","c":251015,"d":"Rohtas","s":"BIHAR"}},{"arcs":[[-4394,4912,-4912,4913,-295]],"type":"Polygon","properties":{"n":"Natwar Khurd","c":251020,"d":"Rohtas","s":"BIHAR"}},{"arcs":[[-2552,-576,-1716,-4198,4914,-4196,4915,-3999,-3496]],"type":"Polygon","properties":{"n":"Naua","c":250785,"d":"Rohtas","s":"BIHAR"}},{"arcs":[[-302,-3471,-3936,-3269,-702]],"type":"Polygon","properties":{"n":"Naudiha","c":252086,"d":"Rohtas","s":"BIHAR"}},{"arcs":[[4916,-4683,-821,4917,4918,4919]],"type":"Polygon","properties":{"n":"Naudiha","c":252261,"d":"Rohtas","s":"BIHAR"}},{"arcs":[[4920,4921,-4438,-2085,-3303]],"type":"Polygon","properties":{"n":"Nauhatta","c":252066,"d":"Rohtas","s":"BIHAR"}},{"arcs":[[4922,-297,4923,-4017,-1796,4924,4925]],"type":"Polygon","properties":{"n":"Nauwa","c":251018,"d":"Rohtas","s":"BIHAR"}},{"arcs":[[4926,4927,-1328,-3871,4928,4929,4930]],"type":"Polygon","properties":{"n":"Naugain","c":252327,"d":"Rohtas","s":"BIHAR"}},{"arcs":[[4931,4932,-2673,-2203,-2747,-2984,4933]],"type":"Polygon","properties":{"n":"Navalia","c":250656,"d":"Rohtas","s":"BIHAR"}},{"arcs":[[-4543,4934,-3485,4935,4936,-1267,-2067]],"type":"Polygon","properties":{"n":"Nawada","c":251290,"d":"Rohtas","s":"BIHAR"}},{"arcs":[[4937,4938,-4488,-3700,-3533]],"type":"Polygon","properties":{"n":"Nawadih","c":252692,"d":"Rohtas","s":"BIHAR"}},{"arcs":[[-4708,4939,-3447,4940]],"type":"Polygon","properties":{"n":" ","c":252052,"d":"Rohtas","s":"BIHAR"}},{"arcs":[[4941,4942,-186,4943]],"type":"Polygon","properties":{"n":" ","c":252048,"d":"Rohtas","s":"BIHAR"}},{"arcs":[[-4002,-829,4944,4945,-3266,-3937,-950,-447,4946]],"type":"Polygon","properties":{"n":"Nawara","c":252090,"d":"Rohtas","s":"BIHAR"}},{"arcs":[[-4539,-2176,4947,4948,-4568,-4870]],"type":"Polygon","properties":{"n":"Nayakpur","c":252022,"d":"Rohtas","s":"BIHAR"}},{"arcs":[[4949,4950,-4836,4951,-1598,4952,4953]],"type":"Polygon","properties":{"n":"Neae","c":252365,"d":"Rohtas","s":"BIHAR"}},{"arcs":[[-4950,4954,-636,4955,4956]],"type":"Polygon","properties":{"n":"Nekara","c":252364,"d":"Rohtas","s":"BIHAR"}},{"arcs":[[4957,-3420,-3691,-2590,-3849]],"type":"Polygon","properties":{"n":"Nemura","c":251649,"d":"Rohtas","s":"BIHAR"}},{"arcs":[[4958,-551,-4150,-4129,-4487]],"type":"Polygon","properties":{"n":"Neuri","c":252009,"d":"Rohtas","s":"BIHAR"}},{"arcs":[[-4012,-3486,-4935,-4544,-3440,4959,-4630]],"type":"Polygon","properties":{"n":"Niga","c":251251,"d":"Rohtas","s":"BIHAR"}},{"arcs":[[4960,-2708,-1104,-2055,-4463]],"type":"Polygon","properties":{"n":"Nima","c":252437,"d":"Rohtas","s":"BIHAR"}},{"arcs":[[4961,-3472,-303,-701,-2526]],"type":"Polygon","properties":{"n":"Nimahath","c":252083,"d":"Rohtas","s":"BIHAR"}},{"arcs":[[-1604,-4343,-4315,4962,-3728]],"type":"Polygon","properties":{"n":"Niman","c":252492,"d":"Rohtas","s":"BIHAR"}},{"arcs":[[-785,-1356,-4279,-3811]],"type":"Polygon","properties":{"n":"Nimdehra","c":251633,"d":"Rohtas","s":"BIHAR"}},{"arcs":[[4963,4964,-2907,-252,-989,-2343]],"type":"Polygon","properties":{"n":"Nimiyan","c":250747,"d":"Rohtas","s":"BIHAR"}},{"arcs":[[-1904,-2726,4965]],"type":"Polygon","properties":{"n":"Niranjanpur","c":251333,"d":"Rohtas","s":"BIHAR"}},{"arcs":[[4966,-3845,-4375,4967]],"type":"Polygon","properties":{"n":"Niranjanpur","c":252330,"d":"Rohtas","s":"BIHAR"}},{"arcs":[[-1988,4968,4969,-3918,-3475]],"type":"Polygon","properties":{"n":"Nirmalpur","c":252399,"d":"Rohtas","s":"BIHAR"}},{"arcs":[[-2392,-4855,-3779,4970,4971,-4799]],"type":"Polygon","properties":{"n":"Niu","c":252197,"d":"Rohtas","s":"BIHAR"}},{"arcs":[[-4520,4972,4973,4974]],"type":"Polygon","properties":{"n":"Niyazipur","c":250888,"d":"Rohtas","s":"BIHAR"}},{"arcs":[[4975,-4774,-3415,4976,4977,4978,-3375,-3872]],"type":"Polygon","properties":{"n":"Noawan","c":251203,"d":"Rohtas","s":"BIHAR"}},{"arcs":[[-2970,4979,-2667,-3177,4980,-4851]],"type":"Polygon","properties":{"n":"Nok Parasi","c":251367,"d":"Rohtas","s":"BIHAR"}},{"arcs":[[-1145,4981,-2595,-4230,4982,4983,-3604,-3502,4984,-262,-4064,4985,-742]],"type":"Polygon","properties":{"n":"Nonhar","c":251176,"d":"Rohtas","s":"BIHAR"}},{"arcs":[[-3724,4986,-1496,-4782,4987]],"type":"Polygon","properties":{"n":"Usra","c":251984,"d":"Rohtas","s":"BIHAR"}},{"arcs":[[4988,4989,4990,-4381,4991,-1725,4992,-2082,4993,4994]],"type":"Polygon","properties":{"n":"Nuawan","c":251920,"d":"Rohtas","s":"BIHAR"}},{"arcs":[[-4668,-2566,-4672]],"type":"Polygon","properties":{"n":"Ojhwalia","c":251422,"d":"Rohtas","s":"BIHAR"}},{"arcs":[[-4096,-579,4995,-2503,-2610]],"type":"Polygon","properties":{"n":"Osawan","c":251393,"d":"Rohtas","s":"BIHAR"}},{"arcs":[[4996,4997,-4673,-2564,-909]],"type":"Polygon","properties":{"n":"Panapur","c":251419,"d":"Rohtas","s":"BIHAR"}},{"arcs":[[4998,-2015,-2901]],"type":"Polygon","properties":{"n":"Pachahar","c":251626,"d":"Rohtas","s":"BIHAR"}},{"arcs":[[4999,-1407,-3276,5000,-4974,5001,5002]],"type":"Polygon","properties":{"n":"Pachauli","c":250893,"d":"Rohtas","s":"BIHAR"}},{"arcs":[[-1687,5003,-3563,5004,-1668,-450]],"type":"Polygon","properties":{"n":"Pachaura","c":252016,"d":"Rohtas","s":"BIHAR"}},{"arcs":[[-1592,5005,5006,5007]],"type":"Polygon","properties":{"n":"Kapur Chak","c":250972,"d":"Rohtas","s":"BIHAR"}},{"arcs":[[-2012,-2268,5008,-4892]],"type":"Polygon","properties":{"n":"Pach Pakhri","c":251615,"d":"Rohtas","s":"BIHAR"}},{"arcs":[[-405,5009,-4789]],"type":"Polygon","properties":{"n":"Pachsahan","c":251011,"d":"Rohtas","s":"BIHAR"}},{"arcs":[[5010,-2337,5011,5012,-4583]],"type":"Polygon","properties":{"n":"Dharampura","c":250641,"d":"Rohtas","s":"BIHAR"}},{"arcs":[[5013,-672]],"type":"Polygon","properties":{"n":"Murli Pahari","c":252681,"d":"Rohtas","s":"BIHAR"}},{"arcs":[[-4348,5014,-492,5015,-4332,-539]],"type":"Polygon","properties":{"n":"Pahari","c":251882,"d":"Rohtas","s":"BIHAR"}},{"arcs":[[-1763,-1695,5016,-3763,-3301]],"type":"Polygon","properties":{"n":"Paharia","c":252069,"d":"Rohtas","s":"BIHAR"}},{"arcs":[[5017,-2988,-4647,5018]],"type":"Polygon","properties":{"n":"Paharipur","c":250817,"d":"Rohtas","s":"BIHAR"}},{"arcs":[[5019,-35,5020,5021,-2494,-3052]],"type":"Polygon","properties":{"n":"Paharma","c":251395,"d":"Rohtas","s":"BIHAR"}},{"arcs":[[5022,-3126,-615,-2995,-4609,-1917,5023,-2521]],"type":"Polygon","properties":{"n":"Pahleza","c":252556,"d":"Rohtas","s":"BIHAR"}},{"arcs":[[-582,-4623,-36,-5020,-3051,-2504,-4996]],"type":"Polygon","properties":{"n":"Paiga","c":251432,"d":"Rohtas","s":"BIHAR"}},{"arcs":[[-881,-4226,5024,5025,-474,-3141,5026]],"type":"Polygon","properties":{"n":"Paisara","c":252417,"d":"Rohtas","s":"BIHAR"}},{"arcs":[[5027,-2941,5028,-4371,-2850]],"type":"Polygon","properties":{"n":"Pakari","c":250735,"d":"Rohtas","s":"BIHAR"}},{"arcs":[[-209,-4620,5029,5030,5031,5032]],"type":"Polygon","properties":{"n":"Pakari","c":251460,"d":"Rohtas","s":"BIHAR"}},{"arcs":[[-4126,5033,5034]],"type":"Polygon","properties":{"n":"Pakaria","c":252004,"d":"Rohtas","s":"BIHAR"}},{"arcs":[[-792,-2114,-4762,5035,5036,5037,5038,5039,-4492]],"type":"Polygon","properties":{"n":"Pakhnari","c":252129,"d":"Rohtas","s":"BIHAR"}},{"arcs":[[5040,-2881,5041,-1703]],"type":"Polygon","properties":{"n":"Pakri","c":252140,"d":"Rohtas","s":"BIHAR"}},{"arcs":[[-4505,5042,-89,-4581,5043,-1601]],"type":"Polygon","properties":{"n":"Pakaria","c":252250,"d":"Rohtas","s":"BIHAR"}},{"arcs":[[-3368,5044,-4887,-4183,5045,5046,5047]],"type":"Polygon","properties":{"n":"Pataundha","c":251959,"d":"Rohtas","s":"BIHAR"}},{"arcs":[[-1969,-919,5048,-1524]],"type":"Polygon","properties":{"n":"Paltudehra","c":250762,"d":"Rohtas","s":"BIHAR"}},{"arcs":[[5049,-706,-3928,-3688]],"type":"Polygon","properties":{"n":"Panaili","c":251846,"d":"Rohtas","s":"BIHAR"}},{"arcs":[[5050,-4058,-3318,-4635]],"type":"Polygon","properties":{"n":"Sonbarsa","c":251754,"d":"Rohtas","s":"BIHAR"}},{"arcs":[[-4484,-599,-4531,5051,-1929,-156,-4455,-4355]],"type":"Polygon","properties":{"n":"Sighanpura","c":252287,"d":"Rohtas","s":"BIHAR"}},{"arcs":[[-2217,5052,5053,5054,5055,5056,-611]],"type":"Polygon","properties":{"n":"Panchu Dehri","c":250810,"d":"Rohtas","s":"BIHAR"}},{"arcs":[[5057,-3506,-1472,-4008,5058]],"type":"Polygon","properties":{"n":"Panrepur","c":251834,"d":"Rohtas","s":"BIHAR"}},{"arcs":[[5059,-4827,-2887,-2712,5060]],"type":"Polygon","properties":{"n":"Panditpura","c":250935,"d":"Rohtas","s":"BIHAR"}},{"arcs":[[5061,-3998,5062,-4794]],"type":"Polygon","properties":{"n":"Panhauti","c":251697,"d":"Rohtas","s":"BIHAR"}},{"arcs":[[-395,-693,-3162,5063,5064,5065]],"type":"Polygon","properties":{"n":"Panjar","c":251877,"d":"Rohtas","s":"BIHAR"}},{"arcs":[[-683,5066,-4428,-1708,-3460,-3198,5067]],"type":"Polygon","properties":{"n":"Panjari","c":251029,"d":"Rohtas","s":"BIHAR"}},{"arcs":[[-1337,5068,-3954,-1129,5069]],"type":"Polygon","properties":{"n":"Panraria","c":252630,"d":"Rohtas","s":"BIHAR"}},{"arcs":[[5070,-75,-4699,-4103,5071]],"type":"Polygon","properties":{"n":"Panredih","c":251323,"d":"Rohtas","s":"BIHAR"}},{"arcs":[[-4517,-1254,5072,-2382,5073]],"type":"Polygon","properties":{"n":"Panrria","c":250903,"d":"Rohtas","s":"BIHAR"}},{"arcs":[[5074,5075,5076,-4712,-3152,5077]],"type":"Polygon","properties":{"n":"Panruhar","c":252534,"d":"Rohtas","s":"BIHAR"}},{"arcs":[[5078,-5078,-3151,5079,5080]],"type":"Polygon","properties":{"n":"Panruri","c":251454,"d":"Rohtas","s":"BIHAR"}},{"arcs":[[5081,-4880,5082,5083]],"type":"Polygon","properties":{"n":"Panrwa","c":251547,"d":"Rohtas","s":"BIHAR"}},{"arcs":[[5084,5085,5086]],"type":"Polygon","properties":{"n":"Panti","c":252652,"d":"Rohtas","s":"BIHAR"}},{"arcs":[[-236,-3347,-2950,-1883,-3529]],"type":"Polygon","properties":{"n":"Paraiya","c":251388,"d":"Rohtas","s":"BIHAR"}},{"arcs":[[-3980,5087,-1174,5088]],"type":"Polygon","properties":{"n":"Param Dehri","c":251076,"d":"Rohtas","s":"BIHAR"}},{"arcs":[[-4085,5089,5090,-4180,-2738,5091]],"type":"Polygon","properties":{"n":"Parandehra","c":251809,"d":"Rohtas","s":"BIHAR"}},{"arcs":[[-4518,-5074,-2381,-4604,5092]],"type":"Polygon","properties":{"n":"Paranpur","c":250902,"d":"Rohtas","s":"BIHAR"}},{"arcs":[[5093,5094,5095,5096,5097,5098]],"type":"Polygon","properties":{"n":"Parari","c":252125,"d":"Rohtas","s":"BIHAR"}},{"arcs":[[-2250,-3528,5099,-2492,-2146,-3693]],"type":"Polygon","properties":{"n":"Pararia","c":251057,"d":"Rohtas","s":"BIHAR"}},{"arcs":[[5100,5101,-3897,5102]],"type":"Polygon","properties":{"n":"Pararia","c":252059,"d":"Rohtas","s":"BIHAR"}},{"arcs":[[5103,-954,-3100,-1395,5104,5105]],"type":"Polygon","properties":{"n":"Pararia","c":251480,"d":"Rohtas","s":"BIHAR"}},{"arcs":[[-3212,-2739,-2701,5106,5107,5108]],"type":"Polygon","properties":{"n":"Parariya","c":251129,"d":"Rohtas","s":"BIHAR"}},{"arcs":[[-1702,-857,5109,5110,-2882,-5041]],"type":"Polygon","properties":{"n":"Parasdiha","c":252110,"d":"Rohtas","s":"BIHAR"}},{"arcs":[[5111,-2898,-976,-956]],"type":"Polygon","properties":{"n":"Parasia","c":251484,"d":"Rohtas","s":"BIHAR"}},{"arcs":[[5112,-3852,-4448]],"type":"Polygon","properties":{"n":"Paraspura","c":251657,"d":"Rohtas","s":"BIHAR"}},{"arcs":[[-3591,-1445,-342,-3772,-2383,-5073,-1253,5113]],"type":"Polygon","properties":{"n":"Parasrampur","c":250907,"d":"Rohtas","s":"BIHAR"}},{"arcs":[[-1112,5114,5115,5116,-4818]],"type":"Polygon","properties":{"n":" ","c":252056,"d":"Rohtas","s":"BIHAR"}},{"arcs":[[-1941,-970,-4152]],"type":"Polygon","properties":{"n":"Pariagpur","c":252146,"d":"Rohtas","s":"BIHAR"}},{"arcs":[[-3331,5117,-3673,5118]],"type":"Polygon","properties":{"n":"Parmanpur","c":251101,"d":"Rohtas","s":"BIHAR"}},{"arcs":[[-2849,-3822,-3070,-5028]],"type":"Polygon","properties":{"n":"Parmesardehra","c":250737,"d":"Rohtas","s":"BIHAR"}},{"arcs":[[-1812,-4791,5119,-4101]],"type":"Polygon","properties":{"n":"Parbatpur","c":251014,"d":"Rohtas","s":"BIHAR"}},{"arcs":[[5120,-2229,-1594,-1581]],"type":"Polygon","properties":{"n":"Parsa","c":250974,"d":"Rohtas","s":"BIHAR"}},{"arcs":[[-3659,-1353,5121,-4654,-851,-3608]],"type":"Polygon","properties":{"n":"Parsamadhopur","c":251225,"d":"Rohtas","s":"BIHAR"}},{"arcs":[[5122,-1223,-2611,-2501,-3346,-4302,-4161,-1530,-4342,5123]],"type":"Polygon","properties":{"n":"Parsar","c":251358,"d":"Rohtas","s":"BIHAR"}},{"arcs":[[5124,5125,5126,-3888,5127]],"type":"Polygon","properties":{"n":"Parsathua","c":250685,"d":"Rohtas","s":"BIHAR"}},{"arcs":[[5128,-4997,5129,-2290,5130,-202]],"type":"Polygon","properties":{"n":"Parasia","c":251406,"d":"Rohtas","s":"BIHAR"}},{"arcs":[[-4881,-5082,5131,5132,5133]],"type":"Polygon","properties":{"n":"Parsia","c":251544,"d":"Rohtas","s":"BIHAR"}},{"arcs":[[5134,-4873,-5134,5135]],"type":"Polygon","properties":{"n":"Parsia Nisf","c":251545,"d":"Rohtas","s":"BIHAR"}},{"arcs":[[-4201,-3359,-3040,-770,5136,-670,5137,5138]],"type":"Polygon","properties":{"n":"Parsiya","c":250723,"d":"Rohtas","s":"BIHAR"}},{"arcs":[[5139,5140,-2665,5141]],"type":"Polygon","properties":{"n":"Parsiya Kalen","c":251052,"d":"Rohtas","s":"BIHAR"}},{"arcs":[[5142,-5140,5143,5144]],"type":"Polygon","properties":{"n":"Parsiyakhurd","c":251051,"d":"Rohtas","s":"BIHAR"}},{"arcs":[[-3899,5145,5146,-5115,-1111]],"type":"Polygon","properties":{"n":"Paruka","c":252057,"d":"Rohtas","s":"BIHAR"}},{"arcs":[[-4535,5147,5148,5149,5150,5151]],"type":"Polygon","properties":{"n":"Parwalia","c":251865,"d":"Rohtas","s":"BIHAR"}},{"arcs":[[-644,5152,-876,-2138,-2972]],"type":"Polygon","properties":{"n":"Pasia Dih","c":252411,"d":"Rohtas","s":"BIHAR"}},{"arcs":[[-3620,-1845,-2437]],"type":"Polygon","properties":{"n":"Pasram Patti Dalia","c":251066,"d":"Rohtas","s":"BIHAR"}},{"arcs":[[-39,5153,-4930,5154,-4575]],"type":"Polygon","properties":{"n":"Patanwan","c":252325,"d":"Rohtas","s":"BIHAR"}},{"arcs":[[5155,5156,-3408,-3551,5157,-1921]],"type":"Polygon","properties":{"n":"Patanawa","c":252591,"d":"Rohtas","s":"BIHAR"}},{"arcs":[[-696,-4802,5158,5159,-4237,-2918,-2625,5160]],"type":"Polygon","properties":{"n":"Patanwan","c":252310,"d":"Rohtas","s":"BIHAR"}},{"arcs":[[-1631,5161,5162,-3576,5163,-2255,5164]],"type":"Polygon","properties":{"n":"Pathalpura","c":251684,"d":"Rohtas","s":"BIHAR"}},{"arcs":[[5165,-3305,-915,5166,5167,-172]],"type":"Polygon","properties":{"n":"Pathara","c":252614,"d":"Rohtas","s":"BIHAR"}},{"arcs":[[-1932,-4529,-2792,-158]],"type":"Polygon","properties":{"n":"Pethiawan","c":252002,"d":"Rohtas","s":"BIHAR"}},{"arcs":[[-2861,-621,-4045,-2060,-4862,-1163]],"type":"Polygon","properties":{"n":"Patia","c":252404,"d":"Rohtas","s":"BIHAR"}},{"arcs":[[-5144,-5142,-2664,-3271,5168]],"type":"Polygon","properties":{"n":"Patkhauli","c":251050,"d":"Rohtas","s":"BIHAR"}},{"arcs":[[-5032,5169,5170,5171]],"type":"Polygon","properties":{"n":"Patkhaulia","c":251461,"d":"Rohtas","s":"BIHAR"}},{"arcs":[[-820,5172,5173,5174,-1867,5175,-4918]],"type":"Polygon","properties":{"n":"Patkhaulia","c":252260,"d":"Rohtas","s":"BIHAR"}},{"arcs":[[-3384,-3306,-5166,-171,5176,-2110,-4740,-4757,5177,5178]],"type":"Polygon","properties":{"n":"Patluka","c":252617,"d":"Rohtas","s":"BIHAR"}},{"arcs":[[-948,-4866,-3731,-3352,-3758]],"type":"Polygon","properties":{"n":"Patna","c":250690,"d":"Rohtas","s":"BIHAR"}},{"arcs":[[-3701,-2300,-3983,-3075,5179,-1547,5180,-4725]],"type":"Polygon","properties":{"n":"Patpura","c":252570,"d":"Rohtas","s":"BIHAR"}},{"arcs":[[5181,5182,5183]],"type":"Polygon","properties":{"n":"Chandipatti","c":251401,"d":"Rohtas","s":"BIHAR"}},{"arcs":[[-3718,-4797,-3203,5184]],"type":"Polygon","properties":{"n":"Patti Chatarbhuj","c":252186,"d":"Rohtas","s":"BIHAR"}},{"arcs":[[5185,-4086,-5092,-2737,-348,5186]],"type":"Polygon","properties":{"n":"Patwadih","c":251810,"d":"Rohtas","s":"BIHAR"}},{"arcs":[[5187,-3444]],"type":"Polygon","properties":{"n":"Pauni","c":251551,"d":"Rohtas","s":"BIHAR"}},{"arcs":[[5188,5189,-4325,-4392,-748,-4078,5190]],"type":"Polygon","properties":{"n":"Paunra","c":251181,"d":"Rohtas","s":"BIHAR"}},{"arcs":[[-2236,5191,5192,-1438,-2049,5193,-1777,-2962,-3073]],"type":"Polygon","properties":{"n":"Pauni","c":251414,"d":"Rohtas","s":"BIHAR"}},{"arcs":[[-2005,-3498,-3342,-2683,5194,5195]],"type":"Polygon","properties":{"n":"Penar","c":251574,"d":"Rohtas","s":"BIHAR"}},{"arcs":[[5196,5197,-1463,-3757,5198,-5126]],"type":"Polygon","properties":{"n":"Petphorua","c":250686,"d":"Rohtas","s":"BIHAR"}},{"arcs":[[-811,5199,-437,5200]],"type":"Polygon","properties":{"n":"Pewandi","c":251964,"d":"Rohtas","s":"BIHAR"}},{"arcs":[[-813,-4254,-1239,5201,5202,-3463,5203]],"type":"Polygon","properties":{"n":"Phakla","c":251723,"d":"Rohtas","s":"BIHAR"}},{"arcs":[[-814,-5204,-3462,5204,5205]],"type":"Polygon","properties":{"n":"Phakli","c":251725,"d":"Rohtas","s":"BIHAR"}},{"arcs":[[-4426,-3037,-3086,5206,-1803]],"type":"Polygon","properties":{"n":"Phulehra","c":250848,"d":"Rohtas","s":"BIHAR"}},{"arcs":[[-4585,5207,5208,5209,-2205,-2675,5210,-4932,5211]],"type":"Polygon","properties":{"n":"Phuli","c":250653,"d":"Rohtas","s":"BIHAR"}},{"arcs":[[-418,-3354,5212,-1212]],"type":"Polygon","properties":{"n":"Phulwario","c":250701,"d":"Rohtas","s":"BIHAR"}},{"arcs":[[-4382,-4991,5213,5214,5215]],"type":"Polygon","properties":{"n":"Pia Kalan","c":251908,"d":"Rohtas","s":"BIHAR"}},{"arcs":[[-5036,-4761,-4383,-5216,5216]],"type":"Polygon","properties":{"n":"Pia Khurd","c":251907,"d":"Rohtas","s":"BIHAR"}},{"arcs":[[5217,-2756,5218,5219,-5034,-4134,-4283]],"type":"Polygon","properties":{"n":"Pilkhi","c":251998,"d":"Rohtas","s":"BIHAR"}},{"arcs":[[-4911,5220,-4018,-4924,-296,-4914]],"type":"Polygon","properties":{"n":" ","c":0,"d":"Rohtas","s":"BIHAR"}},{"arcs":[[-2563,-4667,-4605,-2233,-3072,5221,-469]],"type":"Polygon","properties":{"n":"Pipardih","c":251416,"d":"Rohtas","s":"BIHAR"}},{"arcs":[[5222,-1766,-2028,-2859,-793,5223,-3901,5224,-2276]],"type":"Polygon","properties":{"n":"Piparadih","c":252041,"d":"Rohtas","s":"BIHAR"}},{"arcs":[[-1041,-3556,5225,5226]],"type":"Polygon","properties":{"n":"Pipari","c":252221,"d":"Rohtas","s":"BIHAR"}},{"arcs":[[5227,-4014,-5221,-4910,-3134]],"type":"Polygon","properties":{"n":"Pipri","c":251017,"d":"Rohtas","s":"BIHAR"}},{"arcs":[[5228,-1182,-2280,-3951]],"type":"Polygon","properties":{"n":"Pirna Bigha","c":252634,"d":"Rohtas","s":"BIHAR"}},{"arcs":[[5229,-2734,-3743]],"type":"Polygon","properties":{"n":"Pirtampur","c":251804,"d":"Rohtas","s":"BIHAR"}},{"arcs":[[-3363,5230,5231,5232,5233]],"type":"Polygon","properties":{"n":"Pitambarpur","c":250964,"d":"Rohtas","s":"BIHAR"}},{"arcs":[[-4579,-4760,-2117,5234]],"type":"Polygon","properties":{"n":"Pitambarpur","c":252278,"d":"Rohtas","s":"BIHAR"}},{"arcs":[[5235,-5231,-3362,5236,-4400,-3713,-2763,5237]],"type":"Polygon","properties":{"n":"Pithni","c":250963,"d":"Rohtas","s":"BIHAR"}},{"arcs":[[-3793,-2321,-4313,5238,-5056,5239]],"type":"Polygon","properties":{"n":"Pithwaiya","c":250807,"d":"Rohtas","s":"BIHAR"}},{"arcs":[[-1082,-3574,-4527,-3195,-3920,-3048]],"type":"Polygon","properties":{"n":"Palangarh","c":252453,"d":"Rohtas","s":"BIHAR"}},{"arcs":[[-4197,-4915]],"type":"Polygon","properties":{"n":"Pahanua","c":250783,"d":"Rohtas","s":"BIHAR"}},{"arcs":[[5240,-4046,-1990,-3474,-1386,-4533]],"type":"Polygon","properties":{"n":"Pakaria","c":252504,"d":"Rohtas","s":"BIHAR"}},{"arcs":[[-425,5241,-4906,5242,5243]],"type":"Polygon","properties":{"n":"Pokharaha Jamalpur","c":251441,"d":"Rohtas","s":"BIHAR"}},{"arcs":[[5244,-1273,5245]],"type":"Polygon","properties":{"n":"Pongarhi","c":250840,"d":"Rohtas","s":"BIHAR"}},{"arcs":[[5246,-5037,-5217,-5215,5247,-2153,5248]],"type":"Polygon","properties":{"n":"Pora","c":251909,"d":"Rohtas","s":"BIHAR"}},{"arcs":[[-2655,5249,5250,-1804,-5207,-3085]],"type":"Polygon","properties":{"n":"Puhpi","c":250867,"d":"Rohtas","s":"BIHAR"}},{"arcs":[[-4803,-3745,5251,-2585]],"type":"Polygon","properties":{"n":"Punai Dih","c":251265,"d":"Rohtas","s":"BIHAR"}},{"arcs":[[-4402,-1525,-5049,-924,-28,-3840,5252,-4432]],"type":"Polygon","properties":{"n":"Purahra","c":250756,"d":"Rohtas","s":"BIHAR"}},{"arcs":[[-5045,-1537,5253,5254,-4888]],"type":"Polygon","properties":{"n":"Puraini","c":251949,"d":"Rohtas","s":"BIHAR"}},{"arcs":[[-4629,-4364,-2478,-3093,-3114]],"type":"Polygon","properties":{"n":"Purandarpur","c":251247,"d":"Rohtas","s":"BIHAR"}},{"arcs":[[5255,5256,-194]],"type":"Polygon","properties":{"n":"Nokha (NP)","c":801396,"d":"Rohtas","s":"BIHAR"}},{"arcs":[[5257,-5108,5258,5259,-2089]],"type":"Polygon","properties":{"n":"Ragho Dehra","c":251123,"d":"Rohtas","s":"BIHAR"}},{"arcs":[[-4328,-4424,5260,5261,5262,-1173]],"type":"Polygon","properties":{"n":"Raghopur","c":251178,"d":"Rohtas","s":"BIHAR"}},{"arcs":[[5263,-2325,-4460,5264,5265]],"type":"Polygon","properties":{"n":"Raghopur","c":251770,"d":"Rohtas","s":"BIHAR"}},{"arcs":[[-4176,5266,-3044,-4450,5267,-1755,-4806,-4897,5268]],"type":"Polygon","properties":{"n":"Raghunathpur","c":251304,"d":"Rohtas","s":"BIHAR"}},{"arcs":[[-1966,5269,-1293,-937]],"type":"Polygon","properties":{"n":"Raghunathpur","c":251899,"d":"Rohtas","s":"BIHAR"}},{"arcs":[[-2688,5270,-4601]],"type":"Polygon","properties":{"n":"Rahulia (V)","c":251977,"d":"Rohtas","s":"BIHAR"}},{"arcs":[[-5170,-5031,5271,-3250,-3767,-2124,5272,-5106,5273,-3292,5274,5275]],"type":"Polygon","properties":{"n":"Rajpur","c":251463,"d":"Rohtas","s":"BIHAR"}},{"arcs":[[-2779,-4290,5276]],"type":"Polygon","properties":{"n":"Raja Sareyan","c":250954,"d":"Rohtas","s":"BIHAR"}},{"arcs":[[-5209,5277,-3322,-4366,5278]],"type":"Polygon","properties":{"n":"Rajan Dih","c":250650,"d":"Rohtas","s":"BIHAR"}},{"arcs":[[5279,-2720,-719,5280,5281,-177]],"type":"Polygon","properties":{"n":"Rajandih","c":251465,"d":"Rohtas","s":"BIHAR"}},{"arcs":[[-5100,-3527,5282,-502,-2493]],"type":"Polygon","properties":{"n":"Rajaundha","c":251056,"d":"Rohtas","s":"BIHAR"}},{"arcs":[[-370,-3264,-144,5283,5284]],"type":"Polygon","properties":{"n":"Rajaundha","c":251644,"d":"Rohtas","s":"BIHAR"}},{"arcs":[[-3028,-3642,-475,5285]],"type":"Polygon","properties":{"n":"Rajekarma","c":252387,"d":"Rohtas","s":"BIHAR"}},{"arcs":[[-3350,-410,-4464,-2958,5286,5287,-1334,5288,-3855]],"type":"Polygon","properties":{"n":"Rajokhar","c":252337,"d":"Rohtas","s":"BIHAR"}},{"arcs":[[5289,-3274,5290,-4718,-3514]],"type":"Polygon","properties":{"n":"Rajpur","c":250890,"d":"Rohtas","s":"BIHAR"}},{"arcs":[[5291,-1148,-4331,-4730,-3536]],"type":"Polygon","properties":{"n":"Rajpur","c":252688,"d":"Rohtas","s":"BIHAR"}},{"arcs":[[-3579,-112,-4785,-44,5292,5293,-1785]],"type":"Polygon","properties":{"n":"Rakasia","c":252375,"d":"Rohtas","s":"BIHAR"}},{"arcs":[[5294,-4148,-553,5295,5296]],"type":"Polygon","properties":{"n":"Rakba","c":252012,"d":"Rohtas","s":"BIHAR"}},{"arcs":[[-4589,5297]],"type":"Polygon","properties":{"n":"Rakian Bigha","c":252627,"d":"Rohtas","s":"BIHAR"}},{"arcs":[[-4229,-4652,5298,-3987,-4049,5299,-4983]],"type":"Polygon","properties":{"n":"Raksiya","c":251161,"d":"Rohtas","s":"BIHAR"}},{"arcs":[[-1557,5300,5301,5302]],"type":"Polygon","properties":{"n":"Ram Nagar","c":251598,"d":"Rohtas","s":"BIHAR"}},{"arcs":[[-2088,-1727,-4259,-3213,-5109,-5258]],"type":"Polygon","properties":{"n":"Randehra","c":251130,"d":"Rohtas","s":"BIHAR"}},{"arcs":[[5303,-5099,5304,-457]],"type":"Polygon","properties":{"n":"Ramdehri","c":252126,"d":"Rohtas","s":"BIHAR"}},{"arcs":[[-3386,5305,5306,-1500,-4523,-4213]],"type":"Polygon","properties":{"n":"Ramdihra","c":252597,"d":"Rohtas","s":"BIHAR"}},{"arcs":[[-3612,5307,-5087,5308,-3626,-2282]],"type":"Polygon","properties":{"n":"Ramdihra","c":252651,"d":"Rohtas","s":"BIHAR"}},{"arcs":[[-3193,-2413,-3511,-3788,5309,5310,-3921]],"type":"Polygon","properties":{"n":"Ramgaraha","c":252476,"d":"Rohtas","s":"BIHAR"}},{"arcs":[[-2687,5311,-4780,5312,-658,5313,-2172,-4538,-4602,-5271]],"type":"Polygon","properties":{"n":"Ramgarh","c":251978,"d":"Rohtas","s":"BIHAR"}},{"arcs":[[-4960,-3439,-1279,-3955,5314,-4631]],"type":"Polygon","properties":{"n":"Ramna Dihra","c":251252,"d":"Rohtas","s":"BIHAR"}},{"arcs":[[5315,5316,-3328]],"type":"Polygon","properties":{"n":"Ramnagar","c":251103,"d":"Rohtas","s":"BIHAR"}},{"arcs":[[-4031,-3090,5317,-2323,-709]],"type":"Polygon","properties":{"n":"Ramnath Parasi","c":251234,"d":"Rohtas","s":"BIHAR"}},{"arcs":[[5318,5319,-2278]],"type":"Polygon","properties":{"n":"Rampur","c":252636,"d":"Rohtas","s":"BIHAR"}},{"arcs":[[-1844,-4243,-4019,-2390,-2575]],"type":"Polygon","properties":{"n":"Rampur Amawan","c":252200,"d":"Rohtas","s":"BIHAR"}},{"arcs":[[5320,-5196,-2982,5321]],"type":"Polygon","properties":{"n":"Rampur Gazi","c":251575,"d":"Rohtas","s":"BIHAR"}},{"arcs":[[5322,-2819,-4272,5323,-4168,-2240,5324,-2450,5325]],"type":"Polygon","properties":{"n":"Rampur Joi","c":252175,"d":"Rohtas","s":"BIHAR"}},{"arcs":[[5326,-3832,-4809,5327,-3783]],"type":"Polygon","properties":{"n":"Rampur Kalan","c":251004,"d":"Rohtas","s":"BIHAR"}},{"arcs":[[-5328,-4813,-4845,-3784]],"type":"Polygon","properties":{"n":"Rampur Khurd","c":251003,"d":"Rohtas","s":"BIHAR"}},{"arcs":[[-5325,-2239,5328,-4783,-3654,5329,-2451]],"type":"Polygon","properties":{"n":"Rampur Telari","c":252167,"d":"Rohtas","s":"BIHAR"}},{"arcs":[[5330,-371,-5285,5331,-4281]],"type":"Polygon","properties":{"n":"Ranitali","c":251640,"d":"Rohtas","s":"BIHAR"}},{"arcs":[[5332,5333,-3628,-2213]],"type":"Polygon","properties":{"n":"Ranjit Ganj","c":252656,"d":"Rohtas","s":"BIHAR"}},{"arcs":[[-5093,5334,-5002,-4973,-4519]],"type":"Polygon","properties":{"n":"Ranni","c":250901,"d":"Rohtas","s":"BIHAR"}},{"arcs":[[-2946,5335,5336,-3994,-1343]],"type":"Polygon","properties":{"n":"Rasendua","c":252121,"d":"Rohtas","s":"BIHAR"}},{"arcs":[[-4005,5337,-3861,5338]],"type":"Polygon","properties":{"n":"Rasulpur","c":252664,"d":"Rohtas","s":"BIHAR"}},{"arcs":[[-4466,-2091,-2517]],"type":"Polygon","properties":{"n":"Ratanpatti","c":251137,"d":"Rohtas","s":"BIHAR"}},{"arcs":[[-2151,5339,-757]],"type":"Polygon","properties":{"n":"Ratanpura","c":251677,"d":"Rohtas","s":"BIHAR"}},{"arcs":[[-3396,-4264,-1975,5340,-4210]],"type":"Polygon","properties":{"n":"Ratti Chak","c":251818,"d":"Rohtas","s":"BIHAR"}},{"arcs":[[-4050,-3991,5341,-1978,-3426]],"type":"Polygon","properties":{"n":"Rauni","c":251159,"d":"Rohtas","s":"BIHAR"}},{"arcs":[[-3925,5342,-2529,-2574,-15,-630,-1693,-1762,-5223,-2275,-1870]],"type":"Polygon","properties":{"n":"Rehal","c":252081,"d":"Rohtas","s":"BIHAR"}},{"arcs":[[5343,-3690,5344,-4026,-30,-923]],"type":"Polygon","properties":{"n":"Rehari","c":251823,"d":"Rohtas","s":"BIHAR"}},{"arcs":[[5345,5346,5347,5348,5349,5350,-2000,-2155,5351]],"type":"Polygon","properties":{"n":"Renria Kalan","c":251916,"d":"Rohtas","s":"BIHAR"}},{"arcs":[[5352,-999,5353,-1450,-2696]],"type":"Polygon","properties":{"n":"Rehi","c":250912,"d":"Rohtas","s":"BIHAR"}},{"arcs":[[5354,-3057,-4599,-4679]],"type":"Polygon","properties":{"n":"Rehi","c":252227,"d":"Rohtas","s":"BIHAR"}},{"arcs":[[-1616,-5319,-2285,-3192,-2021]],"type":"Polygon","properties":{"n":"Renria","c":252637,"d":"Rohtas","s":"BIHAR"}},{"arcs":[[-4404,-4431,5355,-4964,-2342,-2317]],"type":"Polygon","properties":{"n":"Reniya","c":250744,"d":"Rohtas","s":"BIHAR"}},{"arcs":[[5356,5357,5358,-773,-2864,-2597,-1733]],"type":"Polygon","properties":{"n":"Reriya","c":251232,"d":"Rohtas","s":"BIHAR"}},{"arcs":[[-3995,-5062,-4793,-4898,5359,-1189,-2644]],"type":"Polygon","properties":{"n":"Rivan","c":251696,"d":"Rohtas","s":"BIHAR"}},{"arcs":[[-675,5360,5361,5362,-4815]],"type":"Polygon","properties":{"n":"Akbarpur","c":252684,"d":"Rohtas","s":"BIHAR"}},{"arcs":[[-1531,5363,-677,-4814,-5363,5364,-1149,-5292,-3535,-3699,-4491,5365,-3239,-1434,-2372,5366,-1313,5367,-953,-3473,-4962,-2525,-5343,-3924,-4610,5368,-3637]],"type":"Polygon","properties":{"n":"Rohtas","c":252677,"d":"Rohtas","s":"BIHAR"}},{"arcs":[[-372,-5331,-4280,-926]],"type":"Polygon","properties":{"n":"Rohdaspatti","c":251641,"d":"Rohtas","s":"BIHAR"}},{"arcs":[[-4172,-3123,-788,-965,5369]],"type":"Polygon","properties":{"n":"Rajhain","c":252156,"d":"Rohtas","s":"BIHAR"}},{"arcs":[[-4066,-3029,-5286,-5026,5370,-1258]],"type":"Polygon","properties":{"n":"Rudana","c":252386,"d":"Rohtas","s":"BIHAR"}},{"arcs":[[-1915,5371,-3707,-3548,5372]],"type":"Polygon","properties":{"n":"Rudarpura","c":252563,"d":"Rohtas","s":"BIHAR"}},{"arcs":[[5373,-2215,-3627,-5309,-5086]],"type":"Polygon","properties":{"n":"Rupahtha","c":252653,"d":"Rohtas","s":"BIHAR"}},{"arcs":[[5374,-1801,5375,-3163,-534]],"type":"Polygon","properties":{"n":"Rupahtha","c":251558,"d":"Rohtas","s":"BIHAR"}},{"arcs":[[-3277,5376,5377,-4458,5378,-4658]],"type":"Polygon","properties":{"n":"Rupaitha","c":251782,"d":"Rohtas","s":"BIHAR"}},{"arcs":[[-340,-574,5379,-3796,-3789,-5240,-5055,5380]],"type":"Polygon","properties":{"n":"Rupi","c":250806,"d":"Rohtas","s":"BIHAR"}},{"arcs":[[-1432,5381,-4121,-2209,-4865]],"type":"Polygon","properties":{"n":"Rupinbandh","c":250680,"d":"Rohtas","s":"BIHAR"}},{"arcs":[[-568,5382,-4472,-3433,-1457,-2016,-4999,-2900]],"type":"Polygon","properties":{"n":"Rutawan","c":251493,"d":"Rohtas","s":"BIHAR"}},{"arcs":[[-4435,5383,-2591,-1208,-5213,-3738]],"type":"Polygon","properties":{"n":"Sobhalia","c":250702,"d":"Rohtas","s":"BIHAR"}},{"arcs":[[-5260,5384,-2433,5385]],"type":"Polygon","properties":{"n":"Saadat Dehra","c":251090,"d":"Rohtas","s":"BIHAR"}},{"arcs":[[-3657,5386,-4097,-2609,-1221,5387]],"type":"Polygon","properties":{"n":"Sabari","c":251435,"d":"Rohtas","s":"BIHAR"}},{"arcs":[[5388,5389,-1439,-5193,5390,-257]],"type":"Polygon","properties":{"n":"Sabdala","c":251447,"d":"Rohtas","s":"BIHAR"}},{"arcs":[[-3246,-5272,-5030,-4619,-4850,-178,-5282,5391]],"type":"Polygon","properties":{"n":"Sabea","c":251464,"d":"Rohtas","s":"BIHAR"}},{"arcs":[[5392,-3885,5393,5394]],"type":"Polygon","properties":{"n":"Sobhipur","c":250695,"d":"Rohtas","s":"BIHAR"}},{"arcs":[[5395,-5249,-2152,5396,-5097]],"type":"Polygon","properties":{"n":"Sabrabad","c":251888,"d":"Rohtas","s":"BIHAR"}},{"arcs":[[-334,5397,-5053,-2216,-318,-4900]],"type":"Polygon","properties":{"n":"Sadhwa","c":250930,"d":"Rohtas","s":"BIHAR"}},{"arcs":[[-4131,-4149,-5295,5398,5399,5400,-1494,-4406,-4497,-3103]],"type":"Polygon","properties":{"n":"Sado Khar","c":251980,"d":"Rohtas","s":"BIHAR"}},{"arcs":[[-3081,-1139,5401,-1416,-3905]],"type":"Polygon","properties":{"n":"Sagarpur","c":251729,"d":"Rohtas","s":"BIHAR"}},{"arcs":[[-5003,-5335,-4603,-3770,5402]],"type":"Polygon","properties":{"n":"Sagpokhar","c":250900,"d":"Rohtas","s":"BIHAR"}},{"arcs":[[-633,-3759,-5017,-1694]],"type":"Polygon","properties":{"n":"Saguna","c":252079,"d":"Rohtas","s":"BIHAR"}},{"arcs":[[5403,-4724,-1294,-5270,-1965,-1216,-4891]],"type":"Polygon","properties":{"n":"Sahasi","c":251946,"d":"Rohtas","s":"BIHAR"}},{"arcs":[[-2482,5404,-5358,5405,-3088]],"type":"Polygon","properties":{"n":"Sahejani","c":251231,"d":"Rohtas","s":"BIHAR"}},{"arcs":[[-2438,-1848,-49,-2491,5406]],"type":"Polygon","properties":{"n":"Sahinaon","c":251064,"d":"Rohtas","s":"BIHAR"}},{"arcs":[[5407,-2628]],"type":"Polygon","properties":{"n":"Sahji","c":252517,"d":"Rohtas","s":"BIHAR"}},{"arcs":[[5408,-3809,5409,5410,5411,-5377,-3280]],"type":"Polygon","properties":{"n":"Sahuar","c":251780,"d":"Rohtas","s":"BIHAR"}},{"arcs":[[-4936,-3484,-4808,5412]],"type":"Polygon","properties":{"n":"Sahri","c":251295,"d":"Rohtas","s":"BIHAR"}},{"arcs":[[-1393,-383,5413,5414]],"type":"Polygon","properties":{"n":"Sahuari","c":250986,"d":"Rohtas","s":"BIHAR"}},{"arcs":[[-1704,-5042,-2880,-2797,-1345]],"type":"Polygon","properties":{"n":"Sahuwa","c":252141,"d":"Rohtas","s":"BIHAR"}},{"arcs":[[-1828,-4030,-4263,-3394]],"type":"Polygon","properties":{"n":"Sai","c":250751,"d":"Rohtas","s":"BIHAR"}},{"arcs":[[-5323,5415,5416,5417,-2820]],"type":"Polygon","properties":{"n":"Saidabad","c":252191,"d":"Rohtas","s":"BIHAR"}},{"arcs":[[5418,-2309]],"type":"Polygon","properties":{"n":"Saidanpur","c":251398,"d":"Rohtas","s":"BIHAR"}},{"arcs":[[5419,5420,5421,-3133]],"type":"Polygon","properties":{"n":"Saidpur","c":250882,"d":"Rohtas","s":"BIHAR"}},{"arcs":[[-4678,5422,-1620,5423,-4525]],"type":"Polygon","properties":{"n":"Saina","c":252647,"d":"Rohtas","s":"BIHAR"}},{"arcs":[[5424,-1237,-4390,-3683,5425,5426]],"type":"Polygon","properties":{"n":"Saina","c":252151,"d":"Rohtas","s":"BIHAR"}},{"arcs":[[5427,-4221,-4641,5428,-5019,-4646,5429,-1323]],"type":"Polygon","properties":{"n":"Saisar","c":250816,"d":"Rohtas","s":"BIHAR"}},{"arcs":[[-2588,-149,-4449,-3850]],"type":"Polygon","properties":{"n":"Saitapur","c":251659,"d":"Rohtas","s":"BIHAR"}},{"arcs":[[-4154,-3005,5430,5431,-4076,-4107]],"type":"Polygon","properties":{"n":"Sajandehra","c":251690,"d":"Rohtas","s":"BIHAR"}},{"arcs":[[-1121,-4547,5432,-584,5433,5434,5435,-1284,-3841,-1876,-3020,5436]],"type":"Polygon","properties":{"n":"Sajhauli","c":251514,"d":"Rohtas","s":"BIHAR"}},{"arcs":[[-5436,5437,-1285]],"type":"Polygon","properties":{"n":"Sajhaulimath","c":251254,"d":"Rohtas","s":"BIHAR"}},{"arcs":[[-4350,5438,-4573,5439,-1080]],"type":"Polygon","properties":{"n":"Sakas","c":252463,"d":"Rohtas","s":"BIHAR"}},{"arcs":[[5440,-2294,-4570,-206,-282]],"type":"Polygon","properties":{"n":"Sakhara","c":251471,"d":"Rohtas","s":"BIHAR"}},{"arcs":[[-2298,5441,-1913,-4608,-4705,-2766,-2467,-1363,-3982]],"type":"Polygon","properties":{"n":"Sakhara","c":252567,"d":"Rohtas","s":"BIHAR"}},{"arcs":[[-5064,-4727,-486,5442]],"type":"Polygon","properties":{"n":"Sakhuwan","c":251878,"d":"Rohtas","s":"BIHAR"}},{"arcs":[[-2728,-1510,-4275,-4245,-76,-5071,5443]],"type":"Polygon","properties":{"n":"Sakla","c":251324,"d":"Rohtas","s":"BIHAR"}},{"arcs":[[-3884,5444,-3755,5445,-5394]],"type":"Polygon","properties":{"n":"Sokrauli","c":250694,"d":"Rohtas","s":"BIHAR"}},{"arcs":[[-5150,-2488,5446]],"type":"Polygon","properties":{"n":"Sakraulia","c":251864,"d":"Rohtas","s":"BIHAR"}},{"arcs":[[-4119,-5382,-1431,-944,-1464,-5198,5447,-2440,5448,-1497,-1070,-3326,5449]],"type":"Polygon","properties":{"n":"Bahuara","c":250683,"d":"Rohtas","s":"BIHAR"}},{"arcs":[[-2127,-4047,-5241,-4532,-1108]],"type":"Polygon","properties":{"n":"Salea","c":252505,"d":"Rohtas","s":"BIHAR"}},{"arcs":[[5450,-3445,-2685,-3341]],"type":"Polygon","properties":{"n":"Salempur","c":251553,"d":"Rohtas","s":"BIHAR"}},{"arcs":[[5451,-2266,-4551,-4422]],"type":"Polygon","properties":{"n":"Salempur","c":251618,"d":"Rohtas","s":"BIHAR"}},{"arcs":[[-10,5452,-4173,-5370,-964,-1940,-3662]],"type":"Polygon","properties":{"n":"Samahuti","c":252155,"d":"Rohtas","s":"BIHAR"}},{"arcs":[[-3677,5453,-673,-5014,-678,-5364,-1533,-3636]],"type":"Polygon","properties":{"n":"Samahuta","c":252680,"d":"Rohtas","s":"BIHAR"}},{"arcs":[[5454,-1600,5455,-2078,5456,-4238,-5160]],"type":"Polygon","properties":{"n":"Samarodiha","c":252314,"d":"Rohtas","s":"BIHAR"}},{"arcs":[[-5353,5457,-3594,5458,-2785,-3522]],"type":"Polygon","properties":{"n":"Sambhu Dehri","c":250917,"d":"Rohtas","s":"BIHAR"}},{"arcs":[[-2326,-5264,5459,5460,5461,-4763,5462,5463,-4882]],"type":"Polygon","properties":{"n":"Samdiha","c":251768,"d":"Rohtas","s":"BIHAR"}},{"arcs":[[-5218,-4284,-4132,-2532,-2757]],"type":"Polygon","properties":{"n":"Samhauta","c":251996,"d":"Rohtas","s":"BIHAR"}},{"arcs":[[-1412,-1792,-4016]],"type":"Polygon","properties":{"n":"Samhauti","c":250879,"d":"Rohtas","s":"BIHAR"}},{"arcs":[[5464,-2722,-2600,5465,5466]],"type":"Polygon","properties":{"n":"Samhauta","c":251501,"d":"Rohtas","s":"BIHAR"}},{"arcs":[[-2760,-3107,-4321,-2709,5467,5468,-4697]],"type":"Polygon","properties":{"n":"Samhauti Buzurg","c":250950,"d":"Rohtas","s":"BIHAR"}},{"arcs":[[-4958,-3854,5469,-1124,5470,-691,5471,-3259,-3430,5472,5473,5474,-3421]],"type":"Polygon","properties":{"n":"Samhota","c":251670,"d":"Rohtas","s":"BIHAR"}},{"arcs":[[5475,-3932,5476,5477]],"type":"Polygon","properties":{"n":"Samhauta","c":251850,"d":"Rohtas","s":"BIHAR"}},{"arcs":[[5478,-4340,5479,-270,-1224,-5123]],"type":"Polygon","properties":{"n":"Samhuta","c":251345,"d":"Rohtas","s":"BIHAR"}},{"arcs":[[-4142,-3160,-3739,-4181,-5091,5480]],"type":"Polygon","properties":{"n":"Sonbarsa","c":251807,"d":"Rohtas","s":"BIHAR"}},{"arcs":[[-1625,-5165,-2254,5481]],"type":"Polygon","properties":{"n":"Sansardih","c":251683,"d":"Rohtas","s":"BIHAR"}},{"arcs":[[-2914,-3986,5482,-921,-1968,-117,-4010]],"type":"Polygon","properties":{"n":"Sanwabahar","c":251828,"d":"Rohtas","s":"BIHAR"}},{"arcs":[[-2852,-249,5483,-3969,5484]],"type":"Polygon","properties":{"n":"Sanwandehri","c":250714,"d":"Rohtas","s":"BIHAR"}},{"arcs":[[-4663,5485,-4883,-5464,5486,-4768]],"type":"Polygon","properties":{"n":"Sarodih","c":251749,"d":"Rohtas","s":"BIHAR"}},{"arcs":[[-2817,5487,-1246,-3719,-5185,-3202,-3903,-4273]],"type":"Polygon","properties":{"n":"Sarae","c":252188,"d":"Rohtas","s":"BIHAR"}},{"arcs":[[5488,5489,5490,-4752,5491]],"type":"Polygon","properties":{"n":"Sarae Bahan","c":252235,"d":"Rohtas","s":"BIHAR"}},{"arcs":[[-4917,5492,-377,-4684]],"type":"Polygon","properties":{"n":"Sarae Hewandhi","c":252256,"d":"Rohtas","s":"BIHAR"}},{"arcs":[[-4032,-1307,-5367,-2371]],"type":"Polygon","properties":{"n":"Saraidanr","c":252100,"d":"Rohtas","s":"BIHAR"}},{"arcs":[[-5305,-5098,-5397,-2157,5493,-4146,-458]],"type":"Polygon","properties":{"n":"Saraiya","c":251887,"d":"Rohtas","s":"BIHAR"}},{"arcs":[[5494,-1339,5495,5496]],"type":"Polygon","properties":{"n":"Saraiya (CT)","c":252657,"d":"Rohtas","s":"BIHAR"}},{"arcs":[[-87,-3786,-4849,-379]],"type":"Polygon","properties":{"n":"Sarawan","c":251005,"d":"Rohtas","s":"BIHAR"}},{"arcs":[[-5194,-2048,-4456,-3262,-3243,-2718,-1778]],"type":"Polygon","properties":{"n":"Sarawan","c":252484,"d":"Rohtas","s":"BIHAR"}},{"arcs":[[-5479,-5124,-4341]],"type":"Polygon","properties":{"n":"Sarbanand Dehri","c":251346,"d":"Rohtas","s":"BIHAR"}},{"arcs":[[-3810,-5409,-3279,-239,-3904,-780,-3289]],"type":"Polygon","properties":{"n":"Sarea","c":251778,"d":"Rohtas","s":"BIHAR"}},{"arcs":[[-3319,-5278,-5208,-4584,-5013,5497]],"type":"Polygon","properties":{"n":"Sareya","c":250652,"d":"Rohtas","s":"BIHAR"}},{"arcs":[[-1157,5498,-2256,-5164,-3575,-3188]],"type":"Polygon","properties":{"n":"Sosna","c":251686,"d":"Rohtas","s":"BIHAR"}},{"arcs":[[-4122,-4000,-4916,-4205,-4256,-4903]],"type":"Polygon","properties":{"n":"Saroser","c":250782,"d":"Rohtas","s":"BIHAR"}},{"arcs":[[-2377,5499,-2549,-3356,-4661,5500]],"type":"Polygon","properties":{"n":"Sorath","c":250769,"d":"Rohtas","s":"BIHAR"}},{"arcs":[[5501,-4368,-1820,-1245,-2329]],"type":"Polygon","properties":{"n":"Isarpura","c":250835,"d":"Rohtas","s":"BIHAR"}},{"arcs":[[-1333,-4376,-3843,-4378,-1952,-3856,-5289]],"type":"Polygon","properties":{"n":"Sasaram (Nagar Parishad)","c":801397,"d":"Rohtas","s":"BIHAR"}},{"arcs":[[-597,-2853,-5485,-3974,-763,-1752,5502]],"type":"Polygon","properties":{"n":"Satasa","c":250716,"d":"Rohtas","s":"BIHAR"}},{"arcs":[[-4090,5503,5504,-1562,-2842,-4559,5505]],"type":"Polygon","properties":{"n":"Sotawan","c":251592,"d":"Rohtas","s":"BIHAR"}},{"arcs":[[5506,-4753,-5491,5507,5508]],"type":"Polygon","properties":{"n":"Saunja","c":252230,"d":"Rohtas","s":"BIHAR"}},{"arcs":[[-4087,-5186,5509,5510,5511,-766]],"type":"Polygon","properties":{"n":"Semaria Kanak","c":251811,"d":"Rohtas","s":"BIHAR"}},{"arcs":[[-4061,5512,-5262,5513]],"type":"Polygon","properties":{"n":"Semariya","c":251177,"d":"Rohtas","s":"BIHAR"}},{"arcs":[[-4754,-5507,5514,-4037,5515,5516]],"type":"Polygon","properties":{"n":"Semri Patak","c":252207,"d":"Rohtas","s":"BIHAR"}},{"arcs":[[5517,5518,-1661,-1551,-1441,5519,-1373]],"type":"Polygon","properties":{"n":"Semri","c":250860,"d":"Rohtas","s":"BIHAR"}},{"arcs":[[5520,-5518,-1376,5521,5522,5523]],"type":"Polygon","properties":{"n":"Semri Dih","c":250861,"d":"Rohtas","s":"BIHAR"}},{"arcs":[[-1177,-503,-5283,-3526,-2662,-5141,-5143,5524]],"type":"Polygon","properties":{"n":"Semri","c":251053,"d":"Rohtas","s":"BIHAR"}},{"arcs":[[-1864,-4755,-5517,5525,5526]],"type":"Polygon","properties":{"n":"Semri Nagi","c":252206,"d":"Rohtas","s":"BIHAR"}},{"arcs":[[5527,-4878,-543,-1906,-865,-707,-5050,-3687,5528,5529]],"type":"Polygon","properties":{"n":"Senduwar","c":251839,"d":"Rohtas","s":"BIHAR"}},{"arcs":[[5530,-5400,5531,-1665,-5005,-3562]],"type":"Polygon","properties":{"n":"Gangapur","c":252014,"d":"Rohtas","s":"BIHAR"}},{"arcs":[[-4033,-5515,-5509,5532,-4680,-4597,-1031,-806,-2374]],"type":"Polygon","properties":{"n":"Senuwar","c":252215,"d":"Rohtas","s":"BIHAR"}},{"arcs":[[-914,-4736,5533,-5167]],"type":"Polygon","properties":{"n":"Seua","c":252611,"d":"Rohtas","s":"BIHAR"}},{"arcs":[[-1501,-5307,5534,-5178,-4756,-4738,-1622,5535,-4676]],"type":"Polygon","properties":{"n":"Sewahi","c":252600,"d":"Rohtas","s":"BIHAR"}},{"arcs":[[-5489,5536,5537,-5174,5538,-3429,-2169,-4469,5539]],"type":"Polygon","properties":{"n":"Sewati","c":252236,"d":"Rohtas","s":"BIHAR"}},{"arcs":[[5540,-4642,-2668,-4980,-2969]],"type":"Polygon","properties":{"n":"Shah Parasi","c":251368,"d":"Rohtas","s":"BIHAR"}},{"arcs":[[5541,-142,-4114]],"type":"Polygon","properties":{"n":"Shahababad","c":251646,"d":"Rohtas","s":"BIHAR"}},{"arcs":[[-4447,-4115,5542,-1825,-692,-5471,-1125,-5470,-3853,-5113]],"type":"Polygon","properties":{"n":"Shahar","c":251656,"d":"Rohtas","s":"BIHAR"}},{"arcs":[[-1922,-5158,-3553,-2460,-2843]],"type":"Polygon","properties":{"n":"Shahpur","c":252587,"d":"Rohtas","s":"BIHAR"}},{"arcs":[[5543,-740,5544,5545,-2367,-1808,-3240,-5366,-4490]],"type":"Polygon","properties":{"n":"Shahpur","c":252103,"d":"Rohtas","s":"BIHAR"}},{"arcs":[[-5130,-912,-4722,5546,-174,-4617,-2291]],"type":"Polygon","properties":{"n":"Shankarpur","c":251408,"d":"Rohtas","s":"BIHAR"}},{"arcs":[[-1919,5547,-1399,5548,5549,5550]],"type":"Polygon","properties":{"n":"Shankarpur","c":252589,"d":"Rohtas","s":"BIHAR"}},{"arcs":[[5551,5552,-1865,-5527,5553,5554,-2351,-520,-4187,-4553]],"type":"Polygon","properties":{"n":"Chor","c":252264,"d":"Rohtas","s":"BIHAR"}},{"arcs":[[5555,5556,5557,-529]],"type":"Polygon","properties":{"n":"Shergarh","c":252028,"d":"Rohtas","s":"BIHAR"}},{"arcs":[[-2406,-2140,-2631,-137,-1057]],"type":"Polygon","properties":{"n":"Sherpur","c":252520,"d":"Rohtas","s":"BIHAR"}},{"arcs":[[5558,-5461,5559,5560]],"type":"Polygon","properties":{"n":"Shikohabad","c":251767,"d":"Rohtas","s":"BIHAR"}},{"arcs":[[-5417,5561,-2075,5562]],"type":"Polygon","properties":{"n":"Shivpur Chitauli","c":252316,"d":"Rohtas","s":"BIHAR"}},{"arcs":[[-1015,-3644,-1787,5563]],"type":"Polygon","properties":{"n":"Shivpur","c":251565,"d":"Rohtas","s":"BIHAR"}},{"arcs":[[-4715,5564,-63,-895,-3167]],"type":"Polygon","properties":{"n":"Shiwpur","c":252538,"d":"Rohtas","s":"BIHAR"}},{"arcs":[[-5107,-2700,5565,-3650,-2434,-5385,-5259]],"type":"Polygon","properties":{"n":"Shiwa Bahar","c":251124,"d":"Rohtas","s":"BIHAR"}},{"arcs":[[5566,5567,-3144,-4270,5568,-3867,-4773]],"type":"Polygon","properties":{"n":"Shiwpur","c":251206,"d":"Rohtas","s":"BIHAR"}},{"arcs":[[-3298,5569,-2338,-5011,-4582,-2640,5570]],"type":"Polygon","properties":{"n":"Shiwpur","c":250640,"d":"Rohtas","s":"BIHAR"}},{"arcs":[[5571,5572,-1635,-2489,-5149]],"type":"Polygon","properties":{"n":"Shukulpura","c":251761,"d":"Rohtas","s":"BIHAR"}},{"arcs":[[-2052,-2165,-971,-210,-5033,-5172,5573,-5275,-3291,5574,-1398,-4266,-1893]],"type":"Polygon","properties":{"n":"Sianwak","c":251476,"d":"Rohtas","s":"BIHAR"}},{"arcs":[[-1934,-3111,-5188,5575,-4876,5576,-4874,-5135,5577,-4560,-2840]],"type":"Polygon","properties":{"n":"Sisrit","c":251550,"d":"Rohtas","s":"BIHAR"}},{"arcs":[[-3148,-1749,-4860,-3868,-5569,-4271]],"type":"Polygon","properties":{"n":"Siarua","c":251207,"d":"Rohtas","s":"BIHAR"}},{"arcs":[[-1119,-1003,-4692,-3544,-4811,5578,5579,-4545]],"type":"Polygon","properties":{"n":"Siaruwa","c":251527,"d":"Rohtas","s":"BIHAR"}},{"arcs":[[5580,5581,-1576,-4627,5582,5583]],"type":"Polygon","properties":{"n":"Sisirta","c":251578,"d":"Rohtas","s":"BIHAR"}},{"arcs":[[-4700,-70,-2472,-4706,-2992,5584]],"type":"Polygon","properties":{"n":"Sidhauli","c":252554,"d":"Rohtas","s":"BIHAR"}},{"arcs":[[-2410,-4071,5585,-2827]],"type":"Polygon","properties":{"n":"Sigthi","c":252305,"d":"Rohtas","s":"BIHAR"}},{"arcs":[[-4921,-3762,5586,-1560,5587,5588]],"type":"Polygon","properties":{"n":"Sihaldeh","c":252071,"d":"Rohtas","s":"BIHAR"}},{"arcs":[[-3219,-4816,-4499,-2417,5589]],"type":"Polygon","properties":{"n":"Sikandarpur","c":252295,"d":"Rohtas","s":"BIHAR"}},{"arcs":[[-426,-5244,5590,-5184,5591,5592,-2307,5593,5594]],"type":"Polygon","properties":{"n":"Sikaria","c":251400,"d":"Rohtas","s":"BIHAR"}},{"arcs":[[5595,-5156,-1920,-5551,-3876]],"type":"Polygon","properties":{"n":"Sikaria","c":252590,"d":"Rohtas","s":"BIHAR"}},{"arcs":[[-2308,-5593,5596,-415,-3442,5597,-3958,-5419]],"type":"Polygon","properties":{"n":"Sikaria English","c":251399,"d":"Rohtas","s":"BIHAR"}},{"arcs":[[-1326,-1218,-1335,-5288,5598,-4304,-4528,-3572,-4821,-4576,-5155,-4929,-3870]],"type":"Polygon","properties":{"n":"Sikaria","c":252335,"d":"Rohtas","s":"BIHAR"}},{"arcs":[[5599,-1005,-2723]],"type":"Polygon","properties":{"n":"Sikati","c":251499,"d":"Rohtas","s":"BIHAR"}},{"arcs":[[-2076,-5562,-5416,-5326,-2449,5600]],"type":"Polygon","properties":{"n":"Sikrauli","c":252192,"d":"Rohtas","s":"BIHAR"}},{"arcs":[[-374,5601,-4555,-3949,-931,5602,-4502,-2855,5603,5604]],"type":"Polygon","properties":{"n":"Sikraur","c":252253,"d":"Rohtas","s":"BIHAR"}},{"arcs":[[-5202,-1238,-5425,5605,-5110,-856,5606,-1609,-1577,5607]],"type":"Polygon","properties":{"n":"Silari","c":252109,"d":"Rohtas","s":"BIHAR"}},{"arcs":[[-1507,-2897,-1738]],"type":"Polygon","properties":{"n":"Silauta","c":251214,"d":"Rohtas","s":"BIHAR"}},{"arcs":[[5608,-2368,-5546]],"type":"Polygon","properties":{"n":"Singhpur","c":252102,"d":"Rohtas","s":"BIHAR"}},{"arcs":[[5609,-1227,-4931,-5154,-43]],"type":"Polygon","properties":{"n":"Singuhi","c":252324,"d":"Rohtas","s":"BIHAR"}},{"arcs":[[-1469,-4561,-5578,-5136,-5133,5610]],"type":"Polygon","properties":{"n":"Singwa Dharampur","c":251543,"d":"Rohtas","s":"BIHAR"}},{"arcs":[[-797,5611,-3479,5612,5613,-3008,-3187]],"type":"Polygon","properties":{"n":"Siri","c":251718,"d":"Rohtas","s":"BIHAR"}},{"arcs":[[-3324,5614,-2786,-1680]],"type":"Polygon","properties":{"n":"Sirikantpur","c":251111,"d":"Rohtas","s":"BIHAR"}},{"arcs":[[-4232,-2874,5615,-3209,5616]],"type":"Polygon","properties":{"n":"Sirkhinda","c":251602,"d":"Rohtas","s":"BIHAR"}},{"arcs":[[-2206,-5210,-5279,-4365]],"type":"Polygon","properties":{"n":"Sirpalpur","c":250651,"d":"Rohtas","s":"BIHAR"}},{"arcs":[[5617,-3014,5618,-3803,-1140,-3802,-4278,5619,5620]],"type":"Polygon","properties":{"n":"Shiwapur","c":251631,"d":"Rohtas","s":"BIHAR"}},{"arcs":[[-2509,5621,-5504,-4089]],"type":"Polygon","properties":{"n":"Sitalpur","c":251593,"d":"Rohtas","s":"BIHAR"}},{"arcs":[[-5187,-347,-3015,-5618,5622,-5620,-4282,-5332,-5284,-143,-5542,-4113,5623,-4770,5624,5625,-5510]],"type":"Polygon","properties":{"n":"Siwan","c":251629,"d":"Rohtas","s":"BIHAR"}},{"arcs":[[5626,5627,-5301,-1556,-2134,-3066,5628,-2877,5629,-4234]],"type":"Polygon","properties":{"n":"Nokha (NP)","c":801396,"d":"Rohtas","s":"BIHAR"}},{"arcs":[[-2794,-602,-4127,-5035,-5220,5630]],"type":"Polygon","properties":{"n":"Sohan Chak","c":252003,"d":"Rohtas","s":"BIHAR"}},{"arcs":[[5631,-5448,-5197,-5125,5632]],"type":"Polygon","properties":{"n":"Sohasa","c":250684,"d":"Rohtas","s":"BIHAR"}},{"arcs":[[-4412,-1513,-2362,-3233,5633,-266,5634,-1480]],"type":"Polygon","properties":{"n":"Sohda","c":251340,"d":"Rohtas","s":"BIHAR"}},{"arcs":[[-5080,-3155,-892,-1772,-2046]],"type":"Polygon","properties":{"n":"Sahgi","c":251453,"d":"Rohtas","s":"BIHAR"}},{"arcs":[[-4824,-3838,5635,5636]],"type":"Polygon","properties":{"n":"Shahpur","c":251257,"d":"Rohtas","s":"BIHAR"}},{"arcs":[[5637,-5081,-2045,-1440,-5390]],"type":"Polygon","properties":{"n":"Sohra","c":251449,"d":"Rohtas","s":"BIHAR"}},{"arcs":[[5638,-4373,-759,5639,5640]],"type":"Polygon","properties":{"n":"Sohwalia Kalan","c":251674,"d":"Rohtas","s":"BIHAR"}},{"arcs":[[-2632,-5016,-491,5641,-4357]],"type":"Polygon","properties":{"n":"Sonadih","c":251862,"d":"Rohtas","s":"BIHAR"}},{"arcs":[[-5235,-2116,-2027,-1318,5642,-3428,-5539,-5173,-819,-4686,-4506,-1602,-5044,-4580]],"type":"Polygon","properties":{"n":"Sonahar","c":252247,"d":"Rohtas","s":"BIHAR"}},{"arcs":[[-173,-5168,-5534,-4735,5643]],"type":"Polygon","properties":{"n":"Sonaura","c":252612,"d":"Rohtas","s":"BIHAR"}},{"arcs":[[-4151,5644,-967,-4493,-5040,5645,-3596,-627]],"type":"Polygon","properties":{"n":"Sondihra","c":252133,"d":"Rohtas","s":"BIHAR"}},{"arcs":[[-4572,-4822,-3570,-1081,-5440]],"type":"Polygon","properties":{"n":"Songawan","c":252460,"d":"Rohtas","s":"BIHAR"}},{"arcs":[[5646,-3807,5647,5648]],"type":"Polygon","properties":{"n":"Soni","c":251794,"d":"Rohtas","s":"BIHAR"}},{"arcs":[[5649,-2259,-2023,-3191,-2752]],"type":"Polygon","properties":{"n":"Sonpura","c":252640,"d":"Rohtas","s":"BIHAR"}},{"arcs":[[-4896,-4296,-4177,-5269]],"type":"Polygon","properties":{"n":"Sansar  Dehri","c":251309,"d":"Rohtas","s":"BIHAR"}},{"arcs":[[-5501,-4660,-321,5650,-3892,-2378]],"type":"Polygon","properties":{"n":"Sorathi","c":250768,"d":"Rohtas","s":"BIHAR"}},{"arcs":[[-2939,5651,-3543,5652,-4978,5653]],"type":"Polygon","properties":{"n":"Suara","c":251153,"d":"Rohtas","s":"BIHAR"}},{"arcs":[[-5372,-1914,-5442,-2303]],"type":"Polygon","properties":{"n":"Suara","c":252568,"d":"Rohtas","s":"BIHAR"}},{"arcs":[[-4316,-4346,-2221,-564,-3451,-827,-4473,-5383,-567]],"type":"Polygon","properties":{"n":"Suara","c":251495,"d":"Rohtas","s":"BIHAR"}},{"arcs":[[-62,-1264,5654,-5541,-2968,-871]],"type":"Polygon","properties":{"n":"Subiya","c":251282,"d":"Rohtas","s":"BIHAR"}},{"arcs":[[-4352,-2272,-1300,5655]],"type":"Polygon","properties":{"n":"Suggikhoh","c":252037,"d":"Rohtas","s":"BIHAR"}},{"arcs":[[-3674,-5118,-3330,-2512,-3118,-1542,-3169]],"type":"Polygon","properties":{"n":"Sughari","c":251100,"d":"Rohtas","s":"BIHAR"}},{"arcs":[[-4825,-5637,5656,-1074,5657,-1474]],"type":"Polygon","properties":{"n":"Sugibal","c":251256,"d":"Rohtas","s":"BIHAR"}},{"arcs":[[-5520,-1452,5658,5659,-1374]],"type":"Polygon","properties":{"n":"Sujanpur","c":250863,"d":"Rohtas","s":"BIHAR"}},{"arcs":[[-5549,-1405,-4649,-3878,5660]],"type":"Polygon","properties":{"n":"Sujanpur","c":252582,"d":"Rohtas","s":"BIHAR"}},{"arcs":[[-3649,-888,-4671,5661,-200,-2703,-2201]],"type":"Polygon","properties":{"n":"Sukhara","c":251373,"d":"Rohtas","s":"BIHAR"}},{"arcs":[[-1841,-2576,-2388,-5586,-4070,5662,-3670,-4135]],"type":"Polygon","properties":{"n":"Sukuhin","c":252303,"d":"Rohtas","s":"BIHAR"}},{"arcs":[[-3031,-4068,-105,-3580,-1783,-3643]],"type":"Polygon","properties":{"n":"Sumbha","c":252384,"d":"Rohtas","s":"BIHAR"}},{"arcs":[[-4462,-103,-3882,-3231,5663]],"type":"Polygon","properties":{"n":"Sumbha","c":252351,"d":"Rohtas","s":"BIHAR"}},{"arcs":[[-2432,-496,-2806,-2543,-4483,5664]],"type":"Polygon","properties":{"n":"Sundar","c":251088,"d":"Rohtas","s":"BIHAR"}},{"arcs":[[-5384,-4437,-4657,5665]],"type":"Polygon","properties":{"n":"Sunderpur","c":250706,"d":"Rohtas","s":"BIHAR"}},{"arcs":[[5666,-3952,-2279,-5320,-1615]],"type":"Polygon","properties":{"n":"Supa Sarae","c":252635,"d":"Rohtas","s":"BIHAR"}},{"arcs":[[-3323,-1089,-166,-745,-4062,-5514,-5261,-4423,-2787,-5615]],"type":"Polygon","properties":{"n":"Surajpura","c":251110,"d":"Rohtas","s":"BIHAR"}},{"arcs":[[-3619,-1682,-2791,5667,5668,-51,-1847]],"type":"Polygon","properties":{"n":"Surhuriya","c":251117,"d":"Rohtas","s":"BIHAR"}},{"arcs":[[-1324,-5430,-4645,5669,-4510,5670]],"type":"Polygon","properties":{"n":"Surtapur","c":250812,"d":"Rohtas","s":"BIHAR"}},{"arcs":[[-5600,-5465,5671,-1558,-5303,5672,-192,-4693]],"type":"Polygon","properties":{"n":"Susari","c":251500,"d":"Rohtas","s":"BIHAR"}},{"arcs":[[5673,-4300,-1948,-4831]],"type":"Polygon","properties":{"n":"Takia","c":252360,"d":"Rohtas","s":"BIHAR"}},{"arcs":[[-5432,5674,5675,-1569,-4077]],"type":"Polygon","properties":{"n":"Talia","c":251708,"d":"Rohtas","s":"BIHAR"}},{"arcs":[[-4651,-5122,-441,-3988,-5299]],"type":"Polygon","properties":{"n":"TAMDI KHAP","c":251535,"d":"Rohtas","s":"BIHAR"}},{"arcs":[[-5076,5676,-4549,-2183,5677]],"type":"Polygon","properties":{"n":"Tanrwa","c":252544,"d":"Rohtas","s":"BIHAR"}},{"arcs":[[-4065,-263,-4985,-3501,-724,-5263,-5513,-4060]],"type":"Polygon","properties":{"n":"Tenua","c":251173,"d":"Rohtas","s":"BIHAR"}},{"arcs":[[-3966,-4102,-5120,-4790,-5010,5678,-3131,-4909]],"type":"Polygon","properties":{"n":"Tanuaj","c":251012,"d":"Rohtas","s":"BIHAR"}},{"arcs":[[-3110,-2983,-5195,-2682]],"type":"Polygon","properties":{"n":"Tarar","c":251583,"d":"Rohtas","s":"BIHAR"}},{"arcs":[[-470,-5222,-3071,-2963,-2721,-5280,5679,-4719]],"type":"Polygon","properties":{"n":"Tarawan","c":251472,"d":"Rohtas","s":"BIHAR"}},{"arcs":[[-4901,5680,-5590,-2416]],"type":"Polygon","properties":{"n":"Tar Dih","c":252296,"d":"Rohtas","s":"BIHAR"}},{"arcs":[[-1481,-5635,-265]],"type":"Polygon","properties":{"n":"Tarwa","c":251342,"d":"Rohtas","s":"BIHAR"}},{"arcs":[[-230,-3968,-4908,-4913,-4393,-4323]],"type":"Polygon","properties":{"n":"Tekanpura","c":251166,"d":"Rohtas","s":"BIHAR"}},{"arcs":[[-3653,-4240,-2452,-5330]],"type":"Polygon","properties":{"n":"Telara","c":252168,"d":"Rohtas","s":"BIHAR"}},{"arcs":[[-5350,5681,5682,5683]],"type":"Polygon","properties":{"n":"Telari","c":251914,"d":"Rohtas","s":"BIHAR"}},{"arcs":[[-5339,-3860,-3632,5684,-4006]],"type":"Polygon","properties":{"n":"Telkap (CT)","c":252695,"d":"Rohtas","s":"BIHAR"}},{"arcs":[[-3251,-3599,5685,-3833,-5327,-3782,5686]],"type":"Polygon","properties":{"n":"Tendua","c":251521,"d":"Rohtas","s":"BIHAR"}},{"arcs":[[-2522,-5024,-1916,-5373,-2262,-4508,5687]],"type":"Polygon","properties":{"n":"Tendua Dusadhi","c":252559,"d":"Rohtas","s":"BIHAR"}},{"arcs":[[-5281,-718,-3727,-3247,-5392]],"type":"Polygon","properties":{"n":"Tendubahar","c":252481,"d":"Rohtas","s":"BIHAR"}},{"arcs":[[5688,-5529,-3686,-5344,-922,-5483,-3985,-3]],"type":"Polygon","properties":{"n":"Tenduni","c":251824,"d":"Rohtas","s":"BIHAR"}},{"arcs":[[5689,-5346,5690,-4990,5691,-2539]],"type":"Polygon","properties":{"n":"Tenduni","c":251918,"d":"Rohtas","s":"BIHAR"}},{"arcs":[[-2596,-4982,-1144,-1735]],"type":"Polygon","properties":{"n":"Parariya","c":251216,"d":"Rohtas","s":"BIHAR"}},{"arcs":[[5692,5693,-5530,-5689,-2]],"type":"Polygon","properties":{"n":"Tenduwa","c":251838,"d":"Rohtas","s":"BIHAR"}},{"arcs":[[5694,-1563,-5505,-5622,-2508]],"type":"Polygon","properties":{"n":"Tendua","c":251594,"d":"Rohtas","s":"BIHAR"}},{"arcs":[[-4486,-4688,-452,-1667,5695,-5296,-552,-4959]],"type":"Polygon","properties":{"n":"Tengra","c":252033,"d":"Rohtas","s":"BIHAR"}},{"arcs":[[-2928,5696,-3711,-3647,-3184,5697]],"type":"Polygon","properties":{"n":"Tenua","c":251384,"d":"Rohtas","s":"BIHAR"}},{"arcs":[[5698,-5151,-5447,-2487,-4395,-4358,-5642,-490]],"type":"Polygon","properties":{"n":"Tenua","c":251863,"d":"Rohtas","s":"BIHAR"}},{"arcs":[[-1060,-4829,-3909,5699]],"type":"Polygon","properties":{"n":"Tenua  Khurd","c":252514,"d":"Rohtas","s":"BIHAR"}},{"arcs":[[-4276,-2621,-1409,5700,-3087,-3035]],"type":"Polygon","properties":{"n":"Tenuvath","c":250877,"d":"Rohtas","s":"BIHAR"}},{"arcs":[[-1805,-5251,5701,-902,-1710,-4427]],"type":"Polygon","properties":{"n":"Tetarhar","c":250849,"d":"Rohtas","s":"BIHAR"}},{"arcs":[[-4388,-4441,-2802,-4817,-2689,-4600]],"type":"Polygon","properties":{"n":"Tetari","c":251975,"d":"Rohtas","s":"BIHAR"}},{"arcs":[[-18,5702,5703,-5138,-669]],"type":"Polygon","properties":{"n":"Tetaria","c":250722,"d":"Rohtas","s":"BIHAR"}},{"arcs":[[-3912,5704,-559,-2220,-4345,5705]],"type":"Polygon","properties":{"n":"Tetrarh","c":252495,"d":"Rohtas","s":"BIHAR"}},{"arcs":[[5706,-5059,-4011,-115]],"type":"Polygon","properties":{"n":"Tetrarh","c":251836,"d":"Rohtas","s":"BIHAR"}},{"arcs":[[-4956,-635,-3753,-4758,-4298,5707]],"type":"Polygon","properties":{"n":"Tetari","c":252357,"d":"Rohtas","s":"BIHAR"}},{"arcs":[[-5643,-1317,-4170,-3060,-4470,-2167]],"type":"Polygon","properties":{"n":"Thanuan","c":252240,"d":"Rohtas","s":"BIHAR"}},{"arcs":[[-4591,-607,-4741,-2113,-2637]],"type":"Polygon","properties":{"n":"Tilauthu Arazi","c":252622,"d":"Rohtas","s":"BIHAR"}},{"arcs":[[-3478,5708,-3466,5709,-5613]],"type":"Polygon","properties":{"n":"Thorsan","c":251720,"d":"Rohtas","s":"BIHAR"}},{"arcs":[[5710,-1170,5711,5712,-5265,-4459,-5378,-5412]],"type":"Polygon","properties":{"n":"Thorsan","c":251784,"d":"Rohtas","s":"BIHAR"}},{"arcs":[[-2429,5713,-4105,-2178,-4612]],"type":"Polygon","properties":{"n":"Thumhia","c":251317,"d":"Rohtas","s":"BIHAR"}},{"arcs":[[5714,-741,-5544,-4489,-4939]],"type":"Polygon","properties":{"n":"Thummha","c":252694,"d":"Rohtas","s":"BIHAR"}},{"arcs":[[5715,-4361,-3312,-2537,-4496]],"type":"Polygon","properties":{"n":"Thunhi","c":251991,"d":"Rohtas","s":"BIHAR"}},{"arcs":[[5716,-4942,5717,5718]],"type":"Polygon","properties":{"n":" ","c":252047,"d":"Rohtas","s":"BIHAR"}},{"arcs":[[-3689,-3927,-5476,5719,-4027,-5345]],"type":"Polygon","properties":{"n":"Tikari","c":251849,"d":"Rohtas","s":"BIHAR"}},{"arcs":[[-4274,-1382,-4169,-5324]],"type":"Polygon","properties":{"n":"Tiki Dihara","c":252177,"d":"Rohtas","s":"BIHAR"}},{"arcs":[[-2397,5720,-5310,-3787]],"type":"Polygon","properties":{"n":"Tikra","c":252475,"d":"Rohtas","s":"BIHAR"}},{"arcs":[[-3989,-443,-1352,5721,-4748,-3252,-5687,-3781,-1713,-3780,-1981]],"type":"Polygon","properties":{"n":"Tilai","c":251530,"d":"Rohtas","s":"BIHAR"}},{"arcs":[[-5317,5722,-3873,-3377,5723,-2514,-3329]],"type":"Polygon","properties":{"n":"Tilakpura","c":251104,"d":"Rohtas","s":"BIHAR"}},{"arcs":[[-5644,-4734,5724,-5497,5725,-4592,-2638,-2111,-5177,-170]],"type":"Polygon","properties":{"n":"Tilauthu","c":252625,"d":"Rohtas","s":"BIHAR"}},{"arcs":[[-4766,5726,-4637,5727,-2607,5728,5729]],"type":"Polygon","properties":{"n":"Tilkapur","c":251745,"d":"Rohtas","s":"BIHAR"}},{"arcs":[[5730,-5146,-3898,-5102]],"type":"Polygon","properties":{"n":"Tilokhar","c":252058,"d":"Rohtas","s":"BIHAR"}},{"arcs":[[-4769,-5487,-5463]],"type":"Polygon","properties":{"n":"Tilokpur","c":251750,"d":"Rohtas","s":"BIHAR"}},{"arcs":[[-203,-5131,-2289,-5441,-281]],"type":"Polygon","properties":{"n":"Tilsa","c":251404,"d":"Rohtas","s":"BIHAR"}},{"arcs":[[-4475,-3760,-632,-2573,5731]],"type":"Polygon","properties":{"n":"Tipa","c":252075,"d":"Rohtas","s":"BIHAR"}},{"arcs":[[-422,-1380,5732,-5395,-5446,-3754]],"type":"Polygon","properties":{"n":"Tirgunpur","c":250696,"d":"Rohtas","s":"BIHAR"}},{"arcs":[[-4933,-5211,-2674]],"type":"Polygon","properties":{"n":"Tirlokdehri","c":250654,"d":"Rohtas","s":"BIHAR"}},{"arcs":[[-1265,-60,-4872,-2926,-2068]],"type":"Polygon","properties":{"n":"Tirma Chaughadi","c":251284,"d":"Rohtas","s":"BIHAR"}},{"arcs":[[-2837,-2967,-514,-2702,5733]],"type":"Polygon","properties":{"n":"Titho","c":251371,"d":"Rohtas","s":"BIHAR"}},{"arcs":[[-796,-4440,5734,-5103,-3896,-5224]],"type":"Polygon","properties":{"n":"Tiura","c":252060,"d":"Rohtas","s":"BIHAR"}},{"arcs":[[-5117,5735,-5719,5736,-4819]],"type":"Polygon","properties":{"n":" ","c":252046,"d":"Rohtas","s":"BIHAR"}},{"arcs":[[-66,-2407,-1055,-5700,-3908,-896]],"type":"Polygon","properties":{"n":"Tewari  Dih","c":252516,"d":"Rohtas","s":"BIHAR"}},{"arcs":[[-1643,-1685,-1259,-5371,-5025,-4225]],"type":"Polygon","properties":{"n":"Tiwari Dih","c":252418,"d":"Rohtas","s":"BIHAR"}},{"arcs":[[-5061,-2711,-1053,5737,5738]],"type":"Polygon","properties":{"n":"Tora","c":250934,"d":"Rohtas","s":"BIHAR"}},{"arcs":[[-305,5739,-3664,5740,5741,-5426,-3682]],"type":"Polygon","properties":{"n":"Torana","c":252152,"d":"Rohtas","s":"BIHAR"}},{"arcs":[[5742,-3827,-3629,-5334]],"type":"Polygon","properties":{"n":"Tumba","c":252658,"d":"Rohtas","s":"BIHAR"}},{"arcs":[[-4721,5743,-175,-5547]],"type":"Polygon","properties":{"n":"Turkaulia","c":251410,"d":"Rohtas","s":"BIHAR"}},{"arcs":[[-3109,-1834,5744,-572,-4320]],"type":"Polygon","properties":{"n":"Turki","c":250944,"d":"Rohtas","s":"BIHAR"}},{"arcs":[[-5745,-1833,-480,-1484,-4711,-3794,-5380,-573]],"type":"Polygon","properties":{"n":"Ubdhi","c":250759,"d":"Rohtas","s":"BIHAR"}},{"arcs":[[5745,-2352,-5555,5746]],"type":"Polygon","properties":{"n":"Uchauli","c":252265,"d":"Rohtas","s":"BIHAR"}},{"arcs":[[-5674,-4837,-4951,-4957,-5708,-4297]],"type":"Polygon","properties":{"n":"Uchitpur","c":252363,"d":"Rohtas","s":"BIHAR"}},{"arcs":[[-5437,-3019,-1888,-1895,-4269,-5466,-2599,-2724,-1122]],"type":"Polygon","properties":{"n":"Udaipur","c":251504,"d":"Rohtas","s":"BIHAR"}},{"arcs":[[-404,-4717,5747,-5420,-3132,-5679]],"type":"Polygon","properties":{"n":"Udayabhanpur","c":250883,"d":"Rohtas","s":"BIHAR"}},{"arcs":[[-2774,-97,-4465,-408,-4737]],"type":"Polygon","properties":{"n":"Udhopur","c":252349,"d":"Rohtas","s":"BIHAR"}},{"arcs":[[5748,-4885,-3309,-4360,-5716,-4498,-4405,-1492,-4987,-4186]],"type":"Polygon","properties":{"n":"Urda","c":251989,"d":"Rohtas","s":"BIHAR"}},{"arcs":[[-3564,-5004,-1686,5749,-4948,-2175,5750]],"type":"Polygon","properties":{"n":"Ugahni","c":252017,"d":"Rohtas","s":"BIHAR"}},{"arcs":[[-4636,-2608,-5728]],"type":"Polygon","properties":{"n":"Ugarsenpur","c":251744,"d":"Rohtas","s":"BIHAR"}},{"arcs":[[-4701,-5585,-2996,-613,-846]],"type":"Polygon","properties":{"n":"Ugra","c":252532,"d":"Rohtas","s":"BIHAR"}},{"arcs":[[-3175,-2541,-4995,5751,-4157,-4894,-4564,5752]],"type":"Polygon","properties":{"n":"Ubhawan","c":251929,"d":"Rohtas","s":"BIHAR"}},{"arcs":[[-1061,-3216,-5681,-4902,-4454]],"type":"Polygon","properties":{"n":"Ulho","c":252290,"d":"Rohtas","s":"BIHAR"}},{"arcs":[[-1689,5753,-5556,-528,-2297]],"type":"Polygon","properties":{"n":"Urdaga","c":252029,"d":"Rohtas","s":"BIHAR"}},{"arcs":[[-3990,-1979,-5342]],"type":"Polygon","properties":{"n":"Uruwa","c":251537,"d":"Rohtas","s":"BIHAR"}},{"arcs":[[-1570,-5676,5754,-2257,-5499,-1156]],"type":"Polygon","properties":{"n":"Usana","c":251688,"d":"Rohtas","s":"BIHAR"}},{"arcs":[[-2090,-5386,-5665,-4482]],"type":"Polygon","properties":{"n":"Usari","c":251089,"d":"Rohtas","s":"BIHAR"}},{"arcs":[[-5579,-4810,-3830,5755]],"type":"Polygon","properties":{"n":"Usra","c":251523,"d":"Rohtas","s":"BIHAR"}},{"arcs":[[5756,-2375,-216,-3821,5757]],"type":"Polygon","properties":{"n":"Usrawan","c":250794,"d":"Rohtas","s":"BIHAR"}},{"arcs":[[5758,-5758,-3824,-4199,-1717,-575,-3403]],"type":"Polygon","properties":{"n":"Usrawan","c":250793,"d":"Rohtas","s":"BIHAR"}},{"arcs":[[-1009,-1201,-1247,-5488,-2816]],"type":"Polygon","properties":{"n":"Uttimpur Haraha","c":252320,"d":"Rohtas","s":"BIHAR"}},{"arcs":[[-5621,-5623]],"type":"Polygon","properties":{"n":"Patkha","c":251630,"d":"Rohtas","s":"BIHAR"}},{"arcs":[[-1548,-5180,-3074]],"type":"Polygon","properties":{"n":"Wojhaulia","c":252575,"d":"Rohtas","s":"BIHAR"}},{"arcs":[[-4203,-3379,5759,-2335]],"type":"Polygon","properties":{"n":"Wojhwalia","c":250645,"d":"Rohtas","s":"BIHAR"}},{"arcs":[[-2932,-3957,5760,-3443,-2039,-885,-3712,-5697]],"type":"Polygon","properties":{"n":"Zorawarpur","c":251380,"d":"Rohtas","s":"BIHAR"}},{"arcs":[[-3129,-554,-1986,-2125,-986,-848]],"type":"Polygon","properties":{"n":"Zorawarpur","c":252527,"d":"Rohtas","s":"BIHAR"}},{"arcs":[[-5369,-4611,-244,-3638]],"type":"Polygon","properties":{"n":"Amra","c":252672,"d":"Rohtas","s":"BIHAR"}},{"arcs":[[-5496,-1338,-5070,-1128,-4590,-5298,-4593,-5726]],"type":"Polygon","properties":{"n":"Amra","c":252628,"d":"Rohtas","s":"BIHAR"}},{"arcs":[[-5710,-3465,5761,-4409,-3009,-5614]],"type":"Polygon","properties":{"n":"Bagahi","c":251719,"d":"Rohtas","s":"BIHAR"}},{"arcs":[[-5410,-3808,-5647,5762]],"type":"Polygon","properties":{"n":"Bagahi","c":251792,"d":"Rohtas","s":"BIHAR"}},{"arcs":[[-376,5763,-90,-5043,-4685]],"type":"Polygon","properties":{"n":"Baheri","c":252257,"d":"Rohtas","s":"BIHAR"}},{"arcs":[[-1190,-5360,-4899,-4072,-3011,-4408]],"type":"Polygon","properties":{"n":"Baheri","c":251706,"d":"Rohtas","s":"BIHAR"}},{"arcs":[[-4674,-4615,-3516,-438,-333,5764]],"type":"Polygon","properties":{"n":"Bahrar","c":251147,"d":"Rohtas","s":"BIHAR"}},{"arcs":[[-393,-4434,5765,-3667,-4650]],"type":"Polygon","properties":{"n":"Bahrar","c":251037,"d":"Rohtas","s":"BIHAR"}},{"arcs":[[-721,-3500,-1648,-225,-4322]],"type":"Polygon","properties":{"n":"Bahuara","c":251164,"d":"Rohtas","s":"BIHAR"}},{"arcs":[[-484,5766,-3976,5767]],"type":"Polygon","properties":{"n":"Bahuara","c":251078,"d":"Rohtas","s":"BIHAR"}},{"arcs":[[-1138,5768,5769,-3481,-1417,-5402]],"type":"Polygon","properties":{"n":"Bahuara","c":251714,"d":"Rohtas","s":"BIHAR"}},{"arcs":[[5770,-5474,5771,-1152]],"type":"Polygon","properties":{"n":"Bahuara","c":251653,"d":"Rohtas","s":"BIHAR"}},{"arcs":[[-4530,-1930,-5052]],"type":"Polygon","properties":{"n":"Bania Dih","c":252282,"d":"Rohtas","s":"BIHAR"}},{"arcs":[[5772,5773,-5682,-5349]],"type":"Polygon","properties":{"n":"Baniadih","c":251915,"d":"Rohtas","s":"BIHAR"}},{"arcs":[[-4861,-877,-5153,-643,-1165]],"type":"Polygon","properties":{"n":"Bara Dih","c":252412,"d":"Rohtas","s":"BIHAR"}},{"arcs":[[-4091,-5506,-4558,5774,5775,-2647]],"type":"Polygon","properties":{"n":"Hasnadih","c":251591,"d":"Rohtas","s":"BIHAR"}},{"arcs":[[5776,-4556,-1584]],"type":"Polygon","properties":{"n":"Baradih","c":251590,"d":"Rohtas","s":"BIHAR"}},{"arcs":[[-4835,5777,-2073,-5456,-1599,-4952]],"type":"Polygon","properties":{"n":"Baradih","c":252366,"d":"Rohtas","s":"BIHAR"}},{"arcs":[[-815,-5206,5778,-5769,-1137]],"type":"Polygon","properties":{"n":"Baradih","c":251727,"d":"Rohtas","s":"BIHAR"}},{"arcs":[[5779,-2189,-4764,-5462,-5559,5780]],"type":"Polygon","properties":{"n":"Baradih","c":251765,"d":"Rohtas","s":"BIHAR"}},{"arcs":[[5781,5782,5783,-4771,-5624,-4112,-2592,-5666,-4656]],"type":"Polygon","properties":{"n":"Baradih","c":250707,"d":"Rohtas","s":"BIHAR"}},{"arcs":[[5784,-5703,-23,-310,-4367,-3321,-3135]],"type":"Polygon","properties":{"n":"Baradih","c":250672,"d":"Rohtas","s":"BIHAR"}},{"arcs":[[-5243,-4905,-733,5785,5786,-5182,-5591]],"type":"Polygon","properties":{"n":"Bardiha","c":251429,"d":"Rohtas","s":"BIHAR"}},{"arcs":[[-1204,-4295,-4777,-4840,-2823]],"type":"Polygon","properties":{"n":"Pardiha","c":251313,"d":"Rohtas","s":"BIHAR"}},{"arcs":[[-4716,-5291,-3273,-1414,5787,-5421,-5748]],"type":"Polygon","properties":{"n":"Bardiha","c":250891,"d":"Rohtas","s":"BIHAR"}},{"arcs":[[-5535,-5306,-3385,-5179]],"type":"Polygon","properties":{"n":"Bardiha","c":252601,"d":"Rohtas","s":"BIHAR"}},{"arcs":[[-5550,-5661,-3877]],"type":"Polygon","properties":{"n":"Bardiha","c":252581,"d":"Rohtas","s":"BIHAR"}},{"arcs":[[5788,5789,-3812,-663,5790,-5414,-382]],"type":"Polygon","properties":{"n":"Baruna","c":250992,"d":"Rohtas","s":"BIHAR"}},{"arcs":[[5791,5792,5793,-14,-4823,-3146]],"type":"Polygon","properties":{"n":"Baruna","c":251211,"d":"Rohtas","s":"BIHAR"}},{"arcs":[[-4554,-4189,5794,5795,-3944,-3947]],"type":"Polygon","properties":{"n":"Basantpur","c":251890,"d":"Rohtas","s":"BIHAR"}},{"arcs":[[-4859,5796,-3157,-4141,5797,5798,-1973]],"type":"Polygon","properties":{"n":"Basantpur","c":251816,"d":"Rohtas","s":"BIHAR"}},{"arcs":[[5799,-5786,-732,-413]],"type":"Polygon","properties":{"n":"Basdiha","c":251403,"d":"Rohtas","s":"BIHAR"}},{"arcs":[[-5121,-1588,5800,-3504,5801,-3360,-5234,5802,-2230]],"type":"Polygon","properties":{"n":"Basdiha","c":250967,"d":"Rohtas","s":"BIHAR"}},{"arcs":[[-612,-5057,-5239,-4312,-3890]],"type":"Polygon","properties":{"n":"Bathori","c":250808,"d":"Rohtas","s":"BIHAR"}},{"arcs":[[-320,-2219,-3893,-5651]],"type":"Polygon","properties":{"n":" ","c":0,"d":"Rohtas","s":"BIHAR"}},{"arcs":[[5803,-2795,-5631,-5219,-2755]],"type":"Polygon","properties":{"n":"Belaspur","c":251999,"d":"Rohtas","s":"BIHAR"}},{"arcs":[[-5730,5804,-3079,5805,-4664,-4767]],"type":"Polygon","properties":{"n":"Belaspur","c":251747,"d":"Rohtas","s":"BIHAR"}},{"arcs":[[-5457,-2077,-5601,-2454,-4239]],"type":"Polygon","properties":{"n":"Berukahi","c":252173,"d":"Rohtas","s":"BIHAR"}},{"arcs":[[5806,-2749,-4120,-5450,-3325,5807,-4743]],"type":"Polygon","properties":{"n":"Berukahi","c":250660,"d":"Rohtas","s":"BIHAR"}},{"arcs":[[5808,-4260,-397,-46,-4788]],"type":"Polygon","properties":{"n":"Bhagwanpur","c":252369,"d":"Rohtas","s":"BIHAR"}},{"arcs":[[-2445,5809,-3929,-3865]],"type":"Polygon","properties":{"n":"Bhagwanpur","c":251853,"d":"Rohtas","s":"BIHAR"}},{"arcs":[[-5733,-1379,-3422,-5475,-5771,-1151,-3886,-5393]],"type":"Polygon","properties":{"n":"Bhagwanpur","c":251651,"d":"Rohtas","s":"BIHAR"}},{"arcs":[[-1860,5810,-2973,-2136,-874,-3402,-4418]],"type":"Polygon","properties":{"n":"Bhainsahi","c":252394,"d":"Rohtas","s":"BIHAR"}},{"arcs":[[5811,-1168,5812,5813,-4857,-3455]],"type":"Polygon","properties":{"n":"Bhainsahi","c":251795,"d":"Rohtas","s":"BIHAR"}},{"arcs":[[-5181,-1550,-2892,-3238,-2421,-4726]],"type":"Polygon","properties":{"n":"Bharkunria","c":252571,"d":"Rohtas","s":"BIHAR"}},{"arcs":[[-5408,-2627,-1886,-1298,-843,-2629]],"type":"Polygon","properties":{"n":"Bharkunria","c":252551,"d":"Rohtas","s":"BIHAR"}},{"arcs":[[-3290,-5274,-5105,-1394,-5575]],"type":"Polygon","properties":{"n":"Bhatauli","c":251478,"d":"Rohtas","s":"BIHAR"}},{"arcs":[[-4268,-2135,-1554,-5672,-5467]],"type":"Polygon","properties":{"n":"Bhatauli","c":251607,"d":"Rohtas","s":"BIHAR"}},{"arcs":[[-5008,5814,-1582,-1593]],"type":"Polygon","properties":{"n":"Bhelari Pachhiari","c":250971,"d":"Rohtas","s":"BIHAR"}},{"arcs":[[-661,-3820,5815,-1590,-2228,-3017,5816]],"type":"Polygon","properties":{"n":"Bhelari Purwari","c":250990,"d":"Rohtas","s":"BIHAR"}},{"arcs":[[-3446,-5451,-3340,-532,-4877,-5576]],"type":"Polygon","properties":{"n":"Baligawan","c":251554,"d":"Rohtas","s":"BIHAR"}},{"arcs":[[-5577,-4875]],"type":"Polygon","properties":{"n":"Bhikharidih","c":251549,"d":"Rohtas","s":"BIHAR"}},{"arcs":[[-3210,-5616,-2873,-3097]],"type":"Polygon","properties":{"n":"Chhabilapur","c":251603,"d":"Rohtas","s":"BIHAR"}},{"arcs":[[5817,-3098,-3094,-2131]],"type":"Polygon","properties":{"n":"Bishambharpur","c":251605,"d":"Rohtas","s":"BIHAR"}},{"arcs":[[-5493,-4920,5818,-5552,-4552,-5602,-373]],"type":"Polygon","properties":{"n":"Bishunpur","c":252262,"d":"Rohtas","s":"BIHAR"}},{"arcs":[[-2058,5819,5820,-4863]],"type":"Polygon","properties":{"n":"Bishunpur","c":252426,"d":"Rohtas","s":"BIHAR"}},{"arcs":[[-3766,-3729,-4963,-4317,-565,-1999]],"type":"Polygon","properties":{"n":"Bisunpur","c":251490,"d":"Rohtas","s":"BIHAR"}},{"arcs":[[5821,-2211,-5374,-5085,-5308,-3611]],"type":"Polygon","properties":{"n":"Bishunpura","c":252654,"d":"Rohtas","s":"BIHAR"}},{"arcs":[[-1621,-5423,-4677,-5536]],"type":"Polygon","properties":{"n":"Jhajhara","c":252646,"d":"Rohtas","s":"BIHAR"}},{"arcs":[[-1331,-4516,5822,-4377]],"type":"Polygon","properties":{"n":"Bishunpura","c":252331,"d":"Rohtas","s":"BIHAR"}},{"arcs":[[-2974,-5811,-1859]],"type":"Polygon","properties":{"n":"Bishunpura","c":252395,"d":"Rohtas","s":"BIHAR"}},{"arcs":[[-4399,5823,-4512,-3715]],"type":"Polygon","properties":{"n":"Bishunpura","c":251831,"d":"Rohtas","s":"BIHAR"}},{"arcs":[[-2408,-4501,-2355,-3671,-5663,-4069]],"type":"Polygon","properties":{"n":"Bisrampur","c":252301,"d":"Rohtas","s":"BIHAR"}},{"arcs":[[-5820,-2057,-4044,-4509,-3848,-1095,-3459,5824]],"type":"Polygon","properties":{"n":"Bisrampur","c":252428,"d":"Rohtas","s":"BIHAR"}},{"arcs":[[-5175,-5538,5825,-4750,-1868]],"type":"Polygon","properties":{"n":"Mitanda","c":252233,"d":"Rohtas","s":"BIHAR"}},{"arcs":[[-2617,-4372,-5029,-2940,-592,5826]],"type":"Polygon","properties":{"n":"Chakia","c":250732,"d":"Rohtas","s":"BIHAR"}},{"arcs":[[-4137,5827,-5747,-5554,-5526,-5516,-4036,-4853]],"type":"Polygon","properties":{"n":"Chanari","c":252205,"d":"Rohtas","s":"BIHAR"}},{"arcs":[[5828,-5047,5829,-2692,-3894,-431,-5200,-810,-1479,-3365]],"type":"Polygon","properties":{"n":"Chanari (CT)","c":252039,"d":"Rohtas","s":"BIHAR"}},{"arcs":[[-5592,-5183,-5787,-5800,-412,-5597]],"type":"Polygon","properties":{"n":"Chandipatti","c":251401,"d":"Rohtas","s":"BIHAR"}},{"arcs":[[-3045,-5267,-4175,5830,-4164]],"type":"Polygon","properties":{"n":"Chandi","c":251306,"d":"Rohtas","s":"BIHAR"}},{"arcs":[[[-3725,-4988,-4781,-5312,-2694,5831]],[[-5048,-5829,-3364]]],"type":"MultiPolygon","properties":{"n":"Chanpura","c":251985,"d":"Rohtas","s":"BIHAR"}},{"arcs":[[5832,-2825,-4839,-3835,-11,-5794]],"type":"Polygon","properties":{"n":"Dehra","c":251260,"d":"Rohtas","s":"BIHAR"}},{"arcs":[[-5724,-3376,-4979,-5653,-3542,-2515]],"type":"Polygon","properties":{"n":"Dehra","c":251185,"d":"Rohtas","s":"BIHAR"}},{"arcs":[[-4670,-4998,-5129,-201,-5662]],"type":"Polygon","properties":{"n":"Dehri","c":251420,"d":"Rohtas","s":"BIHAR"}},{"arcs":[[5833,-2929,-5698,-3183,-1880]],"type":"Polygon","properties":{"n":"Denri","c":251385,"d":"Rohtas","s":"BIHAR"}},{"arcs":[[-973,-2166,-1637,-666]],"type":"Polygon","properties":{"n":"Dehri","c":251457,"d":"Rohtas","s":"BIHAR"}},{"arcs":[[-4080,5834,-4926,5835,-4038,-1162,-326]],"type":"Polygon","properties":{"n":"Dehri","c":251022,"d":"Rohtas","s":"BIHAR"}},{"arcs":[[-5702,-5250,-2654,-1911,-903]],"type":"Polygon","properties":{"n":"Dehri","c":250850,"d":"Rohtas","s":"BIHAR"}},{"arcs":[[-1909,-2659,-1553,-1660,-2198]],"type":"Polygon","properties":{"n":"Dehri","c":250858,"d":"Rohtas","s":"BIHAR"}},{"arcs":[[-4574,-5439,-4349,-4165,-1037]],"type":"Polygon","properties":{"n":"Dhanpurwa","c":252464,"d":"Rohtas","s":"BIHAR"}},{"arcs":[[-406,-3349,-3858,-4759,-4747,-2772]],"type":"Polygon","properties":{"n":"Dhanpurwa","c":252346,"d":"Rohtas","s":"BIHAR"}},{"arcs":[[-5114,-1252,-1366,-2776,5836,-3592]],"type":"Polygon","properties":{"n":"Dharamagatpur","c":250906,"d":"Rohtas","s":"BIHAR"}},{"arcs":[[-2789,-4425,-4326,-5190,5837]],"type":"Polygon","properties":{"n":"Dharmagatpur","c":251180,"d":"Rohtas","s":"BIHAR"}},{"arcs":[[-4986,-4063,-743]],"type":"Polygon","properties":{"n":"Dubauli","c":251107,"d":"Rohtas","s":"BIHAR"}},{"arcs":[[-298,-4923,-5835,-4079]],"type":"Polygon","properties":{"n":"Dubauli","c":251021,"d":"Rohtas","s":"BIHAR"}},{"arcs":[[-5445,-3883,-5127,-5199,-3756]],"type":"Polygon","properties":{"n":"Ekauni","c":250687,"d":"Rohtas","s":"BIHAR"}},{"arcs":[[-5808,-3327,-1073,5838,-4744]],"type":"Polygon","properties":{"n":"Ekauni","c":250662,"d":"Rohtas","s":"BIHAR"}},{"arcs":[[-3749,-639,-4786,-110,5839]],"type":"Polygon","properties":{"n":"Gamharia","c":252372,"d":"Rohtas","s":"BIHAR"}},{"arcs":[[-2883,-5111,-5606,-5427,-5742,5840]],"type":"Polygon","properties":{"n":"Gamharia","c":252150,"d":"Rohtas","s":"BIHAR"}},{"arcs":[[-4893,-5009,-2267,-5452,-4421,-4311,-4628,-1574,5841]],"type":"Polygon","properties":{"n":"Gamharia","c":251617,"d":"Rohtas","s":"BIHAR"}},{"arcs":[[-4534,-2808,5842,-5572,-5148]],"type":"Polygon","properties":{"n":"Ghuranpur","c":251760,"d":"Rohtas","s":"BIHAR"}},{"arcs":[[5843,5844,-4028,-5720,-5478]],"type":"Polygon","properties":{"n":"Ghuranpur","c":251786,"d":"Rohtas","s":"BIHAR"}},{"arcs":[[-1587,-3505,-5801]],"type":"Polygon","properties":{"n":"Girdharpur","c":250968,"d":"Rohtas","s":"BIHAR"}},{"arcs":[[5845,-5468,-2714,-2886,-4023,-2781]],"type":"Polygon","properties":{"n":"Girdhariya","c":250940,"d":"Rohtas","s":"BIHAR"}},{"arcs":[[-3437,5846,-974,-664,-1636,-3975]],"type":"Polygon","properties":{"n":"Gopalpur","c":251275,"d":"Rohtas","s":"BIHAR"}},{"arcs":[[-3089,-5406,-5357,-1732,-2322,-5318]],"type":"Polygon","properties":{"n":"Gopalpur","c":251233,"d":"Rohtas","s":"BIHAR"}},{"arcs":[[5847,-1425,5848,-2223,5849,-5238,-2762,-4696,-4287]],"type":"Polygon","properties":{"n":"Gopalpur","c":250959,"d":"Rohtas","s":"BIHAR"}},{"arcs":[[5850,5851,5852,-2980,5853]],"type":"Polygon","properties":{"n":"Gopalpur","c":251581,"d":"Rohtas","s":"BIHAR"}},{"arcs":[[-1974,-5799,5854,5855,-4211,-5341]],"type":"Polygon","properties":{"n":"Gopalpur","c":251819,"d":"Rohtas","s":"BIHAR"}},{"arcs":[[-2009,-1461,-4550]],"type":"Polygon","properties":{"n":"Itawa","c":251621,"d":"Rohtas","s":"BIHAR"}},{"arcs":[[-5230,-3742,5856,-3804,-5619,-3013,-2735]],"type":"Polygon","properties":{"n":"Itawa","c":251799,"d":"Rohtas","s":"BIHAR"}},{"arcs":[[-5268,-4453,5857,-3178,-2671,-3493,-4807,-1756]],"type":"Polygon","properties":{"n":"Itwa","c":251299,"d":"Rohtas","s":"BIHAR"}},{"arcs":[[-3584,-4195,-3977,-5767,-483,-752]],"type":"Polygon","properties":{"n":"Itwa","c":251079,"d":"Rohtas","s":"BIHAR"}},{"arcs":[[-2930,-5834,-1879,-2497]],"type":"Polygon","properties":{"n":"Jagdishpur","c":251386,"d":"Rohtas","s":"BIHAR"}},{"arcs":[[5858,-4847,5859,-3813,-5790]],"type":"Polygon","properties":{"n":"Jagdishpur","c":250996,"d":"Rohtas","s":"BIHAR"}},{"arcs":[[-3590,-1447]],"type":"Polygon","properties":{"n":"Jagdishpur Chak","c":250909,"d":"Rohtas","s":"BIHAR"}},{"arcs":[[-1656,-4224,5860,-2867,-4370]],"type":"Polygon","properties":{"n":"Jagdishpur","c":250833,"d":"Rohtas","s":"BIHAR"}},{"arcs":[[-930,-4503,-5603]],"type":"Polygon","properties":{"n":"Jagdishpur","c":251902,"d":"Rohtas","s":"BIHAR"}},{"arcs":[[-4257,-2997,-2339,-5570,-3297]],"type":"Polygon","properties":{"n":"Jagdispur","c":250638,"d":"Rohtas","s":"BIHAR"}},{"arcs":[[-5486,-4666,5861,-242,-4659,-5379,-4457,-4884]],"type":"Polygon","properties":{"n":"Jalalpur","c":251773,"d":"Rohtas","s":"BIHAR"}},{"arcs":[[-5625,-4772,-5784,5862]],"type":"Polygon","properties":{"n":"Jalalpur","c":250709,"d":"Rohtas","s":"BIHAR"}},{"arcs":[[5863,5864,-3524,-4689]],"type":"Polygon","properties":{"n":"Saraenarhar","c":250924,"d":"Rohtas","s":"BIHAR"}},{"arcs":[[-4219,-1654,-5519,-5521,5865,-4639]],"type":"Polygon","properties":{"n":"Jogia","c":250824,"d":"Rohtas","s":"BIHAR"}},{"arcs":[[-3658,-5388,-1220,-268,-3622]],"type":"Polygon","properties":{"n":"Kaithi","c":251436,"d":"Rohtas","s":"BIHAR"}},{"arcs":[[-585,-5433,-4546,-5580,-5756,-3829,-5686,-3598]],"type":"Polygon","properties":{"n":"Kaithi","c":251524,"d":"Rohtas","s":"BIHAR"}},{"arcs":[[-1618,-2260,-5650,-2751,-1269]],"type":"Polygon","properties":{"n":"Kaithi","c":252642,"d":"Rohtas","s":"BIHAR"}},{"arcs":[[-3907,-5706,-4344,-1607,-1790,-3082,-898]],"type":"Polygon","properties":{"n":"Kaithi","c":252489,"d":"Rohtas","s":"BIHAR"}},{"arcs":[[-5214,-5691,-5352,-2154,-5248]],"type":"Polygon","properties":{"n":"Kaithi","c":251917,"d":"Rohtas","s":"BIHAR"}},{"arcs":[[-5611,-5132,-5084,5866,-5693,-1,-3984,-2912,-4009,-1470]],"type":"Polygon","properties":{"n":"Kaithi","c":251546,"d":"Rohtas","s":"BIHAR"}},{"arcs":[[-5796,5867,-159,-2796,-5804,-2754,-3945]],"type":"Polygon","properties":{"n":"Kajhawan","c":252280,"d":"Rohtas","s":"BIHAR"}},{"arcs":[[-4854,-4034,-2373,-804,-3777]],"type":"Polygon","properties":{"n":"Kajhawan","c":252209,"d":"Rohtas","s":"BIHAR"}},{"arcs":[[-4277,-4040,5868,-1794]],"type":"Polygon","properties":{"n":"Kalyanpur","c":250874,"d":"Rohtas","s":"BIHAR"}},{"arcs":[[-4977,-3419,-4265,-3409,-2936,-5654]],"type":"Polygon","properties":{"n":"Kalyanpur","c":251152,"d":"Rohtas","s":"BIHAR"}},{"arcs":[[-5598,-3441,-5761,-3959]],"type":"Polygon","properties":{"n":"Karma","c":251381,"d":"Rohtas","s":"BIHAR"}},{"arcs":[[-2704,-279,-4871,-869,-2838,-5734]],"type":"Polygon","properties":{"n":"Karma","c":251280,"d":"Rohtas","s":"BIHAR"}},{"arcs":[[-3540,-5652,-2938,-3414,-4675,-5765,-332,-3373,-4467]],"type":"Polygon","properties":{"n":"Karma","c":251150,"d":"Rohtas","s":"BIHAR"}},{"arcs":[[-5750,-1691,-2296,-4569,-4949]],"type":"Polygon","properties":{"n":"Karma","c":252024,"d":"Rohtas","s":"BIHAR"}},{"arcs":[[-3672,-2353,-5746,-5828,-4136]],"type":"Polygon","properties":{"n":"Karma","c":252266,"d":"Rohtas","s":"BIHAR"}},{"arcs":[[-2705,-4961,-5664,-3230,5869]],"type":"Polygon","properties":{"n":"Karma","c":252436,"d":"Rohtas","s":"BIHAR"}},{"arcs":[[-5842,-1573,-3207,-4842]],"type":"Polygon","properties":{"n":"Karma","c":251613,"d":"Rohtas","s":"BIHAR"}},{"arcs":[[-430,-4710,-184,-4093,-3600,-3254,-4749,-5722]],"type":"Polygon","properties":{"n":"Karmaini","c":251533,"d":"Rohtas","s":"BIHAR"}},{"arcs":[[-662,-5817,-3016,-4252,-1390,-5415,-5791]],"type":"Polygon","properties":{"n":"Karmaini","c":250988,"d":"Rohtas","s":"BIHAR"}},{"arcs":[[-4048,-3424,-227,-1647,-3605,-4984,-5300]],"type":"Polygon","properties":{"n":"Karmaini","c":251163,"d":"Rohtas","s":"BIHAR"}},{"arcs":[[-2923,-284,-975,-5847,-3436]],"type":"Polygon","properties":{"n":"Karup","c":251277,"d":"Rohtas","s":"BIHAR"}},{"arcs":[[-4852,-4981,-3179,-5858,-4452,-3531]],"type":"Polygon","properties":{"n":"Karup","c":251365,"d":"Rohtas","s":"BIHAR"}},{"arcs":[[-1229,5870,-5226,-3555,-1032,-4596,-95,-4796]],"type":"Polygon","properties":{"n":"Karup","c":252223,"d":"Rohtas","s":"BIHAR"}},{"arcs":[[-882,-5027,-3140,5871,-2768,-4445,-3400]],"type":"Polygon","properties":{"n":"karup","c":252390,"d":"Rohtas","s":"BIHAR"}},{"arcs":[[-5376,-1800,-1018,5872,-5065,-5443,-485,-5015,-4347,-3164]],"type":"Polygon","properties":{"n":"Karup","c":251881,"d":"Rohtas","s":"BIHAR"}},{"arcs":[[-5826,-5537,-5492,-4751]],"type":"Polygon","properties":{"n":"Rampur","c":252234,"d":"Rohtas","s":"BIHAR"}},{"arcs":[[-5605,-5764,-375]],"type":"Polygon","properties":{"n":"Keshopur","c":252254,"d":"Rohtas","s":"BIHAR"}},{"arcs":[[-5337,5873,5874,-455,-3710,-125]],"type":"Polygon","properties":{"n":"Keshopur","c":252122,"d":"Rohtas","s":"BIHAR"}},{"arcs":[[5875,-2173,-5314,-657]],"type":"Polygon","properties":{"n":"Khaira","c":252020,"d":"Rohtas","s":"BIHAR"}},{"arcs":[[-509,5876,-3694,-4843,-2394,-4798,-4972,5877,-1705]],"type":"Polygon","properties":{"n":"Khaira","c":252469,"d":"Rohtas","s":"BIHAR"}},{"arcs":[[-4967,5878,-4927,-1226,-1536,-3846]],"type":"Polygon","properties":{"n":"Khaira","c":252329,"d":"Rohtas","s":"BIHAR"}},{"arcs":[[-5760,-3378,-3137,-3320,-5498,-5012,-2336]],"type":"Polygon","properties":{"n":"Khaira","c":250644,"d":"Rohtas","s":"BIHAR"}},{"arcs":[[5879,-5006,-1591,-5816,-3819,-2648,-5776]],"type":"Polygon","properties":{"n":"Khairhi","c":250998,"d":"Rohtas","s":"BIHAR"}},{"arcs":[[-5803,-5233,5880,-5850,-2231]],"type":"Polygon","properties":{"n":"Khairhi","c":250961,"d":"Rohtas","s":"BIHAR"}},{"arcs":[[-2836,-3695,-5877,-508]],"type":"Polygon","properties":{"n":"Khairi","c":252467,"d":"Rohtas","s":"BIHAR"}},{"arcs":[[-4968,-5823,-4515,-1329,-4928,-5879]],"type":"Polygon","properties":{"n":"Khairi","c":252328,"d":"Rohtas","s":"BIHAR"}},{"arcs":[[-2448,5881,-3734,-311,-21]],"type":"Polygon","properties":{"n":"Khairi","c":250674,"d":"Rohtas","s":"BIHAR"}},{"arcs":[[-5449,-2439,-5632,5882,-1498]],"type":"Polygon","properties":{"n":"Khairi","c":250666,"d":"Rohtas","s":"BIHAR"}},{"arcs":[[-5865,5883,-3933,-3520]],"type":"Polygon","properties":{"n":"Bazic Chak","c":250923,"d":"Rohtas","s":"BIHAR"}},{"arcs":[[-5866,-5524,5884,-2989,-5018,-5429,-4640]],"type":"Polygon","properties":{"n":"Khakharahi","c":250823,"d":"Rohtas","s":"BIHAR"}},{"arcs":[[-5564,-1786,-5294,5885,-1016]],"type":"Polygon","properties":{"n":"Kharari","c":251563,"d":"Rohtas","s":"BIHAR"}},{"arcs":[[-1632,-5573,-5843,-2814,5886,-4055,-5051,-4634,-5727,-4765]],"type":"Polygon","properties":{"n":"Kharari","c":251753,"d":"Rohtas","s":"BIHAR"}},{"arcs":[[-2253,-5755,-5675,-5431,-3004,-2108,-1626,-5482]],"type":"Polygon","properties":{"n":"Kharhari","c":251689,"d":"Rohtas","s":"BIHAR"}},{"arcs":[[-5798,-4140,5887,-5855]],"type":"Polygon","properties":{"n":"Khorhari","c":251820,"d":"Rohtas","s":"BIHAR"}},{"arcs":[[[-465,-2402,-64,-5565,-4714,-2186]],[[-5077,-5678,-2182,-4713]]],"type":"MultiPolygon","properties":{"n":"Khudrawan","c":252541,"d":"Rohtas","s":"BIHAR"}},{"arcs":[[-5192,-2235,-258,-5391]],"type":"Polygon","properties":{"n":"Khutaha","c":251446,"d":"Rohtas","s":"BIHAR"}},{"arcs":[[-5438,-5435,5888,-647,-1286]],"type":"Polygon","properties":{"n":"Khutaha","c":251515,"d":"Rohtas","s":"BIHAR"}},{"arcs":[[-648,-5889,-5434,-583,-4092]],"type":"Polygon","properties":{"n":"Koni","c":251517,"d":"Rohtas","s":"BIHAR"}},{"arcs":[[-1482,-271,-5480,-4339,-4587,-4413]],"type":"Polygon","properties":{"n":"Koni","c":251348,"d":"Rohtas","s":"BIHAR"}},{"arcs":[[-5558,5889,-530]],"type":"Polygon","properties":{"n":"Kota","c":252027,"d":"Rohtas","s":"BIHAR"}},{"arcs":[[-2957,-4305,-5599,-5287]],"type":"Polygon","properties":{"n":"Kota","c":252336,"d":"Rohtas","s":"BIHAR"}},{"arcs":[[-5819,-4919,-5176,-1866,-5553]],"type":"Polygon","properties":{"n":"Kusaha","c":252263,"d":"Rohtas","s":"BIHAR"}},{"arcs":[[-1289,-4723,-2743,-2083,-4993,-1724]],"type":"Polygon","properties":{"n":"Kusaha","c":251925,"d":"Rohtas","s":"BIHAR"}},{"arcs":[[-193,-5673,-5302,-5628,5890,-5256]],"type":"Polygon","properties":{"n":"Nokha (NP)","c":801396,"d":"Rohtas","s":"BIHAR"}},{"arcs":[[-1315,-3646,-3121,-4171]],"type":"Polygon","properties":{"n":"Kusahi","c":252242,"d":"Rohtas","s":"BIHAR"}},{"arcs":[[-5581,5891,-5322,-2981,-5853]],"type":"Polygon","properties":{"n":"Kusahi","c":251576,"d":"Rohtas","s":"BIHAR"}},{"arcs":[[-5411,-5763,-5649,-5813,-1171,-5711]],"type":"Polygon","properties":{"n":"Kusahi","c":251791,"d":"Rohtas","s":"BIHAR"}},{"arcs":[[-769,-2446,-671,-5137]],"type":"Polygon","properties":{"n":"Kusahi","c":250720,"d":"Rohtas","s":"BIHAR"}},{"arcs":[[-5381,-5054,-5398,-341]],"type":"Polygon","properties":{"n":"Lakhanpura","c":250931,"d":"Rohtas","s":"BIHAR"}},{"arcs":[[5892,-5191,-324,-52,-5669]],"type":"Polygon","properties":{"n":"Lakhanpura","c":251120,"d":"Rohtas","s":"BIHAR"}},{"arcs":[[5893,-3805,-5857,-3741]],"type":"Polygon","properties":{"n":"Lakhanpura","c":251798,"d":"Rohtas","s":"BIHAR"}},{"arcs":[[-3692,-1377,-420,-1211]],"type":"Polygon","properties":{"n":"Lakhanpura","c":250699,"d":"Rohtas","s":"BIHAR"}},{"arcs":[[-4182,-3726,-5832,-2693,-5830,-5046]],"type":"Polygon","properties":{"n":"Lodhi","c":251960,"d":"Rohtas","s":"BIHAR"}},{"arcs":[[-4833,-4832,-1011,-2815]],"type":"Polygon","properties":{"n":"Lodhi","c":252318,"d":"Rohtas","s":"BIHAR"}},{"arcs":[[-5422,-5788,-4015,-5228]],"type":"Polygon","properties":{"n":"Madhopur","c":250881,"d":"Rohtas","s":"BIHAR"}},{"arcs":[[-4222,-5428,-1322,-4094,5894,-2311]],"type":"Polygon","properties":{"n":"Madhopur","c":250815,"d":"Rohtas","s":"BIHAR"}},{"arcs":[[[-2081,-4158,-5752,-4994]],[[-4563,-2162,-3176,-5753]]],"type":"MultiPolygon","properties":{"n":"Mahuat","c":251928,"d":"Rohtas","s":"BIHAR"}},{"arcs":[[5895,-5792,-3145,-5568]],"type":"Polygon","properties":{"n":"Mahuari","c":251210,"d":"Rohtas","s":"BIHAR"}},{"arcs":[[-5407,-2490,-500]],"type":"Polygon","properties":{"n":"Mahuari","c":251063,"d":"Rohtas","s":"BIHAR"}},{"arcs":[[-2123,-1996,-570,-2899,-5112,-955,-5104,-5273]],"type":"Polygon","properties":{"n":"Mahuari","c":251486,"d":"Rohtas","s":"BIHAR"}},{"arcs":[[-5626,-5863,-5783,5896,-5511]],"type":"Polygon","properties":{"n":"Mahuari","c":250708,"d":"Rohtas","s":"BIHAR"}},{"arcs":[[-2376,-5757,-5759,-3404,-2550,-5500]],"type":"Polygon","properties":{"n":"Majhauli","c":250795,"d":"Rohtas","s":"BIHAR"}},{"arcs":[[-1899,-3002,-4191,-3582,5897]],"type":"Polygon","properties":{"n":"Koath (NP)","c":801393,"d":"Rohtas","s":"BIHAR"}},{"arcs":[[-3053,-4314,-2319]],"type":"Polygon","properties":{"n":"Manipur","c":250802,"d":"Rohtas","s":"BIHAR"}},{"arcs":[[-5502,-2328,-3906,-2196,-1658,-4369]],"type":"Polygon","properties":{"n":"Manipur","c":250856,"d":"Rohtas","s":"BIHAR"}},{"arcs":[[[-5068,-3197,-390,-1126,-684]],[[-682,-4429,-5067]]],"type":"MultiPolygon","properties":{"n":"Masudan Dehri","c":251028,"d":"Rohtas","s":"BIHAR"}},{"arcs":[[-3021,5898,-2812]],"type":"Polygon","properties":{"n":"Mathia","c":251758,"d":"Rohtas","s":"BIHAR"}},{"arcs":[[5899,-5162,-1630,-1826,-5543,-4118,-4625]],"type":"Polygon","properties":{"n":"Mathia","c":251666,"d":"Rohtas","s":"BIHAR"}},{"arcs":[[-3227,-4286,-107,-4067,-3585]],"type":"Polygon","properties":{"n":"Maudiha","c":252382,"d":"Rohtas","s":"BIHAR"}},{"arcs":[[5900,-5583,-4626,-4309,-3645,-1013,-3499,-2007]],"type":"Polygon","properties":{"n":"Maudiha","c":251571,"d":"Rohtas","s":"BIHAR"}},{"arcs":[[-5490,-5540,-4468,5901,-4681,-5533,-5508]],"type":"Polygon","properties":{"n":"Mauni","c":252229,"d":"Rohtas","s":"BIHAR"}},{"arcs":[[-4153,-968,-5645]],"type":"Polygon","properties":{"n":"Mauni","c":252144,"d":"Rohtas","s":"BIHAR"}},{"arcs":[[-38,-4622,-427,-5595,5902,-5021]],"type":"Polygon","properties":{"n":"Mednipur","c":251430,"d":"Rohtas","s":"BIHAR"}},{"arcs":[[-2332,-357,-3668,-5766,-4433,-2269,-1274,-5245,5903]],"type":"Polygon","properties":{"n":"Mednipur","c":250841,"d":"Rohtas","s":"BIHAR"}},{"arcs":[[-5859,-5789,-381,-4848]],"type":"Polygon","properties":{"n":"Milki","c":250993,"d":"Rohtas","s":"BIHAR"}},{"arcs":[[-5232,-5236,-5881]],"type":"Polygon","properties":{"n":"Milki","c":250962,"d":"Rohtas","s":"BIHAR"}},{"arcs":[[-5276,-5574,-5171]],"type":"Polygon","properties":{"n":"Misraulia","c":251462,"d":"Rohtas","s":"BIHAR"}},{"arcs":[[-3814,-5860,-4846]],"type":"Polygon","properties":{"n":"Misraulia","c":250995,"d":"Rohtas","s":"BIHAR"}},{"arcs":[[-3488,-3222,-3339,-3616,-3747,-3490]],"type":"Polygon","properties":{"n":"Misrauliya","c":251269,"d":"Rohtas","s":"BIHAR"}},{"arcs":[[-5094,-5304,-456,-5875,5904]],"type":"Polygon","properties":{"n":"Misraulia","c":252127,"d":"Rohtas","s":"BIHAR"}},{"arcs":[[-5856,-5888,-4144,-3970,-5484,-248,-4212]],"type":"Polygon","properties":{"n":"Misraulia","c":250711,"d":"Rohtas","s":"BIHAR"}},{"arcs":[[-3837,-4838,-2586,-5252,-3748,-1075,-5657,-5636]],"type":"Polygon","properties":{"n":"Mohanpur","c":251266,"d":"Rohtas","s":"BIHAR"}},{"arcs":[[-1522,-1711,-908,-1243]],"type":"Polygon","properties":{"n":"Mohanpur","c":250845,"d":"Rohtas","s":"BIHAR"}},{"arcs":[[-2775,-5459,-3593,-5837]],"type":"Polygon","properties":{"n":"Narayanpur","c":250918,"d":"Rohtas","s":"BIHAR"}},{"arcs":[[-1795,-5869,-4039,-5836,-4925]],"type":"Polygon","properties":{"n":"Narayanpur","c":250873,"d":"Rohtas","s":"BIHAR"}},{"arcs":[[-2699,-2103,-3399,-168,-1088,-3221,-3651,-5566]],"type":"Polygon","properties":{"n":"Narayanpur","c":251127,"d":"Rohtas","s":"BIHAR"}},{"arcs":[[-350,-2331,-2666]],"type":"Polygon","properties":{"n":"Narayanpur","c":251045,"d":"Rohtas","s":"BIHAR"}},{"arcs":[[-4143,-5481,-5090,-4084,-3972]],"type":"Polygon","properties":{"n":"Narayanpur","c":251808,"d":"Rohtas","s":"BIHAR"}},{"arcs":[[-598,-5503,-1751,-2618,-5827]],"type":"Polygon","properties":{"n":"Mamrezpur","c":250733,"d":"Rohtas","s":"BIHAR"}},{"arcs":[[-5022,-5903,-5594,-2306,-2495]],"type":"Polygon","properties":{"n":"Nawadih","c":251396,"d":"Rohtas","s":"BIHAR"}},{"arcs":[[-4163,-4301,-233,-4451,-3047]],"type":"Polygon","properties":{"n":"Nawadih","c":251361,"d":"Rohtas","s":"BIHAR"}},{"arcs":[[-4946,5905,5906,-3267]],"type":"Polygon","properties":{"n":"Nawadih","c":252089,"d":"Rohtas","s":"BIHAR"}},{"arcs":[[-3826,5907,-2717,-4007,-5685,-3631,-1116]],"type":"Polygon","properties":{"n":"Nawadih","c":252661,"d":"Rohtas","s":"BIHAR"}},{"arcs":[[-5548,-1918,-2846,-4333,-2829,-2890,-1400]],"type":"Polygon","properties":{"n":"Nawadih","c":252585,"d":"Rohtas","s":"BIHAR"}},{"arcs":[[-4828,-2964,-1954,-560,-5705,-3911]],"type":"Polygon","properties":{"n":"Nawadih","c":252511,"d":"Rohtas","s":"BIHAR"}},{"arcs":[[-4729,-2769,-5872,-3143,-3641,-4308]],"type":"Polygon","properties":{"n":"Nawadih","c":251567,"d":"Rohtas","s":"BIHAR"}},{"arcs":[[-3344,-1799,-5375,-533]],"type":"Polygon","properties":{"n":"Nawadih","c":251560,"d":"Rohtas","s":"BIHAR"}},{"arcs":[[-1396,-3099,-5818,-2130,-4267]],"type":"Polygon","properties":{"n":"Nawadih","c":251474,"d":"Rohtas","s":"BIHAR"}},{"arcs":[[-5336,-2945,-624,5908,-5095,-5905,-5874]],"type":"Polygon","properties":{"n":"Nimia","c":252128,"d":"Rohtas","s":"BIHAR"}},{"arcs":[[-4262,5909,-4953,-1597,-4800,-694,-399]],"type":"Polygon","properties":{"n":"Nimia","c":252367,"d":"Rohtas","s":"BIHAR"}},{"arcs":[[[-5891,-5627,-4233,5910,-5854,-2979,-3112,-1564,-5695,-2507,-195,-5257]],[[-2878,-5629,-3065]]],"type":"MultiPolygon","properties":{"n":"Nokha (NP)","c":801396,"d":"Rohtas","s":"BIHAR"}},{"arcs":[[-1261,-4937,-5413,-3495,-4644]],"type":"Polygon","properties":{"n":"Padumanpur","c":251294,"d":"Rohtas","s":"BIHAR"}},{"arcs":[[-853,-4653,-4227,-776]],"type":"Polygon","properties":{"n":"Padumanpur","c":251220,"d":"Rohtas","s":"BIHAR"}},{"arcs":[[-5876,-656,-3565,-5751,-2174]],"type":"Polygon","properties":{"n":"Paharpur","c":252018,"d":"Rohtas","s":"BIHAR"}},{"arcs":[[-1726,-4992,-4380]],"type":"Polygon","properties":{"n":"Paharpur","c":251921,"d":"Rohtas","s":"BIHAR"}},{"arcs":[[-3597,-5646,-5039,5911]],"type":"Polygon","properties":{"n":"Paharpur","c":252134,"d":"Rohtas","s":"BIHAR"}},{"arcs":[[-4886,-5749,-4185]],"type":"Polygon","properties":{"n":"Panapur","c":251988,"d":"Rohtas","s":"BIHAR"}},{"arcs":[[-5779,-5205,-3461,-5709,-3477,-5770]],"type":"Polygon","properties":{"n":"Panapur","c":251726,"d":"Rohtas","s":"BIHAR"}},{"arcs":[[-2485,-2190,-5780,5912,-2443,-4396]],"type":"Polygon","properties":{"n":"Panapur","c":251764,"d":"Rohtas","s":"BIHAR"}},{"arcs":[[-4318,-3915,-3961,-1706,-5878,-4971,-3778,5913]],"type":"Polygon","properties":{"n":"Patarhi","c":252196,"d":"Rohtas","s":"BIHAR"}},{"arcs":[[-5329,-2238,-4174,-5453,-9,-4784]],"type":"Polygon","properties":{"n":"Patarhi","c":252158,"d":"Rohtas","s":"BIHAR"}},{"arcs":[[-4687,-4353,-5656,-1299,-1688,-448]],"type":"Polygon","properties":{"n":"Phulwaria","c":252035,"d":"Rohtas","s":"BIHAR"}},{"arcs":[[-4319,-5914,-801,-1035]],"type":"Polygon","properties":{"n":"Phalwaria","c":252217,"d":"Rohtas","s":"BIHAR"}},{"arcs":[[-2001,-5351,-5684,5914,-4867]],"type":"Polygon","properties":{"n":"Phulwaria","c":251913,"d":"Rohtas","s":"BIHAR"}},{"arcs":[[-4804,-2583,-4778,-4293,-4895]],"type":"Polygon","properties":{"n":"Pipra","c":251302,"d":"Rohtas","s":"BIHAR"}},{"arcs":[[-5802,-3509,-4397,-5237,-3361]],"type":"Polygon","properties":{"n":"Pipra","c":250966,"d":"Rohtas","s":"BIHAR"}},{"arcs":[[-3750,-5840,-109,-4285,-3880]],"type":"Polygon","properties":{"n":"Pipri","c":252379,"d":"Rohtas","s":"BIHAR"}},{"arcs":[[-489,-834,-2350,-4536,-5152,-5699]],"type":"Polygon","properties":{"n":"Pipra","c":251868,"d":"Rohtas","s":"BIHAR"}},{"arcs":[[-3208,-1571,-5582,-5852,5915]],"type":"Polygon","properties":{"n":"Pipra","c":251580,"d":"Rohtas","s":"BIHAR"}},{"arcs":[[-5810,-2444,-5913,-5781,-5561,5916,-3930]],"type":"Polygon","properties":{"n":"Pipra","c":251766,"d":"Rohtas","s":"BIHAR"}},{"arcs":[[-4703,-3025,-1958,-307,-3681,-4728]],"type":"Polygon","properties":{"n":"Pipri","c":252163,"d":"Rohtas","s":"BIHAR"}},{"arcs":[[-3480,-5612,-800,-2935,-1419]],"type":"Polygon","properties":{"n":"Pipri","c":251716,"d":"Rohtas","s":"BIHAR"}},{"arcs":[[-5845,5917,-5712,-1169,-5812,-3454,-4029]],"type":"Polygon","properties":{"n":"Pipri","c":251789,"d":"Rohtas","s":"BIHAR"}},{"arcs":[[-5884,5918,5919,-3934]],"type":"Polygon","properties":{"n":"Phangi","c":250922,"d":"Rohtas","s":"BIHAR"}},{"arcs":[[-5885,-5523,5920,-4541,-2990]],"type":"Polygon","properties":{"n":"Pitsar","c":250822,"d":"Rohtas","s":"BIHAR"}},{"arcs":[[-4720,-5680,-176,-5744]],"type":"Polygon","properties":{"n":"Rampur","c":251411,"d":"Rohtas","s":"BIHAR"}},{"arcs":[[-549,-4160,-5831,-4179,-3295]],"type":"Polygon","properties":{"n":"Rampur","c":251307,"d":"Rohtas","s":"BIHAR"}},{"arcs":[[-5848,-4291,-1426]],"type":"Polygon","properties":{"n":"Rampur","c":250958,"d":"Rohtas","s":"BIHAR"}},{"arcs":[[5921,-5738,-1052,-314,-4217]],"type":"Polygon","properties":{"n":"Kishunipur","c":250928,"d":"Rohtas","s":"BIHAR"}},{"arcs":[[-5668,-2790,-5838,-5189,-5893]],"type":"Polygon","properties":{"n":"Rampur","c":251119,"d":"Rohtas","s":"BIHAR"}},{"arcs":[[-1045,-2312,-5895,-1320,5922]],"type":"Polygon","properties":{"n":"Rampur","c":250828,"d":"Rohtas","s":"BIHAR"}},{"arcs":[[-5696,-1666,-5532,-5399,-5297]],"type":"Polygon","properties":{"n":"Rampur","c":252013,"d":"Rohtas","s":"BIHAR"}},{"arcs":[[-1987,-556,-3128,-2524,5923,-4969]],"type":"Polygon","properties":{"n":"Rampur","c":252400,"d":"Rohtas","s":"BIHAR"}},{"arcs":[[-1017,-5886,-5293,-48,-396,-5066,-5873]],"type":"Polygon","properties":{"n":"Rampur","c":251876,"d":"Rohtas","s":"BIHAR"}},{"arcs":[[-2006,-5321,-5892,-5584,-5901]],"type":"Polygon","properties":{"n":"Rampur","c":251577,"d":"Rohtas","s":"BIHAR"}},{"arcs":[[-3101,-961,-3204,-3096]],"type":"Polygon","properties":{"n":"Rampur","c":251608,"d":"Rohtas","s":"BIHAR"}},{"arcs":[[-5844,-5477,-3931,-5917,-5560,-5460,-5266,-5713,-5918]],"type":"Polygon","properties":{"n":"Rampur","c":251785,"d":"Rohtas","s":"BIHAR"}},{"arcs":[[-690,-4374,-5639,5924,-3256,-5472]],"type":"Polygon","properties":{"n":"Rampur","c":251669,"d":"Rohtas","s":"BIHAR"}},{"arcs":[[-2447,-767,-5512,-5897,-5782,-4655,-3735,-5882]],"type":"Polygon","properties":{"n":"Rampur","c":250718,"d":"Rohtas","s":"BIHAR"}},{"arcs":[[-4594,-3063,-3201,-2910]],"type":"Polygon","properties":{"n":"Rasulpur","c":252182,"d":"Rohtas","s":"BIHAR"}},{"arcs":[[-1595,-5455,-5159,-4801]],"type":"Polygon","properties":{"n":"Rasulpur","c":252312,"d":"Rohtas","s":"BIHAR"}},{"arcs":[[-5163,-5900,-4624,-3577]],"type":"Polygon","properties":{"n":"Rasulpur","c":251665,"d":"Rohtas","s":"BIHAR"}},{"arcs":[[-2538,-3174,5925,-5347,-5690]],"type":"Polygon","properties":{"n":"Renria khurd","c":251932,"d":"Rohtas","s":"BIHAR"}},{"arcs":[[-2985,-2750,-5807,-4742,5926]],"type":"Polygon","properties":{"n":"Renria","c":250658,"d":"Rohtas","s":"BIHAR"}},{"arcs":[[-5862,-4665,-5806,-3078,-243]],"type":"Polygon","properties":{"n":"Sahwalia","c":251774,"d":"Rohtas","s":"BIHAR"}},{"arcs":[[-5925,-5641,5927,-3257]],"type":"Polygon","properties":{"n":"Sohwalia Khurd","c":251673,"d":"Rohtas","s":"BIHAR"}},{"arcs":[[-5655,-1263,-4643]],"type":"Polygon","properties":{"n":"Sakhua","c":251292,"d":"Rohtas","s":"BIHAR"}},{"arcs":[[-2695,-3589,-5458]],"type":"Polygon","properties":{"n":"Sakhua","c":250911,"d":"Rohtas","s":"BIHAR"}},{"arcs":[[-1475,-5658,-1078,-3618,-2678]],"type":"Polygon","properties":{"n":"Salempur","c":251238,"d":"Rohtas","s":"BIHAR"}},{"arcs":[[-4223,-2868,-5861]],"type":"Polygon","properties":{"n":"Salempur","c":250832,"d":"Rohtas","s":"BIHAR"}},{"arcs":[[-5000,-5403,-3769,-4562,-2657,-3084,-5701,-1408]],"type":"Polygon","properties":{"n":"Sarana","c":250894,"d":"Rohtas","s":"BIHAR"}},{"arcs":[[-5659,-1451,-5354,-998,-4100,5928]],"type":"Polygon","properties":{"n":"Sarana","c":250913,"d":"Rohtas","s":"BIHAR"}},{"arcs":[[-4188,-160,-5868,-5795]],"type":"Polygon","properties":{"n":"Sarean","c":252273,"d":"Rohtas","s":"BIHAR"}},{"arcs":[[-3942,-1967,-933,-3948]],"type":"Polygon","properties":{"n":"Sarean","c":251893,"d":"Rohtas","s":"BIHAR"}},{"arcs":[[-5277,-4289,-4698,-5469,-5846,-2780]],"type":"Polygon","properties":{"n":"Sareyan","c":250953,"d":"Rohtas","s":"BIHAR"}},{"arcs":[[-4826,-5060,-5739,-5922,-4216,5929,-5919,-5864,-4691]],"type":"Polygon","properties":{"n":"Sareyan","c":250925,"d":"Rohtas","s":"BIHAR"}},{"arcs":[[[-2876,-4235,-5630]],[[-5916,-5851,-5911,-5617]]],"type":"MultiPolygon","properties":{"n":"Sariawan","c":251596,"d":"Rohtas","s":"BIHAR"}},{"arcs":[[-2813,-5899,-3027,-4702,-4056,-5887]],"type":"Polygon","properties":{"n":"Semaria","c":251757,"d":"Rohtas","s":"BIHAR"}},{"arcs":[[-5704,-5785,-3139,-3381,-4202,-5139]],"type":"Polygon","properties":{"n":"Semaria","c":250647,"d":"Rohtas","s":"BIHAR"}},{"arcs":[[-5880,-5775,-4557,-5777,-1583,-5815,-5007]],"type":"Polygon","properties":{"n":"Semra","c":250970,"d":"Rohtas","s":"BIHAR"}},{"arcs":[[-5405,-2481,-2475,-3609,-854,-774,-5359]],"type":"Polygon","properties":{"n":"Semra","c":251223,"d":"Rohtas","s":"BIHAR"}},{"arcs":[[-1817,-1823,-2870,-2313,-1043,5930]],"type":"Polygon","properties":{"n":"Semra","c":250830,"d":"Rohtas","s":"BIHAR"}},{"arcs":[[-4970,-5924,-2523,-5688,-4507,-618,-2863,-3919]],"type":"Polygon","properties":{"n":"Semra","c":252401,"d":"Rohtas","s":"BIHAR"}},{"arcs":[[-637,-4955,-4954,-5910,-4261,-5809,-4787]],"type":"Polygon","properties":{"n":"Semra","c":252370,"d":"Rohtas","s":"BIHAR"}},{"arcs":[[-4879,-5528,-5694,-5867,-5083]],"type":"Polygon","properties":{"n":"Semra","c":251840,"d":"Rohtas","s":"BIHAR"}},{"arcs":[[-4890,5931,-5254,-1541,-2456,-2745,-5404]],"type":"Polygon","properties":{"n":"Semri","c":251950,"d":"Rohtas","s":"BIHAR"}},{"arcs":[[-1228,-5610,-42,-1042,-5227,-5871]],"type":"Polygon","properties":{"n":"Semri","c":252220,"d":"Rohtas","s":"BIHAR"}},{"arcs":[[-5797,-4858,-5814,-5648,-3806,-5894,-3740,-3158]],"type":"Polygon","properties":{"n":"Semri","c":251797,"d":"Rohtas","s":"BIHAR"}},{"arcs":[[-2224,-5849,-1424,-1649]],"type":"Polygon","properties":{"n":"Shahpur","c":250960,"d":"Rohtas","s":"BIHAR"}},{"arcs":[[-3979,-4194,-2545,-1664,-1175,-5088]],"type":"Polygon","properties":{"n":"Tendobahar","c":251072,"d":"Rohtas","s":"BIHAR"}},{"arcs":[[-5604,-2854,-91]],"type":"Polygon","properties":{"n":"Shahpur","c":252252,"d":"Rohtas","s":"BIHAR"}},{"arcs":[[-5348,-5926,-3173,-2952,5932,-5773]],"type":"Polygon","properties":{"n":"Shahpur","c":251933,"d":"Rohtas","s":"BIHAR"}},{"arcs":[[-5825,-3458,-2893,-997,-4864,-5821]],"type":"Polygon","properties":{"n":"Shahpur","c":252425,"d":"Rohtas","s":"BIHAR"}},{"arcs":[[-3663,-1944,-2884,-5841,-5741]],"type":"Polygon","properties":{"n":"Shahpur","c":252149,"d":"Rohtas","s":"BIHAR"}},{"arcs":[[-2606,-3080,-5805,-5729]],"type":"Polygon","properties":{"n":"Shahpur","c":251746,"d":"Rohtas","s":"BIHAR"}},{"arcs":[[-4430,-5253,-3839,-2903,-4965,-5356]],"type":"Polygon","properties":{"n":"Shahpur","c":250746,"d":"Rohtas","s":"BIHAR"}},{"arcs":[[-1619,-1272,-3190,-4526,-5424]],"type":"Polygon","properties":{"n":"Shiupur","c":252644,"d":"Rohtas","s":"BIHAR"}},{"arcs":[[-5023,-2520,-3127]],"type":"Polygon","properties":{"n":"Shiupur","c":252557,"d":"Rohtas","s":"BIHAR"}},{"arcs":[[-5161,-2624,-697]],"type":"Polygon","properties":{"n":"Sirampur","c":251873,"d":"Rohtas","s":"BIHAR"}},{"arcs":[[-4398,-3507,-5058,-5707,-4513,-5824]],"type":"Polygon","properties":{"n":"Sirampur","c":251835,"d":"Rohtas","s":"BIHAR"}},{"arcs":[[-4588,-4337,-1528,-1067,-2061,-1925,-4248]],"type":"Polygon","properties":{"n":"Sonbarsa","c":251351,"d":"Rohtas","s":"BIHAR"}},{"arcs":[[-3513,-4856,-4521,-4975,-5001,-3275,-5290]],"type":"Polygon","properties":{"n":"Sonbarsa","c":250889,"d":"Rohtas","s":"BIHAR"}},{"arcs":[[-5255,-5932,-4889]],"type":"Polygon","properties":{"n":"Sonbarsa","c":251948,"d":"Rohtas","s":"BIHAR"}},{"arcs":[[-4682,-5902,-4471,-3058,-5355]],"type":"Polygon","properties":{"n":"Sonbarsa","c":252228,"d":"Rohtas","s":"BIHAR"}},{"arcs":[[-5607,-855,-4022,-3333,-1610]],"type":"Polygon","properties":{"n":"Sonbarsa","c":252113,"d":"Rohtas","s":"BIHAR"}},{"arcs":[[-3391,-3623,-5634,-3234,-2360]],"type":"Polygon","properties":{"n":"Soni","c":251338,"d":"Rohtas","s":"BIHAR"}},{"arcs":[[-4632,-5315,-3956,-1287,-645,-182]],"type":"Polygon","properties":{"n":"Soni","c":251540,"d":"Rohtas","s":"BIHAR"}},{"arcs":[[-2540,-5692,-4989]],"type":"Polygon","properties":{"n":"Tekari","c":251919,"d":"Rohtas","s":"BIHAR"}},{"arcs":[[-623,-3595,-5912,-5038,-5247,-5396,-5096,-5909]],"type":"Polygon","properties":{"n":"Tekari","c":251889,"d":"Rohtas","s":"BIHAR"}},{"arcs":[[-3049,-3922,-5311,-5721,-2396,-4844,-3696]],"type":"Polygon","properties":{"n":"Tendua","c":252455,"d":"Rohtas","s":"BIHAR"}},{"arcs":[[-993,-286,-2706,-5870,-3229,-3588]],"type":"Polygon","properties":{"n":"Tendua","c":252423,"d":"Rohtas","s":"BIHAR"}},{"arcs":[[-1962,-3392,-6,-3665,-5740,-304]],"type":"Polygon","properties":{"n":"Torni","c":252161,"d":"Rohtas","s":"BIHAR"}},{"arcs":[[-3464,-5203,-5608,-1580,-3614,-4410,-5762]],"type":"Polygon","properties":{"n":"Torni","c":251722,"d":"Rohtas","s":"BIHAR"}},{"arcs":[[-5531,-3561,-659,-5313,-4779,-5401]],"type":"Polygon","properties":{"n":"Turki","c":251979,"d":"Rohtas","s":"BIHAR"}},{"arcs":[[-2821,-5418,-5563,-2074,-5778,-4834]],"type":"Polygon","properties":{"n":"Turki","c":252317,"d":"Rohtas","s":"BIHAR"}},{"arcs":[[5933,-1150,-5365,-5362]],"type":"Polygon","properties":{"n":"Uchaila","c":252685,"d":"Rohtas","s":"BIHAR"}},{"arcs":[[-5667,-1614,-1131,-3953]],"type":"Polygon","properties":{"n":"Uchaila","c":252632,"d":"Rohtas","s":"BIHAR"}},{"arcs":[[-2527,-704,-3268,-5907,5934,-5588,-1559,-5587,-4474,-5732,-2572]],"type":"Polygon","properties":{"n":"Uli Banahi","c":252073,"d":"Rohtas","s":"BIHAR"}},{"arcs":[[-4003,-4947,-446,-949,-5368,-1312]],"type":"Polygon","properties":{"n":"Kamal Khairwa","c":252093,"d":"Rohtas","s":"BIHAR"}}]}}}