{"type":"Topology","arcs":[[[36442,41793],[563,-208]],[[37005,41585],[-332,-590],[466,-988]],[[37139,40007],[-407,-204],[-881,10],[-71,-361]],[[35780,39452],[-1651,261]],[[34129,39713],[-62,1154],[820,1184],[-11,251]],[[34876,42302],[137,67]],[[35013,42369],[232,-275],[795,-395],[402,94]],[[69613,8144],[910,-412]],[[70523,7732],[-505,-1518],[-421,-532]],[[69597,5682],[-1010,753]],[[68587,6435],[125,169],[-231,643],[-312,315]],[[68169,7562],[791,646]],[[68960,8208],[653,-64]],[[72630,11940],[-558,-837],[-389,-2],[-205,-516]],[[71478,10585],[-490,236],[-1302,228]],[[69686,11049],[661,1108],[534,230]],[[70881,12387],[351,-171],[1398,-276]],[[33168,4096],[54,-327],[-549,40],[-145,-369],[-391,-151]],[[32137,3289],[-685,517],[-47,321],[-592,195]],[[30813,4322],[860,816]],[[31673,5138],[572,61],[793,486]],[[33038,5685],[-88,-691],[218,-898]],[[14644,24908],[11,-321],[1018,-485]],[[15673,24102],[-114,-1072],[-347,-1007],[-672,-349]],[[14540,21674],[-873,58],[-890,748],[-47,374],[-375,179],[-892,-165],[-892,420],[437,626],[476,307]],[[11484,24221],[550,323]],[[12034,24544],[353,-71],[557,310],[877,180],[823,-55]],[[33103,29204],[306,-1007]],[[33409,28197],[186,-899]],[[33595,27298],[-990,126],[-388,-312]],[[32217,27112],[84,1621],[-416,458],[-539,-152],[-477,356],[-404,-375],[-887,-12],[205,-278],[-277,-287]],[[29506,28443],[-79,-337]],[[29427,28106],[-221,-596],[-982,-110]],[[28224,27400],[-1248,142]],[[26976,27542],[-364,274]],[[26612,27816],[794,208],[521,822]],[[27927,28846],[389,732]],[[28316,29578],[392,597]],[[28708,30175],[630,-181]],[[29338,29994],[919,276],[393,-544],[731,693]],[[31381,30419],[63,11]],[[31444,30430],[1659,-1226]],[[15138,28713],[-1512,-1544]],[[13626,27169],[-1294,488],[-807,-1068]],[[11525,26589],[-382,-119],[-853,1065]],[[10290,27535],[645,760]],[[10935,28295],[1008,-19],[1414,431],[545,330]],[[13902,29037],[1236,-324]],[[71445,57122],[42,-117]],[[71487,57005],[-263,-732]],[[71224,56273],[-126,-25]],[[71098,56248],[-247,-135]],[[70851,56113],[-118,140],[432,811]],[[71165,57064],[280,58]],[[32217,27112],[-91,-104]],[[32126,27008],[-2620,1435]],[[35780,39452],[3,-404]],[[35783,39048],[-134,-981]],[[35649,38067],[26,-194]],[[35675,37873],[-1045,-239]],[[34630,37634],[-374,68]],[[34256,37702],[28,798]],[[34284,38500],[104,669],[-291,453]],[[34097,39622],[32,91]],[[32321,42376],[202,-220]],[[32523,42156],[-7,-1153],[-200,-245],[-987,33],[-386,-162]],[[30943,40629],[289,887],[-145,472]],[[31087,41988],[262,518]],[[31349,42506],[224,94],[748,-224]],[[30943,40629],[288,-926]],[[31231,39703],[-687,-303]],[[30544,39400],[-506,498]],[[30038,39898],[366,729]],[[30404,40627],[539,2]],[[34686,36321],[0,-448]],[[34686,35873],[-76,-118]],[[34610,35755],[-1186,-676],[-255,-482]],[[33169,34597],[-216,286],[-858,489],[-291,505]],[[31804,35877],[1294,532],[-42,376]],[[33056,36785],[30,129]],[[33086,36914],[1600,-593]],[[34284,38500],[-1073,19]],[[33211,38519],[-18,331]],[[33193,38850],[127,805]],[[33320,39655],[777,-33]],[[33193,38850],[-586,-191],[-272,-355],[12,-764]],[[32347,37540],[-753,-137]],[[31594,37403],[-140,297]],[[31454,37700],[-591,548],[-588,285]],[[30275,38533],[269,867]],[[31231,39703],[1198,229],[302,-257],[589,-20]],[[33746,37345],[-436,412]],[[33310,37757],[-99,762]],[[34256,37702],[-510,-357]],[[33310,37757],[-963,-217]],[[33746,37345],[-588,-152],[-72,-279]],[[33056,36785],[-365,330],[-1064,-473]],[[31627,36642],[-33,761]],[[35049,32113],[253,-596]],[[35302,31517],[-582,-235],[-84,-665],[674,-656]],[[35310,29961],[726,-521]],[[36036,29440],[-365,-1144],[-228,-270],[-436,-1401],[61,-658]],[[35068,25967],[-652,36]],[[34416,26003],[-397,719],[400,804],[-39,344],[-791,318]],[[33589,28188],[371,1098],[421,775],[-112,331],[-696,562]],[[33573,30954],[-92,903]],[[33481,31857],[993,70]],[[34474,31927],[575,186]],[[33573,30954],[-470,-1750]],[[31444,30430],[258,82],[-103,1134],[446,338],[258,-490],[223,128],[-30,541]],[[32496,32163],[985,-306]],[[34686,36321],[-56,1313]],[[35675,37873],[328,-1327],[-191,-878]],[[35812,35668],[-1126,205]],[[31804,35877],[-177,765]],[[31804,35877],[-623,-397]],[[31181,35480],[-812,941],[1085,1279]],[[31181,35480],[-465,-333],[217,-556],[470,-446],[426,-672]],[[31829,33473],[32,-694],[635,-616]],[[31381,30419],[-282,154],[-139,888],[-1052,255],[-33,1027],[-570,397],[-85,384]],[[29220,33524],[481,-124],[590,138],[-141,867],[-465,337],[-755,62]],[[28930,34804],[-814,319],[-316,278]],[[27800,35401],[-132,412],[193,296]],[[27861,36109],[978,387]],[[28839,36496],[695,678],[660,1374]],[[30194,38548],[81,-15]],[[31829,33473],[1204,688]],[[33033,34161],[527,-350],[1014,-231],[-182,-584],[82,-1069]],[[35581,34320],[-585,-476],[-232,-498],[512,-1245]],[[35276,32101],[-227,12]],[[33033,34161],[136,436]],[[34610,35755],[278,-904],[693,-531]],[[32972,42291],[69,-299],[436,-170],[708,125],[691,355]],[[32523,42156],[449,135]],[[27337,41170],[581,-217]],[[27918,40953],[278,-619],[442,-170]],[[28638,40164],[871,-546],[529,280]],[[30194,38548],[-423,21],[-1140,-290],[208,-1783]],[[27861,36109],[-1074,1356]],[[26787,37465],[-405,207]],[[26382,37672],[17,1070]],[[26399,38742],[129,533]],[[26528,39275],[599,109],[-1278,1365],[-721,-15]],[[25128,40734],[276,542],[689,578]],[[26093,41854],[830,-245],[414,-439]],[[37192,35318],[-34,-258]],[[37158,35060],[193,-813],[-138,-226]],[[37213,34021],[-469,359],[-533,-89],[-137,-280]],[[36074,34011],[-493,309]],[[35812,35668],[334,-45],[503,308]],[[36649,35931],[287,-570],[256,-43]],[[13147,29740],[-781,1026]],[[12366,30766],[595,918]],[[12961,31684],[673,-199],[1170,253],[801,463]],[[15605,32201],[563,-478]],[[16168,31723],[-443,-661],[9,-532]],[[15734,30530],[-1756,-494]],[[13978,30036],[-831,-296]],[[21612,36444],[1050,-269]],[[22662,36175],[819,-457]],[[23481,35718],[-2,-94]],[[23479,35624],[-353,-1547],[-82,-721]],[[23044,33356],[-1364,-97],[-2098,274]],[[19582,33533],[3,924]],[[19585,34457],[957,996],[318,1143]],[[20860,36596],[752,-152]],[[19582,33533],[-650,-1643],[-473,-704],[-745,145],[-699,581]],[[17015,31912],[169,777],[246,334],[-160,1865],[149,648]],[[17419,35536],[477,1025],[473,345]],[[18369,36906],[426,161]],[[18795,37067],[70,-305],[-124,-1498],[74,-282],[770,-525]],[[26542,35468],[-70,-552],[-1123,-1120]],[[25349,33796],[-1160,724],[-710,1104]],[[23481,35718],[1447,287],[855,-185],[759,-352]],[[26528,39275],[-202,265],[-730,-82]],[[25596,39458],[88,582],[-674,-66]],[[25010,39974],[-211,376]],[[24799,40350],[329,384]],[[24799,40350],[-802,-50]],[[23997,40300],[-171,81]],[[23826,40381],[24,511],[654,592]],[[24504,41484],[258,601]],[[24762,42085],[553,120]],[[25315,42205],[778,-351]],[[23847,39666],[165,-375]],[[24012,39291],[-341,-115],[-206,437],[382,53]],[[25010,39974],[-177,-597]],[[24833,39377],[19,-222],[-840,136]],[[23847,39666],[150,634]],[[29938,40709],[466,-82]],[[28638,40164],[86,567]],[[28724,40731],[1214,-22]],[[25725,38726],[-177,-747],[145,-327]],[[25693,37652],[-955,85]],[[24738,37737],[306,1135],[681,-146]],[[26382,37672],[-689,-20]],[[25725,38726],[674,16]],[[26976,27542],[442,-551],[106,-533],[594,-559],[284,-857],[-188,-402]],[[28214,24640],[-409,-27]],[[27805,24613],[-555,508],[-215,655],[-515,269]],[[26520,26045],[115,594],[-328,418]],[[26307,27057],[51,552],[254,207]],[[23820,26690],[201,-596]],[[24021,26094],[-309,-458],[-365,-144],[-1263,-42]],[[22084,25450],[-513,494]],[[21571,25944],[1041,719]],[[22612,26663],[630,234],[578,-207]],[[30399,26339],[-664,-428]],[[29735,25911],[-734,-98],[-505,359],[-272,1228]],[[29427,28106],[308,-907],[251,-38],[47,-511],[366,-311]],[[22084,25450],[-235,-423],[-825,-273]],[[21024,24754],[-427,308],[-1046,-80]],[[19551,24982],[-1518,503]],[[18033,25485],[-209,108]],[[17824,25593],[1214,1181]],[[19038,26774],[811,-565],[761,517],[420,82]],[[21030,26808],[-300,-421],[841,-443]],[[19551,24982],[-740,-274],[-224,-691]],[[18587,24017],[-173,-180]],[[18414,23837],[-126,1362],[-255,286]],[[21024,24754],[357,-491],[-149,-545],[321,-437]],[[21553,23281],[-91,-131],[-1796,-6]],[[19666,23144],[-727,425]],[[18939,23569],[-352,448]],[[26520,26045],[-148,-437],[-347,-24]],[[26025,25584],[-1528,245],[-476,265]],[[23820,26690],[486,409]],[[24306,27099],[655,587]],[[24961,27686],[629,-189],[717,-440]],[[28214,24640],[1411,80]],[[29625,24720],[-319,-453],[54,-787]],[[29360,23480],[284,-1151]],[[29644,22329],[-186,84]],[[29458,22413],[-943,177],[-487,-252]],[[28028,22338],[-610,778],[-932,529],[-361,629]],[[26125,24274],[240,249],[-285,456]],[[26080,24979],[1042,-305],[683,-61]],[[29735,25911],[131,-693],[-241,-498]],[[26080,24979],[-172,341]],[[25908,25320],[117,264]],[[70904,9400],[299,-432],[-680,-1236]],[[69613,8144],[228,155],[262,896],[-150,400]],[[69953,9595],[951,-195]],[[14255,25448],[-361,194],[-1821,-343]],[[12073,25299],[-123,420],[-455,384],[30,486]],[[13626,27169],[-13,-541]],[[13613,26628],[48,-397],[493,-425],[101,-358]],[[12034,24544],[39,755]],[[14255,25448],[389,-540]],[[69817,62327],[-534,-81],[-368,348],[200,289],[783,-342],[-81,-214]],[[80792,52060],[532,98],[650,-588],[-708,-917],[-546,-28],[-193,324],[265,1111]],[[89771,21310],[194,214],[595,-474],[-274,-126],[-515,386]],[[68321,18491],[196,446],[500,-369],[-445,-339],[-251,262]],[[77580,19904],[291,-574]],[[77871,19330],[-343,-712],[-410,-248],[-846,97],[-1133,434]],[[75139,18901],[45,561],[620,1099]],[[75804,20561],[520,-328],[1256,-329]],[[77332,21011],[570,-626],[-322,-481]],[[75804,20561],[254,477]],[[76058,21038],[715,86],[559,-113]],[[73552,22268],[818,-423]],[[74370,21845],[-224,-393],[-713,-719],[-696,-104]],[[72737,20629],[815,1639]],[[73552,22268],[343,641],[390,222]],[[74285,23131],[551,-357]],[[74836,22774],[-121,-1042]],[[74715,21732],[-345,113]],[[73552,22268],[-718,-106]],[[72834,22162],[-401,343]],[[72433,22505],[695,1366]],[[73128,23871],[441,-224]],[[73569,23647],[425,-124],[291,-392]],[[73569,23647],[675,637]],[[74244,24284],[394,-301]],[[74638,23983],[633,-715]],[[75271,23268],[-435,-494]],[[74638,23983],[53,716],[241,174]],[[74932,24873],[747,-386],[483,-489]],[[76162,23998],[-891,-730]],[[74932,24873],[-38,1111],[118,52]],[[75012,26036],[789,137],[225,-130]],[[76026,26043],[172,-792],[647,-1227]],[[76845,24024],[-683,-26]],[[73128,23871],[-389,278]],[[72739,24149],[923,1163],[764,-642],[-182,-386]],[[72739,24149],[-431,146]],[[72308,24295],[164,957],[-65,430],[177,988],[565,473]],[[73149,27143],[418,1259],[691,-3]],[[74258,28399],[-3,-588],[521,-249]],[[74776,27562],[-99,-577],[335,-949]],[[74776,27562],[150,386]],[[74926,27948],[439,-363]],[[75365,27585],[430,-515]],[[75795,27070],[223,-619],[290,-255]],[[76308,26196],[-282,-153]],[[75365,27585],[362,330]],[[75727,27915],[298,-382]],[[76025,27533],[-230,-463]],[[74926,27948],[22,340]],[[74948,28288],[281,6]],[[75229,28294],[498,-379]],[[75229,28294],[338,1014]],[[75567,29308],[599,-394]],[[76166,28914],[53,-816]],[[76219,28098],[-194,-565]],[[74258,28399],[169,461]],[[74427,28860],[524,-54],[-3,-518]],[[73149,27143],[-485,516]],[[72664,27659],[62,1092]],[[72726,28751],[177,227]],[[72903,28978],[325,-168],[670,147]],[[73898,28957],[529,-97]],[[72664,27659],[-397,426],[-373,37]],[[71894,28122],[269,851]],[[72163,28973],[563,-222]],[[71894,28122],[-453,383],[-848,150],[-314,-187],[-479,134]],[[69800,28602],[290,532],[459,-24],[-47,406]],[[70502,29516],[88,199]],[[70590,29715],[1139,191]],[[71729,29906],[698,-302],[-264,-631]],[[69800,28602],[-887,0]],[[68913,28602],[12,640],[-266,302]],[[68659,29544],[232,226]],[[68891,29770],[286,-185],[1325,-69]],[[68913,28602],[-656,-212]],[[68257,28390],[-621,909]],[[67636,29299],[1023,245]],[[68257,28390],[-1133,-432]],[[67124,27958],[-243,133],[-1104,28],[33,252]],[[65810,28371],[426,438]],[[66236,28809],[141,292],[606,-115]],[[66983,28986],[372,-26],[281,339]],[[69669,25033],[-205,-19]],[[69464,25014],[-251,47],[-231,-583],[-682,-727],[283,-694],[392,-256]],[[68975,22801],[5,-779]],[[68980,22022],[351,-331]],[[69331,21691],[-265,-411]],[[69066,21280],[-442,116],[96,436],[-601,544],[-347,542],[-760,149],[-668,-414]],[[66344,22653],[-106,168]],[[66238,22821],[-253,1286]],[[65985,24107],[-291,818],[-503,359]],[[65191,25284],[446,1055],[412,252],[477,-29],[598,1396]],[[68913,28602],[-244,-1371],[214,-486],[411,-76],[266,-461],[750,-118],[-618,-758],[-23,-299]],[[72308,24295],[-905,201],[-759,18]],[[70644,24514],[-70,246],[-905,273]],[[69464,25014],[53,-960]],[[69517,24054],[-418,-828]],[[69099,23226],[-124,-425]],[[70644,24514],[-380,-741]],[[70264,23773],[-747,281]],[[70264,23773],[-220,-463]],[[70044,23310],[-482,-395],[-463,311]],[[70044,23310],[-84,-836]],[[69960,22474],[-163,-203],[-817,-249]],[[69960,22474],[214,-29]],[[70174,22445],[-334,-791],[-509,37]],[[72433,22505],[-437,225],[-819,-168],[-580,79],[-423,-196]],[[72834,22162],[-780,-1187],[117,-637],[-307,-531]],[[71864,19807],[-627,184]],[[71237,19991],[355,1642],[437,731],[404,141]],[[77025,28923],[-638,44]],[[76387,28967],[308,407],[-152,488]],[[76543,29862],[642,-212]],[[77185,29650],[239,-224],[-399,-503]],[[78277,30740],[196,-659],[377,-334]],[[78850,29747],[-758,-364]],[[78092,29383],[-425,276]],[[77667,29659],[-245,218],[167,427],[678,487]],[[78267,30791],[10,-51]],[[77917,31216],[350,-425]],[[77667,29659],[-482,-9]],[[76543,29862],[-119,295],[425,431],[120,622]],[[76969,31210],[948,6]],[[76387,28967],[-221,-53]],[[75567,29308],[-229,436]],[[75338,29744],[246,634],[-66,420],[306,168]],[[75824,30966],[905,253]],[[76729,31219],[240,-9]],[[74776,29601],[-483,224]],[[74293,29825],[-361,443],[-444,169]],[[73488,30437],[-324,429]],[[73164,30866],[-376,174],[75,876],[163,268],[722,-51],[635,-434]],[[74383,31699],[409,-898],[-16,-1200]],[[74776,29601],[562,143]],[[73898,28957],[162,708],[233,160]],[[72903,28978],[22,1179],[427,-10],[136,290]],[[71729,29906],[-28,353]],[[71701,30259],[312,457],[1007,-119],[144,269]],[[73778,33102],[-1365,-305]],[[72413,32797],[-151,-10]],[[72262,32787],[-390,351],[415,490],[-472,394],[-283,561],[278,77]],[[71810,34660],[489,-4]],[[72299,34656],[1870,-184]],[[74169,34472],[-107,-716],[-284,-654]],[[71058,36827],[-226,-445],[274,-1398]],[[71106,34984],[-457,-329],[-948,63]],[[69701,34718],[-79,1118]],[[69622,35836],[-286,169]],[[69336,36005],[1002,503],[154,589]],[[70492,37097],[566,-270]],[[68466,36951],[383,-461]],[[68849,36490],[-237,-415],[-827,35]],[[67785,36110],[-82,94]],[[67703,36204],[325,1050]],[[68028,37254],[438,-303]],[[68849,36490],[425,-467]],[[69274,36023],[62,-18]],[[69622,35836],[-818,-542]],[[68804,35294],[-1273,-19]],[[67531,35275],[375,366],[-308,55],[187,414]],[[69701,34718],[-897,576]],[[71106,34984],[704,-324]],[[72262,32787],[-519,-499],[-826,-27]],[[70917,32261],[-367,213],[50,548],[-1052,-275]],[[69548,32747],[255,823],[-685,-25]],[[69118,33545],[-626,344],[-789,-213]],[[67703,33676],[123,531],[-679,688]],[[67147,34895],[384,380]],[[72413,32797],[68,-674],[-153,-605],[-486,224]],[[71842,31742],[-831,63]],[[71011,31805],[-94,456]],[[74476,32996],[-109,-507],[207,-262]],[[74574,32227],[-191,-528]],[[71701,30259],[-84,1048],[225,435]],[[73778,33102],[698,-106]],[[70590,29715],[452,714],[-640,89],[-365,422]],[[70037,30940],[402,253],[119,466],[453,146]],[[68891,29770],[288,1258],[384,448]],[[69563,31476],[-166,-685],[246,-141],[394,290]],[[69563,31476],[-466,262]],[[69097,31738],[-327,501],[778,508]],[[69097,31738],[-815,280],[-847,64]],[[67435,32082],[580,897]],[[68015,32979],[348,-163],[755,729]],[[68015,32979],[-345,378],[33,319]],[[67435,32082],[-10,707],[-581,-29],[-493,900],[131,855]],[[66482,34515],[665,380]],[[68891,29770],[-1170,412],[-682,534],[-533,-18]],[[66506,30698],[-107,35]],[[66399,30733],[118,551],[918,798]],[[66983,28986],[-138,490],[-444,522]],[[66401,29998],[105,700]],[[66236,28809],[-1237,802]],[[64999,29611],[594,108],[551,379],[257,-100]],[[64999,29611],[-281,123]],[[64718,29734],[433,865]],[[65151,30599],[1248,134]],[[64233,33249],[11,423]],[[64244,33672],[230,473],[399,-64],[404,-941],[-416,-455],[-628,564]],[[64233,33249],[-192,-560],[-680,702],[-443,265],[348,491],[978,-475]],[[64428,34951],[390,-251]],[[64818,34700],[488,-206]],[[65306,34494],[1176,21]],[[66399,30733],[-275,482],[-545,33]],[[65579,31248],[-1059,273],[-233,-292],[-693,-6]],[[63594,31223],[-633,1182],[-1021,58],[-414,-420]],[[61526,32043],[-699,282]],[[60827,32325],[631,881],[395,185],[-464,399],[-673,-125],[63,-251],[-483,24],[313,716],[369,254],[38,423]],[[61016,34831],[419,248],[19,505]],[[61454,35584],[426,110]],[[61880,35694],[433,-131],[734,-703],[481,200],[400,644]],[[63928,35704],[-84,-702],[584,-51]],[[65306,34494],[48,952]],[[65354,35446],[743,-405]],[[66097,35041],[385,-526]],[[66097,35041],[617,183],[433,-329]],[[65354,35446],[-461,245]],[[64893,35691],[4,266]],[[64897,35957],[310,-128],[497,237],[97,421]],[[65801,36487],[536,237],[495,-228]],[[66832,36496],[-115,-403]],[[66717,36093],[64,-473],[750,-345]],[[66717,36093],[986,111]],[[66832,36496],[245,495],[318,-29],[320,610]],[[67715,37572],[313,-318]],[[64815,37998],[373,552]],[[65188,38550],[832,26]],[[66020,38576],[230,-14]],[[66250,38562],[-212,-783],[-301,-224]],[[65737,37555],[-653,286]],[[65084,37841],[-269,157]],[[64815,37998],[-181,-243],[-523,124]],[[64111,37879],[-554,390],[268,485]],[[63825,38754],[988,-29],[375,-175]],[[65737,37555],[27,-213]],[[65764,37342],[-98,-117]],[[65666,37225],[-549,-9],[-214,349]],[[64903,37565],[181,276]],[[65666,37225],[-336,-419]],[[65330,36806],[-692,96]],[[64638,36902],[-148,432],[413,231]],[[65330,36806],[-32,-196]],[[65298,36610],[-84,-100]],[[65214,36510],[-403,4]],[[64811,36514],[-173,388]],[[65214,36510],[11,-357],[-328,-196]],[[64897,35957],[-388,164],[-217,-338]],[[64292,35783],[-96,46]],[[64196,35829],[188,782],[427,-97]],[[64893,35691],[-75,-991]],[[64428,34951],[-136,832]],[[63928,35704],[268,125]],[[61880,35694],[120,426]],[[62000,36120],[1071,-199],[881,404],[-79,1345]],[[63873,37670],[238,209]],[[63873,37670],[-992,405],[-427,30],[-389,364]],[[62065,38469],[960,244]],[[63025,38713],[310,284]],[[63335,38997],[228,95]],[[63563,39092],[262,-338]],[[62000,36120],[-19,532],[-253,341],[-100,631]],[[61628,37624],[-16,245]],[[61612,37869],[453,600]],[[63563,39092],[194,828]],[[63757,39920],[872,-293],[144,186]],[[64773,39813],[652,-561],[534,-149],[61,-527]],[[63335,38997],[-539,535],[-352,609]],[[62444,40141],[222,225],[1411,378]],[[64077,40744],[-320,-824]],[[63025,38713],[-761,249],[-171,676],[351,503]],[[61612,37869],[-534,373]],[[61078,38242],[361,286],[-533,315]],[[60906,38843],[83,821]],[[60989,39664],[397,24],[410,415],[648,38]],[[61078,38242],[-851,73]],[[60227,38315],[58,272]],[[60285,38587],[621,256]],[[60285,38587],[9,868]],[[60294,39455],[146,295]],[[60440,39750],[549,-86]],[[61628,37624],[-1257,-136]],[[60371,37488],[-263,385]],[[60108,37873],[119,442]],[[61454,35584],[-888,112],[-291,306]],[[60275,36002],[106,496],[-326,674]],[[60055,37172],[316,316]],[[61016,34831],[-255,187],[-777,-14]],[[59984,35004],[-794,127],[-452,-165]],[[58738,34966],[58,641],[482,-13],[-175,556]],[[59103,36150],[1172,-148]],[[59103,36150],[-163,-212],[-609,98]],[[58331,36036],[4,668]],[[58335,36704],[790,482],[64,257]],[[59189,37443],[866,-271]],[[59189,37443],[185,429]],[[59374,37872],[409,210],[325,-209]],[[59374,37872],[-630,446]],[[58744,38318],[143,344]],[[58887,38662],[316,639]],[[59203,39301],[684,305],[407,-151]],[[59189,37443],[-527,267],[-71,358]],[[58591,38068],[153,250]],[[58335,36704],[-675,474]],[[57660,37178],[39,249]],[[57699,37427],[300,529]],[[57999,37956],[592,112]],[[58331,36036],[-851,-803],[-312,-36]],[[57168,35197],[182,1042],[310,939]],[[58738,34966],[10,-37]],[[58748,34929],[-594,-14]],[[58154,34915],[177,1121]],[[58154,34915],[-1115,-605]],[[57039,34310],[-213,230],[308,578]],[[57134,35118],[34,79]],[[58748,34929],[45,-195]],[[58793,34734],[-282,-128],[-354,-685]],[[58157,33921],[-1226,-165]],[[56931,33756],[-262,392]],[[56669,34148],[370,162]],[[59984,35004],[-236,-228],[-955,-42]],[[60827,32325],[-1050,323]],[[59777,32648],[-725,481],[-122,569],[-635,-3]],[[58295,33695],[-138,226]],[[58295,33695],[-471,-671],[-1104,-88]],[[56720,32936],[211,820]],[[59777,32648],[-240,-225],[227,-1467]],[[59764,30956],[-1281,277],[-304,-326],[-670,-330]],[[57509,30577],[-730,1245]],[[56779,31822],[-286,831]],[[56493,32653],[227,283]],[[61526,32043],[1206,-685],[841,-203]],[[63573,31155],[159,-392]],[[63732,30763],[-420,-634]],[[63312,30129],[-1788,147],[-601,182]],[[60923,30458],[-991,161]],[[59932,30619],[-168,337]],[[63594,31223],[-21,-68]],[[65579,31248],[-505,-207],[77,-442]],[[65151,30599],[-718,30]],[[64433,30629],[-701,134]],[[64433,30629],[-374,-863]],[[64059,29766],[-618,-141]],[[63441,29625],[-129,504]],[[64718,29734],[-659,32]],[[65810,28371],[-983,25],[-1232,-440]],[[63595,27956],[-167,337]],[[63428,28293],[-234,665],[146,233]],[[63340,29191],[101,434]],[[63428,28293],[-380,-4],[-954,621]],[[62094,28910],[326,339],[920,-58]],[[63595,27956],[94,-385]],[[63689,27571],[-676,110],[-1013,502]],[[62000,28183],[-301,479]],[[61699,28662],[395,248]],[[61699,28662],[-184,51]],[[61515,28713],[-692,332]],[[60823,29045],[142,251],[-42,1162]],[[60823,29045],[-939,297],[-404,462]],[[59480,29804],[452,815]],[[59480,29804],[-501,616],[-254,-162]],[[58725,30258],[-715,76],[-501,243]],[[59480,29804],[20,-457],[-319,-489],[57,-357]],[[59238,28501],[-533,111]],[[58705,28612],[-325,163],[-310,613],[515,476],[140,394]],[[58705,28612],[-648,19],[-794,371],[-1248,-46]],[[56015,28956],[417,876]],[[56432,29832],[187,246],[673,149],[217,350]],[[56432,29832],[-1059,262]],[[55373,30094],[-305,547]],[[55068,30641],[545,666],[-33,340]],[[55580,31647],[642,200],[557,-25]],[[59238,28501],[-281,-692]],[[58957,27809],[-1122,-447],[-166,-250],[-731,-177],[-383,-327]],[[56555,26608],[-257,1338],[-781,876]],[[55517,28822],[498,134]],[[59843,26006],[-596,34],[-531,303],[-438,-18],[-549,-336],[-745,83]],[[56984,26072],[-429,536]],[[58957,27809],[398,-261],[293,-550],[195,-992]],[[65298,36610],[503,-123]],[[66215,40925],[796,-320]],[[67011,40605],[-31,-553]],[[66980,40052],[-680,-112],[-957,572]],[[65343,40512],[120,719]],[[65463,41231],[752,-306]],[[66215,40925],[124,442]],[[66339,41367],[530,1]],[[66869,41368],[305,-679],[-163,-84]],[[67468,42326],[-4,-620]],[[67464,41706],[-312,-240]],[[67152,41466],[-283,-98]],[[66339,41367],[-213,420],[278,526],[545,168]],[[66949,42481],[519,-155]],[[67630,41405],[-166,301]],[[67468,42326],[400,-302],[-238,-619]],[[66939,42496],[-432,269],[132,574]],[[66639,43339],[638,-670],[-338,-173]],[[66791,43518],[-152,-179]],[[66939,42496],[10,-15]],[[65463,41231],[-46,258]],[[65417,41489],[206,455],[-358,424],[-501,29]],[[64764,42397],[-81,508]],[[64683,42905],[602,385]],[[65285,43290],[106,329],[756,-456],[301,443],[343,-88]],[[65417,41489],[-614,259]],[[64803,41748],[-39,649]],[[64803,41748],[-269,-718],[-467,-166]],[[64067,40864],[-659,758],[87,1179]],[[63495,42801],[410,-45],[325,264]],[[64230,43020],[453,-115]],[[65343,40512],[-570,-699]],[[64077,40744],[-10,120]],[[59203,39301],[-827,47],[-309,-196]],[[58067,39152],[-762,-137],[-945,68]],[[56360,39083],[-90,478]],[[56270,39561],[-90,243]],[[56180,39804],[561,177]],[[56741,39981],[495,213]],[[57236,40194],[487,152],[-135,301]],[[57588,40647],[-109,155]],[[57479,40802],[995,337]],[[58474,41139],[153,-654],[978,-245],[1653,-99]],[[61258,40141],[-818,-391]],[[58161,42558],[194,-29]],[[58355,42529],[190,-1060],[-71,-330]],[[57479,40802],[-233,433]],[[57246,41235],[89,667],[-211,540]],[[57124,42442],[537,203],[500,-87]],[[57246,41235],[-558,-299]],[[56688,40936],[-382,-28]],[[56306,40908],[-380,-20]],[[55926,40888],[387,1377]],[[56313,42265],[811,177]],[[55976,42477],[337,-212]],[[55926,40888],[-892,207],[-508,275]],[[54526,41370],[21,124]],[[54547,41494],[985,1025]],[[55532,42519],[444,-42]],[[54526,41370],[8,-506]],[[54534,40864],[-849,-236]],[[53685,40628],[10,613],[273,449]],[[53968,41690],[579,-196]],[[53685,40628],[-257,-323]],[[53428,40305],[-738,-29],[34,1465],[348,359]],[[53072,42100],[896,-410]],[[53428,40305],[-356,-316]],[[53072,39989],[-358,-633]],[[52714,39356],[-191,-89]],[[52523,39267],[-344,759],[-935,447]],[[51244,40473],[29,593]],[[51273,41066],[116,1320],[351,321]],[[51740,42707],[1332,-607]],[[49417,41244],[660,-355],[555,65]],[[50632,40954],[641,112]],[[51244,40473],[-567,-600],[-186,-883]],[[50491,38990],[-203,72],[-859,-348]],[[49429,38714],[-117,1585],[-210,528]],[[49102,40827],[27,364]],[[49129,41191],[288,53]],[[52523,39267],[-261,-638],[73,-693]],[[52335,37936],[-875,-298]],[[51460,37638],[-367,-180]],[[51093,37458],[39,780],[-243,85],[-398,667]],[[51093,37458],[215,-946],[-695,-177],[-477,-389],[-535,-104]],[[49601,35842],[-877,146]],[[48724,35988],[15,42]],[[48739,36030],[163,762]],[[48902,36792],[369,180]],[[49271,36972],[119,-253],[385,279],[593,72],[202,476],[523,-88]],[[49601,35842],[54,-334]],[[49655,35508],[-256,-347]],[[49399,35161],[-826,-179],[-539,131]],[[48034,35113],[76,668]],[[48110,35781],[488,-33],[126,240]],[[51460,37638],[401,-257],[-12,-1493]],[[51849,35888],[-1217,-372]],[[50632,35516],[-977,-8]],[[49466,35056],[-354,-309],[-525,-859]],[[48587,33888],[-629,231],[-754,70]],[[47204,34189],[222,394],[608,530]],[[49399,35161],[67,-105]],[[51849,35888],[1293,-1191]],[[53142,34697],[-150,-373]],[[52992,34324],[-471,-703]],[[52521,33621],[-706,-261]],[[51815,33360],[-606,-292],[-1157,-980]],[[50052,32088],[-36,136]],[[50016,32224],[495,681],[346,891],[-162,446],[155,473],[-218,801]],[[52357,32716],[-198,-509],[-598,-878],[-52,-790]],[[51509,30539],[-833,262]],[[50676,30801],[-350,174],[-274,1113]],[[51815,33360],[491,-251],[51,-393]],[[55068,30641],[-771,158],[-951,703]],[[53346,31502],[928,538],[622,-465],[684,72]],[[52521,33621],[1,-124]],[[52522,33497],[73,-607],[477,-213]],[[53072,32677],[274,-1175]],[[53346,31502],[-442,163],[-547,1051]],[[53072,32677],[350,266]],[[53422,32943],[421,529]],[[53843,33472],[1329,-267]],[[55172,33205],[-145,-689]],[[55027,32516],[17,-340],[536,-529]],[[55027,32516],[577,-78],[889,215]],[[55172,33205],[313,-206],[581,6],[427,-352]],[[53843,33472],[107,166]],[[53950,33638],[345,154],[466,867],[455,237]],[[55216,34896],[706,-634],[747,-114]],[[53422,32943],[-286,450]],[[53136,33393],[707,79]],[[52522,33497],[614,-104]],[[52992,34324],[543,-183],[415,-503]],[[53142,34697],[70,405]],[[53212,35102],[482,-111]],[[53694,34991],[1169,80],[345,-83]],[[55208,34988],[8,-92]],[[55208,34988],[208,361],[-40,504]],[[55376,35853],[538,4]],[[55914,35857],[484,-341]],[[56398,35516],[736,-398]],[[53694,34991],[762,1203]],[[54456,36194],[920,-341]],[[53212,35102],[385,1084]],[[53597,36186],[859,8]],[[52335,37936],[1006,-157],[784,178]],[[54125,37957],[-47,-255],[490,-397]],[[54568,37305],[-948,-49],[58,-467]],[[53678,36789],[-81,-603]],[[53678,36789],[1025,-69]],[[54703,36720],[509,-38],[603,-324]],[[55815,36358],[99,-501]],[[55815,36358],[36,198],[688,-146]],[[56539,36410],[-141,-894]],[[56539,36410],[-69,674]],[[56470,37084],[-166,306],[828,312]],[[57132,37702],[567,-275]],[[54703,36720],[-135,585]],[[54568,37305],[942,-35]],[[55510,37270],[960,-186]],[[54125,37957],[791,67],[619,-375]],[[55535,37649],[-25,-379]],[[55535,37649],[915,816]],[[56450,38465],[788,-605]],[[57238,37860],[-106,-158]],[[54125,37957],[278,828],[328,420]],[[54731,39205],[553,149]],[[55284,39354],[948,-556]],[[56232,38798],[218,-333]],[[52714,39356],[1202,12]],[[53916,39368],[815,-163]],[[53072,39989],[1479,486]],[[54551,40475],[2,-497]],[[54553,39978],[-567,-149],[-70,-461]],[[54553,39978],[392,-57]],[[54945,39921],[522,-43]],[[55467,39878],[-183,-524]],[[54551,40475],[326,90],[68,-644]],[[54534,40864],[17,-389]],[[55926,40888],[-75,-512]],[[55851,40376],[-906,-455]],[[56306,40908],[-227,-811]],[[56079,40097],[-228,279]],[[56688,40936],[390,-525]],[[57078,40411],[158,-217]],[[56741,39981],[-662,116]],[[57588,40647],[-510,-236]],[[56180,39804],[-101,293]],[[56180,39804],[-713,74]],[[56270,39561],[-803,317]],[[56360,39083],[-128,-285]],[[58067,39152],[-172,-321]],[[57895,38831],[-316,-603]],[[57579,38228],[-341,-368]],[[57579,38228],[420,-272]],[[57895,38831],[992,-169]],[[49466,35056],[457,-578],[116,-521],[-283,-575]],[[49756,33382],[-1094,171],[-75,335]],[[69066,21280],[-44,-189]],[[69022,21091],[-1092,34],[-307,-101]],[[67623,21024],[-615,190],[-243,342]],[[66765,21556],[-421,1097]],[[71237,19991],[-1136,994],[-1079,106]],[[72737,20629],[-421,-383],[-119,-519]],[[72197,19727],[-333,80]],[[74715,21732],[1343,-694]],[[75139,18901],[-574,49]],[[74565,18950],[-876,595]],[[73689,19545],[-415,130],[-1077,52]],[[76845,24024],[662,-677]],[[77507,23347],[-431,-387],[133,-448]],[[77209,22512],[-70,-860],[409,-532]],[[77548,21120],[-216,-109]],[[77938,26025],[-153,-261]],[[77785,25764],[490,-480],[-177,-526]],[[78098,24758],[-361,83],[322,-955],[-721,-122],[206,-363]],[[77544,23401],[-37,-54]],[[76308,26196],[1630,-171]],[[77478,26893],[-88,-336],[548,-532]],[[76219,28098],[818,-1032],[441,-173]],[[77025,28923],[385,-542],[643,-154],[171,-397]],[[78224,27830],[-254,-456],[184,-181]],[[78154,27193],[103,-420],[-779,120]],[[78092,29383],[-30,-892],[833,244]],[[78895,28735],[268,-218],[-500,-436]],[[78663,28081],[-439,-251]],[[75883,32581],[532,-365],[397,-37],[-384,-681],[301,-279]],[[75824,30966],[-301,346],[-18,838]],[[75505,32150],[378,431]],[[74574,32227],[931,-77]],[[74641,36619],[159,-30]],[[74800,36589],[-237,-371],[271,-563]],[[74834,35655],[-528,-734],[-137,-449]],[[72299,34656],[155,1029],[384,327],[651,-95],[-103,579]],[[73386,36496],[465,-49],[790,172]],[[73289,36500],[97,-4]],[[71058,36827],[272,-15]],[[71330,36812],[253,123],[854,-364],[852,-71]],[[70091,37258],[401,-161]],[[69274,36023],[478,987]],[[69752,37010],[339,248]],[[68466,36951],[65,187]],[[68531,37138],[810,41],[411,-169]],[[65764,37342],[1175,398]],[[66939,37740],[292,304],[484,-472]],[[67136,38444],[-330,-167],[133,-537]],[[66250,38562],[342,-191],[544,73]],[[66980,40052],[70,-285]],[[67050,39767],[-193,-310],[400,-456],[-121,-557]],[[69059,42294],[-57,-722],[-1160,-309]],[[67842,41263],[-212,142]],[[67468,42326],[575,477]],[[68043,42803],[1016,-509]],[[67474,43624],[288,-150],[281,-671]],[[66791,43518],[22,12]],[[66813,43530],[661,94]],[[62626,42900],[869,-99]],[[61258,40141],[-159,1431],[-239,414]],[[60860,41986],[-2,507],[460,783],[529,-306],[779,-70]],[[59702,42453],[11,-393],[799,106],[348,-180]],[[58355,42529],[1347,-76]],[[49756,33382],[73,-344],[-319,-452]],[[49510,32586],[-459,-59],[-551,-385]],[[48500,32142],[-898,-178]],[[47602,31964],[-488,388],[-276,595]],[[46838,32947],[366,1242]],[[50016,32224],[-506,362]],[[53346,31502],[-84,-514],[-647,-690]],[[52615,30298],[-390,286],[-716,-45]],[[55373,30094],[-247,-626],[-14,-567]],[[55112,28901],[-966,-122]],[[54146,28779],[-499,326]],[[53647,29105],[-512,751],[-520,442]],[[55517,28822],[-405,79]],[[60823,29045],[-309,-1318],[-310,-683],[-82,-1031]],[[60122,26013],[-279,-7]],[[61515,28713],[-881,-1950],[26,-806]],[[60660,25957],[-242,67]],[[60418,26024],[-296,-11]],[[62000,28183],[-254,-434],[-387,-1347],[-311,-625]],[[61048,25777],[-388,180]],[[63689,27571],[-109,-429],[321,-517],[-579,-770]],[[63322,25855],[-348,6],[-938,-562]],[[62036,25299],[-988,478]],[[65191,25284],[-671,297]],[[64520,25581],[-1198,274]],[[76922,36120],[-340,81],[-1212,-1698]],[[75370,34503],[-894,-1507]],[[74834,35655],[1018,415],[-4,369]],[[75848,36439],[416,-45],[225,331]],[[76489,36725],[433,-605]],[[27069,14325],[806,140],[443,-503],[620,-259]],[[28938,13703],[405,-468],[281,287],[370,-349],[26,-1124]],[[30020,12049],[-704,-288],[-156,273],[-983,-160],[-261,-883]],[[27916,10991],[-264,407],[-416,-206],[-225,298],[-412,19],[-455,367],[-716,-76],[-503,282],[-231,1027],[239,266],[-216,993]],[[24717,14368],[323,230],[643,-153],[508,182],[472,-615],[406,313]],[[32364,14715],[233,-460]],[[32597,14255],[209,-679],[-735,-879],[-366,-701]],[[31705,11996],[-223,-177],[-355,247],[-1107,-17]],[[28938,13703],[136,636],[-210,225],[354,251]],[[29218,14815],[1145,92],[997,-330],[1004,138]],[[27069,14325],[608,956],[-363,165],[96,471],[-524,213],[103,549]],[[26989,16679],[504,186]],[[27493,16865],[893,-561]],[[28386,16304],[471,-986],[261,342]],[[29118,15660],[-123,-298],[223,-547]],[[29118,15660],[896,503],[959,-394]],[[30973,15769],[590,-255],[801,-799]],[[28386,16304],[575,301],[644,-18],[871,201],[719,-343],[124,-262],[-346,-414]],[[33316,21472],[-428,-1237],[28,-584],[294,-596]],[[33210,19055],[519,-1088]],[[33729,17967],[455,-1022],[-245,-777]],[[33939,16168],[-738,-255],[9,-527],[-613,-1131]],[[27493,16865],[486,847],[1271,834]],[[29250,18546],[763,254]],[[30013,18800],[1752,-504],[177,205],[-598,1064],[132,747]],[[31476,20312],[-147,628]],[[31329,20940],[737,635],[361,112],[889,-215]],[[35962,19351],[734,-832]],[[36696,18519],[-34,-49]],[[36662,18470],[-119,-222],[-605,-77]],[[35938,18171],[-650,-824],[-177,-972]],[[35111,16375],[-15,-30]],[[35096,16345],[-325,-367],[-832,190]],[[33729,17967],[191,470],[699,295],[183,431],[1160,188]],[[33210,19055],[389,448],[569,307],[106,405],[384,245]],[[34658,20460],[532,-95],[674,-516],[98,-498]],[[39190,19570],[-74,-337],[-554,-397]],[[38562,18836],[-573,503]],[[37989,19339],[64,375],[-375,592]],[[37678,20306],[-5,12]],[[37673,20318],[1000,-296],[62,-462],[455,10]],[[37850,22414],[9,-14]],[[37859,22400],[-54,-1008]],[[37805,21392],[-230,-748],[98,-326]],[[37678,20306],[-635,468]],[[37043,20774],[-724,1034]],[[36319,21808],[447,957]],[[36766,22765],[1084,-351]],[[37043,20774],[-320,-234]],[[36723,20540],[-615,49],[-487,476],[-950,-174]],[[34671,20891],[280,536],[-11,484]],[[34940,21911],[302,218],[555,-42],[522,-279]],[[34671,20891],[-13,-431]],[[33316,21472],[180,68]],[[33496,21540],[983,767]],[[34479,22307],[461,-396]],[[29644,22329],[1046,-397]],[[30690,21932],[639,-992]],[[31476,20312],[-1052,134]],[[30424,20446],[48,450],[-454,334],[-1033,360]],[[28985,21590],[221,642],[252,181]],[[30013,18800],[-570,575],[-330,1168]],[[29113,20543],[365,81]],[[29478,20624],[946,-178]],[[29478,20624],[-1175,442]],[[28303,21066],[-69,771]],[[28234,21837],[751,-247]],[[29250,18546],[-1408,557],[-1073,-363]],[[26769,18740],[-43,1269],[454,186]],[[27180,20195],[1933,348]],[[26989,16679],[-133,969]],[[26856,17648],[-304,678],[217,414]],[[26989,16679],[-628,-265]],[[26361,16414],[-325,352],[-91,1257]],[[25945,18023],[911,-375]],[[24717,14368],[-424,261],[-867,244]],[[23426,14873],[387,652],[851,615]],[[24664,16140],[764,-134],[933,408]],[[28234,21837],[-206,501]],[[28303,21066],[-854,52],[-623,529],[-355,-24],[-1048,292]],[[25423,21915],[-57,785]],[[25366,22700],[136,879]],[[25502,23579],[161,470],[462,225]],[[27180,20195],[-501,-116],[-683,435],[-507,-286]],[[25489,20228],[123,799],[-189,888]],[[25945,18023],[-1547,337],[-592,588]],[[23806,18948],[1271,356],[448,554],[-36,370]],[[23806,18948],[-364,291]],[[23442,19239],[357,922],[-183,646],[346,771],[670,848],[734,274]],[[25502,23579],[-979,-79],[-364,-465],[-734,-341]],[[23425,22694],[-682,316]],[[22743,23010],[846,754],[356,547],[77,491],[594,-134],[852,286],[440,366]],[[23425,22694],[-450,-520],[-934,-174],[-294,-511],[48,-446],[-769,-553],[-115,-763]],[[20911,19727],[-453,904],[-63,734],[-725,994],[906,366],[-910,419]],[[21553,23281],[528,86],[662,-357]],[[23158,28032],[1148,-933]],[[22612,26663],[-807,713],[-315,32]],[[21490,27408],[240,217]],[[21730,27625],[722,385],[706,22]],[[24978,27749],[-17,-63]],[[23158,28032],[210,360]],[[23368,28392],[951,306],[659,-949]],[[21030,26808],[460,600]],[[19038,26774],[170,197]],[[19208,26971],[899,861],[112,320],[1511,-527]],[[17824,25593],[-525,-586]],[[17299,25007],[-2380,747],[-510,481],[-796,393]],[[15138,28713],[1001,128],[776,319]],[[16915,29160],[633,-868],[1180,-830],[480,-491]],[[18414,23837],[-461,-210]],[[17953,23627],[-703,585],[-199,511]],[[17051,24723],[248,284]],[[18939,23569],[-299,-864],[-402,-75]],[[18238,22630],[-285,997]],[[17051,24723],[-635,-29],[-127,-427],[-616,-165]],[[11484,24221],[-201,75]],[[11283,24296],[-604,918],[31,792],[-1198,510]],[[9512,26516],[145,344],[633,675]],[[4782,27389],[1429,884]],[[6211,28273],[1722,-671],[193,724]],[[8126,28326],[428,-155]],[[8554,28171],[349,-264],[609,-1391]],[[9512,26516],[-660,-398],[-1058,-172],[-351,428],[-326,8],[-805,606],[-1530,401]],[[11100,29162],[-58,-234]],[[11042,28928],[-107,-633]],[[8554,28171],[504,1090]],[[9058,29261],[32,1319]],[[9090,30580],[1040,-1186],[970,-232]],[[11689,30087],[-589,-925]],[[9090,30580],[-353,379],[-377,868]],[[8360,31827],[1054,201]],[[9414,32028],[646,-1255],[1629,-686]],[[9058,29261],[-1086,67]],[[7972,29328],[-348,-152],[-410,204]],[[7214,29380],[-169,661]],[[7045,30041],[411,1308],[-164,1002]],[[7292,32351],[1068,-524]],[[8126,28326],[-154,1002]],[[6211,28273],[1003,1107]],[[4782,27389],[-722,-264]],[[4060,27125],[-982,596],[-348,472],[-563,197]],[[2167,28390],[454,179],[313,606]],[[2934,29175],[-89,1010]],[[2845,30185],[2040,399],[2160,-543]],[[2167,28390],[-975,573]],[[1192,28963],[137,436],[618,184]],[[1947,29583],[987,-408]],[[3053,31768],[-1463,-366]],[[1590,31402],[-265,22],[-824,568]],[[501,31992],[277,469],[611,415],[787,222]],[[2176,33098],[607,-1067],[270,-263]],[[3813,33503],[331,-1009]],[[4144,32494],[-1091,-726]],[[2176,33098],[698,88],[228,249],[711,68]],[[6044,33776],[-1219,-1106],[-681,-176]],[[3813,33503],[638,-107],[311,438],[1078,138]],[[5840,33972],[204,-196]],[[6987,33068],[243,-495]],[[7230,32573],[62,-222]],[[2845,30185],[-582,515]],[[2263,30700],[-673,702]],[[6044,33776],[943,-708]],[[37989,19339],[142,-563],[-924,56]],[[37207,18832],[-250,392],[-234,1316]],[[37207,18832],[-511,-313]],[[24664,16140],[-960,263],[-261,-111],[-871,808]],[[22572,17100],[-7,661]],[[22565,17761],[230,159],[401,1195],[246,124]],[[23426,14873],[-262,-1077],[-769,-116],[-652,576],[-596,188],[-798,528],[48,246],[784,873],[1277,550],[114,459]],[[22565,17761],[-312,583],[-208,-325],[-189,363],[219,288],[-394,79],[-185,-266]],[[21496,18483],[-134,448],[-417,329],[-34,467]],[[21496,18483],[-432,-361],[-766,456],[-298,-186],[5,897],[-336,66],[168,345],[-612,436],[-303,-537],[-645,143],[272,649]],[[18549,20391],[248,583],[-117,855],[-442,801]],[[18549,20391],[-519,229],[-115,380],[-619,-280],[-104,299],[-438,101],[-230,-433],[-446,-229],[-320,-572],[-1616,618],[-17,728],[415,442]],[[1947,29583],[-374,212],[690,905]],[[1192,28963],[-1192,407],[560,2296],[-59,326]],[[4760,24019],[-714,256],[27,833]],[[4073,25108],[681,-534],[6,-555]],[[11283,24296],[-651,212],[-1456,-628],[-922,632],[-681,-211],[-281,-600],[-764,-218],[-527,598],[-768,-292],[-473,230]],[[4073,25108],[-97,291],[618,803],[-534,923]],[[75349,36535],[499,-96]],[[74800,36589],[549,-54]],[[76383,36807],[106,-82]],[[75349,36535],[328,713]],[[75677,37248],[259,213]],[[75936,37461],[447,-654]],[[74628,37190],[253,-122],[-240,-449]],[[73289,36500],[158,865]],[[73447,37365],[372,-175],[809,0]],[[74628,37190],[263,189]],[[74891,37379],[786,-131]],[[74891,37379],[293,592],[-1206,312]],[[73978,38283],[497,426],[1841,-109]],[[76316,38600],[38,-191]],[[76354,38409],[-348,-170],[-70,-778]],[[73447,37365],[86,109]],[[73533,37474],[445,809]],[[72258,38206],[1275,-732]],[[71330,36812],[-247,413],[179,1055]],[[71262,38280],[565,103],[431,-177]],[[72258,38206],[232,762]],[[72490,38968],[147,21]],[[72637,38989],[540,-23],[599,-278]],[[73776,38688],[202,-405]],[[76354,38409],[467,-535]],[[76821,37874],[-243,-315],[-195,-752]],[[78396,36952],[15,-137]],[[78411,36815],[-897,-117]],[[77514,36698],[-1,247]],[[77513,36945],[499,261]],[[78012,37206],[384,-254]],[[78443,37517],[-47,-565]],[[78012,37206],[431,311]],[[77513,36945],[-20,541]],[[77493,37486],[319,284]],[[77812,37770],[669,-5]],[[78481,37765],[-38,-248]],[[77812,37770],[267,548]],[[78079,38318],[525,-167]],[[78604,38151],[-123,-386]],[[79671,38458],[-759,139]],[[78912,38597],[172,1029]],[[79084,39626],[189,39]],[[79273,39665],[614,-901],[-216,-306]],[[81411,39142],[-992,-180],[-583,-503]],[[79836,38459],[-165,-1]],[[79273,39665],[796,190]],[[80069,39855],[1143,119]],[[81212,39974],[-75,-616],[274,-216]],[[78912,38597],[-308,-446]],[[78079,38318],[92,700]],[[78171,39018],[407,321],[329,657]],[[78907,39996],[177,-370]],[[77493,37486],[-672,388]],[[76316,38600],[37,207]],[[76353,38807],[201,642]],[[76554,39449],[645,-314],[972,-117]],[[73776,38688],[419,21],[459,952]],[[74654,39661],[218,-299],[593,-184],[336,-379],[552,8]],[[72637,38989],[389,330],[288,692]],[[73314,40011],[498,247]],[[73812,40258],[218,-83]],[[74030,40175],[422,-322]],[[74452,39853],[202,-192]],[[74452,39853],[294,622]],[[74746,40475],[551,128],[496,-160]],[[75793,40443],[207,-619],[585,-160]],[[76585,39664],[-31,-215]],[[76585,39664],[885,143],[354,199],[-60,719],[184,85]],[[77948,40810],[933,-378]],[[78881,40432],[26,-436]],[[78881,40432],[563,907]],[[79444,41339],[709,-1028],[-84,-456]],[[77948,40810],[-278,360]],[[77670,41170],[583,43],[339,-203],[420,343]],[[79012,41353],[432,-14]],[[75793,40443],[414,236]],[[76207,40679],[318,112]],[[76525,40791],[241,-33],[632,472]],[[77398,41230],[272,-60]],[[70091,37258],[22,409],[-548,272],[-387,-65]],[[69178,37874],[294,470],[1192,39],[174,266]],[[70838,38649],[424,-369]],[[68531,37138],[647,736]],[[70838,38649],[558,536]],[[71396,39185],[722,497]],[[72118,39682],[372,-714]],[[72118,39682],[-97,615]],[[72021,40297],[1081,38]],[[73102,40335],[212,-324]],[[73102,40335],[222,210]],[[73324,40545],[488,-287]],[[73324,40545],[137,639]],[[73461,41184],[575,-436]],[[74036,40748],[-6,-573]],[[74036,40748],[413,35]],[[74449,40783],[297,-308]],[[73461,41184],[-125,438]],[[73336,41622],[17,602]],[[73353,42224],[534,115]],[[73887,42339],[713,-426]],[[74600,41913],[-151,-1130]],[[72021,40297],[-156,485]],[[71865,40782],[655,-6],[430,1014]],[[72950,41790],[386,-168]],[[71865,40782],[-153,7]],[[71712,40789],[-33,414]],[[71679,41203],[492,643]],[[72171,41846],[779,-56]],[[72171,41846],[30,184]],[[72201,42030],[652,350]],[[72853,42380],[500,-156]],[[71679,41203],[-239,-35]],[[71440,41168],[0,1193],[303,153]],[[71743,42514],[458,-484]],[[71712,40789],[-637,71]],[[71075,40860],[261,297]],[[71336,41157],[104,11]],[[71396,39185],[-488,202]],[[70908,39387],[163,542],[-248,119]],[[70823,40048],[-13,657]],[[70810,40705],[265,155]],[[70908,39387],[-478,36]],[[70430,39423],[393,625]],[[70430,39423],[-529,-144],[-502,654],[494,493],[213,496],[704,-217]],[[71336,41157],[-835,906],[173,696],[-98,362]],[[70576,43121],[505,236]],[[71081,43357],[662,-843]],[[71081,43357],[640,111]],[[71721,43468],[713,-794],[419,-294]],[[71721,43468],[496,355],[216,550],[-9,1011]],[[72424,45384],[518,6]],[[72942,45390],[725,-129],[378,585]],[[74045,45846],[205,-20]],[[74250,45826],[759,-159]],[[75009,45667],[705,-334]],[[75714,45333],[-107,-989],[203,-393]],[[75810,43951],[-354,-777],[49,-410]],[[75505,42764],[-905,-119],[-713,-306]],[[75505,42764],[466,-254]],[[75971,42510],[-1123,-705]],[[74848,41805],[-248,108]],[[74848,41805],[645,-332],[626,-511],[88,-283]],[[71081,43357],[26,985],[378,377],[-45,718]],[[71440,45437],[176,356]],[[71616,45793],[739,-214],[69,-195]],[[70576,43121],[-775,-378]],[[69801,42743],[62,894],[-177,274],[211,524],[-298,734],[598,1028]],[[70197,46197],[385,313]],[[70582,46510],[858,-1073]],[[66638,47037],[236,-522],[-214,-583],[346,-882],[299,-61],[192,632]],[[67497,45621],[221,-136]],[[67718,45485],[-43,-612],[-308,-834],[107,-415]],[[66813,43530],[-451,943]],[[66362,44473],[-251,722]],[[66111,45195],[-111,1233],[70,528]],[[66070,46956],[568,81]],[[65285,43290],[96,881]],[[65381,44171],[468,409],[513,-107]],[[66638,47037],[238,27]],[[66876,47064],[12,-317],[609,-1126]],[[66876,47064],[113,83]],[[66989,47147],[1144,-191]],[[68133,46956],[528,-1017]],[[68661,45939],[-943,-454]],[[68133,46956],[586,718],[550,114]],[[69269,47788],[620,-470]],[[69889,47318],[693,-808]],[[70197,46197],[-1091,-38],[-445,-220]],[[69889,47318],[397,774],[193,43]],[[70479,48135],[621,-99],[657,-386],[677,-611]],[[72434,47039],[-450,-408],[-168,-522]],[[71816,46109],[-200,-316]],[[72434,47039],[240,127]],[[72674,47166],[362,15]],[[73036,47181],[-142,-792],[111,-282]],[[73005,46107],[-704,-169],[-485,171]],[[73005,46107],[69,-478]],[[73074,45629],[-132,-239]],[[73036,47181],[363,-152]],[[73399,47029],[-37,-936]],[[73362,46093],[-357,14]],[[73362,46093],[-27,-335]],[[73335,45758],[-261,-129]],[[73335,45758],[710,88]],[[73399,47029],[532,-99]],[[73931,46930],[474,-490]],[[74405,46440],[-155,-614]],[[74405,46440],[258,-123]],[[74663,46317],[589,-296]],[[75252,46021],[116,-95]],[[75368,45926],[-359,-259]],[[75368,45926],[318,-123]],[[75686,45803],[335,-214]],[[76021,45589],[-174,-144]],[[75847,45445],[-133,-112]],[[75847,45445],[1748,42]],[[77595,45487],[-43,-405]],[[77552,45082],[-428,-746]],[[77124,44336],[-907,-285]],[[76217,44051],[-407,-100]],[[76021,45589],[648,224]],[[76669,45813],[257,-32]],[[76926,45781],[708,-150]],[[77634,45631],[-39,-144]],[[75686,45803],[384,408]],[[76070,46211],[599,-398]],[[75252,46021],[181,344]],[[75433,46365],[465,82]],[[75898,46447],[172,-236]],[[74663,46317],[255,340]],[[74918,46657],[515,-292]],[[73931,46930],[681,192]],[[74612,47122],[306,-465]],[[76506,46644],[-436,-433]],[[75898,46447],[608,197]],[[76506,46644],[319,-165]],[[76825,46479],[-8,-456]],[[76817,46023],[109,-242]],[[76825,46479],[348,212],[412,-193]],[[77585,46498],[-478,-492]],[[77107,46006],[-290,17]],[[77585,46498],[785,-150],[-736,-717]],[[77634,45631],[-527,375]],[[77595,45487],[954,238]],[[78549,45725],[604,-25]],[[79153,45700],[114,-442]],[[79267,45258],[-332,-447]],[[78935,44811],[-735,-319]],[[78200,44492],[-648,590]],[[78200,44492],[274,-559]],[[78474,43933],[525,-500]],[[78999,43433],[-498,-162]],[[78501,43271],[-112,176],[-904,212]],[[77485,43659],[-361,677]],[[77485,43659],[-269,30]],[[77216,43689],[-999,362]],[[77216,43689],[-327,-423],[-377,-988]],[[76512,42278],[-541,232]],[[78935,44811],[-157,-672],[-304,-206]],[[78935,44811],[80,-619],[-147,-359],[282,-380]],[[79150,43453],[-151,-20]],[[79267,45258],[305,-1119],[242,-135],[-36,-530]],[[79778,43474],[-243,-69]],[[79535,43405],[-385,48]],[[81281,44834],[-525,-575],[-770,178],[-163,727]],[[79823,45164],[1057,804]],[[80880,45968],[667,-682]],[[81547,45286],[-266,-452]],[[79823,45164],[-556,94]],[[79153,45700],[725,189],[599,511]],[[80477,46400],[403,-432]],[[78549,45725],[10,496],[471,561],[409,-33],[681,506]],[[80120,47255],[965,-88]],[[81085,47167],[-59,-400],[-549,-367]],[[77585,46498],[707,448],[-152,303]],[[78140,47249],[1139,103],[919,297]],[[80198,47649],[-78,-394]],[[74612,47122],[492,529]],[[75104,47651],[724,-23]],[[75828,47628],[515,-127]],[[76343,47501],[1096,-341],[701,89]],[[76343,47501],[270,440]],[[76613,47941],[91,281]],[[76704,48222],[658,-189]],[[77362,48033],[716,-129]],[[78078,47904],[62,-655]],[[75828,47628],[126,241],[-375,492]],[[75579,48361],[1034,-420]],[[75104,47651],[-333,232],[-389,695]],[[74382,48578],[350,-204],[847,-13]],[[72674,47166],[220,724]],[[72894,47890],[327,-24],[1161,712]],[[72894,47890],[35,590],[-236,575]],[[72693,49055],[-141,594]],[[72552,49649],[957,129]],[[73509,49778],[856,-801]],[[74365,48977],[17,-399]],[[74365,48977],[809,183]],[[75174,49160],[312,-48]],[[75486,49112],[93,-751]],[[75486,49112],[104,88]],[[75590,49200],[330,-122],[724,183]],[[76644,49261],[166,-93]],[[76810,49168],[-106,-946]],[[76810,49168],[461,257]],[[77271,49425],[91,-1392]],[[77271,49425],[367,369]],[[77638,49794],[930,110]],[[78568,49904],[-454,-1038],[-36,-962]],[[77638,49794],[175,864]],[[77813,50658],[755,-754]],[[76644,49261],[138,447],[-834,-53],[-358,-455]],[[75174,49160],[636,945],[715,624],[-73,559]],[[76452,51288],[327,101]],[[76779,51389],[322,124]],[[77101,51513],[-24,-193],[736,-662]],[[73509,49778],[291,769]],[[73800,50547],[464,917],[-83,275]],[[74181,51739],[438,550]],[[74619,52289],[786,-632],[842,-158],[205,-211]],[[70479,48135],[2,73]],[[70481,48208],[203,310],[-134,503]],[[70550,49021],[569,190]],[[71119,49211],[1179,-7],[395,-149]],[[71119,49211],[175,830]],[[71294,50041],[694,113]],[[71988,50154],[564,-505]],[[70550,49021],[-202,476],[-1036,891]],[[69312,50388],[331,724]],[[69643,51112],[679,82]],[[70322,51194],[972,-1153]],[[70481,48208],[-520,412],[-448,776],[-670,-125]],[[68843,49271],[-336,501],[805,616]],[[69269,47788],[-446,491],[20,992]],[[66989,47147],[97,709],[-598,432]],[[66488,48288],[506,627],[-114,1347]],[[66880,50262],[563,85],[609,396],[727,54],[864,315]],[[66488,48288],[-900,-225],[-833,-380]],[[64755,47683],[-376,448],[310,98],[-234,324]],[[64455,48553],[24,678],[354,248],[296,-199],[399,213],[-21,315]],[[65507,49808],[300,286],[360,-210],[438,75]],[[66605,49959],[275,303]],[[66070,46956],[-1488,-209]],[[64582,46747],[-117,292]],[[64465,47039],[-163,459],[453,185]],[[66880,50262],[508,751]],[[67388,51013],[85,364]],[[67473,51377],[732,384],[962,40]],[[69167,51801],[324,-94],[152,-595]],[[70322,51194],[455,801]],[[70777,51995],[246,-51]],[[71023,51944],[231,-219],[613,168]],[[71867,51893],[344,-433]],[[72211,51460],[-304,-459],[81,-847]],[[72211,51460],[150,-4]],[[72361,51456],[1439,-909]],[[68795,54112],[608,-320]],[[69403,53792],[-182,-744]],[[69221,53048],[134,-759],[-188,-488]],[[67473,51377],[-148,315]],[[67325,51692],[341,766],[-137,189]],[[67529,52647],[-61,465],[450,406],[157,648]],[[68075,54166],[720,-54]],[[69221,53048],[681,-132]],[[69902,52916],[686,-263]],[[70588,52653],[189,-658]],[[70588,52653],[861,-96]],[[71449,52557],[193,-443]],[[71642,52114],[-619,-170]],[[71642,52114],[225,-221]],[[71867,51893],[414,795]],[[72281,52688],[155,-35]],[[72436,52653],[175,-254]],[[72611,52399],[-250,-943]],[[72611,52399],[881,269]],[[73492,52668],[358,-255],[331,-674]],[[72436,52653],[258,1090]],[[72694,53743],[337,-182],[461,-893]],[[70419,55087],[175,-209]],[[70594,54878],[429,-586]],[[71023,54292],[-372,-414]],[[70651,53878],[-294,38],[-22,-281]],[[70335,53635],[-480,59]],[[69855,53694],[-452,98]],[[68795,54112],[313,632]],[[69108,54744],[630,598]],[[69738,55342],[681,-255]],[[69855,53694],[269,-296],[-222,-482]],[[70335,53635],[405,-489]],[[70740,53146],[-152,-493]],[[70651,53878],[-316,-243]],[[70651,53878],[250,-278]],[[70901,53600],[-161,-454]],[[70901,53600],[313,96]],[[71214,53696],[494,-335]],[[71708,53361],[-259,-804]],[[71708,53361],[573,-673]],[[71708,53361],[27,710]],[[71735,54071],[464,222]],[[72199,54293],[546,-221]],[[72745,54072],[75,-154]],[[72820,53918],[-126,-175]],[[71214,53696],[343,419]],[[71557,54115],[178,-44]],[[71023,54292],[225,-41]],[[71248,54251],[309,-136]],[[70594,54878],[375,-24],[279,-603]],[[70466,55513],[332,-289]],[[70798,55224],[-379,-137]],[[69738,55342],[184,351]],[[69922,55693],[54,16]],[[69976,55709],[490,-196]],[[70798,55224],[276,-127]],[[71074,55097],[347,-330]],[[71421,54767],[335,-73]],[[71756,54694],[482,-204]],[[72238,54490],[-39,-197]],[[69976,55709],[309,95]],[[70285,55804],[181,-291]],[[71421,54767],[658,380]],[[72079,55147],[-323,-453]],[[72079,55147],[401,-250]],[[72480,54897],[-242,-407]],[[72480,54897],[266,-84],[-1,-741]],[[72820,53918],[450,583],[880,-319]],[[74150,54182],[111,-729],[483,-741]],[[74744,52712],[-125,-423]],[[74150,54182],[111,140]],[[74261,54322],[361,-294],[608,258],[363,-291]],[[75593,53995],[53,-984]],[[75646,53011],[-902,-299]],[[75593,53995],[116,19]],[[75709,54014],[922,-1089]],[[76631,52925],[-341,-271]],[[76290,52654],[-644,357]],[[74261,54322],[668,755]],[[74929,55077],[1311,-362],[361,-209]],[[76601,54506],[-102,-147]],[[76499,54359],[-858,253],[68,-598]],[[72480,54897],[50,149]],[[72530,55046],[958,-198],[259,688],[438,353],[199,524]],[[74384,56413],[604,-404]],[[74988,56009],[-59,-932]],[[72530,55046],[2,317]],[[72532,55363],[236,152]],[[72768,55515],[368,141],[931,953],[368,207]],[[74435,56816],[-51,-403]],[[72768,55515],[-185,242]],[[72583,55757],[367,622],[576,456]],[[73526,56835],[236,126],[673,-145]],[[72532,55363],[-129,62]],[[72403,55425],[-44,213]],[[72359,55638],[224,119]],[[72284,57370],[-38,-279]],[[72246,57091],[-759,-86]],[[71445,57122],[243,307]],[[71688,57429],[91,252],[-126,1080]],[[71653,58761],[3,19]],[[71656,58780],[628,1]],[[72284,58781],[0,-1411]],[[72284,58781],[897,151]],[[73181,58932],[425,-332]],[[73606,58600],[-113,-465],[-541,-605],[-668,-160]],[[73606,58600],[242,283],[67,750]],[[73915,59633],[801,513],[261,362]],[[74977,60508],[289,-253]],[[75266,60255],[35,-569],[-402,-454],[-104,-547],[1117,-990]],[[75912,57695],[-462,-500],[-611,-278]],[[74839,56917],[-404,-101]],[[73526,56835],[-940,61],[-340,195]],[[73181,58932],[243,650]],[[73424,59582],[491,51]],[[73424,59582],[-382,152],[-151,608]],[[72891,60342],[644,12],[1117,234]],[[74652,60588],[325,-80]],[[72891,60342],[-388,954]],[[72503,61296],[255,-7]],[[72758,61289],[380,-299],[728,18],[915,-240]],[[74781,60768],[-129,-180]],[[73404,62434],[-543,-748],[-103,-397]],[[72503,61296],[-671,-343],[-1173,-401]],[[70659,60552],[-63,416]],[[70596,60968],[352,-62],[192,437],[793,908]],[[71933,62251],[1232,328],[239,-145]],[[71518,62290],[415,-39]],[[70596,60968],[-221,92]],[[70375,61060],[-134,479],[343,615]],[[70584,62154],[934,136]],[[70659,60552],[-193,-55]],[[70466,60497],[-429,-154]],[[70037,60343],[-39,444]],[[69998,60787],[377,273]],[[69998,60787],[-282,451]],[[69716,61238],[163,251]],[[69879,61489],[184,798]],[[70063,62287],[521,-133]],[[75927,61359],[-823,-90],[-323,-501]],[[73404,62434],[1279,164],[-73,258],[614,60],[319,-912],[384,-645]],[[75927,61359],[301,-511],[824,-437]],[[77052,60411],[-756,140],[-675,-58],[-355,-238]],[[77052,60411],[151,-582]],[[77203,59829],[-952,-1199],[12,-810]],[[76263,57820],[-351,-125]],[[78499,59317],[-382,-974]],[[78117,58343],[-592,-771]],[[77525,57572],[-785,148]],[[76740,57720],[-477,100]],[[77203,59829],[855,-271],[152,248],[289,-489]],[[80456,57630],[-390,231],[-1136,162],[-379,-102]],[[78551,57921],[-434,422]],[[78499,59317],[210,-249],[1806,-1084],[-59,-354]],[[78551,57921],[-217,-703]],[[78334,57218],[-440,46],[-369,308]],[[80456,57630],[153,-225]],[[80609,57405],[-434,83],[-502,-532]],[[79673,56956],[-608,-165],[-393,207]],[[78672,56998],[-338,220]],[[80609,57405],[375,-41],[507,-1177]],[[81491,56187],[-599,-174]],[[80892,56013],[-635,236],[-468,-26]],[[79789,56223],[-173,42],[57,691]],[[80892,56013],[330,-450],[-111,-463]],[[81111,55100],[-759,-285],[-1007,105]],[[79345,54920],[-289,325]],[[79056,55245],[464,455]],[[79520,55700],[259,-14],[10,537]],[[79520,55700],[-334,111]],[[79186,55811],[-551,564]],[[78635,56375],[37,623]],[[78635,56375],[14,-393]],[[78649,55982],[-898,218]],[[77751,56200],[253,543]],[[78004,56743],[330,475]],[[78004,56743],[-774,82]],[[77230,56825],[295,747]],[[77230,56825],[-421,-683]],[[76809,56142],[-1338,87]],[[75471,56229],[418,219],[361,936],[490,336]],[[75471,56229],[-45,-25]],[[75426,56204],[-587,713]],[[75426,56204],[-438,-195]],[[76809,56142],[182,-455]],[[76991,55687],[-390,-1181]],[[77751,56200],[-760,-513]],[[78649,55982],[115,-180]],[[78764,55802],[-56,-512]],[[78708,55290],[-1037,-176]],[[77671,55114],[-680,573]],[[79186,55811],[-422,-9]],[[79056,55245],[-348,45]],[[79345,54920],[-201,-1055]],[[79144,53865],[-1178,492],[-552,-422]],[[77414,53935],[-915,424]],[[76601,54506],[813,230],[257,378]],[[81111,55100],[615,-595]],[[81726,54505],[141,-606],[-219,-624]],[[81648,53275],[-660,-130],[-1090,46],[-541,239]],[[79357,53430],[-213,435]],[[79357,53430],[-757,-4],[-757,156],[-429,353]],[[76290,52654],[17,-649],[472,-616]],[[76631,52925],[484,-744],[-14,-668]],[[81648,53275],[377,-407],[526,0],[295,348],[1422,-533],[478,-419],[-200,-732],[305,-776]],[[84851,50756],[-534,107],[-619,-723]],[[83698,50140],[-474,191],[-556,-70],[456,-405],[-653,-480],[-1518,-131],[54,-123]],[[81007,49122],[-57,-538]],[[80950,48584],[-194,-770],[-558,-165]],[[88101,48643],[-119,-961],[-796,-174],[-203,459],[-446,97]],[[86537,48064],[-304,255]],[[86233,48319],[-265,1049]],[[85968,49368],[614,392],[588,-45],[931,-1072]],[[86233,48319],[-632,-583]],[[85601,47736],[-1108,204],[-1044,-116]],[[83449,47824],[336,484],[-249,976],[162,856]],[[84851,50756],[96,-962],[471,-379],[550,-47]],[[83449,47824],[-612,8]],[[82837,47832],[-543,171]],[[82294,48003],[-107,238],[-1024,279]],[[81163,48520],[-156,602]],[[81163,48520],[-213,64]],[[82294,48003],[-823,-406],[-386,-430]],[[82837,47832],[-166,-1037],[396,-665],[554,-136],[237,-287]],[[83858,45707],[-590,-682]],[[83268,45025],[-470,6]],[[82798,45031],[-587,0],[-295,338],[-369,-83]],[[85601,47736],[987,-559]],[[86588,47177],[-145,-507]],[[86443,46670],[-325,49],[-1127,-413],[-468,-331]],[[84523,45975],[-665,-268]],[[86537,48064],[248,-596],[-197,-291]],[[86588,47177],[719,-525],[601,-817]],[[87908,45835],[423,-226]],[[88331,45609],[109,-327]],[[88440,45282],[-459,71]],[[87981,45353],[-172,304],[-1249,657]],[[86560,46314],[-117,356]],[[87981,45353],[-328,-183],[-88,-655]],[[87565,44515],[-751,-1000]],[[86814,43515],[-118,-420]],[[86696,43095],[-354,80]],[[86342,43175],[186,1124]],[[86528,44299],[185,297],[-11,1375],[-142,343]],[[92985,41714],[-742,-18]],[[92243,41696],[-646,483]],[[91597,42179],[-154,664]],[[91443,42843],[235,233]],[[91678,43076],[1120,115]],[[92798,43191],[410,-891],[-223,-586]],[[91443,42843],[-478,142],[-821,-292]],[[90144,42693],[-451,397]],[[89693,43090],[581,498],[623,-10]],[[90897,43578],[540,-175],[241,-327]],[[89693,43090],[-94,721],[-417,80]],[[89182,43891],[40,211]],[[89222,44102],[528,251],[715,-266]],[[90465,44087],[432,-509]],[[89222,44102],[-96,102],[483,818]],[[89609,45022],[726,-207]],[[90335,44815],[130,-728]],[[89182,43891],[-348,-332]],[[88834,43559],[-117,713],[216,501]],[[88933,44773],[536,262]],[[89469,45035],[140,-13]],[[88933,44773],[-87,131]],[[88846,44904],[282,358],[-89,476]],[[89039,45738],[213,212],[414,-212]],[[89666,45738],[-197,-703]],[[88846,44904],[-406,378]],[[88331,45609],[708,129]],[[88834,43559],[-120,-30]],[[88714,43529],[-594,867],[-555,119]],[[88714,43529],[-193,-452],[130,-668]],[[88651,42409],[-55,-851]],[[88596,41558],[-718,822]],[[87878,42380],[-112,1139],[-952,-4]],[[87878,42380],[-617,82],[-464,-391]],[[86797,42071],[-219,633],[118,391]],[[83559,41972],[62,395],[310,-26]],[[83931,42341],[56,-244],[1150,-88],[744,-505]],[[85881,41504],[-385,-688]],[[85496,40816],[-1096,461],[-330,-72],[-686,-872]],[[83384,40333],[-97,485]],[[83287,40818],[272,1154]],[[85496,40816],[95,-199]],[[85591,40617],[-537,-334]],[[85054,40283],[-516,290],[-376,-710]],[[84162,39863],[-391,-69],[-387,539]],[[84162,39863],[10,-193]],[[84172,39670],[-418,-566],[-135,-488]],[[83619,38616],[-359,219],[-704,-20]],[[82556,38815],[-590,106]],[[81966,38921],[-555,221]],[[81212,39974],[31,249]],[[81243,40223],[87,372],[664,429],[170,377]],[[82164,41401],[605,-163],[518,-420]],[[81243,40223],[-169,986],[-187,240]],[[80887,41449],[491,399]],[[81378,41848],[581,-337]],[[81959,41511],[205,-110]],[[79444,41339],[345,472]],[[79789,41811],[781,130],[317,-492]],[[79012,41353],[-320,933]],[[78692,42286],[674,-140],[423,-335]],[[77398,41230],[434,540]],[[77832,41770],[352,745]],[[78184,42515],[508,-229]],[[76525,40791],[373,1149]],[[76898,41940],[934,-170]],[[76512,42278],[386,-338]],[[78501,43271],[-317,-756]],[[79535,43405],[-394,-159],[-449,-960]],[[79778,43474],[156,-398],[756,-174]],[[80690,42902],[62,-19]],[[80752,42883],[-27,-446],[512,-369]],[[81237,42068],[141,-220]],[[79778,43474],[824,-133]],[[80602,43341],[88,-439]],[[80752,42883],[544,-416]],[[81296,42467],[-59,-399]],[[81296,42467],[1007,-488]],[[82303,41979],[-344,-468]],[[82303,41979],[525,376]],[[82828,42355],[731,-383]],[[82828,42355],[209,432],[-116,494]],[[82921,43281],[262,289]],[[83183,43570],[717,490],[520,166]],[[84420,44226],[280,-479]],[[84700,43747],[-974,-773],[205,-633]],[[82828,42355],[-773,263],[183,849]],[[82238,43467],[683,-186]],[[80602,43341],[321,189]],[[80923,43530],[992,-229],[170,277]],[[82085,43578],[153,-111]],[[80923,43530],[449,672]],[[81372,44202],[159,-321],[554,-303]],[[81281,44834],[91,-632]],[[82798,45031],[-72,-918],[457,-543]],[[83268,45025],[1128,-395],[326,162]],[[84722,44792],[-302,-566]],[[84523,45975],[321,-445],[-122,-738]],[[84722,44792],[1019,-522],[787,29]],[[86342,43175],[-433,330],[-685,-29],[-524,271]],[[78449,36385],[-210,-248]],[[78239,36137],[-182,-170],[-459,288]],[[77598,36255],[-84,443]],[[78411,36815],[38,-430]],[[77598,36255],[-371,-263]],[[77227,35992],[-305,128]],[[86341,41370],[233,-436],[-311,-289]],[[86263,40645],[-672,-28]],[[85881,41504],[460,-134]],[[86797,42071],[332,-570]],[[87129,41501],[-788,-131]],[[88596,41558],[188,-155]],[[88784,41403],[-667,-149]],[[88117,41254],[-501,-34],[-487,281]],[[89465,41797],[-681,-394]],[[88651,42409],[751,129],[63,-741]],[[90144,42693],[74,-467]],[[90218,42226],[-753,-429]],[[91597,42179],[-453,-289],[-832,287]],[[90312,42177],[-94,49]],[[90335,44815],[303,235]],[[90638,45050],[458,-248],[1070,-36],[341,-357],[-4,-521],[295,-697]],[[90419,45588],[219,-538]],[[89666,45738],[753,-150]],[[87908,45835],[391,-1],[1423,508]],[[89722,46342],[696,-184],[1,-570]],[[88898,48259],[-36,-267],[464,-614],[183,-845],[213,-191]],[[88101,48643],[797,-384]],[[84851,50756],[609,1042],[422,111],[720,576]],[[86602,52485],[876,91]],[[87478,52576],[1175,-130],[-67,-554],[-706,-1042],[-352,-83],[-259,-449],[556,-298],[682,-7],[734,-189],[-240,-691],[-103,-874]],[[86602,52485],[-703,-215],[-712,33],[-417,337],[205,443],[615,643],[437,-10],[1292,243]],[[87319,53959],[80,-277],[-276,-760],[355,-346]],[[81726,54505],[133,532],[375,414]],[[82234,55451],[857,-204],[432,74],[510,-205],[312,300],[1002,-880],[432,-500],[546,289],[933,101],[61,-467]],[[81491,56187],[743,-736]],[[70063,62287],[-28,654]],[[70035,62941],[1075,-38],[408,-613]],[[69879,61489],[-378,282],[-696,13]],[[68805,61784],[-463,918],[385,473],[483,83]],[[69210,63258],[825,-317]],[[72891,60342],[-836,-372],[-286,-748]],[[71769,59222],[-733,100]],[[71036,59322],[-186,476]],[[70850,59798],[-376,440]],[[70474,60238],[-8,259]],[[71656,58780],[113,442]],[[72359,55638],[-343,399],[-606,-36],[-186,272]],[[72403,55425],[-869,-130],[-436,953]],[[71074,55097],[151,508],[-620,254]],[[70605,55859],[246,254]],[[70285,55804],[320,55]],[[66111,45195],[-466,-96],[-552,238],[-197,-178]],[[64896,45159],[-314,1588]],[[65381,44171],[-852,256]],[[64529,44427],[-18,656],[385,76]],[[69801,42743],[-589,-135],[-153,-314]],[[67050,39767],[1087,184],[-17,401],[-464,305]],[[67656,40657],[110,82]],[[67766,40739],[76,524]],[[67011,40605],[645,52]],[[67152,41466],[69,-302],[545,-425]],[[36074,34011],[-41,-304],[242,-1637]],[[36275,32070],[-257,-122]],[[36018,31948],[-742,153]],[[88416,32693],[-50,-560]],[[88366,32133],[-271,-243]],[[88095,31890],[-382,445],[-130,661]],[[87583,32996],[161,44]],[[87744,33040],[672,-347]],[[88095,31890],[-379,-14]],[[87716,31876],[-343,139],[-828,-52]],[[86545,31963],[496,859]],[[87041,32822],[208,52]],[[87249,32874],[334,122]],[[87249,32874],[17,908],[367,548],[411,89]],[[88044,34419],[-6,-438],[-294,-941]],[[89220,33895],[562,-39],[843,473]],[[90625,34329],[909,-385]],[[91534,33944],[-153,-255]],[[91381,33689],[-351,-396]],[[91030,33293],[-641,-299]],[[90389,32994],[-485,227]],[[89904,33221],[-626,390],[-58,284]],[[89220,33895],[-28,3]],[[89192,33898],[-321,891]],[[88871,34789],[622,389]],[[89493,35178],[951,-421]],[[90444,34757],[181,-428]],[[89493,35178],[-175,658],[206,113]],[[89524,35949],[897,443]],[[90421,36392],[406,-10]],[[90827,36382],[13,-572],[-396,-1053]],[[90421,36392],[-2,385],[-326,-36],[-51,708],[399,85],[365,391]],[[90806,37925],[472,-181]],[[91278,37744],[-149,-994],[108,-294]],[[91237,36456],[-410,-74]],[[90421,36392],[-1450,349]],[[88971,36741],[-53,644]],[[88918,37385],[160,582],[657,-9],[250,386]],[[89985,38344],[677,-267]],[[90662,38077],[144,-152]],[[89524,35949],[-609,301],[56,491]],[[88871,34789],[-426,51]],[[88445,34840],[81,819]],[[88526,35659],[-102,891]],[[88424,36550],[547,191]],[[89192,33898],[-278,-542]],[[88914,33356],[-1170,-316]],[[88044,34419],[401,421]],[[87041,32822],[-597,348],[-204,726],[377,530]],[[86617,34426],[250,973]],[[86867,35399],[926,378],[733,-118]],[[87716,31876],[-160,-324],[361,-326]],[[87917,31226],[-86,-325]],[[87831,30901],[-225,-205]],[[87606,30696],[-207,110]],[[87399,30806],[-885,486]],[[86514,31292],[2,157]],[[86516,31449],[29,514]],[[86067,33359],[-118,-301],[-67,299],[185,2]],[[86516,31449],[-591,619]],[[85925,32068],[-437,376]],[[85488,32444],[257,892],[-304,299],[352,705]],[[85793,34340],[824,86]],[[86514,31292],[-978,-264]],[[85536,31028],[389,1040]],[[86514,31292],[-391,-635]],[[86123,30657],[-587,371]],[[86123,30657],[-267,-592],[-263,-127]],[[85593,29938],[-239,333],[-1055,457]],[[84299,30728],[-320,170]],[[83979,30898],[318,313],[536,-21]],[[84833,31190],[703,-162]],[[84833,31190],[380,224],[-378,941]],[[84835,32355],[653,89]],[[83979,30898],[-213,114]],[[83766,31012],[366,800],[-1077,498]],[[83055,32310],[299,352],[847,-42]],[[84201,32620],[634,-265]],[[84201,32620],[-229,454]],[[83972,33074],[247,-91],[314,454],[121,656]],[[84654,34093],[346,-207],[186,531],[427,316]],[[85613,34733],[180,-393]],[[85613,34733],[493,827]],[[86106,35560],[761,-161]],[[84654,34093],[-367,255]],[[84287,34348],[-243,149]],[[84044,34497],[14,294],[714,743]],[[84772,35534],[1334,26]],[[84044,34497],[-842,372],[12,300]],[[83214,35169],[1345,954]],[[84559,36123],[213,-589]],[[83214,35169],[-704,405]],[[82510,35574],[210,891]],[[82720,36465],[999,-61],[854,216]],[[84573,36620],[-14,-497]],[[83214,35169],[-185,-431]],[[83029,34738],[-332,6]],[[82697,34744],[-551,91]],[[82146,34835],[-155,27]],[[81991,34862],[326,716],[193,-4]],[[84287,34348],[-238,-241]],[[84049,34107],[-339,289],[-464,12]],[[83246,34408],[-217,330]],[[83972,33074],[-794,215]],[[83178,33289],[-52,759]],[[83126,34048],[507,-191],[416,250]],[[83126,34048],[-428,157]],[[82698,34205],[548,203]],[[82698,34205],[-422,133]],[[82276,34338],[45,44]],[[82321,34382],[376,362]],[[82321,34382],[-175,453]],[[82276,34338],[-264,-302]],[[82012,34036],[-249,145]],[[81763,34181],[171,367],[-449,-16],[0,324]],[[81485,34856],[506,6]],[[37047,37641],[-179,-1167],[187,-337],[-406,-206]],[[35783,39048],[922,-415],[319,-499],[23,-493]],[[37047,37641],[425,-291]],[[37472,37350],[336,-248]],[[37808,37102],[293,-825]],[[38101,36277],[-706,-472],[-203,-487]],[[38101,36277],[464,-234],[231,382]],[[38796,36425],[361,-168]],[[39157,36257],[-144,-494]],[[39013,35763],[-707,-133]],[[38306,35630],[-446,-344],[-702,-226]],[[39013,35763],[-31,-393]],[[38982,35370],[-516,-77]],[[38466,35293],[-160,337]],[[38982,35370],[252,-714],[-447,-482]],[[38787,34174],[-535,483]],[[38252,34657],[254,125],[-40,511]],[[43134,32082],[-979,174],[-330,259],[205,433]],[[42030,32948],[639,-153],[375,-285],[90,-428]],[[42881,34933],[-69,197]],[[42812,35130],[-131,454],[535,777],[-542,258]],[[42674,36619],[138,482]],[[42812,37101],[694,-562],[748,208],[422,-85]],[[44676,36662],[234,-306]],[[44910,36356],[-22,-198],[1027,-737]],[[45915,35421],[20,-178]],[[45935,35243],[-454,-131],[-1170,267],[-640,-76],[-790,-370]],[[44910,36356],[403,502],[-183,236]],[[45130,37094],[-27,213]],[[45103,37307],[406,-8],[601,859]],[[46110,38158],[654,-119],[414,-593],[248,-718]],[[47426,36728],[-950,-946],[-561,-361]],[[47647,36719],[-221,9]],[[46110,38158],[51,38]],[[46161,38196],[335,738]],[[46496,38934],[326,259]],[[46822,39193],[1376,-792],[427,-436]],[[48625,37965],[-698,-587],[-23,-279]],[[47904,37099],[-257,-380]],[[49429,38714],[-389,-495]],[[49040,38219],[-415,-254]],[[46822,39193],[-131,662]],[[46691,39855],[651,279],[150,435]],[[47492,40569],[564,-78],[424,357],[622,-21]],[[46691,39855],[-456,119]],[[46235,39974],[478,1126]],[[46713,41100],[779,-531]],[[46496,38934],[-819,279]],[[45677,39213],[155,447],[403,314]],[[46161,38196],[-809,563]],[[45352,38759],[325,454]],[[45103,37307],[-245,86],[-345,620],[-804,485]],[[43709,38498],[232,415]],[[43941,38913],[1411,-154]],[[45130,37094],[-454,-432]],[[42812,37101],[309,541]],[[43121,37642],[257,155],[331,701]],[[42812,35130],[-274,-155],[-966,462],[-659,-153]],[[40913,35284],[-595,605],[-294,-9]],[[40024,35880],[-268,39]],[[39756,35919],[526,789]],[[40282,36708],[517,193]],[[40799,36901],[666,32]],[[41465,36933],[268,-505],[941,191]],[[40913,35284],[-404,-548]],[[40509,34736],[-407,319]],[[40102,35055],[-405,334]],[[39697,35389],[45,155]],[[39742,35544],[282,336]],[[40102,35055],[-713,-39],[308,373]],[[39742,35544],[-339,246]],[[39403,35790],[353,129]],[[39403,35790],[-390,-27]],[[39157,36257],[1125,451]],[[38796,36425],[72,475]],[[38868,36900],[53,523]],[[38921,37423],[826,95]],[[39747,37518],[932,-409]],[[40679,37109],[120,-208]],[[41465,36933],[-37,383],[432,144],[383,405]],[[42243,37865],[59,180]],[[42302,38045],[819,-403]],[[40679,37109],[184,583],[-526,701]],[[40337,38393],[299,272]],[[40636,38665],[1607,-800]],[[39747,37518],[590,875]],[[37808,37102],[1060,-202]],[[37808,37102],[339,455],[343,38]],[[38490,37595],[431,-172]],[[37472,37350],[393,1094]],[[37865,38444],[561,-262],[64,-587]],[[35780,39452],[644,-408],[721,-190],[720,-410]],[[37865,38444],[717,218],[687,872]],[[39269,39534],[1089,-497]],[[40358,39037],[241,-192]],[[40599,38845],[37,-180]],[[37139,40007],[1541,371],[428,-135]],[[39108,40243],[-165,-462],[326,-247]],[[39108,40243],[787,322],[179,289]],[[40074,40854],[264,-375],[772,-480]],[[41110,39999],[-386,-145],[-204,-473]],[[40520,39381],[-162,-344]],[[41110,39999],[411,175],[703,-146]],[[42224,40028],[169,-143]],[[42393,39885],[127,-445]],[[42520,39440],[-1614,55],[-386,-114]],[[42520,39440],[-218,-1395]],[[42302,38045],[-309,398],[-399,-35],[-226,492],[-380,150],[-389,-205]],[[42393,39885],[669,-67],[647,-804]],[[43709,39014],[232,-101]],[[43709,39014],[441,1115]],[[44150,40129],[326,206]],[[44476,40335],[916,-278],[843,-83]],[[44476,40335],[651,922]],[[45127,41257],[453,304],[740,151]],[[46320,41712],[393,-612]],[[44150,40129],[-545,134],[385,328],[198,488],[336,227]],[[44524,41306],[603,-49]],[[44524,41306],[230,465],[79,778]],[[44833,42549],[562,164],[518,-173]],[[45913,42540],[490,-190]],[[46403,42350],[-83,-638]],[[50041,42226],[-216,-757]],[[49825,41469],[-408,-225]],[[49129,41191],[-574,78],[-309,503],[-34,460]],[[48212,42232],[476,-104],[563,164],[790,-66]],[[49825,41469],[807,-515]],[[50041,42226],[192,145],[-260,815]],[[49973,43186],[1767,-479]],[[44833,42549],[-437,196]],[[44396,42745],[-280,829],[603,390]],[[44719,43964],[1120,423],[632,94]],[[46471,44481],[-467,-1085],[-91,-856]],[[42224,40028],[152,858]],[[42376,40886],[50,449],[701,110],[133,248],[956,523],[180,529]],[[42376,40886],[-293,-52],[-1352,635]],[[40731,41469],[65,192]],[[40796,41661],[610,107],[41,303],[842,506],[448,711],[158,579]],[[42895,43867],[433,106],[15,304],[889,414]],[[44232,44691],[487,-727]],[[40074,40854],[657,615]],[[43310,46429],[-268,-406],[-85,-1315],[-382,-663]],[[42575,44045],[-454,64]],[[42121,44109],[-86,547],[-923,1319]],[[41112,45975],[914,215]],[[42026,46190],[1284,239]],[[42575,44045],[320,-178]],[[40796,41661],[-1025,697]],[[39771,42358],[712,328],[205,424]],[[40688,43110],[273,15],[463,600],[697,384]],[[39108,40243],[-311,665],[-970,378],[90,563]],[[37917,41849],[309,489]],[[38226,42338],[709,142],[312,-267],[524,145]],[[37005,41585],[340,279],[572,-15]],[[36442,41793],[-152,311],[335,436],[-50,439]],[[36575,42979],[345,63],[763,-276],[543,-428]],[[35013,42369],[-81,426],[378,800]],[[35310,43595],[338,397]],[[35648,43992],[535,-544]],[[36183,43448],[392,-469]],[[32972,42291],[567,152]],[[33539,42443],[1337,-141]],[[33539,42443],[46,609]],[[33585,43052],[994,-73],[297,-677]],[[33585,43052],[218,477],[-264,579]],[[33539,44108],[211,460]],[[33750,44568],[595,-166]],[[34345,44402],[472,-52]],[[34817,44350],[493,-755]],[[32321,42376],[206,864]],[[32527,43240],[1012,868]],[[29938,40709],[-159,740]],[[29779,41449],[541,110],[398,417],[369,12]],[[28724,40731],[-431,352]],[[28293,41083],[68,675],[480,299]],[[28841,42057],[376,121]],[[29217,42178],[562,-729]],[[27918,40953],[375,130]],[[28310,42349],[531,-292]],[[27337,41170],[119,580],[494,605]],[[27950,42355],[360,-6]],[[29217,42178],[-169,575],[239,416]],[[29287,43169],[644,-89],[412,-241]],[[30343,42839],[855,-271]],[[31198,42568],[151,-62]],[[28310,42349],[260,846],[-330,453],[-632,-41]],[[27608,43607],[307,260]],[[27915,43867],[1191,-415],[181,-283]],[[27950,42355],[-679,687],[-472,-203],[-312,233]],[[26487,43072],[344,531]],[[26831,43603],[777,4]],[[25315,42205],[191,349]],[[25506,42554],[608,-49],[373,567]],[[25596,39458],[-91,-191],[-672,110]],[[23071,41084],[-41,-615],[796,-88]],[[24738,37737],[-1370,4],[-333,-529],[-32,-489],[-341,-548]],[[21612,36444],[-96,1033],[191,596],[25,1047]],[[21732,39120],[310,1746]],[[22042,40866],[39,607]],[[22081,41473],[990,-389]],[[21732,39120],[-427,122],[-955,-76]],[[20350,39166],[-321,1494]],[[20029,40660],[497,139],[391,-292],[539,294],[586,65]],[[23071,41084],[1433,400]],[[22081,41473],[-597,424]],[[21484,41897],[-112,81]],[[21372,41978],[570,948]],[[21942,42926],[454,-374],[662,-50],[530,259],[660,-305]],[[24248,42456],[514,-371]],[[21942,42926],[-39,871]],[[21903,43797],[1218,-331],[1250,-142]],[[24371,43324],[-123,-868]],[[24371,43324],[656,-149],[479,-621]],[[22223,45047],[317,-5],[647,-602],[495,-78],[291,-299]],[[23973,44063],[448,-460],[-50,-279]],[[21903,43797],[246,956],[-126,306]],[[22023,45059],[200,-12]],[[26831,43603],[-519,546],[151,486]],[[26463,44635],[226,-22]],[[26689,44613],[423,170],[874,-182]],[[27986,44601],[-71,-734]],[[26689,44613],[43,443],[-481,604]],[[26251,45660],[77,463]],[[26328,46123],[645,-342]],[[26973,45781],[151,-363],[950,-328]],[[28074,45090],[260,-357]],[[28334,44733],[-348,-132]],[[26973,45781],[551,512]],[[27524,46293],[1480,-159]],[[29004,46134],[-270,-739],[-422,68],[-238,-373]],[[27524,46293],[-58,659]],[[27466,46952],[879,35]],[[28345,46987],[315,-85],[831,-608],[-9,-203]],[[29482,46091],[-478,43]],[[29482,46091],[-92,-160],[31,-1363]],[[29421,44568],[-612,-168],[-475,333]],[[29421,44568],[88,-956],[-222,-443]],[[29421,44568],[539,117]],[[29960,44685],[-75,-432],[461,-189]],[[30346,44064],[89,-447],[870,-301]],[[31305,43316],[-90,-342]],[[31215,42974],[-698,111],[-174,-246]],[[29482,46091],[256,-20]],[[29738,46071],[716,-166]],[[30454,45905],[1044,-292]],[[31498,45613],[-364,-472]],[[31134,45141],[-680,-224]],[[30454,44917],[-494,-232]],[[30454,44917],[-55,-688]],[[30399,44229],[-53,-165]],[[30399,44229],[634,-43]],[[31033,44186],[498,-419]],[[31531,43767],[-226,-451]],[[31134,45141],[-101,-955]],[[31498,45613],[371,13]],[[31869,45626],[188,-127]],[[32057,45499],[-1,-820]],[[32056,44679],[-132,-601]],[[31924,44078],[-393,-311]],[[31924,44078],[287,-170]],[[32211,43908],[316,-668]],[[31198,42568],[17,406]],[[32211,43908],[325,60],[529,505]],[[33065,44473],[133,905]],[[33198,45378],[719,-422]],[[33917,44956],[-167,-388]],[[32056,44679],[1009,-206]],[[32057,45499],[877,186],[264,-307]],[[31869,45626],[44,542]],[[31913,46168],[1529,45],[300,180]],[[33742,46393],[621,-87]],[[34363,46306],[-34,-569],[229,-92],[-432,-701]],[[34126,44944],[-209,12]],[[30454,45905],[632,476],[50,737]],[[31136,47118],[762,-281]],[[31898,46837],[15,-669]],[[31898,46837],[-51,278],[610,169]],[[32457,47284],[1045,-83]],[[33502,47201],[240,-808]],[[33502,47201],[1064,332]],[[34566,47533],[93,-912]],[[34659,46621],[-296,-315]],[[34566,47533],[-7,62]],[[34559,47595],[589,199]],[[35148,47794],[195,-116],[-84,-607],[-339,-544],[-261,94]],[[34126,44944],[219,-542]],[[34817,44350],[401,604]],[[35218,44954],[396,-107]],[[35614,44847],[325,-273]],[[35939,44574],[-291,-582]],[[35218,44954],[26,350],[464,-10]],[[35708,45294],[-94,-447]],[[35708,45294],[493,-387]],[[36201,44907],[-262,-333]],[[36201,44907],[211,411]],[[36412,45318],[488,-70]],[[36900,45248],[354,-55]],[[37254,45193],[-752,-971],[-319,-774]],[[35882,45601],[-341,97],[313,281]],[[35854,45979],[28,-378]],[[35854,45979],[521,799]],[[36375,46778],[322,-418]],[[36697,46360],[-364,-940]],[[36333,45420],[-451,181]],[[36697,46360],[658,20]],[[37355,46380],[180,-339]],[[37535,46041],[-635,-793]],[[36412,45318],[-79,102]],[[37535,46041],[572,84],[32,373]],[[38139,46498],[483,-306]],[[38622,46192],[-261,-500],[-699,-139],[-408,-360]],[[37355,46380],[265,203]],[[37620,46583],[501,-62]],[[38121,46521],[18,-23]],[[20860,36596],[-216,3]],[[20644,36599],[-498,438],[-28,728],[232,1401]],[[38252,34657],[-253,-84],[-600,-801]],[[37399,33772],[-186,249]],[[38787,34174],[65,-605],[-364,-660]],[[38488,32909],[-842,455],[-247,408]],[[40509,34736],[94,-332]],[[40603,34404],[-434,-17],[-341,-377],[351,3],[329,-462],[287,-1575]],[[40795,31976],[-104,60]],[[40691,32036],[-895,294],[-1308,579]],[[40603,34404],[409,-152],[535,-558],[53,-474],[-163,-1462]],[[41437,31758],[-642,218]],[[42881,34933],[-253,-93]],[[42628,34840],[-854,-571],[51,-965],[205,-356]],[[43134,32082],[72,-62]],[[43206,32020],[-465,-284]],[[42741,31736],[-830,-265]],[[41911,31471],[-474,287]],[[45935,35243],[76,-529],[-256,-1090]],[[45755,33624],[-703,-227],[-1338,-1062]],[[43714,32335],[-754,941],[-370,778],[38,786]],[[47647,36719],[352,-735]],[[47999,35984],[111,-203]],[[46838,32947],[-246,-179],[-737,822]],[[45855,33590],[-100,34]],[[47999,35984],[740,46]],[[47904,37099],[998,-307]],[[49040,38219],[303,-397],[-72,-850]],[[48212,42232],[-221,293],[196,725]],[[48187,43250],[1786,-64]],[[46403,42350],[1149,65],[300,913]],[[47852,43328],[335,-78]],[[47649,44358],[845,-75]],[[48494,44283],[-642,-955]],[[46471,44481],[490,363]],[[46961,44844],[688,-486]],[[45600,45734],[957,-303],[404,-587]],[[44232,44691],[406,773],[-112,714]],[[44526,46178],[705,-154],[369,-290]],[[43788,46410],[738,-232]],[[43310,46429],[478,-19]],[[40688,43110],[-764,454],[-338,382],[241,602],[43,735],[543,-55],[170,543]],[[40583,45771],[286,276]],[[40869,46047],[243,-72]],[[38622,46192],[552,186]],[[39174,46378],[156,-182],[992,-140],[261,-285]],[[38678,47639],[496,-1261]],[[38121,46521],[21,553],[354,596]],[[38496,47670],[182,-31]],[[37620,46583],[-191,237],[686,1074]],[[38115,47894],[381,-224]],[[36375,46778],[311,473],[78,788]],[[36764,48039],[245,174]],[[37009,48213],[274,-387],[532,280],[300,-212]],[[35632,48288],[225,-330],[907,81]],[[35148,47794],[190,648]],[[35338,48442],[294,-154]],[[34559,47595],[-509,439]],[[34050,48034],[130,630],[217,141]],[[34397,48805],[941,-363]],[[34050,48034],[-656,272],[-73,212]],[[33321,48518],[857,546]],[[34178,49064],[219,-259]],[[33321,48518],[-597,248]],[[32724,48766],[-259,695]],[[32465,49461],[572,354]],[[33037,49815],[420,-455],[721,-296]],[[32457,47284],[-820,617],[194,444]],[[31831,48345],[-51,507]],[[31780,48852],[944,-86]],[[31136,47118],[-189,450],[-564,556]],[[30383,48124],[157,19]],[[30540,48143],[380,-181],[911,383]],[[29598,48279],[785,-155]],[[29738,46071],[84,689],[-379,583],[247,550],[-242,300]],[[29448,48193],[150,86]],[[28345,46987],[153,689],[375,712]],[[28873,48388],[575,-195]],[[27466,46952],[310,912],[-109,488]],[[27667,48352],[176,21]],[[27843,48373],[1030,15]],[[27524,46293],[-782,878],[-43,272],[-857,718]],[[25842,48161],[543,522]],[[26385,48683],[1282,-331]],[[26328,46123],[-206,437],[-1031,708],[-840,64]],[[24251,47332],[258,667],[768,343]],[[25277,48342],[565,-181]],[[26251,45660],[-428,216],[-1203,251]],[[24620,46127],[-56,491],[-297,487]],[[24267,47105],[-16,227]],[[26463,44635],[-1470,696],[-668,548]],[[24325,45879],[295,248]],[[23973,44063],[169,106],[-302,615],[320,247],[50,433],[-362,433]],[[23848,45897],[477,-18]],[[23246,46170],[602,-273]],[[22223,45047],[-205,975]],[[22018,46022],[427,170],[801,-22]],[[21372,41978],[-728,23],[-1439,562]],[[19205,42563],[419,605],[873,521],[54,619],[343,684],[1129,67]],[[21484,41897],[-916,-696],[-654,-344]],[[19914,40857],[-642,329],[-532,-127],[-655,114],[-126,353],[439,473],[807,564]],[[20029,40660],[-115,197]],[[31544,49095],[236,-243]],[[30540,48143],[-70,768],[759,447]],[[31229,49358],[315,-263]],[[61605,62548],[306,-743]],[[61911,61805],[-379,-737],[657,-1026],[826,-71]],[[63015,59971],[260,-644]],[[63275,59327],[-423,-556]],[[62852,58771],[-155,-293],[-575,-55]],[[62122,58423],[-652,-610]],[[61470,57813],[-144,-37]],[[61326,57776],[-704,487],[-219,-158],[-563,545]],[[59840,58650],[-60,471],[-454,170],[11,759],[339,263]],[[59676,60313],[311,-6],[361,-405],[204,473],[-782,182]],[[59770,60557],[-116,247]],[[59654,60804],[1007,545]],[[60661,61349],[261,376],[-174,255]],[[60748,61980],[314,81],[201,497]],[[61263,62558],[342,-10]],[[59676,60313],[94,244]],[[59654,60804],[-657,424]],[[58997,61228],[-158,606],[219,19]],[[59058,61853],[770,-18]],[[59828,61835],[539,-141]],[[60367,61694],[294,-345]],[[61911,61805],[377,-140],[196,402],[912,-257]],[[63396,61810],[-229,-437],[81,-898]],[[63248,60475],[-233,-504]],[[63691,62495],[542,-22],[551,-483]],[[64784,61990],[-235,-284]],[[64549,61706],[-496,-274],[-104,-670]],[[63949,60762],[-552,-8],[-149,-279]],[[63396,61810],[-144,892]],[[63252,62702],[439,-207]],[[61605,62548],[485,171],[108,290]],[[62198,63009],[874,-160]],[[63072,62849],[180,-147]],[[63072,62849],[401,765],[102,623]],[[63575,64237],[756,-363]],[[64331,63874],[-101,-654]],[[64230,63220],[-435,-249],[-104,-476]],[[62198,63009],[-7,841]],[[62191,63850],[446,369],[569,153],[-26,216]],[[63180,64588],[218,-9]],[[63398,64579],[177,-342]],[[61263,62558],[-233,114]],[[61030,62672],[-120,529],[-431,-314]],[[60479,62887],[-70,477]],[[60409,63364],[456,180],[243,533]],[[61108,64077],[549,44]],[[61657,64121],[534,-271]],[[61030,62672],[-551,215]],[[59058,61853],[167,390],[440,310]],[[59665,62553],[443,-53],[-280,-665]],[[59665,62553],[-388,306]],[[59277,62859],[546,-178],[656,206]],[[60748,61980],[-146,214],[-235,-500]],[[59277,62859],[29,200]],[[59306,63059],[306,10],[198,653]],[[59810,63722],[599,-358]],[[59306,63059],[-229,213]],[[59077,63272],[-48,691]],[[59029,63963],[306,244],[477,-309]],[[59812,63898],[-2,-176]],[[59077,63272],[-1099,300]],[[57978,63572],[61,276]],[[58039,63848],[235,466],[431,142]],[[58705,64456],[324,-493]],[[58039,63848],[-271,165]],[[57768,64013],[-20,231],[-552,357]],[[57196,64601],[-324,371],[-760,110]],[[56112,65082],[354,285],[758,-393],[312,601],[457,-208],[530,124],[303,499]],[[58826,65990],[450,-287]],[[59276,65703],[1,-260]],[[59277,65443],[-572,-987]],[[59277,65443],[449,-438],[507,-158]],[[60233,64847],[45,-126]],[[60278,64721],[73,-640]],[[60351,64081],[-539,-183]],[[60351,64081],[434,-128]],[[60785,63953],[323,124]],[[60278,64721],[406,-5]],[[60684,64716],[37,-297]],[[60721,64419],[64,-466]],[[60721,64419],[676,230],[429,-139]],[[61826,64510],[-169,-389]],[[60684,64716],[-61,371]],[[60623,65087],[927,-262],[129,110]],[[61679,64935],[305,-180]],[[61984,64755],[-158,-245]],[[60233,64847],[390,240]],[[60623,65087],[358,527],[-104,420]],[[60877,66034],[878,-97]],[[61755,65937],[412,-164]],[[62167,65773],[-488,-838]],[[61984,64755],[1196,-167]],[[62167,65773],[232,85]],[[62399,65858],[485,143]],[[62884,66001],[399,-450]],[[63283,65551],[-81,-660],[428,-50]],[[63630,64841],[13,-58]],[[63643,64783],[-245,-204]],[[63643,64783],[320,127],[828,-76],[131,266],[801,163]],[[65723,65263],[86,-356],[-783,-92],[-256,-360],[238,-210]],[[65008,64245],[-677,-371]],[[66772,64455],[-119,-490],[607,-138],[216,-283]],[[67476,63544],[-495,-464],[559,6]],[[67540,63086],[381,76],[435,472]],[[68356,63634],[646,-105]],[[69002,63529],[208,-271]],[[68805,61784],[-121,-34]],[[68684,61750],[-721,101]],[[67963,61851],[-484,914],[-404,86]],[[67075,62851],[-564,-129]],[[66511,62722],[-349,78],[-369,-547]],[[65793,62253],[-80,418]],[[65713,62671],[214,481],[-426,-269]],[[65501,62883],[-1271,337]],[[65008,64245],[821,-4],[725,223]],[[66554,64464],[218,-9]],[[65713,62671],[-212,212]],[[65793,62253],[-1009,-263]],[[63949,60762],[243,-388],[821,-291]],[[65013,60083],[-432,-398],[-633,-81],[-509,-286]],[[63439,59318],[-164,9]],[[67476,63544],[181,191]],[[67657,63735],[-117,-649]],[[67657,63735],[249,359]],[[67906,64094],[450,-460]],[[69121,63933],[-119,-404]],[[67906,64094],[168,151]],[[68074,64245],[1047,-312]],[[68074,64245],[125,352]],[[68199,64597],[1452,-419],[-530,-245]],[[66772,64455],[373,498]],[[67145,64953],[1054,-356]],[[66554,64464],[274,1078]],[[66828,65542],[422,124]],[[67250,65666],[-105,-713]],[[65723,65263],[83,1271],[153,154]],[[65959,66688],[423,-27]],[[66382,66661],[-135,-223],[336,-356],[-168,-469],[413,-71]],[[67906,66513],[-273,-57],[-383,-790]],[[66828,65542],[-62,720],[231,257]],[[66997,66519],[841,217]],[[67838,66736],[68,-223]],[[66382,66661],[313,434]],[[66695,67095],[81,232]],[[66776,67327],[373,-462],[-152,-346]],[[69318,68923],[-145,-277],[370,-357]],[[69543,68289],[-578,-822],[-34,-739],[-340,-296],[-685,81]],[[67838,66736],[11,1714]],[[67849,68450],[657,1070]],[[68506,69520],[812,-597]],[[66776,67327],[152,336],[-213,533]],[[66715,68196],[244,332],[-63,412]],[[66896,68940],[61,176]],[[66957,69116],[448,151]],[[67405,69267],[-171,-640],[615,-177]],[[67405,69267],[603,955]],[[68008,70222],[783,183]],[[68791,70405],[-194,-454]],[[68597,69951],[-91,-431]],[[68597,69951],[932,-283]],[[69529,69668],[-211,-745]],[[69979,69299],[-385,-512],[-51,-498]],[[69529,69668],[450,-369]],[[68791,70405],[323,-140]],[[69114,70265],[415,-597]],[[68679,71223],[1020,44]],[[69699,71267],[238,-899]],[[69937,70368],[-662,180]],[[69275,70548],[-596,675]],[[69275,70548],[-161,-283]],[[68008,70222],[-161,322]],[[67847,70544],[345,718]],[[68192,71262],[487,-39]],[[66957,69116],[-298,278],[281,863]],[[66940,70257],[907,287]],[[66896,68940],[-384,-281],[-454,85],[-44,-255]],[[66014,68489],[-204,275],[-908,464]],[[64902,69228],[309,367]],[[65211,69595],[469,29]],[[65680,69624],[654,-112],[132,-290],[491,-106]],[[66715,68196],[-745,-636]],[[65970,67560],[-303,-454]],[[65667,67106],[-816,310]],[[64851,67416],[67,91]],[[64918,67507],[930,869]],[[65848,68376],[166,113]],[[66695,67095],[-725,465]],[[65959,66688],[-292,418]],[[63630,64841],[123,494],[-270,471]],[[63483,65806],[616,828],[-39,178],[791,604]],[[63283,65551],[200,255]],[[62884,66001],[93,155]],[[62977,66156],[942,986]],[[63919,67142],[525,544]],[[64444,67686],[248,175]],[[64692,67861],[226,-354]],[[64692,67861],[341,177]],[[65033,68038],[326,411],[489,-73]],[[65033,68038],[-539,479]],[[64494,68517],[53,216]],[[64547,68733],[355,495]],[[64444,67686],[-1004,84]],[[63440,67770],[-57,335],[1111,412]],[[63919,67142],[-483,-95],[-384,444]],[[63052,67491],[388,279]],[[62977,66156],[-585,553]],[[62392,66709],[-32,838]],[[62360,67547],[692,-56]],[[62399,65858],[-353,580],[346,271]],[[61755,65937],[-125,499],[186,410]],[[61816,66846],[576,-137]],[[60877,66034],[-775,407]],[[60102,66441],[182,276]],[[60284,66717],[542,55]],[[60826,66772],[705,182]],[[61531,66954],[285,-108]],[[59276,65703],[62,311]],[[59338,66014],[588,110],[176,317]],[[58826,65990],[512,24]],[[58826,65990],[-581,589]],[[58245,66579],[536,-21],[444,373]],[[59225,66931],[644,26]],[[59869,66957],[415,-240]],[[59869,66957],[248,185]],[[60117,67142],[709,-370]],[[60117,67142],[35,313]],[[60152,67455],[140,300]],[[60292,67755],[772,-145],[233,-552],[390,108]],[[61687,67166],[-156,-212]],[[61687,67166],[673,381]],[[62360,67547],[176,422]],[[62536,67969],[787,596],[95,253]],[[63418,68818],[513,84],[616,-169]],[[62536,67969],[-211,579]],[[62325,68548],[1093,270]],[[60292,67755],[692,464]],[[60984,68219],[378,-144],[123,403]],[[61485,68478],[840,70]],[[60984,68219],[381,350]],[[61365,68569],[120,-91]],[[60152,67455],[-757,-157]],[[59395,67298],[198,807],[-365,195],[186,738]],[[59414,69038],[95,605]],[[59509,69643],[352,-290]],[[59861,69353],[-197,-496],[1594,-28]],[[61258,68829],[60,-40]],[[61318,68789],[47,-220]],[[59225,66931],[-46,363]],[[59179,67294],[216,4]],[[59179,67294],[-539,22],[-636,259]],[[58004,67575],[240,1385]],[[58244,68960],[804,66]],[[59048,69026],[366,12]],[[58245,66579],[-389,306],[66,570]],[[57922,67455],[82,120]],[[56112,65082],[-210,-252]],[[55902,64830],[-269,282]],[[55633,65112],[303,871],[-90,348]],[[55846,66331],[211,479]],[[56057,66810],[292,380]],[[56349,67190],[1051,-164],[118,454],[404,-25]],[[57978,63572],[-465,-653],[156,-359],[-38,-783],[-385,-206],[18,-857]],[[57264,60714],[-1336,284],[-297,195]],[[55631,61193],[-29,206]],[[55602,61399],[-38,866],[-1029,-43]],[[54535,62222],[-255,648]],[[54280,62870],[280,312],[560,124],[30,518]],[[55150,63824],[1166,-159],[803,-333],[396,427]],[[57515,63759],[253,254]],[[55150,63824],[-410,291],[149,603]],[[54889,64718],[578,191],[401,-87]],[[55868,64822],[-26,-141]],[[55842,64681],[97,-373],[1006,-433],[570,-116]],[[55842,64681],[753,-170],[601,90]],[[55868,64822],[34,8]],[[54280,62870],[-240,142]],[[54040,63012],[151,347],[-177,1137],[117,419]],[[54131,64915],[758,-197]],[[53823,65333],[308,-418]],[[54040,63012],[-794,-75],[-92,296]],[[53154,63233],[-295,665]],[[52859,63898],[-505,744],[183,611]],[[52537,65253],[407,-151],[356,374]],[[53300,65476],[523,-143]],[[53154,63233],[-256,73]],[[52898,63306],[-879,352],[-572,-75]],[[51447,63583],[566,366],[846,-51]],[[52898,63306],[-101,-190]],[[52797,63116],[-1323,246],[-27,221]],[[51586,65595],[356,-102]],[[51942,65493],[595,-240]],[[51447,63583],[-806,-121]],[[50641,63462],[-694,333]],[[49947,63795],[185,1062],[-378,244]],[[49754,65101],[245,313]],[[49999,65414],[522,387],[1065,-206]],[[51942,65493],[-52,525],[198,318]],[[52088,66336],[524,-135]],[[52612,66201],[195,-140],[-270,-808]],[[52612,66201],[510,82]],[[53122,66283],[352,-390]],[[53474,65893],[-174,-417]],[[53474,65893],[677,63],[-328,-623]],[[53122,66283],[216,556],[-462,619]],[[52876,67458],[503,143]],[[53379,67601],[1059,-254]],[[54438,67347],[401,-113]],[[54839,67234],[256,-900]],[[55095,66334],[28,-1016],[510,-206]],[[55095,66334],[751,-3]],[[54839,67234],[798,-42]],[[55637,67192],[420,-382]],[[54438,67347],[649,238]],[[55087,67585],[129,92]],[[55216,67677],[421,-485]],[[55087,67585],[-440,70],[-78,447]],[[54569,68102],[481,-92]],[[55050,68010],[166,-333]],[[55050,68010],[62,316],[782,428]],[[55894,68754],[475,-346],[509,-56]],[[56878,68352],[-189,-116],[-340,-1046]],[[53379,67601],[-292,144]],[[53087,67745],[-89,332],[730,566]],[[53728,68643],[841,-541]],[[52876,67458],[-272,143],[-523,-254],[-652,112]],[[51429,67459],[121,542]],[[51550,68001],[166,452]],[[51716,68453],[544,-180],[827,-528]],[[52088,66336],[-373,457],[-287,-70]],[[51428,66723],[-477,631]],[[50951,67354],[271,219]],[[51222,67573],[207,-114]],[[51586,65595],[-420,489],[15,317]],[[51181,66401],[247,322]],[[51181,66401],[-875,150]],[[50306,66551],[142,360]],[[50448,66911],[753,-290],[227,102]],[[49999,65414],[-1319,321],[8,190],[-800,12]],[[47888,65937],[-516,702]],[[47372,66639],[1707,239],[438,309]],[[49517,67187],[451,-556],[338,-80]],[[49754,65101],[-235,58],[-1173,-586]],[[48346,64573],[-440,625],[-18,739]],[[49754,65101],[-526,-809]],[[49228,64292],[-882,281]],[[49947,63795],[-216,129]],[[49731,63924],[-503,368]],[[49517,67187],[252,441]],[[49769,67628],[685,-390],[-6,-327]],[[49769,67628],[258,353]],[[50027,67981],[924,-627]],[[50027,67981],[-98,357]],[[49929,68338],[415,3]],[[50344,68341],[863,-282]],[[51207,68059],[15,-486]],[[51207,68059],[343,-58]],[[50344,68341],[114,808]],[[50458,69149],[1000,-476]],[[51458,68673],[258,-220]],[[51458,68673],[129,498]],[[51587,69171],[495,-540],[230,794],[-210,441],[-679,-88]],[[51423,69778],[-1,786]],[[51422,70564],[268,-258],[430,133],[876,-441]],[[52996,69998],[407,-555]],[[53403,69443],[325,-800]],[[51587,69171],[-164,607]],[[56878,68352],[504,114],[521,424]],[[57903,68890],[341,70]],[[55894,68754],[299,445]],[[56193,69199],[370,-130],[-69,365],[464,247],[-25,1069]],[[56933,70750],[1075,-504],[169,-387]],[[58177,69859],[-274,-969]],[[53403,69443],[428,142]],[[53831,69585],[868,-202],[736,90]],[[55435,69473],[429,490]],[[55864,69963],[95,-225]],[[55959,69738],[234,-539]],[[52996,69998],[-206,563]],[[52790,70561],[226,-132],[691,149],[739,914],[-197,132]],[[54249,71624],[277,-46]],[[54526,71578],[106,-577],[499,-629]],[[55131,70372],[-2,-247]],[[55129,70125],[278,-478]],[[55407,69647],[-427,369],[-766,101],[-383,-532]],[[55407,69647],[28,-174]],[[55129,70125],[218,115],[517,-277]],[[55131,70372],[305,305],[-492,907]],[[54944,71584],[656,132]],[[55600,71716],[692,-222]],[[56292,71494],[-192,-437],[126,-782],[-267,-537]],[[54526,71578],[418,6]],[[56292,71494],[270,-10]],[[56562,71484],[469,-81]],[[57031,71403],[-98,-653]],[[58177,69859],[284,382],[-130,729],[413,548],[-55,1071]],[[58689,72589],[385,-221],[1242,180]],[[60316,72548],[5,-298]],[[60321,72250],[-636,-1008]],[[59685,71242],[-208,-309],[-139,-1168]],[[59338,69765],[-290,-739]],[[59338,69765],[171,-122]],[[59685,71242],[206,-114]],[[59891,71128],[83,-674]],[[59974,70454],[-465,-811]],[[59974,70454],[486,-74]],[[60460,70380],[64,-277]],[[60524,70103],[-567,-754]],[[59957,69349],[-96,4]],[[60524,70103],[-315,-738],[-252,-16]],[[60460,70380],[178,680]],[[60638,71060],[-22,346],[589,213]],[[61205,71619],[91,90]],[[61296,71709],[428,-543]],[[61724,71166],[-28,-360],[445,-46]],[[62141,70760],[549,-241]],[[62690,70519],[-296,-530]],[[62394,69989],[-535,-339],[-534,-84],[-67,-737]],[[62394,69989],[319,-717],[-193,-325],[-460,132],[-742,-290]],[[62394,69989],[668,65],[693,342]],[[63755,70396],[-49,-778]],[[63706,69618],[-288,-800]],[[59891,71128],[747,-68]],[[60321,72250],[485,-103],[399,-528]],[[61296,71709],[235,864]],[[61531,72573],[707,872]],[[62238,73445],[542,-858]],[[62780,72587],[-525,-769]],[[62255,71818],[-531,-652]],[[62255,71818],[502,65],[387,-357]],[[63144,71526],[-1003,-766]],[[63144,71526],[317,-100]],[[63461,71426],[-771,-907]],[[63461,71426],[501,47]],[[63962,71473],[-231,-704],[159,-358]],[[63890,70411],[-135,-15]],[[63890,70411],[236,-277]],[[64126,70134],[72,-460]],[[64198,69674],[-492,-56]],[[64198,69674],[680,116],[333,-195]],[[65680,69624],[-15,334],[335,472]],[[66000,70430],[629,221]],[[66629,70651],[311,-394]],[[64126,70134],[401,127],[621,1021],[260,203]],[[65408,71485],[414,-221]],[[65822,71264],[-81,-396],[259,-438]],[[63962,71473],[225,362],[788,158]],[[64975,71993],[696,-219]],[[65671,71774],[-263,-289]],[[62780,72587],[410,532]],[[63190,73119],[855,-367]],[[64045,72752],[-101,-356],[1031,-403]],[[63190,73119],[602,194],[68,539],[413,183]],[[64273,74035],[539,-40],[328,-527]],[[65140,73468],[-587,-527],[-508,-189]],[[65140,73468],[178,91]],[[65318,73559],[1168,-143]],[[66486,73416],[-134,-613],[-334,-462]],[[66018,72341],[-347,-567]],[[66018,72341],[342,-243]],[[66360,72098],[-283,-740]],[[66077,71358],[-255,-94]],[[66077,71358],[205,-264],[626,-150]],[[66908,70944],[-279,-293]],[[66360,72098],[529,416]],[[66889,72514],[1086,-110]],[[67975,72404],[-509,-407],[-84,-464]],[[67382,71533],[-474,-589]],[[67382,71533],[133,109],[677,-380]],[[68192,71262],[80,558],[283,483]],[[68555,72303],[1155,-609]],[[69710,71694],[-11,-427]],[[69469,72811],[-77,-337],[296,-336]],[[69688,72138],[22,-444]],[[68555,72303],[-8,258]],[[68547,72561],[354,432]],[[68901,72993],[568,-182]],[[67975,72404],[572,157]],[[66889,72514],[271,874]],[[67160,73388],[355,175]],[[67515,73563],[451,410]],[[67966,73973],[320,482]],[[68286,74455],[266,-96],[188,-617],[264,-115]],[[69004,73627],[-256,-361],[153,-273]],[[69860,73696],[225,-296]],[[70085,73400],[-616,-589]],[[69004,73627],[124,-10]],[[69128,73617],[732,79]],[[69860,73696],[11,772]],[[69871,74468],[250,275]],[[70121,74743],[421,-443],[-457,-900]],[[69128,73617],[-69,389],[356,490],[-149,149]],[[69266,74645],[605,-177]],[[68286,74455],[78,445]],[[68364,74900],[-58,79]],[[68306,74979],[675,-8]],[[68981,74971],[285,-326]],[[70171,74877],[-50,-134]],[[68981,74971],[552,244]],[[69533,75215],[638,-338]],[[69533,75215],[39,159]],[[69572,75374],[287,14]],[[69859,75388],[312,-511]],[[69477,76042],[434,-56]],[[69911,75986],[25,-244]],[[69936,75742],[-77,-354]],[[69572,75374],[-877,567]],[[68695,75941],[179,236]],[[68874,76177],[603,-135]],[[70076,76074],[-140,-332]],[[69911,75986],[133,107]],[[70044,76093],[32,-19]],[[70281,76271],[-205,-197]],[[70044,76093],[85,279]],[[70129,76372],[152,-101]],[[69477,76042],[-490,753]],[[68987,76795],[69,122]],[[69056,76917],[517,-306],[273,104]],[[69846,76715],[283,-343]],[[69056,76917],[881,-144]],[[69937,76773],[-91,-58]],[[70685,76839],[-404,-568]],[[69937,76773],[449,380]],[[70386,77153],[299,-314]],[[71240,77220],[-555,-381]],[[70386,77153],[106,205],[688,143]],[[71180,77501],[60,-281]],[[71180,77501],[301,197]],[[71481,77698],[142,-272],[-383,-206]],[[68874,76177],[113,618]],[[68306,74979],[-335,585]],[[67971,75564],[146,230]],[[68117,75794],[578,147]],[[68364,74900],[-555,77],[-41,-385]],[[67768,74592],[-174,274],[170,735],[207,-37]],[[68286,74455],[-574,54]],[[67712,74509],[56,83]],[[67966,73973],[-356,488]],[[67610,74461],[102,48]],[[67515,73563],[-692,160],[-198,221]],[[66625,73944],[83,352]],[[66708,74296],[422,383]],[[67130,74679],[480,-218]],[[67160,73388],[-570,242]],[[66590,73630],[35,314]],[[66486,73416],[104,214]],[[67130,74679],[-248,678]],[[66882,75357],[480,674]],[[67362,76031],[755,-237]],[[69387,78285],[-42,-553],[-369,-507],[80,-308]],[[67362,76031],[635,688],[-506,468]],[[67491,77187],[370,187],[185,592],[-290,381]],[[67756,78347],[1214,234],[417,-296]],[[69387,78285],[609,-204],[608,39],[-39,494],[669,-116],[375,135],[593,-292],[-693,-424],[-28,-219]],[[67491,77187],[-277,566],[-584,169]],[[66630,77922],[-312,400],[800,121],[638,-96]],[[66882,75357],[-470,189],[-321,432]],[[66091,75978],[-215,932],[243,833]],[[66119,77743],[767,-315],[-256,494]],[[66708,74296],[-1060,292],[-305,307]],[[65343,74895],[-152,120]],[[65191,75015],[121,328]],[[65312,75343],[518,-20],[354,223],[-93,432]],[[65318,73559],[283,470],[-258,866]],[[64273,74035],[-102,442],[226,382]],[[64397,74859],[794,156]],[[64397,74859],[-673,396]],[[63724,75255],[595,744]],[[64319,75999],[1019,-115],[-26,-541]],[[64319,75999],[148,489],[702,129],[281,982]],[[65450,77599],[261,574],[408,-430]],[[64319,75999],[-594,870]],[[63725,76869],[-14,27]],[[63711,76896],[491,474],[18,370],[441,620]],[[64661,78360],[197,-582],[592,-179]],[[63711,76896],[-383,333],[-525,97]],[[62803,77326],[212,574]],[[63015,77900],[674,659]],[[63689,78559],[972,-199]],[[63070,79105],[619,-546]],[[63015,77900],[-1154,470],[-545,-119]],[[61316,78251],[-187,343],[325,323],[-86,435]],[[61368,79352],[1082,222],[620,-469]],[[62803,77326],[-418,317],[-148,-268],[-643,-57]],[[61594,77318],[-448,89]],[[61146,77407],[170,844]],[[63725,76869],[-516,-880],[-420,-319]],[[62789,75670],[-439,-326],[-681,-96]],[[61669,75248],[-211,45]],[[61458,75293],[256,502],[-199,1085],[79,438]],[[63724,75255],[-323,-84]],[[63401,75171],[-401,61],[-211,438]],[[62238,73445],[502,819],[-263,521]],[[62477,74785],[924,386]],[[61531,72573],[-951,423]],[[60580,72996],[371,959]],[[60951,73955],[830,806]],[[61781,74761],[696,24]],[[61781,74761],[-112,487]],[[60316,72548],[264,448]],[[58689,72589],[154,204]],[[58843,72793],[790,180],[349,622]],[[59982,73595],[598,-599]],[[58843,72793],[79,226],[1013,815]],[[59935,73834],[47,-239]],[[59935,73834],[1016,121]],[[59935,73834],[261,608],[-417,265]],[[59779,74707],[-239,171]],[[59540,74878],[-26,470]],[[59514,75348],[898,-153],[1046,98]],[[61368,79352],[-916,-149]],[[60452,79203],[-291,242]],[[60161,79445],[169,339],[-335,842],[106,859],[446,-310],[414,-4],[212,-440],[1202,-464],[682,-660],[13,-502]],[[61146,77407],[-280,521],[-547,519]],[[60319,78447],[504,398],[-371,358]],[[59540,74878],[-455,354]],[[59085,75232],[-1260,69],[-306,-147]],[[57519,75154],[-176,554],[436,564]],[[57779,76272],[165,232],[65,942],[-196,131],[160,886]],[[57973,78463],[780,298]],[[58753,78761],[389,-353],[-170,-1097],[238,-1086],[456,-142],[-152,-735]],[[57779,76272],[-555,278]],[[57224,76550],[-116,613],[515,1159]],[[57623,78322],[350,141]],[[57224,76550],[-817,170]],[[56407,76720],[-296,199]],[[56111,76919],[-247,281],[-554,48]],[[55310,77248],[266,1035]],[[55576,78283],[1113,-113],[188,197],[746,-45]],[[57519,75154],[-505,-77],[-708,287]],[[56306,75364],[101,1356]],[[59085,75232],[-369,-482]],[[58716,74750],[-513,-341],[0,-486]],[[58203,73923],[-686,-220]],[[57517,73703],[-52,523],[223,220],[-169,708]],[[59779,74707],[-565,-303]],[[59214,74404],[-498,346]],[[59214,74404],[-623,-647]],[[58591,73757],[-388,166]],[[58689,72589],[-308,21],[-81,912],[291,235]],[[57031,71403],[656,1022]],[[57687,72425],[-323,719],[153,559]],[[56562,71484],[284,889],[-53,318]],[[56793,72691],[894,-266]],[[56793,72691],[-913,53]],[[55880,72744],[-30,272]],[[55850,73016],[302,498]],[[56152,73514],[293,153],[1072,36]],[[55600,71716],[73,748],[207,280]],[[54944,71584],[-272,1150]],[[54672,72734],[1178,282]],[[54249,71624],[92,518]],[[54341,72142],[290,621]],[[54631,72763],[41,-29]],[[54249,71624],[-371,307]],[[53878,71931],[463,211]],[[53878,71931],[-111,40]],[[53767,71971],[-219,848]],[[53548,72819],[1038,-25]],[[54586,72794],[45,-31]],[[53767,71971],[-49,-236],[-876,-83],[-469,477],[-5,280]],[[52368,72409],[8,737]],[[52376,73146],[728,-97]],[[53104,73049],[444,-230]],[[56152,73514],[-77,521],[-373,372],[571,874]],[[56273,75281],[33,83]],[[53104,73049],[62,729],[-324,590]],[[52842,74368],[1539,-231]],[[54381,74137],[380,-788],[-175,-555]],[[54381,74137],[-196,1039]],[[54185,75176],[1067,-190]],[[55252,74986],[1021,295]],[[55252,74986],[761,1419],[98,514]],[[54185,75176],[451,213],[495,1425]],[[55131,76814],[179,434]],[[54185,75176],[-138,323],[-485,-40]],[[53562,75459],[110,719]],[[53672,76178],[88,191]],[[53760,76369],[128,470]],[[53888,76839],[577,-177],[122,232]],[[54587,76894],[544,-80]],[[52842,74368],[353,607]],[[53195,74975],[367,484]],[[53195,74975],[-405,-121],[-574,202]],[[52216,75056],[435,567],[559,225]],[[53210,75848],[350,-48],[112,378]],[[53210,75848],[-66,481]],[[53144,76329],[616,40]],[[53144,76329],[-36,303]],[[53108,76632],[655,509]],[[53763,77141],[125,-302]],[[53763,77141],[26,330]],[[53789,77471],[706,-190]],[[54495,77281],[92,-387]],[[53509,79039],[871,-608]],[[54380,78431],[-531,-287],[-210,-501]],[[53639,77643],[-632,-18],[-554,414]],[[52453,78039],[23,501],[754,472]],[[53230,79012],[279,27]],[[53639,77643],[150,-172]],[[53108,76632],[-377,-113],[-196,-400]],[[52535,76119],[48,639],[-181,780],[-251,234]],[[52151,77772],[-90,299]],[[52061,78071],[392,-32]],[[52216,75056],[-535,220]],[[51681,75276],[707,509],[147,334]],[[52376,73146],[-28,393],[-392,745],[-814,-253]],[[51142,74031],[539,1245]],[[52368,72409],[-1003,372],[-244,-70]],[[51121,72711],[-9,362]],[[51112,73073],[30,958]],[[51142,74031],[-588,-73],[-855,305]],[[49699,74263],[7,518]],[[49706,74781],[381,328],[407,1052]],[[50494,76161],[257,-98]],[[50751,76063],[824,-706]],[[51575,75357],[106,-81]],[[50751,76063],[35,1013]],[[50786,77076],[461,-18],[233,502]],[[51480,77560],[491,-115]],[[51971,77445],[42,-1126],[-438,-962]],[[51971,77445],[180,327]],[[50494,76161],[-605,264]],[[49889,76425],[-37,234],[666,636]],[[50518,77295],[268,-219]],[[52061,78071],[-313,347],[-541,173],[-114,626]],[[51093,79217],[-86,742]],[[51007,79959],[904,-121],[370,-270],[25,-375],[924,-181]],[[51007,79959],[115,549]],[[51122,80508],[472,242],[1258,-427],[283,-286],[-181,-634],[555,-364]],[[52790,70561],[-955,-41],[-608,501]],[[51227,71021],[-688,18],[-381,262]],[[50158,71301],[392,543]],[[50550,71844],[76,300]],[[50626,72144],[495,567]],[[51422,70564],[-195,457]],[[50458,69149],[-723,787],[-504,753],[-85,373]],[[49146,71062],[1012,239]],[[49929,68338],[-559,605],[-215,-62],[-481,628],[-16,292],[-804,699]],[[47854,70500],[271,958]],[[48125,71458],[1021,-396]],[[47935,71662],[95,-135]],[[48030,71527],[95,-69]],[[47854,70500],[-154,-363],[-303,498],[-607,23],[-189,467],[-337,-181],[-71,515],[254,158]],[[46447,71617],[777,-138],[538,313]],[[47762,71792],[173,-130]],[[47372,66639],[-501,510],[-384,84],[-665,659],[-29,305],[-876,102],[-283,379],[-58,523],[-577,872],[-445,389]],[[43554,70462],[586,423]],[[44140,70885],[1136,-461],[167,217],[-445,1116],[161,192]],[[45159,71949],[491,127],[797,-459]],[[44856,72581],[-276,-302],[249,-192]],[[44829,72087],[-689,-1202]],[[43554,70462],[-445,337],[107,434],[-708,132]],[[42508,71365],[-441,615],[-34,391],[-365,353]],[[41668,72724],[383,740],[578,353]],[[42629,73817],[711,-731],[104,-458],[669,40],[420,-209],[323,122]],[[42508,71365],[402,-702],[-272,-427],[425,-767],[-62,-223]],[[43001,69246],[-346,-130],[-301,-474]],[[42354,68642],[-187,61]],[[42167,68703],[-504,349]],[[41663,69052],[-130,280],[-1006,812]],[[40527,70144],[136,687],[-216,400],[249,109],[-390,414],[69,547],[266,358]],[[40641,72659],[702,-38]],[[41343,72621],[325,103]],[[39307,73040],[385,-228],[949,-153]],[[40527,70144],[-798,-288],[-167,-225]],[[39562,69631],[-274,-109]],[[39288,69522],[-315,180],[5,454],[-595,494]],[[38383,70650],[175,388],[-451,393],[-633,255],[624,670]],[[38098,72356],[49,46]],[[38147,72402],[284,-284],[600,1170]],[[39031,73288],[276,-248]],[[34885,69916],[-685,-516],[-593,-25]],[[33607,69375],[109,749],[-274,598]],[[33442,70722],[1443,-806]],[[34885,69916],[874,86]],[[35759,70002],[99,-1164],[457,-580]],[[36315,68258],[-244,-82],[-630,311],[-485,-133]],[[34956,68354],[-711,785],[-638,236]],[[35759,70002],[1094,124]],[[36853,70126],[247,-471],[1363,-643]],[[38463,69012],[-375,-667]],[[38088,68345],[-314,5],[-281,-984]],[[37493,67366],[-268,-396]],[[37225,66970],[-506,169]],[[36719,67139],[-270,377],[55,604],[-189,138]],[[36853,70126],[1530,524]],[[39288,69522],[276,-959]],[[39564,68563],[-1101,449]],[[36719,67139],[-1303,32]],[[35416,67171],[-460,1183]],[[37225,66970],[365,-557],[92,-665]],[[37682,65748],[-531,-361],[-518,99]],[[36633,65486],[-147,565],[-280,-18]],[[36206,66033],[25,151],[-815,987]],[[38494,65111],[195,-661]],[[38689,64450],[-433,-517]],[[38256,63933],[-782,47],[-442,489]],[[37032,64469],[-134,768],[-265,249]],[[37682,65748],[812,-637]],[[37493,67366],[337,-61],[401,375]],[[38231,67680],[608,-566]],[[38839,67114],[300,-840]],[[39139,66274],[-759,-250],[-151,-233],[265,-680]],[[41053,66519],[289,-484],[653,-193]],[[41995,65842],[-316,-411],[62,-521],[-204,-262]],[[41537,64648],[-263,-246],[214,-446]],[[41488,63956],[-573,-345],[-123,-394]],[[40792,63217],[-154,261],[-737,37]],[[39901,63515],[-1117,499],[-95,436]],[[39139,66274],[451,522]],[[39590,66796],[1126,-24],[337,-253]],[[38839,67114],[256,260]],[[39095,67374],[388,-95]],[[39483,67279],[107,-483]],[[38231,67680],[237,251]],[[38468,67931],[393,-182]],[[38861,67749],[234,-375]],[[38088,68345],[380,-414]],[[39564,68563],[346,-421]],[[39910,68142],[-1049,-393]],[[39910,68142],[388,-94],[645,-551]],[[40943,67497],[-1460,-218]],[[40943,67497],[298,-139]],[[41241,67358],[-188,-839]],[[39562,69631],[1375,-748],[579,-485]],[[41516,68398],[5,-447]],[[41521,67951],[-280,-593]],[[41663,69052],[-147,-654]],[[41521,67951],[628,197]],[[42149,68148],[445,-145]],[[42594,68003],[-105,-669]],[[42489,67334],[-127,-576],[319,-236],[34,-582]],[[42715,65940],[-720,-98]],[[42167,68703],[-646,-752]],[[42354,68642],[-205,-494]],[[43001,69246],[-147,-337],[219,-335]],[[43073,68574],[-479,-571]],[[43073,68574],[504,-266]],[[43577,68308],[-126,-632],[510,-218]],[[43961,67458],[49,-538],[283,-457],[-58,-477]],[[44235,65986],[-191,-177]],[[44044,65809],[-772,696],[94,164],[-877,665]],[[44044,65809],[-356,-641]],[[43688,65168],[-758,365],[-215,407]],[[43688,65168],[-197,-304],[-558,165]],[[42933,65029],[-321,219]],[[42612,65248],[-617,594]],[[42612,65248],[-230,-645]],[[42382,64603],[-845,45]],[[42933,65029],[-60,-341]],[[42873,64688],[-491,-85]],[[45694,65172],[-811,-253]],[[44883,64919],[-369,705]],[[44514,65624],[331,362],[714,-164]],[[45559,65822],[135,-650]],[[44514,65624],[-279,362]],[[43961,67458],[1725,-714]],[[45686,66744],[300,-556],[-427,-366]],[[43577,68308],[959,-504],[415,-519],[460,-150],[275,-391]],[[47050,65775],[-591,153],[-147,660],[496,-76],[242,-737]],[[48346,64573],[273,-840]],[[48619,63733],[-276,-132]],[[48343,63601],[-363,153],[-1407,-43]],[[46573,63711],[-272,46]],[[46301,63757],[-53,292]],[[46248,64049],[174,284],[-247,556],[-481,283]],[[36206,66033],[-106,-44],[-1182,795],[-128,221],[-1432,845]],[[33358,67850],[249,1525]],[[36929,73063],[288,-362],[881,-345]],[[33442,70722],[83,616]],[[33525,71338],[175,281]],[[33700,71619],[163,-253],[514,4],[1249,-287],[600,550],[57,1033]],[[36283,72666],[-294,564]],[[35989,73230],[95,559]],[[36084,73789],[349,-524],[496,-202]],[[34063,73414],[766,-518]],[[34829,72896],[241,-368],[1213,138]],[[33700,71619],[-165,788]],[[33535,72407],[45,445],[-450,152]],[[33130,73004],[183,235]],[[33313,73239],[440,262],[310,-87]],[[34829,72896],[351,603]],[[35180,73499],[483,14],[326,-283]],[[38266,73553],[388,-462],[-507,-689]],[[36929,73063],[605,638],[-280,266]],[[37254,73967],[446,126]],[[37700,74093],[345,-45],[221,-495]],[[58997,61228],[-1136,-1009]],[[57861,60219],[-33,351],[-514,111]],[[57314,60681],[-50,33]],[[59840,58650],[-188,-159]],[[59652,58491],[-548,17],[-30,365]],[[59074,58873],[-500,266],[73,670],[-786,-217],[0,627]],[[69937,70368],[708,-512]],[[70645,69856],[-666,-557]],[[69688,72138],[606,-261],[-14,-924],[397,-773],[-32,-324]],[[58753,78761],[606,196]],[[59359,78957],[420,-506],[540,-4]],[[59359,78957],[802,488]],[[54495,77281],[176,130],[-1,940]],[[54670,78351],[906,-68]],[[54380,78431],[290,-80]],[[51480,77560],[-800,590],[-557,-10],[-375,262]],[[49748,78402],[665,411]],[[50413,78813],[680,404]],[[50518,77295],[-55,312],[-959,407]],[[49504,78014],[244,388]],[[51112,73073],[-1051,402]],[[50061,73475],[-362,788]],[[36084,73789],[93,560]],[[36177,74349],[1077,-382]],[[49699,74263],[-451,420],[-765,137]],[[48483,74820],[74,579],[489,211]],[[49046,75610],[660,-829]],[[49046,75610],[669,963]],[[49715,76573],[174,-148]],[[49715,76573],[-247,221]],[[49468,76794],[-115,916]],[[49353,77710],[151,304]],[[50626,72144],[-480,904],[-692,100]],[[49454,73148],[-25,47]],[[49429,73195],[168,586],[464,-306]],[[46248,64049],[-157,185]],[[46091,64234],[-651,-61],[-393,465]],[[45047,64638],[-164,281]],[[45047,64638],[-380,-681]],[[44667,63957],[-640,1014],[-339,197]],[[44667,63957],[-523,-203]],[[44144,63754],[-913,37]],[[43231,63791],[-358,897]],[[23761,49057],[-230,-428],[95,-556],[-205,-387]],[[23421,47686],[-338,-157]],[[23083,47529],[-498,588]],[[22585,48117],[227,733],[-101,229]],[[22711,49079],[77,255],[973,-277]],[[22711,49079],[-446,568]],[[22265,49647],[1092,128]],[[23357,49775],[86,-32]],[[23443,49743],[322,-154],[-4,-532]],[[23443,49743],[509,324]],[[23952,50067],[1201,-113]],[[25153,49954],[162,-415]],[[25315,49539],[-532,-831]],[[24783,48708],[-1022,349]],[[27678,50355],[-1608,282]],[[26070,50637],[78,853]],[[26148,51490],[605,734]],[[26753,52224],[816,-653]],[[27569,51571],[95,-131]],[[27664,51440],[14,-1085]],[[26070,50637],[-358,75],[-703,-187]],[[25009,50525],[177,573]],[[25186,51098],[658,423]],[[25844,51521],[304,-31]],[[25186,51098],[-67,517]],[[25119,51615],[725,-94]],[[23952,50067],[-109,321],[292,661]],[[24135,51049],[874,-524]],[[25009,50525],[144,-571]],[[24135,51049],[-797,565]],[[23338,51614],[-89,285]],[[23249,51899],[571,-26],[369,289],[141,437],[662,-349]],[[24992,52250],[127,-635]],[[23357,49775],[-803,301],[-106,377]],[[22448,50453],[451,27],[-59,704]],[[22840,51184],[498,430]],[[22448,50453],[-705,-82]],[[21743,50371],[362,543]],[[22105,50914],[432,371]],[[22537,51285],[303,-101]],[[22265,49647],[-652,354],[130,370]],[[20362,51628],[902,-311]],[[21264,51317],[-113,-349],[-1058,582]],[[20093,51550],[269,78]],[[20362,51628],[301,265]],[[20663,51893],[563,-215]],[[21226,51678],[478,-358]],[[21704,51320],[-41,-90]],[[21663,51230],[-399,87]],[[21226,51678],[239,515]],[[21465,52193],[78,357]],[[21543,52550],[770,-477]],[[22313,52073],[-609,-753]],[[20663,51893],[357,428]],[[21020,52321],[445,-128]],[[21020,52321],[266,565],[39,556]],[[21325,53442],[483,-3]],[[21808,53439],[-280,-412],[15,-477]],[[21808,53439],[793,-117]],[[22601,53322],[-42,-770]],[[22559,52552],[-246,-479]],[[22559,52552],[138,-369]],[[22697,52183],[-278,-595],[118,-303]],[[22105,50914],[-442,316]],[[22697,52183],[552,-284]],[[21325,53442],[-350,17]],[[20975,53459],[72,993]],[[21047,54452],[599,48]],[[21646,54500],[-56,-458],[218,-603]],[[21646,54500],[703,512]],[[22349,55012],[840,-191]],[[23189,54821],[358,-549],[13,-702]],[[23560,53570],[-47,-233],[-912,-15]],[[23560,53570],[223,300]],[[23783,53870],[620,-191]],[[24403,53679],[-41,-293],[581,-694]],[[24943,52692],[49,-442]],[[24992,52250],[1463,163]],[[26455,52413],[298,-189]],[[24943,52692],[1379,90]],[[26322,52782],[133,-369]],[[24403,53679],[236,142]],[[24639,53821],[879,39],[91,274]],[[25609,54134],[669,-264]],[[26278,53870],[44,-1088]],[[23189,54821],[288,524]],[[23477,55345],[193,14]],[[23670,55359],[248,-140]],[[23918,55219],[-135,-1349]],[[23918,55219],[465,-386]],[[24383,54833],[247,-402],[9,-610]],[[24383,54833],[556,148],[629,-81]],[[25568,54900],[41,-766]],[[23670,55359],[324,528],[377,201]],[[24371,56088],[722,-306]],[[25093,55782],[498,-305]],[[25591,55477],[-23,-577]],[[23477,55345],[-65,932],[200,125]],[[23612,56402],[759,-314]],[[22349,55012],[-243,468],[-586,437]],[[21520,55917],[654,377]],[[22174,56294],[984,410]],[[23158,56704],[476,142]],[[23634,56846],[-22,-444]],[[22174,56294],[-874,697]],[[21300,56991],[461,317]],[[21761,57308],[1397,-604]],[[21520,55917],[-497,95]],[[21023,56012],[-126,430],[-1085,211]],[[19812,56653],[163,236]],[[19975,56889],[909,-24],[416,126]],[[21023,56012],[-493,-208],[-940,-1054]],[[19590,54750],[-147,72],[369,1831]],[[21047,54452],[-470,68],[-842,-142]],[[19735,54378],[-145,372]],[[21452,58035],[455,-507]],[[21907,57528],[-146,-220]],[[19975,56889],[-284,556]],[[19691,57445],[-5,343],[541,369],[851,68]],[[21078,58225],[374,-190]],[[21452,58035],[504,369],[211,-184],[-260,-692]],[[21907,57528],[570,602]],[[22477,58130],[298,69]],[[22775,58199],[710,-166]],[[23485,58033],[191,-494]],[[23676,57539],[-42,-693]],[[23676,57539],[319,-328],[485,75]],[[24480,57286],[493,-139],[294,-622]],[[25267,56525],[-174,-743]],[[23485,58033],[731,-28]],[[24216,58005],[264,-719]],[[25267,56525],[214,652]],[[25481,57177],[450,-845],[550,-574],[-92,-193]],[[26389,55565],[-218,194],[-580,-282]],[[26389,55565],[171,-148]],[[26560,55417],[-216,-820],[235,-451]],[[26579,54146],[-301,-276]],[[26579,54146],[317,-89]],[[26896,54057],[660,-397],[132,-466]],[[27688,53194],[264,-286],[920,-157]],[[28872,52751],[-188,-405]],[[28684,52346],[-714,-5],[-370,-302],[-31,-468]],[[27664,51440],[1156,235],[-11,-250]],[[28809,51425],[-376,-652],[10,-578]],[[28443,50195],[-765,160]],[[28809,51425],[223,-63]],[[29032,51362],[267,-120]],[[29299,51242],[-408,-846]],[[28891,50396],[-448,-201]],[[29953,49690],[-270,-245]],[[29683,49445],[-829,342],[-475,-114]],[[28379,49673],[64,522]],[[28891,50396],[911,-176]],[[29802,50220],[151,-530]],[[29802,50220],[191,77]],[[29993,50297],[520,-364]],[[30513,49933],[-560,-243]],[[29993,50297],[502,741]],[[30495,51038],[145,-278]],[[30640,50760],[234,-456]],[[30874,50304],[189,-286]],[[31063,50018],[-100,-234]],[[30963,49784],[-450,149]],[[30874,50304],[388,261]],[[31262,50565],[97,-588],[-296,41]],[[30640,50760],[356,117]],[[30996,50877],[266,-312]],[[30495,51038],[176,293]],[[30671,51331],[325,-454]],[[30671,51331],[-267,660]],[[30404,51991],[1227,-669]],[[31631,51322],[58,-301]],[[31689,51021],[-693,-144]],[[29299,51242],[370,19],[620,816]],[[30289,52077],[115,-86]],[[29032,51362],[201,756]],[[29233,52118],[545,123]],[[29778,52241],[215,-31]],[[29993,52210],[296,-133]],[[28684,52346],[549,-228]],[[28872,52751],[807,-297]],[[29679,52454],[99,-213]],[[28872,52751],[255,278]],[[29127,53029],[856,0]],[[29983,53029],[-304,-575]],[[29983,53029],[166,203]],[[30149,53232],[296,-111],[-452,-911]],[[30149,53232],[461,187],[415,636]],[[31025,54055],[633,-771],[-590,-496]],[[31068,52788],[-579,-266],[-200,-445]],[[29127,53029],[190,744]],[[29317,53773],[-158,227]],[[29159,54000],[37,264]],[[29196,54264],[597,-111],[178,457]],[[29971,54610],[557,713]],[[30528,55323],[-104,-448],[325,-267]],[[30749,54608],[-313,-370],[589,-183]],[[27688,53194],[50,53]],[[27738,53247],[739,7],[270,176]],[[28747,53430],[570,343]],[[28747,53430],[412,570]],[[27738,53247],[180,759]],[[27918,54006],[398,400],[-335,743]],[[27981,55149],[-53,112]],[[27928,55261],[689,496]],[[28617,55757],[205,-57]],[[28822,55700],[3,-174]],[[28825,55526],[-77,-158],[448,-1104]],[[26896,54057],[338,347]],[[27234,54404],[328,-100]],[[27562,54304],[356,-298]],[[27562,54304],[419,845]],[[27234,54404],[647,891]],[[27881,55295],[47,-34]],[[26560,55417],[330,205]],[[26890,55622],[106,94]],[[26996,55716],[202,113]],[[27198,55829],[683,-534]],[[27198,55829],[227,274]],[[27425,56103],[798,537]],[[28223,56640],[416,6]],[[28639,56646],[-22,-889]],[[26996,55716],[-333,635],[280,142],[482,-390]],[[26890,55622],[-458,367],[-20,350],[369,259],[-138,364]],[[26643,56962],[718,355],[142,486]],[[27503,57803],[324,-52]],[[27827,57751],[-13,-1068],[409,-43]],[[25481,57177],[-43,371]],[[25438,57548],[749,234]],[[26187,57782],[456,-820]],[[26187,57782],[192,287]],[[26379,58069],[204,297]],[[26583,58366],[313,-365],[607,-198]],[[25438,57548],[248,734]],[[25686,58282],[693,-213]],[[24216,58005],[1,419]],[[24217,58424],[640,-57],[91,673]],[[24948,59040],[607,-486]],[[25555,58554],[131,-272]],[[25555,58554],[368,242],[70,466]],[[25993,59262],[1062,-183]],[[27055,59079],[-472,-713]],[[27055,59079],[454,-88]],[[27509,58991],[714,-529]],[[28223,58462],[162,-367],[-286,-250]],[[28099,57845],[-272,-94]],[[28099,57845],[362,-298],[610,-90]],[[29071,57457],[-104,-689]],[[28967,56768],[-328,-122]],[[28967,56768],[-118,-1003]],[[28849,55765],[-27,-65]],[[28849,55765],[817,-86]],[[29666,55679],[45,-56]],[[29711,55623],[-205,-309]],[[29506,55314],[-681,212]],[[28967,56768],[713,-146]],[[29680,56622],[50,-199]],[[29730,56423],[-64,-744]],[[29506,55314],[465,-704]],[[29711,55623],[269,-98]],[[29980,55525],[292,-109]],[[30272,55416],[256,-93]],[[30528,55323],[419,172],[654,-307]],[[31601,55188],[134,-238]],[[31735,54950],[-217,-417],[-556,-11]],[[30962,54522],[-213,86]],[[30962,54522],[63,-467]],[[29980,55525],[345,660]],[[30325,56185],[429,207]],[[30754,56392],[-482,-976]],[[29730,56423],[595,-238]],[[29680,56622],[592,207],[482,-437]],[[29071,57457],[-223,610],[282,459]],[[29130,58526],[512,-9]],[[29642,58517],[121,-201],[703,16]],[[30466,58332],[-79,-684]],[[30387,57648],[-441,-5],[913,-614],[378,18]],[[31237,57047],[-455,-608]],[[30782,56439],[-28,-47]],[[30387,57648],[554,-109]],[[30941,57539],[296,-492]],[[30466,58332],[509,198]],[[30975,58530],[-102,-399],[287,-251],[-219,-341]],[[28223,58462],[600,119]],[[28823,58581],[307,-55]],[[21078,58225],[317,765],[21,450]],[[21416,59440],[739,-86]],[[22155,59354],[175,-66]],[[22330,59288],[-29,-626],[176,-532]],[[22330,59288],[470,188]],[[22800,59476],[322,-130],[-10,-802],[-337,-345]],[[22800,59476],[30,73]],[[22830,59549],[682,-42]],[[23512,59507],[-119,-440],[703,-331]],[[24096,58736],[121,-312]],[[23512,59507],[147,384]],[[23659,59891],[25,15]],[[23684,59906],[144,-144]],[[23828,59762],[268,-1026]],[[23828,59762],[806,-273]],[[24634,59489],[321,-263]],[[24955,59226],[-7,-186]],[[24955,59226],[323,533]],[[25278,59759],[581,-45],[134,-452]],[[24634,59489],[223,450]],[[24857,59939],[392,-163]],[[25249,59776],[29,-17]],[[25249,59776],[185,265],[1214,423]],[[26648,60464],[409,-191]],[[27057,60273],[-125,-398],[123,-796]],[[23684,59906],[337,378]],[[24021,60284],[202,205]],[[24223,60489],[634,-550]],[[22830,59549],[-332,435]],[[22498,59984],[431,159]],[[22929,60143],[730,-252]],[[22929,60143],[400,460]],[[23329,60603],[692,-319]],[[23329,60603],[608,773],[-338,113]],[[23599,61489],[58,362]],[[23657,61851],[266,-16]],[[23923,61835],[255,-341],[57,-599]],[[24235,60895],[-12,-406]],[[23329,60603],[-570,77]],[[22759,60680],[187,825]],[[22946,61505],[653,-16]],[[22498,59984],[-143,40]],[[22355,60024],[170,343]],[[22525,60367],[234,313]],[[22155,59354],[21,575]],[[22176,59929],[179,95]],[[21416,59440],[-323,62]],[[21093,59502],[141,571]],[[21234,60073],[942,-144]],[[21093,59502],[-453,-64]],[[20640,59438],[-17,609]],[[20623,60047],[505,177]],[[21128,60224],[106,-151]],[[20623,60047],[-871,4]],[[19752,60051],[-139,172]],[[19613,60223],[273,793]],[[19886,61016],[985,-42],[172,-195]],[[21043,60779],[85,-555]],[[21043,60779],[571,104]],[[21614,60883],[-8,-267]],[[21606,60616],[-478,-392]],[[21606,60616],[526,26]],[[22132,60642],[393,-275]],[[22132,60642],[526,728]],[[22658,61370],[288,135]],[[21614,60883],[215,519],[640,243],[189,-275]],[[22946,61505],[315,707]],[[23261,62212],[396,-361]],[[19886,61016],[105,790]],[[19991,61806],[385,-95],[587,442],[-377,711]],[[20586,62864],[1000,-351]],[[21586,62513],[-47,-294],[956,-341],[442,230]],[[22937,62108],[324,104]],[[21586,62513],[134,438],[618,382]],[[22338,63333],[591,-272],[8,-953]],[[19991,61806],[93,1228],[227,309]],[[20311,63343],[275,-479]],[[19613,60223],[-474,403]],[[19139,60626],[11,242],[-461,582]],[[18689,61450],[489,237],[222,373]],[[19400,62060],[591,-254]],[[19831,63304],[-191,-1062],[-240,-182]],[[18689,61450],[-791,360]],[[17898,61810],[60,228],[-360,739]],[[17598,62777],[1111,845]],[[18709,63622],[15,-428],[339,441],[768,-331]],[[17898,61810],[-226,-66]],[[17672,61744],[-288,891],[214,142]],[[20260,64281],[-429,-977]],[[18709,63622],[391,406],[335,20],[163,639],[556,336]],[[20154,65023],[106,-742]],[[20260,64281],[116,-124]],[[20376,64157],[-65,-814]],[[20376,64157],[279,315],[329,-466],[163,-796],[709,926]],[[21856,64136],[482,-803]],[[21856,64136],[384,403]],[[22240,64539],[787,-105],[598,-303],[415,378]],[[24040,64509],[209,-143],[-431,-285],[135,-238]],[[23953,63843],[-341,-113],[388,-354],[552,-163],[707,366],[114,-244]],[[25373,63335],[-144,-410]],[[25229,62925],[-589,-517],[78,-385]],[[24718,62023],[-795,-188]],[[24718,62023],[22,-284]],[[24740,61739],[-342,-718]],[[24398,61021],[-163,-126]],[[24740,61739],[649,154]],[[25389,61893],[-129,-239]],[[25260,61654],[-146,-344],[-716,-289]],[[25260,61654],[822,-242]],[[26082,61412],[-322,-302],[888,-646]],[[26082,61412],[187,278]],[[26269,61690],[541,65]],[[26810,61755],[373,-366]],[[27183,61389],[229,-314]],[[27412,61075],[1,-543]],[[27413,60532],[-356,-259]],[[25389,61893],[271,307]],[[25660,62200],[609,-510]],[[25229,62925],[422,-125]],[[25651,62800],[9,-600]],[[25651,62800],[291,104]],[[25942,62904],[617,-303]],[[26559,62601],[251,-846]],[[25942,62904],[112,737]],[[26054,63641],[786,-107]],[[26840,63534],[48,-258]],[[26888,63276],[-329,-675]],[[25373,63335],[325,352]],[[25698,63687],[356,-46]],[[26888,63276],[340,-129],[304,371],[408,-287]],[[27940,63231],[239,-235]],[[28179,62996],[153,-620]],[[28332,62376],[-460,-171]],[[27872,62205],[-577,-66],[48,-356]],[[27343,61783],[-160,-394]],[[27872,62205],[-101,-236]],[[27771,61969],[-428,-186]],[[28332,62376],[36,-400]],[[28368,61976],[-370,-179]],[[27998,61797],[-173,46]],[[27825,61843],[-54,126]],[[27825,61843],[-116,-398]],[[27709,61445],[-297,-370]],[[27998,61797],[504,-178],[93,-809]],[[28595,60810],[-157,-127]],[[28438,60683],[-729,762]],[[28368,61976],[576,-71],[21,-465]],[[28965,61440],[78,-674]],[[29043,60766],[-245,36]],[[28798,60802],[-203,8]],[[28438,60683],[-186,-183],[-669,-13]],[[27583,60487],[-170,45]],[[27583,60487],[114,-1045]],[[27697,59442],[-188,-451]],[[28798,60802],[-429,-1222]],[[28369,59580],[-672,-138]],[[28369,59580],[481,-171]],[[28850,59409],[-27,-828]],[[28850,59409],[570,-12]],[[29420,59397],[399,-123],[-177,-757]],[[29043,60766],[453,-192]],[[29496,60574],[786,-865]],[[30282,59709],[-598,134],[-264,-446]],[[30282,59709],[579,0]],[[30861,59709],[700,-249],[249,-885]],[[31810,58575],[-835,-45]],[[29496,60574],[461,878]],[[29957,61452],[283,99]],[[30240,61551],[411,-502]],[[30651,61049],[212,-765]],[[30863,60284],[-2,-575]],[[30863,60284],[762,1075]],[[31625,61359],[540,-1165]],[[32165,60194],[-13,-1765],[-148,-26]],[[32004,58403],[-194,172]],[[30651,61049],[334,430],[640,-120]],[[30240,61551],[-105,408]],[[30135,61959],[109,795]],[[30244,62754],[107,557]],[[30351,63311],[170,97],[698,-320]],[[31219,63088],[134,-162]],[[31353,62926],[-237,-550]],[[31116,62376],[-144,-555],[760,-289]],[[31732,61532],[-107,-173]],[[29957,61452],[-368,201]],[[29589,61653],[192,364],[354,-58]],[[28965,61440],[409,376]],[[29374,61816],[215,-163]],[[29374,61816],[271,589],[-263,431]],[[29382,62836],[-95,510]],[[29287,63346],[278,376]],[[29565,63722],[455,-519]],[[30020,63203],[224,-449]],[[30020,63203],[331,108]],[[28179,62996],[661,82],[542,-242]],[[27940,63231],[69,727]],[[28009,63958],[890,-20]],[[28899,63938],[-58,-308],[446,-284]],[[28899,63938],[774,202],[-108,-418]],[[28009,63958],[15,76]],[[28024,64034],[471,419]],[[28495,64453],[313,305]],[[28808,64758],[336,-493],[-245,-327]],[[28495,64453],[-100,407]],[[28395,64860],[163,157]],[[28558,65017],[250,-259]],[[28024,64034],[-597,220]],[[27427,64254],[-291,404]],[[27136,64658],[932,335]],[[28068,64993],[327,-133]],[[26840,63534],[514,284],[73,436]],[[26054,63641],[386,891]],[[26440,64532],[696,126]],[[25698,63687],[167,256],[-298,513]],[[25567,64456],[873,76]],[[23953,63843],[444,-132],[730,593]],[[25127,64304],[440,152]],[[24040,64509],[-117,690]],[[23923,65199],[495,288]],[[24418,65487],[698,-354],[11,-829]],[[24418,65487],[286,295],[505,-63]],[[25209,65719],[358,-1263]],[[25209,65719],[682,225],[253,1501]],[[26144,67445],[443,185]],[[26587,67630],[1234,-626],[121,-473],[435,-115]],[[28377,66416],[-246,-604]],[[28131,65812],[-504,65],[-338,-369],[-153,-850]],[[28131,65812],[-63,-819]],[[28131,65812],[452,-228],[-25,-567]],[[22240,64539],[-348,264]],[[21892,64803],[493,941],[-277,679]],[[22108,66423],[-327,458],[134,680]],[[21915,67561],[1160,472],[444,349],[329,-248]],[[23848,68134],[130,-505],[-314,-610],[-100,-1093],[359,-727]],[[23848,68134],[396,153],[853,-214]],[[25097,68073],[1047,-628]],[[25097,68073],[240,984]],[[25337,69057],[1214,-390]],[[26551,68667],[260,-566],[-224,-471]],[[22908,70173],[242,-59],[659,-761]],[[23809,69353],[39,-1219]],[[21915,67561],[151,795],[-821,119]],[[21245,68475],[110,375],[-116,912]],[[21239,69762],[1156,49],[513,362]],[[21239,69762],[344,1469]],[[21583,71231],[242,-300],[644,2],[381,-341],[58,-419]],[[28741,69140],[203,-1160]],[[28944,67980],[-411,-627],[-1,-431],[462,-312],[-173,-386],[-444,192]],[[26551,68667],[325,325],[289,1111]],[[27165,70103],[1131,157]],[[28296,70260],[40,-604],[405,-516]],[[32987,64756],[-328,-827]],[[32659,63929],[-802,240]],[[31857,64169],[-68,612],[215,212],[983,-237]],[[32659,63929],[0,-534]],[[32659,63395],[-615,128]],[[32044,63523],[-187,646]],[[32044,63523],[-150,-496]],[[31894,63027],[-541,-101]],[[31219,63088],[-58,555],[883,-120]],[[32659,63395],[276,-674]],[[32935,62721],[-97,-289],[-634,251]],[[32204,62683],[-310,344]],[[32204,62683],[-419,-565]],[[31785,62118],[-151,376],[-518,-118]],[[31785,62118],[919,-558]],[[32704,61560],[-311,-192],[-661,164]],[[32935,62721],[6,-675]],[[32941,62046],[-237,-486]],[[32704,61560],[402,-695]],[[33106,60865],[-423,-526],[-518,-145]],[[33106,60865],[695,-1011]],[[33801,59854],[-635,-700],[27,-671]],[[33193,58483],[-625,8],[-62,-303],[-502,215]],[[34184,61995],[345,-298]],[[34529,61697],[-252,-762]],[[34277,60935],[-489,-439],[182,-380]],[[33970,60116],[-169,-262]],[[32941,62046],[177,112],[731,-238],[335,75]],[[32935,62721],[655,126],[456,-189]],[[34046,62658],[138,-663]],[[32935,62721],[258,884]],[[33193,63605],[772,-8],[183,-229]],[[34148,63368],[-102,-710]],[[32659,63929],[534,-324]],[[32987,64756],[436,-608],[1028,49]],[[34451,64197],[82,-302],[-385,-527]],[[34451,64197],[467,170]],[[34918,64367],[46,-702]],[[34964,63665],[-98,-560],[284,-642]],[[35150,62463],[94,-578]],[[35244,61885],[-715,-188]],[[34918,64367],[173,347],[916,-25]],[[36007,64689],[-122,-822]],[[35885,63867],[-73,-274],[-848,72]],[[35885,63867],[353,-127]],[[36238,63740],[-525,-903]],[[35713,62837],[-568,-160],[5,-214]],[[36007,64689],[728,-310]],[[36735,64379],[-280,-647]],[[36455,63732],[-217,8]],[[38256,63933],[-11,-360],[-474,1],[-406,-284]],[[37365,63290],[-268,-136]],[[37097,63154],[-149,357],[-499,49]],[[36449,63560],[6,172]],[[36735,64379],[297,90]],[[37097,63154],[-594,-8]],[[36503,63146],[-54,414]],[[36503,63146],[-146,-212]],[[36357,62934],[-644,-97]],[[36600,62437],[-243,497]],[[37365,63290],[-765,-853]],[[38122,62418],[-103,-856]],[[38019,61562],[-106,-137]],[[37913,61425],[-992,84]],[[36921,61509],[-153,341]],[[36768,61850],[115,393],[723,641],[516,-466]],[[35244,61885],[600,-57]],[[35844,61828],[32,-754],[288,-150]],[[36164,60924],[-48,-136]],[[36116,60788],[-307,-353]],[[35809,60435],[-1176,621],[-356,-121]],[[35809,60435],[-23,-126]],[[35786,60309],[-143,-152]],[[35643,60157],[-342,-159]],[[35301,59998],[-285,365],[-624,79],[-422,-326]],[[36116,60788],[870,-233]],[[36986,60555],[-489,-367],[-711,121]],[[36986,60555],[435,28]],[[37421,60583],[129,-592],[315,-244]],[[37865,59747],[-176,-286],[-657,-384]],[[37032,59077],[-674,38]],[[36358,59115],[-103,402]],[[36255,59517],[121,249],[-590,543]],[[36255,59517],[-283,-121]],[[35972,59396],[65,341],[-394,420]],[[35972,59396],[-572,-168],[-137,-308],[304,-272]],[[35567,58648],[-327,-334]],[[35240,58314],[-362,45]],[[34878,58359],[85,710]],[[34963,59069],[71,334]],[[35034,59403],[267,595]],[[35034,59403],[-1064,713]],[[34963,59069],[-366,186],[-608,-230],[-796,-542]],[[34878,58359],[-192,-375]],[[34686,57984],[-530,-817]],[[34156,57167],[-329,125]],[[33827,57292],[-438,300],[-196,891]],[[34686,57984],[343,-582]],[[35029,57402],[-873,-235]],[[35240,58314],[477,-390]],[[35717,57924],[-133,-598]],[[35584,57326],[-555,76]],[[35567,58648],[458,-124]],[[36025,58524],[-25,-345]],[[36000,58179],[-283,-255]],[[36358,59115],[-333,-591]],[[37032,59077],[164,-360]],[[37196,58717],[-100,-574]],[[37096,58143],[-229,-139]],[[36867,58004],[-433,360],[-257,-332]],[[36177,58032],[-177,147]],[[37196,58717],[694,-96]],[[37890,58621],[-70,-483]],[[37820,58138],[-71,-230]],[[37749,57908],[-653,235]],[[36867,58004],[-341,-239]],[[36526,57765],[-349,267]],[[36526,57765],[-185,-785],[-593,24]],[[35748,57004],[-164,322]],[[37865,59747],[101,208]],[[37966,59955],[441,-631]],[[38407,59324],[-517,-703]],[[38664,59183],[309,-433]],[[38973,58750],[-16,-292]],[[38957,58458],[-1137,-320]],[[38407,59324],[257,-141]],[[39718,58854],[522,-320],[340,-507]],[[40580,58027],[-73,-575]],[[40507,57452],[-299,172]],[[40208,57624],[-250,331],[-622,101]],[[39336,58056],[-379,402]],[[38973,58750],[745,104]],[[42051,58173],[-509,-749]],[[41542,57424],[-394,-724],[166,-160]],[[41314,56540],[-789,-6]],[[40525,56534],[189,700],[-207,218]],[[40580,58027],[577,415]],[[41157,58442],[308,47],[586,-316]],[[41524,56150],[-474,-558],[-753,71]],[[40297,55663],[-315,283]],[[39982,55946],[186,446],[357,142]],[[41314,56540],[210,-390]],[[39982,55946],[-193,250]],[[39789,56196],[-366,364],[-838,155]],[[38585,56715],[239,455],[469,247]],[[39293,57417],[915,207]],[[39293,57417],[-572,144]],[[38721,57561],[118,459]],[[38839,58020],[497,36]],[[38839,58020],[118,438]],[[38721,57561],[-782,52]],[[37939,57613],[-190,295]],[[38585,56715],[-486,163]],[[38099,56878],[69,449],[-229,286]],[[38099,56878],[-32,-431],[-905,-517]],[[37162,55930],[-565,798],[-4,600],[274,676]],[[39789,56196],[-544,253],[-619,-1379]],[[38626,55070],[-381,-84],[-581,454],[-385,26]],[[37279,55466],[-117,464]],[[34071,53243],[1067,1095],[761,280],[549,686]],[[36448,55304],[890,-173]],[[37338,55131],[-310,-463],[-216,-754],[117,-326]],[[36929,53588],[-627,-262]],[[36302,53326],[-754,394],[-957,-372],[12,-267]],[[34603,53081],[-532,162]],[[36302,53326],[-110,-306],[-706,-338]],[[35486,52682],[-355,-120]],[[35131,52562],[-528,519]],[[34071,53243],[-596,76]],[[33475,53319],[110,697],[-418,869]],[[33167,54885],[1645,101],[1245,409]],[[36057,55395],[391,-91]],[[36057,55395],[343,202],[-407,681]],[[35993,56278],[-379,403],[134,323]],[[37279,55466],[59,-335]],[[33167,54885],[552,995]],[[33719,55880],[363,251],[876,-78],[307,-190],[300,384],[428,31]],[[33719,55880],[-155,372]],[[33564,56252],[43,641]],[[33607,56893],[220,399]],[[33607,56893],[-250,261],[-696,137],[-143,-508]],[[32518,56783],[-316,110],[-340,-256]],[[31862,56637],[-1080,-198]],[[33564,56252],[-472,346],[-368,3]],[[32724,56601],[-206,182]],[[32724,56601],[-282,-164],[-580,200]],[[33719,55880],[-1101,362],[-704,-61],[-462,-222],[149,-771]],[[33167,54885],[-176,94],[-1256,-29]],[[33475,53319],[-502,-285],[-437,-834]],[[32536,52200],[-567,-23],[-181,263],[-720,348]],[[32536,52200],[33,-289]],[[32569,51911],[-882,-426],[-56,-163]],[[35131,52562],[-410,-525]],[[34721,52037],[-307,29],[-507,-694]],[[33907,51372],[-681,425],[-657,114]],[[33907,51372],[406,-868]],[[34313,50504],[-1044,190]],[[33269,50694],[-836,232]],[[32433,50926],[-744,95]],[[34721,52037],[109,-513]],[[34830,51524],[-342,-1009]],[[34488,50515],[-175,-11]],[[34830,51524],[331,-632],[-254,-415]],[[34907,50477],[-419,38]],[[35486,52682],[264,-287],[786,-208]],[[36536,52187],[61,-256],[1251,-431]],[[37848,51500],[-414,-359],[-280,-554]],[[37154,50587],[-437,183],[-600,-473]],[[36117,50297],[-1210,180]],[[38402,51578],[-554,-78]],[[36536,52187],[720,-72],[1231,142]],[[38487,52257],[-85,-679]],[[39084,50787],[-113,-848],[-285,-265]],[[38686,49674],[-1448,380]],[[37238,50054],[-84,533]],[[38402,51578],[251,-353],[-13,-580],[444,142]],[[37238,50054],[-465,96]],[[36773,50150],[-656,147]],[[38686,49674],[4,-414]],[[38690,49260],[313,-682],[-410,-217],[85,-722]],[[37009,48213],[266,546],[492,223],[-110,237],[-951,800]],[[36706,50019],[67,131]],[[36706,50019],[-1300,-237],[-293,73]],[[35113,49855],[-379,391],[-447,-16],[26,274]],[[33269,50694],[-232,-879]],[[32465,49461],[-343,228]],[[32122,49689],[-39,444]],[[32083,50133],[350,793]],[[32083,50133],[-454,-160],[-400,-615]],[[31229,49358],[-266,426]],[[32122,49689],[-578,-594]],[[35632,48288],[-224,499],[98,560],[-393,508]],[[29598,48279],[268,696],[-183,470]],[[27843,48373],[-86,287]],[[27757,48660],[303,362],[-145,271],[464,380]],[[27757,48660],[-511,439],[362,760],[70,496]],[[26385,48683],[-114,443],[-596,123],[-360,290]],[[25277,48342],[-494,366]],[[24251,47332],[-305,348],[-525,6]],[[24267,47105],[-378,-137],[-554,-531]],[[23335,46437],[-379,688]],[[22956,47125],[127,404]],[[23246,46170],[89,267]],[[22018,46022],[89,316],[-147,910]],[[21960,47248],[996,-123]],[[21960,47248],[-434,992],[316,553]],[[21842,48793],[743,-676]],[[21842,48793],[-22,369]],[[21820,49162],[445,485]],[[21820,49162],[-99,444],[-1523,-29]],[[20198,49577],[828,583],[717,211]],[[20198,49577],[-523,157]],[[19675,49734],[663,580],[-188,360],[-470,-4]],[[19680,50670],[-115,103]],[[19565,50773],[489,458],[39,319]],[[19565,50773],[-517,180],[47,651],[750,1762]],[[19845,53366],[1130,93]],[[19845,53366],[-110,1012]],[[37790,53040],[664,-632]],[[38454,52408],[33,-151]],[[36929,53588],[286,-343],[575,-205]],[[37856,53577],[-66,-537]],[[36929,53588],[9,442],[918,-453]],[[38626,55070],[259,-258]],[[38885,54812],[-702,-783]],[[38183,54029],[-327,-452]],[[40297,55663],[-510,-583]],[[39787,55080],[-902,-268]],[[37421,60583],[250,262]],[[37671,60845],[295,-890]],[[37657,60954],[14,-109]],[[36164,60924],[758,342]],[[36922,61266],[735,-312]],[[37913,61425],[-256,-471]],[[36922,61266],[-1,243]],[[35844,61828],[521,268]],[[36365,62096],[403,-246]],[[36600,62437],[-235,-341]],[[30127,67832],[581,-779],[671,435]],[[31379,67488],[351,-367],[253,239],[809,221]],[[32792,67581],[256,6]],[[33048,67587],[593,-688],[17,-675],[256,-463],[-927,-1005]],[[28944,67980],[322,10],[269,-359],[592,201]],[[33048,67587],[310,263]],[[30008,69096],[156,-364]],[[30164,68732],[-40,-850]],[[30124,67882],[3,-50]],[[28741,69140],[466,37],[256,-267],[545,186]],[[31141,69230],[179,-482]],[[31320,68748],[-384,-135]],[[30936,68613],[-519,247],[-253,-128]],[[30008,69096],[333,260]],[[30341,69356],[166,-269],[634,143]],[[31199,70247],[107,-316],[-165,-701]],[[30341,69356],[-236,816],[186,517]],[[30291,70689],[806,-149],[102,-293]],[[28296,70260],[1774,588]],[[30070,70848],[221,-159]],[[25337,69057],[-28,347],[-516,374]],[[24793,69778],[48,292]],[[24841,70070],[1596,173],[728,-140]],[[23809,69353],[781,216],[203,209]],[[22108,66423],[-378,175],[-1030,46]],[[20700,66644],[253,936],[286,121],[6,774]],[[21892,64803],[-414,436],[-806,186],[-358,-199]],[[20314,65226],[309,823],[77,595]],[[20154,65023],[160,203]],[[19139,60626],[-498,-546]],[[18641,60080],[-553,256],[-154,990],[-262,418]],[[19752,60051],[168,-735]],[[19920,59316],[-1279,764]],[[20640,59438],[-484,-301]],[[20156,59137],[-236,179]],[[19691,57445],[-120,965],[585,727]],[[19675,49734],[5,936]],[[47632,1536],[-517,-182]],[[47115,1354],[-60,887],[-424,835],[83,646]],[[46714,3722],[325,608]],[[47039,4330],[804,-549]],[[47843,3781],[30,-493]],[[47873,3288],[-163,-687],[-78,-1065]],[[47873,3288],[674,-365]],[[48547,2923],[107,-586]],[[48654,2337],[-184,-694]],[[48470,1643],[-462,-209],[-376,102]],[[48547,2923],[148,737]],[[48695,3660],[106,414]],[[48801,4074],[290,534]],[[49091,4608],[694,-379],[-109,-487]],[[49676,3742],[-433,-441],[-309,-791]],[[48934,2510],[-280,-173]],[[49676,3742],[267,-140],[1,-572]],[[49944,3030],[-459,-711]],[[49485,2319],[-424,35]],[[49061,2354],[-127,156]],[[49944,3030],[255,-174],[-251,-603]],[[49948,2253],[-123,-123]],[[49825,2130],[-340,189]],[[51461,5493],[-411,-431]],[[51050,5062],[-122,305]],[[50928,5367],[-10,141]],[[50918,5508],[543,-15]],[[50781,5564],[137,-56]],[[50928,5367],[-369,-103],[-50,-500]],[[50509,4764],[-348,421]],[[50161,5185],[208,347],[412,32]],[[50161,5185],[-14,656]],[[50147,5841],[634,-277]],[[49881,5997],[81,-395],[-331,-173]],[[49631,5429],[-329,37]],[[49302,5466],[95,518],[484,13]],[[49631,5429],[-67,-521],[-422,60],[114,348]],[[49256,5316],[46,150]],[[48787,5455],[-210,-519]],[[48577,4936],[-571,43]],[[48006,4979],[-379,227]],[[47627,5206],[110,383]],[[47737,5589],[241,582]],[[47978,6171],[809,-716]],[[48577,4936],[514,-328]],[[48801,4074],[-575,-255]],[[48226,3819],[-95,18]],[[48131,3837],[-325,420],[-504,258]],[[47302,4515],[87,161]],[[47389,4676],[617,303]],[[48695,3660],[-469,159]],[[47843,3781],[288,56]],[[47039,4330],[-43,164]],[[46996,4494],[306,21]],[[47389,4676],[238,530]],[[46996,4494],[-48,254]],[[46948,4748],[399,994]],[[47347,5742],[234,-29]],[[47581,5713],[156,-124]],[[47581,5713],[-512,241]],[[47069,5954],[223,845]],[[47292,6799],[647,-402],[39,-226]],[[47347,5742],[-784,54]],[[46563,5796],[-36,367]],[[46527,6163],[542,-209]],[[46948,4748],[-559,527]],[[46389,5275],[174,521]],[[46389,5275],[-694,-203]],[[45695,5072],[206,686]],[[45901,5758],[626,405]],[[45406,7012],[660,-220],[53,-581],[-218,-453]],[[45901,5758],[-640,180],[-18,497],[-374,241]],[[44869,6676],[-48,263]],[[44821,6939],[585,73]],[[46352,7920],[-284,-864],[384,-258],[314,593]],[[46766,7391],[526,-592]],[[45406,7012],[107,421],[-469,404]],[[45044,7837],[594,384]],[[45638,8221],[410,0],[561,315],[-257,-616]],[[46352,7920],[414,-529]],[[44958,6296],[-20,-859],[-306,-758]],[[44632,4679],[-455,-204],[-433,103]],[[43744,4578],[-42,1328]],[[43702,5906],[274,203],[557,-44],[425,231]],[[43744,4578],[-1152,130],[146,949],[-500,269]],[[42238,5926],[113,521],[383,143],[757,-411]],[[43491,6179],[211,-273]],[[41131,6252],[-223,-364]],[[40908,5888],[-122,-189]],[[40786,5699],[-324,-414],[-547,-47]],[[39915,5238],[-417,-80],[-1281,521],[-510,365]],[[37707,6044],[280,451],[37,681]],[[38024,7176],[242,72],[589,-343],[656,-143],[987,49],[297,-297],[264,147],[72,-409]],[[38024,7176],[-41,1051]],[[37983,8227],[565,439],[353,24]],[[38901,8690],[4,-345],[749,-492],[403,-66],[146,378],[483,257]],[[40686,8422],[457,-314],[-854,-605],[245,-285],[813,-202]],[[41347,7016],[-216,-764]],[[40686,8422],[316,927],[1162,-321]],[[42164,9028],[1133,-930]],[[43297,8098],[-270,-247],[-1071,-282],[-194,-477],[-415,-76]],[[42164,9028],[206,289]],[[42370,9317],[276,586],[457,-318],[1117,-215]],[[44220,9370],[-46,-824],[-387,-134]],[[43787,8412],[-490,-314]],[[38901,8690],[402,1076],[355,446]],[[39658,10212],[179,547],[337,161]],[[40174,10920],[1310,-342]],[[41484,10578],[778,-675],[108,-586]],[[37983,8227],[-880,1052],[-108,563],[230,552]],[[37225,10394],[607,-180],[515,347]],[[38347,10561],[472,260],[467,-125],[372,-484]],[[37707,6044],[-546,420]],[[37161,6464],[27,678],[-558,342],[-211,409],[-785,130],[-535,-573],[-3,-605],[-319,-298]],[[34777,6547],[-393,-176]],[[34384,6371],[-423,824],[-390,1210]],[[33571,8405],[101,641],[708,868]],[[34380,9914],[544,535]],[[34924,10449],[801,-287],[601,231],[899,1]],[[37161,6464],[-545,139],[-377,-292],[-682,-92]],[[35557,6219],[-780,328]],[[34384,6371],[-265,-286],[-1081,-400]],[[31673,5138],[-145,685]],[[31528,5823],[465,622],[13,284]],[[32006,6729],[502,507],[32,811]],[[32540,8047],[192,209]],[[32732,8256],[712,-102],[127,251]],[[31528,5823],[-1286,533]],[[30242,6356],[-267,780]],[[29975,7136],[708,398],[396,-134]],[[31079,7400],[527,-168],[400,-503]],[[31079,7400],[505,369],[199,627]],[[31783,8396],[757,-349]],[[31783,8396],[-407,400],[-10,714],[-230,122]],[[31136,9632],[207,184]],[[31343,9816],[1001,134],[496,-380],[161,-538],[-269,-776]],[[29975,7136],[-475,-99],[-324,278]],[[29176,7315],[351,240],[-249,994]],[[29278,8549],[585,1137],[1273,-54]],[[31343,9816],[572,800],[-307,470],[244,319],[-147,591]],[[31705,11996],[886,-200],[91,-221],[439,234]],[[33121,11809],[149,-606],[640,-453],[470,-836]],[[33121,11809],[439,465],[931,-233],[813,527]],[[35304,12568],[232,-102]],[[35536,12466],[153,-186]],[[35689,12280],[-541,-430],[-357,-1134],[133,-267]],[[35689,12280],[170,-218],[1029,-518],[361,258]],[[37249,11802],[332,-474],[-300,-420],[-56,-514]],[[38347,10561],[17,691],[370,854],[482,128],[103,361]],[[39319,12595],[432,189]],[[39751,12784],[26,-370],[835,-573]],[[40612,11841],[107,-144],[-545,-777]],[[37249,11802],[256,1191],[84,874]],[[37589,13867],[1200,239]],[[38789,14106],[235,-483],[-22,-462],[357,-161],[-40,-405]],[[35536,12466],[73,411],[453,456],[67,850]],[[36129,14183],[465,77],[995,-393]],[[35304,12568],[89,137],[-574,565],[241,555],[576,93],[102,597]],[[35738,14515],[391,-332]],[[38355,15258],[468,-888]],[[38823,14370],[-34,-264]],[[35738,14515],[-168,380],[-588,370],[114,1080]],[[35111,16375],[1018,-160],[681,-694],[953,-312],[592,49]],[[38495,16054],[-140,-796]],[[35938,18171],[138,-612],[914,-1016],[1505,-489]],[[38332,17249],[-38,-448],[201,-747]],[[36662,18470],[663,-722],[1007,-499]],[[38562,18836],[-85,-841]],[[38477,17995],[-145,-746]],[[38477,17995],[1483,-275]],[[39960,17720],[-23,-1028]],[[39937,16692],[-829,154],[-776,403]],[[39937,16692],[864,-586]],[[40801,16106],[-400,-611]],[[40401,15495],[-978,-662]],[[39423,14833],[-600,-463]],[[39423,14833],[741,-571]],[[40164,14262],[-75,-1064]],[[40089,13198],[-338,-414]],[[40089,13198],[1177,119],[375,292]],[[41641,13609],[288,-128]],[[41929,13481],[1130,-479]],[[43059,13002],[-322,-732]],[[42737,12270],[-648,-308]],[[42089,11962],[-1477,-121]],[[42089,11962],[-605,-1384]],[[42737,12270],[467,-548]],[[43204,11722],[-133,-806],[743,-314]],[[43814,10602],[286,-249]],[[44100,10353],[342,-481]],[[44442,9872],[-222,-502]],[[46682,10219],[-391,-604]],[[46291,9615],[-458,263],[-515,591]],[[45318,10469],[302,288]],[[45620,10757],[591,-182],[471,-356]],[[45620,10757],[436,328]],[[46056,11085],[718,178]],[[46774,11263],[236,-319],[-328,-725]],[[45318,10469],[-392,-142],[-826,26]],[[43814,10602],[334,690]],[[44148,11292],[605,171]],[[44753,11463],[1114,-182],[189,-196]],[[43204,11722],[397,55]],[[43601,11777],[35,-373],[498,-1]],[[44134,11403],[14,-111]],[[43601,11777],[614,-55]],[[44215,11722],[-81,-319]],[[47420,12192],[-510,-427],[-136,-502]],[[44753,11463],[1013,1457]],[[45766,12920],[1053,-243],[601,-485]],[[44215,11722],[173,730],[-374,853]],[[44014,13305],[1009,325]],[[45023,13630],[743,-710]],[[43059,13002],[955,303]],[[41929,13481],[680,706]],[[42609,14187],[1319,-233],[392,260],[890,18]],[[45210,14232],[-187,-602]],[[41641,13609],[-397,1405]],[[41244,15014],[522,49]],[[41766,15063],[696,-79]],[[42462,14984],[147,-797]],[[40164,14262],[607,73],[473,679]],[[40401,15495],[843,-481]],[[40801,16106],[919,-267]],[[41720,15839],[46,-776]],[[41720,15839],[92,472],[848,9]],[[42660,16320],[606,-168]],[[43266,16152],[-83,-338]],[[43183,15814],[-209,-375],[-372,2],[-140,-457]],[[43183,15814],[1309,-409],[396,425],[1056,204]],[[45944,16034],[-81,-935],[506,-54]],[[46369,15045],[-982,-462],[-177,-351]],[[51219,12879],[-454,-165]],[[50765,12714],[272,292],[182,-127]],[[51767,14043],[-594,-646]],[[51173,13397],[-489,83],[-1095,639]],[[49589,14119],[234,568]],[[49823,14687],[892,-144],[1052,-500]],[[49711,15210],[112,-523]],[[49589,14119],[-348,-712],[-425,-352]],[[48816,13055],[-539,92],[-289,297]],[[47988,13444],[-78,1059],[252,323]],[[48162,14826],[864,439]],[[49026,15265],[685,-55]],[[48162,14826],[-1243,228]],[[46919,15054],[383,1094],[302,234],[450,-105]],[[48054,16277],[348,-513],[568,-30]],[[48970,15734],[56,-469]],[[48054,16277],[1123,-128],[-207,-415]],[[48300,18190],[536,-547],[1018,82]],[[49854,17725],[-337,-735],[411,-881]],[[49928,16109],[-333,-298]],[[49595,15811],[116,-601]],[[46919,15054],[-550,-9]],[[45944,16034],[718,555],[344,613],[-45,357]],[[46961,17559],[435,720],[660,-331],[244,242]],[[43266,16152],[630,325]],[[43896,16477],[378,91],[884,-111]],[[45158,16457],[786,-423]],[[45158,16457],[6,28]],[[45164,16485],[1652,1095]],[[46816,17580],[145,-21]],[[45164,16485],[-446,1010]],[[44718,17495],[211,376]],[[44929,17871],[929,-72],[958,-219]],[[43896,16477],[300,969]],[[44196,17446],[522,49]],[[42660,16320],[211,901],[460,429]],[[43331,17650],[865,-204]],[[43331,17650],[11,79]],[[43342,17729],[222,199],[763,68],[602,-125]],[[46816,17580],[-166,495],[844,594],[268,-57]],[[47762,18612],[538,-422]],[[49552,19306],[383,-743],[281,-167]],[[50216,18396],[205,-320]],[[50421,18076],[-567,-351]],[[47762,18612],[262,624]],[[48024,19236],[478,-251],[597,569]],[[49099,19554],[453,-248]],[[48735,19834],[364,-280]],[[48024,19236],[-311,324]],[[47713,19560],[617,354],[405,-80]],[[47050,20020],[663,-460]],[[43342,17729],[-121,384],[318,730],[-165,856]],[[43374,19699],[241,262],[1328,216],[644,613]],[[45587,20790],[430,59],[226,334]],[[46243,21183],[319,-952],[488,-211]],[[43331,17650],[-202,29],[-1111,800],[-400,40]],[[41618,18519],[-243,25]],[[41375,18544],[428,726],[555,285],[908,212]],[[43266,19767],[108,-68]],[[39960,17720],[1454,84],[204,715]],[[41375,18544],[-711,189],[-9,413]],[[40655,19146],[678,511],[278,570]],[[41611,20227],[571,-183],[910,-66]],[[43092,19978],[174,-211]],[[40655,19146],[60,364],[-304,168]],[[40411,19678],[570,862]],[[40981,20540],[249,8]],[[41230,20548],[323,-138]],[[41553,20410],[58,-183]],[[40981,20540],[-763,744]],[[40218,21284],[299,28]],[[40517,21312],[626,-321]],[[41143,20991],[87,-443]],[[40517,21312],[149,901],[889,-67],[240,212]],[[41795,22358],[126,-280]],[[41921,22078],[-249,-522],[-529,-565]],[[41921,22078],[249,-77]],[[42170,22001],[-28,-475]],[[42142,21526],[-141,-716],[-448,-400]],[[42142,21526],[405,-746],[507,-340]],[[43054,20440],[38,-462]],[[42170,22001],[894,-219]],[[43064,21782],[-10,-1342]],[[43064,21782],[633,460]],[[43697,22242],[568,-402]],[[44265,21840],[17,-415],[1016,-336],[289,-299]],[[46313,21392],[-70,-209]],[[44265,21840],[481,69],[988,-467],[579,-50]],[[45209,23474],[-162,-344],[368,-321],[1022,-262],[977,315]],[[47414,22862],[24,-1068]],[[47438,21794],[-793,-106],[-332,-296]],[[43697,22242],[-627,809]],[[43070,23051],[547,413],[538,24]],[[44155,23488],[1054,-14]],[[47452,23676],[-172,-277],[134,-537]],[[45209,23474],[695,4],[367,187]],[[46271,23665],[1181,11]],[[44155,23488],[75,836]],[[44230,24324],[926,145]],[[45156,24469],[299,-54],[816,-750]],[[44230,24324],[-246,421],[28,713],[382,303],[184,730]],[[44578,26491],[113,-787],[465,-1235]],[[45985,26675],[487,-170],[719,5],[737,225]],[[47928,26735],[48,-1144],[559,-123]],[[48535,25468],[-326,-327],[-631,-1131]],[[47578,24010],[-126,-334]],[[44578,26491],[118,172]],[[44696,26663],[562,210]],[[45258,26873],[727,-198]],[[43070,23051],[-521,526]],[[42549,23577],[-227,795],[83,616]],[[42405,24988],[765,654],[601,26],[378,517]],[[44149,26185],[429,306]],[[41795,22358],[-238,211],[-73,577],[-741,614]],[[40743,23760],[1059,-19],[747,-164]],[[40218,21284],[-462,195]],[[39756,21479],[-670,788]],[[39086,22267],[447,386],[-350,474],[-86,885]],[[39097,24012],[994,-49]],[[40091,23963],[494,30],[158,-233]],[[40091,23963],[23,264],[1005,2461],[18,270]],[[41137,26958],[259,-188],[-177,-1243],[836,-230],[350,-309]],[[41137,26958],[-38,277]],[[41099,27235],[783,-403],[641,-35],[810,153]],[[43333,26950],[-66,-376],[360,-310],[522,-79]],[[39346,26941],[-224,-1474],[-678,-465]],[[38444,25002],[-700,-265]],[[37744,24737],[44,758],[-296,141],[175,370]],[[37667,26006],[178,711],[374,190]],[[38219,26907],[1127,34]],[[39097,24012],[-550,312]],[[38547,24324],[-244,359],[141,319]],[[39346,26941],[452,248],[73,348]],[[39871,27537],[-24,768]],[[39847,28305],[583,-872],[669,-198]],[[41621,29106],[-214,-489],[81,-440],[-389,-942]],[[39847,28305],[-107,413]],[[39740,28718],[675,72],[264,476],[358,150]],[[41037,29416],[584,-310]],[[41621,29106],[553,-198]],[[42174,28908],[-86,-602],[661,-329]],[[42749,27977],[188,-115],[396,-912]],[[42174,28908],[711,-11]],[[42885,28897],[108,-45]],[[42993,28852],[-244,-875]],[[42885,29730],[198,-477],[-198,-356]],[[41037,29416],[244,642],[423,50]],[[41704,30108],[852,-144],[329,-234]],[[42792,30346],[301,-275],[-208,-341]],[[41704,30108],[114,414]],[[41818,30522],[974,-176]],[[42993,28852],[460,-80],[525,890]],[[43978,29662],[109,-186]],[[44087,29476],[87,-2238],[165,-536],[357,-39]],[[44087,29476],[1108,-1491]],[[45195,27985],[63,-1112]],[[45195,27985],[1088,58]],[[46283,28043],[140,-1052],[-438,-316]],[[43978,29662],[859,673]],[[44837,30335],[940,-426],[1369,73]],[[47146,29982],[-86,-748],[-211,-254]],[[46849,28980],[-566,-937]],[[46849,28980],[445,0]],[[47294,28980],[1214,-347],[481,-599],[537,-189]],[[49526,27845],[-135,-194]],[[49391,27651],[-719,-658],[-631,-258]],[[48041,26735],[-113,0]],[[47146,29982],[75,39]],[[47221,30021],[646,-395],[600,6],[-86,451],[303,461]],[[48684,30544],[76,-547],[381,-378],[-729,-364],[-226,98],[-892,-373]],[[42774,31546],[176,-782],[-158,-418]],[[41818,30522],[93,949]],[[42741,31736],[33,-190]],[[42774,31546],[467,-154],[1934,-368]],[[45175,31024],[-338,-689]],[[47602,31964],[-484,-374]],[[47118,31590],[-1278,127],[-357,-121]],[[45483,31596],[-320,490],[692,1504]],[[47118,31590],[531,-1119],[-428,-450]],[[45175,31024],[299,432]],[[45474,31456],[9,140]],[[53647,29105],[-640,-638],[5,-390]],[[53012,28077],[-958,-38]],[[52054,28039],[-906,369]],[[51148,28408],[-375,1245],[-97,1148]],[[52054,28039],[-71,-819]],[[51983,27220],[-708,-350]],[[51275,26870],[-702,224]],[[50573,27094],[575,1314]],[[53012,28077],[694,-454]],[[53706,27623],[170,-617],[-604,-388]],[[53272,26618],[-200,-56]],[[53072,26562],[-844,458]],[[52228,27020],[-245,200]],[[54146,28779],[166,-326],[-217,-771],[-389,-59]],[[56555,26608],[-1281,906],[-358,-90],[-220,-448],[-612,-425]],[[54084,26551],[-812,67]],[[56555,26608],[-696,-420],[-233,-485]],[[55626,25703],[-450,390],[-1092,458]],[[55626,25703],[-75,-327],[619,-401]],[[56170,24975],[-703,-354]],[[55467,24621],[-268,422],[-497,-49]],[[54702,24994],[-589,366],[-582,96]],[[53531,25456],[-297,582]],[[53234,26038],[-162,524]],[[54702,24994],[-1052,-166],[-566,-322],[-725,-15]],[[52359,24491],[-281,338]],[[52078,24829],[-54,423]],[[52024,25252],[973,-211],[534,415]],[[52024,25252],[-168,937]],[[51856,26189],[281,-132],[1097,-19]],[[51856,26189],[372,831]],[[52024,25252],[-1292,109]],[[50732,25361],[2,124]],[[50734,25485],[87,743],[454,642]],[[50734,25485],[-202,846]],[[50532,26331],[172,251],[-131,512]],[[50532,26331],[-935,367]],[[49597,26698],[-223,373],[17,580]],[[49526,27845],[1047,-751]],[[49597,26698],[-603,-1037],[-459,-193]],[[48535,25468],[181,770],[-675,497]],[[50732,25361],[-639,-137],[-1314,30]],[[48779,25254],[-244,214]],[[48779,25254],[76,-830]],[[48855,24424],[102,-275]],[[48957,24149],[-611,-236],[-305,-349]],[[48041,23564],[-463,446]],[[50732,25361],[-117,-953],[-290,-404]],[[50325,24004],[-174,111]],[[50151,24115],[-631,506],[-665,-197]],[[50151,24115],[-513,-430]],[[49638,23685],[-616,354]],[[49022,24039],[-65,110]],[[49022,24039],[-252,-769]],[[48770,23270],[-41,8]],[[48729,23278],[-688,286]],[[49638,23685],[-387,-561]],[[49251,23124],[-481,146]],[[52078,24829],[-553,-1272]],[[51525,23557],[-610,344],[-525,26]],[[50390,23927],[-65,77]],[[52359,24491],[-88,-792],[76,-764]],[[52347,22935],[-822,622]],[[55467,24621],[-249,-551]],[[55218,24070],[-633,71],[-1236,-916],[-418,-941]],[[52931,22284],[-28,-14]],[[52903,22270],[-556,665]],[[51050,5062],[-154,-282]],[[50896,4780],[-387,-16]],[[50896,4780],[-261,-821],[-300,-265],[195,-803],[-248,-175],[-24,-752],[-181,-33]],[[50077,1931],[-129,322]],[[48787,5455],[469,-139]],[[49881,5997],[266,-156]],[[50077,1931],[-332,-460]],[[49745,1471],[80,659]],[[49745,1471],[-492,-360]],[[49253,1111],[-300,784],[108,459]],[[49253,1111],[-543,-315],[-129,-379],[-694,24]],[[47887,441],[209,200],[65,696],[309,306]],[[47887,441],[-739,-441],[-618,391]],[[46530,391],[180,628],[405,335]],[[46530,391],[-433,739]],[[46097,1130],[232,321],[-585,1160],[-971,769]],[[44773,3380],[635,737],[696,1],[610,-396]],[[46097,1130],[-1324,2250]],[[44773,3380],[-510,855],[-472,-168]],[[43791,4067],[-47,511]],[[44632,4679],[395,305],[668,88]],[[44958,6296],[-89,380]],[[43491,6179],[385,216],[103,484],[640,174]],[[44619,7053],[202,-114]],[[46291,9615],[-328,-314]],[[45963,9301],[-968,158],[-553,413]],[[45963,9301],[-325,-1080]],[[45044,7837],[-230,-162]],[[44814,7675],[-1027,737]],[[44619,7053],[195,622]],[[42238,5926],[-996,-198],[-334,160]],[[43791,4067],[-610,-353],[-616,89]],[[42565,3803],[-569,487],[-889,483]],[[41107,4773],[-321,926]],[[42565,3803],[-2498,-414]],[[40067,3389],[179,315],[434,-56],[181,819],[246,306]],[[40067,3389],[-1084,-332]],[[38983,3057],[9,658],[664,793],[259,730]],[[38983,3057],[-1071,138],[-2213,-132]],[[35699,3063],[652,750],[958,389],[101,279],[-359,233],[-435,836],[-821,266],[-238,403]],[[35699,3063],[-389,-143]],[[35310,2920],[-503,1092],[-521,187],[-1118,-103]],[[35310,2920],[-202,-396],[-1452,-643]],[[33656,1881],[-1193,154]],[[32463,2035],[-501,-232],[-80,938],[255,548]],[[33656,1881],[-434,-775],[-624,178],[-135,751]],[[30813,4322],[-480,113],[-291,468],[195,1173]],[[30237,6076],[5,280]],[[30237,6076],[-1446,-1372],[-418,289],[-143,1705],[-411,369]],[[27819,7067],[397,514],[13,457]],[[28229,8038],[216,251]],[[28445,8289],[731,-974]],[[27819,7067],[-801,-239],[-559,334],[71,801],[455,254],[650,63],[594,-242]],[[28445,8289],[76,438]],[[28521,8727],[757,-178]],[[28521,8727],[4,1954],[-609,310]],[[39190,19570],[1221,108]],[[37805,21392],[1599,-178],[352,265]],[[37859,22400],[1227,-133]],[[37850,22414],[-50,479],[236,162],[162,817],[483,142],[-134,310]],[[45474,31456],[-1850,815]],[[43624,32271],[90,64]],[[43206,32020],[418,251]],[[48500,32142],[261,-996],[-77,-602]],[[52903,22270],[-957,-626]],[[51946,21644],[-485,205]],[[51461,21849],[-358,216],[-949,185]],[[50154,22250],[74,726],[247,709],[-85,242]],[[50154,22250],[-38,20]],[[50116,22270],[-865,854]],[[48816,13055],[426,-158],[77,-382]],[[49319,12515],[-810,-317],[-461,162]],[[48048,12360],[-206,698],[146,386]],[[48048,12360],[-628,-168]],[[51173,13397],[550,-283],[-504,-235]],[[50765,12714],[-293,-210],[-1153,11]],[[88753,19559],[-835,249],[-61,-538],[330,-48]],[[88187,19222],[-76,-814]],[[88111,18408],[-292,205]],[[87819,18613],[-537,-319],[-498,49],[-455,284]],[[86329,18627],[479,798]],[[86808,19425],[584,991],[425,337]],[[87817,20753],[725,-242]],[[88542,20511],[1007,-31]],[[89549,20480],[44,-406],[-456,-437],[-384,-78]],[[88753,19559],[58,-512]],[[88811,19047],[-624,175]],[[88811,19047],[-16,-136],[859,-343]],[[89654,18568],[473,-534]],[[90127,18034],[3,0]],[[90127,18034],[-39,-16]],[[90088,18018],[-45,-29]],[[90043,17989],[45,29]],[[90088,18018],[-1977,390]],[[89549,20480],[118,3]],[[89667,20483],[-20,-561],[214,-468]],[[89861,19454],[-207,-886]],[[90768,19173],[44,-489],[-358,-812]],[[90454,17872],[-324,162]],[[89861,19454],[907,-281]],[[89667,20483],[134,2]],[[89801,20485],[1217,-525]],[[91018,19960],[-318,-565]],[[90700,19395],[68,-222]],[[91018,19960],[47,29]],[[91065,19989],[112,-125]],[[91177,19864],[-477,-469]],[[91065,19989],[24,489]],[[91089,20478],[823,134]],[[91912,20612],[308,-310]],[[92220,20302],[-154,-704]],[[92066,19598],[-889,266]],[[89801,20485],[439,5],[831,332]],[[91071,20822],[18,-344]],[[90444,21870],[490,-480]],[[90934,21390],[137,-568]],[[88542,20511],[540,1042],[-237,71],[232,463]],[[89077,22087],[388,-112],[108,317]],[[89573,22292],[871,-422]],[[91912,20612],[305,541]],[[92217,21153],[273,347],[449,-162],[653,558],[321,-6]],[[93913,21890],[-174,-329]],[[93739,21561],[21,-357],[-349,-277]],[[93411,20927],[-128,-98]],[[93283,20829],[-405,-309]],[[92878,20520],[-658,-218]],[[90934,21390],[1075,8]],[[92009,21398],[208,-245]],[[90444,21870],[367,588]],[[90811,22458],[438,75]],[[91249,22533],[524,-200]],[[91773,22333],[465,-90]],[[92238,22243],[-229,-845]],[[92238,22243],[360,61]],[[92598,22304],[674,-81]],[[93272,22223],[814,-56]],[[94086,22167],[-133,-226]],[[93953,21941],[-40,-51]],[[93698,23165],[45,14]],[[93743,23179],[155,-409],[-626,-547]],[[92598,22304],[-81,321]],[[92517,22625],[649,615]],[[93166,23240],[532,-75]],[[93743,23179],[194,249]],[[93937,23428],[434,-111],[75,-326]],[[94446,22991],[-455,-545],[95,-279]],[[93166,23240],[329,144]],[[93495,23384],[203,-219]],[[93495,23384],[30,265]],[[93525,23649],[319,175]],[[93844,23824],[93,-396]],[[92517,22625],[-533,165]],[[91984,22790],[-124,502],[686,507]],[[92546,23799],[499,8]],[[93045,23807],[480,-158]],[[91773,22333],[211,457]],[[90811,22458],[-431,99],[86,526]],[[90466,23083],[185,394]],[[90651,23477],[585,-357],[13,-587]],[[89573,22292],[-187,146]],[[89386,22438],[157,248]],[[89543,22686],[528,444],[395,-47]],[[89543,22686],[194,770]],[[89737,23456],[914,21]],[[89386,22438],[-99,-61]],[[89287,22377],[-321,60]],[[88966,22437],[-280,173],[441,935]],[[89127,23545],[610,-89]],[[89077,22087],[210,290]],[[87817,20753],[68,511],[-742,777]],[[87143,22041],[288,239],[-525,154]],[[86906,22434],[471,29],[777,329]],[[88154,22792],[110,-376],[702,21]],[[88154,22792],[-71,338],[-1233,592]],[[86850,23722],[911,145]],[[87761,23867],[787,-402],[579,80]],[[86906,22434],[-942,751],[49,203]],[[86013,23388],[837,334]],[[87143,22041],[-849,-414]],[[86294,21627],[-574,-8],[-607,-326]],[[85113,21293],[153,512],[-199,479],[214,429]],[[85281,22713],[159,397],[573,278]],[[87761,23867],[-124,422],[-486,174]],[[87151,24463],[192,363]],[[87343,24826],[709,153],[159,-420],[1132,-301]],[[89343,24258],[-216,-713]],[[89343,24258],[94,1138]],[[89437,25396],[-53,1193]],[[89384,26589],[208,360]],[[89592,26949],[566,-807],[455,-188],[228,958]],[[90841,26912],[902,-476]],[[91743,26436],[255,23],[165,-479]],[[92163,25980],[-202,-688],[341,-435],[608,10]],[[92910,24867],[-546,-422],[182,-646]],[[86059,20774],[-360,149],[82,350]],[[85781,21273],[238,104],[671,-254],[-396,-476],[-235,127]],[[86059,20774],[-356,-820]],[[85703,19954],[-830,-234]],[[84873,19720],[-445,653]],[[84428,20373],[470,651]],[[84898,21024],[215,269]],[[86294,21627],[-513,-354]],[[86808,19425],[-579,113]],[[86229,19538],[-526,416]],[[86229,19538],[-306,-368]],[[85923,19170],[-894,255]],[[85029,19425],[-156,295]],[[86329,18627],[-639,-10]],[[85690,18617],[233,553]],[[85029,19425],[-869,-125],[-256,-356],[-422,141]],[[83482,19085],[61,773]],[[83543,19858],[455,352]],[[83998,20210],[430,163]],[[83482,19085],[-376,8]],[[83106,19093],[-513,-5]],[[82593,19088],[-280,21]],[[82313,19109],[166,600]],[[82479,19709],[1064,149]],[[82313,19109],[-693,80],[-422,239]],[[81198,19428],[1281,281]],[[82593,19088],[-387,-287]],[[82206,18801],[107,308]],[[81198,19428],[255,393],[-70,519]],[[81383,20340],[455,374],[532,736]],[[82370,21450],[648,-385]],[[83018,21065],[980,-855]],[[83018,21065],[174,322],[671,208]],[[83863,21595],[1035,-571]],[[83863,21595],[402,1272],[173,242]],[[84438,23109],[843,-396]],[[82370,21450],[-435,420]],[[81935,21870],[-318,407]],[[81617,22277],[623,655],[375,-153],[239,452],[58,697]],[[82912,23928],[1526,-819]],[[82912,23928],[678,1555]],[[83590,25483],[285,-90],[474,445]],[[84349,25838],[541,-25]],[[84890,25813],[697,-798],[-87,-366]],[[85500,24649],[-643,-1119],[-419,-421]],[[85500,24649],[453,-208],[1198,22]],[[84890,25813],[406,376]],[[85296,26189],[1033,-247]],[[86329,25942],[533,-313]],[[86862,25629],[20,-634],[461,-169]],[[86862,25629],[600,-131],[518,361]],[[87980,25859],[276,-307],[791,-18]],[[89047,25534],[390,-138]],[[87980,25859],[-16,369]],[[87964,26228],[-253,370]],[[87711,26598],[951,82]],[[88662,26680],[262,-379],[123,-767]],[[86329,25942],[394,624]],[[86723,26566],[1241,-338]],[[85296,26189],[453,715],[189,-14]],[[85938,26890],[785,-324]],[[83590,25483],[-1168,638]],[[82422,26121],[334,835]],[[82756,26956],[1129,-229]],[[83885,26727],[561,-446],[-97,-443]],[[82912,23928],[-766,54],[-599,-207]],[[81547,23775],[-102,641]],[[81445,24416],[-14,236],[460,1242]],[[81891,25894],[531,227]],[[81617,22277],[-307,438],[-555,-98]],[[80755,22617],[59,528]],[[80814,23145],[321,283]],[[81135,23428],[412,347]],[[81617,22277],[-833,-1064]],[[80784,21213],[-411,287],[-403,-106]],[[79970,21394],[79,296]],[[80049,21690],[656,577],[50,350]],[[80049,21690],[-347,566],[231,226],[822,135]],[[81935,21870],[-683,-898],[-468,241]],[[81383,20340],[-470,-6],[-932,938]],[[79981,21272],[-11,122]],[[93283,20829],[1069,-438]],[[94352,20391],[-469,-767]],[[93883,19624],[-645,346]],[[93238,19970],[-360,550]],[[95598,20959],[568,-314]],[[96166,20645],[-167,-391]],[[95999,20254],[-618,282],[-328,429]],[[95053,20965],[60,56]],[[95113,21021],[485,-62]],[[95598,20959],[-42,508]],[[95556,21467],[189,28]],[[95745,21495],[421,-850]],[[96961,21817],[103,-536],[-229,-353],[-669,-283]],[[95745,21495],[46,92]],[[95791,21587],[117,372],[450,130]],[[96358,22089],[603,-272]],[[95113,21021],[209,413],[-395,479]],[[94927,21913],[71,168]],[[94998,22081],[421,-163],[137,-451]],[[95053,20965],[-948,301],[-366,295]],[[93953,21941],[534,-208],[213,190]],[[94700,21923],[227,-10]],[[94446,22991],[205,-83]],[[94651,22908],[49,-985]],[[94651,22908],[412,194]],[[95063,23102],[402,-446],[-467,-575]],[[95063,23102],[603,513]],[[95666,23615],[-23,-905],[441,-122]],[[96084,22588],[-296,10],[3,-1011]],[[97144,22999],[-181,-630]],[[96963,22369],[-572,134],[-33,-414]],[[96084,22588],[529,572]],[[96613,23160],[531,-161]],[[96963,22369],[-2,-552]],[[95666,23615],[75,347]],[[95741,23962],[534,257],[524,549]],[[96799,24768],[232,-80]],[[97031,24688],[-74,-762],[-344,-766]],[[95063,23102],[-331,393],[427,671],[264,32]],[[95423,24198],[318,-236]],[[94650,24236],[460,630]],[[95110,24866],[313,-668]],[[93844,23824],[318,176]],[[94162,24000],[80,31]],[[94242,24031],[408,205]],[[95110,24866],[-124,497]],[[94986,25363],[129,142]],[[95115,25505],[857,-151]],[[95972,25354],[611,-391]],[[96583,24963],[216,-195]],[[94650,24236],[-281,58],[-127,-263]],[[94162,24000],[-444,338]],[[93718,24338],[107,313]],[[93825,24651],[573,14],[276,695]],[[94674,25360],[312,3]],[[93045,23807],[375,449]],[[93420,24256],[298,82]],[[93420,24256],[31,279]],[[93451,24535],[314,200]],[[93765,24735],[60,-84]],[[92910,24867],[541,-332]],[[92910,24867],[64,554],[498,196]],[[93472,25617],[516,-217]],[[93988,25400],[274,-115]],[[94262,25285],[-497,-550]],[[94262,25285],[412,75]],[[93988,25400],[1118,700]],[[95106,26100],[9,-595]],[[93472,25617],[201,745]],[[93673,26362],[365,445],[459,125]],[[94497,26932],[329,29]],[[94826,26961],[342,-496],[-62,-365]],[[92163,25980],[309,-51],[638,663],[563,-230]],[[91743,26436],[-34,299],[327,997]],[[92036,27732],[541,-68]],[[92577,27664],[137,-145],[1065,-107]],[[93779,27412],[292,-214]],[[94071,27198],[426,-266]],[[90841,26912],[-370,578]],[[90471,27490],[298,771]],[[90769,28261],[555,317]],[[91324,28578],[27,-249],[685,-597]],[[91957,29940],[716,-406]],[[92673,29534],[313,-796],[-55,-308]],[[92931,28430],[-181,-36],[-173,-730]],[[91324,28578],[631,1363]],[[91955,29941],[2,-1]],[[92931,28430],[541,-324],[307,-694]],[[94240,28704],[-169,-1506]],[[92673,29534],[934,130],[251,169]],[[93858,29833],[382,-1129]],[[94240,28704],[1117,-99]],[[95357,28605],[209,-676]],[[95566,27929],[-346,-722]],[[95220,27207],[-394,-246]],[[95220,27207],[1003,-268]],[[96223,26939],[505,-331]],[[96728,26608],[-60,-504]],[[96668,26104],[-696,-750]],[[96668,26104],[481,-320]],[[97149,25784],[-566,-821]],[[97149,25784],[83,58]],[[97232,25842],[542,-349]],[[97774,25493],[12,-112]],[[97786,25381],[-1,-76]],[[97785,25305],[-354,-301]],[[97431,25004],[-400,-316]],[[98621,25176],[-463,-526]],[[98158,24650],[-373,655]],[[97786,25381],[835,-205]],[[97719,26469],[123,-417],[835,-125]],[[98677,25927],[-56,-751]],[[97774,25493],[128,404],[-349,189]],[[97553,26086],[-304,328]],[[97249,26414],[113,80]],[[97362,26494],[357,-25]],[[97232,25842],[321,244]],[[96728,26608],[521,-194]],[[98712,26215],[-35,-288]],[[97719,26469],[315,131],[678,-385]],[[97594,28116],[25,389]],[[97619,28505],[545,464]],[[98164,28969],[603,-585]],[[98767,28384],[-148,-384],[-612,-141],[65,-243]],[[98072,27616],[-118,-645],[-505,-163]],[[97449,26808],[25,751],[-184,266]],[[97290,27825],[304,291]],[[97449,26808],[-87,-314]],[[96223,26939],[347,695],[369,278],[351,-87]],[[95566,27929],[516,472]],[[96082,28401],[994,32],[518,-317]],[[96082,28401],[147,688]],[[96229,29089],[634,-86],[756,-498]],[[95357,28605],[217,72],[42,562],[280,598]],[[95896,29837],[500,-110]],[[96396,29727],[-167,-638]],[[95574,30214],[322,-377]],[[93858,29833],[814,814],[402,-360],[500,-73]],[[88662,26680],[722,-91]],[[89592,26949],[110,421]],[[89702,27370],[769,120]],[[89702,27370],[-456,436]],[[89246,27806],[-433,462]],[[88813,28268],[741,180]],[[89554,28448],[831,224],[384,-411]],[[87711,26598],[-210,363],[139,486]],[[87640,27447],[1375,-39],[231,398]],[[87640,27447],[327,587],[447,243]],[[88414,28277],[399,-9]],[[88414,28277],[-689,681]],[[87725,28958],[135,505]],[[87860,29463],[432,284]],[[88292,29747],[803,-386]],[[89095,29361],[-150,-456],[609,-457]],[[87640,27447],[-855,275]],[[86785,27722],[-299,518]],[[86486,28240],[-282,605]],[[86204,28845],[746,243]],[[86950,29088],[775,-130]],[[85938,26890],[171,408]],[[86109,27298],[676,424]],[[83885,26727],[288,232],[323,746]],[[84496,27705],[1410,-507],[203,100]],[[82756,26956],[47,935]],[[82803,27891],[1162,2]],[[83965,27893],[531,-188]],[[83965,27893],[320,700],[533,224]],[[84818,28817],[447,-71],[609,-469],[612,-37]],[[82803,27891],[-128,530],[-412,360]],[[82263,28781],[333,260]],[[82596,29041],[555,-65],[491,273]],[[83642,29249],[549,-337],[627,-95]],[[83642,29249],[519,628],[138,851]],[[85593,29938],[-96,-132]],[[85497,29806],[-13,-401],[-666,-588]],[[82596,29041],[7,312],[481,620],[-349,33],[-67,833]],[[82668,30839],[747,237],[351,-64]],[[85497,29806],[707,-961]],[[85593,29938],[1298,-582]],[[86891,29356],[59,-268]],[[87399,30806],[-308,-617],[5,-424]],[[87096,29765],[-205,-409]],[[87096,29765],[667,-234]],[[87763,29531],[97,-68]],[[87606,30696],[290,-349]],[[87896,30347],[-133,-816]],[[87896,30347],[525,-30]],[[88421,30317],[-129,-570]],[[88421,30317],[417,87],[294,430]],[[89132,30834],[147,131]],[[89279,30965],[596,-649]],[[89875,30316],[-468,-873]],[[89407,29443],[-312,-82]],[[87831,30901],[412,-115],[889,48]],[[87917,31226],[1200,15]],[[89117,31241],[162,-276]],[[88366,32133],[414,-143]],[[88780,31990],[351,-480]],[[89131,31510],[-14,-269]],[[88780,31990],[511,-54]],[[89291,31936],[37,-426]],[[89328,31510],[-197,0]],[[89498,32032],[205,-32]],[[89703,32000],[395,-457]],[[90098,31543],[-770,-33]],[[89291,31936],[207,96]],[[89498,32032],[14,299]],[[89512,32331],[396,460],[345,86]],[[90253,32877],[55,-248]],[[90308,32629],[-228,-589]],[[90080,32040],[-377,-40]],[[90308,32629],[504,-586],[-138,-213],[-594,210]],[[89512,32331],[-178,108]],[[89334,32439],[2,403],[568,379]],[[90389,32994],[-136,-117]],[[88780,31990],[70,457]],[[88850,32447],[484,-8]],[[88416,32693],[174,41]],[[88590,32734],[260,-287]],[[88590,32734],[324,622]],[[81763,34181],[-957,321],[-582,-225]],[[80224,34277],[603,654]],[[80827,34931],[658,-75]],[[83178,33289],[-1356,-318]],[[81822,32971],[-402,375]],[[81420,33346],[494,233],[98,457]],[[83055,32310],[-305,-218],[-444,77],[-318,351]],[[81988,32520],[-166,451]],[[82668,30839],[-170,35]],[[82498,30874],[-495,-31],[-723,421],[-135,272]],[[81145,31536],[185,444],[658,540]],[[82263,28781],[-373,21]],[[81890,28802],[608,2072]],[[81891,25894],[-223,448],[-132,826]],[[81536,27168],[26,534]],[[81562,27702],[105,154]],[[81667,27856],[911,-137],[225,172]],[[81667,27856],[-383,829]],[[81284,28685],[606,117]],[[81284,28685],[-671,117]],[[80613,28802],[300,447],[8,596],[-309,321]],[[80612,30166],[118,688],[-359,204]],[[80371,31058],[237,599]],[[80608,31657],[537,-121]],[[78098,24758],[1365,-948]],[[79463,23810],[-537,-1046],[-1382,637]],[[79775,25197],[-188,556],[280,975],[470,-3]],[[80337,26725],[434,-981]],[[80771,25744],[-149,-420],[236,-342]],[[80858,24982],[-282,-364],[61,-545],[498,-645]],[[80814,23145],[-695,391]],[[80119,23536],[289,1151],[-633,510]],[[80858,24982],[587,-566]],[[80771,25744],[1120,150]],[[80337,26725],[231,-138],[384,758],[584,-177]],[[80337,26725],[-88,170],[-1275,353]],[[78974,27248],[120,436]],[[79094,27684],[754,252],[474,352]],[[80322,28288],[615,-404],[625,-182]],[[79775,25197],[-972,547]],[[78803,25744],[411,241],[4,543],[-676,533]],[[78542,27061],[432,187]],[[80322,28288],[137,478]],[[80459,28766],[154,36]],[[80459,28766],[-542,473]],[[79917,29239],[695,927]],[[79917,29239],[-178,-148],[-354,665]],[[79385,29756],[298,608],[471,97],[217,597]],[[79304,29611],[-139,-773],[-270,-103]],[[78850,29747],[454,-136]],[[79385,29756],[-81,-145]],[[78277,30740],[534,156],[552,448],[522,69],[486,-355]],[[80497,32439],[-82,-512],[193,-270]],[[77917,31216],[472,222],[-142,390],[232,423],[-220,175]],[[78259,32426],[481,488],[991,-185],[766,-290]],[[80497,32439],[145,536]],[[80642,32975],[778,371]],[[78259,32426],[-3,739],[1335,539],[595,-97]],[[80186,33607],[456,-632]],[[80186,33607],[38,670]],[[78259,32426],[-406,403]],[[77853,32829],[57,256],[-339,870],[284,346]],[[77855,34301],[483,305],[244,452]],[[78582,35058],[768,166],[194,265]],[[79544,35489],[273,-53]],[[79817,35436],[182,-891],[225,-268]],[[75883,32581],[349,-47],[270,476]],[[76502,33010],[1351,-181]],[[76502,33010],[-11,609],[503,451],[135,501]],[[77129,34571],[726,-270]],[[75370,34503],[1478,436]],[[76848,34939],[281,-368]],[[77227,35992],[-379,-1053]],[[78239,36137],[79,-691],[264,-388]],[[79565,36089],[-21,-600]],[[78449,36385],[111,132]],[[78560,36517],[1005,-428]],[[79817,35436],[554,145]],[[80371,35581],[125,40]],[[80496,35621],[366,-321],[-35,-369]],[[80496,35621],[349,246],[531,-53]],[[81376,35814],[268,-658],[-159,-300]],[[81376,35814],[326,744]],[[81702,36558],[528,-188],[490,95]],[[80371,35581],[-44,361],[421,948]],[[80748,36890],[576,349]],[[81324,37239],[378,-681]],[[79565,36089],[233,358]],[[79798,36447],[950,443]],[[80484,37208],[264,-318]],[[79798,36447],[128,691]],[[79926,37138],[558,70]],[[78560,36517],[704,685]],[[79264,37202],[662,-64]],[[79836,38459],[18,-385]],[[79854,38074],[-67,-350],[-523,-522]],[[79854,38074],[527,-34]],[[80381,38040],[284,-426],[-181,-406]],[[81966,38921],[-152,-414],[-538,-246],[-677,3],[-218,-224]],[[82556,38815],[-1232,-1576]],[[83619,38616],[1304,-597]],[[84923,38019],[128,-548]],[[85051,37471],[-152,-557],[-326,-294]],[[84955,39257],[204,-765]],[[85159,38492],[-236,-473]],[[84172,39670],[783,-413]],[[85054,40283],[94,-507],[-193,-519]],[[85159,38492],[789,882],[547,271]],[[86495,39645],[13,-980],[-140,-567],[353,-514],[-128,-154]],[[86593,37430],[-794,143],[-748,-102]],[[86593,37430],[375,-811]],[[86968,36619],[-109,-379],[-560,-277],[-193,-403]],[[86968,36619],[588,401]],[[87556,37020],[627,-117],[241,-353]],[[86495,39645],[447,224]],[[86942,39869],[490,-73]],[[87432,39796],[-27,-885],[150,-232]],[[87555,38679],[260,-808]],[[87815,37871],[-187,-140]],[[87628,37731],[-72,-711]],[[87628,37731],[399,86],[589,-287]],[[88616,37530],[302,-145]],[[87815,37871],[507,183]],[[88322,38054],[294,-524]],[[88322,38054],[136,167]],[[88458,38221],[413,206],[257,617]],[[89128,39044],[262,-9]],[[89390,39035],[764,-178]],[[90154,38857],[-169,-513]],[[87555,38679],[320,-72]],[[87875,38607],[583,-386]],[[87875,38607],[191,362],[538,328]],[[88604,39297],[524,-253]],[[87432,39796],[472,-88],[700,-411]],[[89390,39035],[-316,891],[15,361]],[[89089,40287],[488,279]],[[89577,40566],[793,-247],[499,-360]],[[90869,39959],[75,-675]],[[90944,39284],[-790,-427]],[[89577,40566],[483,463]],[[90060,41029],[1194,-301]],[[91254,40728],[-116,-254]],[[91138,40474],[-269,-515]],[[93209,39378],[-1218,334]],[[91991,39712],[-853,762]],[[91254,40728],[467,644],[522,324]],[[92985,41714],[93,-1077],[679,-886],[-548,-373]],[[91991,39712],[-430,-344]],[[91561,39368],[-617,-84]],[[91561,39368],[130,-747]],[[91691,38621],[-303,-406],[-726,-138]],[[95999,20254],[-390,-460]],[[95609,19794],[-769,560],[-1429,573]],[[95609,19794],[-67,-162]],[[95542,19632],[-1190,759]],[[95542,19632],[-199,-631],[-982,-194]],[[94361,18807],[-478,817]],[[94361,18807],[-777,-440],[-593,12]],[[92991,18379],[146,275],[-449,419],[550,897]],[[92991,18379],[-734,-221]],[[92257,18158],[-227,555],[223,426],[-187,459]],[[92257,18158],[-578,-523],[-345,-72],[-294,414],[-586,-105]],[[90043,17989],[-576,-553],[-130,-1381],[374,-33],[514,291],[-91,-891],[-1281,75],[-514,-422],[-1359,433]],[[86980,15508],[435,545],[115,628]],[[87530,16681],[72,1248],[217,684]],[[86980,15508],[-822,631]],[[86158,16139],[257,347],[355,-99],[760,294]],[[86158,16139],[-402,236]],[[85756,16375],[97,441],[-403,350],[-49,594],[249,258],[40,599]],[[83106,19093],[-189,-881]],[[82917,18212],[-504,-1139],[-88,-477]],[[82325,16596],[-747,504]],[[81578,17100],[628,1701]],[[81578,17100],[-608,320],[-726,157],[-497,537],[-300,790]],[[79447,18904],[1297,-34],[119,443],[335,115]],[[79447,18904],[-501,585]],[[78946,19489],[696,437],[155,739]],[[79797,20665],[184,607]],[[78946,19489],[-754,122],[-321,-281]],[[77548,21120],[389,101],[584,559]],[[78521,21780],[316,-454],[960,-661]],[[77209,22512],[383,163],[571,-229],[358,-666]],[[79463,23810],[656,-274]],[[77785,25764],[1018,-20]],[[78154,27193],[388,-132]],[[78663,28081],[431,-397]],[[86263,40645],[679,-776]],[[88117,41254],[-659,-520],[-195,-781],[169,-157]],[[88784,41403],[76,-789],[229,-327]],[[90312,42177],[153,-470],[-405,-678]],[[93209,39378],[-206,-699]],[[93003,38679],[-509,-189],[-803,131]],[[93405,38132],[-814,83],[-368,-856]],[[92223,37359],[-945,385]],[[93003,38679],[388,-221],[14,-326]],[[93405,38132],[452,-354],[-477,-280],[-299,-526]],[[93081,36972],[-399,-77],[-459,464]],[[93081,36972],[-336,-629],[500,-172],[-315,-284]],[[92930,35887],[-336,259],[-788,65],[-569,245]],[[92930,35887],[-633,-323],[-284,-340],[176,-249]],[[92189,34975],[-655,-1031]],[[92143,33712],[-762,-23]],[[92189,34975],[207,-406],[-253,-857]],[[91561,32354],[-285,82],[-246,857]],[[92143,33712],[28,-523],[-610,-835]],[[91561,32354],[-144,-546],[-460,-806]],[[90957,31002],[-557,162],[-302,379]],[[90957,31002],[-658,-861]],[[90299,30141],[-424,175]],[[90299,30141],[152,-265]],[[90451,29876],[22,-517],[-1066,84]],[[91955,29941],[2,-1]],[[90451,29876],[1504,65]],[[97129,30102],[-77,-304],[-656,-71]],[[95574,30214],[1555,-112]],[[98199,30045],[-35,-1076]],[[97129,30102],[548,209],[522,-266]],[[99322,28260],[-555,124]],[[98199,30045],[807,-335],[993,-810],[-677,-640]],[[99322,28260],[-71,-1433]],[[99251,26827],[-229,249],[-726,222]],[[98296,27298],[-224,318]],[[99251,26827],[-221,-173]],[[99030,26654],[-862,177],[128,467]],[[99030,26654],[-318,-439]],[[98158,24650],[-172,-166]],[[97986,24484],[-555,520]],[[97986,24484],[26,-372],[-283,-620],[-585,-493]],[[85756,16375],[-1334,167]],[[84422,16542],[-589,612],[-56,285],[-822,300],[-38,473]],[[84422,16542],[-990,-220],[-1107,274]],[[24916,71302],[201,-625],[-276,-607]],[[21583,71231],[106,176]],[[21689,71407],[741,47],[945,293]],[[23375,71747],[295,21]],[[23670,71768],[796,-492],[450,26]],[[25135,73601],[210,-367],[638,-144]],[[25983,73090],[-363,-743]],[[25620,72347],[-858,-445],[-575,100],[-517,-234]],[[23375,71747],[259,645],[-875,852]],[[22759,73244],[266,797],[-28,480]],[[22997,74521],[952,-892],[1186,-28]],[[21689,71407],[-48,252]],[[21641,71659],[476,148],[400,1224],[242,213]],[[21641,71659],[-682,481]],[[20959,72140],[569,332],[281,658],[-137,602]],[[21672,73732],[655,539],[186,471]],[[22513,74742],[484,-221]],[[20959,72140],[-826,437],[-697,512]],[[19436,73089],[328,565],[949,252],[380,326]],[[21093,74232],[579,-500]],[[21093,74232],[-484,364]],[[20609,74596],[800,579]],[[21409,75175],[770,-191],[334,-242]],[[21409,75175],[382,831]],[[21791,76006],[313,372]],[[22104,76378],[949,-403]],[[23053,75975],[300,-314],[-41,-540]],[[23312,75121],[-315,-600]],[[20609,74596],[-904,879],[-445,-2]],[[19260,75473],[257,326]],[[19517,75799],[589,645]],[[20106,76444],[765,-29],[920,-409]],[[28656,77330],[308,-301]],[[28964,77029],[416,-242]],[[29380,76787],[395,-328]],[[29775,76459],[-44,-336],[460,-346]],[[30191,75777],[-215,-390]],[[29976,75387],[-1168,-659]],[[28808,74728],[-957,-333]],[[27851,74395],[-530,-47],[-141,330]],[[27180,74678],[145,827],[-218,687]],[[27107,76192],[-2,735]],[[27105,76927],[610,217],[74,234],[867,-48]],[[27105,76927],[-505,365],[-442,803]],[[26158,78095],[800,924]],[[26958,79019],[515,36]],[[27473,79055],[565,-237]],[[28038,78818],[175,-226]],[[28213,78592],[85,-796],[204,-224]],[[28502,77572],[154,-242]],[[27107,76192],[-630,310],[-436,22],[-622,-258],[-686,190]],[[24733,76456],[510,1543]],[[25243,77999],[392,576]],[[25635,78575],[523,-480]],[[24733,76456],[21,-814],[-181,-189]],[[24573,75453],[-770,-383],[-491,51]],[[23053,75975],[254,57]],[[23307,76032],[141,102]],[[23448,76134],[82,419]],[[23530,76553],[-163,445]],[[23367,76998],[112,862]],[[23479,77860],[391,-47],[-21,485],[-321,327]],[[23528,78625],[349,-112]],[[23877,78513],[503,-282]],[[24380,78231],[863,-232]],[[19033,74563],[-1146,191],[-685,371]],[[17202,75125],[-86,476],[215,644],[421,276]],[[17752,76521],[1000,-523],[192,117],[573,-316]],[[19260,75473],[-227,-910]],[[17752,76521],[82,369]],[[17834,76890],[515,-203],[868,39]],[[19217,76726],[889,-282]],[[19217,76726],[131,1256]],[[19348,77982],[411,792]],[[19759,78774],[975,-225],[483,93]],[[21217,78642],[697,-32]],[[21914,78610],[-251,-1098],[441,-1134]],[[21914,78610],[609,514]],[[22523,79124],[597,-154]],[[23120,78970],[116,-138]],[[23236,78832],[-216,-935],[180,-465],[-242,-751],[349,-649]],[[23163,76754],[367,-201]],[[23448,76134],[-285,620]],[[23163,76754],[204,244]],[[23479,77860],[-265,561],[129,388]],[[23343,78809],[185,-184]],[[23236,78832],[107,-23]],[[23877,78513],[80,118]],[[23957,78631],[465,-179]],[[24422,78452],[-42,-221]],[[23120,78970],[368,354]],[[23488,79324],[111,-508],[358,-185]],[[23488,79324],[217,172]],[[23705,79496],[1109,-446]],[[24814,79050],[-392,-598]],[[24814,79050],[821,-475]],[[25635,78575],[756,972]],[[26391,79547],[567,-528]],[[22523,79124],[-6,256]],[[22517,79380],[443,-1],[450,410]],[[23410,79789],[297,-56]],[[23707,79733],[-2,-237]],[[22517,79380],[-501,507],[-65,312]],[[21951,80199],[1104,489]],[[23055,80688],[352,-604]],[[23407,80084],[206,0]],[[23613,80084],[-203,-295]],[[23613,80084],[157,8]],[[23770,80092],[-63,-359]],[[23055,80688],[399,273]],[[23454,80961],[218,-265],[-265,-612]],[[21951,80199],[-451,441]],[[21500,80640],[762,883],[519,66]],[[22781,81589],[673,-628]],[[21217,78642],[-187,367]],[[21030,79009],[116,465],[-676,906]],[[20470,80380],[236,228]],[[20706,80608],[794,32]],[[21030,79009],[-574,29],[-708,-209]],[[19748,78829],[-159,344]],[[19589,79173],[50,395]],[[19639,79568],[14,177]],[[19653,79745],[116,382]],[[19769,80127],[701,253]],[[19759,78774],[-11,55]],[[19348,77982],[-842,236],[-219,300]],[[18287,78518],[173,479],[405,260]],[[18865,79257],[724,-84]],[[18865,79257],[-107,167],[-1119,442],[-852,1040]],[[16787,80906],[804,75]],[[17591,80981],[-68,-205],[451,-646],[1104,-449]],[[19078,79681],[561,-113]],[[19078,79681],[575,64]],[[17591,80981],[963,851]],[[18554,81832],[154,-470]],[[18708,81362],[592,-1131],[469,-104]],[[18708,81362],[994,339],[754,-115]],[[20456,81586],[295,-310],[-45,-668]],[[17834,76890],[-73,91]],[[17761,76981],[290,389],[-83,408]],[[17968,77778],[319,740]],[[17202,75125],[265,-621],[-93,-503]],[[17374,74001],[-503,135],[-920,-15]],[[15951,74121],[717,1385],[-581,606],[-1341,656]],[[14746,76768],[70,161]],[[14816,76929],[1281,-161],[386,155]],[[16483,76923],[623,-9]],[[17106,76914],[655,67]],[[15951,74121],[-845,101],[-399,721],[51,504],[-322,460],[310,861]],[[16483,76923],[256,606],[114,928],[284,117]],[[17137,78574],[229,-188],[117,-691]],[[17483,77695],[-377,-781]],[[17483,77695],[485,83]],[[17137,78574],[196,379]],[[17333,78953],[954,-435]],[[17333,78953],[-476,734],[-1361,832]],[[15496,80519],[1291,387]],[[14816,76929],[-1436,1176],[-359,641],[673,1401]],[[13694,80147],[615,-129],[1187,501]],[[17615,83262],[397,-295],[500,12]],[[18512,82979],[619,-23],[-529,-462],[-143,-453]],[[18459,82041],[95,-209]],[[13694,80147],[508,774]],[[14202,80921],[783,783],[185,-118],[809,554],[185,1073]],[[16164,83213],[86,45]],[[16250,83258],[470,-308]],[[16720,82950],[520,39],[220,342]],[[17460,83331],[155,-69]],[[18459,82041],[1017,709],[-28,563]],[[19448,83313],[657,-121]],[[20105,83192],[938,-234]],[[21043,82958],[644,-34]],[[21687,82924],[-19,-221]],[[21668,82703],[-752,-866],[-460,-251]],[[21668,82703],[408,-27]],[[22076,82676],[387,-240],[-8,531]],[[22455,82967],[-288,324]],[[22167,83291],[899,-262],[127,299]],[[23193,83328],[145,-15]],[[23338,83313],[296,-150]],[[23634,83163],[-214,-394]],[[23420,82769],[118,-624]],[[23538,82145],[-59,-98]],[[23479,82047],[-39,-62]],[[23440,81985],[-659,-396]],[[22076,82676],[379,291]],[[21687,82924],[480,367]],[[22167,83291],[144,308],[-298,962]],[[22013,84561],[237,19]],[[22250,84580],[751,-183]],[[23001,84397],[-12,-508],[230,-253]],[[23219,83636],[-26,-308]],[[23001,84397],[585,-12]],[[23586,84385],[-367,-749]],[[23586,84385],[327,-8]],[[23913,84377],[563,-259]],[[24476,84118],[18,-397]],[[24494,83721],[-821,-83],[-335,-325]],[[24494,83721],[24,-84]],[[24518,83637],[-884,-474]],[[24518,83637],[763,-781]],[[25281,82856],[-55,-520]],[[25226,82336],[-121,-69]],[[25105,82267],[-617,-26]],[[24488,82241],[-801,117]],[[23687,82358],[-267,411]],[[23687,82358],[-149,-213]],[[24488,82241],[-62,-215]],[[24426,82026],[-481,-182]],[[23945,81844],[-466,203]],[[23945,81844],[-164,-418]],[[23781,81426],[-341,559]],[[23781,81426],[-327,-465]],[[24426,82026],[512,-66]],[[24938,81960],[61,-159]],[[24999,81801],[-631,-176],[-212,-395],[76,-624]],[[24232,80606],[-236,-261]],[[23996,80345],[-226,-253]],[[24999,81801],[-696,-792],[-71,-403]],[[25105,82267],[-167,-307]],[[25281,82856],[586,-275]],[[25867,82581],[238,-382]],[[26105,82199],[-879,137]],[[26105,82199],[-10,-740]],[[26095,81459],[-223,-398]],[[25872,81061],[-566,-168]],[[25306,80893],[-840,-1286]],[[24466,79607],[-470,738]],[[24466,79607],[348,-557]],[[25306,80893],[565,-815],[467,-425]],[[26338,79653],[53,-106]],[[25872,81061],[466,-1408]],[[26095,81459],[440,-335],[808,-342]],[[27343,80782],[8,-350]],[[27351,80432],[-330,-233],[-7,-704],[424,-279]],[[27438,79216],[35,-161]],[[27351,80432],[245,-330],[-158,-886]],[[27343,80782],[614,-94]],[[27957,80688],[128,-402],[-231,-1141],[234,-195]],[[28088,78950],[-50,-132]],[[27957,80688],[843,-72],[267,-193]],[[29067,80423],[147,-216]],[[29214,80207],[175,-340],[-377,-745]],[[29012,79122],[-284,306],[-179,-324],[-461,-154]],[[29012,79122],[26,-786]],[[29038,78336],[-825,256]],[[29067,80423],[79,141]],[[29146,80564],[150,168]],[[29296,80732],[476,-56]],[[29772,80676],[-159,-367],[-399,-102]],[[29146,80564],[-695,314],[87,263],[758,-409]],[[26276,83543],[53,-148]],[[26329,83395],[-375,-562]],[[25954,82833],[-4,562]],[[25950,83395],[326,148]],[[26329,83395],[384,241],[297,-253]],[[27010,83383],[-236,-382],[-445,394]],[[25950,83395],[-649,527],[142,361]],[[25443,84283],[857,-52]],[[26300,84231],[-24,-688]],[[26300,84231],[1388,-100]],[[27688,84131],[-312,-426]],[[27376,83705],[-366,-322]],[[25954,82833],[-87,-252]],[[24476,84118],[182,365]],[[24658,84483],[636,-97]],[[25294,84386],[149,-103]],[[25294,84386],[302,494],[13,438]],[[25609,85318],[524,337],[392,-304],[-225,-1120]],[[24658,84483],[100,415]],[[24758,84898],[465,434]],[[25223,85332],[386,-14]],[[23913,84377],[-315,845],[440,392]],[[24038,85614],[720,-716]],[[22250,84580],[401,171],[-223,225]],[[22428,84976],[1,423]],[[22429,85399],[224,-41]],[[22653,85358],[173,-142],[180,235],[-311,40]],[[22695,85491],[71,380]],[[22766,85871],[1272,-257]],[[22653,85358],[42,133]],[[22429,85399],[-436,485]],[[21993,85884],[374,226]],[[22367,86110],[399,-239]],[[21993,85884],[-219,-339],[182,-472]],[[21956,85073],[-335,415]],[[21621,85488],[-164,209]],[[21457,85697],[547,713]],[[22004,86410],[363,-300]],[[22428,84976],[-472,97]],[[21457,85697],[-643,333]],[[20814,86030],[907,709]],[[21721,86739],[283,-329]],[[20814,86030],[-33,0]],[[20781,86030],[-374,173],[-206,430],[535,492]],[[20736,87125],[349,430]],[[21085,87555],[531,-534]],[[21616,87021],[105,-282]],[[20781,86030],[-182,-228]],[[20599,85802],[-184,-164]],[[20415,85638],[-581,153]],[[19834,85791],[-811,771],[856,844]],[[19879,87406],[447,7],[410,-288]],[[21621,85488],[-1041,-25],[19,339]],[[22013,84561],[-507,-1],[-212,-298]],[[21294,84262],[-770,144]],[[20524,84406],[-510,198]],[[20014,84604],[191,829],[210,205]],[[21043,82958],[356,1055],[-105,249]],[[20105,83192],[257,396],[0,616]],[[20362,84204],[162,202]],[[19448,83313],[443,947]],[[19891,84260],[471,-56]],[[19891,84260],[123,344]],[[19891,84260],[-696,148]],[[19195,84408],[288,261],[531,-65]],[[19195,84408],[-406,-137]],[[18789,84271],[65,265]],[[18854,84536],[980,1255]],[[18512,82979],[-156,272]],[[18356,83251],[433,1020]],[[18356,83251],[-320,938]],[[18036,84189],[753,82]],[[17615,83262],[108,572],[313,355]],[[17460,83331],[-154,548]],[[17306,83879],[212,394]],[[17518,84273],[471,304]],[[17989,84577],[800,-306]],[[16720,82950],[232,553],[-372,106]],[[16580,83609],[79,304]],[[16659,83913],[249,102]],[[16908,84015],[398,-136]],[[16250,83258],[330,351]],[[16164,83213],[158,1062]],[[16322,84275],[337,-362]],[[16322,84275],[18,76]],[[16340,84351],[568,-336]],[[16340,84351],[149,617]],[[16489,84968],[315,-255]],[[16804,84713],[77,-343],[637,-97]],[[16804,84713],[632,311]],[[17436,85024],[553,-447]],[[17436,85024],[191,170],[1227,-658]],[[16489,84968],[364,756],[-397,248],[124,330]],[[16580,86302],[120,429],[377,140]],[[17077,86871],[435,421],[715,-65],[466,360]],[[18693,87587],[1186,-181]],[[16580,86302],[-887,367],[-1536,-54]],[[14157,86615],[-55,206]],[[14102,86821],[435,744],[-36,444]],[[14501,88009],[164,66],[1928,-774],[484,-430]],[[14102,86821],[-491,248],[-583,29]],[[13028,87098],[450,463],[1023,448]],[[14157,86615],[200,-662],[-366,-163],[-942,-76],[-853,453]],[[12196,86167],[832,931]],[[14202,80921],[-808,-193],[-568,-462],[-705,-61],[-577,608],[-489,255],[136,513],[-25,843],[-259,497],[169,323],[9,953],[-126,615],[1190,376],[47,979]],[[28964,77029],[233,730]],[[29197,77759],[586,96]],[[29783,77855],[-90,-1001],[-313,-67]],[[28502,77572],[695,187]],[[29038,78336],[159,-577]],[[30371,80792],[-195,-347],[175,-399]],[[30351,80046],[639,-418]],[[30990,79628],[281,-238]],[[31271,79390],[-322,-284],[-476,38],[-338,-928],[122,-300]],[[30257,77916],[-474,-61]],[[29772,80676],[599,116]],[[32653,80566],[-188,-568],[-365,-271]],[[32100,79727],[-829,-337]],[[30990,79628],[164,373]],[[31154,80001],[616,380]],[[31770,80381],[883,185]],[[30351,80046],[803,-45]],[[31755,80869],[15,-488]],[[30371,80792],[1384,77]],[[34187,83350],[170,-618]],[[34357,82732],[-450,151],[148,-1133],[-666,-453],[-303,363],[-940,-829],[-391,38]],[[27376,83705],[704,-427],[679,248],[755,-235],[149,283]],[[29663,83574],[1189,-128],[308,461]],[[31160,83907],[497,-413],[243,155],[913,37],[239,-232],[372,273],[763,-377]],[[29577,83649],[86,-75]],[[27688,84131],[1078,113]],[[28766,84244],[247,-428],[564,-167]],[[29577,83649],[888,828],[359,-1],[336,-569]],[[30205,87557],[-485,-886],[154,-624],[-701,-1602],[-407,-201]],[[25223,85332],[607,501],[327,704],[592,37],[386,613],[-91,660]],[[27044,87847],[162,1192]],[[27206,89039],[404,-131],[494,425]],[[28104,89333],[1244,-1016],[371,-643],[486,-117]],[[27206,89039],[45,655],[-671,-144],[-315,185]],[[26265,89735],[1200,1117]],[[27465,90852],[2,-393],[794,-106]],[[28261,90353],[142,-745]],[[28403,89608],[-299,-275]],[[24038,85614],[704,623],[1324,539],[381,609],[597,462]],[[21616,87021],[735,403],[53,576]],[[22404,88000],[1409,812],[786,880]],[[24599,89692],[811,369]],[[25410,90061],[855,-326]],[[22404,88000],[-395,96],[-16,362],[-918,316]],[[21075,88774],[91,292],[615,588],[67,489],[-294,164]],[[21554,90307],[275,190]],[[21829,90497],[791,-11],[519,-403],[422,356]],[[23561,90439],[286,-363],[752,-384]],[[21085,87555],[-522,590]],[[20563,88145],[103,439]],[[20666,88584],[409,190]],[[19879,87406],[601,377],[83,362]],[[21554,90307],[-831,-685],[-729,-365],[250,-329]],[[20244,88928],[-126,-327],[445,-456]],[[18693,87587],[-556,486],[-30,356],[-476,476]],[[17631,88905],[1084,760],[-203,784]],[[18512,90449],[982,1190],[726,-277],[685,-84],[-11,505],[354,423]],[[21248,92206],[338,-1214],[243,-495]],[[20244,88928],[422,-344]],[[17631,88905],[-263,1473],[-253,470]],[[17115,90848],[337,142]],[[17452,90990],[280,273]],[[17732,91263],[373,113]],[[18105,91376],[407,-927]],[[17115,90848],[127,335]],[[17242,91183],[210,-193]],[[17785,92306],[-396,-437],[343,-606]],[[17242,91183],[136,261],[-567,508]],[[16811,91952],[248,209],[67,704]],[[17126,92865],[659,-559]],[[17785,92306],[318,289]],[[18103,92595],[483,-507],[-481,-712]],[[17126,92865],[210,176],[829,-347]],[[18165,92694],[-62,-99]],[[16811,91952],[-812,828],[6,922],[832,532],[2270,594],[898,129],[39,142]],[[20044,95099],[270,-592],[537,-260],[229,-398],[-375,-827],[-650,-41],[-457,-299],[-885,197],[-548,-185]],[[23586,94577],[-43,-102]],[[23543,94475],[-392,-472],[-866,-1602]],[[22285,92401],[-437,-272],[-600,77]],[[20044,95099],[122,378],[606,-450],[889,-324],[938,451],[987,-577]],[[22285,92401],[643,-523],[1353,-423]],[[24281,91455],[-720,-1016]],[[23543,94475],[452,-988],[58,-474],[714,-750],[485,-109]],[[25252,92154],[59,-871]],[[25311,91283],[-1030,172]],[[25383,94058],[-213,-554],[929,-467]],[[26099,93037],[-909,-324],[62,-559]],[[23586,94577],[481,565]],[[24067,95142],[1316,-1084]],[[27370,95997],[-777,-489],[-266,-818]],[[26327,94690],[-944,-632]],[[24067,95142],[-907,793],[416,448],[77,436],[776,159],[718,385],[122,929],[182,135],[486,-851],[1433,-1579]],[[29847,93108],[340,-222]],[[30187,92886],[-159,-741],[53,-614]],[[30081,91531],[-358,-72]],[[29723,91459],[-842,-58]],[[28881,91401],[-720,257]],[[28161,91658],[12,353]],[[28173,92011],[299,887],[611,411]],[[29083,93309],[764,-201]],[[30478,94852],[-272,-494],[69,-505],[-428,-745]],[[29083,93309],[-864,186],[-1052,585]],[[27167,94080],[-342,410],[-498,200]],[[27370,95997],[1868,-1000],[1240,-145]],[[28173,92011],[-388,347],[-677,141]],[[27108,92499],[-440,414],[-569,124]],[[26099,93037],[243,708],[489,367],[336,-32]],[[27108,92499],[-271,-458],[115,-251]],[[26952,91790],[-267,-23],[-956,-777]],[[25729,90990],[-418,293]],[[28161,91658],[-504,-236]],[[27657,91422],[-705,368]],[[27657,91422],[-192,-570]],[[25410,90061],[319,929]],[[28881,91401],[-44,-634],[-576,-414]],[[19436,73089],[-515,249]],[[18921,73338],[112,1225]],[[18921,73338],[-610,396],[-937,267]],[[24573,75453],[139,-241],[1340,-615]],[[26052,74597],[-238,-244],[209,-303]],[[26023,74050],[-702,-150],[-186,-299]],[[27180,74678],[-546,384],[-582,-465]],[[30420,90265],[187,-1447],[809,-93]],[[31416,88725],[-462,-705],[-44,-521],[-705,58]],[[28403,89608],[1383,595]],[[29786,90203],[634,62]],[[29723,91459],[-5,-463]],[[29718,90996],[68,-793]],[[62626,42900],[-591,642],[-426,146],[-118,457]],[[61491,44145],[-120,429]],[[61371,44574],[1037,32],[504,-795],[-286,-911]],[[59702,42453],[13,289],[579,539],[-85,1107]],[[60209,44388],[1282,-243]],[[60209,44388],[18,359],[-404,385]],[[59823,45132],[153,761],[510,967],[471,386],[710,-66]],[[61667,47180],[1056,22]],[[62723,47202],[638,-137]],[[63361,47065],[-723,-394],[-322,-429],[-14,-701],[-948,-91],[17,-876]],[[58161,42558],[-84,312],[231,1041]],[[58308,43911],[826,378]],[[59134,44289],[1075,99]],[[55976,42477],[311,987],[433,676]],[[56720,44140],[1139,-358],[449,129]],[[56190,45150],[716,-290]],[[56906,44860],[-186,-720]],[[55532,42519],[-1521,451],[-943,-176]],[[53068,42794],[929,1197]],[[53997,43991],[619,473],[69,692]],[[54685,45156],[825,111],[680,-117]],[[53068,42794],[-1349,593]],[[51719,43387],[-765,1149]],[[50954,44536],[14,302]],[[50968,44838],[388,107],[607,-531],[786,67]],[[52749,44481],[1248,-490]],[[52749,44481],[405,645]],[[53154,45126],[607,67],[164,246]],[[53925,45439],[246,137]],[[54171,45576],[565,-103],[-51,-317]],[[50968,44838],[44,902]],[[51012,45740],[797,673],[671,-296],[218,-483],[400,-187],[56,-321]],[[51012,45740],[230,922],[-238,598]],[[51004,47260],[2250,13],[445,172]],[[53699,47445],[-238,-523],[-461,61]],[[53000,46983],[-576,29],[-527,-404],[571,-153],[374,-571],[699,-83]],[[53541,45801],[384,-362]],[[53000,46983],[541,-1182]],[[53699,47445],[365,-105]],[[54064,47340],[283,-679]],[[54347,46661],[-176,-1085]],[[54347,46661],[1250,-139]],[[55597,46522],[73,-501],[520,-871]],[[56906,44860],[574,232],[681,-74]],[[58161,45018],[600,-55],[373,-674]],[[58161,45018],[-520,279],[414,1293],[479,-268]],[[58534,46322],[370,-43],[442,-424]],[[59346,45855],[477,-723]],[[55597,46522],[-131,450]],[[55466,46972],[470,673]],[[55936,47645],[837,-119]],[[56773,47526],[329,-464],[977,-372],[455,-368]],[[56773,47526],[59,183],[762,163]],[[57594,47872],[517,-528],[873,-239],[373,-393]],[[59357,46712],[150,-448],[-161,-409]],[[59357,46712],[97,1056],[265,800]],[[59719,48568],[233,-56],[188,141]],[[60140,48653],[369,-42],[-238,461]],[[60271,49072],[729,-76]],[[61000,48996],[-72,-265],[456,-331]],[[61384,48400],[-201,-416],[458,-710]],[[61641,47274],[26,-94]],[[59719,48568],[421,85]],[[57594,47872],[398,565],[-40,619]],[[57952,49056],[269,33]],[[58221,49089],[531,375],[816,42]],[[59568,49506],[703,-434]],[[55936,47645],[408,547]],[[56344,48192],[1019,746]],[[57363,48938],[589,118]],[[56344,48192],[-304,339]],[[56040,48531],[163,818]],[[56203,49349],[202,770]],[[56405,50119],[958,-988]],[[57363,49131],[0,-193]],[[56040,48531],[-761,473],[-581,-60]],[[54698,48944],[-206,548]],[[54492,49492],[82,46]],[[54574,49538],[709,102],[920,-291]],[[56405,50119],[251,414]],[[56656,50533],[17,15]],[[56673,50548],[298,119]],[[56971,50667],[536,62],[414,-173]],[[57921,50556],[-558,-1425]],[[57921,50556],[242,18]],[[58163,50574],[-75,-1035],[133,-450]],[[58163,50574],[338,337],[192,-289],[991,236],[387,-251]],[[60071,50607],[39,-66]],[[60110,50541],[-220,-600]],[[59890,49941],[-322,-435]],[[59890,49941],[488,-112],[289,376]],[[60667,50205],[532,-446]],[[61199,49759],[65,-295]],[[61264,49464],[-264,-468]],[[61264,49464],[248,-286],[507,99],[600,-263]],[[62619,49014],[-324,-582]],[[62295,48432],[-431,-79]],[[61864,48353],[-480,47]],[[61864,48353],[-170,-409]],[[61694,47944],[-53,-670]],[[61694,47944],[761,-49]],[[62455,47895],[268,-693]],[[62295,48432],[156,8]],[[62451,48440],[4,-545]],[[62619,49014],[132,-190]],[[62751,48824],[-300,-384]],[[55466,46972],[-397,817],[-473,346]],[[54596,48135],[102,809]],[[54064,47340],[358,312],[174,483]],[[54064,47340],[-146,208]],[[53918,47548],[-562,731],[242,400],[138,843]],[[53736,49522],[756,-30]],[[54574,49538],[416,677]],[[54990,50215],[352,177],[1314,141]],[[53918,47548],[-1411,841]],[[52507,48389],[253,94],[482,757],[-179,521],[234,260]],[[53297,50021],[439,-499]],[[51004,47260],[-396,114],[-1098,-86]],[[49510,47288],[234,236]],[[49744,47524],[620,593]],[[50364,48117],[253,186],[750,-62]],[[51367,48241],[1140,148]],[[50968,44838],[-1713,842],[-771,143]],[[48484,45823],[835,689],[-96,581]],[[49223,47093],[287,195]],[[50954,44536],[-1189,-101],[-367,129],[-904,-281]],[[47649,44358],[302,465],[59,1097]],[[48010,45920],[474,-97]],[[46139,46415],[772,-301],[1099,-194]],[[45600,45734],[71,900],[468,-219]],[[46139,46415],[74,399],[511,-184],[99,348]],[[46823,46978],[797,357]],[[47620,47335],[245,-132]],[[47865,47203],[304,-112]],[[48169,47091],[190,-309],[-349,-862]],[[48169,47091],[620,95]],[[48789,47186],[434,-93]],[[48789,47186],[181,818]],[[48970,48004],[550,214],[246,-311]],[[49766,47907],[-22,-383]],[[47865,47203],[781,904]],[[48646,48107],[324,-103]],[[47620,47335],[268,1320]],[[47888,48655],[463,296],[101,423],[325,-239]],[[48777,49135],[-131,-1028]],[[48777,49135],[582,15]],[[49359,49150],[509,-805],[-102,-438]],[[47888,48655],[-597,424]],[[47291,49079],[-357,555]],[[46934,49634],[776,208],[-24,340]],[[47686,50182],[875,-379],[490,55]],[[49051,49858],[308,-708]],[[47686,50182],[-12,327],[-636,151]],[[47038,50660],[321,367]],[[47359,51027],[272,-80]],[[47631,50947],[253,-420],[1098,-245],[69,-424]],[[46934,49634],[-767,269]],[[46167,49903],[328,565],[543,192]],[[47291,49079],[-593,-390]],[[46698,48689],[-453,269],[-576,-15]],[[45669,48943],[169,659]],[[45838,49602],[329,301]],[[46698,48689],[-744,-1276]],[[45954,47413],[-498,497],[-399,-111]],[[45057,47799],[239,707],[-108,306]],[[45188,48812],[481,131]],[[46823,46978],[-72,229],[-797,206]],[[43788,46410],[142,396],[885,1083]],[[44815,47889],[242,-90]],[[43310,46429],[242,1070]],[[43552,47499],[261,304]],[[43813,47803],[734,208],[268,-122]],[[43813,47803],[-53,340]],[[43760,48143],[295,739],[527,154]],[[44582,49036],[606,-224]],[[49359,49150],[315,722],[690,261]],[[50364,50133],[320,104]],[[50684,50237],[728,-240]],[[51412,49997],[-210,-506],[-635,-703],[-203,-671]],[[51412,49997],[743,-299]],[[52155,49698],[-327,-678],[-453,-314],[-8,-465]],[[52155,49698],[408,74],[387,369]],[[52950,50141],[424,179]],[[53374,50320],[-77,-299]],[[53374,50320],[739,576]],[[54113,50896],[217,-144]],[[54330,50752],[132,-385],[528,-152]],[[54330,50752],[527,895],[429,275]],[[55286,51922],[336,-744]],[[55622,51178],[160,-557],[891,-73]],[[52950,50141],[-570,405],[202,1074]],[[52582,51620],[118,208]],[[52700,51828],[457,295]],[[53157,52123],[838,-549],[118,-678]],[[65276,50200],[231,-392]],[[64455,48553],[-860,167]],[[63595,48720],[-50,937],[-224,130]],[[63321,49787],[51,437]],[[63372,50224],[1179,-80],[725,56]],[[63595,48720],[-73,-167],[-771,271]],[[62619,49014],[341,179],[-164,560],[525,34]],[[61199,49759],[348,757]],[[61547,50516],[130,-1]],[[61677,50515],[639,-303],[610,-52],[216,313]],[[63142,50473],[230,-249]],[[61677,50515],[509,532]],[[62186,51047],[604,-181],[352,-393]],[[60667,50205],[-81,409]],[[60586,50614],[579,133],[382,-231]],[[60110,50541],[476,73]],[[60071,50607],[-142,711],[-237,278]],[[59692,51596],[-411,864],[394,565]],[[59675,53025],[187,-262],[1391,-968],[195,-322],[414,29]],[[61862,51502],[324,-455]],[[56971,50667],[-231,556],[285,411],[798,211]],[[57823,51845],[301,-370],[1150,-379],[351,124],[67,376]],[[57823,51845],[-182,266]],[[57641,52111],[71,332]],[[57712,52443],[1980,-847]],[[55622,51178],[271,290],[470,13],[464,273],[286,614]],[[57113,52368],[528,-257]],[[55286,51922],[-137,282]],[[55149,52204],[439,461]],[[55588,52665],[567,-153],[717,199],[241,-343]],[[53157,52123],[290,427]],[[53447,52550],[162,-180],[841,210]],[[54450,52580],[699,-376]],[[50684,50237],[131,930]],[[50815,51167],[439,296],[681,77]],[[51935,51540],[647,80]],[[50364,50133],[-378,433],[13,859]],[[49999,51425],[816,-258]],[[47631,50947],[244,522],[-200,254],[26,712],[-191,179]],[[47510,52614],[343,312],[499,12],[333,248]],[[48685,53186],[999,-1172]],[[49684,52014],[239,-317]],[[49923,51697],[76,-272]],[[49923,51697],[264,235],[218,687],[-35,567]],[[50370,53186],[528,-266]],[[50898,52920],[-306,-1105],[199,-297],[507,589],[164,-566],[473,-1]],[[49684,52014],[170,972]],[[49854,52986],[516,200]],[[48685,53186],[751,73]],[[49436,53259],[418,-273]],[[50898,52920],[237,243]],[[51135,53163],[832,44]],[[51967,53207],[733,-1379]],[[51967,53207],[637,298],[152,418],[339,-51]],[[53095,53872],[-79,-502],[431,-820]],[[53095,53872],[111,383]],[[53206,54255],[742,-433]],[[53948,53822],[203,-62]],[[54151,53760],[-178,-547],[-526,-663]],[[54151,53760],[589,-112]],[[54740,53648],[158,-590],[-448,-478]],[[54740,53648],[758,481],[115,633]],[[55613,54762],[292,17]],[[55905,54779],[254,-168]],[[56159,54611],[-454,-968],[185,-398]],[[55890,53245],[-39,-63]],[[55851,53182],[-263,-517]],[[55851,53182],[509,-273],[685,78],[330,-217]],[[57375,52770],[337,-327]],[[55890,53245],[436,421],[755,67]],[[57081,53733],[510,-261]],[[57591,53472],[196,-304],[-412,-398]],[[56159,54611],[858,288]],[[57017,54899],[258,-1003],[-194,-163]],[[57017,54899],[289,143]],[[57306,55042],[288,-67]],[[57594,54975],[-29,-368],[313,-576],[-287,-559]],[[59768,53168],[-93,-143]],[[59675,53025],[-978,-179],[-228,83],[366,926],[563,-217],[370,-470]],[[57594,54975],[351,199]],[[57945,55174],[1609,-408]],[[59554,54766],[215,-224]],[[59769,54542],[74,-424],[1261,-147]],[[61104,53971],[-31,-211]],[[61073,53760],[-948,-274],[-357,-318]],[[59554,54766],[-32,620],[424,19],[186,-515],[-363,-348]],[[61073,53760],[107,-350],[748,-325]],[[61928,53085],[179,-256]],[[62107,52829],[-97,-1176]],[[62010,51653],[-148,-151]],[[62107,52829],[385,270],[938,-343],[38,-688]],[[63468,52068],[-1212,-748]],[[62256,51320],[-246,333]],[[63468,52068],[759,-320]],[[64227,51748],[-22,-221]],[[64205,51527],[-368,-538],[-663,-425],[-241,415],[-677,341]],[[64205,51527],[501,-39],[386,501]],[[65092,51989],[260,-35],[85,-921],[151,-116]],[[65588,50917],[-312,-717]],[[64227,51748],[155,288],[710,-47]],[[66010,50840],[595,-881]],[[65588,50917],[422,-77]],[[64373,53663],[689,-86],[754,798]],[[65816,54375],[309,-120]],[[66125,54255],[81,-918]],[[66206,53337],[-308,-296]],[[65898,53041],[-758,397],[-767,225]],[[64373,53663],[-657,315],[126,615]],[[63842,54593],[630,352]],[[64472,54945],[323,-57]],[[64795,54888],[513,-136],[508,-377]],[[63842,54593],[-233,176],[-705,-18]],[[62904,54751],[146,317]],[[63050,55068],[33,275],[700,534]],[[63783,55877],[632,-35]],[[64415,55842],[233,-166]],[[64648,55676],[-176,-731]],[[63050,55068],[-918,147],[-378,359]],[[61754,55574],[448,536],[-116,318]],[[62086,56428],[1520,-398]],[[63606,56030],[177,-153]],[[62904,54751],[-336,-918]],[[62568,53833],[-923,722]],[[61645,54555],[-120,448],[229,571]],[[62568,53833],[-640,-748]],[[61104,53971],[-212,209],[143,650],[610,-275]],[[64795,54888],[340,350]],[[65135,55238],[365,172],[535,-106],[1300,136]],[[67335,55440],[-306,-634]],[[67029,54806],[-904,-551]],[[69002,56932],[-315,-455],[1051,-1135]],[[69108,54744],[-639,360],[31,460],[-293,317]],[[68207,55881],[329,417],[-706,156]],[[67830,56454],[386,285],[-135,258]],[[68081,56997],[921,-65]],[[69968,56404],[-46,-711]],[[69002,56932],[35,259]],[[69037,57191],[235,360]],[[69272,57551],[281,-42],[86,-702],[329,-403]],[[69968,56404],[89,286],[669,541]],[[70726,57231],[439,-167]],[[70726,57231],[163,539]],[[70889,57770],[80,197]],[[70969,57967],[719,-538]],[[70969,57967],[267,319],[-229,229]],[[71007,58515],[225,140]],[[71232,58655],[421,106]],[[70889,57770],[-63,602]],[[70826,58372],[181,143]],[[71232,58655],[-483,360]],[[70749,59015],[287,307]],[[70826,58372],[-368,36]],[[70458,58408],[-91,65]],[[70367,58473],[155,591],[227,-49]],[[70367,58473],[-61,51]],[[70306,58524],[-432,426]],[[69874,58950],[101,736]],[[69975,59686],[35,23]],[[70010,59709],[840,89]],[[70010,59709],[464,529]],[[69272,57551],[262,226]],[[69534,57777],[562,-84],[730,679]],[[69534,57777],[-241,419]],[[69293,58196],[132,244]],[[69425,58440],[1033,-32]],[[69425,58440],[-794,317]],[[68631,58757],[25,93]],[[68656,58850],[1267,-351],[383,25]],[[68656,58850],[177,210]],[[68833,59060],[238,166]],[[69071,59226],[803,-276]],[[69071,59226],[440,650]],[[69511,59876],[464,-190]],[[69037,57191],[-1093,240]],[[67944,57431],[-181,457],[735,138]],[[68498,58026],[795,170]],[[68081,56997],[-537,-37]],[[67544,56960],[400,471]],[[68207,55881],[-645,64]],[[67562,55945],[268,509]],[[67562,55945],[-222,-393]],[[67340,55552],[-307,749]],[[67033,56301],[397,599]],[[67430,56900],[114,60]],[[67340,55552],[-5,-112]],[[65135,55238],[261,550],[496,344]],[[65892,56132],[412,146]],[[66304,56278],[729,23]],[[64648,55676],[542,436],[-653,220]],[[64537,56332],[201,209]],[[64738,56541],[687,-240]],[[65425,56301],[467,-169]],[[64415,55842],[122,490]],[[63606,56030],[231,406]],[[63837,56436],[433,446]],[[64270,56882],[468,-341]],[[63552,57291],[285,-855]],[[62086,56428],[-547,311],[-213,1037]],[[61470,57813],[677,-351],[629,95],[776,-266]],[[63831,57764],[-279,-473]],[[62122,58423],[347,-216],[1362,-443]],[[62852,58771],[2374,-751]],[[65226,58020],[-190,-591]],[[65036,57429],[-1205,335]],[[63439,59318],[1189,-117],[944,-666]],[[65572,58535],[-72,-227]],[[65500,58308],[-274,-288]],[[66660,60037],[78,-388]],[[66738,59649],[-169,16],[-677,-755]],[[65892,58910],[-320,-375]],[[65013,60083],[942,140],[705,-186]],[[65036,57429],[-170,-304],[-596,-243]],[[65036,57429],[677,78],[151,-412]],[[65864,57095],[-510,-145],[229,-306]],[[65583,56644],[-158,-343]],[[65583,56644],[219,-35]],[[65802,56609],[502,-331]],[[65802,56609],[347,281]],[[66149,56890],[884,-589]],[[65864,57095],[285,-205]],[[66149,56890],[552,348],[729,-338]],[[66149,56890],[-58,512],[749,247],[512,-111],[82,489]],[[67434,58027],[139,-451],[371,-145]],[[67434,58027],[-231,175],[116,620]],[[67319,58822],[237,254],[-242,431]],[[67314,59507],[466,-150]],[[67780,59357],[-133,-289]],[[67647,59068],[97,-518],[754,-524]],[[65500,58308],[433,0],[359,364]],[[66292,58672],[669,222]],[[66961,58894],[358,-72]],[[65892,58910],[400,-238]],[[66738,59649],[201,-62]],[[66939,59587],[22,-693]],[[66939,59587],[375,-80]],[[67647,59068],[531,-198]],[[68178,58870],[453,-113]],[[68178,58870],[130,486]],[[68308,59356],[525,-296]],[[67780,59357],[207,227]],[[67987,59584],[290,-91]],[[68277,59493],[31,-137]],[[67987,59584],[110,281]],[[68097,59865],[538,-100]],[[68635,59765],[-358,-272]],[[68635,59765],[523,508]],[[69158,60273],[353,-397]],[[69716,61238],[-322,-412]],[[69394,60826],[-711,67],[-365,-253]],[[68318,60640],[-302,602]],[[68016,61242],[377,105],[291,403]],[[68318,60640],[-514,-228]],[[67804,60412],[-1039,-300]],[[66765,60112],[-592,434]],[[66173,60546],[452,839]],[[66625,61385],[346,-118]],[[66971,61267],[1045,-25]],[[67804,60412],[30,-573],[263,26]],[[66660,60037],[105,75]],[[69394,60826],[-129,-309]],[[69265,60517],[-107,-244]],[[66971,61267],[242,442],[-131,285]],[[67082,61994],[881,-143]],[[67082,61994],[-444,78]],[[66638,62072],[437,779]],[[66638,62072],[-127,650]],[[66638,62072],[-608,-307],[-212,-651]],[[65818,61114],[-253,-27],[-399,487],[-617,132]],[[65818,61114],[667,277]],[[66485,61391],[-357,-512],[-558,-97],[32,-379],[571,143]],[[66638,62072],[-153,-681]],[[66625,61385],[-140,6]],[[58055,57222],[-345,-472]],[[57710,56750],[-1106,-205]],[[56604,56545],[-596,-49]],[[56008,56496],[-424,1233]],[[55584,57729],[130,383]],[[55714,58112],[443,28],[293,461]],[[56450,58601],[498,18]],[[56948,58619],[287,208],[1002,145]],[[58237,58972],[-531,-1043],[349,-707]],[[56604,56545],[284,-353],[707,267]],[[57595,56459],[181,-210],[-14,-708],[183,-367]],[[57306,55042],[-502,541]],[[56804,55583],[-160,537],[-636,376]],[[57710,56750],[-115,-291]],[[55905,54779],[-81,611],[218,340]],[[56042,55730],[762,-147]],[[56042,55730],[-154,348],[-542,233],[-426,-66]],[[54920,56245],[-203,377]],[[54717,56622],[29,386],[551,-31],[287,752]],[[55613,54762],[-371,226]],[[55242,54988],[-277,518],[-45,739]],[[55242,54988],[-655,183]],[[54587,55171],[-596,143],[-361,507]],[[53630,55821],[285,565]],[[53915,56386],[771,227]],[[54686,56613],[31,9]],[[53630,55821],[-460,187]],[[53170,56008],[-62,566],[581,368]],[[53689,56942],[312,-211],[-86,-345]],[[53170,56008],[-247,-100]],[[52923,55908],[-170,681],[172,675]],[[52925,57264],[764,-322]],[[52923,55908],[-112,-41]],[[52811,55867],[-885,209],[-417,-98]],[[51509,55978],[205,720],[-158,44]],[[51556,56742],[145,316],[1156,406]],[[52857,57464],[68,-200]],[[52811,55867],[-303,-864]],[[52508,55003],[-857,144],[-217,322],[-437,96]],[[50997,55565],[512,413]],[[53170,56008],[634,-818],[-598,-935]],[[53206,54255],[-698,748]],[[54587,55171],[-177,-176],[232,-565],[-543,-301],[-151,-307]],[[51135,53163],[205,490],[1079,1118],[89,232]],[[49436,53259],[389,678],[-274,802]],[[49551,54739],[148,673],[317,289]],[[50016,55701],[344,130]],[[50360,55831],[637,-266]],[[47510,52614],[-148,19]],[[47362,52633],[-323,799]],[[47039,53432],[705,344],[-102,1338]],[[47642,55114],[545,585]],[[48187,55699],[993,44]],[[49180,55743],[-170,-582],[541,-422]],[[47039,53432],[216,1672],[387,10]],[[47362,52633],[-147,17]],[[47215,52650],[-1115,-258]],[[46100,52392],[-366,-15]],[[45734,52377],[-44,368],[843,623]],[[46533,53368],[506,64]],[[47215,52650],[-387,-1336]],[[46828,51314],[-358,159]],[[46470,51473],[-370,919]],[[47359,51027],[-531,287]],[[46470,51473],[-382,363],[-688,296]],[[45400,52132],[334,245]],[[45838,49602],[-1206,261],[-50,-827]],[[43760,48143],[-130,445]],[[43630,48588],[-13,901],[223,668]],[[43840,50157],[-145,974],[-670,116]],[[43025,51247],[407,464]],[[43432,51711],[563,-47],[906,204],[499,264]],[[43552,47499],[-973,578],[-656,14]],[[41923,48091],[286,553]],[[42209,48644],[496,68],[44,639],[533,-611],[348,-152]],[[42026,46190],[81,587],[-283,363]],[[41824,47140],[-228,700]],[[41596,47840],[327,251]],[[41596,47840],[-646,514]],[[40950,48354],[169,395]],[[41119,48749],[869,142],[221,-247]],[[40950,48354],[-661,214],[-392,-197],[-677,742]],[[39220,49113],[621,415]],[[39841,49528],[1366,-644]],[[41207,48884],[-88,-135]],[[39841,49528],[308,427]],[[40149,49955],[241,-122]],[[40390,49833],[1144,-396],[-327,-553]],[[40390,49833],[324,511],[394,-66],[391,462],[443,83],[-92,380],[309,90]],[[42159,51293],[370,-808],[760,-406],[551,78]],[[42159,51293],[866,-46]],[[42159,51293],[-160,702],[216,609]],[[42215,52604],[29,42]],[[42244,52646],[339,164]],[[42583,52810],[812,-427],[37,-672]],[[40149,49955],[-307,474]],[[39842,50429],[0,589],[425,1187]],[[40267,52205],[226,712],[723,-307]],[[41216,52610],[402,-261],[597,255]],[[41216,52610],[194,315]],[[41410,52925],[207,132],[627,-411]],[[40267,52205],[-901,611]],[[39366,52816],[-234,891]],[[39132,53707],[621,14],[410,673]],[[40163,54394],[246,-339],[347,37]],[[40756,54092],[-90,-139],[820,-292]],[[41486,53661],[-76,-736]],[[41486,53661],[628,-283],[469,-568]],[[42583,52810],[-83,281],[328,473]],[[42828,53564],[0,461]],[[42828,54025],[294,84]],[[43122,54109],[1235,-232],[730,-295]],[[45087,53582],[-38,-547],[351,-903]],[[45087,53582],[292,798]],[[45379,54380],[1054,-198]],[[46433,54182],[209,42],[-109,-856]],[[40212,54975],[43,-231]],[[40255,54744],[-92,-350]],[[39132,53707],[-497,298],[-452,24]],[[39787,55080],[425,-105]],[[40255,54744],[561,-388]],[[40816,54356],[-60,-264]],[[40212,54975],[178,107],[724,-281]],[[41114,54801],[-298,-445]],[[41114,54801],[421,311],[95,-331]],[[41630,54781],[279,-972],[919,-245]],[[41630,54781],[704,-130],[494,-626]],[[43122,54109],[20,591]],[[43142,54700],[239,244]],[[43381,54944],[432,-78],[487,252],[710,-130],[376,-361]],[[45386,54627],[-7,-247]],[[43381,54944],[-123,320],[307,348]],[[43565,55612],[239,382],[-139,435]],[[43665,56429],[173,462]],[[43838,56891],[469,272]],[[44307,57163],[816,-63]],[[45123,57100],[486,-525]],[[45609,56575],[11,-481]],[[45620,56094],[56,-861],[-290,-606]],[[43142,54700],[-273,55],[-380,546],[24,744]],[[42513,56045],[84,98]],[[42597,56143],[968,-531]],[[42597,56143],[425,539]],[[43022,56682],[643,-253]],[[43022,56682],[-34,298]],[[42988,56980],[133,260],[600,-197]],[[43721,57043],[117,-152]],[[43721,57043],[-74,483]],[[43647,57526],[429,297],[576,-326]],[[44652,57497],[-345,-334]],[[42988,56980],[-239,335]],[[42749,57315],[119,192],[-232,939]],[[42636,58446],[308,241],[459,-499]],[[43403,58188],[244,-662]],[[43403,58188],[258,495],[-291,-39],[-252,503],[261,565],[973,341]],[[44352,60053],[228,168]],[[44580,60221],[774,-391]],[[45354,59830],[76,-669]],[[45430,59161],[-425,-574],[-87,-687],[-266,-403]],[[45430,59161],[872,-85]],[[46302,59076],[-966,-1881],[-213,-95]],[[46302,59076],[176,-45]],[[46478,59031],[637,152]],[[47115,59183],[-125,-609],[202,-96]],[[47192,58478],[-858,-758],[-329,-624]],[[46005,57096],[-396,-521]],[[46005,57096],[741,198],[442,-106]],[[47188,57188],[123,-36]],[[47311,57152],[-42,-466],[302,-606]],[[47571,56080],[-115,-236]],[[47456,55844],[-849,-453]],[[46607,55391],[-179,583],[-808,120]],[[46607,55391],[-287,-829],[113,-380]],[[47456,55844],[731,-145]],[[47571,56080],[829,302]],[[48400,56382],[607,221],[656,-58]],[[49663,56545],[-424,-310],[-59,-492]],[[49180,55743],[836,-42]],[[49663,56545],[101,788]],[[49764,57333],[789,132],[437,-172],[-53,-391],[300,-52]],[[51237,56850],[-655,-472],[-222,-547]],[[51237,56850],[319,-108]],[[49541,57701],[-72,565],[164,451]],[[49633,58717],[1086,-208]],[[50719,58509],[-412,-808],[-499,-166]],[[49808,57535],[-267,166]],[[48400,56382],[215,416],[-24,802]],[[48591,57600],[950,101]],[[49808,57535],[-44,-202]],[[47311,57152],[572,-13],[609,637]],[[48492,57776],[99,-176]],[[47192,58478],[602,353]],[[47794,58831],[171,-154]],[[47965,58677],[-411,-957],[-366,-532]],[[47965,58677],[513,110],[232,-193]],[[48710,58594],[-218,-818]],[[48710,58594],[206,232]],[[48916,58826],[717,-109]],[[50719,58509],[344,78],[481,893],[-337,554]],[[51207,60034],[280,126],[625,-495]],[[52112,59665],[498,-11]],[[52610,59654],[6,-58]],[[52616,59596],[541,-687],[-13,-286]],[[53144,58623],[-287,-1159]],[[53144,58623],[878,-312],[393,140]],[[54415,58451],[352,-264]],[[54767,58187],[-383,-741],[-46,-543],[348,-290]],[[54767,58187],[787,161],[160,-236]],[[54415,58451],[-35,213]],[[54380,58664],[324,26],[194,490],[655,20]],[[55553,59200],[897,-599]],[[54380,58664],[-348,701],[-325,-268],[-168,477],[-299,-150],[-624,172]],[[52610,59654],[717,286],[3,496]],[[53330,60436],[528,303]],[[53858,60739],[938,-396],[204,-571],[539,-289]],[[55539,59483],[14,-283]],[[52112,59665],[-101,520],[504,856]],[[52515,61041],[310,-31]],[[52825,61010],[505,-574]],[[51207,60034],[-174,232]],[[51033,60266],[160,416]],[[51193,60682],[14,500]],[[51207,61182],[303,-332],[1005,191]],[[51207,61182],[180,629]],[[51387,61811],[656,-99],[580,-291],[521,-39]],[[53144,61382],[-319,-372]],[[53144,61382],[400,-256],[317,412]],[[53861,61538],[-3,-799]],[[53861,61538],[605,114]],[[54466,61652],[509,-123]],[[54975,61529],[-157,-717],[399,-486],[322,-843]],[[56251,59657],[702,581]],[[56953,60238],[135,-335],[-325,-263],[306,-354],[-510,-348]],[[56559,58938],[-308,719]],[[57314,60681],[-361,-443]],[[56251,59657],[-313,594],[-197,-94],[-110,1036]],[[52797,63116],[-308,-759],[-544,170],[-1185,46]],[[50760,62573],[-119,889]],[[50760,62573],[-1021,326]],[[49739,62899],[-646,164],[-18,247]],[[49075,63310],[656,614]],[[50760,62573],[41,-619]],[[50801,61954],[-204,-278]],[[50597,61676],[-159,-268]],[[50438,61408],[-813,-54]],[[49625,61354],[-225,336]],[[49400,61690],[-137,289]],[[49263,61979],[476,920]],[[50801,61954],[586,-143]],[[51193,60682],[-353,-13],[-273,385]],[[50567,61054],[310,371],[-280,251]],[[50567,61054],[-129,354]],[[51033,60266],[-607,-160],[-68,-385]],[[50358,59721],[-1138,-14]],[[49220,59707],[176,936]],[[49396,60643],[600,138],[-371,573]],[[49633,58717],[725,1004]],[[48916,58826],[104,494],[-261,117]],[[48759,59437],[461,270]],[[47794,58831],[530,843]],[[48324,59674],[435,-237]],[[48324,59674],[-324,127]],[[48000,59801],[262,276]],[[48262,60077],[239,266],[895,300]],[[47115,59183],[612,123],[273,495]],[[46478,59031],[374,676]],[[46852,59707],[447,327],[71,576]],[[47370,60610],[353,101]],[[47723,60711],[-97,-355],[636,-279]],[[47723,60711],[432,189],[-374,799]],[[47781,61699],[1619,-9]],[[47723,60711],[-450,1090]],[[47273,61801],[508,-102]],[[47370,60610],[-659,378]],[[46711,60988],[-149,454]],[[46562,61442],[284,53],[20,423]],[[46866,61918],[407,-117]],[[45354,59830],[1120,348]],[[46474,60178],[378,-471]],[[46474,60178],[-90,505]],[[46384,60683],[327,305]],[[44580,60221],[12,770]],[[44592,60991],[496,-215],[519,182]],[[45607,60958],[777,-275]],[[46936,62450],[-70,-532]],[[46562,61442],[-289,388],[-550,289],[-38,250],[646,260]],[[46331,62629],[605,-179]],[[48451,62684],[309,-59],[503,-646]],[[46936,62450],[618,-109],[464,452],[433,-109]],[[48343,63601],[250,-278],[-142,-639]],[[46331,62629],[-101,217]],[[46230,62846],[343,865]],[[45607,60958],[-319,671],[74,514]],[[45362,62143],[323,447],[545,256]],[[44592,60991],[-573,-85],[-219,216]],[[43800,61122],[294,1059]],[[44094,62181],[673,405]],[[44767,62586],[595,-443]],[[44767,62586],[156,233]],[[44923,62819],[694,384]],[[45617,63203],[226,-21],[458,575]],[[44352,60053],[-1013,286],[361,340],[-245,242]],[[43455,60921],[345,201]],[[43455,60921],[-812,-362],[-710,420]],[[41933,60979],[386,464],[598,379],[146,329]],[[43063,62151],[1031,30]],[[41933,60979],[-301,-218]],[[41632,60761],[-226,737]],[[41406,61498],[108,510]],[[41514,62008],[1073,1409]],[[42587,63417],[350,-157]],[[42937,63260],[326,-654],[-200,-455]],[[43231,63791],[-294,-531]],[[42587,63417],[-1099,539]],[[39901,63515],[-337,-193],[-62,-734]],[[39502,62588],[-349,-483]],[[39153,62105],[-394,-2],[-637,315]],[[39502,62588],[686,-537]],[[40188,62051],[109,-450],[443,52]],[[40740,61653],[-86,-819]],[[40654,60834],[-836,-95]],[[39818,60739],[-362,277]],[[39456,61016],[-303,1089]],[[40188,62051],[622,307]],[[40810,62358],[704,-350]],[[41406,61498],[-666,155]],[[41632,60761],[-160,-242]],[[41472,60519],[-554,-47],[-264,362]],[[41472,60519],[179,-667]],[[41651,59852],[-909,669],[-966,-475]],[[39776,60046],[42,693]],[[39776,60046],[120,-729],[-178,-463]],[[38664,59183],[72,604],[362,560],[678,-301]],[[41651,59852],[-438,-471],[-210,-685],[154,-254]],[[51719,43387],[21,-680]],[[64529,44427],[-260,-183],[-307,-946],[268,-278]],[[63361,47065],[1104,-26]],[[66010,50840],[29,789],[593,-177],[756,-439]],[[67325,51692],[-678,-116],[-746,868],[-3,597]],[[66206,53337],[489,-116],[834,-574]],[[67029,54806],[306,-301],[740,-339]],[[69265,60517],[772,-174]],[[58055,57222],[1146,213],[93,457],[378,123],[-20,476]],[[58237,58972],[837,-99]],[[55602,61399],[-627,130]],[[54466,61652],[69,570]],[[49075,63310],[-456,423]],[[45617,63203],[297,450],[-169,360],[346,221]],[[44923,62819],[-146,562],[-633,373]],[[40810,62358],[160,612],[-178,247]],[[39456,61016],[-1046,221],[-391,325]],[[42636,58446],[-585,-273]],[[42749,57315],[-747,-178],[-460,287]],[[42513,56045],[-989,105]],[[39366,52816],[-467,-418],[-445,10]],[[39842,50429],[-758,358]],[[39220,49113],[-530,147]],[[41824,47140],[-434,105],[-533,-293],[-296,-453],[308,-452]],[[56559,58938],[389,-319]],[[54230,12850],[285,-448]],[[54515,12402],[-201,-445],[776,-437],[54,-369],[447,40]],[[55591,11191],[403,-389]],[[55994,10802],[742,-510]],[[56736,10292],[120,-545]],[[56856,9747],[417,-1203],[444,-88],[534,430]],[[58251,8886],[535,-468],[74,-458]],[[58860,7960],[-132,-183]],[[58728,7777],[-825,-233],[128,-229]],[[58031,7315],[286,-807]],[[58317,6508],[-1437,-426],[-1538,50],[-87,-262],[-987,-361],[-457,-40],[-673,-332],[-644,43],[-1033,313]],[[51219,12879],[723,136]],[[51942,13015],[290,-291],[768,-191],[223,-229],[298,760]],[[53521,13064],[709,-214]],[[58550,7468],[562,-455],[507,9]],[[59619,7022],[383,33],[668,-299]],[[60670,6756],[331,-484]],[[61001,6272],[-197,-221],[-949,-99],[-887,462],[-651,94]],[[58031,7315],[519,153]],[[58728,7777],[-178,-309]],[[58860,7960],[269,155]],[[59129,8115],[137,-157]],[[59266,7958],[274,-344]],[[59540,7614],[79,-592]],[[59540,7614],[366,105],[263,593]],[[60169,8312],[929,-508]],[[61098,7804],[-47,-506],[-381,-542]],[[60169,8312],[-56,564]],[[60113,8876],[474,370]],[[60587,9246],[468,-291],[302,143]],[[61357,9098],[283,-255]],[[61640,8843],[-168,-652],[-374,-387]],[[59266,7958],[628,771]],[[59894,8729],[219,147]],[[59129,8115],[406,375],[-81,375]],[[59454,8865],[440,-136]],[[58251,8886],[621,-34]],[[58872,8852],[582,13]],[[58872,8852],[81,770]],[[58953,9622],[273,5],[162,542]],[[59388,10169],[413,-268]],[[59801,9901],[330,-86]],[[60131,9815],[456,-569]],[[58251,8886],[37,821]],[[58288,9707],[252,246]],[[58540,9953],[413,-331]],[[56856,9747],[41,6]],[[56897,9753],[1391,-46]],[[54515,12402],[349,113]],[[54864,12515],[246,-300],[514,19]],[[55624,12234],[288,-725]],[[55912,11509],[-321,-318]],[[55912,11509],[204,-94]],[[56116,11415],[184,-127]],[[56300,11288],[-306,-486]],[[56300,11288],[652,1]],[[56952,11289],[246,-88]],[[57198,11201],[-462,-909]],[[57198,11201],[344,101]],[[57542,11302],[302,-424]],[[57844,10878],[-70,-271],[-681,-389],[-196,-465]],[[57844,10878],[328,170],[573,-476]],[[58745,10572],[-205,-619]],[[58745,10572],[775,152]],[[59520,10724],[-132,-555]],[[59520,10724],[399,-6]],[[59919,10718],[-118,-817]],[[59919,10718],[-36,358]],[[59883,11076],[257,235]],[[60140,11311],[674,-605]],[[60814,10706],[-142,-378]],[[60672,10328],[-541,-513]],[[58745,10572],[179,624]],[[58924,11196],[275,135]],[[59199,11331],[684,-255]],[[57542,11302],[352,494]],[[57894,11796],[302,-115]],[[58196,11681],[589,-429]],[[58785,11252],[139,-56]],[[56952,11289],[-192,347],[426,-18],[-96,690]],[[57090,12308],[304,-43]],[[57394,12265],[500,-469]],[[56116,11415],[347,629],[-89,875]],[[56374,12919],[366,-69]],[[56740,12850],[-69,-414],[419,-128]],[[55624,12234],[329,939]],[[55953,13173],[421,-254]],[[54864,12515],[19,609]],[[54883,13124],[1000,97]],[[55883,13221],[70,-48]],[[54230,12850],[560,357]],[[54790,13207],[93,-83]],[[53521,13064],[187,395],[516,44],[566,-296]],[[51942,13015],[586,915]],[[52528,13930],[556,-270],[549,643]],[[53633,14303],[329,277],[878,268]],[[54840,14848],[190,-1105],[-240,-536]],[[52364,14038],[164,-108]],[[51767,14043],[597,-5]],[[51285,15313],[559,23]],[[51844,15336],[400,-277]],[[52244,15059],[-190,-202],[310,-819]],[[49595,15811],[556,-462],[1134,-36]],[[52244,15059],[1389,-756]],[[51844,15336],[588,1373],[847,222]],[[53279,16931],[475,101],[204,-842],[427,184]],[[54385,16374],[455,-1526]],[[54840,14848],[658,-460],[306,29]],[[55804,14417],[79,-1196]],[[54385,16374],[340,94],[756,-163]],[[55481,16305],[813,194],[371,-109]],[[56665,16390],[-706,-383],[-69,-426]],[[55890,15581],[-174,-338],[88,-826]],[[56665,16390],[297,-148]],[[56962,16242],[-38,-798]],[[56924,15444],[-1034,137]],[[56924,15444],[113,-19]],[[57037,15425],[-402,-585],[223,-305],[830,-362]],[[57688,14173],[-359,-881]],[[57329,13292],[-644,77],[55,-519]],[[57329,13292],[267,-161],[1031,-148]],[[58627,12983],[93,-82]],[[58720,12901],[-627,-491],[-699,-145]],[[57688,14173],[533,-147]],[[58221,14026],[586,-818]],[[58807,13208],[-180,-225]],[[58221,14026],[118,526],[307,242]],[[58646,14794],[850,-186]],[[59496,14608],[-345,-1037]],[[59151,13571],[-344,-363]],[[57037,15425],[277,228],[486,-54]],[[57800,15599],[746,-175]],[[58546,15424],[100,-630]],[[58546,15424],[641,955]],[[59187,16379],[1223,-805]],[[60410,15574],[-567,-427]],[[59843,15147],[-196,-100]],[[59647,15047],[-151,-439]],[[57800,15599],[408,409],[91,475]],[[58299,16483],[359,0]],[[58658,16483],[529,-104]],[[56962,16242],[780,412],[557,-171]],[[55481,16305],[181,943]],[[55662,17248],[493,1079]],[[56155,18327],[782,-150]],[[56937,18177],[950,-574]],[[57887,17603],[700,-522]],[[58587,17081],[71,-598]],[[58587,17081],[116,3]],[[58703,17084],[417,-145],[458,156]],[[59578,17095],[1351,-626],[190,-617]],[[61119,15852],[-709,-278]],[[58703,17084],[399,1038]],[[59102,18122],[433,-189]],[[59535,17933],[43,-838]],[[59535,17933],[373,632]],[[59908,18565],[976,-375]],[[60884,18190],[248,-848],[542,-747]],[[61674,16595],[-280,-629],[-275,-114]],[[60884,18190],[394,705]],[[61278,18895],[1030,-191],[623,-501]],[[62931,18203],[-12,-875],[-160,-232],[-919,-562]],[[61840,16534],[-166,61]],[[59908,18565],[383,1121]],[[60291,19686],[1089,-10],[279,-159]],[[61659,19517],[-381,-622]],[[59102,18122],[697,1533]],[[59799,19655],[492,31]],[[57887,17603],[321,1173]],[[58208,18776],[662,482],[274,407]],[[59144,19665],[655,-10]],[[58208,18776],[-769,548]],[[57439,19324],[803,745]],[[58242,20069],[902,-404]],[[57439,19324],[-902,485]],[[56537,19809],[744,593],[303,606]],[[57584,21008],[459,-184],[199,-755]],[[57439,19324],[-97,-908],[-405,-239]],[[56155,18327],[-236,165]],[[55919,18492],[332,1116]],[[56251,19608],[286,201]],[[55662,17248],[-236,209],[-588,1],[-636,398]],[[54202,17856],[460,922]],[[54662,18778],[1178,-378],[79,92]],[[53279,16931],[-797,399]],[[52482,17330],[332,127],[312,1507]],[[53126,18964],[904,-121]],[[54030,18843],[172,-987]],[[53126,18964],[-41,382]],[[53085,19346],[265,488],[67,780]],[[53417,20614],[1310,-338]],[[54727,20276],[-449,-719],[160,-224]],[[54438,19333],[-408,-490]],[[54438,19333],[343,-200]],[[54781,19133],[-119,-355]],[[54781,19133],[389,596]],[[55170,19729],[605,-31]],[[55775,19698],[476,-90]],[[54727,20276],[461,-229],[-18,-318]],[[54727,20276],[-67,859],[-791,545]],[[53869,21680],[686,585]],[[54555,22265],[1062,-555]],[[55617,21710],[-116,-756],[496,-458],[-222,-798]],[[55617,21710],[797,-166]],[[56414,21544],[801,-215],[369,-321]],[[56414,21544],[313,725]],[[56727,22269],[378,-15],[1109,-558]],[[58214,21696],[-630,-688]],[[55617,21710],[-56,366],[424,493]],[[55985,22569],[339,10]],[[56324,22579],[403,-310]],[[54555,22265],[376,572]],[[54931,22837],[680,46],[374,-314]],[[56324,22579],[416,464]],[[56740,23043],[1438,-640],[36,-707]],[[59957,22166],[15,311],[374,-88],[-389,-223]],[[61659,19517],[1215,232]],[[62874,19749],[532,-828]],[[63406,18921],[-475,-718]],[[62874,19749],[780,1206]],[[63654,20955],[886,-320]],[[64540,20635],[360,-917]],[[64900,19718],[-110,-686],[-463,-232],[-921,121]],[[64900,19718],[470,66]],[[65370,19784],[227,-344],[295,-1112]],[[65892,18328],[-628,-930]],[[65264,17398],[-892,135],[-135,-412],[-489,-367]],[[63748,16754],[-316,471],[19,403],[-520,575]],[[63748,16754],[-177,-473]],[[63571,16281],[-789,-225]],[[62782,16056],[-522,113],[-420,365]],[[62782,16056],[-912,-1064]],[[61870,14992],[-533,346],[-218,514]],[[61870,14992],[-245,-538]],[[61625,14454],[-373,2],[-763,440],[-79,678]],[[61625,14454],[-265,-403]],[[61360,14051],[-208,-69]],[[61152,13982],[-427,230]],[[60725,14212],[-548,227],[-334,708]],[[60725,14212],[-191,-366]],[[60534,13846],[-270,-576],[-714,328]],[[59550,13598],[428,154],[52,634],[-383,661]],[[59550,13598],[-399,-27]],[[60534,13846],[492,-101],[126,237]],[[61360,14051],[1016,-425]],[[62376,13626],[78,-69]],[[62454,13557],[26,-263]],[[62480,13294],[-706,-368],[-188,-474]],[[61586,12452],[-537,91]],[[61049,12543],[-616,125]],[[60433,12668],[-306,266],[-801,-53]],[[59326,12881],[-606,20]],[[59326,12881],[-13,-155]],[[59313,12726],[-183,-263]],[[59130,12463],[-259,-349],[-675,-433]],[[59130,12463],[411,-257]],[[59541,12206],[-756,-954]],[[59313,12726],[378,-322]],[[59691,12404],[-150,-198]],[[60433,12668],[-192,-598]],[[60241,12070],[-205,18]],[[60036,12088],[-345,316]],[[60036,12088],[-495,118]],[[60241,12070],[297,128],[282,-319]],[[60820,11879],[-680,-568]],[[60140,11311],[-597,300],[-344,-280]],[[60820,11879],[466,-326],[89,-443]],[[61375,11110],[-561,-404]],[[61049,12543],[-229,-664]],[[61586,12452],[459,-926]],[[62045,11526],[-42,-243]],[[62003,11283],[-628,-173]],[[62003,11283],[354,-119]],[[62357,11164],[74,-295]],[[62431,10869],[-89,-326]],[[62342,10543],[-321,-938],[-234,-192]],[[61787,9413],[-338,134],[-777,781]],[[61787,9413],[-430,-315]],[[61787,9413],[493,-244]],[[62280,9169],[-491,-303]],[[61789,8866],[-149,-23]],[[62280,9169],[586,1036]],[[62866,10205],[268,231],[621,-266]],[[63755,10170],[90,-278]],[[63845,9892],[65,-466],[-685,-167],[-290,-287],[-74,-608]],[[62861,8364],[-370,-210]],[[62491,8154],[-702,712]],[[63845,9892],[1043,-254]],[[64888,9638],[205,-669]],[[65093,8969],[-474,-202],[-457,-921]],[[64162,7846],[-1301,518]],[[63755,10170],[218,212]],[[63973,10382],[87,388]],[[64060,10770],[410,356]],[[64470,11126],[506,17]],[[64976,11143],[185,-1307],[-273,-198]],[[62342,10543],[524,-338]],[[62431,10869],[1066,-214],[476,-273]],[[62357,11164],[227,46],[1476,-440]],[[62045,11526],[272,222],[-152,373],[391,512]],[[62556,12633],[260,-302]],[[62816,12331],[897,-51]],[[63713,12280],[214,-407],[544,72],[-1,-819]],[[62480,13294],[76,-661]],[[62816,12331],[86,413],[496,544]],[[63398,13288],[760,23]],[[64158,13311],[-94,-493],[206,-375],[-557,-163]],[[62454,13557],[944,-269]],[[62376,13626],[59,600]],[[62435,14226],[751,-337],[804,-60]],[[63990,13829],[182,-459]],[[64172,13370],[-14,-59]],[[61625,14454],[810,-228]],[[63571,16281],[351,-354]],[[63922,15927],[277,-257]],[[64199,15670],[-362,-260]],[[63837,15410],[-101,-454]],[[63736,14956],[254,-1127]],[[65264,17398],[390,-363],[687,-230],[435,147]],[[66776,16952],[67,-67]],[[66843,16885],[-774,-554],[-742,-88]],[[65327,16243],[-1405,-316]],[[65892,18328],[239,-90]],[[66131,18238],[-108,-372],[328,-13],[511,-781]],[[66862,17072],[-86,-120]],[[66131,18238],[191,441],[987,-398],[275,-487],[-128,-573]],[[67456,17221],[-594,-149]],[[67456,17221],[780,-457],[659,134]],[[68895,16898],[252,-954]],[[69147,15944],[-888,68]],[[68259,16012],[-338,225],[-863,154]],[[67058,16391],[-215,494]],[[67058,16391],[-375,-324],[-583,-919]],[[66100,15148],[-932,75]],[[65168,15223],[449,430],[-290,590]],[[65168,15223],[-969,447]],[[66100,15148],[-4,-311]],[[66096,14837],[-299,-306]],[[65797,14531],[-389,322],[-447,-187]],[[64961,14666],[-82,325],[-1042,419]],[[64961,14666],[-469,-207],[-756,497]],[[65797,14531],[207,-451],[565,-363]],[[66569,13717],[729,-160]],[[67298,13557],[-886,-736]],[[66412,12821],[-255,-522]],[[66157,12299],[-589,572]],[[65568,12871],[-981,597],[-415,-98]],[[65568,12871],[-700,-69]],[[64868,12802],[-710,509]],[[66157,12299],[-480,-327]],[[65677,11972],[-310,106],[-499,724]],[[65677,11972],[-229,-511],[-10,-543]],[[65438,10918],[-199,-310]],[[65239,10608],[-263,535]],[[65093,8969],[173,-258],[24,-954]],[[65290,7757],[-1128,89]],[[65290,7757],[331,-403],[104,-615]],[[65725,6739],[-77,-107]],[[65648,6632],[-485,80],[-715,634]],[[64448,7346],[-286,500]],[[65648,6632],[62,-774]],[[65710,5858],[-278,-161]],[[65432,5697],[-174,86]],[[65258,5783],[-536,158],[-674,617]],[[64048,6558],[400,788]],[[65239,10608],[599,-718]],[[65838,9890],[320,-167],[-77,-455],[513,-232],[620,-642]],[[67214,8394],[-320,-77],[-427,-1322]],[[66467,6995],[-356,166],[-386,-422]],[[65438,10918],[229,12]],[[65667,10930],[340,11],[849,-454]],[[66856,10487],[-1018,-597]],[[65677,11972],[801,-438]],[[66478,11534],[-9,-70]],[[66469,11464],[-802,-534]],[[66157,12299],[642,-572],[-321,-193]],[[66412,12821],[384,-334],[989,-183]],[[67785,12304],[-74,-290],[723,-794]],[[68434,11220],[-145,-315],[-613,-113]],[[67676,10792],[-314,-719]],[[67362,10073],[-322,376]],[[67040,10449],[-571,1015]],[[67040,10449],[-184,38]],[[67362,10073],[40,-194]],[[67402,9879],[-453,-549],[-25,-391],[361,-399]],[[67285,8540],[181,-140]],[[67466,8400],[-252,-6]],[[67402,9879],[247,-267]],[[67649,9612],[-364,-1072]],[[67649,9612],[521,-44],[436,-448],[20,-606],[334,-306]],[[68169,7562],[-325,752],[-378,86]],[[68169,7562],[-610,-572],[-611,-158]],[[66948,6832],[-481,163]],[[66948,6832],[-11,-904],[322,-325]],[[67259,5603],[-264,-299]],[[66995,5304],[-1075,615],[-210,-61]],[[68587,6435],[-498,-465]],[[68089,5970],[-830,-367]],[[68960,8208],[-88,452],[773,938],[308,-3]],[[67676,10792],[581,-545],[830,-240],[316,334]],[[69403,10341],[550,-746]],[[68434,11220],[492,198]],[[68926,11418],[134,-317],[626,-52]],[[69686,11049],[-283,-708]],[[67785,12304],[886,-219]],[[68671,12085],[255,-667]],[[67785,12304],[177,359],[481,264],[93,779]],[[68536,13706],[1174,-213]],[[69710,13493],[-156,-346],[-883,-1062]],[[67298,13557],[1076,-4],[162,153]],[[66569,13717],[436,762]],[[67005,14479],[1397,-43]],[[68402,14436],[134,-730]],[[66096,14837],[373,-291],[536,-67]],[[69710,13493],[773,10],[699,-358]],[[71182,13145],[-301,-758]],[[71478,10585],[-288,-189],[-286,-996]],[[73192,12878],[-562,-938]],[[71182,13145],[210,407]],[[71392,13552],[1800,-674]],[[71392,13552],[12,453]],[[71404,14005],[477,585],[732,560]],[[72613,15150],[1239,-100],[422,-147],[-238,-988],[143,-197],[-662,-282],[-325,-558]],[[71404,14005],[-946,502],[-189,640]],[[70269,15147],[28,254]],[[70297,15401],[505,163],[836,-43],[329,533]],[[71967,16054],[620,-577],[26,-327]],[[69710,13493],[141,223],[-59,1029],[477,402]],[[68402,14436],[-352,948],[209,628]],[[69147,15944],[229,-220],[921,-323]],[[73689,19545],[-547,-560],[-628,-406],[-768,-847],[-343,-673],[-528,-436]],[[70875,16623],[-814,262],[-710,-25]],[[69351,16860],[-127,656],[851,75],[408,501],[-240,403],[273,887],[401,-164],[-79,-592],[581,77],[-182,1288]],[[69351,16860],[-456,38]],[[65370,19784],[474,390]],[[65844,20174],[899,-277],[880,1127]],[[65844,20174],[-29,545]],[[65815,20719],[950,837]],[[64540,20635],[457,482]],[[64997,21117],[818,-398]],[[64997,21117],[-102,410]],[[64895,21527],[58,609],[395,-83],[996,600]],[[63654,20955],[-468,52],[-259,825],[348,811]],[[63275,22643],[457,-131]],[[63732,22512],[1163,-985]],[[63275,22643],[-363,211]],[[62912,22854],[465,549],[692,547]],[[64069,23950],[372,-11]],[[64441,23939],[140,-733]],[[64581,23206],[-453,-154],[-396,-540]],[[65985,24107],[-590,-162],[-490,173],[-464,-179]],[[64069,23950],[255,564],[-64,487],[260,580]],[[64069,23950],[-746,706]],[[63323,24656],[-1076,217]],[[62247,24873],[-211,426]],[[62912,22854],[-336,778],[148,809],[599,215]],[[62912,22854],[-87,-353],[-1061,116],[-385,290]],[[61379,22907],[-136,280],[174,708],[361,-66],[304,328],[165,716]],[[61379,22907],[-793,136]],[[60586,23043],[156,858],[-215,83]],[[60527,23984],[57,346],[-248,1072]],[[60336,25402],[82,622]],[[60527,23984],[-894,266]],[[59633,24250],[-91,406],[605,754],[189,-8]],[[60586,23043],[-715,47]],[[59871,23090],[-338,751]],[[59533,23841],[100,409]],[[59533,23841],[-1328,347]],[[58205,24188],[-473,426],[-422,750],[-502,350],[176,358]],[[59871,23090],[-715,-297],[-365,423],[-724,286],[-111,293]],[[57956,23795],[249,393]],[[57956,23795],[-545,67]],[[57411,23862],[-851,337]],[[56560,24199],[55,511],[-445,265]],[[57411,23862],[10,-727],[-681,-92]],[[56740,23043],[-711,559],[531,597]],[[54931,22837],[287,1233]],[[53869,21680],[-938,604]],[[53417,20614],[-474,88],[-682,416],[-315,526]],[[53085,19346],[-676,-14],[-1109,399]],[[51300,19731],[-224,512]],[[51076,20243],[364,746],[21,860]],[[51076,20243],[-1065,456],[-215,-34]],[[49796,20665],[9,518],[-290,176]],[[49515,21359],[601,911]],[[49515,21359],[-423,-399],[-421,145]],[[48671,21105],[-752,327]],[[47919,21432],[-481,362]],[[47414,22862],[411,-135],[904,551]],[[49796,20665],[-17,-759],[-227,-600]],[[48735,19834],[-241,596],[177,675]],[[62491,8154],[-139,-343],[-122,-1691]],[[62230,6120],[-178,-338],[-924,558],[-127,-68]],[[64048,6558],[-624,-146],[94,-473],[-318,-253]],[[63200,5686],[-970,434]],[[65258,5783],[-263,-367],[-677,-342]],[[64318,5074],[-1118,612]],[[65432,5697],[38,-722],[373,-112],[-220,-709]],[[65623,4154],[-445,27],[-254,451],[-422,107],[-184,335]],[[66995,5304],[40,-735],[-202,-189]],[[66833,4380],[-660,-250],[-550,24]],[[69000,3948],[-19,-357],[-637,112],[-41,335],[-461,344],[-1009,-2]],[[68089,5970],[468,-924],[59,-586],[384,-512]],[[69597,5682],[-589,-1257],[-8,-477]],[[74565,18950],[-576,-94],[-712,-492],[261,-320],[-287,-454],[271,-33],[-79,-528],[-546,-26],[-1208,-638]],[[71689,16365],[-351,-54],[-463,312]],[[71689,16365],[278,-311]],[[64581,23206],[1288,-539],[369,154]],[[49928,16109],[621,-135],[808,-399],[-72,-262]],[[50421,18076],[589,-161],[201,-479],[440,27],[265,-293],[566,160]],[[50216,18396],[419,624],[665,711]],[[47050,20020],[300,436],[88,601],[481,375]],[[32781,23415],[547,-506]],[[33328,22909],[225,-760],[-57,-609]],[[30690,21932],[91,915]],[[30781,22847],[35,134]],[[30816,22981],[544,-15],[507,366],[914,83]],[[29360,23480],[882,-189],[539,-444]],[[30176,24652],[-69,-256],[590,-812],[119,-603]],[[29625,24720],[551,-68]],[[30176,24652],[455,428],[271,-63],[874,808]],[[31776,25825],[310,-99]],[[32086,25726],[387,-400],[-49,-497],[-345,-446],[351,-720],[351,-248]],[[32086,25726],[585,-17],[408,-216]],[[33079,25493],[646,-776]],[[33725,24717],[-376,-1000],[200,-295],[-221,-513]],[[34256,24337],[562,-806]],[[34818,23531],[349,-555]],[[35167,22976],[-688,-669]],[[33725,24717],[531,-380]],[[36525,23058],[241,-293]],[[35167,22976],[158,325],[1200,-243]],[[37744,24737],[-401,-255],[-265,-779],[-553,-645]],[[34818,23531],[234,488],[529,422],[-217,225],[-127,1198]],[[35237,25864],[676,15],[966,235],[788,-108]],[[34256,24337],[947,1300],[34,227]],[[33079,25493],[737,204]],[[33816,25697],[600,306]],[[35068,25967],[169,-103]],[[36137,29361],[-18,-385],[530,-198]],[[36649,28778],[160,-691],[1137,-596],[273,-584]],[[36036,29440],[101,-79]],[[36649,28778],[515,-20],[1418,-519],[-298,-474],[467,-273],[1120,45]],[[33816,25697],[-299,1130],[78,471]],[[33409,28197],[180,-9]],[[31776,25825],[471,592],[-341,384],[220,207]],[[31776,25825],[-815,446],[-562,68]],[[27927,28846],[-1079,75],[-525,329],[-896,-148]],[[25427,29102],[-191,844],[657,677],[630,255],[728,-202],[1065,-1098]],[[36018,31948],[4,-927],[358,-323],[179,-560],[485,-289]],[[37044,29849],[-100,-338],[-807,-150]],[[35310,29961],[764,97],[161,263],[-933,1196]],[[29220,33524],[-295,376],[5,904]],[[27031,33946],[469,605],[463,-128],[123,-480],[-407,-529]],[[27679,33414],[-648,532]],[[29338,29994],[123,123],[-71,913],[-594,166],[26,419],[305,88],[-316,707],[-1074,428],[-58,576]],[[27031,33946],[-236,490],[242,553],[763,412]],[[26787,37465],[-136,-535],[284,-354],[-393,-1108]],[[28708,30175],[-413,1150],[-1864,1632],[-1082,839]],[[23044,33356],[-48,-1029],[352,-848],[443,-2101],[-423,-986]],[[16915,29160],[-871,841],[-310,529]],[[16168,31723],[847,189]],[[15605,32201],[-329,215]],[[15276,32416],[-163,440],[-235,1517]],[[14878,34373],[657,1038]],[[15535,35411],[542,819]],[[16077,36230],[737,-685],[605,-9]],[[15276,32416],[-1898,359]],[[13378,32775],[-1091,-310],[-1771,-284]],[[10516,32181],[78,1107]],[[10594,33288],[474,1286]],[[11068,34574],[744,-217]],[[11812,34357],[736,-125],[1119,217],[450,265]],[[14117,34714],[761,-341]],[[12961,31684],[417,1091]],[[13902,29037],[76,999]],[[11042,28928],[2105,812]],[[11689,30087],[677,679]],[[9414,32028],[-49,149]],[[9365,32177],[1151,4]],[[9365,32177],[-202,1124],[99,1037]],[[9262,34338],[1332,-1050]],[[9456,35495],[-194,-1157]],[[7230,32573],[1045,837],[91,1182],[370,752]],[[8736,35344],[699,229]],[[9435,35573],[21,-78]],[[9456,35495],[493,-371],[938,-451]],[[10887,34673],[181,-99]],[[11676,36105],[-280,-762],[-509,-670]],[[9435,35573],[498,248],[458,517],[428,55],[857,-288]],[[11812,34357],[329,791],[390,527]],[[12531,35675],[1586,-961]],[[7298,35021],[80,-971],[-391,-982]],[[5840,33972],[1011,400],[-173,693],[620,-44]],[[7298,35021],[598,473],[840,-150]],[[11676,36105],[717,225]],[[12393,36330],[138,-655]],[[12393,36330],[1206,477]],[[13599,36807],[584,-513],[1352,-883]],[[16067,36368],[10,-138]],[[13599,36807],[177,210],[409,1189],[539,-151],[220,-584],[731,-337],[392,-766]],[[16067,36368],[207,-36],[342,562],[789,353],[964,-341]],[[18795,37067],[283,322],[536,-222],[315,-620],[715,52]],[[40691,32036],[-1221,-913],[-258,-388],[-1442,-390]],[[37770,30345],[-445,7]],[[37325,30352],[-96,396],[-874,425],[-80,897]],[[37325,30352],[-281,-503]],[[37770,30345],[364,-516],[656,-92],[622,-334],[328,-685]],[[31526,71256],[-327,-1009]],[[30070,70848],[154,479]],[[30224,71327],[770,100],[532,-171]],[[30224,71327],[-291,335],[-684,112],[-255,438],[206,422]],[[29200,72634],[254,305]],[[29454,72939],[568,-30],[489,-435],[428,-124],[924,190]],[[31863,72540],[10,-148]],[[31873,72392],[577,-447]],[[32450,71945],[-924,-689]],[[28296,70260],[-259,518]],[[28037,70778],[159,478],[-437,171],[515,1086],[-113,457]],[[28161,72970],[712,-66],[327,-270]],[[24916,71302],[661,962]],[[25577,72264],[477,-128],[374,180]],[[26428,72316],[208,-379],[-175,-798],[618,-562],[958,201]],[[26428,72316],[822,490],[639,227]],[[27889,73033],[272,-63]],[[29454,72939],[308,575],[34,547]],[[29796,74061],[864,-219]],[[30660,73842],[599,-352],[724,-103]],[[31983,73387],[291,-826],[-411,-21]],[[33535,72407],[-303,-432],[104,-619]],[[33336,71356],[-886,589]],[[31873,72392],[791,144],[466,468]],[[33525,71338],[-189,18]],[[31983,73387],[41,88]],[[32024,73475],[394,-27]],[[32418,73448],[329,35],[202,529],[-202,289]],[[32747,74301],[116,115]],[[32863,74416],[8,-2]],[[32871,74414],[519,-304]],[[33390,74110],[-77,-871]],[[32418,73448],[71,678],[258,175]],[[32024,73475],[-6,495],[-374,575],[115,554]],[[31759,75099],[765,-231]],[[32524,74868],[339,-452]],[[30660,73842],[114,607],[-406,741]],[[30368,75190],[368,688]],[[30736,75878],[622,193]],[[31358,76071],[403,-489]],[[31761,75582],[-2,-483]],[[31358,76071],[479,732],[249,-54],[580,386]],[[32666,77135],[140,140]],[[32806,77275],[1512,-123],[251,-320],[721,11]],[[35290,76843],[-42,-249]],[[35248,76594],[-902,-527],[-706,329],[-602,33],[-597,-976]],[[32441,75453],[-680,129]],[[32441,75453],[399,-226]],[[32840,75227],[-316,-359]],[[32840,75227],[312,-384]],[[33152,74843],[-281,-429]],[[33152,74843],[372,-396]],[[33524,74447],[-134,-337]],[[34143,74314],[-80,-900]],[[33524,74447],[619,-133]],[[35174,73644],[6,-145]],[[34143,74314],[419,14]],[[34562,74328],[-81,-492],[693,-192]],[[35174,73644],[-67,711]],[[35107,74355],[1145,203]],[[36252,74558],[-75,-209]],[[34562,74328],[545,27]],[[34562,74328],[207,753],[474,40],[434,439],[-392,820]],[[35285,76380],[-37,214]],[[35290,76843],[1156,140]],[[36446,76983],[-30,-841],[119,-868]],[[36535,75274],[-283,-716]],[[34143,74314],[8,509],[589,714],[88,522],[457,321]],[[32806,77275],[420,168],[680,758]],[[33906,78201],[987,430],[768,-103]],[[35661,78528],[1120,25]],[[36781,78553],[832,240]],[[37613,78793],[506,-42]],[[38119,78751],[349,-461]],[[38468,78290],[-979,-999]],[[37489,77291],[-538,292],[-205,-545],[-300,-55]],[[32666,77135],[-817,-26],[-1596,333]],[[30253,77442],[4,474]],[[32100,79727],[558,-471],[129,-626],[1119,-429]],[[37412,80382],[-100,-793],[301,-796]],[[36781,78553],[-8,524],[-392,248],[-208,1105],[-531,205],[-667,16],[673,-588],[387,-568],[0,-457],[-374,-510]],[[32653,80566],[177,-9],[1610,642]],[[34440,81199],[634,358]],[[35074,81557],[217,-368],[708,-149],[295,-268],[1118,-390]],[[34440,81199],[197,428],[99,864]],[[34736,82491],[604,-15]],[[35340,82476],[-112,-384],[280,-248]],[[35508,81844],[-434,-287]],[[35340,82476],[1866,-101]],[[37206,82375],[-43,-299]],[[37163,82076],[-659,78],[-996,-310]],[[37163,82076],[270,-525],[653,-321],[567,-512]],[[38653,80718],[-851,21],[-390,-357]],[[38653,80718],[59,-84]],[[38712,80634],[132,-295]],[[38844,80339],[-331,-172],[52,-579],[-446,-837]],[[38844,80339],[685,-642]],[[39529,79697],[1706,-544]],[[41235,79153],[-113,-306]],[[41122,78847],[6,-237]],[[41128,78610],[-171,-857],[82,-378]],[[41039,77375],[-1001,-77]],[[40038,77298],[-458,494],[-599,129],[-513,369]],[[40038,77298],[-339,-236],[-122,-587],[-504,-592]],[[39073,75883],[-151,-322],[-857,210]],[[38065,75771],[-418,3]],[[37647,75774],[112,587],[-270,930]],[[37647,75774],[-301,-385]],[[37346,75389],[-392,-222]],[[36954,75167],[-419,107]],[[38065,75771],[-82,-525]],[[37983,75246],[-637,143]],[[37983,75246],[-251,-425]],[[37732,74821],[-778,346]],[[39745,75304],[-89,-667]],[[39656,74637],[-338,-329]],[[39318,74308],[-355,-176]],[[38963,74132],[-115,-292]],[[38848,73840],[-582,-287]],[[37700,74093],[32,728]],[[39073,75883],[672,-579]],[[41039,77375],[119,-207]],[[41158,77168],[-34,-155]],[[41124,77013],[-367,155],[-113,-835],[-307,-706]],[[40337,75627],[-592,-323]],[[40337,75627],[652,-24]],[[40989,75603],[1,-436],[511,-617],[1009,261]],[[42510,74811],[495,-446]],[[43005,74365],[-318,-404]],[[42687,73961],[-311,385],[-1697,-45],[-356,325],[-667,11]],[[42687,73961],[-58,-144]],[[41343,72621],[-543,721],[-989,395],[-8,343],[-485,228]],[[39307,73040],[-37,890],[-307,202]],[[39031,73288],[-183,552]],[[41124,77013],[-16,-1131],[-119,-279]],[[41124,77013],[380,-413],[511,373]],[[42015,76973],[284,-775],[360,-218],[58,-580]],[[42717,75400],[-648,-303],[441,-286]],[[42717,75400],[416,-79]],[[43133,75321],[809,-105],[-20,340]],[[43922,75556],[506,-495],[883,315],[818,-736]],[[46129,74640],[-611,-306]],[[45518,74334],[-692,-167],[-178,186],[-1643,12]],[[45518,74334],[468,-751]],[[45986,73583],[-363,-1],[-549,-521]],[[45074,73061],[-549,-8],[-1087,534],[-809,230]],[[45074,73061],[-24,-276]],[[45050,72785],[-194,-204]],[[46475,72838],[1287,-1046]],[[45159,71949],[-330,138]],[[45050,72785],[1083,178],[342,-125]],[[46475,72838],[716,578]],[[47191,73416],[537,832],[451,70]],[[48179,74318],[64,-1259]],[[48243,73059],[-312,-395],[208,-171]],[[48139,72493],[-204,-831]],[[45986,73583],[434,228],[771,-395]],[[46129,74640],[371,379],[-605,604]],[[45895,75623],[214,160]],[[46109,75783],[821,-22]],[[46930,75761],[428,-130]],[[47358,75631],[584,-387],[-9,-402]],[[47933,74842],[246,-524]],[[43922,75556],[-267,103]],[[43655,75659],[-107,236],[635,406]],[[44183,76301],[1030,-308],[240,93],[442,-463]],[[43133,75321],[522,338]],[[42015,76973],[202,457]],[[42217,77430],[87,648]],[[42304,78078],[421,423]],[[42725,78501],[445,-43]],[[43170,78458],[95,-257],[649,-119]],[[43914,78082],[-165,-347],[251,-244]],[[44000,77491],[143,-286]],[[44143,77205],[40,-904]],[[41158,77168],[657,307],[402,-45]],[[41128,78610],[451,-266],[155,-553],[570,287]],[[41122,78847],[379,-146],[1021,-15]],[[42522,78686],[203,-185]],[[41235,79153],[700,605]],[[41935,79758],[219,-179]],[[42154,79579],[-207,-289],[575,-604]],[[42154,79579],[1572,-294]],[[43726,79285],[110,-290],[-666,-537]],[[41935,79758],[31,260]],[[41966,80018],[592,-96],[908,363]],[[43466,80285],[305,-488],[-45,-512]],[[41966,80018],[-114,595]],[[41852,80613],[433,275]],[[42285,80888],[1072,-425]],[[43357,80463],[109,-178]],[[41852,80613],[-979,475]],[[40873,81088],[770,728]],[[41643,81816],[460,-140]],[[42103,81676],[182,-788]],[[43357,80463],[574,249]],[[43931,80712],[478,34],[126,-476],[480,-12]],[[45015,80258],[79,-678],[-1368,-295]],[[45015,80258],[749,-605]],[[45764,79653],[210,-343],[-588,-295]],[[45386,79015],[-243,-245]],[[45143,78770],[-239,284],[-601,-262],[-38,-340]],[[44265,78452],[-351,-370]],[[45143,78770],[-18,-298]],[[45125,78472],[-218,-812]],[[44907,77660],[-280,26]],[[44627,77686],[-362,766]],[[44627,77686],[-248,-306],[-379,111]],[[44907,77660],[297,-660]],[[45204,77000],[-1061,205]],[[45204,77000],[587,8],[-39,-367],[357,-858]],[[45125,78472],[683,-43]],[[45808,78429],[108,-180]],[[45916,78249],[121,-716]],[[46037,77533],[142,-1029],[-70,-721]],[[46037,77533],[367,105],[468,-606]],[[46872,77032],[58,-1271]],[[47226,78017],[-354,-985]],[[45916,78249],[648,-175],[581,166]],[[47145,78240],[81,-223]],[[45808,78429],[199,205],[765,140],[865,-39]],[[47637,78735],[-492,-495]],[[45386,79015],[486,-283],[-64,-303]],[[45764,79653],[881,-200],[910,187]],[[47555,79640],[198,-727]],[[47753,78913],[-116,-178]],[[47753,78913],[579,-212],[-62,-633]],[[48270,78068],[-1044,-51]],[[48270,78068],[-641,-621],[-50,-428]],[[47579,77019],[-707,13]],[[48270,78068],[147,8]],[[48417,78076],[727,-319]],[[49144,77757],[-550,-715],[-64,-579]],[[48530,76463],[-396,-125]],[[48134,76338],[-555,681]],[[48134,76338],[-475,-186],[-301,-521]],[[48134,76338],[106,-791],[-307,-705]],[[49429,73195],[-485,15],[-31,-312]],[[48913,72898],[-158,67]],[[48755,72965],[-512,94]],[[47933,74842],[550,-22]],[[49454,73148],[-541,-250]],[[48755,72965],[14,-357]],[[48769,72608],[-466,-233]],[[48303,72375],[-164,118]],[[48769,72608],[-106,-508]],[[48663,72100],[-360,275]],[[48769,72608],[385,-384]],[[49154,72224],[-491,-124]],[[48663,72100],[-633,-573]],[[50550,71844],[-660,41],[-353,383],[-383,-44]],[[47555,79640],[312,628]],[[47867,80268],[210,98]],[[48077,80366],[1351,-364]],[[49428,80002],[-100,-157]],[[49328,79845],[-286,-202],[-461,-778],[-164,-789]],[[48077,80366],[280,873]],[[48357,81239],[519,-254],[999,-176]],[[49875,80809],[-447,-807]],[[47867,80268],[-212,222],[-1670,367],[-714,590]],[[45271,81447],[-273,410],[686,672]],[[45684,82529],[798,-159],[350,535]],[[46832,82905],[679,-304]],[[47511,82601],[245,-630],[601,-732]],[[43931,80712],[98,713]],[[44029,81425],[1242,22]],[[42103,81676],[441,-71],[424,342]],[[42968,81947],[499,-119]],[[43467,81828],[562,-403]],[[43467,81828],[289,-14],[778,1187]],[[44534,83001],[1150,-472]],[[42968,81947],[-63,612]],[[42905,82559],[544,914]],[[43449,83473],[836,-240]],[[44285,83233],[249,-232]],[[41643,81816],[-612,295]],[[41031,82111],[-110,303]],[[40921,82414],[485,392]],[[41406,82806],[796,377]],[[42202,83183],[83,-630],[620,6]],[[40873,81088],[-474,57]],[[40399,81145],[3,554]],[[40402,81699],[629,412]],[[40402,81699],[-414,88]],[[39988,81787],[480,745],[453,-118]],[[40399,81145],[-184,-113]],[[40215,81032],[-844,688]],[[39371,81720],[617,67]],[[40215,81032],[-229,-418]],[[39986,80614],[-357,203],[-917,-183]],[[38653,80718],[566,897]],[[39219,81615],[152,105]],[[39986,80614],[-457,-917]],[[42202,83183],[254,266]],[[42456,83449],[579,138]],[[43035,83587],[414,-114]],[[43035,83587],[772,842]],[[43807,84429],[690,-762],[349,-9]],[[44846,83658],[-561,-425]],[[44846,83658],[1062,16]],[[45908,83674],[752,-233]],[[46660,83441],[172,-536]],[[46660,83441],[889,1071]],[[47549,84512],[804,-488]],[[48353,84024],[-344,-879],[-467,-224],[-31,-320]],[[47783,86094],[251,-543],[701,-747]],[[48735,84804],[-382,-780]],[[47549,84512],[-533,331]],[[47016,84843],[-261,138],[33,697],[252,407]],[[47040,86085],[743,9]],[[45908,83674],[-253,253],[230,835]],[[45885,84762],[544,-216],[587,297]],[[45885,84762],[213,682],[-270,775]],[[45828,86219],[169,344]],[[45997,86563],[658,-550],[385,72]],[[43807,84429],[-100,456]],[[43707,84885],[535,184],[478,699],[92,578]],[[44812,86346],[1016,-127]],[[43707,84885],[-199,766]],[[43508,85651],[-356,382],[-234,640]],[[42918,86673],[160,243]],[[43078,86916],[537,-137],[833,-536],[364,103]],[[43508,85651],[-602,-641],[-675,-437]],[[42231,84573],[-813,260]],[[41418,84833],[306,461]],[[41724,85294],[223,970]],[[41947,86264],[160,129],[169,876]],[[42276,87269],[62,-292],[580,-304]],[[42456,83449],[-225,1124]],[[41406,82806],[-268,510]],[[41138,83316],[193,385],[-768,525]],[[40563,84226],[855,607]],[[41138,83316],[-751,-408],[-707,373]],[[39680,83281],[-26,555],[-259,136]],[[39395,83972],[134,362]],[[39529,84334],[487,-445],[547,337]],[[39219,81615],[-743,668],[-119,389]],[[38357,82672],[576,381],[747,228]],[[39529,84334],[376,1196]],[[39905,85530],[411,61]],[[40316,85591],[1408,-297]],[[37206,82375],[285,192],[356,768]],[[37847,83335],[510,-663]],[[37847,83335],[-674,559]],[[37173,83894],[265,406]],[[37438,84300],[374,72],[743,-436],[840,36]],[[37438,84300],[180,701],[571,1149]],[[38189,86150],[1029,-447],[687,-173]],[[37173,83894],[-841,-74]],[[36332,83820],[-16,180]],[[36316,84000],[713,769],[-183,618],[215,691]],[[37061,86078],[341,248],[787,-176]],[[36316,84000],[-383,908],[-421,268]],[[35512,85176],[-156,559],[380,578]],[[35736,86313],[1325,-235]],[[36332,83820],[-573,-472],[-771,88],[-801,-86]],[[34187,83350],[300,241],[1025,1585]],[[34948,89496],[520,-1276],[328,-254]],[[35796,87966],[-644,-1179],[286,-476],[298,2]],[[31416,88725],[808,-148]],[[32224,88577],[789,-109],[681,144],[660,837],[-385,501]],[[33969,89950],[28,87]],[[33997,90037],[951,-541]],[[34948,89496],[1321,1273]],[[36269,90769],[369,-63]],[[36638,90706],[147,-634],[738,-777]],[[37523,89295],[-499,-126],[-801,-579],[117,-432]],[[36340,88158],[-544,-192]],[[32224,88577],[144,586],[7,1266]],[[32375,90429],[732,-82],[862,-397]],[[32375,90429],[-286,40]],[[32089,90469],[32,241]],[[32121,90710],[44,187]],[[32165,90897],[377,350],[316,715]],[[32858,91962],[35,141]],[[32893,92103],[621,-102]],[[33514,92001],[294,-526]],[[33808,91475],[-132,-529]],[[33676,90946],[82,-623],[242,-277]],[[34000,90046],[-3,-9]],[[33676,90946],[718,-178],[1017,77],[-256,-567],[-749,4],[-406,-236]],[[33808,91475],[759,-349],[1192,-153],[510,-204]],[[36340,88158],[336,-547],[670,51]],[[37346,87662],[986,-1028]],[[38332,86634],[-143,-484]],[[37523,89295],[1111,-53]],[[38634,89242],[-429,-448],[-382,-684],[-477,-448]],[[38634,89242],[246,-581]],[[38880,88661],[167,-278],[-99,-1210],[-272,-387]],[[38676,86786],[-344,-152]],[[38880,88661],[1948,-67],[254,-233]],[[41082,88361],[-423,-1118]],[[40659,87243],[-702,-497],[-1281,40]],[[38634,89242],[82,259],[608,413]],[[39324,89914],[457,230],[886,-113],[1074,56]],[[41741,90087],[-119,-565],[369,-276],[-279,-589]],[[41712,88657],[-630,-296]],[[40659,87243],[352,-100]],[[41011,87143],[185,-384],[-187,-313]],[[41009,86446],[-189,-472],[-504,-383]],[[41712,88657],[452,-262]],[[42164,88395],[-9,-620],[-261,-355]],[[41894,87420],[-883,-277]],[[41894,87420],[382,-151]],[[41947,86264],[-938,182]],[[42164,88395],[357,61],[339,433],[503,73]],[[43363,88962],[603,-275]],[[43966,88687],[48,-234]],[[44014,88453],[-617,-742],[-319,-795]],[[41741,90087],[441,-47],[922,217]],[[43104,90257],[181,-30]],[[43285,90227],[478,-446],[90,-352],[-490,-467]],[[44014,88453],[804,-916],[922,-431]],[[45740,87106],[297,-277]],[[46037,86829],[-40,-266]],[[43966,88687],[909,613],[226,720]],[[45101,90020],[117,131]],[[45218,90151],[1068,-1127]],[[46286,89024],[-135,-837],[-411,-1081]],[[43285,90227],[564,35],[1252,-242]],[[41741,90087],[-339,605],[-25,396]],[[41377,91088],[1403,168]],[[42780,91256],[203,-207],[121,-792]],[[39324,89914],[60,469],[-461,580],[-308,2],[-440,571],[323,327],[847,180],[440,332],[-51,274]],[[39734,92649],[100,131]],[[39834,92780],[383,-209],[830,-830]],[[41047,91741],[330,-653]],[[36638,90706],[50,862]],[[36688,91568],[154,557],[468,486],[-161,190]],[[37149,92801],[586,-7],[202,-210],[1797,65]],[[41047,91741],[1185,370],[678,-248]],[[42910,91863],[-130,-607]],[[39834,92780],[-621,558],[441,128],[393,442]],[[40047,93908],[1423,-571]],[[41470,93337],[2162,-1002]],[[43632,92335],[-365,-536],[-357,64]],[[43632,92335],[444,-254]],[[44076,92081],[1025,-1148],[117,-782]],[[33514,92001],[451,386]],[[33965,92387],[1550,-269]],[[35515,92118],[748,-553],[425,3]],[[35515,92118],[-83,1080]],[[35432,93198],[684,-357],[754,0]],[[36870,92841],[279,-40]],[[33965,92387],[214,665]],[[34179,93052],[531,267]],[[34710,93319],[722,-121]],[[32165,90897],[-299,323]],[[31866,91220],[525,741]],[[32391,91961],[467,1]],[[32121,90710],[-444,260],[-1319,147]],[[30358,91117],[784,169],[724,-66]],[[32893,92103],[2,262],[-617,208],[-1349,188],[-180,133]],[[30749,92894],[491,291],[311,531],[-14,998]],[[31537,94714],[1332,149]],[[32869,94863],[288,-257],[7,-1232],[743,-10],[272,-312]],[[35701,95354],[494,-543],[99,-624]],[[36294,94187],[-488,-33]],[[35806,94154],[-292,63],[-785,-266],[-19,-632]],[[32869,94863],[97,157]],[[32966,95020],[1547,361],[982,97],[206,-124]],[[35806,94154],[-223,-225],[-151,-731]],[[36294,94187],[538,-558],[38,-788]],[[35701,95354],[376,188],[852,65]],[[36929,95607],[1336,-43]],[[38265,95564],[2359,-393]],[[40624,95171],[-414,-88],[-202,-649]],[[40008,94434],[39,-526]],[[36929,95607],[-174,462],[158,664],[517,154]],[[37430,96887],[692,60],[364,-160]],[[38486,96787],[-127,-111],[-94,-1112]],[[39098,98530],[1506,-176],[243,-242],[980,-378],[430,-317]],[[42257,97417],[-899,-508]],[[41358,96909],[-631,335],[-1131,324],[-325,343],[-173,619]],[[40008,94434],[432,21],[1444,-318]],[[41884,94137],[-414,-800]],[[41884,94137],[1005,-398],[489,-9],[583,325]],[[43961,94055],[1366,-1285]],[[45327,92770],[-142,-261]],[[45185,92509],[-615,-75],[-494,-353]],[[45992,94257],[149,-422],[-158,-431],[-535,-328],[-121,-306]],[[43961,94055],[470,1544],[637,-655],[924,-687]],[[45992,94257],[746,-415],[1053,-1079]],[[47791,92763],[86,-528],[-424,-448],[-120,-500]],[[47333,91287],[-389,117]],[[46944,91404],[-927,492],[-832,613]],[[47791,92763],[948,632],[287,-84]],[[49026,93311],[169,-832]],[[49195,92479],[-241,-577],[-595,-686],[-1026,71]],[[46944,91404],[-694,-231],[-399,-426],[395,-399]],[[46246,90348],[-1028,-197]],[[46246,90348],[844,-1025]],[[47090,89323],[-804,-299]],[[46246,90348],[640,219],[526,-331],[553,-16]],[[47965,90220],[-433,-231],[162,-390]],[[47694,89599],[-497,-407]],[[47197,89192],[-107,131]],[[47694,89599],[275,-285],[-109,-429]],[[47860,88885],[-355,-82]],[[47505,88803],[-308,389]],[[47505,88803],[451,-624],[-302,-837],[-725,-393],[-892,-120]],[[47860,88885],[971,-1129]],[[48831,87756],[-489,-606]],[[48342,87150],[-421,-169],[-264,-426],[126,-461]],[[48342,87150],[428,-163],[227,-562]],[[48997,86425],[-259,-572]],[[48738,85853],[-305,71],[-75,439],[-575,-269]],[[50161,87743],[199,-408],[-466,-1478]],[[49894,85857],[-897,568]],[[48831,87756],[718,384],[612,-397]],[[49894,85857],[-297,-345]],[[49597,85512],[-859,341]],[[49597,85512],[-507,-706]],[[49090,84806],[-355,-2]],[[30936,68613],[-812,-731]],[[31773,68212],[-394,-724]],[[31320,68748],[421,-30],[32,-506]],[[31773,68212],[231,-164],[844,-62],[-56,-405]],[[48530,76463],[583,5],[355,326]],[[27889,73033],[217,1098],[-255,264]],[[28808,74728],[988,-667]],[[29976,75387],[392,-197]],[[30191,75777],[545,101]],[[29775,76459],[314,195],[164,788]],[[34357,82732],[379,-241]],[[49144,77757],[209,-47]],[[49328,79845],[941,-503],[144,-529]],[[49875,80809],[365,395]],[[50240,81204],[372,-30],[510,-666]],[[49090,84806],[650,-1322],[-307,-661],[384,-476],[-112,-279],[535,-864]],[[50540,90055],[81,-603],[345,-763],[-161,-403],[-644,-543]],[[47965,90220],[1781,192],[794,-357]],[[49195,92479],[242,-85],[1079,-1439],[24,-900]],[[40624,95171],[-189,516]],[[40435,95687],[1989,558],[1102,613],[2475,-489],[932,-483],[996,-652],[342,-366],[52,-727],[703,-830]],[[40238,96313],[-143,-192],[340,-434]],[[38486,96787],[961,-92],[178,-298],[613,-84]],[[42575,99350],[-393,-206],[-793,294],[-257,-151],[-272,324]],[[40860,99611],[424,23],[1062,365],[229,-649]],[[42575,99350],[84,-647]],[[42659,98703],[-166,-219],[-1913,405],[-569,271]],[[40011,99160],[378,481],[471,-30]],[[42659,98703],[-112,-782],[-290,-504]],[[39098,98530],[-14,133]],[[39084,98663],[927,497]],[[41358,96909],[-423,-533],[-697,-63]],[[37430,96887],[80,579],[-440,626]],[[37070,98092],[1028,155],[986,416]],[[30358,91117],[-640,-121]],[[30081,91531],[1059,-8],[1251,438]],[[32089,90469],[-1669,-204]],[[25620,72347],[-43,-83]],[[30749,92894],[-562,-8]],[[30478,94852],[1059,-138]],[[26023,74050],[-40,-960]],[[32966,95020],[75,531],[470,657],[468,346],[1825,488],[535,669],[731,381]],[[24978,27749],[328,358],[121,995]]],"transform":{"scale":[8.966389663896658e-06,8.960989609896073e-06],"translate":[85.67541,23.883600000000005]},"objects":{"villages":{"type":"GeometryCollection","geometries":[{"arcs":[[0,1,2,3,4,5,6]],"type":"Polygon","properties":{"n":"Kharkhari","c":352348,"d":"Giridih","s":"JHARKHAND"}},{"arcs":[[7,8,9,10,11,12]],"type":"Polygon","properties":{"n":"Palma","c":352949,"d":"Giridih","s":"JHARKHAND"}},{"arcs":[[13,14,15,16]],"type":"Polygon","properties":{"n":"Saharpur Gobindpur","c":352801,"d":"Giridih","s":"JHARKHAND"}},{"arcs":[[17,18,19,20,21]],"type":"Polygon","properties":{"n":"Chandan Kurwa","c":352710,"d":"Giridih","s":"JHARKHAND"}},{"arcs":[[22,23,24,25,26]],"type":"Polygon","properties":{"n":"Sonturpi","c":352481,"d":"Giridih","s":"JHARKHAND"}},{"arcs":[[27,28,29,30,31,32,33,34,35,36,37,38,39,40,41]],"type":"Polygon","properties":{"n":"Dhobari","c":352531,"d":"Giridih","s":"JHARKHAND"}},{"arcs":[[42,43,44,45,46,47]],"type":"Polygon","properties":{"n":"Akhena","c":352476,"d":"Giridih","s":"JHARKHAND"}},{"arcs":[[48,49,50,51,52,53]],"type":"Polygon","properties":{"n":"Kasiatand","c":351484,"d":"Giridih","s":"JHARKHAND"}},{"arcs":[[54,55,-31]],"type":"Polygon","properties":{"n":"Ambadih","c":352536,"d":"Giridih","s":"JHARKHAND"}},{"arcs":[[56,57,58,59,60,61,62,63,-4]],"type":"Polygon","properties":{"n":"Kalyanpur","c":352349,"d":"Giridih","s":"JHARKHAND"}},{"arcs":[[64,65,66,67,68]],"type":"Polygon","properties":{"n":"Gidhatanr","c":352294,"d":"Giridih","s":"JHARKHAND"}},{"arcs":[[69,70,71,72,73]],"type":"Polygon","properties":{"n":"Nichitpur","c":352293,"d":"Giridih","s":"JHARKHAND"}},{"arcs":[[74,75,76,77,78,79,80]],"type":"Polygon","properties":{"n":"Baradih","c":352357,"d":"Giridih","s":"JHARKHAND"}},{"arcs":[[-63,81,82,83,84]],"type":"Polygon","properties":{"n":"Garaidih","c":352353,"d":"Giridih","s":"JHARKHAND"}},{"arcs":[[-84,85,86,87,88,89,-71,90]],"type":"Polygon","properties":{"n":"Chitankhari","c":352292,"d":"Giridih","s":"JHARKHAND"}},{"arcs":[[91,92,-82,-62,93]],"type":"Polygon","properties":{"n":"Belna","c":352352,"d":"Giridih","s":"JHARKHAND"}},{"arcs":[[94,-86,-83,-93]],"type":"Polygon","properties":{"n":"Belatanr","c":352354,"d":"Giridih","s":"JHARKHAND"}},{"arcs":[[95,-80,96,97,-87,-95,-92]],"type":"Polygon","properties":{"n":"Taratanr","c":352355,"d":"Giridih","s":"JHARKHAND"}},{"arcs":[[98,99,100,101,102,103,104,105,106,107]],"type":"Polygon","properties":{"n":"Mokamo","c":352543,"d":"Giridih","s":"JHARKHAND"}},{"arcs":[[-106,108,-42,109,110]],"type":"Polygon","properties":{"n":"Bakradih","c":352541,"d":"Giridih","s":"JHARKHAND"}},{"arcs":[[-75,111,-60,112,113]],"type":"Polygon","properties":{"n":"Majhladih","c":352350,"d":"Giridih","s":"JHARKHAND"}},{"arcs":[[-79,114,-97]],"type":"Polygon","properties":{"n":"Jamuniatanr","c":352356,"d":"Giridih","s":"JHARKHAND"}},{"arcs":[[-98,-115,115,116,-88]],"type":"Polygon","properties":{"n":"Chhatarbad","c":352518,"d":"Giridih","s":"JHARKHAND"}},{"arcs":[[-89,-117,117,118,-110,-41,119,120,121,122,123,124,125]],"type":"Polygon","properties":{"n":"Bagodih","c":352520,"d":"Giridih","s":"JHARKHAND"}},{"arcs":[[-107,-111,-119,126,127]],"type":"Polygon","properties":{"n":"Jharkhi","c":352359,"d":"Giridih","s":"JHARKHAND"}},{"arcs":[[128,129,-108,-128,130,-77,131]],"type":"Polygon","properties":{"n":"Pipradih","c":352358,"d":"Giridih","s":"JHARKHAND"}},{"arcs":[[-131,-127,-118,-116,-78]],"type":"Polygon","properties":{"n":"Kheraun","c":352519,"d":"Giridih","s":"JHARKHAND"}},{"arcs":[[132,-5,-64,-85,-91,-70,-66,133]],"type":"Polygon","properties":{"n":"Urro","c":352516,"d":"Giridih","s":"JHARKHAND"}},{"arcs":[[134,135,136,-72,-90,-126,137,-124,138,139,140,141,142,143,144]],"type":"Polygon","properties":{"n":"Urro","c":352516,"d":"Giridih","s":"JHARKHAND"}},{"arcs":[[-81,-96,-94,-61,-112]],"type":"Polygon","properties":{"n":"Saranda","c":352351,"d":"Giridih","s":"JHARKHAND"}},{"arcs":[[145,146,147,148,-132,-76,-114,149,150]],"type":"Polygon","properties":{"n":"Kharkhundo","c":352361,"d":"Giridih","s":"JHARKHAND"}},{"arcs":[[151,152,153,154,155,156,157]],"type":"Polygon","properties":{"n":"Parasia","c":352500,"d":"Giridih","s":"JHARKHAND"}},{"arcs":[[158,159,160,161,162,163,164,165]],"type":"Polygon","properties":{"n":"Saria Khurd","c":352514,"d":"Giridih","s":"JHARKHAND"}},{"arcs":[[-164,166,167,168,169,170]],"type":"Polygon","properties":{"n":"Keshwai","c":352512,"d":"Giridih","s":"JHARKHAND"}},{"arcs":[[171,172,-161,173]],"type":"Polygon","properties":{"n":"Nawadih","c":352525,"d":"Giridih","s":"JHARKHAND"}},{"arcs":[[174,175,176,177,-143]],"type":"Polygon","properties":{"n":"Majhladih","c":352261,"d":"Giridih","s":"JHARKHAND"}},{"arcs":[[-144,-178,178,179,180,181,182,183]],"type":"Polygon","properties":{"n":"Manihari","c":352267,"d":"Giridih","s":"JHARKHAND"}},{"arcs":[[184,185]],"type":"Polygon","properties":{"n":"Behrabad","c":352264,"d":"Giridih","s":"JHARKHAND"}},{"arcs":[[-177,186,187,-185,188,-179]],"type":"Polygon","properties":{"n":"Guritanr","c":352263,"d":"Giridih","s":"JHARKHAND"}},{"arcs":[[189,-73,-137,190,191]],"type":"Polygon","properties":{"n":"Dhab","c":352288,"d":"Giridih","s":"JHARKHAND"}},{"arcs":[[192,193,194]],"type":"Polygon","properties":{"n":"Pandna Khurd","c":352257,"d":"Giridih","s":"JHARKHAND"}},{"arcs":[[-141,195,-193,196]],"type":"Polygon","properties":{"n":"Ghusko","c":352258,"d":"Giridih","s":"JHARKHAND"}},{"arcs":[[197,198,199,200,201,-35]],"type":"Polygon","properties":{"n":"Pipradih","c":352528,"d":"Giridih","s":"JHARKHAND"}},{"arcs":[[202,203,204,205,206]],"type":"Polygon","properties":{"n":"Padaria","c":352469,"d":"Giridih","s":"JHARKHAND"}},{"arcs":[[207,208,-33,209]],"type":"Polygon","properties":{"n":"Andharkola","c":352534,"d":"Giridih","s":"JHARKHAND"}},{"arcs":[[210,211,212,213,214,215,216,-205]],"type":"Polygon","properties":{"n":"Dondlo","c":352471,"d":"Giridih","s":"JHARKHAND"}},{"arcs":[[217,218,219,-213]],"type":"Polygon","properties":{"n":"Chalania","c":352466,"d":"Giridih","s":"JHARKHAND"}},{"arcs":[[220,221,222,223,-218,-212]],"type":"Polygon","properties":{"n":"Ambadih","c":352467,"d":"Giridih","s":"JHARKHAND"}},{"arcs":[[-201,224,225,-203,226,227,228]],"type":"Polygon","properties":{"n":"Dhawaiya","c":352440,"d":"Giridih","s":"JHARKHAND"}},{"arcs":[[-199,229,230,231,232,233,234,235,236]],"type":"Polygon","properties":{"n":"Kusmarja","c":352449,"d":"Giridih","s":"JHARKHAND"}},{"arcs":[[-209,237,-230,-198,-34]],"type":"Polygon","properties":{"n":"Chichaki","c":352532,"d":"Giridih","s":"JHARKHAND"}},{"arcs":[[-237,238,239,-225,-200]],"type":"Polygon","properties":{"n":"Sirisdiha","c":352527,"d":"Giridih","s":"JHARKHAND"}},{"arcs":[[240,-8,241,242]],"type":"Polygon","properties":{"n":"Bhawanand","c":352947,"d":"Giridih","s":"JHARKHAND"}},{"arcs":[[243,244,-44,245,246]],"type":"Polygon","properties":{"n":"Chholabar","c":352477,"d":"Giridih","s":"JHARKHAND"}},{"arcs":[[-27,247,-244,248]],"type":"Polygon","properties":{"n":"Lukuiya","c":352479,"d":"Giridih","s":"JHARKHAND"}},{"arcs":[[249]],"type":"Polygon","properties":{"n":"Lachhuadih","c":351486,"d":"Giridih","s":"JHARKHAND"}},{"arcs":[[250]],"type":"Polygon","properties":{"n":"Bishunpur","c":351577,"d":"Giridih","s":"JHARKHAND"}},{"arcs":[[251]],"type":"Polygon","properties":{"n":"Shyamdih","c":352005,"d":"Giridih","s":"JHARKHAND"}},{"arcs":[[252]],"type":"Polygon","properties":{"n":"Madhudih","c":352794,"d":"Giridih","s":"JHARKHAND"}},{"arcs":[[253,254,255,256]],"type":"Polygon","properties":{"n":"Hazaribad","c":352205,"d":"Giridih","s":"JHARKHAND"}},{"arcs":[[257,-257,258,259]],"type":"Polygon","properties":{"n":"Maheshpur","c":352206,"d":"Giridih","s":"JHARKHAND"}},{"arcs":[[260,261,262]],"type":"Polygon","properties":{"n":"Gondliajor","c":352203,"d":"Giridih","s":"JHARKHAND"}},{"arcs":[[263,264,265,266,-261]],"type":"Polygon","properties":{"n":"Asoadih","c":352208,"d":"Giridih","s":"JHARKHAND"}},{"arcs":[[267,268,269,270,271,-264]],"type":"Polygon","properties":{"n":"Tarabali","c":352209,"d":"Giridih","s":"JHARKHAND"}},{"arcs":[[272,273,274,275,-265,-272]],"type":"Polygon","properties":{"n":"Baltharwa","c":352211,"d":"Giridih","s":"JHARKHAND"}},{"arcs":[[276,277,278,-275]],"type":"Polygon","properties":{"n":"Purni Petaria","c":352212,"d":"Giridih","s":"JHARKHAND"}},{"arcs":[[279,280,281,282,-278]],"type":"Polygon","properties":{"n":"Mahuatanr","c":352213,"d":"Giridih","s":"JHARKHAND"}},{"arcs":[[-271,283,284,-273]],"type":"Polygon","properties":{"n":"Kolhamanjo","c":352210,"d":"Giridih","s":"JHARKHAND"}},{"arcs":[[285,286,287,288,289,-280,-277,-274,-285]],"type":"Polygon","properties":{"n":"Gadisirampur","c":352217,"d":"Giridih","s":"JHARKHAND"}},{"arcs":[[290,291,292,293,294,-281,-290]],"type":"Polygon","properties":{"n":"Majhiladih","c":352216,"d":"Giridih","s":"JHARKHAND"}},{"arcs":[[295,296,297,-293]],"type":"Polygon","properties":{"n":"Baniadih","c":352219,"d":"Giridih","s":"JHARKHAND"}},{"arcs":[[-292,298,299,300,-296]],"type":"Polygon","properties":{"n":"Mosafdih","c":352218,"d":"Giridih","s":"JHARKHAND"}},{"arcs":[[301,302,303,304,-297,-301]],"type":"Polygon","properties":{"n":"Mohanpur","c":352220,"d":"Giridih","s":"JHARKHAND"}},{"arcs":[[-289,305,306,-299,-291]],"type":"Polygon","properties":{"n":"Turukdiha","c":352226,"d":"Giridih","s":"JHARKHAND"}},{"arcs":[[-288,307,308,309,310,311,-306]],"type":"Polygon","properties":{"n":"Biswasdih","c":352227,"d":"Giridih","s":"JHARKHAND"}},{"arcs":[[312,313,314,-309]],"type":"Polygon","properties":{"n":"Tikodih","c":352228,"d":"Giridih","s":"JHARKHAND"}},{"arcs":[[315,316,317,318,319,-314]],"type":"Polygon","properties":{"n":"Chunjka","c":352190,"d":"Giridih","s":"JHARKHAND"}},{"arcs":[[320,321,322,323,-317]],"type":"Polygon","properties":{"n":"Chilga","c":352183,"d":"Giridih","s":"JHARKHAND"}},{"arcs":[[324,325,326,-322]],"type":"Polygon","properties":{"n":"Karmatanr","c":352182,"d":"Giridih","s":"JHARKHAND"}},{"arcs":[[327,328,329,330,331,-326]],"type":"Polygon","properties":{"n":"Lodi Alias Sarhancha","c":352179,"d":"Giridih","s":"JHARKHAND"}},{"arcs":[[332,333,334,335,336,337,338,339,340,341,-328,-325,342]],"type":"Polygon","properties":{"n":"Muturkha","c":352192,"d":"Giridih","s":"JHARKHAND"}},{"arcs":[[-321,-316,-313,-308,-287,343,344,-343]],"type":"Polygon","properties":{"n":"Purnanagar","c":352191,"d":"Giridih","s":"JHARKHAND"}},{"arcs":[[345,346,347,-334]],"type":"Polygon","properties":{"n":"Balho","c":352197,"d":"Giridih","s":"JHARKHAND"}},{"arcs":[[-333,-345,348,349,-346]],"type":"Polygon","properties":{"n":"Jitjor","c":352198,"d":"Giridih","s":"JHARKHAND"}},{"arcs":[[350,351,-347,-350]],"type":"Polygon","properties":{"n":"Terkha","c":352196,"d":"Giridih","s":"JHARKHAND"}},{"arcs":[[352,353,-335,-348,-352]],"type":"Polygon","properties":{"n":"Baramasiya","c":352195,"d":"Giridih","s":"JHARKHAND"}},{"arcs":[[354,355,-336,-354]],"type":"Polygon","properties":{"n":"Khesmi","c":352194,"d":"Giridih","s":"JHARKHAND"}},{"arcs":[[-353,-351,-349,-344,-286,-284,-270,356,-355]],"type":"Polygon","properties":{"n":"Jaspur","c":352199,"d":"Giridih","s":"JHARKHAND"}},{"arcs":[[357,358,359,-269]],"type":"Polygon","properties":{"n":"Kurbera","c":352201,"d":"Giridih","s":"JHARKHAND"}},{"arcs":[[360,361,362,363]],"type":"Polygon","properties":{"n":"Chirudih","c":352235,"d":"Giridih","s":"JHARKHAND"}},{"arcs":[[364,365,366,367,368]],"type":"Polygon","properties":{"n":"Jogibad","c":352233,"d":"Giridih","s":"JHARKHAND"}},{"arcs":[[369,-368,370,-363,371,372]],"type":"Polygon","properties":{"n":"Koemara","c":352234,"d":"Giridih","s":"JHARKHAND"}},{"arcs":[[-372,-362,373,-303,374,375,376,377]],"type":"Polygon","properties":{"n":"Udnabad","c":352221,"d":"Giridih","s":"JHARKHAND"}},{"arcs":[[378,379,380,381,382]],"type":"Polygon","properties":{"n":"Harsingh Raidih","c":352230,"d":"Giridih","s":"JHARKHAND"}},{"arcs":[[383,-375,-302,-300,-307,-312,384,-379]],"type":"Polygon","properties":{"n":"Mahtodih","c":352225,"d":"Giridih","s":"JHARKHAND"}},{"arcs":[[-311,385,-380,-385]],"type":"Polygon","properties":{"n":"Bhorandiha","c":352224,"d":"Giridih","s":"JHARKHAND"}},{"arcs":[[-310,-315,-320,386,387,-381,-386]],"type":"Polygon","properties":{"n":"Burhiadih","c":352229,"d":"Giridih","s":"JHARKHAND"}},{"arcs":[[388,389,390,391,392,393]],"type":"Polygon","properties":{"n":"Pandedih","c":352018,"d":"Giridih","s":"JHARKHAND"}},{"arcs":[[394,395,396,397,398,399]],"type":"Polygon","properties":{"n":"Sihodih","c":352019,"d":"Giridih","s":"JHARKHAND"}},{"arcs":[[400,401,402,403,404]],"type":"Polygon","properties":{"n":"Harichak","c":352052,"d":"Giridih","s":"JHARKHAND"}},{"arcs":[[405,406,-398,407,408,409,-402]],"type":"Polygon","properties":{"n":"Boro","c":352053,"d":"Giridih","s":"JHARKHAND"}},{"arcs":[[-397,410,-408]],"type":"Polygon","properties":{"n":"Mohanpur","c":352054,"d":"Giridih","s":"JHARKHAND"}},{"arcs":[[-396,411,-391,412,413,414,415,416,417,-409,-411]],"type":"Polygon","properties":{"n":"Giridih (Nagar Parishad)","c":801768,"d":"Giridih","s":"JHARKHAND"}},{"arcs":[[-390,418,419,420,-413]],"type":"Polygon","properties":{"n":"Jariagadi","c":352186,"d":"Giridih","s":"JHARKHAND"}},{"arcs":[[421,422,-382,-388,423,-419,-389,424]],"type":"Polygon","properties":{"n":"Garhatanr","c":352187,"d":"Giridih","s":"JHARKHAND"}},{"arcs":[[-387,-319,425,426,-420,-424]],"type":"Polygon","properties":{"n":"Paratdih (CT)","c":352243,"d":"Giridih","s":"JHARKHAND"}},{"arcs":[[-318,-324,427,428,-426]],"type":"Polygon","properties":{"n":"Khandiha","c":352189,"d":"Giridih","s":"JHARKHAND"}},{"arcs":[[429,430,-414,-421,-427,-429]],"type":"Polygon","properties":{"n":"Koldiha","c":352185,"d":"Giridih","s":"JHARKHAND"}},{"arcs":[[431,432,433,-415,-431]],"type":"Polygon","properties":{"n":"Jogitanr","c":352184,"d":"Giridih","s":"JHARKHAND"}},{"arcs":[[434,-416,-434]],"type":"Polygon","properties":{"n":"Mahthadih","c":352155,"d":"Giridih","s":"JHARKHAND"}},{"arcs":[[-433,435,436,-417,-435]],"type":"Polygon","properties":{"n":"Bakshidih","c":352154,"d":"Giridih","s":"JHARKHAND"}},{"arcs":[[-430,-428,437,438,439,-432]],"type":"Polygon","properties":{"n":"Akdoni Khurd (CT)","c":352241,"d":"Giridih","s":"JHARKHAND"}},{"arcs":[[-323,-327,-332,440,441,-438]],"type":"Polygon","properties":{"n":"Akdoni Kalan","c":352181,"d":"Giridih","s":"JHARKHAND"}},{"arcs":[[-331,442,443,-441]],"type":"Polygon","properties":{"n":"Pokharia","c":352180,"d":"Giridih","s":"JHARKHAND"}},{"arcs":[[444,445,446,-439,-442,-444]],"type":"Polygon","properties":{"n":"Baddiha","c":352158,"d":"Giridih","s":"JHARKHAND"}},{"arcs":[[447,448]],"type":"Polygon","properties":{"n":"Dhobidih","c":352152,"d":"Giridih","s":"JHARKHAND"}},{"arcs":[[449,-448]],"type":"Polygon","properties":{"n":"Mukhpitomai Pipratanr","c":352151,"d":"Giridih","s":"JHARKHAND"}},{"arcs":[[450,451,452,-436,-440,453,454,455,456,457,458,459,460,461],[-450,-449]],"type":"Polygon","properties":{"n":"Karharbari","c":352153,"d":"Giridih","s":"JHARKHAND"}},{"arcs":[[462,463,464,-453]],"type":"Polygon","properties":{"n":"Jaridih Pachamba","c":352064,"d":"Giridih","s":"JHARKHAND"}},{"arcs":[[465,-437,-465]],"type":"Polygon","properties":{"n":"Bishunpur","c":352063,"d":"Giridih","s":"JHARKHAND"}},{"arcs":[[-464,466,467,468,469,470,471,-418,-466]],"type":"Polygon","properties":{"n":" ","c":0,"d":"Giridih","s":"JHARKHAND"}},{"arcs":[[472,-403,-410,-472]],"type":"Polygon","properties":{"n":"Dandiadih","c":352062,"d":"Giridih","s":"JHARKHAND"}},{"arcs":[[-404,-473,-471,473,474]],"type":"Polygon","properties":{"n":"Masibiri","c":352051,"d":"Giridih","s":"JHARKHAND"}},{"arcs":[[475,476,477,478,479,480]],"type":"Polygon","properties":{"n":"Rajpura","c":352040,"d":"Giridih","s":"JHARKHAND"}},{"arcs":[[481,482,483,-476]],"type":"Polygon","properties":{"n":"Girdharchak","c":352039,"d":"Giridih","s":"JHARKHAND"}},{"arcs":[[484,485,486,487,-480]],"type":"Polygon","properties":{"n":"Tahiodih","c":352043,"d":"Giridih","s":"JHARKHAND"}},{"arcs":[[488,489,490,-487]],"type":"Polygon","properties":{"n":"Sikdardih","c":352044,"d":"Giridih","s":"JHARKHAND"}},{"arcs":[[491,492,493,494,-490]],"type":"Polygon","properties":{"n":"Tewaridih","c":352045,"d":"Giridih","s":"JHARKHAND"}},{"arcs":[[495,496,497,498,-494]],"type":"Polygon","properties":{"n":"Handhadih","c":352046,"d":"Giridih","s":"JHARKHAND"}},{"arcs":[[-468,499,-451,500,-497]],"type":"Polygon","properties":{"n":"Kalyandih","c":352066,"d":"Giridih","s":"JHARKHAND"}},{"arcs":[[-467,-463,-452,-500]],"type":"Polygon","properties":{"n":"Salaia","c":352065,"d":"Giridih","s":"JHARKHAND"}},{"arcs":[[-462,501,-498,-501]],"type":"Polygon","properties":{"n":"Pandedih","c":352067,"d":"Giridih","s":"JHARKHAND"}},{"arcs":[[-461,502,503,504,-482,-481,-488,-491,-495,-499,-502]],"type":"Polygon","properties":{"n":"Lohpiti","c":352068,"d":"Giridih","s":"JHARKHAND"}},{"arcs":[[505,506,507,508,509,-483,-505]],"type":"Polygon","properties":{"n":"Sundertanr","c":352038,"d":"Giridih","s":"JHARKHAND"}},{"arcs":[[-504,510,511,512,-506]],"type":"Polygon","properties":{"n":"Telodih (CT)","c":352238,"d":"Giridih","s":"JHARKHAND"}},{"arcs":[[513,514,515,-477,-484,-510]],"type":"Polygon","properties":{"n":"Nawadih","c":352037,"d":"Giridih","s":"JHARKHAND"}},{"arcs":[[-509,516,517,518,-514]],"type":"Polygon","properties":{"n":"Dilibad","c":352036,"d":"Giridih","s":"JHARKHAND"}},{"arcs":[[-508,519,-517]],"type":"Polygon","properties":{"n":"Jagmani Raidih","c":352035,"d":"Giridih","s":"JHARKHAND"}},{"arcs":[[-507,-513,520,521,522,523,-520]],"type":"Polygon","properties":{"n":"Maniamari","c":352034,"d":"Giridih","s":"JHARKHAND"}},{"arcs":[[524,525,526,-522]],"type":"Polygon","properties":{"n":"Hiradih","c":352085,"d":"Giridih","s":"JHARKHAND"}},{"arcs":[[527,528,529,-523,-527]],"type":"Polygon","properties":{"n":"Bauradih","c":352086,"d":"Giridih","s":"JHARKHAND"}},{"arcs":[[-525,-521,-512,530,531,532]],"type":"Polygon","properties":{"n":"Paharpur","c":352084,"d":"Giridih","s":"JHARKHAND"}},{"arcs":[[-511,-503,-460,533,534,535,-531]],"type":"Polygon","properties":{"n":"Jitpur","c":352069,"d":"Giridih","s":"JHARKHAND"}},{"arcs":[[-459,536,537,538,539,-534]],"type":"Polygon","properties":{"n":"Karmatanr","c":352070,"d":"Giridih","s":"JHARKHAND"}},{"arcs":[[540,541,542,543,-535,-540]],"type":"Polygon","properties":{"n":"Undro","c":352075,"d":"Giridih","s":"JHARKHAND"}},{"arcs":[[544,545,-532,-536,-544]],"type":"Polygon","properties":{"n":"Sonbahiar","c":352076,"d":"Giridih","s":"JHARKHAND"}},{"arcs":[[546,547,548,549,-528,-526,-533,-546]],"type":"Polygon","properties":{"n":"Pandardih","c":352083,"d":"Giridih","s":"JHARKHAND"}},{"arcs":[[-545,550,551,-547]],"type":"Polygon","properties":{"n":"Utimtanr","c":352077,"d":"Giridih","s":"JHARKHAND"}},{"arcs":[[-543,552,553,554,555,-551]],"type":"Polygon","properties":{"n":"Guro","c":352078,"d":"Giridih","s":"JHARKHAND"}},{"arcs":[[-542,556,557,-553]],"type":"Polygon","properties":{"n":"Dangra","c":352074,"d":"Giridih","s":"JHARKHAND"}},{"arcs":[[-539,558,559,560,-541]],"type":"Polygon","properties":{"n":"Gararma","c":352072,"d":"Giridih","s":"JHARKHAND"}},{"arcs":[[-561,561,562,563,-557]],"type":"Polygon","properties":{"n":"Jelaiatanr","c":352073,"d":"Giridih","s":"JHARKHAND"}},{"arcs":[[-560,564,565,566,567,568,-562]],"type":"Polygon","properties":{"n":"Amjo","c":352149,"d":"Giridih","s":"JHARKHAND"}},{"arcs":[[-559,-538,569,-565]],"type":"Polygon","properties":{"n":"Jobhi","c":352071,"d":"Giridih","s":"JHARKHAND"}},{"arcs":[[-537,-458,570,571,572,-566,-570]],"type":"Polygon","properties":{"n":"Ghorbad","c":352150,"d":"Giridih","s":"JHARKHAND"}},{"arcs":[[-573,573,574,-567]],"type":"Polygon","properties":{"n":"Durga Pahari","c":352148,"d":"Giridih","s":"JHARKHAND"}},{"arcs":[[-572,575,576,577,578,579,-574]],"type":"Polygon","properties":{"n":"Sadigawaro","c":352147,"d":"Giridih","s":"JHARKHAND"}},{"arcs":[[-571,-457,580,581,582,583,584,585,-576]],"type":"Polygon","properties":{"n":"Badgunda Khurd","c":352164,"d":"Giridih","s":"JHARKHAND"}},{"arcs":[[-456,586,-581]],"type":"Polygon","properties":{"n":"Tetaria","c":352163,"d":"Giridih","s":"JHARKHAND"}},{"arcs":[[-587,-455,587,588,589,-582]],"type":"Polygon","properties":{"n":"Gopai","c":352162,"d":"Giridih","s":"JHARKHAND"}},{"arcs":[[-454,-447,-588]],"type":"Polygon","properties":{"n":"Belatanr","c":352157,"d":"Giridih","s":"JHARKHAND"}},{"arcs":[[590,591,592,-583,-590]],"type":"Polygon","properties":{"n":"Chepo","c":352161,"d":"Giridih","s":"JHARKHAND"}},{"arcs":[[-589,-446,593,-591]],"type":"Polygon","properties":{"n":"Gujiadih","c":352160,"d":"Giridih","s":"JHARKHAND"}},{"arcs":[[-445,-443,-330,594,595,596,597,-592,-594]],"type":"Polygon","properties":{"n":"Chamarkho","c":352159,"d":"Giridih","s":"JHARKHAND"}},{"arcs":[[598,599,-597]],"type":"Polygon","properties":{"n":"Jarbad","c":352175,"d":"Giridih","s":"JHARKHAND"}},{"arcs":[[-596,600,601,602,603,-599]],"type":"Polygon","properties":{"n":"Datlaga","c":352176,"d":"Giridih","s":"JHARKHAND"}},{"arcs":[[-604,604,605,606,-584,-593,-598,-600]],"type":"Polygon","properties":{"n":"Badgunda Kalan","c":352174,"d":"Giridih","s":"JHARKHAND"}},{"arcs":[[607,608,-585,-607]],"type":"Polygon","properties":{"n":"Rohaniatanr","c":352165,"d":"Giridih","s":"JHARKHAND"}},{"arcs":[[609,610,-577,-586,-609]],"type":"Polygon","properties":{"n":"Kalhnatanr","c":352166,"d":"Giridih","s":"JHARKHAND"}},{"arcs":[[611,612,613,-610]],"type":"Polygon","properties":{"n":"Gamhara","c":352167,"d":"Giridih","s":"JHARKHAND"}},{"arcs":[[614,615,616,-611,-614]],"type":"Polygon","properties":{"n":"Chapardiha","c":352168,"d":"Giridih","s":"JHARKHAND"}},{"arcs":[[617,618,619,620,-578,-617]],"type":"Polygon","properties":{"n":"Tatokiyari","c":352146,"d":"Giridih","s":"JHARKHAND"}},{"arcs":[[-613,621,622,623,624,-615]],"type":"Polygon","properties":{"n":"Kornatanr","c":352169,"d":"Giridih","s":"JHARKHAND"}},{"arcs":[[625,626,-623,627]],"type":"Polygon","properties":{"n":"Berdonga","c":352170,"d":"Giridih","s":"JHARKHAND"}},{"arcs":[[-493,628,-469,-496]],"type":"Polygon","properties":{"n":"Mandardih","c":352047,"d":"Giridih","s":"JHARKHAND"}},{"arcs":[[629,630,631,632,633]],"type":"Polygon","properties":{"n":"Kajro","c":352029,"d":"Giridih","s":"JHARKHAND"}},{"arcs":[[-630,634,635,636]],"type":"Polygon","properties":{"n":"Barotanr","c":352024,"d":"Giridih","s":"JHARKHAND"}},{"arcs":[[637,638,639,-636,640,641]],"type":"Polygon","properties":{"n":"Barotanr","c":352024,"d":"Giridih","s":"JHARKHAND"}},{"arcs":[[642,-638,643]],"type":"Polygon","properties":{"n":"Chhitgarbhudhab","c":352023,"d":"Giridih","s":"JHARKHAND"}},{"arcs":[[644,645]],"type":"Polygon","properties":{"n":"Hariharpur","c":352026,"d":"Giridih","s":"JHARKHAND"}},{"arcs":[[646,-645,647,-641,-635,-634,648,649,650,651,652]],"type":"Polygon","properties":{"n":"Sugasar","c":352027,"d":"Giridih","s":"JHARKHAND"}},{"arcs":[[653,654,-650]],"type":"Polygon","properties":{"n":"Partappur","c":352031,"d":"Giridih","s":"JHARKHAND"}},{"arcs":[[-651,-655,655,656,657,658]],"type":"Polygon","properties":{"n":"Ranidih","c":352032,"d":"Giridih","s":"JHARKHAND"}},{"arcs":[[-654,-649,-633,659,-515,-519,660,-656]],"type":"Polygon","properties":{"n":"Pariyana","c":352030,"d":"Giridih","s":"JHARKHAND"}},{"arcs":[[661,662,663,664,665,666,667,668,669,670,671,-529,-550]],"type":"Polygon","properties":{"n":"Manakdiha","c":352087,"d":"Giridih","s":"JHARKHAND"}},{"arcs":[[672,673,-670,674,675,676]],"type":"Polygon","properties":{"n":"Gadi","c":352089,"d":"Giridih","s":"JHARKHAND"}},{"arcs":[[677,678,679,680,681,-676]],"type":"Polygon","properties":{"n":"Ghaghardiha","c":352090,"d":"Giridih","s":"JHARKHAND"}},{"arcs":[[682,-681,683,684,685,686]],"type":"Polygon","properties":{"n":"Burhiatanr","c":352100,"d":"Giridih","s":"JHARKHAND"}},{"arcs":[[-685,687,688,689,690]],"type":"Polygon","properties":{"n":"Sathibad","c":352105,"d":"Giridih","s":"JHARKHAND"}},{"arcs":[[-690,691,692,693]],"type":"Polygon","properties":{"n":"Kodaia","c":352106,"d":"Giridih","s":"JHARKHAND"}},{"arcs":[[-693,694,695,696,697,698,699,700]],"type":"Polygon","properties":{"n":"Kusumbha","c":352107,"d":"Giridih","s":"JHARKHAND"}},{"arcs":[[701,702,-699,703,704,705,706,707]],"type":"Polygon","properties":{"n":"Maheshpur","c":352108,"d":"Giridih","s":"JHARKHAND"}},{"arcs":[[708,709,710,711,-704,-698]],"type":"Polygon","properties":{"n":"Paharpur","c":352109,"d":"Giridih","s":"JHARKHAND"}},{"arcs":[[712,713,714,715,716,717]],"type":"Polygon","properties":{"n":"Baghmara","c":352134,"d":"Giridih","s":"JHARKHAND"}},{"arcs":[[718,719,720,721,722,-714]],"type":"Polygon","properties":{"n":"Tol Harkato","c":352135,"d":"Giridih","s":"JHARKHAND"}},{"arcs":[[-711,723,724,725,-719,-713]],"type":"Polygon","properties":{"n":"Kurumdiha","c":352133,"d":"Giridih","s":"JHARKHAND"}},{"arcs":[[726,727,728,-721,729]],"type":"Polygon","properties":{"n":"Baragarha Khurd","c":352138,"d":"Giridih","s":"JHARKHAND"}},{"arcs":[[730,731,732,733,734,735,736,-725]],"type":"Polygon","properties":{"n":"Leda","c":352141,"d":"Giridih","s":"JHARKHAND"}},{"arcs":[[737,738,739,-735,740]],"type":"Polygon","properties":{"n":"Sinduria","c":352142,"d":"Giridih","s":"JHARKHAND"}},{"arcs":[[741,742,-620]],"type":"Polygon","properties":{"n":"Mahuatanr","c":352125,"d":"Giridih","s":"JHARKHAND"}},{"arcs":[[-734,743,744,745,746,-741]],"type":"Polygon","properties":{"n":"Gadi","c":352127,"d":"Giridih","s":"JHARKHAND"}},{"arcs":[[747,748,749,750,751,-743,-746]],"type":"Polygon","properties":{"n":"Semaria","c":352126,"d":"Giridih","s":"JHARKHAND"}},{"arcs":[[752,-579,-621,-752]],"type":"Polygon","properties":{"n":"Narainpur","c":352124,"d":"Giridih","s":"JHARKHAND"}},{"arcs":[[-751,753,-753]],"type":"Polygon","properties":{"n":"Gondlitanr","c":352123,"d":"Giridih","s":"JHARKHAND"}},{"arcs":[[-750,754,755,756,-568,-575,-580,-754]],"type":"Polygon","properties":{"n":"Changarbansa","c":352122,"d":"Giridih","s":"JHARKHAND"}},{"arcs":[[757,758,-749]],"type":"Polygon","properties":{"n":"Ghosasingha","c":352129,"d":"Giridih","s":"JHARKHAND"}},{"arcs":[[-748,-745,759,-758]],"type":"Polygon","properties":{"n":"Banshidih","c":352128,"d":"Giridih","s":"JHARKHAND"}},{"arcs":[[-744,-733,760,-755,-759,-760]],"type":"Polygon","properties":{"n":"Raghusingha","c":352130,"d":"Giridih","s":"JHARKHAND"}},{"arcs":[[-732,761,762,763,764,-756,-761]],"type":"Polygon","properties":{"n":"Algunda","c":352131,"d":"Giridih","s":"JHARKHAND"}},{"arcs":[[-765,765,766,767,768,-563,-569,-757]],"type":"Polygon","properties":{"n":"Manikbad","c":352121,"d":"Giridih","s":"JHARKHAND"}},{"arcs":[[-766,-764,769,770]],"type":"Polygon","properties":{"n":"Jamunia","c":352120,"d":"Giridih","s":"JHARKHAND"}},{"arcs":[[-763,771,772,-770]],"type":"Polygon","properties":{"n":"Gobindpur","c":352119,"d":"Giridih","s":"JHARKHAND"}},{"arcs":[[-762,-731,-724,-710,773,774,775,776,-772]],"type":"Polygon","properties":{"n":"Kodaidih","c":352132,"d":"Giridih","s":"JHARKHAND"}},{"arcs":[[-777,777,778,779,-767,-771,-773]],"type":"Polygon","properties":{"n":"Masmohna","c":352118,"d":"Giridih","s":"JHARKHAND"}},{"arcs":[[780,781,-768,-780]],"type":"Polygon","properties":{"n":"Baghmara","c":352114,"d":"Giridih","s":"JHARKHAND"}},{"arcs":[[-782,782,783,784,-554,-558,-564,-769]],"type":"Polygon","properties":{"n":"Madanpur","c":352113,"d":"Giridih","s":"JHARKHAND"}},{"arcs":[[-781,-779,785,786,787,-783]],"type":"Polygon","properties":{"n":"Kashiadih","c":352115,"d":"Giridih","s":"JHARKHAND"}},{"arcs":[[-778,-776,-786]],"type":"Polygon","properties":{"n":"Charpoka","c":352117,"d":"Giridih","s":"JHARKHAND"}},{"arcs":[[-775,788,789,-787]],"type":"Polygon","properties":{"n":"Pipratanr","c":352116,"d":"Giridih","s":"JHARKHAND"}},{"arcs":[[-790,790,791,792,-784,-788]],"type":"Polygon","properties":{"n":"Bhalwahi","c":352112,"d":"Giridih","s":"JHARKHAND"}},{"arcs":[[-789,793,794,795,796,-791]],"type":"Polygon","properties":{"n":"Gaikhawaro","c":352111,"d":"Giridih","s":"JHARKHAND"}},{"arcs":[[-774,-709,-697,797,798,-794]],"type":"Polygon","properties":{"n":"Rangadhari","c":352110,"d":"Giridih","s":"JHARKHAND"}},{"arcs":[[-696,799,800,801,-798]],"type":"Polygon","properties":{"n":"Dumariatanr","c":352103,"d":"Giridih","s":"JHARKHAND"}},{"arcs":[[802,803,804,-795,-799,-802]],"type":"Polygon","properties":{"n":"Gadi","c":352097,"d":"Giridih","s":"JHARKHAND"}},{"arcs":[[805,-803,-801]],"type":"Polygon","properties":{"n":"Jagjago","c":352102,"d":"Giridih","s":"JHARKHAND"}},{"arcs":[[-689,806,-800,-695,-692]],"type":"Polygon","properties":{"n":"Tilaia","c":352104,"d":"Giridih","s":"JHARKHAND"}},{"arcs":[[-688,-684,807,808,-806,-807]],"type":"Polygon","properties":{"n":"Tuskio","c":352101,"d":"Giridih","s":"JHARKHAND"}},{"arcs":[[-680,809,810,-808]],"type":"Polygon","properties":{"n":"Ledodih","c":352099,"d":"Giridih","s":"JHARKHAND"}},{"arcs":[[-810,-679,811,812,-667,813]],"type":"Polygon","properties":{"n":"Senadoni","c":352093,"d":"Giridih","s":"JHARKHAND"}},{"arcs":[[-675,-669,814,-812,-678]],"type":"Polygon","properties":{"n":"Khagri","c":352091,"d":"Giridih","s":"JHARKHAND"}},{"arcs":[[-668,-813,-815]],"type":"Polygon","properties":{"n":"Turuk Topa","c":352092,"d":"Giridih","s":"JHARKHAND"}},{"arcs":[[-666,815,-814]],"type":"Polygon","properties":{"n":"Chengrobad","c":352094,"d":"Giridih","s":"JHARKHAND"}},{"arcs":[[-816,816,-804,-809,-811]],"type":"Polygon","properties":{"n":"Dhobia Singha","c":352098,"d":"Giridih","s":"JHARKHAND"}},{"arcs":[[-665,817,-817]],"type":"Polygon","properties":{"n":"Pahariadih","c":352095,"d":"Giridih","s":"JHARKHAND"}},{"arcs":[[-664,818,-796,-805,-818]],"type":"Polygon","properties":{"n":"Bermuka","c":352096,"d":"Giridih","s":"JHARKHAND"}},{"arcs":[[-819,-663,819,820,821,-792,-797]],"type":"Polygon","properties":{"n":"Kowar","c":352080,"d":"Giridih","s":"JHARKHAND"}},{"arcs":[[-822,822,-555,-785,-793]],"type":"Polygon","properties":{"n":"Parbatpur","c":352079,"d":"Giridih","s":"JHARKHAND"}},{"arcs":[[-821,823,-548,-552,-556,-823]],"type":"Polygon","properties":{"n":"Dhanaidih","c":352081,"d":"Giridih","s":"JHARKHAND"}},{"arcs":[[-824,-820,-662,-549]],"type":"Polygon","properties":{"n":"Bisholathi","c":352082,"d":"Giridih","s":"JHARKHAND"}},{"arcs":[[824,825,-727]],"type":"Polygon","properties":{"n":"Harkato","c":352137,"d":"Giridih","s":"JHARKHAND"}},{"arcs":[[826,827,828,829,-338]],"type":"Polygon","properties":{"n":"Jango","c":352193,"d":"Giridih","s":"JHARKHAND"}},{"arcs":[[-360,830,-827,-337,-356,-357]],"type":"Polygon","properties":{"n":"Chunglo","c":352200,"d":"Giridih","s":"JHARKHAND"}},{"arcs":[[831,832,-358,-268,-263]],"type":"Polygon","properties":{"n":"Karmatanr","c":352202,"d":"Giridih","s":"JHARKHAND"}},{"arcs":[[833,-259,-256,834,835,836,-832,-262,-267]],"type":"Polygon","properties":{"n":"Bharkata","c":352204,"d":"Giridih","s":"JHARKHAND"}},{"arcs":[[837,838,839,840,-260,-834,-266,-276,-279,-283]],"type":"Polygon","properties":{"n":"Fulchi","c":352207,"d":"Giridih","s":"JHARKHAND"}},{"arcs":[[841,842,843,844,-838,-282,-295,845]],"type":"Polygon","properties":{"n":"Gangapur","c":352214,"d":"Giridih","s":"JHARKHAND"}},{"arcs":[[846,-846,-294,-298,-305,847]],"type":"Polygon","properties":{"n":"Chatro","c":352215,"d":"Giridih","s":"JHARKHAND"}},{"arcs":[[848,849,850,-848,-304,-374,-361]],"type":"Polygon","properties":{"n":"Jhalakdiha","c":352236,"d":"Giridih","s":"JHARKHAND"}},{"arcs":[[851,852,853,-849,-364,-371,-367]],"type":"Polygon","properties":{"n":"Birangadda","c":352237,"d":"Giridih","s":"JHARKHAND"}},{"arcs":[[854,-377,855,856]],"type":"Polygon","properties":{"n":"Rautgadi","c":352232,"d":"Giridih","s":"JHARKHAND"}},{"arcs":[[-856,-376,-384,-383,-423,857]],"type":"Polygon","properties":{"n":"Jambad","c":352231,"d":"Giridih","s":"JHARKHAND"}},{"arcs":[[858,859,860,-393,861,862]],"type":"Polygon","properties":{"n":"Bergi","c":352017,"d":"Giridih","s":"JHARKHAND"}},{"arcs":[[863,-862,-392,-412,-395,864,865]],"type":"Polygon","properties":{"n":"Sirsia (CT)","c":352239,"d":"Giridih","s":"JHARKHAND"}},{"arcs":[[866,-399,-407,867,868]],"type":"Polygon","properties":{"n":"Sankarchak","c":352020,"d":"Giridih","s":"JHARKHAND"}},{"arcs":[[-868,-406,-401,869,870]],"type":"Polygon","properties":{"n":"Bhal Sumia","c":352021,"d":"Giridih","s":"JHARKHAND"}},{"arcs":[[-474,-470,-629,-492,-489,-486,871,872]],"type":"Polygon","properties":{"n":"Chandandih","c":352049,"d":"Giridih","s":"JHARKHAND"}},{"arcs":[[873,-872,-485,-479,874]],"type":"Polygon","properties":{"n":"Parsatanr","c":352042,"d":"Giridih","s":"JHARKHAND"}},{"arcs":[[875,876,-875,-478,-516,-660,-632]],"type":"Polygon","properties":{"n":"Pindatanr","c":352041,"d":"Giridih","s":"JHARKHAND"}},{"arcs":[[877,878,-644,879,880]],"type":"Polygon","properties":{"n":"Bakoia","c":352022,"d":"Giridih","s":"JHARKHAND"}},{"arcs":[[881,-880,-642,-648,-646,-647,882,883]],"type":"Polygon","properties":{"n":"Dumargurha","c":352025,"d":"Giridih","s":"JHARKHAND"}},{"arcs":[[884,-657,-661,-518,-524,-530,-672,885,886]],"type":"Polygon","properties":{"n":"Khawa","c":352033,"d":"Giridih","s":"JHARKHAND"}},{"arcs":[[887,-886,-671,-674,888]],"type":"Polygon","properties":{"n":"Tigojori","c":352088,"d":"Giridih","s":"JHARKHAND"}},{"arcs":[[-826,889,890,891,892,893,-728]],"type":"Polygon","properties":{"n":"Baragarha Kalan","c":352139,"d":"Giridih","s":"JHARKHAND"}},{"arcs":[[-737,894,-890,-825,-730,-720,-726]],"type":"Polygon","properties":{"n":"Bekolalpur","c":352140,"d":"Giridih","s":"JHARKHAND"}},{"arcs":[[895,896,-738,-747]],"type":"Polygon","properties":{"n":"Mirjadih","c":352143,"d":"Giridih","s":"JHARKHAND"}},{"arcs":[[-619,897,898,899,900,-896,-742]],"type":"Polygon","properties":{"n":"Bajto","c":352144,"d":"Giridih","s":"JHARKHAND"}},{"arcs":[[-616,-625,901,-898,-618]],"type":"Polygon","properties":{"n":"Kumhargaria","c":352145,"d":"Giridih","s":"JHARKHAND"}},{"arcs":[[-622,-612,-608,902,903,-628]],"type":"Polygon","properties":{"n":"Palmo","c":352171,"d":"Giridih","s":"JHARKHAND"}},{"arcs":[[904,905,906,-903,-606]],"type":"Polygon","properties":{"n":"Gamhara Palmo","c":352172,"d":"Giridih","s":"JHARKHAND"}},{"arcs":[[-603,907,908,-905,-605]],"type":"Polygon","properties":{"n":"Katwaldih","c":352173,"d":"Giridih","s":"JHARKHAND"}},{"arcs":[[909,910,911,-908,-602]],"type":"Polygon","properties":{"n":"Bandarkupi","c":352177,"d":"Giridih","s":"JHARKHAND"}},{"arcs":[[-329,-342,912,913,-910,-601,-595]],"type":"Polygon","properties":{"n":"Barhamuria","c":352178,"d":"Giridih","s":"JHARKHAND"}},{"arcs":[[914,915,-425,-394,-861,916,917,918]],"type":"Polygon","properties":{"n":"Phuljori","c":352016,"d":"Giridih","s":"JHARKHAND"}},{"arcs":[[919,920,921,922,923]],"type":"Polygon","properties":{"n":"Khetko","c":352493,"d":"Giridih","s":"JHARKHAND"}},{"arcs":[[924,925,926,-921,927,928]],"type":"Polygon","properties":{"n":"Pokharia","c":352492,"d":"Giridih","s":"JHARKHAND"}},{"arcs":[[-920,929,930,931,932,933,-928]],"type":"Polygon","properties":{"n":"Pochri","c":352489,"d":"Giridih","s":"JHARKHAND"}},{"arcs":[[934,935,-929,-934]],"type":"Polygon","properties":{"n":"Taranari","c":352491,"d":"Giridih","s":"JHARKHAND"}},{"arcs":[[-933,936,-935]],"type":"Polygon","properties":{"n":"Ghanghri","c":352490,"d":"Giridih","s":"JHARKHAND"}},{"arcs":[[937,938,939,940,-925,-936,-937,-932,941,942,943,944,945]],"type":"Polygon","properties":{"n":"Beko","c":352448,"d":"Giridih","s":"JHARKHAND"}},{"arcs":[[946,947,948,949,950,951,-940,952]],"type":"Polygon","properties":{"n":"Asanbani","c":352447,"d":"Giridih","s":"JHARKHAND"}},{"arcs":[[-939,953,954,-953]],"type":"Polygon","properties":{"n":"Chaudhribandh","c":352446,"d":"Giridih","s":"JHARKHAND"}},{"arcs":[[955,956,957,958,959]],"type":"Polygon","properties":{"n":"Ambadih","c":352659,"d":"Giridih","s":"JHARKHAND"}},{"arcs":[[960,961,962,-959,963,964,965,966]],"type":"Polygon","properties":{"n":"Vlbar","c":352441,"d":"Giridih","s":"JHARKHAND"}},{"arcs":[[-965,967,968,969,970]],"type":"Polygon","properties":{"n":"Mundaro","c":352442,"d":"Giridih","s":"JHARKHAND"}},{"arcs":[[-970,971,-954,-938,972,973,974]],"type":"Polygon","properties":{"n":"Kodadih","c":352445,"d":"Giridih","s":"JHARKHAND"}},{"arcs":[[975,976,-945,977,978,979,-233]],"type":"Polygon","properties":{"n":"Barwadih","c":352452,"d":"Giridih","s":"JHARKHAND"}},{"arcs":[[980,981,982,-978,-944]],"type":"Polygon","properties":{"n":"Ghuthibar","c":352453,"d":"Giridih","s":"JHARKHAND"}},{"arcs":[[983,984,985,-979,-983]],"type":"Polygon","properties":{"n":"Partapur","c":352451,"d":"Giridih","s":"JHARKHAND"}},{"arcs":[[-943,986,987,988,-981]],"type":"Polygon","properties":{"n":"Dama","c":352454,"d":"Giridih","s":"JHARKHAND"}},{"arcs":[[-942,-931,989,990,-987]],"type":"Polygon","properties":{"n":"Aura","c":352488,"d":"Giridih","s":"JHARKHAND"}},{"arcs":[[991,992,993,-990]],"type":"Polygon","properties":{"n":"Kharkharo","c":352487,"d":"Giridih","s":"JHARKHAND"}},{"arcs":[[-924,994,995,996,-992,-930]],"type":"Polygon","properties":{"n":"Bangargi Alias Alakdiha","c":352486,"d":"Giridih","s":"JHARKHAND"}},{"arcs":[[-980,-986,997,-234]],"type":"Polygon","properties":{"n":"Ghosko","c":352450,"d":"Giridih","s":"JHARKHAND"}},{"arcs":[[-998,-985,998,999,1000,1001,-235]],"type":"Polygon","properties":{"n":"Khataiya","c":352458,"d":"Giridih","s":"JHARKHAND"}},{"arcs":[[-984,-982,-989,1002,1003,-999]],"type":"Polygon","properties":{"n":"Pathaldiha","c":352457,"d":"Giridih","s":"JHARKHAND"}},{"arcs":[[-988,-991,-994,1004,1005,-1003]],"type":"Polygon","properties":{"n":"Dorio","c":352455,"d":"Giridih","s":"JHARKHAND"}},{"arcs":[[1006,1007,-1000,-1004,-1006]],"type":"Polygon","properties":{"n":"Jamuniya","c":352456,"d":"Giridih","s":"JHARKHAND"}},{"arcs":[[-236,-1002,1008,1009,1010,-239]],"type":"Polygon","properties":{"n":"Khambhra","c":352460,"d":"Giridih","s":"JHARKHAND"}},{"arcs":[[-1010,1011,1012,-222,1013]],"type":"Polygon","properties":{"n":"Ghaghra","c":352461,"d":"Giridih","s":"JHARKHAND"}},{"arcs":[[1014,-227,-207,1015,1016,1017]],"type":"Polygon","properties":{"n":"Karamba","c":352438,"d":"Giridih","s":"JHARKHAND"}},{"arcs":[[1018,-228,-1015,1019,1020]],"type":"Polygon","properties":{"n":"Dewradih","c":352439,"d":"Giridih","s":"JHARKHAND"}},{"arcs":[[-206,-217,1021,-1016]],"type":"Polygon","properties":{"n":"Dhibra","c":352470,"d":"Giridih","s":"JHARKHAND"}},{"arcs":[[-1017,-1022,-216,1022,1023]],"type":"Polygon","properties":{"n":"Hethkudar","c":352472,"d":"Giridih","s":"JHARKHAND"}},{"arcs":[[-1023,-215,1024,1025,-246,-43,1026,1027]],"type":"Polygon","properties":{"n":"Adwara","c":352473,"d":"Giridih","s":"JHARKHAND"}},{"arcs":[[-221,-211,-204,-226,-240,-1011,-1014]],"type":"Polygon","properties":{"n":"Banpura","c":352468,"d":"Giridih","s":"JHARKHAND"}},{"arcs":[[1028,1029,1030,-1025,-214,-220]],"type":"Polygon","properties":{"n":"Jamuniya","c":352465,"d":"Giridih","s":"JHARKHAND"}},{"arcs":[[-219,-224,1031,1032,-1029]],"type":"Polygon","properties":{"n":"Babhni","c":352464,"d":"Giridih","s":"JHARKHAND"}},{"arcs":[[-1031,1033,-23,-249,-247,-1026]],"type":"Polygon","properties":{"n":"Jamuari","c":352480,"d":"Giridih","s":"JHARKHAND"}},{"arcs":[[-245,-248,-26,1034,1035,1036,-45]],"type":"Polygon","properties":{"n":"Tuktuko","c":352478,"d":"Giridih","s":"JHARKHAND"}},{"arcs":[[1037,1038,1039,1040,1041]],"type":"Polygon","properties":{"n":"Biharo","c":352431,"d":"Giridih","s":"JHARKHAND"}},{"arcs":[[1042,1043,-46,-1037,-1041,1044,1045,1046]],"type":"Polygon","properties":{"n":"Mundro","c":352432,"d":"Giridih","s":"JHARKHAND"}},{"arcs":[[1047,-1047,1048,1049,1050]],"type":"Polygon","properties":{"n":"Pesaiya","c":352495,"d":"Giridih","s":"JHARKHAND"}},{"arcs":[[-1049,-1046,1051,1052,1053,1054,1055]],"type":"Polygon","properties":{"n":"Dumardeli","c":352434,"d":"Giridih","s":"JHARKHAND"}},{"arcs":[[-1045,-1040,1056,-1052]],"type":"Polygon","properties":{"n":"Gamharia","c":352433,"d":"Giridih","s":"JHARKHAND"}},{"arcs":[[-1039,1057,-1053,-1057]],"type":"Polygon","properties":{"n":"Gamharia","c":352433,"d":"Giridih","s":"JHARKHAND"}},{"arcs":[[-1054,-1058,-1038,1058,1059,1060,1061,1062]],"type":"Polygon","properties":{"n":"Dhargulli","c":352430,"d":"Giridih","s":"JHARKHAND"}},{"arcs":[[-1061,1063,1064,1065]],"type":"Polygon","properties":{"n":"Dhankitand","c":352429,"d":"Giridih","s":"JHARKHAND"}},{"arcs":[[1066,1067,1068,1069]],"type":"Polygon","properties":{"n":"Ghanghri","c":352426,"d":"Giridih","s":"JHARKHAND"}},{"arcs":[[1070,1071,-1070,1072]],"type":"Polygon","properties":{"n":"Katdahwa","c":352436,"d":"Giridih","s":"JHARKHAND"}},{"arcs":[[1073,-1071,1074,1075]],"type":"Polygon","properties":{"n":"Bind","c":352437,"d":"Giridih","s":"JHARKHAND"}},{"arcs":[[1076,1077,-1055,-1063,1078,1079,-1067,-1072,-1074,1080]],"type":"Polygon","properties":{"n":"Kudar","c":352435,"d":"Giridih","s":"JHARKHAND"}},{"arcs":[[-958,1081,1082,-968,-964]],"type":"Polygon","properties":{"n":"Doman Golgo","c":352443,"d":"Giridih","s":"JHARKHAND"}},{"arcs":[[-1083,1083,-947,-955,-972,-969]],"type":"Polygon","properties":{"n":"Kelha Golgo","c":352444,"d":"Giridih","s":"JHARKHAND"}},{"arcs":[[-1005,-993,-997,1084,1085,1086,-1007]],"type":"Polygon","properties":{"n":"Tirla","c":352485,"d":"Giridih","s":"JHARKHAND"}},{"arcs":[[-996,1087,-1085]],"type":"Polygon","properties":{"n":"Balak","c":352484,"d":"Giridih","s":"JHARKHAND"}},{"arcs":[[-1008,-1087,1088,1089,-1012,-1009,-1001]],"type":"Polygon","properties":{"n":"Hesla","c":352459,"d":"Giridih","s":"JHARKHAND"}},{"arcs":[[-1013,-1090,1090,1091,-1032,-223]],"type":"Polygon","properties":{"n":"Bagodar","c":352462,"d":"Giridih","s":"JHARKHAND"}},{"arcs":[[-1030,-1033,-1092,1092,-24,-1034]],"type":"Polygon","properties":{"n":"Jarmune","c":352463,"d":"Giridih","s":"JHARKHAND"}},{"arcs":[[-1062,-1066,1093,-1079]],"type":"Polygon","properties":{"n":"Pipratanr","c":352428,"d":"Giridih","s":"JHARKHAND"}},{"arcs":[[-1080,-1094,-1065,1094,-1068]],"type":"Polygon","properties":{"n":"Kali Chatan","c":352427,"d":"Giridih","s":"JHARKHAND"}},{"arcs":[[1095,1096]],"type":"Polygon","properties":{"n":"Rangamati","c":916854,"d":"Giridih","s":"JHARKHAND"}},{"arcs":[[-1036,1097,-1097,1098,-1059,-1042]],"type":"Polygon","properties":{"n":"Atka","c":352482,"d":"Giridih","s":"JHARKHAND"}},{"arcs":[[1099,-917,-860,1100]],"type":"Polygon","properties":{"n":"Adhnachua","c":351729,"d":"Giridih","s":"JHARKHAND"}},{"arcs":[[1101,-918,-1100,1102,1103,1104]],"type":"Polygon","properties":{"n":"Kesotanr","c":351728,"d":"Giridih","s":"JHARKHAND"}},{"arcs":[[1105,-863,-864,1106,1107]],"type":"Polygon","properties":{"n":"Khutabandh","c":351726,"d":"Giridih","s":"JHARKHAND"}},{"arcs":[[-1103,-1101,-859,-1106,1108,1109]],"type":"Polygon","properties":{"n":"Baghra","c":351727,"d":"Giridih","s":"JHARKHAND"}},{"arcs":[[1110,1111,1112,1113,-1104,-1110]],"type":"Polygon","properties":{"n":"Dighria Khurd","c":351724,"d":"Giridih","s":"JHARKHAND"}},{"arcs":[[-1109,-1108,1114,1115,-1111]],"type":"Polygon","properties":{"n":"Dighria Kalan","c":351725,"d":"Giridih","s":"JHARKHAND"}},{"arcs":[[1116,-1115,-1107,-866,1117,1118]],"type":"Polygon","properties":{"n":"Gadi","c":351732,"d":"Giridih","s":"JHARKHAND"}},{"arcs":[[-1117,1119,1120,1121,1122,-1116]],"type":"Polygon","properties":{"n":"Saharpura","c":351733,"d":"Giridih","s":"JHARKHAND"}},{"arcs":[[1123,1124,-1105,-1114]],"type":"Polygon","properties":{"n":" ","c":0,"d":"Giridih","s":"JHARKHAND"}},{"arcs":[[1125,1126,1127,1128,1129]],"type":"Polygon","properties":{"n":"Dighria Kala","c":351618,"d":"Giridih","s":"JHARKHAND"}},{"arcs":[[1130,-1130,1131]],"type":"Polygon","properties":{"n":"Keshotand","c":351621,"d":"Giridih","s":"JHARKHAND"}},{"arcs":[[-1129,1132,1133,1134,1135,-1132]],"type":"Polygon","properties":{"n":"Balaydih","c":351620,"d":"Giridih","s":"JHARKHAND"}},{"arcs":[[-1135,1136,1137,1138]],"type":"Polygon","properties":{"n":"Mandatanr","c":351622,"d":"Giridih","s":"JHARKHAND"}},{"arcs":[[1139,1140,1141,1142]],"type":"Polygon","properties":{"n":"Raghaidih","c":351626,"d":"Giridih","s":"JHARKHAND"}},{"arcs":[[1143,1144,-1143,1145,1146,1147]],"type":"Polygon","properties":{"n":"Baidadih","c":351627,"d":"Giridih","s":"JHARKHAND"}},{"arcs":[[1148,-1138,1149,1150,1151,-1141]],"type":"Polygon","properties":{"n":"Baijnathpur","c":351625,"d":"Giridih","s":"JHARKHAND"}},{"arcs":[[-1137,-1134,1152,-1124,-1113,1153,1154,1155,-1150]],"type":"Polygon","properties":{"n":"Madhwa Dih","c":351623,"d":"Giridih","s":"JHARKHAND"}},{"arcs":[[-1123,1156,1157,-1154,-1112]],"type":"Polygon","properties":{"n":"Partappur Kalichatan","c":351723,"d":"Giridih","s":"JHARKHAND"}},{"arcs":[[-1122,1158,1159,1160,1161,1162,-1157]],"type":"Polygon","properties":{"n":"Khandoli","c":351720,"d":"Giridih","s":"JHARKHAND"}},{"arcs":[[-1163,1163,1164,1165,1166,-1155,-1158]],"type":"Polygon","properties":{"n":"Bangawan Bhojdaha","c":351722,"d":"Giridih","s":"JHARKHAND"}},{"arcs":[[-1167,1167,1168,1169,-1151,-1156]],"type":"Polygon","properties":{"n":"Jambad","c":351624,"d":"Giridih","s":"JHARKHAND"}},{"arcs":[[1170,1171,-1146,-1142,-1152,-1170]],"type":"Polygon","properties":{"n":"Bermi Alias Bahadurpur","c":351640,"d":"Giridih","s":"JHARKHAND"}},{"arcs":[[-1169,1172,1173,1174,-1171]],"type":"Polygon","properties":{"n":"Bedodih","c":351641,"d":"Giridih","s":"JHARKHAND"}},{"arcs":[[-1168,-1166,1175,1176,1177,1178,-1173]],"type":"Polygon","properties":{"n":"Bariarpur","c":351642,"d":"Giridih","s":"JHARKHAND"}},{"arcs":[[-1118,-865,-400,-867,1179,1180,1181]],"type":"Polygon","properties":{"n":"Sonbad","c":351731,"d":"Giridih","s":"JHARKHAND"}},{"arcs":[[-869,-871,1182,-1180]],"type":"Polygon","properties":{"n":"Koiridih","c":351730,"d":"Giridih","s":"JHARKHAND"}},{"arcs":[[1183,1184,1185,-1120,-1119,-1182]],"type":"Polygon","properties":{"n":"Mehdeia","c":351734,"d":"Giridih","s":"JHARKHAND"}},{"arcs":[[1186,1187,1188,-1159,-1121,-1186]],"type":"Polygon","properties":{"n":"Doma Pahari","c":351719,"d":"Giridih","s":"JHARKHAND"}},{"arcs":[[-1189,1189,1190,-1160]],"type":"Polygon","properties":{"n":"Harwadih","c":351718,"d":"Giridih","s":"JHARKHAND"}},{"arcs":[[1191,1192,1193,-1161,-1191]],"type":"Polygon","properties":{"n":"Danuadih","c":351717,"d":"Giridih","s":"JHARKHAND"}},{"arcs":[[-1194,1194,1195,-1164,-1162]],"type":"Polygon","properties":{"n":"Astha","c":351721,"d":"Giridih","s":"JHARKHAND"}},{"arcs":[[-1193,1196,1197,1198,1199,1200,-1195]],"type":"Polygon","properties":{"n":"Karanpura","c":351709,"d":"Giridih","s":"JHARKHAND"}},{"arcs":[[-1192,-1190,-1188,1201,1202,1203,-1197]],"type":"Polygon","properties":{"n":"Barasoli","c":351716,"d":"Giridih","s":"JHARKHAND"}},{"arcs":[[1204,1205,1206,1207,-1203]],"type":"Polygon","properties":{"n":"Karmatanr","c":351715,"d":"Giridih","s":"JHARKHAND"}},{"arcs":[[1208,1209,1210,-1198,-1204,-1208]],"type":"Polygon","properties":{"n":"Khutabandh","c":351710,"d":"Giridih","s":"JHARKHAND"}},{"arcs":[[1211,1212,1213,-1209,-1207]],"type":"Polygon","properties":{"n":"Bijlibathan","c":351713,"d":"Giridih","s":"JHARKHAND"}},{"arcs":[[1214,1215,1216,-1212,-1206]],"type":"Polygon","properties":{"n":"Mahuatanr","c":351714,"d":"Giridih","s":"JHARKHAND"}},{"arcs":[[-1205,-1202,-1187,-1185,1217,1218,1219,1220,-1215]],"type":"Polygon","properties":{"n":"Balgo","c":351735,"d":"Giridih","s":"JHARKHAND"}},{"arcs":[[1221,1222,-1219]],"type":"Polygon","properties":{"n":"Beharadih","c":351736,"d":"Giridih","s":"JHARKHAND"}},{"arcs":[[1223,-1220,-1223]],"type":"Polygon","properties":{"n":"Sijua","c":351737,"d":"Giridih","s":"JHARKHAND"}},{"arcs":[[-1217,1224,1225,1226,-1213]],"type":"Polygon","properties":{"n":"Madnatanr Alias Kanduagarha","c":351712,"d":"Giridih","s":"JHARKHAND"}},{"arcs":[[1227,1228,-1210,-1214,-1227]],"type":"Polygon","properties":{"n":"Dagarwatanr","c":351711,"d":"Giridih","s":"JHARKHAND"}},{"arcs":[[1229,1230,1231,1232,1233,1234,1235,1236,1237,-1199,-1211,-1229]],"type":"Polygon","properties":{"n":"Mahuar","c":351706,"d":"Giridih","s":"JHARKHAND"}},{"arcs":[[1238,1239,1240,-1200,-1238]],"type":"Polygon","properties":{"n":"Birajpur","c":351707,"d":"Giridih","s":"JHARKHAND"}},{"arcs":[[-1241,1241,-1176,-1165,-1196,-1201]],"type":"Polygon","properties":{"n":"Simradhab","c":351708,"d":"Giridih","s":"JHARKHAND"}},{"arcs":[[-1228,1242,1243,1244,-1230]],"type":"Polygon","properties":{"n":"Chankiari","c":351705,"d":"Giridih","s":"JHARKHAND"}},{"arcs":[[-1226,1245,1246,1247,1248,-1243]],"type":"Polygon","properties":{"n":"Gamtaria","c":351704,"d":"Giridih","s":"JHARKHAND"}},{"arcs":[[1249,1250,1251,-884,1252,1253,1254,1255]],"type":"Polygon","properties":{"n":"Taratanr","c":351695,"d":"Giridih","s":"JHARKHAND"}},{"arcs":[[-1253,-883,-653,1256,1257]],"type":"Polygon","properties":{"n":"Jugnudih","c":351694,"d":"Giridih","s":"JHARKHAND"}},{"arcs":[[1258,1259,-1250]],"type":"Polygon","properties":{"n":"Khutri","c":351696,"d":"Giridih","s":"JHARKHAND"}},{"arcs":[[1260,1261,1262,1263,-1251,-1260]],"type":"Polygon","properties":{"n":"Mahacho","c":351697,"d":"Giridih","s":"JHARKHAND"}},{"arcs":[[1264,1265,1266,-1248,1267,-1263]],"type":"Polygon","properties":{"n":"Charghara","c":351699,"d":"Giridih","s":"JHARKHAND"}},{"arcs":[[1268,1269,1270,1271,-1244,-1249,-1267]],"type":"Polygon","properties":{"n":"Baliadih","c":351703,"d":"Giridih","s":"JHARKHAND"}},{"arcs":[[1272,1273,1274,1275,-1271]],"type":"Polygon","properties":{"n":"Basmata","c":351541,"d":"Giridih","s":"JHARKHAND"}},{"arcs":[[1276,1277,-1231,-1245,-1272,-1276]],"type":"Polygon","properties":{"n":"Jambad Sani","c":351542,"d":"Giridih","s":"JHARKHAND"}},{"arcs":[[1278,1279,1280,-1275]],"type":"Polygon","properties":{"n":"Kharikwatanr","c":351540,"d":"Giridih","s":"JHARKHAND"}},{"arcs":[[-1281,1281,1282,-1277]],"type":"Polygon","properties":{"n":"Sahajpur","c":351543,"d":"Giridih","s":"JHARKHAND"}},{"arcs":[[-1283,1283,-1232,-1278]],"type":"Polygon","properties":{"n":"Raghunidih","c":351545,"d":"Giridih","s":"JHARKHAND"}},{"arcs":[[-1282,-1280,1284,1285,1286,-1233,-1284]],"type":"Polygon","properties":{"n":"Jambad","c":351544,"d":"Giridih","s":"JHARKHAND"}},{"arcs":[[1287,1288,1289,1290,-1234,-1287]],"type":"Polygon","properties":{"n":"Lachhmipur","c":351546,"d":"Giridih","s":"JHARKHAND"}},{"arcs":[[1291,1292,1293,1294,-1235,-1291]],"type":"Polygon","properties":{"n":"Dudhidih","c":351547,"d":"Giridih","s":"JHARKHAND"}},{"arcs":[[-1295,1295,1296,1297,1298,1299,-1236]],"type":"Polygon","properties":{"n":"Chhachhando","c":351650,"d":"Giridih","s":"JHARKHAND"}},{"arcs":[[-1294,1300,1301,1302,1303,-1296]],"type":"Polygon","properties":{"n":"Ghuthia","c":351558,"d":"Giridih","s":"JHARKHAND"}},{"arcs":[[-1301,-1293,1304,1305]],"type":"Polygon","properties":{"n":"Ghosidih","c":351548,"d":"Giridih","s":"JHARKHAND"}},{"arcs":[[-1292,-1290,1306,1307,1308,-1305]],"type":"Polygon","properties":{"n":"Damodardih","c":351549,"d":"Giridih","s":"JHARKHAND"}},{"arcs":[[-1289,1309,1310,-1307]],"type":"Polygon","properties":{"n":"Mangrodih","c":351551,"d":"Giridih","s":"JHARKHAND"}},{"arcs":[[-1288,-1286,1311,1312,-1310]],"type":"Polygon","properties":{"n":"Majhladih","c":351552,"d":"Giridih","s":"JHARKHAND"}},{"arcs":[[1313,-1309,1314]],"type":"Polygon","properties":{"n":"Kirpadih","c":351550,"d":"Giridih","s":"JHARKHAND"}},{"arcs":[[-1314,1315,1316,1317,-1302,-1306]],"type":"Polygon","properties":{"n":"Chaudhridih","c":351554,"d":"Giridih","s":"JHARKHAND"}},{"arcs":[[1318,1319,1320,-1317]],"type":"Polygon","properties":{"n":"Rautdih","c":351555,"d":"Giridih","s":"JHARKHAND"}},{"arcs":[[-1320,1321,1322]],"type":"Polygon","properties":{"n":"Dhumadih","c":351556,"d":"Giridih","s":"JHARKHAND"}},{"arcs":[[-1323,-1303,-1318,-1321]],"type":"Polygon","properties":{"n":"Pandeydih","c":351557,"d":"Giridih","s":"JHARKHAND"}},{"arcs":[[1323,1324,1325,1326,1327,1328,-1297]],"type":"Polygon","properties":{"n":"Pipratol","c":351652,"d":"Giridih","s":"JHARKHAND"}},{"arcs":[[-1329,1329,1330,1331,1332,1333,-1298]],"type":"Polygon","properties":{"n":"Fitkuria","c":351651,"d":"Giridih","s":"JHARKHAND"}},{"arcs":[[1334,1335,-1299,-1334]],"type":"Polygon","properties":{"n":"Dandatanr","c":351649,"d":"Giridih","s":"JHARKHAND"}},{"arcs":[[1336,1337,-1239,-1237,-1300,-1336]],"type":"Polygon","properties":{"n":"Durgapur","c":351648,"d":"Giridih","s":"JHARKHAND"}},{"arcs":[[-1328,1338,-1330]],"type":"Polygon","properties":{"n":"Kajro","c":351653,"d":"Giridih","s":"JHARKHAND"}},{"arcs":[[1339,1340,-1331,-1339]],"type":"Polygon","properties":{"n":"Rata","c":351654,"d":"Giridih","s":"JHARKHAND"}},{"arcs":[[-1327,1341,1342,1343,-1340]],"type":"Polygon","properties":{"n":"Dorhaia","c":351655,"d":"Giridih","s":"JHARKHAND"}},{"arcs":[[1344,1345,1346,1347]],"type":"Polygon","properties":{"n":"Noniatanr","c":351659,"d":"Giridih","s":"JHARKHAND"}},{"arcs":[[1348,-1326,1349,1350,-1346]],"type":"Polygon","properties":{"n":"Gujrudih","c":351660,"d":"Giridih","s":"JHARKHAND"}},{"arcs":[[-1325,1351,1352,1353,-1350]],"type":"Polygon","properties":{"n":"Chandio","c":351559,"d":"Giridih","s":"JHARKHAND"}},{"arcs":[[-1324,-1304,-1322,1354,1355,1356,-1352]],"type":"Polygon","properties":{"n":"Gahirjor","c":351561,"d":"Giridih","s":"JHARKHAND"}},{"arcs":[[-1319,-1316,-1315,-1308,-1311,-1313,1357,1358,1359,1360,-1355]],"type":"Polygon","properties":{"n":"Bengabad","c":351553,"d":"Giridih","s":"JHARKHAND"}},{"arcs":[[1361,1362,1363,1364,1365,-1361]],"type":"Polygon","properties":{"n":"Phursodih","c":351562,"d":"Giridih","s":"JHARKHAND"}},{"arcs":[[-1360,1366,1367,-1362]],"type":"Polygon","properties":{"n":"Kishuni Chak","c":351563,"d":"Giridih","s":"JHARKHAND"}},{"arcs":[[-1359,1368,1369,-1367]],"type":"Polygon","properties":{"n":"Ranga Khario","c":351564,"d":"Giridih","s":"JHARKHAND"}},{"arcs":[[-1358,-1312,-1285,-1279,-1274,1370,1371,-1369]],"type":"Polygon","properties":{"n":"Bishni Saran","c":351539,"d":"Giridih","s":"JHARKHAND"}},{"arcs":[[1372,1373,1374,1375,1376,-1372]],"type":"Polygon","properties":{"n":"Pesratanr","c":351538,"d":"Giridih","s":"JHARKHAND"}},{"arcs":[[1377,1378,1379,-1370,-1377]],"type":"Polygon","properties":{"n":"Chorpahari","c":351565,"d":"Giridih","s":"JHARKHAND"}},{"arcs":[[1380,1381,1382,1383,-1363,-1368,-1380]],"type":"Polygon","properties":{"n":"Mansinghdih","c":351566,"d":"Giridih","s":"JHARKHAND"}},{"arcs":[[1384,1385,-1364,-1384]],"type":"Polygon","properties":{"n":"Harodih","c":351567,"d":"Giridih","s":"JHARKHAND"}},{"arcs":[[1386,1387,1388,-1365,-1386]],"type":"Polygon","properties":{"n":"Karmatanr","c":351568,"d":"Giridih","s":"JHARKHAND"}},{"arcs":[[1389,1390,-1388]],"type":"Polygon","properties":{"n":"Bansokorha","c":351569,"d":"Giridih","s":"JHARKHAND"}},{"arcs":[[-1385,-1383,1391,-1381,-1379,1392,1393,1394,1395,-1390,-1387]],"type":"Polygon","properties":{"n":"Ghagra","c":351570,"d":"Giridih","s":"JHARKHAND"}},{"arcs":[[-1382,-1392]],"type":"Polygon","properties":{"n":"Dasmuria","c":351571,"d":"Giridih","s":"JHARKHAND"}},{"arcs":[[-1378,-1376,1396,1397,1398,1399,-1393]],"type":"Polygon","properties":{"n":"Badkitand","c":351572,"d":"Giridih","s":"JHARKHAND"}},{"arcs":[[-1371,-1273,-1270,1400,1401,1402,1403,-1373]],"type":"Polygon","properties":{"n":"Bandgari","c":351537,"d":"Giridih","s":"JHARKHAND"}},{"arcs":[[1404,1405,1406,-1374,-1404]],"type":"Polygon","properties":{"n":"Naiadih","c":351536,"d":"Giridih","s":"JHARKHAND"}},{"arcs":[[-1403,1407,1408,1409,1410,-1405]],"type":"Polygon","properties":{"n":"Mahuatanr","c":351527,"d":"Giridih","s":"JHARKHAND"}},{"arcs":[[-1402,1411,1412,-1408]],"type":"Polygon","properties":{"n":"Bhaunradih","c":351701,"d":"Giridih","s":"JHARKHAND"}},{"arcs":[[-1401,-1269,-1266,1413,-1412]],"type":"Polygon","properties":{"n":"Kargalo","c":351702,"d":"Giridih","s":"JHARKHAND"}},{"arcs":[[-1413,-1414,-1265,-1262,1414,1415,1416,-1409]],"type":"Polygon","properties":{"n":"Ojhadih","c":351700,"d":"Giridih","s":"JHARKHAND"}},{"arcs":[[1417,1418,1419,1420,1421,-1416]],"type":"Polygon","properties":{"n":"Artoka","c":351690,"d":"Giridih","s":"JHARKHAND"}},{"arcs":[[-1261,-1259,-1256,1422,1423,1424,-1418,-1415]],"type":"Polygon","properties":{"n":"Phuphundi","c":351691,"d":"Giridih","s":"JHARKHAND"}},{"arcs":[[-1417,1425,1426,1427,1428]],"type":"Polygon","properties":{"n":"Dongo","c":351526,"d":"Giridih","s":"JHARKHAND"}},{"arcs":[[1429,1430,1431,1432,1433,-1406,-1411]],"type":"Polygon","properties":{"n":"Asgando","c":351528,"d":"Giridih","s":"JHARKHAND"}},{"arcs":[[1434,1435,-1397,-1375,-1407,-1434]],"type":"Polygon","properties":{"n":"Mundradih","c":351535,"d":"Giridih","s":"JHARKHAND"}},{"arcs":[[1436,1437,1438,-1428,1439,1440,1441,1442]],"type":"Polygon","properties":{"n":"Dewatanr","c":351524,"d":"Giridih","s":"JHARKHAND"}},{"arcs":[[1443,1444,1445,-1430,-1410,-1429,-1439]],"type":"Polygon","properties":{"n":"Chhotkikharagdiha","c":351521,"d":"Giridih","s":"JHARKHAND"}},{"arcs":[[1446,1447,1448,-1431,-1446]],"type":"Polygon","properties":{"n":"Harkhudih","c":351518,"d":"Giridih","s":"JHARKHAND"}},{"arcs":[[1449,-1432,-1449]],"type":"Polygon","properties":{"n":"Kumhariatanr","c":351529,"d":"Giridih","s":"JHARKHAND"}},{"arcs":[[-1435,-1433,1450,1451,1452,1453]],"type":"Polygon","properties":{"n":"Harinawatanr","c":351532,"d":"Giridih","s":"JHARKHAND"}},{"arcs":[[1454,1455,-1398,-1436,-1454]],"type":"Polygon","properties":{"n":"Khutribad","c":351534,"d":"Giridih","s":"JHARKHAND"}},{"arcs":[[-1453,1456,1457,-1455]],"type":"Polygon","properties":{"n":"Tewaripahari","c":351533,"d":"Giridih","s":"JHARKHAND"}},{"arcs":[[1458,1459,1460,1461,1462,1463,-1437,1464,1465,1466]],"type":"Polygon","properties":{"n":"Harila","c":351513,"d":"Giridih","s":"JHARKHAND"}},{"arcs":[[-1464,1467,-1444,-1438]],"type":"Polygon","properties":{"n":"Raghaidih","c":351523,"d":"Giridih","s":"JHARKHAND"}},{"arcs":[[-1463,1468,1469,-1445,-1468]],"type":"Polygon","properties":{"n":"Ganeshdih","c":351522,"d":"Giridih","s":"JHARKHAND"}},{"arcs":[[1470,-1462]],"type":"Polygon","properties":{"n":"Burhiabad","c":351520,"d":"Giridih","s":"JHARKHAND"}},{"arcs":[[-1471,1471,1472,-1469]],"type":"Polygon","properties":{"n":"Misirdih","c":351519,"d":"Giridih","s":"JHARKHAND"}},{"arcs":[[1473,1474,1475,-1447,-1470,-1473]],"type":"Polygon","properties":{"n":"Jamuniabad","c":351517,"d":"Giridih","s":"JHARKHAND"}},{"arcs":[[1476,-1451,-1450,-1448,-1476]],"type":"Polygon","properties":{"n":"Chunglo","c":351530,"d":"Giridih","s":"JHARKHAND"}},{"arcs":[[1477,1478,1479,1480,1481,-1457,-1452,-1477]],"type":"Polygon","properties":{"n":"Mahtodih","c":351531,"d":"Giridih","s":"JHARKHAND"}},{"arcs":[[-1475,1482,1483,-1478]],"type":"Polygon","properties":{"n":"Sikdarpur","c":351516,"d":"Giridih","s":"JHARKHAND"}},{"arcs":[[-1483,-1474,-1472,-1461,1484,1485]],"type":"Polygon","properties":{"n":"Gobridih","c":351515,"d":"Giridih","s":"JHARKHAND"}},{"arcs":[[-1460,1486,-1485]],"type":"Polygon","properties":{"n":"Raniatanr","c":351514,"d":"Giridih","s":"JHARKHAND"}},{"arcs":[[1487,1488,-1467,1489,1490,1491]],"type":"Polygon","properties":{"n":"Kadampur","c":351512,"d":"Giridih","s":"JHARKHAND"}},{"arcs":[[1492,1493,1494,1495,1496,-1479,-1484,-1486,-1487,-1459,-1489]],"type":"Polygon","properties":{"n":"Gadi","c":351506,"d":"Giridih","s":"JHARKHAND"}},{"arcs":[[-1492,1497,1498]],"type":"Polygon","properties":{"n":"Ghonghabad","c":351511,"d":"Giridih","s":"JHARKHAND"}},{"arcs":[[-1495,1499,1500]],"type":"Polygon","properties":{"n":"Naitanr","c":351509,"d":"Giridih","s":"JHARKHAND"}},{"arcs":[[1501,1502,-1496,-1501]],"type":"Polygon","properties":{"n":"Tingharwa","c":351507,"d":"Giridih","s":"JHARKHAND"}},{"arcs":[[-1503,1503,-1480,-1497]],"type":"Polygon","properties":{"n":"Ratanpur","c":351508,"d":"Giridih","s":"JHARKHAND"}},{"arcs":[[-1482,1504,1505,1506,-1399,-1456,-1458]],"type":"Polygon","properties":{"n":"Chitmadih","c":351602,"d":"Giridih","s":"JHARKHAND"}},{"arcs":[[1507,1508,1509,1510,-1506]],"type":"Polygon","properties":{"n":"Chinaras","c":351601,"d":"Giridih","s":"JHARKHAND"}},{"arcs":[[1511,1512,1513,1514,-1510]],"type":"Polygon","properties":{"n":"Tilaiya","c":351575,"d":"Giridih","s":"JHARKHAND"}},{"arcs":[[-1512,-1509,1515,1516,1517,1518]],"type":"Polygon","properties":{"n":"Khariodih","c":351600,"d":"Giridih","s":"JHARKHAND"}},{"arcs":[[-1508,-1505,-1481,-1504,1519,1520,1521,1522,-1516]],"type":"Polygon","properties":{"n":"Nawa Ahar","c":351603,"d":"Giridih","s":"JHARKHAND"}},{"arcs":[[1523,1524,1525,1526,-1521]],"type":"Polygon","properties":{"n":"Khurchuta","c":351604,"d":"Giridih","s":"JHARKHAND"}},{"arcs":[[1527,1528,1529,-1526]],"type":"Polygon","properties":{"n":"Benubhitha","c":351502,"d":"Giridih","s":"JHARKHAND"}},{"arcs":[[-1525,1530,1531,1532,-1528]],"type":"Polygon","properties":{"n":"Pandeydih","c":351503,"d":"Giridih","s":"JHARKHAND"}},{"arcs":[[1533,1534,-49,1535,1536,1537,1538,1539]],"type":"Polygon","properties":{"n":"Bhanvardih","c":351500,"d":"Giridih","s":"JHARKHAND"}},{"arcs":[[1540,1541,1542,-1540]],"type":"Polygon","properties":{"n":"Tundi","c":351499,"d":"Giridih","s":"JHARKHAND"}},{"arcs":[[1543,1544,1545,1546,1547,1548,-1530,1549,-1534,-1543]],"type":"Polygon","properties":{"n":"Mohaniapahari","c":351607,"d":"Giridih","s":"JHARKHAND"}},{"arcs":[[-1542,1550,1551,-1544]],"type":"Polygon","properties":{"n":"Barmanbahiar","c":351498,"d":"Giridih","s":"JHARKHAND"}},{"arcs":[[-1552,1552,1553,1554,-1545]],"type":"Polygon","properties":{"n":"Kolharia","c":351494,"d":"Giridih","s":"JHARKHAND"}},{"arcs":[[1555,1556,1557,1558,-1554]],"type":"Polygon","properties":{"n":"Karmutanr","c":351495,"d":"Giridih","s":"JHARKHAND"}},{"arcs":[[1559,-1557,1560,1561,1562,1563]],"type":"Polygon","properties":{"n":"Madhupur","c":351491,"d":"Giridih","s":"JHARKHAND"}},{"arcs":[[1564,-1563,1565,1566,1567]],"type":"Polygon","properties":{"n":"Bimlatand","c":351490,"d":"Giridih","s":"JHARKHAND"}},{"arcs":[[-1562,1568,1569,1570,1571,-1566]],"type":"Polygon","properties":{"n":"Goradih","c":351489,"d":"Giridih","s":"JHARKHAND"}},{"arcs":[[-1567,-1572,1572,1573,1574,1575]],"type":"Polygon","properties":{"n":"Murgumi","c":351488,"d":"Giridih","s":"JHARKHAND"}},{"arcs":[[1576,-1558,-1560,1577]],"type":"Polygon","properties":{"n":"Badwara","c":351492,"d":"Giridih","s":"JHARKHAND"}},{"arcs":[[1578,1579,-1546,-1555,-1559,-1577]],"type":"Polygon","properties":{"n":"Hathbor","c":351493,"d":"Giridih","s":"JHARKHAND"}},{"arcs":[[1580,1581,1582,-1547,-1580]],"type":"Polygon","properties":{"n":"Paharpur","c":351608,"d":"Giridih","s":"JHARKHAND"}},{"arcs":[[1583,1584,1585,1586,-1582,1587]],"type":"Polygon","properties":{"n":"Golgo","c":351609,"d":"Giridih","s":"JHARKHAND"}},{"arcs":[[1588,1589,-1584,1590]],"type":"Polygon","properties":{"n":"Mehabank","c":351616,"d":"Giridih","s":"JHARKHAND"}},{"arcs":[[-1590,1591,1592,-1585]],"type":"Polygon","properties":{"n":"Purnadih","c":351615,"d":"Giridih","s":"JHARKHAND"}},{"arcs":[[1593,1594,1595,1596,-1592,-1589]],"type":"Polygon","properties":{"n":"Babu Raidih","c":351614,"d":"Giridih","s":"JHARKHAND"}},{"arcs":[[1597,1598,1599,1600,-1595]],"type":"Polygon","properties":{"n":"Bijaipur","c":351593,"d":"Giridih","s":"JHARKHAND"}},{"arcs":[[1601,1602,1603,1604,1605,-1600]],"type":"Polygon","properties":{"n":"Naiadabar","c":351592,"d":"Giridih","s":"JHARKHAND"}},{"arcs":[[1606,1607,1608,-1596,-1601,-1606]],"type":"Polygon","properties":{"n":"Ghumripahari","c":351594,"d":"Giridih","s":"JHARKHAND"}},{"arcs":[[1609,1610,1611,1612,-1597,-1609]],"type":"Polygon","properties":{"n":"Jiynpur","c":351613,"d":"Giridih","s":"JHARKHAND"}},{"arcs":[[1613,1614,-1593,-1613]],"type":"Polygon","properties":{"n":"Madnutanr","c":351611,"d":"Giridih","s":"JHARKHAND"}},{"arcs":[[-1615,1615,1616,1617,-1586]],"type":"Polygon","properties":{"n":"Makho","c":351610,"d":"Giridih","s":"JHARKHAND"}},{"arcs":[[1618,1619,-1548,-1583,-1587,-1618]],"type":"Polygon","properties":{"n":"Burhikura","c":351606,"d":"Giridih","s":"JHARKHAND"}},{"arcs":[[1620,-1522,-1527,-1549,-1620]],"type":"Polygon","properties":{"n":"Tetariatanr","c":351605,"d":"Giridih","s":"JHARKHAND"}},{"arcs":[[-1619,-1617,1621,1622,-1517,-1523,-1621]],"type":"Polygon","properties":{"n":"Rangamati","c":351599,"d":"Giridih","s":"JHARKHAND"}},{"arcs":[[-1616,-1614,-1612,1623,-1622]],"type":"Polygon","properties":{"n":"Chirudih","c":351612,"d":"Giridih","s":"JHARKHAND"}},{"arcs":[[-1611,1624,1625,1626,1627,-1624]],"type":"Polygon","properties":{"n":"Purri","c":351597,"d":"Giridih","s":"JHARKHAND"}},{"arcs":[[-1625,-1610,-1608,1628]],"type":"Polygon","properties":{"n":"Bargarha","c":351595,"d":"Giridih","s":"JHARKHAND"}},{"arcs":[[-1626,-1629,-1607,-1605,1629]],"type":"Polygon","properties":{"n":"Rohaniatand","c":351596,"d":"Giridih","s":"JHARKHAND"}},{"arcs":[[-1604,1630,1631,1632,-1518,1633,-1627,-1630]],"type":"Polygon","properties":{"n":"Jurpania","c":351591,"d":"Giridih","s":"JHARKHAND"}},{"arcs":[[-1623,-1628,-1634]],"type":"Polygon","properties":{"n":"Baramo","c":351598,"d":"Giridih","s":"JHARKHAND"}},{"arcs":[[-1603,1634,1635,1636,1637,-1631]],"type":"Polygon","properties":{"n":"Bhalkudar","c":351589,"d":"Giridih","s":"JHARKHAND"}},{"arcs":[[1638,-1632,-1638]],"type":"Polygon","properties":{"n":"Bansjor","c":351590,"d":"Giridih","s":"JHARKHAND"}},{"arcs":[[1639,-1394,-1400,-1507,-1511,-1515]],"type":"Polygon","properties":{"n":"Dalgando","c":351573,"d":"Giridih","s":"JHARKHAND"}},{"arcs":[[-1514,1640,-1395,-1640]],"type":"Polygon","properties":{"n":"Bhagabandh","c":351574,"d":"Giridih","s":"JHARKHAND"}},{"arcs":[[-1637,1641,1642,1643,1644,1645,-1356,-1366,-1389,-1391,-1396,-1641,-1513,-1519,-1633,-1639],[-251]],"type":"Polygon","properties":{"n":"Forestblock","c":351576,"d":"Giridih","s":"JHARKHAND"}},{"arcs":[[1646,1647,1648,1649]],"type":"Polygon","properties":{"n":"Kumharia","c":351583,"d":"Giridih","s":"JHARKHAND"}},{"arcs":[[1650,1651,1652,-1643,1653,-1649]],"type":"Polygon","properties":{"n":"Sathibad","c":351580,"d":"Giridih","s":"JHARKHAND"}},{"arcs":[[1654,1655,1656,1657,-1644,-1653]],"type":"Polygon","properties":{"n":"Bathanbari","c":351579,"d":"Giridih","s":"JHARKHAND"}},{"arcs":[[1658,-1645,-1658]],"type":"Polygon","properties":{"n":"Kapsa","c":351578,"d":"Giridih","s":"JHARKHAND"}},{"arcs":[[-1659,-1657,1659,-1353,-1357,-1646]],"type":"Polygon","properties":{"n":"Kenduatanr","c":351560,"d":"Giridih","s":"JHARKHAND"}},{"arcs":[[-1656,1660,1661,1662,1663,-1347,-1351,-1354,-1660]],"type":"Polygon","properties":{"n":"Tarajori","c":351661,"d":"Giridih","s":"JHARKHAND"}},{"arcs":[[-1655,-1652,1664,1665,1666,1667,-1661]],"type":"Polygon","properties":{"n":"Tilaibania","c":351662,"d":"Giridih","s":"JHARKHAND"}},{"arcs":[[-1651,-1648,1668,-1665]],"type":"Polygon","properties":{"n":"Katghari","c":351581,"d":"Giridih","s":"JHARKHAND"}},{"arcs":[[-1666,1669,1670,1671,1672,1673,1674]],"type":"Polygon","properties":{"n":"Pipratol","c":351665,"d":"Giridih","s":"JHARKHAND"}},{"arcs":[[1675,1676,1677,1678,1679,1680,-1674]],"type":"Polygon","properties":{"n":"Mohanpur","c":351666,"d":"Giridih","s":"JHARKHAND"}},{"arcs":[[1681,1682,1683,1684,1685,1686]],"type":"Polygon","properties":{"n":"Burhia Sarai","c":351689,"d":"Giridih","s":"JHARKHAND"}},{"arcs":[[-1685,1687,1688,1689,1690]],"type":"Polygon","properties":{"n":"Lakhanpur","c":351632,"d":"Giridih","s":"JHARKHAND"}},{"arcs":[[1691,1692,1693,1694,-1690]],"type":"Polygon","properties":{"n":"Chorkata","c":351683,"d":"Giridih","s":"JHARKHAND"}},{"arcs":[[1695,1696,1697,-1694]],"type":"Polygon","properties":{"n":"Jaruwadih","c":351682,"d":"Giridih","s":"JHARKHAND"}},{"arcs":[[-1693,1698,1699,1700,1701,-1696]],"type":"Polygon","properties":{"n":"Pirhakatha","c":351681,"d":"Giridih","s":"JHARKHAND"}},{"arcs":[[1702,1703,1704,1705,-1701]],"type":"Polygon","properties":{"n":"Kadmatol","c":351678,"d":"Giridih","s":"JHARKHAND"}},{"arcs":[[1706,-1672,1707,-1704]],"type":"Polygon","properties":{"n":"Nagri","c":351677,"d":"Giridih","s":"JHARKHAND"}},{"arcs":[[-1703,-1700,1708,1709,-1676,-1673,-1707]],"type":"Polygon","properties":{"n":"Barotanr","c":351676,"d":"Giridih","s":"JHARKHAND"}},{"arcs":[[1710,1711,1712,1713,-1677,-1710]],"type":"Polygon","properties":{"n":"Jogidih","c":351675,"d":"Giridih","s":"JHARKHAND"}},{"arcs":[[1714,1715,-1678,-1714]],"type":"Polygon","properties":{"n":"Kusmarja","c":351674,"d":"Giridih","s":"JHARKHAND"}},{"arcs":[[1716,1717,1718,1719,1720,1721]],"type":"Polygon","properties":{"n":"Sobrajpur","c":351670,"d":"Giridih","s":"JHARKHAND"}},{"arcs":[[1722,1723,1724,1725,-1720]],"type":"Polygon","properties":{"n":"Dubrajpur","c":351628,"d":"Giridih","s":"JHARKHAND"}},{"arcs":[[-1721,-1726,1726,1727,1728,1729,1730,-1148,1731,1732,1733]],"type":"Polygon","properties":{"n":"Dondo","c":351629,"d":"Giridih","s":"JHARKHAND"}},{"arcs":[[1734,1735,1736,1737,-1733]],"type":"Polygon","properties":{"n":"Chhagrakatta","c":351630,"d":"Giridih","s":"JHARKHAND"}},{"arcs":[[-1732,-1147,-1172,1738,1739,-1735]],"type":"Polygon","properties":{"n":"Manjori","c":351639,"d":"Giridih","s":"JHARKHAND"}},{"arcs":[[-1175,1740,1741,-1739]],"type":"Polygon","properties":{"n":"Hadodih","c":351638,"d":"Giridih","s":"JHARKHAND"}},{"arcs":[[-1174,-1179,1742,1743,1744,-1741]],"type":"Polygon","properties":{"n":"Patrodih","c":351645,"d":"Giridih","s":"JHARKHAND"}},{"arcs":[[1745,1746,-1743,-1178]],"type":"Polygon","properties":{"n":"Ambatanr","c":351644,"d":"Giridih","s":"JHARKHAND"}},{"arcs":[[-1177,-1242,-1240,-1338,1747,-1746]],"type":"Polygon","properties":{"n":"Dhobani","c":351643,"d":"Giridih","s":"JHARKHAND"}},{"arcs":[[-1748,-1337,-1335,-1333,1748,-1744,-1747]],"type":"Polygon","properties":{"n":"Amjo","c":351647,"d":"Giridih","s":"JHARKHAND"}},{"arcs":[[-1332,-1341,-1344,1749,-1745,-1749]],"type":"Polygon","properties":{"n":"Topaia","c":351646,"d":"Giridih","s":"JHARKHAND"}},{"arcs":[[-1343,1750,1751,1752,1753,-1736,-1740,-1742,-1750]],"type":"Polygon","properties":{"n":"Chakardaha","c":351637,"d":"Giridih","s":"JHARKHAND"}},{"arcs":[[1754,1755,-1751]],"type":"Polygon","properties":{"n":"Khajurdiha","c":351636,"d":"Giridih","s":"JHARKHAND"}},{"arcs":[[1756,1757,-1753]],"type":"Polygon","properties":{"n":"Koiridih","c":351635,"d":"Giridih","s":"JHARKHAND"}},{"arcs":[[-1758,1758,1759,-1737,-1754]],"type":"Polygon","properties":{"n":"Palokhari","c":351631,"d":"Giridih","s":"JHARKHAND"}},{"arcs":[[-1760,1760,1761,-1722,-1734,-1738]],"type":"Polygon","properties":{"n":"Lakhanpur","c":351685,"d":"Giridih","s":"JHARKHAND"}},{"arcs":[[1762,1763,1764,1765,1766,-1717,-1762]],"type":"Polygon","properties":{"n":"Nawadih","c":351669,"d":"Giridih","s":"JHARKHAND"}},{"arcs":[[1767,1768,-1763]],"type":"Polygon","properties":{"n":"Bucha Nawadih","c":351633,"d":"Giridih","s":"JHARKHAND"}},{"arcs":[[-1761,-1759,-1757,-1752,-1756,1769,1770,1771,-1768]],"type":"Polygon","properties":{"n":"Mandardih","c":351634,"d":"Giridih","s":"JHARKHAND"}},{"arcs":[[1772,1773,-1771]],"type":"Polygon","properties":{"n":"Dumarjor","c":351657,"d":"Giridih","s":"JHARKHAND"}},{"arcs":[[-1755,-1342,-1349,-1345,1774,-1773,-1770]],"type":"Polygon","properties":{"n":"Bishunpur","c":351656,"d":"Giridih","s":"JHARKHAND"}},{"arcs":[[-1775,-1348,-1664,1775,-1764,-1769,-1772,-1774]],"type":"Polygon","properties":{"n":"Chapuadih","c":351658,"d":"Giridih","s":"JHARKHAND"}},{"arcs":[[-1663,1776,1777,-1765,-1776]],"type":"Polygon","properties":{"n":"Mundhari","c":351668,"d":"Giridih","s":"JHARKHAND"}},{"arcs":[[-1662,-1668,1778,-1777]],"type":"Polygon","properties":{"n":"Kakarkudar Alias Karamjor","c":351663,"d":"Giridih","s":"JHARKHAND"}},{"arcs":[[1779,-1680,1780,-1766,-1778]],"type":"Polygon","properties":{"n":"Dardmara","c":351667,"d":"Giridih","s":"JHARKHAND"}},{"arcs":[[-1779,-1667,-1675,-1681,-1780]],"type":"Polygon","properties":{"n":"Jhalakdiha","c":351664,"d":"Giridih","s":"JHARKHAND"}},{"arcs":[[1781,1782,1783,-1127,1784]],"type":"Polygon","properties":{"n":"Barbad38","c":351617,"d":"Giridih","s":"JHARKHAND"}},{"arcs":[[-1133,-1128,-1784,1785,1786,-919,-1102,-1125,-1153]],"type":"Polygon","properties":{"n":"Bhandaridih","c":351619,"d":"Giridih","s":"JHARKHAND"}},{"arcs":[[1787,1788,-1723,-1719,1789]],"type":"Polygon","properties":{"n":"Birajpur","c":351671,"d":"Giridih","s":"JHARKHAND"}},{"arcs":[[-1679,-1716,1790,1791,-1790,-1718,-1767,-1781]],"type":"Polygon","properties":{"n":"Phucho","c":351672,"d":"Giridih","s":"JHARKHAND"}},{"arcs":[[-1713,1792,1793,1794,-1791,-1715]],"type":"Polygon","properties":{"n":"Gopalpur","c":351673,"d":"Giridih","s":"JHARKHAND"}},{"arcs":[[1795,-1793,-1712,1796]],"type":"Polygon","properties":{"n":"Bishnudih","c":351688,"d":"Giridih","s":"JHARKHAND"}},{"arcs":[[-1689,1797,1798,-1797,-1711,-1709,-1699,-1692]],"type":"Polygon","properties":{"n":"Harilatanr","c":351687,"d":"Giridih","s":"JHARKHAND"}},{"arcs":[[-1684,1799,1800,-1798,-1688]],"type":"Polygon","properties":{"n":"Jamuniatanr","c":351686,"d":"Giridih","s":"JHARKHAND"}},{"arcs":[[-1686,-1691,-1695,-1698,1801,1802]],"type":"Polygon","properties":{"n":"Baijnathpur","c":351684,"d":"Giridih","s":"JHARKHAND"}},{"arcs":[[1803,-1802,-1697,-1702,-1706,1804]],"type":"Polygon","properties":{"n":"Sarangudih","c":351680,"d":"Giridih","s":"JHARKHAND"}},{"arcs":[[-1805,-1705,-1708,-1671,1805,1806]],"type":"Polygon","properties":{"n":"Gadi Sirsia Salaiya","c":351679,"d":"Giridih","s":"JHARKHAND"}},{"arcs":[[1807,-1806,-1670,-1669,-1647,1808]],"type":"Polygon","properties":{"n":"Tikalato","c":351582,"d":"Giridih","s":"JHARKHAND"}},{"arcs":[[-1809,-1650,-1654,1809,1810,1811]],"type":"Polygon","properties":{"n":"Bariarpur","c":351584,"d":"Giridih","s":"JHARKHAND"}},{"arcs":[[-1811,1812,1813]],"type":"Polygon","properties":{"n":"Lodhratari","c":351586,"d":"Giridih","s":"JHARKHAND"}},{"arcs":[[-1813,-1810,-1642,-1636,1814,1815]],"type":"Polygon","properties":{"n":"Luppi","c":351587,"d":"Giridih","s":"JHARKHAND"}},{"arcs":[[-1815,-1635,-1602,-1599,1816]],"type":"Polygon","properties":{"n":"Baijubank","c":351588,"d":"Giridih","s":"JHARKHAND"}},{"arcs":[[-1568,-1576,1817,1818]],"type":"Polygon","properties":{"n":"Khosokhar","c":351487,"d":"Giridih","s":"JHARKHAND"}},{"arcs":[[-1818,-1575,1819,1820,1821],[-250]],"type":"Polygon","properties":{"n":"Sahiari","c":351485,"d":"Giridih","s":"JHARKHAND"}},{"arcs":[[-1556,1822,1823,1824,1825,1826,-1569,-1561]],"type":"Polygon","properties":{"n":"Kokarchi","c":351496,"d":"Giridih","s":"JHARKHAND"}},{"arcs":[[-1553,-1551,-1541,-1539,1827,-1823]],"type":"Polygon","properties":{"n":"Pipritanr","c":351497,"d":"Giridih","s":"JHARKHAND"}},{"arcs":[[-1529,-1533,1828,-50,-1535,-1550]],"type":"Polygon","properties":{"n":"Pardih","c":351501,"d":"Giridih","s":"JHARKHAND"}},{"arcs":[[-1532,1829,-51,-1829]],"type":"Polygon","properties":{"n":"Majhilatol","c":351504,"d":"Giridih","s":"JHARKHAND"}},{"arcs":[[-1531,-1524,-1520,-1502,-1500,-1494,1830,1831,-52,-1830]],"type":"Polygon","properties":{"n":"Lalpur","c":351505,"d":"Giridih","s":"JHARKHAND"}},{"arcs":[[-1493,-1488,-1499,1832,-1831]],"type":"Polygon","properties":{"n":"Jhabdatanr","c":351510,"d":"Giridih","s":"JHARKHAND"}},{"arcs":[[-1255,1833,1834,-1423]],"type":"Polygon","properties":{"n":"Naitanr","c":351692,"d":"Giridih","s":"JHARKHAND"}},{"arcs":[[-1254,-1258,1835,1836,-1834]],"type":"Polygon","properties":{"n":"Bariabad","c":351693,"d":"Giridih","s":"JHARKHAND"}},{"arcs":[[-1247,1837,-881,-882,-1252,-1264,-1268]],"type":"Polygon","properties":{"n":"Telonari","c":351698,"d":"Giridih","s":"JHARKHAND"}},{"arcs":[[-1216,-1221,-1224,-1222,-1218,-1184,-1181,-1183,-870,-405,-475,-873,-874,-877,1838,1839,1840,-878,-1838,-1246,-1225]],"type":"Polygon","properties":{"n":"Motileda","c":351738,"d":"Giridih","s":"JHARKHAND"}},{"arcs":[[-876,-631,1841,-1839]],"type":"Polygon","properties":{"n":"Mohanpur","c":351739,"d":"Giridih","s":"JHARKHAND"}},{"arcs":[[-1840,-1842,-637,-640,1842]],"type":"Polygon","properties":{"n":"Kharti","c":351740,"d":"Giridih","s":"JHARKHAND"}},{"arcs":[[-879,-1841,-1843,-639,-643]],"type":"Polygon","properties":{"n":"Pipratanr","c":351741,"d":"Giridih","s":"JHARKHAND"}},{"arcs":[[1843,1844,1845,-129,-149]],"type":"Polygon","properties":{"n":"Birajpur","c":352360,"d":"Giridih","s":"JHARKHAND"}},{"arcs":[[1846,1847,1848,1849,1850]],"type":"Polygon","properties":{"n":"Lalpur","c":351848,"d":"Giridih","s":"JHARKHAND"}},{"arcs":[[1851,1852,1853,1854,1855,-1849]],"type":"Polygon","properties":{"n":"Sitla","c":351849,"d":"Giridih","s":"JHARKHAND"}},{"arcs":[[-1856,1856,1857,-1850]],"type":"Polygon","properties":{"n":"Naekdih","c":351825,"d":"Giridih","s":"JHARKHAND"}},{"arcs":[[1858,1859,1860,1861,1862,1863,1864]],"type":"Polygon","properties":{"n":"Maniyadih","c":351828,"d":"Giridih","s":"JHARKHAND"}},{"arcs":[[1865,1866,1867,1868,1869,-1859]],"type":"Polygon","properties":{"n":"Khamhartand","c":351827,"d":"Giridih","s":"JHARKHAND"}},{"arcs":[[1870,1871,1872,1873,-1869]],"type":"Polygon","properties":{"n":"Dwarpahari","c":351802,"d":"Giridih","s":"JHARKHAND"}},{"arcs":[[-1873,1874,1875,1876,1877]],"type":"Polygon","properties":{"n":"Ahridih","c":351803,"d":"Giridih","s":"JHARKHAND"}},{"arcs":[[1878,1879,1880,1881,1882,-1875]],"type":"Polygon","properties":{"n":"Madwatand","c":351804,"d":"Giridih","s":"JHARKHAND"}},{"arcs":[[-1872,1883,-1879]],"type":"Polygon","properties":{"n":"Karanpura","c":351805,"d":"Giridih","s":"JHARKHAND"}},{"arcs":[[-1871,-1868,1884,1885,1886,1887,-1884]],"type":"Polygon","properties":{"n":"Karmatand","c":351806,"d":"Giridih","s":"JHARKHAND"}},{"arcs":[[-1867,1888,1889,-1858,1890,-1885]],"type":"Polygon","properties":{"n":"Rukotand","c":351826,"d":"Giridih","s":"JHARKHAND"}},{"arcs":[[-1857,-1855,1891,1892,1893,-1886,-1891]],"type":"Polygon","properties":{"n":"Dharampur","c":351783,"d":"Giridih","s":"JHARKHAND"}},{"arcs":[[1894,1895,1896,1897,1898,1899,1900,-1853]],"type":"Polygon","properties":{"n":"Ojhadih","c":351850,"d":"Giridih","s":"JHARKHAND"}},{"arcs":[[1901]],"type":"Polygon","properties":{"n":"Punidih","c":351852,"d":"Giridih","s":"JHARKHAND"}},{"arcs":[[-1892,-1854,-1901,1902,1903,1904,1905],[-1902]],"type":"Polygon","properties":{"n":"Gandey","c":351851,"d":"Giridih","s":"JHARKHAND"}},{"arcs":[[-1903,-1900,1906,1907]],"type":"Polygon","properties":{"n":"Ghorajori","c":351856,"d":"Giridih","s":"JHARKHAND"}},{"arcs":[[1908,1909,-1907]],"type":"Polygon","properties":{"n":"Kolhmarni","c":351857,"d":"Giridih","s":"JHARKHAND"}},{"arcs":[[1910,1911,1912,1913,1914,-1910]],"type":"Polygon","properties":{"n":"Mohanpur","c":351864,"d":"Giridih","s":"JHARKHAND"}},{"arcs":[[1915,1916,-1904,-1908,-1915]],"type":"Polygon","properties":{"n":"Haripaldih","c":351855,"d":"Giridih","s":"JHARKHAND"}},{"arcs":[[-1914,1917,1918,1919,1920,-1916]],"type":"Polygon","properties":{"n":"Beldih","c":351854,"d":"Giridih","s":"JHARKHAND"}},{"arcs":[[1921,1922,1923,1924,-1905,-1917,-1921]],"type":"Polygon","properties":{"n":"Mohandih","c":351853,"d":"Giridih","s":"JHARKHAND"}},{"arcs":[[1925,1926,-1893,-1906,-1925]],"type":"Polygon","properties":{"n":"Mohanpur","c":351823,"d":"Giridih","s":"JHARKHAND"}},{"arcs":[[-1924,1927,1928,1929,1930,-1926]],"type":"Polygon","properties":{"n":"Jora aam","c":351822,"d":"Giridih","s":"JHARKHAND"}},{"arcs":[[1931,1932,1933,-1930]],"type":"Polygon","properties":{"n":"Mahjori","c":351821,"d":"Giridih","s":"JHARKHAND"}},{"arcs":[[1934,1935,1936,1937,-1933]],"type":"Polygon","properties":{"n":"Bhogatiyalohari","c":351820,"d":"Giridih","s":"JHARKHAND"}},{"arcs":[[1938,1939,1940,1941,1942,-1935]],"type":"Polygon","properties":{"n":"Dewandih","c":351776,"d":"Giridih","s":"JHARKHAND"}},{"arcs":[[-1929,1943,1944,1945,-1939,-1932]],"type":"Polygon","properties":{"n":"Dharleto","c":351771,"d":"Giridih","s":"JHARKHAND"}},{"arcs":[[-1928,-1923,1946,1947,1948,-1944]],"type":"Polygon","properties":{"n":"Dasdih","c":351769,"d":"Giridih","s":"JHARKHAND"}},{"arcs":[[1949,1950,-1945,-1949]],"type":"Polygon","properties":{"n":"Kumhardih","c":351770,"d":"Giridih","s":"JHARKHAND"}},{"arcs":[[1951,1952,1953,-1940,-1946,-1951]],"type":"Polygon","properties":{"n":"Jiyanpur","c":351772,"d":"Giridih","s":"JHARKHAND"}},{"arcs":[[-1954,1954,-1941]],"type":"Polygon","properties":{"n":"Mahuasingha","c":351773,"d":"Giridih","s":"JHARKHAND"}},{"arcs":[[-1953,1955,1956,1957,1958,-1942,-1955]],"type":"Polygon","properties":{"n":"Jokatiyabad","c":351774,"d":"Giridih","s":"JHARKHAND"}},{"arcs":[[1959,-150,-113,-59,-58,1960]],"type":"Polygon","properties":{"n":"Bhalua","c":352370,"d":"Giridih","s":"JHARKHAND"}},{"arcs":[[-151,-1960,1961,1962,1963,1964]],"type":"Polygon","properties":{"n":"Dumrua","c":352369,"d":"Giridih","s":"JHARKHAND"}},{"arcs":[[1965,1966,1967,1968,1969,-146,-1965]],"type":"Polygon","properties":{"n":"Bhatudih","c":352366,"d":"Giridih","s":"JHARKHAND"}},{"arcs":[[1970,1971,1972,-1969]],"type":"Polygon","properties":{"n":"Matiosingha","c":352365,"d":"Giridih","s":"JHARKHAND"}},{"arcs":[[1973,1974,1975,-1972]],"type":"Polygon","properties":{"n":"Gajodih","c":352364,"d":"Giridih","s":"JHARKHAND"}},{"arcs":[[1976,1977]],"type":"Polygon","properties":{"n":"Parasbani","c":352389,"d":"Giridih","s":"JHARKHAND"}},{"arcs":[[1978,1979,1980,1981,1982,1983,1984,1985]],"type":"Polygon","properties":{"n":"Khurjio","c":352393,"d":"Giridih","s":"JHARKHAND"}},{"arcs":[[1986,1987,1988,1989,1990,-1984]],"type":"Polygon","properties":{"n":"Balgo","c":352398,"d":"Giridih","s":"JHARKHAND"}},{"arcs":[[1991,-1990,1992,1993,1994,1995,1996,1997]],"type":"Polygon","properties":{"n":"Khedwara","c":352422,"d":"Giridih","s":"JHARKHAND"}},{"arcs":[[-706,1998,1999,-1996,2000,2001,2002]],"type":"Polygon","properties":{"n":"Nagri","c":352419,"d":"Giridih","s":"JHARKHAND"}},{"arcs":[[2003,2004,2005,-2002]],"type":"Polygon","properties":{"n":"Madangundi","c":352404,"d":"Giridih","s":"JHARKHAND"}},{"arcs":[[-2004,-2001,-1995,2006,2007]],"type":"Polygon","properties":{"n":"Charghara","c":352403,"d":"Giridih","s":"JHARKHAND"}},{"arcs":[[-1994,2008,2009,-2007]],"type":"Polygon","properties":{"n":"Pahariadih","c":352402,"d":"Giridih","s":"JHARKHAND"}},{"arcs":[[-1993,-1989,2010,2011,2012,-2009]],"type":"Polygon","properties":{"n":"Chirudih","c":352399,"d":"Giridih","s":"JHARKHAND"}},{"arcs":[[-1988,2013,-1982,2014,2015,-2011]],"type":"Polygon","properties":{"n":"Salai Dih","c":352396,"d":"Giridih","s":"JHARKHAND"}},{"arcs":[[-1987,-1983,-2014]],"type":"Polygon","properties":{"n":"Dat Lago","c":352397,"d":"Giridih","s":"JHARKHAND"}},{"arcs":[[2016,2017,2018,2019,2020,2021,2022,-1980]],"type":"Polygon","properties":{"n":"Manik Diha","c":352394,"d":"Giridih","s":"JHARKHAND"}},{"arcs":[[2023,2024,2025,2026,2027,-2018]],"type":"Polygon","properties":{"n":"Baidapahari","c":352386,"d":"Giridih","s":"JHARKHAND"}},{"arcs":[[2028,-2026]],"type":"Polygon","properties":{"n":"Ramnagar","c":352385,"d":"Giridih","s":"JHARKHAND"}},{"arcs":[[2029,2030,-2019,-2028]],"type":"Polygon","properties":{"n":"Naitanr","c":352384,"d":"Giridih","s":"JHARKHAND"}},{"arcs":[[2031,-1968,2032,-2020,-2031]],"type":"Polygon","properties":{"n":"Kenduadih","c":352383,"d":"Giridih","s":"JHARKHAND"}},{"arcs":[[-1967,2033,2034,2035,2036,2037,-2021,-2033]],"type":"Polygon","properties":{"n":"Bharkatta","c":352382,"d":"Giridih","s":"JHARKHAND"}},{"arcs":[[2038,2039,2040,-2015,-1981,-2023]],"type":"Polygon","properties":{"n":"Luharia Pahari","c":352395,"d":"Giridih","s":"JHARKHAND"}},{"arcs":[[-2022,-2038,2041,2042,2043,-2039]],"type":"Polygon","properties":{"n":"Naglo","c":352380,"d":"Giridih","s":"JHARKHAND"}},{"arcs":[[-2037,2044,-2042]],"type":"Polygon","properties":{"n":"Kuruatanr","c":352381,"d":"Giridih","s":"JHARKHAND"}},{"arcs":[[-2034,-1966,-1964,2045]],"type":"Polygon","properties":{"n":"Tuladih","c":352367,"d":"Giridih","s":"JHARKHAND"}},{"arcs":[[2046,2047,-2035,-2046]],"type":"Polygon","properties":{"n":"Balidih","c":352368,"d":"Giridih","s":"JHARKHAND"}},{"arcs":[[-1963,2048,2049,-2047]],"type":"Polygon","properties":{"n":"Baramasia","c":352372,"d":"Giridih","s":"JHARKHAND"}},{"arcs":[[-1962,-1961,-57,2050,-2049]],"type":"Polygon","properties":{"n":"Bishunpur","c":352371,"d":"Giridih","s":"JHARKHAND"}},{"arcs":[[2051,2052,2053,2054,-2043,-2045,-2036,-2048,-2050]],"type":"Polygon","properties":{"n":"Tulsitanr","c":352373,"d":"Giridih","s":"JHARKHAND"}},{"arcs":[[-2051,-3,2055,2056,-2052]],"type":"Polygon","properties":{"n":"Sankhabara","c":352374,"d":"Giridih","s":"JHARKHAND"}},{"arcs":[[2057,2058,2059,2060,-2053,-2057]],"type":"Polygon","properties":{"n":"Jamdiha","c":352375,"d":"Giridih","s":"JHARKHAND"}},{"arcs":[[2061,2062,2063,2064,-2060]],"type":"Polygon","properties":{"n":"Khariodih","c":352377,"d":"Giridih","s":"JHARKHAND"}},{"arcs":[[2065,2066,-2054,-2061,-2065]],"type":"Polygon","properties":{"n":"Charghara","c":352378,"d":"Giridih","s":"JHARKHAND"}},{"arcs":[[-2040,-2044,-2055,-2067]],"type":"Polygon","properties":{"n":"Khesro","c":352379,"d":"Giridih","s":"JHARKHAND"}},{"arcs":[[-2064,2067,2068,-2012,-2016,-2041,-2066]],"type":"Polygon","properties":{"n":"Basgana","c":352400,"d":"Giridih","s":"JHARKHAND"}},{"arcs":[[-2069,2069,2070,2071,-2008,-2010,-2013]],"type":"Polygon","properties":{"n":"Pokharia","c":352401,"d":"Giridih","s":"JHARKHAND"}},{"arcs":[[2072,2073,2074,-2005,-2072]],"type":"Polygon","properties":{"n":"Balia","c":352405,"d":"Giridih","s":"JHARKHAND"}},{"arcs":[[-2071,2075,2076,-2073]],"type":"Polygon","properties":{"n":"Kumharpitni","c":352406,"d":"Giridih","s":"JHARKHAND"}},{"arcs":[[-2077,2077,2078,2079,2080,-2074]],"type":"Polygon","properties":{"n":"Khankhipipar","c":352412,"d":"Giridih","s":"JHARKHAND"}},{"arcs":[[2081,2082,-708,2083,2084]],"type":"Polygon","properties":{"n":"Basudih","c":352416,"d":"Giridih","s":"JHARKHAND"}},{"arcs":[[-702,-2083,2085]],"type":"Polygon","properties":{"n":"Baherwatanr","c":352418,"d":"Giridih","s":"JHARKHAND"}},{"arcs":[[-700,-703,-2086,-2082,2086,2087]],"type":"Polygon","properties":{"n":"Duar Padhari","c":352417,"d":"Giridih","s":"JHARKHAND"}},{"arcs":[[2088,2089,2090,2091,-2079]],"type":"Polygon","properties":{"n":"Dudhiano","c":352411,"d":"Giridih","s":"JHARKHAND"}},{"arcs":[[-2078,-2076,-2070,-2068,-2063,2092,2093,-2089]],"type":"Polygon","properties":{"n":"Panduadih","c":352407,"d":"Giridih","s":"JHARKHAND"}},{"arcs":[[2094,2095,2096,2097,2098,-2090,-2094]],"type":"Polygon","properties":{"n":"Pesham","c":352408,"d":"Giridih","s":"JHARKHAND"}},{"arcs":[[-2093,-2062,-2059,2099,-2095]],"type":"Polygon","properties":{"n":"Gadi","c":352376,"d":"Giridih","s":"JHARKHAND"}},{"arcs":[[2100,2101,2102,2103,2104]],"type":"Polygon","properties":{"n":"Parasbani","c":352343,"d":"Giridih","s":"JHARKHAND"}},{"arcs":[[2105,-2097,2106,2107,2108,-2102]],"type":"Polygon","properties":{"n":"Suiadih","c":352344,"d":"Giridih","s":"JHARKHAND"}},{"arcs":[[-2096,-2100,-2058,2109,2110,2111,-2107]],"type":"Polygon","properties":{"n":"Margora","c":352345,"d":"Giridih","s":"JHARKHAND"}},{"arcs":[[-2056,-2,2112,-2110]],"type":"Polygon","properties":{"n":"Baghanal","c":352347,"d":"Giridih","s":"JHARKHAND"}},{"arcs":[[-1,2113,2114,-2111,-2113]],"type":"Polygon","properties":{"n":"Orgo","c":352346,"d":"Giridih","s":"JHARKHAND"}},{"arcs":[[2115,2116,2117,2118,-2114,-7]],"type":"Polygon","properties":{"n":"Baliari","c":352328,"d":"Giridih","s":"JHARKHAND"}},{"arcs":[[-133,2119,2120]],"type":"Polygon","properties":{"n":"Kubri","c":352326,"d":"Giridih","s":"JHARKHAND"}},{"arcs":[[2121,2122,-2121]],"type":"Polygon","properties":{"n":"Arwatanr","c":352327,"d":"Giridih","s":"JHARKHAND"}},{"arcs":[[2123,2124,2125,2126,2127,-2116,-6,-2123]],"type":"Polygon","properties":{"n":"Kendua","c":352324,"d":"Giridih","s":"JHARKHAND"}},{"arcs":[[-2122,-2120,-134,-65,2128,2129,-2124]],"type":"Polygon","properties":{"n":"Gando","c":352325,"d":"Giridih","s":"JHARKHAND"}},{"arcs":[[-74,-190,2130,2131,-67]],"type":"Polygon","properties":{"n":"Fatehpur","c":352297,"d":"Giridih","s":"JHARKHAND"}},{"arcs":[[-192,2132,2133,2134,2135,-2131]],"type":"Polygon","properties":{"n":"Belatanr","c":352287,"d":"Giridih","s":"JHARKHAND"}},{"arcs":[[-191,-136,2136,-2133]],"type":"Polygon","properties":{"n":"Dongo","c":352289,"d":"Giridih","s":"JHARKHAND"}},{"arcs":[[2137,-2134,-2137,-135,2138,2139]],"type":"Polygon","properties":{"n":"Batlohia","c":352286,"d":"Giridih","s":"JHARKHAND"}},{"arcs":[[2140,2141,2142,2143,-68,-2132,-2136]],"type":"Polygon","properties":{"n":"Birni","c":352298,"d":"Giridih","s":"JHARKHAND"}},{"arcs":[[-2135,-2138,2144,2145,2146,-2141]],"type":"Polygon","properties":{"n":"Palaunjia","c":352282,"d":"Giridih","s":"JHARKHAND"}},{"arcs":[[-2140,2147,2148,2149,-2145]],"type":"Polygon","properties":{"n":"Birajpur","c":352283,"d":"Giridih","s":"JHARKHAND"}},{"arcs":[[-2139,-145,-184,2150,2151,-2148]],"type":"Polygon","properties":{"n":"Jitkundi","c":352284,"d":"Giridih","s":"JHARKHAND"}},{"arcs":[[-187,-176,2152]],"type":"Polygon","properties":{"n":"Ratanpura","c":352262,"d":"Giridih","s":"JHARKHAND"}},{"arcs":[[2153,-180,-189,-186,-188,-2153,-175,-142,-197,-195,2154,-159,2155,2156,2157,2158]],"type":"Polygon","properties":{"n":"Andhari","c":352256,"d":"Giridih","s":"JHARKHAND"}},{"arcs":[[-2157,2159,2160,2161]],"type":"Polygon","properties":{"n":"Pandna Kalan","c":352252,"d":"Giridih","s":"JHARKHAND"}},{"arcs":[[2162,-181,-2154]],"type":"Polygon","properties":{"n":"Baratanr","c":352266,"d":"Giridih","s":"JHARKHAND"}},{"arcs":[[-2159,2163,2164,2165,2166,2167,-182,-2163]],"type":"Polygon","properties":{"n":"Kapilo","c":352249,"d":"Giridih","s":"JHARKHAND"}},{"arcs":[[2168,2169,2170,-2167]],"type":"Polygon","properties":{"n":"Birinda","c":352248,"d":"Giridih","s":"JHARKHAND"}},{"arcs":[[2171,-2151,-183,-2168,-2171]],"type":"Polygon","properties":{"n":"Rajadaur","c":352268,"d":"Giridih","s":"JHARKHAND"}},{"arcs":[[2172,2173,-2170,2174,2175]],"type":"Polygon","properties":{"n":"Rupaidih","c":352246,"d":"Giridih","s":"JHARKHAND"}},{"arcs":[[-2150,2176,2177,2178,2179,-2146]],"type":"Polygon","properties":{"n":"Banpura","c":352280,"d":"Giridih","s":"JHARKHAND"}},{"arcs":[[2180,2181,2182,2183,2184,2185,-2179]],"type":"Polygon","properties":{"n":"Gongra","c":352279,"d":"Giridih","s":"JHARKHAND"}},{"arcs":[[2186,2187,2188,-2184]],"type":"Polygon","properties":{"n":"Jurpa","c":352277,"d":"Giridih","s":"JHARKHAND"}},{"arcs":[[2189,2190,2191,2192,-2188]],"type":"Polygon","properties":{"n":"Nawada","c":352276,"d":"Giridih","s":"JHARKHAND"}},{"arcs":[[2193,2194,-2185,-2189,-2193]],"type":"Polygon","properties":{"n":"Baramasia","c":352278,"d":"Giridih","s":"JHARKHAND"}},{"arcs":[[2195,-2147,-2180,-2186,-2195]],"type":"Polygon","properties":{"n":"Simradhab","c":352281,"d":"Giridih","s":"JHARKHAND"}},{"arcs":[[2196,2197,2198,2199,2200,-2142,-2196]],"type":"Polygon","properties":{"n":"Purnanagar","c":352300,"d":"Giridih","s":"JHARKHAND"}},{"arcs":[[-2194,2201,2202,2203,2204,2205,2206,-2197]],"type":"Polygon","properties":{"n":"Lakargarha","c":352305,"d":"Giridih","s":"JHARKHAND"}},{"arcs":[[-2207,2207,2208,-2198]],"type":"Polygon","properties":{"n":"Barwachatar","c":352304,"d":"Giridih","s":"JHARKHAND"}},{"arcs":[[-2209,2209,2210,2211,-2199]],"type":"Polygon","properties":{"n":"Mahthadih","c":352301,"d":"Giridih","s":"JHARKHAND"}},{"arcs":[[-2210,-2208,-2206,2212]],"type":"Polygon","properties":{"n":"Ranipinda","c":352303,"d":"Giridih","s":"JHARKHAND"}},{"arcs":[[-2205,2213,2214,2215,2216,2217,-2211,-2213]],"type":"Polygon","properties":{"n":"Barotanr","c":352302,"d":"Giridih","s":"JHARKHAND"}},{"arcs":[[2218,2219,-2129,-69,-2144,2220,-2200,-2212,-2218]],"type":"Polygon","properties":{"n":"Tetaria Salaidih","c":352321,"d":"Giridih","s":"JHARKHAND"}},{"arcs":[[-2221,-2143,-2201]],"type":"Polygon","properties":{"n":"Nawanagor","c":352299,"d":"Giridih","s":"JHARKHAND"}},{"arcs":[[2221,2222,2223,2224,-2125,-2130,-2220]],"type":"Polygon","properties":{"n":"Salaidih Kalan","c":352322,"d":"Giridih","s":"JHARKHAND"}},{"arcs":[[-2219,-2217,2225,-2222]],"type":"Polygon","properties":{"n":"Barotola","c":352320,"d":"Giridih","s":"JHARKHAND"}},{"arcs":[[-2216,2226,-2223,-2226]],"type":"Polygon","properties":{"n":"Chitarna","c":352319,"d":"Giridih","s":"JHARKHAND"}},{"arcs":[[-2215,2227,2228,2229,2230,2231,-2224,-2227]],"type":"Polygon","properties":{"n":"Arari","c":352318,"d":"Giridih","s":"JHARKHAND"}},{"arcs":[[-2228,-2214,-2204,2232,2233,2234]],"type":"Polygon","properties":{"n":"Markodih","c":352306,"d":"Giridih","s":"JHARKHAND"}},{"arcs":[[2235,2236,2237,-2229,-2235]],"type":"Polygon","properties":{"n":"Rupidih","c":352317,"d":"Giridih","s":"JHARKHAND"}},{"arcs":[[2238,2239,2240,-2230,-2238]],"type":"Polygon","properties":{"n":"Bhatasingha","c":352316,"d":"Giridih","s":"JHARKHAND"}},{"arcs":[[2241,2242,2243,-2240]],"type":"Polygon","properties":{"n":"Nawanagar","c":352315,"d":"Giridih","s":"JHARKHAND"}},{"arcs":[[-2232,2244,-2126,-2225]],"type":"Polygon","properties":{"n":"Puranpatari","c":352323,"d":"Giridih","s":"JHARKHAND"}},{"arcs":[[2245,2246,2247,2248,-2117,-2128]],"type":"Polygon","properties":{"n":"Paratanr","c":352329,"d":"Giridih","s":"JHARKHAND"}},{"arcs":[[2249,2250,-2247]],"type":"Polygon","properties":{"n":"Durgodih","c":352330,"d":"Giridih","s":"JHARKHAND"}},{"arcs":[[2251,2252,-2248,-2251]],"type":"Polygon","properties":{"n":"Hema Ahri","c":352331,"d":"Giridih","s":"JHARKHAND"}},{"arcs":[[2253,2254,2255,2256,-2118,-2249,-2253]],"type":"Polygon","properties":{"n":"Sitaltola","c":352335,"d":"Giridih","s":"JHARKHAND"}},{"arcs":[[2257,2258]],"type":"Polygon","properties":{"n":"Karmatanr","c":352332,"d":"Giridih","s":"JHARKHAND"}},{"arcs":[[-2259,2259,2260,2261,2262]],"type":"Polygon","properties":{"n":"Bergaro","c":352333,"d":"Giridih","s":"JHARKHAND"}},{"arcs":[[2263,2264,2265,-2255,2266,-2262]],"type":"Polygon","properties":{"n":"Naitanr","c":352334,"d":"Giridih","s":"JHARKHAND"}},{"arcs":[[2267,2268,2269,-2256,-2266]],"type":"Polygon","properties":{"n":"Teliadih","c":352336,"d":"Giridih","s":"JHARKHAND"}},{"arcs":[[-2265,2270,2271,2272,-2268]],"type":"Polygon","properties":{"n":"Kenduatanr","c":352339,"d":"Giridih","s":"JHARKHAND"}},{"arcs":[[-2156,-166,2273,2274,-2160]],"type":"Polygon","properties":{"n":"Dalangi","c":352253,"d":"Giridih","s":"JHARKHAND"}},{"arcs":[[-1976,2275,2276,-147,-1970,-1973]],"type":"Polygon","properties":{"n":"Kusmai","c":352362,"d":"Giridih","s":"JHARKHAND"}},{"arcs":[[2277,2278,-2276,-1975]],"type":"Polygon","properties":{"n":"Domansingha","c":352363,"d":"Giridih","s":"JHARKHAND"}},{"arcs":[[-2030,-2027,-2029,-2025,2279,2280,2281,2282,-2278,-1974,-1971,-2032]],"type":"Polygon","properties":{"n":"Kesodih","c":352387,"d":"Giridih","s":"JHARKHAND"}},{"arcs":[[2283,2284,-2281]],"type":"Polygon","properties":{"n":"Sirmadih","c":352388,"d":"Giridih","s":"JHARKHAND"}},{"arcs":[[-1979,2285,2286,-1977,2287,2288,2289,2290,-2284,-2280,-2024,-2017]],"type":"Polygon","properties":{"n":"Madarkha","c":352391,"d":"Giridih","s":"JHARKHAND"}},{"arcs":[[2291,2292,2293,-2286,-1986]],"type":"Polygon","properties":{"n":"Garaguru","c":352392,"d":"Giridih","s":"JHARKHAND"}},{"arcs":[[2294,2295,-722,-729,-894,2296,2297,-2292,-1985,-1991,-1992]],"type":"Polygon","properties":{"n":"Chitakharu","c":352425,"d":"Giridih","s":"JHARKHAND"}},{"arcs":[[-723,-2296,2298,-715]],"type":"Polygon","properties":{"n":"Lukuia","c":352424,"d":"Giridih","s":"JHARKHAND"}},{"arcs":[[-716,-2299,-2295,-1998,2299]],"type":"Polygon","properties":{"n":"Berahitanr","c":352423,"d":"Giridih","s":"JHARKHAND"}},{"arcs":[[-717,-2300,-1997,-2000,2300]],"type":"Polygon","properties":{"n":"Toko","c":352421,"d":"Giridih","s":"JHARKHAND"}},{"arcs":[[-712,-718,-2301,-1999,-705]],"type":"Polygon","properties":{"n":"Dharampur","c":352420,"d":"Giridih","s":"JHARKHAND"}},{"arcs":[[-2087,-2085,2301,2302]],"type":"Polygon","properties":{"n":"Katutanr","c":352415,"d":"Giridih","s":"JHARKHAND"}},{"arcs":[[-2302,-2084,-707,-2003,-2006,-2075,-2081,2303,2304]],"type":"Polygon","properties":{"n":"Pararmania","c":352414,"d":"Giridih","s":"JHARKHAND"}},{"arcs":[[2305,2306,-2304,-2080,-2092,2307,2308]],"type":"Polygon","properties":{"n":"Gurha","c":352413,"d":"Giridih","s":"JHARKHAND"}},{"arcs":[[2309,-2308,-2091,-2099,2310,2311]],"type":"Polygon","properties":{"n":"Chargo","c":352410,"d":"Giridih","s":"JHARKHAND"}},{"arcs":[[2312,-2311,-2098,-2106,-2101,2313]],"type":"Polygon","properties":{"n":"Karma","c":352409,"d":"Giridih","s":"JHARKHAND"}},{"arcs":[[-2103,-2109,2314,2315,2316]],"type":"Polygon","properties":{"n":"Chongakhar","c":352342,"d":"Giridih","s":"JHARKHAND"}},{"arcs":[[-2315,-2108,-2112,-2115,-2119,-2257,-2270,2317,2318]],"type":"Polygon","properties":{"n":"Khairidih","c":352341,"d":"Giridih","s":"JHARKHAND"}},{"arcs":[[2319,-2318,-2269,-2273,2320,2321]],"type":"Polygon","properties":{"n":"Rohniabera","c":352340,"d":"Giridih","s":"JHARKHAND"}},{"arcs":[[-2321,-2272,2322,2323]],"type":"Polygon","properties":{"n":"Dhobia Singha","c":352338,"d":"Giridih","s":"JHARKHAND"}},{"arcs":[[-2323,-2271,-2264,-2261,2324,2325,2326]],"type":"Polygon","properties":{"n":"Langurdiha","c":352337,"d":"Giridih","s":"JHARKHAND"}},{"arcs":[[2327,-2325,-2260,-2258,-2263,-2267,-2254,-2252,-2250,-2246,-2127,-2245,-2231,-2241,-2244,2328,2329]],"type":"Polygon","properties":{"n":"Jaridih","c":352314,"d":"Giridih","s":"JHARKHAND"}},{"arcs":[[-2329,-2243,2330,2331,2332]],"type":"Polygon","properties":{"n":"Gobindadih","c":352313,"d":"Giridih","s":"JHARKHAND"}},{"arcs":[[2333,2334,2335,-2332]],"type":"Polygon","properties":{"n":"Gardih","c":352312,"d":"Giridih","s":"JHARKHAND"}},{"arcs":[[-2335,2336,2337,2338,2339]],"type":"Polygon","properties":{"n":"Nawadih","c":352311,"d":"Giridih","s":"JHARKHAND"}},{"arcs":[[-2337,-2334,-2331,-2242,-2239,-2237,2340,2341,2342]],"type":"Polygon","properties":{"n":"Kalhajori","c":352310,"d":"Giridih","s":"JHARKHAND"}},{"arcs":[[-2236,-2234,2343,2344,2345,-2341]],"type":"Polygon","properties":{"n":"Sirmatanr","c":352308,"d":"Giridih","s":"JHARKHAND"}},{"arcs":[[2346,-2344,-2233,-2203,2347,2348]],"type":"Polygon","properties":{"n":"Dabri","c":352307,"d":"Giridih","s":"JHARKHAND"}},{"arcs":[[-2202,-2192,2349,2350,-2348]],"type":"Polygon","properties":{"n":"Jhanjh","c":352275,"d":"Giridih","s":"JHARKHAND"}},{"arcs":[[-2350,-2191,2351,2352,2353]],"type":"Polygon","properties":{"n":"Tato","c":352274,"d":"Giridih","s":"JHARKHAND"}},{"arcs":[[-2352,-2190,2354,2355,2356]],"type":"Polygon","properties":{"n":"Kharti","c":352273,"d":"Giridih","s":"JHARKHAND"}},{"arcs":[[-2355,-2187,-2183,2357,2358,2359]],"type":"Polygon","properties":{"n":"Ghuji","c":352272,"d":"Giridih","s":"JHARKHAND"}},{"arcs":[[-2182,2360,2361,2362,-2358]],"type":"Polygon","properties":{"n":"Jatadih","c":352271,"d":"Giridih","s":"JHARKHAND"}},{"arcs":[[-2181,-2178,2363,2364,-2361]],"type":"Polygon","properties":{"n":"Pathaldiha","c":352270,"d":"Giridih","s":"JHARKHAND"}},{"arcs":[[-2364,-2177,-2149,-2152,-2172,-2174,2365,2366]],"type":"Polygon","properties":{"n":"Pandaria","c":352269,"d":"Giridih","s":"JHARKHAND"}},{"arcs":[[2367,-2366,-2173,2368,2369]],"type":"Polygon","properties":{"n":"Muraina","c":352245,"d":"Giridih","s":"JHARKHAND"}},{"arcs":[[-2175,-2169,-2166,2370,2371]],"type":"Polygon","properties":{"n":"Chano","c":352247,"d":"Giridih","s":"JHARKHAND"}},{"arcs":[[-2165,2372,2373,-2371]],"type":"Polygon","properties":{"n":"Rajmania","c":352251,"d":"Giridih","s":"JHARKHAND"}},{"arcs":[[-2164,-2158,-2162,2374,-2373]],"type":"Polygon","properties":{"n":"Pathardiha","c":352250,"d":"Giridih","s":"JHARKHAND"}},{"arcs":[[2375,-2342,-2346,2376,2377]],"type":"Polygon","properties":{"n":"Bambri","c":352309,"d":"Giridih","s":"JHARKHAND"}},{"arcs":[[2378,2379,2380,2381,2382,2383,2384,2385,2386,2387,2388,2389,2390,2391,2392]],"type":"Polygon","properties":{"n":"Nayasakho","c":350823,"d":"Giridih","s":"JHARKHAND"}},{"arcs":[[2393,-2388]],"type":"Polygon","properties":{"n":"Purnisakho","c":350822,"d":"Giridih","s":"JHARKHAND"}},{"arcs":[[2394,2395,2396,2397,2398,-2390]],"type":"Polygon","properties":{"n":"Kulmandih","c":350824,"d":"Giridih","s":"JHARKHAND"}},{"arcs":[[2399,2400,2401,-2380]],"type":"Polygon","properties":{"n":"Bansdih","c":350859,"d":"Giridih","s":"JHARKHAND"}},{"arcs":[[2402,2403,2404,2405,-2401,2406,2407]],"type":"Polygon","properties":{"n":"Sondighi","c":350861,"d":"Giridih","s":"JHARKHAND"}},{"arcs":[[-2400,-2379,2408,2409,2410,-2407]],"type":"Polygon","properties":{"n":"Darai Saran","c":350858,"d":"Giridih","s":"JHARKHAND"}},{"arcs":[[-2411,2411,2412,2413,2414,-2408]],"type":"Polygon","properties":{"n":"Manjhladih","c":350857,"d":"Giridih","s":"JHARKHAND"}},{"arcs":[[-2410,2415,2416,2417,2418,-2412]],"type":"Polygon","properties":{"n":"Gadidighi","c":350842,"d":"Giridih","s":"JHARKHAND"}},{"arcs":[[-2409,-2393,2419,2420,2421,2422,2423,2424,-2416]],"type":"Polygon","properties":{"n":"Madhopur","c":350841,"d":"Giridih","s":"JHARKHAND"}},{"arcs":[[2425,-2421]],"type":"Polygon","properties":{"n":"Bisunpur","c":350840,"d":"Giridih","s":"JHARKHAND"}},{"arcs":[[2426,2427,-2397]],"type":"Polygon","properties":{"n":"Tolatand","c":350837,"d":"Giridih","s":"JHARKHAND"}},{"arcs":[[2428,2429,-2426,-2420,-2392,2430,-2398,-2428]],"type":"Polygon","properties":{"n":"Dhanukdih","c":350838,"d":"Giridih","s":"JHARKHAND"}},{"arcs":[[-2391,-2399,-2431]],"type":"Polygon","properties":{"n":"Tolatand","c":350837,"d":"Giridih","s":"JHARKHAND"}},{"arcs":[[2431,2432,2433,-2422,-2430]],"type":"Polygon","properties":{"n":"Raidih","c":350839,"d":"Giridih","s":"JHARKHAND"}},{"arcs":[[2434,2435,2436,2437,-2433]],"type":"Polygon","properties":{"n":"Bilotand","c":350836,"d":"Giridih","s":"JHARKHAND"}},{"arcs":[[2438,2439,2440,2441,-2436]],"type":"Polygon","properties":{"n":"Deopahari","c":350832,"d":"Giridih","s":"JHARKHAND"}},{"arcs":[[2442,2443,2444,2445,2446,2447,2448,-2441]],"type":"Polygon","properties":{"n":"Tiwaridih","c":350831,"d":"Giridih","s":"JHARKHAND"}},{"arcs":[[2449,2450,2451,2452,-2437,-2442,-2449]],"type":"Polygon","properties":{"n":"Jalkhariodih","c":350833,"d":"Giridih","s":"JHARKHAND"}},{"arcs":[[2453,2454,-2423,-2434,-2438,-2453]],"type":"Polygon","properties":{"n":"Bajludih","c":350835,"d":"Giridih","s":"JHARKHAND"}},{"arcs":[[-2452,2455,2456,2457,-2454]],"type":"Polygon","properties":{"n":"Dhenga","c":350834,"d":"Giridih","s":"JHARKHAND"}},{"arcs":[[-2458,2458,2459,-2424,-2455]],"type":"Polygon","properties":{"n":"Dhenga","c":350834,"d":"Giridih","s":"JHARKHAND"}},{"arcs":[[-2457,2460,2461,2462,2463,-2459]],"type":"Polygon","properties":{"n":"Lakhna","c":350844,"d":"Giridih","s":"JHARKHAND"}},{"arcs":[[-2456,-2451,2464,-2461]],"type":"Polygon","properties":{"n":"Jalkhariodih","c":350833,"d":"Giridih","s":"JHARKHAND"}},{"arcs":[[2465,2466,2467,2468,-2462]],"type":"Polygon","properties":{"n":"Parsatanr","c":350845,"d":"Giridih","s":"JHARKHAND"}},{"arcs":[[2469,-2417,-2425,-2460,-2464]],"type":"Polygon","properties":{"n":"Gadiyadighi","c":350843,"d":"Giridih","s":"JHARKHAND"}},{"arcs":[[-2463,-2469,2470,2471,2472,2473,2474,2475,-2418,-2470]],"type":"Polygon","properties":{"n":"Manakdiha","c":350846,"d":"Giridih","s":"JHARKHAND"}},{"arcs":[[2476,2477,2478,-2413,-2419,-2476]],"type":"Polygon","properties":{"n":"Kantidighi","c":350856,"d":"Giridih","s":"JHARKHAND"}},{"arcs":[[2479,2480,2481,2482,2483,-1821,2484,2485,2486,2487,2488,2489,2490,2491,-2414,-2479,2492,2493]],"type":"Polygon","properties":{"n":"Pandeydih","c":350865,"d":"Giridih","s":"JHARKHAND"}},{"arcs":[[2494,-2491]],"type":"Polygon","properties":{"n":"Tewaridih","c":350863,"d":"Giridih","s":"JHARKHAND"}},{"arcs":[[-2495,-2490,2495,-2403,-2415,-2492]],"type":"Polygon","properties":{"n":"Mahesiyadighi","c":350862,"d":"Giridih","s":"JHARKHAND"}},{"arcs":[[2496,2497,2498,-2381,-2402,-2406]],"type":"Polygon","properties":{"n":"Pethandi","c":350860,"d":"Giridih","s":"JHARKHAND"}},{"arcs":[[2499,2500,-2481]],"type":"Polygon","properties":{"n":"Ambatand","c":350870,"d":"Giridih","s":"JHARKHAND"}},{"arcs":[[2501,2502,-2482,-2501]],"type":"Polygon","properties":{"n":"Naitand","c":350869,"d":"Giridih","s":"JHARKHAND"}},{"arcs":[[2503,-2483,-2503,2504,2505]],"type":"Polygon","properties":{"n":"Hariharpur","c":350868,"d":"Giridih","s":"JHARKHAND"}},{"arcs":[[-2506,2506,2507]],"type":"Polygon","properties":{"n":"Singardih","c":350867,"d":"Giridih","s":"JHARKHAND"}},{"arcs":[[-2507,-2505,-2502,-2500,-2480,2508,2509]],"type":"Polygon","properties":{"n":"Gidhatand","c":350866,"d":"Giridih","s":"JHARKHAND"}},{"arcs":[[-2509,-2494,2510,2511,2512]],"type":"Polygon","properties":{"n":"Nawada","c":350854,"d":"Giridih","s":"JHARKHAND"}},{"arcs":[[-2493,-2478,2513,2514,2515,-2511]],"type":"Polygon","properties":{"n":"Gamhardih","c":350855,"d":"Giridih","s":"JHARKHAND"}},{"arcs":[[2516,-2512,2517,2518,2519]],"type":"Polygon","properties":{"n":"Pathratanr","c":350853,"d":"Giridih","s":"JHARKHAND"}},{"arcs":[[-2516,2520,2521,2522,-2518]],"type":"Polygon","properties":{"n":"Pathalghatia","c":350852,"d":"Giridih","s":"JHARKHAND"}},{"arcs":[[2523,2524,-2520,2525,2526,2527]],"type":"Polygon","properties":{"n":"Budhuadih","c":350695,"d":"Giridih","s":"JHARKHAND"}},{"arcs":[[-2519,-2523,2528,2529,2530,2531,2532,-2526]],"type":"Polygon","properties":{"n":"Khoto","c":350696,"d":"Giridih","s":"JHARKHAND"}},{"arcs":[[2533,2534,2535,2536,-2527,-2533]],"type":"Polygon","properties":{"n":"Ghaghra","c":350685,"d":"Giridih","s":"JHARKHAND"}},{"arcs":[[-2537,2537,2538,-2528]],"type":"Polygon","properties":{"n":"Sarua","c":350693,"d":"Giridih","s":"JHARKHAND"}},{"arcs":[[2539,-2524,-2539,2540]],"type":"Polygon","properties":{"n":"Salaiya","c":350694,"d":"Giridih","s":"JHARKHAND"}},{"arcs":[[-2538,-2536,2541,2542]],"type":"Polygon","properties":{"n":"Agoi","c":350692,"d":"Giridih","s":"JHARKHAND"}},{"arcs":[[2543,2544,2545,2546]],"type":"Polygon","properties":{"n":"Bhandari","c":350690,"d":"Giridih","s":"JHARKHAND"}},{"arcs":[[2547,-2542,-2535,2548,2549,2550,-2547]],"type":"Polygon","properties":{"n":"Pipratand","c":350686,"d":"Giridih","s":"JHARKHAND"}},{"arcs":[[-2534,-2532,2551,2552,-2549]],"type":"Polygon","properties":{"n":"Amjo","c":350684,"d":"Giridih","s":"JHARKHAND"}},{"arcs":[[-2531,2553,2554,2555,2556,2557]],"type":"Polygon","properties":{"n":"Padmatand","c":350699,"d":"Giridih","s":"JHARKHAND"}},{"arcs":[[-2530,2558,2559,2560,2561,2562,2563,-2554]],"type":"Polygon","properties":{"n":"Jhagrudih","c":350698,"d":"Giridih","s":"JHARKHAND"}},{"arcs":[[-2522,2564,-2559,-2529]],"type":"Polygon","properties":{"n":"Baskitari","c":350697,"d":"Giridih","s":"JHARKHAND"}},{"arcs":[[-2521,-2515,2565,-2560,-2565]],"type":"Polygon","properties":{"n":"Karmatanr","c":350851,"d":"Giridih","s":"JHARKHAND"}},{"arcs":[[-2566,-2514,-2477,-2475,2566,2567,-2561]],"type":"Polygon","properties":{"n":"Chatro","c":350850,"d":"Giridih","s":"JHARKHAND"}},{"arcs":[[-2474,2568,-2567]],"type":"Polygon","properties":{"n":"Purnigaria","c":350849,"d":"Giridih","s":"JHARKHAND"}},{"arcs":[[-2473,2569,2570,2571,2572,2573,-2562,-2568,-2569]],"type":"Polygon","properties":{"n":"Purnabathan","c":350848,"d":"Giridih","s":"JHARKHAND"}},{"arcs":[[2574,2575,-2563,-2574]],"type":"Polygon","properties":{"n":"Sukhdeo Mahua","c":350702,"d":"Giridih","s":"JHARKHAND"}},{"arcs":[[2576,2577,2578,-2555,-2564,-2576]],"type":"Polygon","properties":{"n":"Chhewasemar","c":350701,"d":"Giridih","s":"JHARKHAND"}},{"arcs":[[-2575,-2573,2579,2580,-2577]],"type":"Polygon","properties":{"n":"Belakola","c":350703,"d":"Giridih","s":"JHARKHAND"}},{"arcs":[[-2572,2581,2582,-2580]],"type":"Polygon","properties":{"n":"Barmasiya","c":350704,"d":"Giridih","s":"JHARKHAND"}},{"arcs":[[-2571,2583,2584,2585,-2582]],"type":"Polygon","properties":{"n":"Ghasidih","c":350705,"d":"Giridih","s":"JHARKHAND"}},{"arcs":[[-2570,-2472,2586,-2584]],"type":"Polygon","properties":{"n":"Jataha","c":350847,"d":"Giridih","s":"JHARKHAND"}},{"arcs":[[-2471,-2468,2587,2588,-2587]],"type":"Polygon","properties":{"n":"Phulnadih","c":350724,"d":"Giridih","s":"JHARKHAND"}},{"arcs":[[-2467,2589,2590,2591,2592,2593,-2588]],"type":"Polygon","properties":{"n":"Pataldih","c":350727,"d":"Giridih","s":"JHARKHAND"}},{"arcs":[[-2466,-2465,-2450,-2448,2594,2595,-2590]],"type":"Polygon","properties":{"n":"Bajgunda","c":350728,"d":"Giridih","s":"JHARKHAND"}},{"arcs":[[-2595,-2447,2596]],"type":"Polygon","properties":{"n":"Karihari","c":350729,"d":"Giridih","s":"JHARKHAND"}},{"arcs":[[2597,2598,2599,2600,-2591,-2596,-2597]],"type":"Polygon","properties":{"n":"Jariabagi","c":350730,"d":"Giridih","s":"JHARKHAND"}},{"arcs":[[-2601,2601,2602,-2592]],"type":"Polygon","properties":{"n":"Pandaydih","c":350726,"d":"Giridih","s":"JHARKHAND"}},{"arcs":[[2603,2604,2605,2606,-2593,-2603]],"type":"Polygon","properties":{"n":"Behradih","c":350725,"d":"Giridih","s":"JHARKHAND"}},{"arcs":[[2607,-2585,-2589,-2594,-2607]],"type":"Polygon","properties":{"n":"Sirnatand","c":350723,"d":"Giridih","s":"JHARKHAND"}},{"arcs":[[2608,2609,2610,-2578,-2581,-2583,-2586]],"type":"Polygon","properties":{"n":"Kolhdih","c":350706,"d":"Giridih","s":"JHARKHAND"}},{"arcs":[[2611,2612,-2610]],"type":"Polygon","properties":{"n":"Kudiyamo","c":350707,"d":"Giridih","s":"JHARKHAND"}},{"arcs":[[-2609,-2608,-2606,2613,2614,2615,-2612]],"type":"Polygon","properties":{"n":"Nayakdih","c":350722,"d":"Giridih","s":"JHARKHAND"}},{"arcs":[[2616,2617,-2615]],"type":"Polygon","properties":{"n":"Telodih","c":350721,"d":"Giridih","s":"JHARKHAND"}},{"arcs":[[-2617,-2614,-2605,2618,2619,2620,2621,2622,2623,2624]],"type":"Polygon","properties":{"n":"Berodih","c":350720,"d":"Giridih","s":"JHARKHAND"}},{"arcs":[[-2604,-2602,-2600,2625,2626,-2619]],"type":"Polygon","properties":{"n":"Ahardih","c":350731,"d":"Giridih","s":"JHARKHAND"}},{"arcs":[[2627,2628,2629,2630,-2620,-2627]],"type":"Polygon","properties":{"n":"Jamdiha","c":350719,"d":"Giridih","s":"JHARKHAND"}},{"arcs":[[-2626,-2599,2631,2632,-2628]],"type":"Polygon","properties":{"n":"Jamdihabagi alias Agnardih","c":350732,"d":"Giridih","s":"JHARKHAND"}},{"arcs":[[-2598,-2446,2633,2634,2635,2636,2637,2638,-2632]],"type":"Polygon","properties":{"n":"Asko","c":350733,"d":"Giridih","s":"JHARKHAND"}},{"arcs":[[-2440,2639,2640,2641,2642,2643,2644,2645,2646,-2443]],"type":"Polygon","properties":{"n":"Nekpura","c":350826,"d":"Giridih","s":"JHARKHAND"}},{"arcs":[[2647,2648,2649,2650,-2646]],"type":"Polygon","properties":{"n":"Tapsidih","c":350828,"d":"Giridih","s":"JHARKHAND"}},{"arcs":[[2651,-2444,-2647,-2651]],"type":"Polygon","properties":{"n":"Khojatol","c":350829,"d":"Giridih","s":"JHARKHAND"}},{"arcs":[[-2650,2652,-2634,-2445,-2652]],"type":"Polygon","properties":{"n":"Danridih","c":350830,"d":"Giridih","s":"JHARKHAND"}},{"arcs":[[-2648,-2645,2653,2654,2655]],"type":"Polygon","properties":{"n":"Telodih","c":350827,"d":"Giridih","s":"JHARKHAND"}},{"arcs":[[2656,-2655,2657,2658,2659,2660,2661]],"type":"Polygon","properties":{"n":"Salaidih Alias Khorodih","c":350739,"d":"Giridih","s":"JHARKHAND"}},{"arcs":[[-2659,2662,2663,2664]],"type":"Polygon","properties":{"n":"Nematanr","c":350740,"d":"Giridih","s":"JHARKHAND"}},{"arcs":[[2665,2666,-2664]],"type":"Polygon","properties":{"n":"Pandedih","c":350741,"d":"Giridih","s":"JHARKHAND"}},{"arcs":[[2667,2668,-2660,-2665,2669,2670,2671,2672,2673]],"type":"Polygon","properties":{"n":"Chitrokurha","c":350742,"d":"Giridih","s":"JHARKHAND"}},{"arcs":[[2674,2675,2676,-2669]],"type":"Polygon","properties":{"n":"Lilaidih","c":350743,"d":"Giridih","s":"JHARKHAND"}},{"arcs":[[2677,2678,2679,-2661,-2677]],"type":"Polygon","properties":{"n":"Lariatanr","c":350738,"d":"Giridih","s":"JHARKHAND"}},{"arcs":[[-2662,-2680,2680]],"type":"Polygon","properties":{"n":"Khamharbad","c":350737,"d":"Giridih","s":"JHARKHAND"}},{"arcs":[[-2681,-2679,2681,2682,2683,2684,2685,2686,-2635,-2653,-2649,-2656,-2657]],"type":"Polygon","properties":{"n":"Barwadih","c":350736,"d":"Giridih","s":"JHARKHAND"}},{"arcs":[[2687,-2636,-2687]],"type":"Polygon","properties":{"n":"Bhikmatand","c":350734,"d":"Giridih","s":"JHARKHAND"}},{"arcs":[[-2686,2688,2689,-2637,-2688]],"type":"Polygon","properties":{"n":"Ramadih","c":350735,"d":"Giridih","s":"JHARKHAND"}},{"arcs":[[-2685,2690,2691,2692,-2689]],"type":"Polygon","properties":{"n":"Ranidih","c":350749,"d":"Giridih","s":"JHARKHAND"}},{"arcs":[[2693,2694,2695,-2692]],"type":"Polygon","properties":{"n":"Dhaniramdih","c":350748,"d":"Giridih","s":"JHARKHAND"}},{"arcs":[[-2696,2696,2697,2698,-2638,-2690,-2693]],"type":"Polygon","properties":{"n":"Gadi","c":350750,"d":"Giridih","s":"JHARKHAND"}},{"arcs":[[-2691,-2684,2699,2700,2701,-2694]],"type":"Polygon","properties":{"n":"Nanka Ranidih","c":350747,"d":"Giridih","s":"JHARKHAND"}},{"arcs":[[2702,2703,2704,2705,-2700,-2683]],"type":"Polygon","properties":{"n":"Bijaisingha","c":350746,"d":"Giridih","s":"JHARKHAND"}},{"arcs":[[-2682,-2678,-2676,2706,2707,2708,2709,-2703]],"type":"Polygon","properties":{"n":"Marudih","c":350745,"d":"Giridih","s":"JHARKHAND"}},{"arcs":[[-2675,-2668,2710,2711,-2707]],"type":"Polygon","properties":{"n":"Kirko","c":350744,"d":"Giridih","s":"JHARKHAND"}},{"arcs":[[2712,2713,2714,-2712]],"type":"Polygon","properties":{"n":"Samuadih","c":350771,"d":"Giridih","s":"JHARKHAND"}},{"arcs":[[-2713,-2711,-2674,2715,2716,2717,2718]],"type":"Polygon","properties":{"n":"Barwabad","c":350773,"d":"Giridih","s":"JHARKHAND"}},{"arcs":[[-2673,2719,2720,-2716]],"type":"Polygon","properties":{"n":"Bangaro","c":350774,"d":"Giridih","s":"JHARKHAND"}},{"arcs":[[2721,2722,-2720]],"type":"Polygon","properties":{"n":"Khaslodih Kisgo","c":350775,"d":"Giridih","s":"JHARKHAND"}},{"arcs":[[2723,2724,-2722,-2672]],"type":"Polygon","properties":{"n":"Khaslodih Lataki","c":350776,"d":"Giridih","s":"JHARKHAND"}},{"arcs":[[2725,2726,-2714,-2719]],"type":"Polygon","properties":{"n":"Fatuhi","c":350772,"d":"Giridih","s":"JHARKHAND"}},{"arcs":[[2727,2728,-2708,-2715,-2727]],"type":"Polygon","properties":{"n":"Marpoka","c":350770,"d":"Giridih","s":"JHARKHAND"}},{"arcs":[[2729,2730,2731,2732,-2709,-2729]],"type":"Polygon","properties":{"n":"Bagh Raidih","c":350766,"d":"Giridih","s":"JHARKHAND"}},{"arcs":[[2733,-2704,-2710,-2733]],"type":"Polygon","properties":{"n":"Badadih","c":350765,"d":"Giridih","s":"JHARKHAND"}},{"arcs":[[2734,2735,2736,-2705,-2734,-2732]],"type":"Polygon","properties":{"n":"Ramu Sharan","c":350764,"d":"Giridih","s":"JHARKHAND"}},{"arcs":[[2737,2738,2739,2740,2741,2742,-2701,-2706,-2737]],"type":"Polygon","properties":{"n":"Harla","c":350761,"d":"Giridih","s":"JHARKHAND"}},{"arcs":[[2743,-2739]],"type":"Polygon","properties":{"n":"Bhojpur","c":350762,"d":"Giridih","s":"JHARKHAND"}},{"arcs":[[2744,2745,-2629,-2633,-2639,-2699]],"type":"Polygon","properties":{"n":"Parbatudih","c":350751,"d":"Giridih","s":"JHARKHAND"}},{"arcs":[[-2698,2746,2747,2748,2749,-2745]],"type":"Polygon","properties":{"n":"Ghose","c":350752,"d":"Giridih","s":"JHARKHAND"}},{"arcs":[[-2697,-2695,-2702,-2743,2750,2751,2752,2753,2754,-2747]],"type":"Polygon","properties":{"n":"Manjhladih","c":350754,"d":"Giridih","s":"JHARKHAND"}},{"arcs":[[-2742,2755,2756,2757,2758,2759,2760,2761,-2751]],"type":"Polygon","properties":{"n":"Dhengadih","c":350759,"d":"Giridih","s":"JHARKHAND"}},{"arcs":[[2762,-2752,-2762]],"type":"Polygon","properties":{"n":"Cholidih","c":350755,"d":"Giridih","s":"JHARKHAND"}},{"arcs":[[-2761,2763,-2753,-2763]],"type":"Polygon","properties":{"n":"Barotand","c":350756,"d":"Giridih","s":"JHARKHAND"}},{"arcs":[[-2760,2764,2765,2766,2767,-2754,-2764]],"type":"Polygon","properties":{"n":"Kairidih","c":350757,"d":"Giridih","s":"JHARKHAND"}},{"arcs":[[-2759,2768,-2765]],"type":"Polygon","properties":{"n":"Parbad","c":350758,"d":"Giridih","s":"JHARKHAND"}},{"arcs":[[2769,2770,2771,-2748,-2755,-2768]],"type":"Polygon","properties":{"n":"Deori","c":350753,"d":"Giridih","s":"JHARKHAND"}},{"arcs":[[-2750,2772,2773,2774,2775,2776,2777,-2630,-2746]],"type":"Polygon","properties":{"n":"Ghaskaridih","c":350717,"d":"Giridih","s":"JHARKHAND"}},{"arcs":[[2778,-2621,-2631,-2778]],"type":"Polygon","properties":{"n":"Bhelmundi","c":350718,"d":"Giridih","s":"JHARKHAND"}},{"arcs":[[2779,2780,2781,-2779,-2777]],"type":"Polygon","properties":{"n":"Maldiha","c":350713,"d":"Giridih","s":"JHARKHAND"}},{"arcs":[[2782,2783,2784,2785,-2622,-2782]],"type":"Polygon","properties":{"n":"Hariyadih","c":350712,"d":"Giridih","s":"JHARKHAND"}},{"arcs":[[-2785,2786]],"type":"Polygon","properties":{"n":"Koyandih","c":350711,"d":"Giridih","s":"JHARKHAND"}},{"arcs":[[-2784,2787,2788,2789,2790,2791,2792,2793,2794,-2623,-2786,-2787]],"type":"Polygon","properties":{"n":"Fatehpur","c":350710,"d":"Giridih","s":"JHARKHAND"}},{"arcs":[[2795,-2624,-2795]],"type":"Polygon","properties":{"n":"Nawadih","c":350709,"d":"Giridih","s":"JHARKHAND"}},{"arcs":[[2796,2797,2798,-2613,-2616,-2618,-2625,-2796]],"type":"Polygon","properties":{"n":"Barjodih","c":350708,"d":"Giridih","s":"JHARKHAND"}},{"arcs":[[-2783,-2781,2799,-2788]],"type":"Polygon","properties":{"n":"Barsot","c":350714,"d":"Giridih","s":"JHARKHAND"}},{"arcs":[[-2800,-2780,-2776,2800,-2789]],"type":"Polygon","properties":{"n":"Jagai","c":350715,"d":"Giridih","s":"JHARKHAND"}},{"arcs":[[2801,2802,2803,2804,2805,-2791]],"type":"Polygon","properties":{"n":"Karmatanr","c":350668,"d":"Giridih","s":"JHARKHAND"}},{"arcs":[[2806,2807,-2792,-2806]],"type":"Polygon","properties":{"n":"Pandedih","c":350670,"d":"Giridih","s":"JHARKHAND"}},{"arcs":[[2808,2809,-2793,-2808]],"type":"Polygon","properties":{"n":"Mansinghtand","c":350671,"d":"Giridih","s":"JHARKHAND"}},{"arcs":[[-2794,-2810,2810,2811,2812,-2797]],"type":"Polygon","properties":{"n":"Gardhowa","c":350672,"d":"Giridih","s":"JHARKHAND"}},{"arcs":[[-2813,2813,2814,2815,-2798]],"type":"Polygon","properties":{"n":"Baghodih","c":350674,"d":"Giridih","s":"JHARKHAND"}},{"arcs":[[2816,-2556,-2579,-2611,-2799,-2816]],"type":"Polygon","properties":{"n":"Dulouri","c":350700,"d":"Giridih","s":"JHARKHAND"}},{"arcs":[[2817,2818,2819,-2552,-2558]],"type":"Polygon","properties":{"n":"Chandadih","c":350683,"d":"Giridih","s":"JHARKHAND"}},{"arcs":[[-2557,-2817,-2815,2820,2821,2822,-2818]],"type":"Polygon","properties":{"n":"Chahal","c":350675,"d":"Giridih","s":"JHARKHAND"}},{"arcs":[[-2814,-2812,2823,2824,2825,-2821]],"type":"Polygon","properties":{"n":"Mandnadih","c":350673,"d":"Giridih","s":"JHARKHAND"}},{"arcs":[[-2811,-2809,-2807,-2805,2826,2827,2828,-2824]],"type":"Polygon","properties":{"n":"Dulabhitha","c":350669,"d":"Giridih","s":"JHARKHAND"}},{"arcs":[[-2828,2829,2830,2831]],"type":"Polygon","properties":{"n":"Galphulia","c":350665,"d":"Giridih","s":"JHARKHAND"}},{"arcs":[[2832,2833,2834,2835,-2825,-2829,-2832]],"type":"Polygon","properties":{"n":"Machhli","c":350678,"d":"Giridih","s":"JHARKHAND"}},{"arcs":[[2836,2837,2838,-2822,-2826,-2836]],"type":"Polygon","properties":{"n":"Sogra","c":350677,"d":"Giridih","s":"JHARKHAND"}},{"arcs":[[-2839,2839,2840,-2819,-2823]],"type":"Polygon","properties":{"n":"Basatpur","c":350676,"d":"Giridih","s":"JHARKHAND"}},{"arcs":[[-2838,2841,2842,2843,2844,-2840]],"type":"Polygon","properties":{"n":"Tilaiya","c":350680,"d":"Giridih","s":"JHARKHAND"}},{"arcs":[[2845,-2550,-2553,-2820,-2841,-2845]],"type":"Polygon","properties":{"n":"Kendua Kola","c":350682,"d":"Giridih","s":"JHARKHAND"}},{"arcs":[[-2551,2846,2847,2848,-2544]],"type":"Polygon","properties":{"n":"Dumarbaki","c":350687,"d":"Giridih","s":"JHARKHAND"}},{"arcs":[[2849,2850,-2848,2851,2852,2853]],"type":"Polygon","properties":{"n":"Purhara","c":350688,"d":"Giridih","s":"JHARKHAND"}},{"arcs":[[-2852,-2847,-2846,-2844,2854]],"type":"Polygon","properties":{"n":"Lambijor","c":350681,"d":"Giridih","s":"JHARKHAND"}},{"arcs":[[-2843,2855,2856,2857,2858,2859,2860,-2853,-2855]],"type":"Polygon","properties":{"n":"Hariraydih","c":350661,"d":"Giridih","s":"JHARKHAND"}},{"arcs":[[2861,2862,-2854,-2861,2863,2864]],"type":"Polygon","properties":{"n":"Buturwatanr","c":350660,"d":"Giridih","s":"JHARKHAND"}},{"arcs":[[-2862,2865,2866,2867]],"type":"Polygon","properties":{"n":"Kuswar","c":350659,"d":"Giridih","s":"JHARKHAND"}},{"arcs":[[-2866,-2865,2868,2869]],"type":"Polygon","properties":{"n":"Adwara","c":350658,"d":"Giridih","s":"JHARKHAND"}},{"arcs":[[-2864,-2860,2870,2871,2872,2873,-2869]],"type":"Polygon","properties":{"n":"Jaido","c":350657,"d":"Giridih","s":"JHARKHAND"}},{"arcs":[[2874,-2867,-2870,-2874,2875,2876]],"type":"Polygon","properties":{"n":"Karihari","c":350649,"d":"Giridih","s":"JHARKHAND"}},{"arcs":[[-2877,2877,2878,2879]],"type":"Polygon","properties":{"n":"Baghmari","c":350648,"d":"Giridih","s":"JHARKHAND"}},{"arcs":[[2880,2881,2882,-2879,2883,2884,2885]],"type":"Polygon","properties":{"n":"Harilwatand","c":350647,"d":"Giridih","s":"JHARKHAND"}},{"arcs":[[2886,-2882,2887,2888]],"type":"Polygon","properties":{"n":"Belatand","c":350646,"d":"Giridih","s":"JHARKHAND"}},{"arcs":[[2889,-2889,2890,2891]],"type":"Polygon","properties":{"n":"Pahadpur","c":350679,"d":"Giridih","s":"JHARKHAND"}},{"arcs":[[-2888,-2881,2892,2893,2894,2895,-2891]],"type":"Polygon","properties":{"n":"Kulmungri","c":350639,"d":"Giridih","s":"JHARKHAND"}},{"arcs":[[2896,2897,-2895]],"type":"Polygon","properties":{"n":"Baherwakola","c":350640,"d":"Giridih","s":"JHARKHAND"}},{"arcs":[[2898,-2892,-2896,-2898,2899,2900]],"type":"Polygon","properties":{"n":"Parsatand","c":350644,"d":"Giridih","s":"JHARKHAND"}},{"arcs":[[2901,-2901,2902,2903]],"type":"Polygon","properties":{"n":"Pharki","c":350643,"d":"Giridih","s":"JHARKHAND"}},{"arcs":[[-2904,2904,2905]],"type":"Polygon","properties":{"n":"Baj Pathal","c":350642,"d":"Giridih","s":"JHARKHAND"}},{"arcs":[[-2886,2906,-2893]],"type":"Polygon","properties":{"n":"Bhalu","c":350638,"d":"Giridih","s":"JHARKHAND"}},{"arcs":[[-2878,-2876,-2873,2907,2908,2909,-2884]],"type":"Polygon","properties":{"n":"Chirudih","c":350650,"d":"Giridih","s":"JHARKHAND"}},{"arcs":[[-2872,2910,2911,-2908]],"type":"Polygon","properties":{"n":"Rojha","c":350651,"d":"Giridih","s":"JHARKHAND"}},{"arcs":[[-2871,2912,2913,-2911]],"type":"Polygon","properties":{"n":"Bhadar","c":350656,"d":"Giridih","s":"JHARKHAND"}},{"arcs":[[-2859,2914,2915,-2913]],"type":"Polygon","properties":{"n":"Chandadih","c":350655,"d":"Giridih","s":"JHARKHAND"}},{"arcs":[[-2915,-2858,2916,2917,2918,2919]],"type":"Polygon","properties":{"n":"Loka","c":350654,"d":"Giridih","s":"JHARKHAND"}},{"arcs":[[2920,2921,-2917,-2857]],"type":"Polygon","properties":{"n":"Dhardharwa","c":350662,"d":"Giridih","s":"JHARKHAND"}},{"arcs":[[-2856,-2842,-2837,-2835,2922,-2921]],"type":"Polygon","properties":{"n":" ","c":0,"d":"Giridih","s":"JHARKHAND"}},{"arcs":[[2923,2924,2925,-2909,-2912,-2914,-2916,-2920]],"type":"Polygon","properties":{"n":"Harmatari","c":350652,"d":"Giridih","s":"JHARKHAND"}},{"arcs":[[2926,-2894,-2907,-2885,-2910,-2926,2927,2928,2929]],"type":"Polygon","properties":{"n":"Guniathar","c":350637,"d":"Giridih","s":"JHARKHAND"}},{"arcs":[[-2905,-2903,-2900,-2897,-2927,2930]],"type":"Polygon","properties":{"n":"Karijhal","c":350641,"d":"Giridih","s":"JHARKHAND"}},{"arcs":[[-2929,2931,2932]],"type":"Polygon","properties":{"n":"Bhatuakura","c":350636,"d":"Giridih","s":"JHARKHAND"}},{"arcs":[[-2928,-2925,2933,2934,2935,-2932]],"type":"Polygon","properties":{"n":"Maheshkesor","c":350635,"d":"Giridih","s":"JHARKHAND"}},{"arcs":[[-2924,-2919,2936,2937,2938,2939,-2934]],"type":"Polygon","properties":{"n":"Tetaria","c":350653,"d":"Giridih","s":"JHARKHAND"}},{"arcs":[[-2918,-2922,-2923,-2834,2940,-2937]],"type":"Polygon","properties":{"n":"Bhatudih","c":350663,"d":"Giridih","s":"JHARKHAND"}},{"arcs":[[-2833,-2831,2941,2942,-2938,-2941]],"type":"Polygon","properties":{"n":"Dhawatand","c":350664,"d":"Giridih","s":"JHARKHAND"}},{"arcs":[[2943,2944,2945,-2939,-2943]],"type":"Polygon","properties":{"n":"Baliari","c":350633,"d":"Giridih","s":"JHARKHAND"}},{"arcs":[[-2935,-2940,-2946,2946,2947]],"type":"Polygon","properties":{"n":"Kesoiya","c":350634,"d":"Giridih","s":"JHARKHAND"}},{"arcs":[[-2947,2948,2949,2950,2951]],"type":"Polygon","properties":{"n":"Hathgarh","c":350632,"d":"Giridih","s":"JHARKHAND"}},{"arcs":[[-2951,2952,2953,2954,2955]],"type":"Polygon","properties":{"n":"Harkund","c":350631,"d":"Giridih","s":"JHARKHAND"}},{"arcs":[[2956,-2955,2957,2958,2959]],"type":"Polygon","properties":{"n":"Ramnitand","c":350629,"d":"Giridih","s":"JHARKHAND"}},{"arcs":[[-2954,2960,2961,2962,-2958]],"type":"Polygon","properties":{"n":"Jagsimar","c":350630,"d":"Giridih","s":"JHARKHAND"}},{"arcs":[[-2953,-2950,2963,2964,2965,2966,-2961]],"type":"Polygon","properties":{"n":"Baramasia","c":350624,"d":"Giridih","s":"JHARKHAND"}},{"arcs":[[-2949,-2945,2967,2968,-2964]],"type":"Polygon","properties":{"n":"Bandiya","c":350623,"d":"Giridih","s":"JHARKHAND"}},{"arcs":[[-2942,-2830,-2827,-2804,2969,2970,-2968,-2944]],"type":"Polygon","properties":{"n":"Naraynpur","c":350666,"d":"Giridih","s":"JHARKHAND"}},{"arcs":[[-2803,2971,2972,2973,2974,-2970]],"type":"Polygon","properties":{"n":"Mahtodharan","c":350667,"d":"Giridih","s":"JHARKHAND"}},{"arcs":[[2975,-2965,-2969,-2971,-2975]],"type":"Polygon","properties":{"n":"Garhi","c":350622,"d":"Giridih","s":"JHARKHAND"}},{"arcs":[[-2802,-2790,-2801,-2775,2976,-2972]],"type":"Polygon","properties":{"n":"Jamunia","c":350716,"d":"Giridih","s":"JHARKHAND"}},{"arcs":[[-2977,-2774,2977,2978,2979]],"type":"Polygon","properties":{"n":"Pachpahri","c":350619,"d":"Giridih","s":"JHARKHAND"}},{"arcs":[[2980,2981,-2979]],"type":"Polygon","properties":{"n":"Kundilwa","c":350618,"d":"Giridih","s":"JHARKHAND"}},{"arcs":[[-2982,2982,-2973,-2980]],"type":"Polygon","properties":{"n":"Badkitand","c":350620,"d":"Giridih","s":"JHARKHAND"}},{"arcs":[[2983,2984,2985,2986,-2966,-2976,-2974,-2983]],"type":"Polygon","properties":{"n":"Sonre","c":350621,"d":"Giridih","s":"JHARKHAND"}},{"arcs":[[-2960,2987,2988,2989]],"type":"Polygon","properties":{"n":"Bhelwaghati","c":350628,"d":"Giridih","s":"JHARKHAND"}},{"arcs":[[-2959,-2963,2990,2991,-2988]],"type":"Polygon","properties":{"n":"Noniyatari","c":350627,"d":"Giridih","s":"JHARKHAND"}},{"arcs":[[-2986,2992,2993,2994,2995,2996,2997]],"type":"Polygon","properties":{"n":"Chandli","c":350615,"d":"Giridih","s":"JHARKHAND"}},{"arcs":[[2998,2999,3000,-2996]],"type":"Polygon","properties":{"n":"Sijhua","c":350593,"d":"Giridih","s":"JHARKHAND"}},{"arcs":[[-3000,3001,3002,3003,3004,3005]],"type":"Polygon","properties":{"n":"Garhi","c":350592,"d":"Giridih","s":"JHARKHAND"}},{"arcs":[[-2999,-2995,3006,3007,-3002]],"type":"Polygon","properties":{"n":"Phutka Alias Baramasia","c":350594,"d":"Giridih","s":"JHARKHAND"}},{"arcs":[[3008,3009,3010,3011,-2994]],"type":"Polygon","properties":{"n":"Budhiasare","c":350614,"d":"Giridih","s":"JHARKHAND"}},{"arcs":[[-2993,-2985,3012,3013,-3009]],"type":"Polygon","properties":{"n":"Charkapathal","c":350616,"d":"Giridih","s":"JHARKHAND"}},{"arcs":[[-3014,3014,3015,-3010]],"type":"Polygon","properties":{"n":"Jawari","c":350613,"d":"Giridih","s":"JHARKHAND"}},{"arcs":[[-3013,-2984,-2981,-2978,3016,-3015]],"type":"Polygon","properties":{"n":"Bijhara","c":350617,"d":"Giridih","s":"JHARKHAND"}},{"arcs":[[-2773,-2749,-2772,3017,3018,-3011,-3016,-3017]],"type":"Polygon","properties":{"n":"Garhatand","c":350612,"d":"Giridih","s":"JHARKHAND"}},{"arcs":[[-2771,3019,3020,-3018]],"type":"Polygon","properties":{"n":"Goditand","c":350611,"d":"Giridih","s":"JHARKHAND"}},{"arcs":[[3021,3022,3023,3024,-3019,-3021]],"type":"Polygon","properties":{"n":"Telodih","c":350610,"d":"Giridih","s":"JHARKHAND"}},{"arcs":[[-3020,-2770,-2767,3025,-3022]],"type":"Polygon","properties":{"n":"Birajpur","c":350609,"d":"Giridih","s":"JHARKHAND"}},{"arcs":[[-2766,3026,3027,-3023,-3026]],"type":"Polygon","properties":{"n":"Bhandratanr","c":350608,"d":"Giridih","s":"JHARKHAND"}},{"arcs":[[-2769,-2758,3028,3029,3030,-3027]],"type":"Polygon","properties":{"n":"Bhandradih","c":350607,"d":"Giridih","s":"JHARKHAND"}},{"arcs":[[3031,3032,-3029]],"type":"Polygon","properties":{"n":"Dewabad","c":350606,"d":"Giridih","s":"JHARKHAND"}},{"arcs":[[3033,3034,3035,3036,-3030,-3033]],"type":"Polygon","properties":{"n":"Dahuatand","c":350605,"d":"Giridih","s":"JHARKHAND"}},{"arcs":[[3037,3038,3039,3040,-3035]],"type":"Polygon","properties":{"n":"Khariodih","c":350604,"d":"Giridih","s":"JHARKHAND"}},{"arcs":[[3041,3042,-3007,-3012,-3025]],"type":"Polygon","properties":{"n":"Bhatu Raidih","c":350595,"d":"Giridih","s":"JHARKHAND"}},{"arcs":[[3043,3044,3045,-3036,-3041]],"type":"Polygon","properties":{"n":"Brahmthan","c":350597,"d":"Giridih","s":"JHARKHAND"}},{"arcs":[[-3024,-3028,-3031,-3037,-3046,3046,3047,3048,-3042]],"type":"Polygon","properties":{"n":"Shernidumar","c":350596,"d":"Giridih","s":"JHARKHAND"}},{"arcs":[[-3043,-3049,3049,-3003,-3008]],"type":"Polygon","properties":{"n":"Koiridih","c":350591,"d":"Giridih","s":"JHARKHAND"}},{"arcs":[[-3048,3050,3051,-3004,-3050]],"type":"Polygon","properties":{"n":"Lahibari","c":350590,"d":"Giridih","s":"JHARKHAND"}},{"arcs":[[-3051,3052,3053,3054,3055,3056,3057]],"type":"Polygon","properties":{"n":"Tilakdih","c":350584,"d":"Giridih","s":"JHARKHAND"}},{"arcs":[[-3047,-3045,3058,3059,-3053]],"type":"Polygon","properties":{"n":"Dudhpania","c":350598,"d":"Giridih","s":"JHARKHAND"}},{"arcs":[[3060,3061,3062,-3054,-3060]],"type":"Polygon","properties":{"n":"Gamhardon","c":350581,"d":"Giridih","s":"JHARKHAND"}},{"arcs":[[3063,3064,-3055,-3063]],"type":"Polygon","properties":{"n":"Karuwa Pathal","c":350582,"d":"Giridih","s":"JHARKHAND"}},{"arcs":[[3065,3066,3067,-3056,-3065]],"type":"Polygon","properties":{"n":"Bagh Raidih","c":350583,"d":"Giridih","s":"JHARKHAND"}},{"arcs":[[3068,3069,3070,-3057,-3068]],"type":"Polygon","properties":{"n":"Garanga","c":350585,"d":"Giridih","s":"JHARKHAND"}},{"arcs":[[3071,3072,3073,3074,3075]],"type":"Polygon","properties":{"n":"Pipradih","c":350587,"d":"Giridih","s":"JHARKHAND"}},{"arcs":[[3076,-3069,-3067,3077,3078,3079,3080,-3074]],"type":"Polygon","properties":{"n":"Chauki","c":350586,"d":"Giridih","s":"JHARKHAND"}},{"arcs":[[-3066,-3064,-3062,3081,3082,-3078]],"type":"Polygon","properties":{"n":"Bhakodumar","c":350580,"d":"Giridih","s":"JHARKHAND"}},{"arcs":[[-3061,-3059,-3044,-3040,3083,3084,-3082]],"type":"Polygon","properties":{"n":"Fatehpur","c":350599,"d":"Giridih","s":"JHARKHAND"}},{"arcs":[[-3039,3085,3086,3087,-3084]],"type":"Polygon","properties":{"n":"Tiloraitand","c":350600,"d":"Giridih","s":"JHARKHAND"}},{"arcs":[[3088,3089,3090,3091,3092,3093,-3085]],"type":"Polygon","properties":{"n":"Kendua","c":350577,"d":"Giridih","s":"JHARKHAND"}},{"arcs":[[3094,3095,3096,3097,-3093]],"type":"Polygon","properties":{"n":"Amjhar","c":350578,"d":"Giridih","s":"JHARKHAND"}},{"arcs":[[3098,-3079,-3083,-3094,-3098]],"type":"Polygon","properties":{"n":"Dudhkia","c":350579,"d":"Giridih","s":"JHARKHAND"}},{"arcs":[[-3092,3099,3100,3101,-3095]],"type":"Polygon","properties":{"n":"Ghordmarwa","c":350574,"d":"Giridih","s":"JHARKHAND"}},{"arcs":[[-3075,-3081,3102,3103,3104]],"type":"Polygon","properties":{"n":"Domiduar","c":350570,"d":"Giridih","s":"JHARKHAND"}},{"arcs":[[-3076,-3105,3105,3106]],"type":"Polygon","properties":{"n":"Jerodih","c":350569,"d":"Giridih","s":"JHARKHAND"}},{"arcs":[[-3038,-3034,-3032,-2757,3107,3108,3109,3110,3111,-3086]],"type":"Polygon","properties":{"n":"Sikrudih","c":350603,"d":"Giridih","s":"JHARKHAND"}},{"arcs":[[-2756,-2741,3112,-3108]],"type":"Polygon","properties":{"n":"Gardih","c":350760,"d":"Giridih","s":"JHARKHAND"}},{"arcs":[[-3113,-2740,-2744,-2738,-2736,3113,3114,-3109]],"type":"Polygon","properties":{"n":"Aragao","c":350763,"d":"Giridih","s":"JHARKHAND"}},{"arcs":[[-3114,-2735,-2731,3115,3116,3117]],"type":"Polygon","properties":{"n":"Gidhasimar","c":350767,"d":"Giridih","s":"JHARKHAND"}},{"arcs":[[3118,3119,-3117,3120,3121,3122]],"type":"Polygon","properties":{"n":"Belkushi","c":350768,"d":"Giridih","s":"JHARKHAND"}},{"arcs":[[-3121,-3116,-2730,-2728,-2726,-2718,3123,3124,3125,3126]],"type":"Polygon","properties":{"n":"Bairia","c":350769,"d":"Giridih","s":"JHARKHAND"}},{"arcs":[[3127,3128,-3125,3129,3130,3131,3132]],"type":"Polygon","properties":{"n":"Karmatand","c":350780,"d":"Giridih","s":"JHARKHAND"}},{"arcs":[[3133,3134,3135,3136,3137,3138,3139,3140,-3131]],"type":"Polygon","properties":{"n":"Khatauri","c":350781,"d":"Giridih","s":"JHARKHAND"}},{"arcs":[[3141,-3139,3142,3143,3144,3145,3146,3147,3148]],"type":"Polygon","properties":{"n":"Amjhar","c":350793,"d":"Giridih","s":"JHARKHAND"}},{"arcs":[[3149,3150,3151]],"type":"Polygon","properties":{"n":"Dhab","c":350798,"d":"Giridih","s":"JHARKHAND"}},{"arcs":[[3152,3153,3154,3155,-3150]],"type":"Polygon","properties":{"n":"Laharia","c":350799,"d":"Giridih","s":"JHARKHAND"}},{"arcs":[[3156,3157,3158,3159,3160,3161,3162,-3154]],"type":"Polygon","properties":{"n":"Kakania","c":350790,"d":"Giridih","s":"JHARKHAND"}},{"arcs":[[3163,-3145,3164,3165,-3158]],"type":"Polygon","properties":{"n":"Hathigarh Alias Gidhasemor","c":350792,"d":"Giridih","s":"JHARKHAND"}},{"arcs":[[3166,3167,-3155,-3163]],"type":"Polygon","properties":{"n":"Kari","c":350801,"d":"Giridih","s":"JHARKHAND"}},{"arcs":[[-3162,3168,3169,3170,3171,-3167]],"type":"Polygon","properties":{"n":"Dudhania","c":350802,"d":"Giridih","s":"JHARKHAND"}},{"arcs":[[3172,3173,3174,3175,-3170,3176]],"type":"Polygon","properties":{"n":"Rajpura","c":350803,"d":"Giridih","s":"JHARKHAND"}},{"arcs":[[-3169,-3161,3177,3178,3179,3180,-3177]],"type":"Polygon","properties":{"n":"Ghutia","c":350787,"d":"Giridih","s":"JHARKHAND"}},{"arcs":[[3181,3182,3183,3184,3185,3186,-3173,-3181,3187,3188]],"type":"Polygon","properties":{"n":"Kisgo","c":350804,"d":"Giridih","s":"JHARKHAND"}},{"arcs":[[-3180,3189,3190,3191,-3188]],"type":"Polygon","properties":{"n":"Kheroun","c":350786,"d":"Giridih","s":"JHARKHAND"}},{"arcs":[[-3179,3192,3193,3194,-3190]],"type":"Polygon","properties":{"n":"Basmati","c":350788,"d":"Giridih","s":"JHARKHAND"}},{"arcs":[[-3178,-3160,3195,-3193]],"type":"Polygon","properties":{"n":"Kolambad","c":350789,"d":"Giridih","s":"JHARKHAND"}},{"arcs":[[-3159,-3166,3196,3197,-3194,-3196]],"type":"Polygon","properties":{"n":"Dharari","c":350791,"d":"Giridih","s":"JHARKHAND"}},{"arcs":[[3198,3199,-3191,-3195,-3198]],"type":"Polygon","properties":{"n":"Dadhichanch","c":350785,"d":"Giridih","s":"JHARKHAND"}},{"arcs":[[3200,3201,-3189,-3192,-3200]],"type":"Polygon","properties":{"n":"Kailutand","c":350805,"d":"Giridih","s":"JHARKHAND"}},{"arcs":[[-3197,-3165,-3144,3202,3203,3204,-3201,-3199]],"type":"Polygon","properties":{"n":"Duniser","c":350784,"d":"Giridih","s":"JHARKHAND"}},{"arcs":[[-3143,-3138,3205,-3203]],"type":"Polygon","properties":{"n":"Dumarjor","c":350782,"d":"Giridih","s":"JHARKHAND"}},{"arcs":[[3206,3207,3208,3209,3210,-3182,-3202,-3205]],"type":"Polygon","properties":{"n":"Gadikala","c":350806,"d":"Giridih","s":"JHARKHAND"}},{"arcs":[[-3137,3211,-3204,-3206]],"type":"Polygon","properties":{"n":"Kanikend","c":350783,"d":"Giridih","s":"JHARKHAND"}},{"arcs":[[-3136,3212,-3207,-3212]],"type":"Polygon","properties":{"n":"Hansbari","c":350807,"d":"Giridih","s":"JHARKHAND"}},{"arcs":[[-3135,3213,3214,-3208,-3213]],"type":"Polygon","properties":{"n":"Golaahar","c":350808,"d":"Giridih","s":"JHARKHAND"}},{"arcs":[[3215,3216,3217,3218,3219,-3209,-3215]],"type":"Polygon","properties":{"n":"Jadu Raidih","c":350809,"d":"Giridih","s":"JHARKHAND"}},{"arcs":[[3220,3221,-3210,-3220]],"type":"Polygon","properties":{"n":"Dalo Raidih","c":350815,"d":"Giridih","s":"JHARKHAND"}},{"arcs":[[3222,3223,3224,-3211,-3222]],"type":"Polygon","properties":{"n":"Dhani Sharan","c":350816,"d":"Giridih","s":"JHARKHAND"}},{"arcs":[[3225,3226,-3183,-3225]],"type":"Polygon","properties":{"n":"Gortoli","c":350819,"d":"Giridih","s":"JHARKHAND"}},{"arcs":[[3227,3228,-3226,-3224]],"type":"Polygon","properties":{"n":"Bandgar","c":350818,"d":"Giridih","s":"JHARKHAND"}},{"arcs":[[3229,3230,3231,3232]],"type":"Polygon","properties":{"n":"Maha Raidih","c":350812,"d":"Giridih","s":"JHARKHAND"}},{"arcs":[[3233,-3218,3234,3235,-3232]],"type":"Polygon","properties":{"n":"ParbatRaidih","c":350811,"d":"Giridih","s":"JHARKHAND"}},{"arcs":[[-3217,3236,-3235]],"type":"Polygon","properties":{"n":"Sarifatanr","c":350810,"d":"Giridih","s":"JHARKHAND"}},{"arcs":[[3237]],"type":"Polygon","properties":{"n":"Shivpur","c":350779,"d":"Giridih","s":"JHARKHAND"}},{"arcs":[[-3124,-2717,-2721,3238,3239,3240,3241,3242,3243,-3233,-3236,-3237,-3216,-3214,-3134,-3130],[-3238]],"type":"Polygon","properties":{"n":"Manikabad","c":350778,"d":"Giridih","s":"JHARKHAND"}},{"arcs":[[-3168,-3172,3244,3245,-3156]],"type":"Polygon","properties":{"n":"Litti","c":350800,"d":"Giridih","s":"JHARKHAND"}},{"arcs":[[3246,-3146,-3164,-3157,-3153,-3152,3247,3248,3249,3250,3251,3252]],"type":"Polygon","properties":{"n":"Palmarua","c":350797,"d":"Giridih","s":"JHARKHAND"}},{"arcs":[[3253,3254,-3250,3255,3256,3257,3258]],"type":"Polygon","properties":{"n":"Gadi Khurd","c":350796,"d":"Giridih","s":"JHARKHAND"}},{"arcs":[[-3251,-3255,3259,3260]],"type":"Polygon","properties":{"n":"Lashkari","c":350509,"d":"Giridih","s":"JHARKHAND"}},{"arcs":[[3261,-3147,-3247,3262,3263,3264]],"type":"Polygon","properties":{"n":"Jeora","c":350794,"d":"Giridih","s":"JHARKHAND"}},{"arcs":[[-2435,-2432,-2429,-2427,-2396,3265,3266,3267,-2640,-2439]],"type":"Polygon","properties":{"n":"Makdiha","c":350825,"d":"Giridih","s":"JHARKHAND"}},{"arcs":[[-2389,-2394,-2387,3268,3269,3270,-3266,-2395]],"type":"Polygon","properties":{"n":"Nawabandh","c":350821,"d":"Giridih","s":"JHARKHAND"}},{"arcs":[[3271,3272,-2541,-2543,-2548,-2546]],"type":"Polygon","properties":{"n":"Dhamanmara","c":350691,"d":"Giridih","s":"JHARKHAND"}},{"arcs":[[-3272,-2545,-2849,-2851,3273]],"type":"Polygon","properties":{"n":"Nadha","c":350689,"d":"Giridih","s":"JHARKHAND"}},{"arcs":[[-2991,-2962,-2967,-2987,-2998,3274,3275]],"type":"Polygon","properties":{"n":"Garang","c":350625,"d":"Giridih","s":"JHARKHAND"}},{"arcs":[[-2992,-3276,3276,-2989]],"type":"Polygon","properties":{"n":"Domadih","c":350626,"d":"Giridih","s":"JHARKHAND"}},{"arcs":[[-3005,-3052,-3058,-3071,3277,3278]],"type":"Polygon","properties":{"n":"Lakarmarwa","c":350589,"d":"Giridih","s":"JHARKHAND"}},{"arcs":[[-3278,-3070,-3077,-3073,3279]],"type":"Polygon","properties":{"n":"Sita Kohbar","c":350588,"d":"Giridih","s":"JHARKHAND"}},{"arcs":[[-3080,-3099,-3097,3280,3281,3282,-3103]],"type":"Polygon","properties":{"n":"Parsadih","c":350571,"d":"Giridih","s":"JHARKHAND"}},{"arcs":[[-3096,-3102,3283,3284,-3281]],"type":"Polygon","properties":{"n":"Pandnadih","c":350572,"d":"Giridih","s":"JHARKHAND"}},{"arcs":[[-3089,-3088,3285,3286]],"type":"Polygon","properties":{"n":"Gouripur","c":350601,"d":"Giridih","s":"JHARKHAND"}},{"arcs":[[-3263,-3253,3287,3288]],"type":"Polygon","properties":{"n":"Samanbak","c":350795,"d":"Giridih","s":"JHARKHAND"}},{"arcs":[[-3090,3289,3290,3291]],"type":"Polygon","properties":{"n":"Dandidih","c":350576,"d":"Giridih","s":"JHARKHAND"}},{"arcs":[[-3100,-3091,-3292,3292,3293]],"type":"Polygon","properties":{"n":"Pipratanr","c":350575,"d":"Giridih","s":"JHARKHAND"}},{"arcs":[[-3101,-3294,3294,3295,3296,-3284]],"type":"Polygon","properties":{"n":"Banchatra","c":350573,"d":"Giridih","s":"JHARKHAND"}},{"arcs":[[-3286,-3087,-3112,3297,3298,3299]],"type":"Polygon","properties":{"n":"Gango Raidih","c":350602,"d":"Giridih","s":"JHARKHAND"}},{"arcs":[[3300,3301,3302,-3230,-3244]],"type":"Polygon","properties":{"n":"Labania","c":350813,"d":"Giridih","s":"JHARKHAND"}},{"arcs":[[-3231,-3303,3303,3304,-3221,-3219,-3234]],"type":"Polygon","properties":{"n":"Chiknadih","c":350814,"d":"Giridih","s":"JHARKHAND"}},{"arcs":[[3305,3306,3307,-3228,-3223,-3305]],"type":"Polygon","properties":{"n":"Khajmunda","c":350817,"d":"Giridih","s":"JHARKHAND"}},{"arcs":[[3308,3309,3310,3311,3312]],"type":"Polygon","properties":{"n":"Jahanadih","c":351003,"d":"Giridih","s":"JHARKHAND"}},{"arcs":[[3313,3314,3315,3316,-3313]],"type":"Polygon","properties":{"n":"Katharatand","c":350999,"d":"Giridih","s":"JHARKHAND"}},{"arcs":[[3317,3318,3319,3320,3321,-3317]],"type":"Polygon","properties":{"n":"Jolhabad","c":350998,"d":"Giridih","s":"JHARKHAND"}},{"arcs":[[3322,3323,3324,3325,3326,3327]],"type":"Polygon","properties":{"n":"Madhopur","c":351011,"d":"Giridih","s":"JHARKHAND"}},{"arcs":[[3328,3329,3330,3331,-3324]],"type":"Polygon","properties":{"n":"Kodwadih","c":351012,"d":"Giridih","s":"JHARKHAND"}},{"arcs":[[3332,3333,-3331]],"type":"Polygon","properties":{"n":"Moratand","c":351013,"d":"Giridih","s":"JHARKHAND"}},{"arcs":[[3334,3335,3336,-3319]],"type":"Polygon","properties":{"n":"Jhalbad","c":350997,"d":"Giridih","s":"JHARKHAND"}},{"arcs":[[3337,3338,3339,3340,-3333,-3330,-3336]],"type":"Polygon","properties":{"n":"Gadi","c":351015,"d":"Giridih","s":"JHARKHAND"}},{"arcs":[[-3335,-3318,-3316,3341,3342,3343,-3338]],"type":"Polygon","properties":{"n":"Nawagarh","c":350996,"d":"Giridih","s":"JHARKHAND"}},{"arcs":[[3344,3345,3346,3347,-3343]],"type":"Polygon","properties":{"n":"Chatti","c":350995,"d":"Giridih","s":"JHARKHAND"}},{"arcs":[[-3342,-3315,3348,-3345]],"type":"Polygon","properties":{"n":"Rajodih","c":351000,"d":"Giridih","s":"JHARKHAND"}},{"arcs":[[3349,3350,3351]],"type":"Polygon","properties":{"n":"Balkidih","c":350985,"d":"Giridih","s":"JHARKHAND"}},{"arcs":[[3352,3353,3354,3355,3356,-3350]],"type":"Polygon","properties":{"n":"Parodih","c":350986,"d":"Giridih","s":"JHARKHAND"}},{"arcs":[[-3355,3357,3358,3359,3360]],"type":"Polygon","properties":{"n":"Majhladih","c":350987,"d":"Giridih","s":"JHARKHAND"}},{"arcs":[[-3354,3361,3362,-3358]],"type":"Polygon","properties":{"n":"Chiguadih","c":350988,"d":"Giridih","s":"JHARKHAND"}},{"arcs":[[3363,3364,3365,-3359,-3363]],"type":"Polygon","properties":{"n":"Mahuatanr","c":350989,"d":"Giridih","s":"JHARKHAND"}},{"arcs":[[3366,3367,3368,-3360,-3366]],"type":"Polygon","properties":{"n":"Ambatand","c":350992,"d":"Giridih","s":"JHARKHAND"}},{"arcs":[[3369,3370,-3347,3371,-3356,-3361,-3369]],"type":"Polygon","properties":{"n":"Jhumri","c":350993,"d":"Giridih","s":"JHARKHAND"}},{"arcs":[[3372,-3339,-3344,-3348,-3371]],"type":"Polygon","properties":{"n":"Gobindpur","c":351149,"d":"Giridih","s":"JHARKHAND"}},{"arcs":[[-3365,3373,3374,3375,3376]],"type":"Polygon","properties":{"n":"Harilai","c":350990,"d":"Giridih","s":"JHARKHAND"}},{"arcs":[[-3377,3377,3378,3379,3380,-3367]],"type":"Polygon","properties":{"n":"Chinikiro","c":350991,"d":"Giridih","s":"JHARKHAND"}},{"arcs":[[3381,3382,3383,3384,-3340,-3373,-3370,-3368,-3381]],"type":"Polygon","properties":{"n":"Dharampur","c":351016,"d":"Giridih","s":"JHARKHAND"}},{"arcs":[[3385,3386,-3325,-3332,-3334,-3341]],"type":"Polygon","properties":{"n":"Parhodih","c":351014,"d":"Giridih","s":"JHARKHAND"}},{"arcs":[[-3385,3387,3388,-3386]],"type":"Polygon","properties":{"n":"Ekdarwa","c":351021,"d":"Giridih","s":"JHARKHAND"}},{"arcs":[[-3384,3389,3390,3391,3392,-3388]],"type":"Polygon","properties":{"n":"Khairidih","c":351020,"d":"Giridih","s":"JHARKHAND"}},{"arcs":[[-3380,3393,3394,3395,3396,-3382]],"type":"Polygon","properties":{"n":"Pathaldiha","c":351017,"d":"Giridih","s":"JHARKHAND"}},{"arcs":[[3397,3398,-3390,-3383,-3397]],"type":"Polygon","properties":{"n":"Basgi","c":351018,"d":"Giridih","s":"JHARKHAND"}},{"arcs":[[3399,3400,-3391,-3399]],"type":"Polygon","properties":{"n":"Galwati","c":351019,"d":"Giridih","s":"JHARKHAND"}},{"arcs":[[-3398,-3396,3401,3402,3403,3404,-3400]],"type":"Polygon","properties":{"n":"Magho Khurd","c":350949,"d":"Giridih","s":"JHARKHAND"}},{"arcs":[[-3395,3405,3406,-3402]],"type":"Polygon","properties":{"n":"Maghokalan","c":350964,"d":"Giridih","s":"JHARKHAND"}},{"arcs":[[-3394,-3379,3407,3408,3409,3410,3411,-3406]],"type":"Polygon","properties":{"n":"Kargalikhurd","c":350965,"d":"Giridih","s":"JHARKHAND"}},{"arcs":[[3412,3413,3414,-3410]],"type":"Polygon","properties":{"n":"Intochanch","c":350966,"d":"Giridih","s":"JHARKHAND"}},{"arcs":[[-3409,3415,3416,3417,3418,-3413]],"type":"Polygon","properties":{"n":"Baijudih","c":350978,"d":"Giridih","s":"JHARKHAND"}},{"arcs":[[3419,3420,-3417]],"type":"Polygon","properties":{"n":"Daldal","c":350979,"d":"Giridih","s":"JHARKHAND"}},{"arcs":[[-3408,-3378,-3376,3421,3422,-3420,-3416]],"type":"Polygon","properties":{"n":"Jatha","c":350980,"d":"Giridih","s":"JHARKHAND"}},{"arcs":[[3423,3424,-3414,-3419,3425,3426,3427]],"type":"Polygon","properties":{"n":"Alagdesi","c":350977,"d":"Giridih","s":"JHARKHAND"}},{"arcs":[[3428,-3424]],"type":"Polygon","properties":{"n":"Chango Singha","c":350976,"d":"Giridih","s":"JHARKHAND"}},{"arcs":[[-3425,3429,3430,3431,3432,3433,-3411,-3415]],"type":"Polygon","properties":{"n":"Makdiha","c":350967,"d":"Giridih","s":"JHARKHAND"}},{"arcs":[[3434,3435,3436,-3403,-3407,-3412,-3434]],"type":"Polygon","properties":{"n":"Kargalikalan","c":350963,"d":"Giridih","s":"JHARKHAND"}},{"arcs":[[-3433,3437,3438,-3435]],"type":"Polygon","properties":{"n":"Kheto","c":350968,"d":"Giridih","s":"JHARKHAND"}},{"arcs":[[3439,3440,3441,-3404,-3437]],"type":"Polygon","properties":{"n":"Sonbad","c":350950,"d":"Giridih","s":"JHARKHAND"}},{"arcs":[[3442,3443,3444,-3392,-3401,-3405,-3442]],"type":"Polygon","properties":{"n":"Bhundharni","c":350948,"d":"Giridih","s":"JHARKHAND"}},{"arcs":[[3445,3446,3447,3448,3449,-3326,-3387,-3389,-3393,-3445]],"type":"Polygon","properties":{"n":"Khesramba","c":351022,"d":"Giridih","s":"JHARKHAND"}},{"arcs":[[-3328,3450,3451,3452]],"type":"Polygon","properties":{"n":"Sonbad","c":351132,"d":"Giridih","s":"JHARKHAND"}},{"arcs":[[3453,3454,3455,3456,-3452]],"type":"Polygon","properties":{"n":"Purnadih","c":351138,"d":"Giridih","s":"JHARKHAND"}},{"arcs":[[3457,3458,3459,-3457,3460,3461]],"type":"Polygon","properties":{"n":"Sakhaitand","c":351137,"d":"Giridih","s":"JHARKHAND"}},{"arcs":[[3462,3463,3464,-3462]],"type":"Polygon","properties":{"n":"Goraitamaran","c":351136,"d":"Giridih","s":"JHARKHAND"}},{"arcs":[[3465,3466,3467,3468,3469,3470,-3464]],"type":"Polygon","properties":{"n":"Jhanjh","c":351140,"d":"Giridih","s":"JHARKHAND"}},{"arcs":[[3471,3472,-3469]],"type":"Polygon","properties":{"n":"Mahuatanr","c":351141,"d":"Giridih","s":"JHARKHAND"}},{"arcs":[[-3468,3473,3474,-3472]],"type":"Polygon","properties":{"n":"Khandhara","c":351142,"d":"Giridih","s":"JHARKHAND"}},{"arcs":[[-3474,-3467,3475,3476]],"type":"Polygon","properties":{"n":"Barotanr38","c":351143,"d":"Giridih","s":"JHARKHAND"}},{"arcs":[[3477,3478,3479,3480,-3477]],"type":"Polygon","properties":{"n":"Gobindpur","c":350994,"d":"Giridih","s":"JHARKHAND"}},{"arcs":[[-3466,-3463,-3461,-3456,3481,3482,-3478,-3476]],"type":"Polygon","properties":{"n":"Murna","c":351139,"d":"Giridih","s":"JHARKHAND"}},{"arcs":[[-3455,3483,3484,3485,3486,-3482]],"type":"Polygon","properties":{"n":"Katariatand","c":351145,"d":"Giridih","s":"JHARKHAND"}},{"arcs":[[-3454,-3451,-3327,-3450,3487,-3484]],"type":"Polygon","properties":{"n":"Hemrodih","c":351131,"d":"Giridih","s":"JHARKHAND"}},{"arcs":[[-3449,3488,3489,-3485,-3488]],"type":"Polygon","properties":{"n":"Gaganpur","c":351130,"d":"Giridih","s":"JHARKHAND"}},{"arcs":[[3490,3491,3492,-3489]],"type":"Polygon","properties":{"n":"Dumardiha Ghoskodih","c":351129,"d":"Giridih","s":"JHARKHAND"}},{"arcs":[[3493,3494,-3486,-3490,-3493]],"type":"Polygon","properties":{"n":"Itasani","c":351146,"d":"Giridih","s":"JHARKHAND"}},{"arcs":[[3495,3496,3497,-3487,-3495]],"type":"Polygon","properties":{"n":"Lengura","c":351147,"d":"Giridih","s":"JHARKHAND"}},{"arcs":[[-3494,-3492,3498,3499,3500,3501,3502,3503,3504,-3496]],"type":"Polygon","properties":{"n":"Kendua","c":351128,"d":"Giridih","s":"JHARKHAND"}},{"arcs":[[-3491,-3448,3505,3506,3507,-3499]],"type":"Polygon","properties":{"n":"Chondhitand","c":351023,"d":"Giridih","s":"JHARKHAND"}},{"arcs":[[3508,-3500,-3508]],"type":"Polygon","properties":{"n":"Alagdiha","c":351024,"d":"Giridih","s":"JHARKHAND"}},{"arcs":[[-3507,3509,3510,3511,3512,3513,3514,3515,-3501,-3509]],"type":"Polygon","properties":{"n":"Orkhar","c":351025,"d":"Giridih","s":"JHARKHAND"}},{"arcs":[[-3506,-3447,3516,3517,3518,-3510]],"type":"Polygon","properties":{"n":"Harinmarwa","c":350946,"d":"Giridih","s":"JHARKHAND"}},{"arcs":[[-3519,3519,-3511]],"type":"Polygon","properties":{"n":"Krudih","c":350944,"d":"Giridih","s":"JHARKHAND"}},{"arcs":[[-3518,3520,3521,-3512,-3520]],"type":"Polygon","properties":{"n":"Salariatand","c":350945,"d":"Giridih","s":"JHARKHAND"}},{"arcs":[[-3517,-3446,-3444,3522,3523,3524,3525,-3521]],"type":"Polygon","properties":{"n":"Tunmalki","c":350947,"d":"Giridih","s":"JHARKHAND"}},{"arcs":[[-3526,3526,3527,3528,3529,-3513,-3522]],"type":"Polygon","properties":{"n":"Simaria","c":350943,"d":"Giridih","s":"JHARKHAND"}},{"arcs":[[-3527,-3525,3530]],"type":"Polygon","properties":{"n":"Mahadeodih","c":350942,"d":"Giridih","s":"JHARKHAND"}},{"arcs":[[-3524,3531,3532,3533,3534,-3528,-3531]],"type":"Polygon","properties":{"n":"Girhidih","c":350941,"d":"Giridih","s":"JHARKHAND"}},{"arcs":[[-3523,-3443,-3441,3535,3536,3537,-3532]],"type":"Polygon","properties":{"n":"Barwadih","c":350951,"d":"Giridih","s":"JHARKHAND"}},{"arcs":[[3538,3539,3540,-3533,-3538]],"type":"Polygon","properties":{"n":"Bhaluwai","c":350952,"d":"Giridih","s":"JHARKHAND"}},{"arcs":[[3541,3542,-3539,-3537]],"type":"Polygon","properties":{"n":"Telodih","c":350953,"d":"Giridih","s":"JHARKHAND"}},{"arcs":[[-3536,-3440,-3436,-3439,3543,3544,3545,3546,-3542]],"type":"Polygon","properties":{"n":"Chandarkho","c":350962,"d":"Giridih","s":"JHARKHAND"}},{"arcs":[[3547,3548,3549,-3540,-3543,-3547]],"type":"Polygon","properties":{"n":"Mahthasar","c":350954,"d":"Giridih","s":"JHARKHAND"}},{"arcs":[[3550,3551,3552,3553,-3534,-3541,-3550]],"type":"Polygon","properties":{"n":"Kodadih","c":350940,"d":"Giridih","s":"JHARKHAND"}},{"arcs":[[-3554,3554,3555,3556,-3529,-3535]],"type":"Polygon","properties":{"n":"Guwakhandhar","c":351034,"d":"Giridih","s":"JHARKHAND"}},{"arcs":[[3557,3558,-3514,-3530,-3557]],"type":"Polygon","properties":{"n":"Barotanr","c":351033,"d":"Giridih","s":"JHARKHAND"}},{"arcs":[[-3515,-3559,3559,3560,3561,3562]],"type":"Polygon","properties":{"n":"Ghuji","c":351032,"d":"Giridih","s":"JHARKHAND"}},{"arcs":[[-3558,3563,3564,3565,-3560]],"type":"Polygon","properties":{"n":"Jabdiya","c":351031,"d":"Giridih","s":"JHARKHAND"}},{"arcs":[[3566,-3502,-3516,-3563]],"type":"Polygon","properties":{"n":"Tungrudih","c":351026,"d":"Giridih","s":"JHARKHAND"}},{"arcs":[[-3562,3567,3568,3569,-3503,-3567]],"type":"Polygon","properties":{"n":"Chechaidih","c":351027,"d":"Giridih","s":"JHARKHAND"}},{"arcs":[[3570,3571,3572,3573,-3504]],"type":"Polygon","properties":{"n":"Chunjhkho","c":351126,"d":"Giridih","s":"JHARKHAND"}},{"arcs":[[-3574,3574,-3505]],"type":"Polygon","properties":{"n":"Nawadih","c":351127,"d":"Giridih","s":"JHARKHAND"}},{"arcs":[[-3569,3575,3576,3577]],"type":"Polygon","properties":{"n":"Koradih38","c":351028,"d":"Giridih","s":"JHARKHAND"}},{"arcs":[[-3568,-3561,-3566,3578,-3576]],"type":"Polygon","properties":{"n":"Siyari","c":351030,"d":"Giridih","s":"JHARKHAND"}},{"arcs":[[-3565,3579,-3577,-3579]],"type":"Polygon","properties":{"n":"Jharha","c":351029,"d":"Giridih","s":"JHARKHAND"}},{"arcs":[[-3564,-3556,3580,3581,3582,3583,3584,3585,3586,-3580]],"type":"Polygon","properties":{"n":"Konratand","c":351120,"d":"Giridih","s":"JHARKHAND"}},{"arcs":[[3587,3588,-3585]],"type":"Polygon","properties":{"n":"Dulho","c":351122,"d":"Giridih","s":"JHARKHAND"}},{"arcs":[[-3588,-3584,3589,3590]],"type":"Polygon","properties":{"n":"Bangargi","c":351121,"d":"Giridih","s":"JHARKHAND"}},{"arcs":[[-3555,-3553,3591,3592,-3581]],"type":"Polygon","properties":{"n":"Giridih Alias Barkitanr","c":351035,"d":"Giridih","s":"JHARKHAND"}},{"arcs":[[-3429,-3428,3593,3594,3595,3596,-3430]],"type":"Polygon","properties":{"n":"Bhingodih","c":350975,"d":"Giridih","s":"JHARKHAND"}},{"arcs":[[3597,3598,-3431,-3597]],"type":"Polygon","properties":{"n":"Chandra Nagar","c":350970,"d":"Giridih","s":"JHARKHAND"}},{"arcs":[[3599,3600,3601,3602,-3544,-3438,-3432,-3599]],"type":"Polygon","properties":{"n":"Kubri","c":350969,"d":"Giridih","s":"JHARKHAND"}},{"arcs":[[3603,3604,3605,3606,-3602]],"type":"Polygon","properties":{"n":"Rakasbar","c":350960,"d":"Giridih","s":"JHARKHAND"}},{"arcs":[[3607,3608,3609,-3545,-3603,-3607]],"type":"Polygon","properties":{"n":"Naitanr","c":350961,"d":"Giridih","s":"JHARKHAND"}},{"arcs":[[-3546,-3610,3610,3611,-3548]],"type":"Polygon","properties":{"n":"Ambatanr","c":350955,"d":"Giridih","s":"JHARKHAND"}},{"arcs":[[-3609,3612,3613,3614,-3611]],"type":"Polygon","properties":{"n":"Latbed","c":350956,"d":"Giridih","s":"JHARKHAND"}},{"arcs":[[-3615,3615,3616,3617,-3549,-3612]],"type":"Polygon","properties":{"n":"Chihutimaran","c":350938,"d":"Giridih","s":"JHARKHAND"}},{"arcs":[[-3606,3618,3619,3620,-3613,-3608]],"type":"Polygon","properties":{"n":"Aitochanch","c":350957,"d":"Giridih","s":"JHARKHAND"}},{"arcs":[[-3601,3621,3622,3623,-3604]],"type":"Polygon","properties":{"n":"Makatpur","c":350959,"d":"Giridih","s":"JHARKHAND"}},{"arcs":[[3624,3625,-3619,-3605,-3624]],"type":"Polygon","properties":{"n":"Bakainia","c":350958,"d":"Giridih","s":"JHARKHAND"}},{"arcs":[[3626,3627,3628,3629,3630,-3620,-3626]],"type":"Polygon","properties":{"n":"Dhamlasarkwatand","c":350934,"d":"Giridih","s":"JHARKHAND"}},{"arcs":[[3631,3632,3633,-3627]],"type":"Polygon","properties":{"n":"Dumardiha Alias Mirdha Singh","c":350932,"d":"Giridih","s":"JHARKHAND"}},{"arcs":[[-3625,-3623,3634,3635,3636,-3632]],"type":"Polygon","properties":{"n":"Korwadih","c":350931,"d":"Giridih","s":"JHARKHAND"}},{"arcs":[[-3635,-3622,-3600,-3598,-3596,3637,3638]],"type":"Polygon","properties":{"n":"Jiwaniadih","c":350971,"d":"Giridih","s":"JHARKHAND"}},{"arcs":[[-3595,3639,3640,3641,-3638]],"type":"Polygon","properties":{"n":"Monodih","c":350972,"d":"Giridih","s":"JHARKHAND"}},{"arcs":[[3642,3643,3644,3645,-3641]],"type":"Polygon","properties":{"n":"Mohnagadha","c":350973,"d":"Giridih","s":"JHARKHAND"}},{"arcs":[[3646,3647,3648,3649,3650,-3645]],"type":"Polygon","properties":{"n":"Lodhipur","c":350925,"d":"Giridih","s":"JHARKHAND"}},{"arcs":[[-3651,3651,3652,3653]],"type":"Polygon","properties":{"n":"Jogiyatilha","c":350927,"d":"Giridih","s":"JHARKHAND"}},{"arcs":[[-3654,3654,3655,-3636,-3639,-3642,-3646]],"type":"Polygon","properties":{"n":"Dayalpur","c":350928,"d":"Giridih","s":"JHARKHAND"}},{"arcs":[[3656,3657,-3633,-3637,-3656]],"type":"Polygon","properties":{"n":"Jolahawadih","c":350930,"d":"Giridih","s":"JHARKHAND"}},{"arcs":[[-3655,-3653,3658,-3657]],"type":"Polygon","properties":{"n":"Dhakosaran","c":350929,"d":"Giridih","s":"JHARKHAND"}},{"arcs":[[3659,3660,-3628,-3634]],"type":"Polygon","properties":{"n":"Khairasinga","c":350933,"d":"Giridih","s":"JHARKHAND"}},{"arcs":[[-3658,-3659,-3652,-3650,3661,3662,3663,3664,3665,-3660]],"type":"Polygon","properties":{"n":"Arkhango","c":350926,"d":"Giridih","s":"JHARKHAND"}},{"arcs":[[3666,3667,-3665]],"type":"Polygon","properties":{"n":"Basdubia","c":350912,"d":"Giridih","s":"JHARKHAND"}},{"arcs":[[3668,3669,-3663]],"type":"Polygon","properties":{"n":"Piprakoni","c":350914,"d":"Giridih","s":"JHARKHAND"}},{"arcs":[[-3649,3670,3671,3672,3673,-3662]],"type":"Polygon","properties":{"n":"Saharpura","c":350922,"d":"Giridih","s":"JHARKHAND"}},{"arcs":[[3674,-3673,3675,3676,3677,3678]],"type":"Polygon","properties":{"n":"Nimadih","c":350918,"d":"Giridih","s":"JHARKHAND"}},{"arcs":[[3679,3680,-3677]],"type":"Polygon","properties":{"n":"Dumargadha","c":350919,"d":"Giridih","s":"JHARKHAND"}},{"arcs":[[3681,-3679,3682,3683]],"type":"Polygon","properties":{"n":"Suarchanch","c":350917,"d":"Giridih","s":"JHARKHAND"}},{"arcs":[[3684,3685,-3669,-3674,-3675,-3682]],"type":"Polygon","properties":{"n":"Pindrabad","c":350915,"d":"Giridih","s":"JHARKHAND"}},{"arcs":[[3686,3687,-3667,-3664,-3670,-3686]],"type":"Polygon","properties":{"n":"Jamdiha","c":350913,"d":"Giridih","s":"JHARKHAND"}},{"arcs":[[3688,3689,3690,3691,3692,3693,3694,-3629,-3661,-3666,-3668,-3688]],"type":"Polygon","properties":{"n":"Gundri","c":350911,"d":"Giridih","s":"JHARKHAND"}},{"arcs":[[3695,3696,3697,-3630,-3695]],"type":"Polygon","properties":{"n":"Ratanpur","c":350935,"d":"Giridih","s":"JHARKHAND"}},{"arcs":[[-3697,3698,3699,3700]],"type":"Polygon","properties":{"n":"Chitmatand","c":350936,"d":"Giridih","s":"JHARKHAND"}},{"arcs":[[3701,3702,-3616,-3614,-3621,-3631,-3698,-3701]],"type":"Polygon","properties":{"n":"Baddiha","c":350937,"d":"Giridih","s":"JHARKHAND"}},{"arcs":[[3703,3704,3705,3706,3707,3708,-3617,-3703]],"type":"Polygon","properties":{"n":"Budhuatand","c":350905,"d":"Giridih","s":"JHARKHAND"}},{"arcs":[[-3702,-3700,3709,3710,-3704]],"type":"Polygon","properties":{"n":"Dumardiha","c":350906,"d":"Giridih","s":"JHARKHAND"}},{"arcs":[[-3696,-3694,3711,3712,-3710,-3699]],"type":"Polygon","properties":{"n":"Dhanwariadih","c":350907,"d":"Giridih","s":"JHARKHAND"}},{"arcs":[[3713,3714,3715,-3705,-3711,-3713]],"type":"Polygon","properties":{"n":"Udmandri","c":350908,"d":"Giridih","s":"JHARKHAND"}},{"arcs":[[3716,3717,3718,3719,-3715]],"type":"Polygon","properties":{"n":"Baghmara","c":350909,"d":"Giridih","s":"JHARKHAND"}},{"arcs":[[-3714,-3712,-3693,3720,3721,-3717]],"type":"Polygon","properties":{"n":"Tokotand","c":350910,"d":"Giridih","s":"JHARKHAND"}},{"arcs":[[3722,3723,3724,3725,3726,3727,-3706,-3716,-3720]],"type":"Polygon","properties":{"n":"Pandriya","c":350898,"d":"Giridih","s":"JHARKHAND"}},{"arcs":[[3728,3729,-3727]],"type":"Polygon","properties":{"n":"Ratbad","c":350899,"d":"Giridih","s":"JHARKHAND"}},{"arcs":[[-3726,3730,3731,3732,3733,-3729]],"type":"Polygon","properties":{"n":"Ghoskedih","c":350900,"d":"Giridih","s":"JHARKHAND"}},{"arcs":[[-3734,3734,3735,-3707,-3728,-3730]],"type":"Polygon","properties":{"n":"Andharkola","c":350904,"d":"Giridih","s":"JHARKHAND"}},{"arcs":[[-3733,3736,3737,3738,-3735]],"type":"Polygon","properties":{"n":"Dughara","c":350902,"d":"Giridih","s":"JHARKHAND"}},{"arcs":[[-3732,3739,3740,3741,3742,-3737]],"type":"Polygon","properties":{"n":"Panchrukhi","c":350901,"d":"Giridih","s":"JHARKHAND"}},{"arcs":[[3743,3744,-3708,-3736,-3739]],"type":"Polygon","properties":{"n":"Dumardiha","c":350903,"d":"Giridih","s":"JHARKHAND"}},{"arcs":[[-3745,3745,3746,-3551,-3618,-3709]],"type":"Polygon","properties":{"n":"Durjanadih","c":350939,"d":"Giridih","s":"JHARKHAND"}},{"arcs":[[-3744,-3738,-3743,3747,3748,-3746]],"type":"Polygon","properties":{"n":"Jhanjh","c":351038,"d":"Giridih","s":"JHARKHAND"}},{"arcs":[[-3749,3749,3750,-3592,-3552,-3747]],"type":"Polygon","properties":{"n":"Barsinghi Kalan","c":351037,"d":"Giridih","s":"JHARKHAND"}},{"arcs":[[-3751,3751,3752,-3582,-3593]],"type":"Polygon","properties":{"n":"Barsinghi Khurd","c":351036,"d":"Giridih","s":"JHARKHAND"}},{"arcs":[[-3750,-3748,-3742,3753,3754,3755,-3752]],"type":"Polygon","properties":{"n":"Sapamaran","c":351039,"d":"Giridih","s":"JHARKHAND"}},{"arcs":[[3756,3757,3758,-3590,-3583,-3753,-3756]],"type":"Polygon","properties":{"n":"Paharpur","c":351119,"d":"Giridih","s":"JHARKHAND"}},{"arcs":[[-3755,3759,3760,3761,3762,3763,-3757]],"type":"Polygon","properties":{"n":"Karudih","c":351049,"d":"Giridih","s":"JHARKHAND"}},{"arcs":[[-3764,3764,3765,3766,3767,-3758]],"type":"Polygon","properties":{"n":"Baghmari","c":351051,"d":"Giridih","s":"JHARKHAND"}},{"arcs":[[-3763,3768,-3765]],"type":"Polygon","properties":{"n":"Barotand","c":351050,"d":"Giridih","s":"JHARKHAND"}},{"arcs":[[-3762,3769,3770,3771,3772,3773,3774,3775,3776,-3769]],"type":"Polygon","properties":{"n":"Bhalutand","c":351047,"d":"Giridih","s":"JHARKHAND"}},{"arcs":[[-3761,3777,3778,-3770]],"type":"Polygon","properties":{"n":"Rajgadha","c":351048,"d":"Giridih","s":"JHARKHAND"}},{"arcs":[[-3760,-3754,-3741,3779,3780,-3778]],"type":"Polygon","properties":{"n":"Karmatanr","c":351040,"d":"Giridih","s":"JHARKHAND"}},{"arcs":[[3781,3782,3783,3784,3785,-3771,-3779,-3781]],"type":"Polygon","properties":{"n":"Salaia","c":351045,"d":"Giridih","s":"JHARKHAND"}},{"arcs":[[3786,-3772,-3786]],"type":"Polygon","properties":{"n":"Koriadih","c":351046,"d":"Giridih","s":"JHARKHAND"}},{"arcs":[[-3780,-3740,-3731,-3725,3787,-3782]],"type":"Polygon","properties":{"n":"Badidih","c":351041,"d":"Giridih","s":"JHARKHAND"}},{"arcs":[[-3724,3788,3789,3790,-3783,-3788]],"type":"Polygon","properties":{"n":"Marpoka","c":351042,"d":"Giridih","s":"JHARKHAND"}},{"arcs":[[3791,-3784,-3791]],"type":"Polygon","properties":{"n":"Telodih","c":351044,"d":"Giridih","s":"JHARKHAND"}},{"arcs":[[3792,3793,3794,3795,-3790]],"type":"Polygon","properties":{"n":"Khesnal","c":351043,"d":"Giridih","s":"JHARKHAND"}},{"arcs":[[3796,3797,3798,-3795]],"type":"Polygon","properties":{"n":"Jhagrudih","c":350888,"d":"Giridih","s":"JHARKHAND"}},{"arcs":[[-3794,3799,3800,3801,3802,-3797]],"type":"Polygon","properties":{"n":"Gosain Bigha","c":350889,"d":"Giridih","s":"JHARKHAND"}},{"arcs":[[-3793,-3789,-3723,-3719,3803,-3800]],"type":"Polygon","properties":{"n":"Chandraydih","c":350897,"d":"Giridih","s":"JHARKHAND"}},{"arcs":[[-3718,3804,3805,-3801,-3804]],"type":"Polygon","properties":{"n":"Nawadih","c":350896,"d":"Giridih","s":"JHARKHAND"}},{"arcs":[[-3722,3806,3807,-3805]],"type":"Polygon","properties":{"n":"Nayakdih","c":350895,"d":"Giridih","s":"JHARKHAND"}},{"arcs":[[-3721,-3692,3808,3809,-3807]],"type":"Polygon","properties":{"n":"Dhanaipura","c":350894,"d":"Giridih","s":"JHARKHAND"}},{"arcs":[[-3691,3810,3811,3812,-3809]],"type":"Polygon","properties":{"n":"Taranakho","c":350893,"d":"Giridih","s":"JHARKHAND"}},{"arcs":[[3813,3814,-3810,-3813]],"type":"Polygon","properties":{"n":"Basgi","c":350892,"d":"Giridih","s":"JHARKHAND"}},{"arcs":[[3815,3816,3817,3818,3819,-3806,-3808,-3815]],"type":"Polygon","properties":{"n":"Balhara","c":350891,"d":"Giridih","s":"JHARKHAND"}},{"arcs":[[3820,-3802,-3820]],"type":"Polygon","properties":{"n":"Karmatanr","c":350890,"d":"Giridih","s":"JHARKHAND"}},{"arcs":[[-3821,3821,-3798,-3803]],"type":"Polygon","properties":{"n":"Gosain Raidih","c":350887,"d":"Giridih","s":"JHARKHAND"}},{"arcs":[[-3690,3822,3823,3824,3825,3826,-3811]],"type":"Polygon","properties":{"n":"Babhani","c":350876,"d":"Giridih","s":"JHARKHAND"}},{"arcs":[[3827,3828,-3816,-3814,-3812,-3827]],"type":"Polygon","properties":{"n":"Karmatanr","c":350877,"d":"Giridih","s":"JHARKHAND"}},{"arcs":[[3829,3830,3831,-3817,-3829]],"type":"Polygon","properties":{"n":"Halwaia","c":350879,"d":"Giridih","s":"JHARKHAND"}},{"arcs":[[3832,3833,-3826,3834,3835,3836]],"type":"Polygon","properties":{"n":"Pesra","c":350873,"d":"Giridih","s":"JHARKHAND"}},{"arcs":[[-3837,3837,3838]],"type":"Polygon","properties":{"n":"Kunda","c":350872,"d":"Giridih","s":"JHARKHAND"}},{"arcs":[[3839,3840,-3818,-3832,3841,3842,3843]],"type":"Polygon","properties":{"n":"Mahishmarwa","c":350881,"d":"Giridih","s":"JHARKHAND"}},{"arcs":[[3844,3845,3846]],"type":"Polygon","properties":{"n":"Purnadih","c":351061,"d":"Giridih","s":"JHARKHAND"}},{"arcs":[[3847,3848,3849,-3846]],"type":"Polygon","properties":{"n":"Hardatdih","c":351060,"d":"Giridih","s":"JHARKHAND"}},{"arcs":[[3850,3851,-3774,3852]],"type":"Polygon","properties":{"n":"Ghosnadih","c":351059,"d":"Giridih","s":"JHARKHAND"}},{"arcs":[[-3849,3853,3854,3855,-3851]],"type":"Polygon","properties":{"n":"Dasrodih","c":351058,"d":"Giridih","s":"JHARKHAND"}},{"arcs":[[-3856,3856,3857,-3775,-3852]],"type":"Polygon","properties":{"n":"Sirmandih","c":351057,"d":"Giridih","s":"JHARKHAND"}},{"arcs":[[3858,3859,-3776,-3858]],"type":"Polygon","properties":{"n":"Darudih","c":351056,"d":"Giridih","s":"JHARKHAND"}},{"arcs":[[-3857,-3855,3860,3861,-3859]],"type":"Polygon","properties":{"n":"Darwedih","c":351054,"d":"Giridih","s":"JHARKHAND"}},{"arcs":[[3862,3863,-3766,-3777,-3860]],"type":"Polygon","properties":{"n":"Modidih","c":351055,"d":"Giridih","s":"JHARKHAND"}},{"arcs":[[3864,3865,3866,-3767,-3864]],"type":"Polygon","properties":{"n":"Pachrukhi","c":351052,"d":"Giridih","s":"JHARKHAND"}},{"arcs":[[3867,3868,3869,3870,-3865,-3863,-3862,3871]],"type":"Polygon","properties":{"n":"Sirsai","c":351053,"d":"Giridih","s":"JHARKHAND"}},{"arcs":[[-3861,3872,3873,-3872]],"type":"Polygon","properties":{"n":"Kripalpur","c":351065,"d":"Giridih","s":"JHARKHAND"}},{"arcs":[[3874,3875,3876,-3873]],"type":"Polygon","properties":{"n":"Pandejor","c":351064,"d":"Giridih","s":"JHARKHAND"}},{"arcs":[[-3854,-3848,3877,-3875]],"type":"Polygon","properties":{"n":"Naitand","c":351063,"d":"Giridih","s":"JHARKHAND"}},{"arcs":[[-3845,3878,3879,-3876,-3878]],"type":"Polygon","properties":{"n":"Domaidih","c":351062,"d":"Giridih","s":"JHARKHAND"}},{"arcs":[[3880,3881,3882,3883,3884,-3868,-3874,-3877,-3880]],"type":"Polygon","properties":{"n":"Garjasaran","c":351066,"d":"Giridih","s":"JHARKHAND"}},{"arcs":[[3885,3886,3887,-3882]],"type":"Polygon","properties":{"n":"Purni Chitardih","c":351068,"d":"Giridih","s":"JHARKHAND"}},{"arcs":[[3888,3889,3890,-3883,-3888]],"type":"Polygon","properties":{"n":"Nichli Chitardih","c":351069,"d":"Giridih","s":"JHARKHAND"}},{"arcs":[[-3887,3891,3892,3893,-3889]],"type":"Polygon","properties":{"n":"Jhalakdiha","c":351070,"d":"Giridih","s":"JHARKHAND"}},{"arcs":[[3894,3895,3896,3897,-3893,3898,-3175]],"type":"Polygon","properties":{"n":"Chadgar","c":351071,"d":"Giridih","s":"JHARKHAND"}},{"arcs":[[3899,3900,-3897]],"type":"Polygon","properties":{"n":"Khorimahua","c":351072,"d":"Giridih","s":"JHARKHAND"}},{"arcs":[[3901,3902,-3890,-3894,-3898,-3901]],"type":"Polygon","properties":{"n":"Banasingha","c":351073,"d":"Giridih","s":"JHARKHAND"}},{"arcs":[[3903,-3902,-3900,-3896,3904]],"type":"Polygon","properties":{"n":"Santraidih","c":351074,"d":"Giridih","s":"JHARKHAND"}},{"arcs":[[3905,3906,3907,3908,3909]],"type":"Polygon","properties":{"n":"Bandhi","c":351077,"d":"Giridih","s":"JHARKHAND"}},{"arcs":[[-3885,3910,3911,3912,3913,3914,-3869]],"type":"Polygon","properties":{"n":"Lalbazar","c":351081,"d":"Giridih","s":"JHARKHAND"}},{"arcs":[[3915,3916,3917,3918,-3870,-3915]],"type":"Polygon","properties":{"n":"Budhuadih","c":351082,"d":"Giridih","s":"JHARKHAND"}},{"arcs":[[3919,3920,-3916,-3914]],"type":"Polygon","properties":{"n":"Tilaia","c":351080,"d":"Giridih","s":"JHARKHAND"}},{"arcs":[[3921,3922,3923,3924,3925,3926,-3921]],"type":"Polygon","properties":{"n":"Masnodih","c":351087,"d":"Giridih","s":"JHARKHAND"}},{"arcs":[[3927,3928,-3917,-3927]],"type":"Polygon","properties":{"n":"Nawadih","c":351086,"d":"Giridih","s":"JHARKHAND"}},{"arcs":[[3929,3930,3931,3932,3933,3934,-3918,-3929]],"type":"Polygon","properties":{"n":"Thekatand","c":351085,"d":"Giridih","s":"JHARKHAND"}},{"arcs":[[-3935,3935,-3919]],"type":"Polygon","properties":{"n":"Mayaramtola","c":351083,"d":"Giridih","s":"JHARKHAND"}},{"arcs":[[-3936,-3934,3936,-3866,-3871]],"type":"Polygon","properties":{"n":"Upraili Dhanwar","c":351084,"d":"Giridih","s":"JHARKHAND"}},{"arcs":[[-3933,3937,3938,3939,3940,-3937]],"type":"Polygon","properties":{"n":"Dhanwar (CT)","c":351169,"d":"Giridih","s":"JHARKHAND"}},{"arcs":[[3941,3942,-3939]],"type":"Polygon","properties":{"n":"Beldaradih","c":351115,"d":"Giridih","s":"JHARKHAND"}},{"arcs":[[-3938,-3932,3943,3944,3945,-3942]],"type":"Polygon","properties":{"n":"Balwagadha","c":351094,"d":"Giridih","s":"JHARKHAND"}},{"arcs":[[-3931,3946,3947,3948,-3944]],"type":"Polygon","properties":{"n":"Ropamahua","c":351093,"d":"Giridih","s":"JHARKHAND"}},{"arcs":[[-3930,-3928,-3926,3949,-3947]],"type":"Polygon","properties":{"n":"Pandeydih","c":351092,"d":"Giridih","s":"JHARKHAND"}},{"arcs":[[-3925,3950,3951,3952,3953,3954,-3948,-3950]],"type":"Polygon","properties":{"n":"Ruputola","c":351091,"d":"Giridih","s":"JHARKHAND"}},{"arcs":[[3955,3956,3957,3958,-3952]],"type":"Polygon","properties":{"n":"Khario","c":351090,"d":"Giridih","s":"JHARKHAND"}},{"arcs":[[3959,3960,-3954]],"type":"Polygon","properties":{"n":"Sikriahri","c":351096,"d":"Giridih","s":"JHARKHAND"}},{"arcs":[[3961,3962,-3945,-3949,-3955,-3961]],"type":"Polygon","properties":{"n":"Ekdara","c":351095,"d":"Giridih","s":"JHARKHAND"}},{"arcs":[[-3951,-3924,3963,3964,3965,-3956]],"type":"Polygon","properties":{"n":"Baramo","c":351089,"d":"Giridih","s":"JHARKHAND"}},{"arcs":[[3966,3967,3968,-3957,-3966,3969]],"type":"Polygon","properties":{"n":"Jagmanraydih","c":351101,"d":"Giridih","s":"JHARKHAND"}},{"arcs":[[3970,3971,3972,3973,3974,-3968,3975]],"type":"Polygon","properties":{"n":"Karuraidih","c":351102,"d":"Giridih","s":"JHARKHAND"}},{"arcs":[[3976,3977,3978,3979,-3972,3980,3981]],"type":"Polygon","properties":{"n":"Bangargi","c":351121,"d":"Giridih","s":"JHARKHAND"}},{"arcs":[[3982,3983,3984,-3979,3985]],"type":"Polygon","properties":{"n":"Pachadhako","c":351107,"d":"Giridih","s":"JHARKHAND"}},{"arcs":[[3986,3987,3988,3989,-3973,-3980,-3985]],"type":"Polygon","properties":{"n":"Jaruadih","c":351105,"d":"Giridih","s":"JHARKHAND"}},{"arcs":[[3990,3991,3992,-3974,-3990]],"type":"Polygon","properties":{"n":"Ambatanr","c":351104,"d":"Giridih","s":"JHARKHAND"}},{"arcs":[[-3993,3993,-3975]],"type":"Polygon","properties":{"n":"Palangi","c":351103,"d":"Giridih","s":"JHARKHAND"}},{"arcs":[[-3992,3994,3995,-3958,-3969,-3994]],"type":"Polygon","properties":{"n":"Karmatanr","c":351100,"d":"Giridih","s":"JHARKHAND"}},{"arcs":[[-3991,-3989,3996,3997,-3995]],"type":"Polygon","properties":{"n":"Majhladih","c":351099,"d":"Giridih","s":"JHARKHAND"}},{"arcs":[[3998,3999,-3953,-3959,-3996,-3998]],"type":"Polygon","properties":{"n":"Dariadih","c":351098,"d":"Giridih","s":"JHARKHAND"}},{"arcs":[[-3997,-3988,4000,4001,4002,-3999]],"type":"Polygon","properties":{"n":"Gardih","c":351109,"d":"Giridih","s":"JHARKHAND"}},{"arcs":[[4003,4004,4005,4006,4007,4008]],"type":"Polygon","properties":{"n":"Barotanr","c":351112,"d":"Giridih","s":"JHARKHAND"}},{"arcs":[[4009,4010,4011,-4008]],"type":"Polygon","properties":{"n":"Singardih","c":351157,"d":"Giridih","s":"JHARKHAND"}},{"arcs":[[-4004,4012,4013,4014,4015]],"type":"Polygon","properties":{"n":"Argali","c":351156,"d":"Giridih","s":"JHARKHAND"}},{"arcs":[[-4016,4016,4017,-3962,-3960,-4000,-4003,4018,-4005]],"type":"Polygon","properties":{"n":"Bandari","c":351097,"d":"Giridih","s":"JHARKHAND"}},{"arcs":[[-4015,4019,4020,-4017]],"type":"Polygon","properties":{"n":"Jarisingha","c":351113,"d":"Giridih","s":"JHARKHAND"}},{"arcs":[[4021,4022,4023,-3940,-3943,-3946,-3963,-4018,-4021]],"type":"Polygon","properties":{"n":"Kherwani","c":351114,"d":"Giridih","s":"JHARKHAND"}},{"arcs":[[4024,4025,4026,-3586,-3589,-3591,-3759,-3768,-3867,-3941,-4024]],"type":"Polygon","properties":{"n":"Barjo","c":351118,"d":"Giridih","s":"JHARKHAND"}},{"arcs":[[-4023,4027,4028,-4025]],"type":"Polygon","properties":{"n":"Naukadih","c":351116,"d":"Giridih","s":"JHARKHAND"}},{"arcs":[[-4029,4029,-4026]],"type":"Polygon","properties":{"n":"Chandania","c":351117,"d":"Giridih","s":"JHARKHAND"}},{"arcs":[[-4028,-4022,4030,-3571,-3570,-3578,-3587,-4027,-4030]],"type":"Polygon","properties":{"n":"Gangapur","c":351123,"d":"Giridih","s":"JHARKHAND"}},{"arcs":[[-4020,4031,-3572,-4031]],"type":"Polygon","properties":{"n":"Mangaso","c":351124,"d":"Giridih","s":"JHARKHAND"}},{"arcs":[[-4014,4032,4033,-3497,-3575,-3573,-4032]],"type":"Polygon","properties":{"n":"Gadi","c":351125,"d":"Giridih","s":"JHARKHAND"}},{"arcs":[[4034,4035,-3479,-3483,-3498,-4034]],"type":"Polygon","properties":{"n":"Siramdih","c":351148,"d":"Giridih","s":"JHARKHAND"}},{"arcs":[[-4013,-4009,-4012,4036,4037,4038,-4035,-4033]],"type":"Polygon","properties":{"n":"Salaidih","c":351155,"d":"Giridih","s":"JHARKHAND"}},{"arcs":[[4039,4040,4041,4042,-3480,-4036,-4039]],"type":"Polygon","properties":{"n":"Jitkundi","c":351154,"d":"Giridih","s":"JHARKHAND"}},{"arcs":[[-4038,4043,4044,4045,-4040]],"type":"Polygon","properties":{"n":"Ghaskaro","c":351165,"d":"Giridih","s":"JHARKHAND"}},{"arcs":[[4046,4047,-4045]],"type":"Polygon","properties":{"n":"Rupnadih","c":351164,"d":"Giridih","s":"JHARKHAND"}},{"arcs":[[-4044,-4037,-4011,4048,4049,4050,4051,4052,-4047]],"type":"Polygon","properties":{"n":"Khijarsota","c":351161,"d":"Giridih","s":"JHARKHAND"}},{"arcs":[[4053,-4050,4054,4055]],"type":"Polygon","properties":{"n":"Purrekh Khurd","c":351159,"d":"Giridih","s":"JHARKHAND"}},{"arcs":[[4056,4057,4058,-4051,-4054,4059]],"type":"Polygon","properties":{"n":"Parsan","c":351160,"d":"Giridih","s":"JHARKHAND"}},{"arcs":[[4060,4061,-4052,-4059]],"type":"Polygon","properties":{"n":"Mahuatand","c":351162,"d":"Giridih","s":"JHARKHAND"}},{"arcs":[[-4058,4062,4063,-2322,-2324,-2327,4064,4065,-4061]],"type":"Polygon","properties":{"n":"Pandnatand","c":351168,"d":"Giridih","s":"JHARKHAND"}},{"arcs":[[-4066,4066,4067,-4046,-4048,-4053,-4062]],"type":"Polygon","properties":{"n":"Puranpatari","c":351163,"d":"Giridih","s":"JHARKHAND"}},{"arcs":[[4068,-2339,4069,4070,4071,-4042]],"type":"Polygon","properties":{"n":"Hethli Pardhandih","c":351153,"d":"Giridih","s":"JHARKHAND"}},{"arcs":[[4072,4073,-3470,-3473,-3475,-3481,-4043,-4072]],"type":"Polygon","properties":{"n":"Upraili Pardhandih","c":351150,"d":"Giridih","s":"JHARKHAND"}},{"arcs":[[4074,-2378,-4073,-4071]],"type":"Polygon","properties":{"n":"Siari","c":351151,"d":"Giridih","s":"JHARKHAND"}},{"arcs":[[-2326,-2328,4075,-4067,-4065]],"type":"Polygon","properties":{"n":"Kailadhab","c":351167,"d":"Giridih","s":"JHARKHAND"}},{"arcs":[[-4068,-4076,-2330,-2333,-2336,-2340,-4069,-4041]],"type":"Polygon","properties":{"n":"Barajori","c":351166,"d":"Giridih","s":"JHARKHAND"}},{"arcs":[[-2338,-2343,-2376,-4075,-4070]],"type":"Polygon","properties":{"n":"Jatadih","c":351152,"d":"Giridih","s":"JHARKHAND"}},{"arcs":[[-3471,-4074,-2377,-2345,-2347,4076,-3458,-3465]],"type":"Polygon","properties":{"n":"Karmatanr","c":351135,"d":"Giridih","s":"JHARKHAND"}},{"arcs":[[-4077,-2349,-2351,-2354,4077,4078,-3459]],"type":"Polygon","properties":{"n":"Bandaitand","c":351134,"d":"Giridih","s":"JHARKHAND"}},{"arcs":[[4079,-3453,-3460,-4079]],"type":"Polygon","properties":{"n":"Gadi","c":351133,"d":"Giridih","s":"JHARKHAND"}},{"arcs":[[-3323,-4080,-4078,-2353,-2357,4080,-3320,-3337,-3329]],"type":"Polygon","properties":{"n":"Benusaran","c":351010,"d":"Giridih","s":"JHARKHAND"}},{"arcs":[[-2356,-2360,4081,-3321,-4081]],"type":"Polygon","properties":{"n":"Maltotol","c":351009,"d":"Giridih","s":"JHARKHAND"}},{"arcs":[[-4082,-2359,4082,-3309,-3322]],"type":"Polygon","properties":{"n":"Ekaguri","c":351008,"d":"Giridih","s":"JHARKHAND"}},{"arcs":[[-2363,4083,4084,4085,-3310,-4083]],"type":"Polygon","properties":{"n":"Aurwatand","c":351007,"d":"Giridih","s":"JHARKHAND"}},{"arcs":[[-2365,-2367,-2368,4086,-4084,-2362]],"type":"Polygon","properties":{"n":"Teliamaran","c":351006,"d":"Giridih","s":"JHARKHAND"}},{"arcs":[[-4085,-4087,-2370,4087,4088]],"type":"Polygon","properties":{"n":"Bodgo","c":351005,"d":"Giridih","s":"JHARKHAND"}},{"arcs":[[-3311,-4086,-4089,4089,4090]],"type":"Polygon","properties":{"n":"Beko","c":351004,"d":"Giridih","s":"JHARKHAND"}},{"arcs":[[-3312,-4091,4091,4092,-3314]],"type":"Polygon","properties":{"n":"Ghoskodih","c":351002,"d":"Giridih","s":"JHARKHAND"}},{"arcs":[[-4093,4093,4094,-3349]],"type":"Polygon","properties":{"n":"Pandedih","c":351001,"d":"Giridih","s":"JHARKHAND"}},{"arcs":[[-3357,-3372,-3346,-4095,4095,4096,4097,4098,-3351]],"type":"Polygon","properties":{"n":"Marudih","c":350984,"d":"Giridih","s":"JHARKHAND"}},{"arcs":[[-3374,-3364,-3362,-3353,-3352,-4099,4099,4100]],"type":"Polygon","properties":{"n":"Gorhan","c":350982,"d":"Giridih","s":"JHARKHAND"}},{"arcs":[[-3375,-4101,4101,-3422]],"type":"Polygon","properties":{"n":"Bhutaha","c":350981,"d":"Giridih","s":"JHARKHAND"}},{"arcs":[[4102,4103,-4055,-4049,-4010,-4007,4104]],"type":"Polygon","properties":{"n":"Purrekh Kala","c":351158,"d":"Giridih","s":"JHARKHAND"}},{"arcs":[[4105,-4105,4106]],"type":"Polygon","properties":{"n":"Dhab","c":351111,"d":"Giridih","s":"JHARKHAND"}},{"arcs":[[4107,4108,4109,-4107,-4006,-4019,-4002]],"type":"Polygon","properties":{"n":"Ghuji","c":351110,"d":"Giridih","s":"JHARKHAND"}},{"arcs":[[-3987,-3984,4110,4111,-4108,-4001]],"type":"Polygon","properties":{"n":"Sair","c":351108,"d":"Giridih","s":"JHARKHAND"}},{"arcs":[[-3964,-3923,4112,4113]],"type":"Polygon","properties":{"n":"Pekariya","c":351088,"d":"Giridih","s":"JHARKHAND"}},{"arcs":[[4114,-4113,-3922,-3920,-3913,4115,4116]],"type":"Polygon","properties":{"n":"Jaridih","c":351079,"d":"Giridih","s":"JHARKHAND"}},{"arcs":[[4117,-4117,4118,-3908]],"type":"Polygon","properties":{"n":"Ambatanr","c":351078,"d":"Giridih","s":"JHARKHAND"}},{"arcs":[[-3909,-4119,-4116,-3912,4119,4120]],"type":"Polygon","properties":{"n":"Jamredih","c":351076,"d":"Giridih","s":"JHARKHAND"}},{"arcs":[[-3904,4121,-4120,-3911,-3884,-3891,-3903]],"type":"Polygon","properties":{"n":"Bishunpur","c":351075,"d":"Giridih","s":"JHARKHAND"}},{"arcs":[[4122,4123,4124,4125,-3847,-3850,-3853,-3773,-3787,-3785,-3792,-3796,-3799,-3822,-3819,-3841,4126]],"type":"Polygon","properties":{"n":"Doranda","c":350886,"d":"Giridih","s":"JHARKHAND"}},{"arcs":[[-3171,-3176,-3899,-3892,-3886,-3881,-3879,-4126,4127,-3245]],"type":"Polygon","properties":{"n":"Jorasemal","c":351067,"d":"Giridih","s":"JHARKHAND"}},{"arcs":[[4128,4129,4130,-4127,-3840,4131]],"type":"Polygon","properties":{"n":"Jhanjh","c":350885,"d":"Giridih","s":"JHARKHAND"}},{"arcs":[[4132,4133,4134,-4129,4135,4136]],"type":"Polygon","properties":{"n":"Bharauna","c":350884,"d":"Giridih","s":"JHARKHAND"}},{"arcs":[[4137,-4137,4138,4139]],"type":"Polygon","properties":{"n":"Tilaiya","c":350883,"d":"Giridih","s":"JHARKHAND"}},{"arcs":[[-4139,-4136,-4132,-3844,4140,4141]],"type":"Polygon","properties":{"n":"Adwaria","c":350882,"d":"Giridih","s":"JHARKHAND"}},{"arcs":[[-3842,-3831,4142,4143,4144]],"type":"Polygon","properties":{"n":"Hardia","c":350880,"d":"Giridih","s":"JHARKHAND"}},{"arcs":[[-3830,-3828,-3834,4145,-4143]],"type":"Polygon","properties":{"n":"Kailipahadi","c":350878,"d":"Giridih","s":"JHARKHAND"}},{"arcs":[[-3825,4146,4147,-3835]],"type":"Polygon","properties":{"n":"Kodwari","c":350874,"d":"Giridih","s":"JHARKHAND"}},{"arcs":[[-3824,4148,4149,-4147]],"type":"Polygon","properties":{"n":"Surangi","c":350875,"d":"Giridih","s":"JHARKHAND"}},{"arcs":[[-3823,-3689,-3687,-3685,-3684,4150,-4149]],"type":"Polygon","properties":{"n":"Mahulia","c":350916,"d":"Giridih","s":"JHARKHAND"}},{"arcs":[[-3672,4151,4152,-3680,-3676]],"type":"Polygon","properties":{"n":"Madhopur","c":350921,"d":"Giridih","s":"JHARKHAND"}},{"arcs":[[-3648,4153,4154,-4152,-3671]],"type":"Polygon","properties":{"n":"Khiriachatan","c":350923,"d":"Giridih","s":"JHARKHAND"}},{"arcs":[[-3644,4155,4156,-4154,-3647]],"type":"Polygon","properties":{"n":"Potmagadha","c":350924,"d":"Giridih","s":"JHARKHAND"}},{"arcs":[[-3594,-3427,4157,-4156,-3643,-3640]],"type":"Polygon","properties":{"n":"Jeruadih","c":350974,"d":"Giridih","s":"JHARKHAND"}},{"arcs":[[4158,-4097]],"type":"Polygon","properties":{"n":"Daudanagar","c":350983,"d":"Giridih","s":"JHARKHAND"}},{"arcs":[[4159,4160,4161,4162,4163,4164]],"type":"Polygon","properties":{"n":"BALTHARIYA","c":352730,"d":"Giridih","s":"JHARKHAND"}},{"arcs":[[4165,4166,4167,4168,-4165]],"type":"Polygon","properties":{"n":"RAMNAGAR","c":352732,"d":"Giridih","s":"JHARKHAND"}},{"arcs":[[4169,4170,4171,4172,4173,4174,-4167]],"type":"Polygon","properties":{"n":"Galagi","c":352752,"d":"Giridih","s":"JHARKHAND"}},{"arcs":[[4175,4176,4177,4178,-4174]],"type":"Polygon","properties":{"n":"Thakurchak","c":352753,"d":"Giridih","s":"JHARKHAND"}},{"arcs":[[-4177,4179,4180,4181]],"type":"Polygon","properties":{"n":"Saharpur","c":352754,"d":"Giridih","s":"JHARKHAND"}},{"arcs":[[4182,4183,4184,4185]],"type":"Polygon","properties":{"n":"TARWATAND","c":352749,"d":"Giridih","s":"JHARKHAND"}},{"arcs":[[4186,-4185,4187,4188,4189]],"type":"Polygon","properties":{"n":"BELATAND","c":352748,"d":"Giridih","s":"JHARKHAND"}},{"arcs":[[-4190,4190,4191]],"type":"Polygon","properties":{"n":"KASHIBEDA","c":352747,"d":"Giridih","s":"JHARKHAND"}},{"arcs":[[4192,4193,4194]],"type":"Polygon","properties":{"n":"PRAYAGPUR","c":352746,"d":"Giridih","s":"JHARKHAND"}},{"arcs":[[4195,4196,-4194]],"type":"Polygon","properties":{"n":"Pusadih","c":352745,"d":"Giridih","s":"JHARKHAND"}},{"arcs":[[4197,4198,4199,4200,4201,4202]],"type":"Polygon","properties":{"n":"HETHWAR","c":352744,"d":"Giridih","s":"JHARKHAND"}},{"arcs":[[4203,-4172,4204,4205,4206,4207,4208,-4199]],"type":"Polygon","properties":{"n":"Pathalchapra","c":352738,"d":"Giridih","s":"JHARKHAND"}},{"arcs":[[-4171,4209,-4205]],"type":"Polygon","properties":{"n":"Nichitpur","c":352735,"d":"Giridih","s":"JHARKHAND"}},{"arcs":[[-4170,-4166,-4164,4210,-4206,-4210]],"type":"Polygon","properties":{"n":"Barwadih","c":352734,"d":"Giridih","s":"JHARKHAND"}},{"arcs":[[-4211,-4163,4211,4212,-4207]],"type":"Polygon","properties":{"n":"PAHADPUR","c":352737,"d":"Giridih","s":"JHARKHAND"}},{"arcs":[[4213,-4200,-4209]],"type":"Polygon","properties":{"n":"BHIKHNIDIH","c":352736,"d":"Giridih","s":"JHARKHAND"}},{"arcs":[[-4213,4214,4215,4216,4217,-4201,-4214,-4208]],"type":"Polygon","properties":{"n":"MOHLIDIH","c":352739,"d":"Giridih","s":"JHARKHAND"}},{"arcs":[[-4202,-4218,4218,4219,4220]],"type":"Polygon","properties":{"n":"Basaijam","c":352743,"d":"Giridih","s":"JHARKHAND"}},{"arcs":[[-4217,4221,4222,4223,-4219]],"type":"Polygon","properties":{"n":"Majhladih","c":352742,"d":"Giridih","s":"JHARKHAND"}},{"arcs":[[-4222,-4216,4224,4225]],"type":"Polygon","properties":{"n":"SURJUDIH","c":352741,"d":"Giridih","s":"JHARKHAND"}},{"arcs":[[4226,4227,4228,-4223,-4226]],"type":"Polygon","properties":{"n":"Belma","c":352727,"d":"Giridih","s":"JHARKHAND"}},{"arcs":[[4229,4230,4231,4232]],"type":"Polygon","properties":{"n":"Jogidih","c":352726,"d":"Giridih","s":"JHARKHAND"}},{"arcs":[[4233,4234,-4220,-4224,-4229,-4230,4235,4236,4237]],"type":"Polygon","properties":{"n":"PORAIYA","c":352725,"d":"Giridih","s":"JHARKHAND"}},{"arcs":[[-4234,4238]],"type":"Polygon","properties":{"n":"Uparnagar","c":352724,"d":"Giridih","s":"JHARKHAND"}},{"arcs":[[4239,4240,4241,4242]],"type":"Polygon","properties":{"n":"Lohedih","c":352720,"d":"Giridih","s":"JHARKHAND"}},{"arcs":[[4243,4244,4245,-4242]],"type":"Polygon","properties":{"n":"Asnasingha","c":352719,"d":"Giridih","s":"JHARKHAND"}},{"arcs":[[4246,4247,4248,4249,4250,4251]],"type":"Polygon","properties":{"n":"Khakhikhurd","c":352690,"d":"Giridih","s":"JHARKHAND"}},{"arcs":[[4252,4253,4254,4255,4256,-4252]],"type":"Polygon","properties":{"n":"KHAKI KALA","c":352691,"d":"Giridih","s":"JHARKHAND"}},{"arcs":[[4257,4258,4259,-4256]],"type":"Polygon","properties":{"n":"ROSHNATUNDA","c":352692,"d":"Giridih","s":"JHARKHAND"}},{"arcs":[[4260,4261,4262,4263,-4259]],"type":"Polygon","properties":{"n":"KHAIRATUNDA","c":352687,"d":"Giridih","s":"JHARKHAND"}},{"arcs":[[-4261,-4258,-4255,4264,4265,4266,4267]],"type":"Polygon","properties":{"n":"Rangamati","c":352693,"d":"Giridih","s":"JHARKHAND"}},{"arcs":[[-4254,4268,4269,4270,-4265]],"type":"Polygon","properties":{"n":"GHUTWALI","c":352695,"d":"Giridih","s":"JHARKHAND"}},{"arcs":[[-4253,-4251,4271,4272,4273,4274,4275,4276,4277,-4269]],"type":"Polygon","properties":{"n":"Modhgopali","c":352696,"d":"Giridih","s":"JHARKHAND"}},{"arcs":[[4278,4279,-4273]],"type":"Polygon","properties":{"n":"Naglo","c":352714,"d":"Giridih","s":"JHARKHAND"}},{"arcs":[[4280,-21,4281,4282,4283,4284,4285,-4275]],"type":"Polygon","properties":{"n":"PARGOTILAIYA","c":352709,"d":"Giridih","s":"JHARKHAND"}},{"arcs":[[4286,4287,4288,4289,-4283]],"type":"Polygon","properties":{"n":"Kulhi","c":352707,"d":"Giridih","s":"JHARKHAND"}},{"arcs":[[4290,4291,-4284,-4290]],"type":"Polygon","properties":{"n":"Pipradih","c":352706,"d":"Giridih","s":"JHARKHAND"}},{"arcs":[[4292,4293,4294,-4285,-4292]],"type":"Polygon","properties":{"n":"KHECHGADI","c":352705,"d":"Giridih","s":"JHARKHAND"}},{"arcs":[[-4291,-4289,4295,4296,4297,-4293]],"type":"Polygon","properties":{"n":"CHINOKIRO","c":352704,"d":"Giridih","s":"JHARKHAND"}},{"arcs":[[4298,4299,4300,-4276,-4286,-4295]],"type":"Polygon","properties":{"n":"Amra","c":352699,"d":"Giridih","s":"JHARKHAND"}},{"arcs":[[4301,4302,4303,4304,-4277,-4301]],"type":"Polygon","properties":{"n":"TAMBAGUDIYO","c":352698,"d":"Giridih","s":"JHARKHAND"}},{"arcs":[[4305,4306,-4278,-4305]],"type":"Polygon","properties":{"n":"DUDHPANIYA","c":352697,"d":"Giridih","s":"JHARKHAND"}},{"arcs":[[4307,4308,4309,4310,-4266,-4271]],"type":"Polygon","properties":{"n":"Isri (CT)","c":352759,"d":"Giridih","s":"JHARKHAND"}},{"arcs":[[-4270,-4307,4311,4312,4313,-4308]],"type":"Polygon","properties":{"n":"Jamtara (CT)","c":352758,"d":"Giridih","s":"JHARKHAND"}},{"arcs":[[-4306,-4304,4314,4315,-4312]],"type":"Polygon","properties":{"n":"Dumri","c":352668,"d":"Giridih","s":"JHARKHAND"}},{"arcs":[[-4303,4316,4317,-4315]],"type":"Polygon","properties":{"n":"Ghujadih","c":352667,"d":"Giridih","s":"JHARKHAND"}},{"arcs":[[4318,4319,-4313,-4316,-4318,4320,-951,4321]],"type":"Polygon","properties":{"n":"Chino","c":352665,"d":"Giridih","s":"JHARKHAND"}},{"arcs":[[4322,-4322,-950,4323]],"type":"Polygon","properties":{"n":"Samda","c":352664,"d":"Giridih","s":"JHARKHAND"}},{"arcs":[[4324,-4324,-949,4325]],"type":"Polygon","properties":{"n":"KHURJIYO","c":352663,"d":"Giridih","s":"JHARKHAND"}},{"arcs":[[4326,4327,-4326,-948,-1084,-1082,-957]],"type":"Polygon","properties":{"n":"Manglu Ahar","c":352660,"d":"Giridih","s":"JHARKHAND"}},{"arcs":[[4328,4329,4330,-4328]],"type":"Polygon","properties":{"n":"Ganodih","c":352661,"d":"Giridih","s":"JHARKHAND"}},{"arcs":[[4331,4332,4333,4334,-4319,-4323,-4325,-4331]],"type":"Polygon","properties":{"n":"Chegro","c":352662,"d":"Giridih","s":"JHARKHAND"}},{"arcs":[[-4335,4335,4336,4337,-4309,-4314,-4320]],"type":"Polygon","properties":{"n":"Pipradih","c":352669,"d":"Giridih","s":"JHARKHAND"}},{"arcs":[[-4338,4338,4339,4340,4341,4342,4343,-4310]],"type":"Polygon","properties":{"n":"TUIYO","c":352675,"d":"Giridih","s":"JHARKHAND"}},{"arcs":[[4344,-4267,-4311,-4344]],"type":"Polygon","properties":{"n":"BARAHMASIYA","c":352694,"d":"Giridih","s":"JHARKHAND"}},{"arcs":[[-4343,4345,4346,4347,4348,4349,-4262,-4268,-4345]],"type":"Polygon","properties":{"n":"LAXMANTUNDA","c":352686,"d":"Giridih","s":"JHARKHAND"}},{"arcs":[[4350,4351,4352,4353]],"type":"Polygon","properties":{"n":"Khuta","c":352681,"d":"Giridih","s":"JHARKHAND"}},{"arcs":[[-4354,4354,4355,4356]],"type":"Polygon","properties":{"n":"Khejwali","c":352680,"d":"Giridih","s":"JHARKHAND"}},{"arcs":[[-4353,4357,-4348,4358,4359,4360,-4355]],"type":"Polygon","properties":{"n":"Chakarbarai","c":352683,"d":"Giridih","s":"JHARKHAND"}},{"arcs":[[-4347,4361,4362,4363,-4359]],"type":"Polygon","properties":{"n":"TELIYATUNDA","c":352685,"d":"Giridih","s":"JHARKHAND"}},{"arcs":[[4364,4365,-4363]],"type":"Polygon","properties":{"n":"Nathdih","c":352684,"d":"Giridih","s":"JHARKHAND"}},{"arcs":[[4366,-4356,-4361,4367,4368]],"type":"Polygon","properties":{"n":"BANDKHARO","c":352679,"d":"Giridih","s":"JHARKHAND"}},{"arcs":[[-4360,-4364,-4366,4369,4370,4371,-4368]],"type":"Polygon","properties":{"n":"MATIYOBEDA","c":352678,"d":"Giridih","s":"JHARKHAND"}},{"arcs":[[-4365,-4362,-4346,-4342,4372,-4370]],"type":"Polygon","properties":{"n":"JAMUA KALA","c":352677,"d":"Giridih","s":"JHARKHAND"}},{"arcs":[[-4341,4373,4374,4375,-4371,-4373]],"type":"Polygon","properties":{"n":"DOMABARA","c":352676,"d":"Giridih","s":"JHARKHAND"}},{"arcs":[[-4340,4376,4377,4378,4379,-4374]],"type":"Polygon","properties":{"n":"MANGARGADI","c":352673,"d":"Giridih","s":"JHARKHAND"}},{"arcs":[[-4339,-4337,4380,-4377]],"type":"Polygon","properties":{"n":"KASMAKURHA","c":352674,"d":"Giridih","s":"JHARKHAND"}},{"arcs":[[-4336,-4334,4381,-4381]],"type":"Polygon","properties":{"n":"BIRPOK","c":352670,"d":"Giridih","s":"JHARKHAND"}},{"arcs":[[-4333,4382,4383,-4378,-4382]],"type":"Polygon","properties":{"n":"Bhandaro","c":352671,"d":"Giridih","s":"JHARKHAND"}},{"arcs":[[4384,4385,4386,4387,-4379,-4384]],"type":"Polygon","properties":{"n":"Ghosko","c":352672,"d":"Giridih","s":"JHARKHAND"}},{"arcs":[[4388,4389,4390,-4375,-4380,-4388]],"type":"Polygon","properties":{"n":"Chainpur","c":352647,"d":"Giridih","s":"JHARKHAND"}},{"arcs":[[4391,4392]],"type":"Polygon","properties":{"n":"JHUNJHKA","c":352643,"d":"Giridih","s":"JHARKHAND"}},{"arcs":[[4393,4394,4395,4396]],"type":"Polygon","properties":{"n":"Jobhi Pipradih","c":352642,"d":"Giridih","s":"JHARKHAND"}},{"arcs":[[4397,-4396,4398,4399,4400,4401,4402]],"type":"Polygon","properties":{"n":"DALANCHALKARI","c":352641,"d":"Giridih","s":"JHARKHAND"}},{"arcs":[[4403,4404,4405,4406,-4402]],"type":"Polygon","properties":{"n":"Bhagabandh","c":352640,"d":"Giridih","s":"JHARKHAND"}},{"arcs":[[4407,-4406]],"type":"Polygon","properties":{"n":"shitalpur","c":352639,"d":"Giridih","s":"JHARKHAND"}},{"arcs":[[4408,4409,4410,4411,-4403,-4407,-4408,-4405,4412,-4390,4413,4414]],"type":"Polygon","properties":{"n":"Chhachhando","c":352638,"d":"Giridih","s":"JHARKHAND"}},{"arcs":[[-4387,4415,4416,4417,-4389]],"type":"Polygon","properties":{"n":"Latkato","c":352648,"d":"Giridih","s":"JHARKHAND"}},{"arcs":[[4418,4419,4420,-4414,-4418]],"type":"Polygon","properties":{"n":"DHAWATAND","c":352649,"d":"Giridih","s":"JHARKHAND"}},{"arcs":[[4421,4422,4423,-4420]],"type":"Polygon","properties":{"n":"Tardaka","c":352650,"d":"Giridih","s":"JHARKHAND"}},{"arcs":[[-4419,-4417,4424,4425,-4422]],"type":"Polygon","properties":{"n":"PATHRIYA","c":352652,"d":"Giridih","s":"JHARKHAND"}},{"arcs":[[-4416,-4386,4426,4427,-4425]],"type":"Polygon","properties":{"n":"KATHSARUWA","c":352653,"d":"Giridih","s":"JHARKHAND"}},{"arcs":[[-4428,4428,4429,-4423,-4426]],"type":"Polygon","properties":{"n":"Sijhua","c":352651,"d":"Giridih","s":"JHARKHAND"}},{"arcs":[[-4421,4430,4431,-4415]],"type":"Polygon","properties":{"n":"Hundro","c":352637,"d":"Giridih","s":"JHARKHAND"}},{"arcs":[[4432,4433,4434,-4409,-4432,4435,4436,4437]],"type":"Polygon","properties":{"n":"BARIYARPUR","c":352636,"d":"Giridih","s":"JHARKHAND"}},{"arcs":[[4438,-4437,4439,4440]],"type":"Polygon","properties":{"n":"Baramasia","c":352635,"d":"Giridih","s":"JHARKHAND"}},{"arcs":[[4441,-4440,-4436,-4431,-4424,-4430,4442,4443,4444,4445]],"type":"Polygon","properties":{"n":"Atki","c":352634,"d":"Giridih","s":"JHARKHAND"}},{"arcs":[[-4429,4446,4447,4448,4449,-4443]],"type":"Polygon","properties":{"n":"LUSIYO","c":352655,"d":"Giridih","s":"JHARKHAND"}},{"arcs":[[-4427,-4385,-4383,-4332,-4330,4450,-4447]],"type":"Polygon","properties":{"n":"KALHABAR","c":352654,"d":"Giridih","s":"JHARKHAND"}},{"arcs":[[4451,4452,4453,4454,-4449]],"type":"Polygon","properties":{"n":"Dhibra","c":352656,"d":"Giridih","s":"JHARKHAND"}},{"arcs":[[4455,4456,4457,4458,4459,-4453]],"type":"Polygon","properties":{"n":"AGALGADI","c":352657,"d":"Giridih","s":"JHARKHAND"}},{"arcs":[[-4458,4460,4461,4462,4463]],"type":"Polygon","properties":{"n":"BARMASIYA","c":352628,"d":"Giridih","s":"JHARKHAND"}},{"arcs":[[4464,4465,4466,-4463]],"type":"Polygon","properties":{"n":"Kolhua","c":352627,"d":"Giridih","s":"JHARKHAND"}},{"arcs":[[4467,4468,4469,-4459,-4464,-4467]],"type":"Polygon","properties":{"n":"Ambadih","c":352629,"d":"Giridih","s":"JHARKHAND"}},{"arcs":[[4470,4471,-4454,-4460,-4470]],"type":"Polygon","properties":{"n":"GOSAI TILAIYA","c":352630,"d":"Giridih","s":"JHARKHAND"}},{"arcs":[[-4469,4472,4473,-4471]],"type":"Polygon","properties":{"n":"PARSABEDA","c":352631,"d":"Giridih","s":"JHARKHAND"}},{"arcs":[[4474,4475,4476,-4444,-4450,-4455,-4472,-4474]],"type":"Polygon","properties":{"n":"Fatehpur","c":352632,"d":"Giridih","s":"JHARKHAND"}},{"arcs":[[4477,-4445,-4477,4478]],"type":"Polygon","properties":{"n":"Pipardih","c":352633,"d":"Giridih","s":"JHARKHAND"}},{"arcs":[[4479,4480,4481,-4479,-4476,4482,4483,4484]],"type":"Polygon","properties":{"n":"Jaridih","c":352618,"d":"Giridih","s":"JHARKHAND"}},{"arcs":[[4485,-4480,4486,4487]],"type":"Polygon","properties":{"n":"Kanadih","c":352617,"d":"Giridih","s":"JHARKHAND"}},{"arcs":[[-4487,-4485,4488,4489,4490]],"type":"Polygon","properties":{"n":"Andhari","c":352616,"d":"Giridih","s":"JHARKHAND"}},{"arcs":[[4491,4492,-4490]],"type":"Polygon","properties":{"n":"TELIYABAHIYAR","c":352614,"d":"Giridih","s":"JHARKHAND"}},{"arcs":[[4493,4494,4495,4496,-4488,-4491,-4493,4497,4498,4499]],"type":"Polygon","properties":{"n":"Rajabhitha","c":352599,"d":"Giridih","s":"JHARKHAND"}},{"arcs":[[-4489,-4484,4500,4501,4502,4503,-4492]],"type":"Polygon","properties":{"n":"Bhawanand","c":352615,"d":"Giridih","s":"JHARKHAND"}},{"arcs":[[-4483,-4475,-4473,-4468,-4466,4504,4505,-4501]],"type":"Polygon","properties":{"n":"BARGANDA","c":352619,"d":"Giridih","s":"JHARKHAND"}},{"arcs":[[-4465,-4462,4506,4507,4508,4509,4510,-4505]],"type":"Polygon","properties":{"n":"Berha Suiyadih","c":352624,"d":"Giridih","s":"JHARKHAND"}},{"arcs":[[4511,4512,-4502,-4506,-4511]],"type":"Polygon","properties":{"n":"MANJHILADIH","c":352620,"d":"Giridih","s":"JHARKHAND"}},{"arcs":[[4513,4514,4515,-4503,-4513]],"type":"Polygon","properties":{"n":"BASOKANDO","c":352613,"d":"Giridih","s":"JHARKHAND"}},{"arcs":[[4516,4517,4518,4519,4520]],"type":"Polygon","properties":{"n":"Chhotki Bergi","c":352622,"d":"Giridih","s":"JHARKHAND"}},{"arcs":[[-4514,-4512,-4510,4521,4522,-4517,4523,4524,4525]],"type":"Polygon","properties":{"n":"BADKIBERGI","c":352621,"d":"Giridih","s":"JHARKHAND"}},{"arcs":[[4526,-4526,4527,4528,4529]],"type":"Polygon","properties":{"n":"Basgohra","c":352609,"d":"Giridih","s":"JHARKHAND"}},{"arcs":[[4530,4531,4532,-4515,-4527]],"type":"Polygon","properties":{"n":"Jitpur","c":352610,"d":"Giridih","s":"JHARKHAND"}},{"arcs":[[4533,4534,4535,-4532]],"type":"Polygon","properties":{"n":"Behradih","c":352611,"d":"Giridih","s":"JHARKHAND"}},{"arcs":[[4536,-4534,-4531,-4530,4537,4538]],"type":"Polygon","properties":{"n":"Nawadih Alias Kushto Paharpu","c":352608,"d":"Giridih","s":"JHARKHAND"}},{"arcs":[[4539,-4539,4540,4541]],"type":"Polygon","properties":{"n":"KAKURIYADIH","c":352607,"d":"Giridih","s":"JHARKHAND"}},{"arcs":[[-4533,-4536,4542,4543,4544,-4498,-4504,-4516]],"type":"Polygon","properties":{"n":"Bhadwadih","c":352612,"d":"Giridih","s":"JHARKHAND"}},{"arcs":[[4545,4546,-4499,-4545]],"type":"Polygon","properties":{"n":"Bedpur","c":352604,"d":"Giridih","s":"JHARKHAND"}},{"arcs":[[4547,4548,-4500,-4547]],"type":"Polygon","properties":{"n":"TULSITAND","c":352603,"d":"Giridih","s":"JHARKHAND"}},{"arcs":[[-4546,-4544,4549,4550,4551,4552,-4548]],"type":"Polygon","properties":{"n":"Bhandaro","c":352602,"d":"Giridih","s":"JHARKHAND"}},{"arcs":[[4553,4554,4555,4556,4557,-4494,-4549,-4553]],"type":"Polygon","properties":{"n":"Naro","c":352601,"d":"Giridih","s":"JHARKHAND"}},{"arcs":[[-4552,4558,4559,4560,-4554]],"type":"Polygon","properties":{"n":"Purnadih","c":352572,"d":"Giridih","s":"JHARKHAND"}},{"arcs":[[4561,-4542,4562,-2290,4563]],"type":"Polygon","properties":{"n":"PRADHANDIH","c":352606,"d":"Giridih","s":"JHARKHAND"}},{"arcs":[[4564,4565,-4550,-4543,-4535,-4537,-4540,-4562]],"type":"Polygon","properties":{"n":"Sasarkho","c":352605,"d":"Giridih","s":"JHARKHAND"}},{"arcs":[[-893,4566,4567,4568,-2297]],"type":"Polygon","properties":{"n":"NURANGO","c":352570,"d":"Giridih","s":"JHARKHAND"}},{"arcs":[[4569,-4559,-4551,-4566,4570,4571,-4568]],"type":"Polygon","properties":{"n":"NAITAND","c":352569,"d":"Giridih","s":"JHARKHAND"}},{"arcs":[[-897,-901,4572,4573,4574,4575,-739]],"type":"Polygon","properties":{"n":"KHUTARGURHO","c":352575,"d":"Giridih","s":"JHARKHAND"}},{"arcs":[[4576,4577,4578,4579,-4575]],"type":"Polygon","properties":{"n":"Gurha","c":352574,"d":"Giridih","s":"JHARKHAND"}},{"arcs":[[-4574,4580,4581,4582,4583,4584,-4577]],"type":"Polygon","properties":{"n":"Khetko","c":352577,"d":"Giridih","s":"JHARKHAND"}},{"arcs":[[4585,-4581,-4573,-900]],"type":"Polygon","properties":{"n":"THANDABAHIYAR","c":352576,"d":"Giridih","s":"JHARKHAND"}},{"arcs":[[-624,4586,4587,-4582,-4586,-899,-902]],"type":"Polygon","properties":{"n":"Khudisar","c":352578,"d":"Giridih","s":"JHARKHAND"}},{"arcs":[[4588,4589,-4587]],"type":"Polygon","properties":{"n":"GULIDADI","c":352579,"d":"Giridih","s":"JHARKHAND"}},{"arcs":[[-4590,4590,4591,4592,4593,4594,4595,-4583,-4588]],"type":"Polygon","properties":{"n":"MURKUNDO","c":352580,"d":"Giridih","s":"JHARKHAND"}},{"arcs":[[4596,4597,4598,4599,-4594]],"type":"Polygon","properties":{"n":"Jitkundi","c":352585,"d":"Giridih","s":"JHARKHAND"}},{"arcs":[[4600,4601,-4595,-4600]],"type":"Polygon","properties":{"n":"Pipradih","c":352586,"d":"Giridih","s":"JHARKHAND"}},{"arcs":[[4602,-4584,-4596,-4602]],"type":"Polygon","properties":{"n":"Kharkho","c":352587,"d":"Giridih","s":"JHARKHAND"}},{"arcs":[[-4601,4603,4604,4605,-4578,-4585,-4603]],"type":"Polygon","properties":{"n":"KUSTO NAWADIH","c":352588,"d":"Giridih","s":"JHARKHAND"}},{"arcs":[[4606,4607,-4579,-4606]],"type":"Polygon","properties":{"n":"Bahadurpur","c":352589,"d":"Giridih","s":"JHARKHAND"}},{"arcs":[[4608,4609,-4556,4610,-4608]],"type":"Polygon","properties":{"n":"Barwadih","c":352590,"d":"Giridih","s":"JHARKHAND"}},{"arcs":[[4611,4612,-4557,-4610]],"type":"Polygon","properties":{"n":"POKHARIYA","c":352591,"d":"Giridih","s":"JHARKHAND"}},{"arcs":[[-4495,-4558,-4613]],"type":"Polygon","properties":{"n":"Dumaria","c":352600,"d":"Giridih","s":"JHARKHAND"}},{"arcs":[[-4609,-4607,-4605,4613,4614,-4612]],"type":"Polygon","properties":{"n":"Karipahari","c":352592,"d":"Giridih","s":"JHARKHAND"}},{"arcs":[[4615,4616,4617,4618,-4496,-4615]],"type":"Polygon","properties":{"n":"AKBAKITAND","c":352598,"d":"Giridih","s":"JHARKHAND"}},{"arcs":[[-4614,4619,4620,4621,-4616]],"type":"Polygon","properties":{"n":"KHOLOCHUNWA","c":352593,"d":"Giridih","s":"JHARKHAND"}},{"arcs":[[4622,4623,4624,-4617,-4622]],"type":"Polygon","properties":{"n":"Baradih","c":352595,"d":"Giridih","s":"JHARKHAND"}},{"arcs":[[4625,4626,4627,-4618,-4625]],"type":"Polygon","properties":{"n":"Dharampur","c":352597,"d":"Giridih","s":"JHARKHAND"}},{"arcs":[[4628,4629,-4626,-4624]],"type":"Polygon","properties":{"n":"Ranipinda","c":352596,"d":"Giridih","s":"JHARKHAND"}},{"arcs":[[-4604,-4599,4630,4631,4632,-4620]],"type":"Polygon","properties":{"n":"Khurdih","c":352584,"d":"Giridih","s":"JHARKHAND"}},{"arcs":[[-4598,4633,4634,-4631]],"type":"Polygon","properties":{"n":"Babhandiha","c":352583,"d":"Giridih","s":"JHARKHAND"}},{"arcs":[[4635,4636,4637,4638,-4634,-4597,-4593]],"type":"Polygon","properties":{"n":"Ohdar Nawadih","c":352581,"d":"Giridih","s":"JHARKHAND"}},{"arcs":[[4639,4640,-4188,-4184]],"type":"Polygon","properties":{"n":"Mohanpur","c":352750,"d":"Giridih","s":"JHARKHAND"}},{"arcs":[[-4191,-4189,-4641,4641,4642,-4180,-4176,-4173,-4204,-4198,4643,-4196,-4193,4644]],"type":"Polygon","properties":{"n":"SHANKARDIH","c":352751,"d":"Giridih","s":"JHARKHAND"}},{"arcs":[[4645,4646,-4181,-4643]],"type":"Polygon","properties":{"n":"Baijnathdih","c":352755,"d":"Giridih","s":"JHARKHAND"}},{"arcs":[[-4182,-4647,4647,4648,-4178]],"type":"Polygon","properties":{"n":"Madhwadih","c":352756,"d":"Giridih","s":"JHARKHAND"}},{"arcs":[[-4649,4649,4650,-4168,-4175,-4179]],"type":"Polygon","properties":{"n":"BHOLIDIH","c":352757,"d":"Giridih","s":"JHARKHAND"}},{"arcs":[[4651,4652,-4160,-4169,-4651]],"type":"Polygon","properties":{"n":"Birajpur","c":352731,"d":"Giridih","s":"JHARKHAND"}},{"arcs":[[-4161,-4653,4653,4654,4655]],"type":"Polygon","properties":{"n":"BALTHARIYA","c":352730,"d":"Giridih","s":"JHARKHAND"}},{"arcs":[[4656,-4655]],"type":"Polygon","properties":{"n":"Baradih","c":352729,"d":"Giridih","s":"JHARKHAND"}},{"arcs":[[-4215,-4212,-4162,-4656,4657,4658,-4241,4659,-4227,-4225]],"type":"Polygon","properties":{"n":"Nagri","c":352728,"d":"Giridih","s":"JHARKHAND"}},{"arcs":[[-4240,4660,-4231,-4228,-4660]],"type":"Polygon","properties":{"n":"Khetko","c":352721,"d":"Giridih","s":"JHARKHAND"}},{"arcs":[[-4243,-4246,4661,4662,-4232,-4661]],"type":"Polygon","properties":{"n":"KARMATONGRI","c":352722,"d":"Giridih","s":"JHARKHAND"}},{"arcs":[[4663,4664,-4349,-4358,-4352]],"type":"Polygon","properties":{"n":"Chaparkho","c":352682,"d":"Giridih","s":"JHARKHAND"}},{"arcs":[[4665,-4237,4666,4667,-4263,-4350,-4665]],"type":"Polygon","properties":{"n":"Surhi","c":352688,"d":"Giridih","s":"JHARKHAND"}},{"arcs":[[-4236,-4233,-4663,4668,-4667]],"type":"Polygon","properties":{"n":"JARUWATUNDA","c":352723,"d":"Giridih","s":"JHARKHAND"}},{"arcs":[[-4662,-4245,4669,-4247,-4257,-4260,-4264,-4668,-4669]],"type":"Polygon","properties":{"n":"Balutunda","c":352689,"d":"Giridih","s":"JHARKHAND"}},{"arcs":[[-4244,-4659,4670,4671,4672,-4248,-4670]],"type":"Polygon","properties":{"n":"DUMARCHUTIYO","c":352718,"d":"Giridih","s":"JHARKHAND"}},{"arcs":[[4673,4674,-4672]],"type":"Polygon","properties":{"n":"Asurbandh","c":352717,"d":"Giridih","s":"JHARKHAND"}},{"arcs":[[-4673,-4675,4675,4676,-4249]],"type":"Polygon","properties":{"n":"Pordag","c":352716,"d":"Giridih","s":"JHARKHAND"}},{"arcs":[[-4272,-4250,-4677,4677,4678,-4279]],"type":"Polygon","properties":{"n":"Tengrakhurd","c":352715,"d":"Giridih","s":"JHARKHAND"}},{"arcs":[[-4679,4679,4680,-22,-4281,-4274,-4280]],"type":"Polygon","properties":{"n":"TENGRAKALA","c":352713,"d":"Giridih","s":"JHARKHAND"}},{"arcs":[[4681,4682,4683,-18,-4681]],"type":"Polygon","properties":{"n":"Makan","c":352712,"d":"Giridih","s":"JHARKHAND"}},{"arcs":[[4684,-4683]],"type":"Polygon","properties":{"n":"CHECHARIYA","c":352711,"d":"Giridih","s":"JHARKHAND"}},{"arcs":[[-4282,-20,4685,4686,-4287]],"type":"Polygon","properties":{"n":"Baledih","c":352708,"d":"Giridih","s":"JHARKHAND"}},{"arcs":[[-4296,-4288,-4687,4687,4688,4689,4690]],"type":"Polygon","properties":{"n":"CHITRAMO","c":352703,"d":"Giridih","s":"JHARKHAND"}},{"arcs":[[-4689,4691]],"type":"Polygon","properties":{"n":"KARMATAND","c":352702,"d":"Giridih","s":"JHARKHAND"}},{"arcs":[[-4297,-4691,4692,4693]],"type":"Polygon","properties":{"n":"Urdango","c":352701,"d":"Giridih","s":"JHARKHAND"}},{"arcs":[[-4299,-4294,-4298,-4694,4694,-922,-927]],"type":"Polygon","properties":{"n":"Bharkhar","c":352700,"d":"Giridih","s":"JHARKHAND"}},{"arcs":[[-4317,-4302,-4300,-926,-941,-952,-4321]],"type":"Polygon","properties":{"n":"Kulgo Dakshini","c":352666,"d":"Giridih","s":"JHARKHAND"}},{"arcs":[[-4456,-4452,-4448,-4451,-4329,-4327,-956,4695]],"type":"Polygon","properties":{"n":"Telkhara","c":352658,"d":"Giridih","s":"JHARKHAND"}},{"arcs":[[-4461,-4457,-4696,-960,-963,4696,-4507]],"type":"Polygon","properties":{"n":"CHALMO","c":352626,"d":"Giridih","s":"JHARKHAND"}},{"arcs":[[-4508,-4697,-962,4697]],"type":"Polygon","properties":{"n":"BALEDIH BISHUNPUR","c":352625,"d":"Giridih","s":"JHARKHAND"}},{"arcs":[[-4509,-4698,-961,4698,-4522]],"type":"Polygon","properties":{"n":"Jangidiri","c":352623,"d":"Giridih","s":"JHARKHAND"}},{"arcs":[[-4569,-4572,4699,4700,-2293,-2298]],"type":"Polygon","properties":{"n":"Narangi","c":352567,"d":"Giridih","s":"JHARKHAND"}},{"arcs":[[-4571,-4565,-4564,-2289,4701,-4700]],"type":"Polygon","properties":{"n":"NARAYANPUR","c":352568,"d":"Giridih","s":"JHARKHAND"}},{"arcs":[[-4560,-4570,-4567,-892,4702]],"type":"Polygon","properties":{"n":"ARWATAND","c":352571,"d":"Giridih","s":"JHARKHAND"}},{"arcs":[[-895,-736,-740,-4576,-4580,-4611,-4555,-4561,-4703,-891]],"type":"Polygon","properties":{"n":"Nagabad","c":352573,"d":"Giridih","s":"JHARKHAND"}},{"arcs":[[-4635,-4639,4703,4704,4705,4706,-4632]],"type":"Polygon","properties":{"n":"BISHUBEDA","c":352582,"d":"Giridih","s":"JHARKHAND"}},{"arcs":[[-4633,-4707,4707,4708,-4629,-4623,-4621]],"type":"Polygon","properties":{"n":"JAMUNIYATAND","c":352594,"d":"Giridih","s":"JHARKHAND"}},{"arcs":[[4709,4710,4711,-4400]],"type":"Polygon","properties":{"n":"Mohanpur","c":352645,"d":"Giridih","s":"JHARKHAND"}},{"arcs":[[4712,-4369,-4372,-4376,-4391,-4413,-4404,-4401,-4712]],"type":"Polygon","properties":{"n":"TESAFULI","c":352646,"d":"Giridih","s":"JHARKHAND"}},{"arcs":[[4713,-4393,4714,-4710,-4399,-4395]],"type":"Polygon","properties":{"n":"Jobhi","c":352644,"d":"Giridih","s":"JHARKHAND"}},{"arcs":[[4715,4716,4717,4718,4719,4720,4721,4722,4723]],"type":"Polygon","properties":{"n":"Korbandha","c":352012,"d":"Giridih","s":"JHARKHAND"}},{"arcs":[[4724,4725,-4716]],"type":"Polygon","properties":{"n":"Kenari","c":352011,"d":"Giridih","s":"JHARKHAND"}},{"arcs":[[4726,4727,4728,-4729,4729,4730,4731,4732,-4717,-4726]],"type":"Polygon","properties":{"n":"Shankarpur","c":352009,"d":"Giridih","s":"JHARKHAND"}},{"arcs":[[-4725,-4724,4733,4734,4735,-4727]],"type":"Polygon","properties":{"n":"Lukaiya","c":352010,"d":"Giridih","s":"JHARKHAND"}},{"arcs":[[4736,4737,-4729,-4728,-4736,4738]],"type":"Polygon","properties":{"n":"Nawatand Alias Gaganpur","c":352008,"d":"Giridih","s":"JHARKHAND"}},{"arcs":[[-4735,4739,4740,4741,4742,-4739]],"type":"Polygon","properties":{"n":"Jitjora","c":352007,"d":"Giridih","s":"JHARKHAND"}},{"arcs":[[4743,4744,4745,-4742]],"type":"Polygon","properties":{"n":"Ranitanr","c":352001,"d":"Giridih","s":"JHARKHAND"}},{"arcs":[[4746,4747,4748,4749,4750,-4745]],"type":"Polygon","properties":{"n":"Bankikala","c":352002,"d":"Giridih","s":"JHARKHAND"}},{"arcs":[[4751,4752,-4747,-4744,-4741]],"type":"Polygon","properties":{"n":"Pandariya","c":352006,"d":"Giridih","s":"JHARKHAND"}},{"arcs":[[4753,4754,-4752,-4740,-4734,-4723,4755,4756,4757],[-252]],"type":"Polygon","properties":{"n":"Parwatpur","c":352004,"d":"Giridih","s":"JHARKHAND"}},{"arcs":[[-4749,4758,4759,4760,4761,4762,4763,4764]],"type":"Polygon","properties":{"n":"Phuljhariya","c":351983,"d":"Giridih","s":"JHARKHAND"}},{"arcs":[[-4748,-4753,-4755,4765,4766,-4759]],"type":"Polygon","properties":{"n":"Shibuadih","c":352003,"d":"Giridih","s":"JHARKHAND"}},{"arcs":[[-4754,4767,4768,4769,4770,4771,-4766]],"type":"Polygon","properties":{"n":"Arjunbad","c":351980,"d":"Giridih","s":"JHARKHAND"}},{"arcs":[[4772,4773,4774,4775,4776,-4760,-4767,-4772]],"type":"Polygon","properties":{"n":"Koriyad","c":351982,"d":"Giridih","s":"JHARKHAND"}},{"arcs":[[4777,4778,-4774,4779,4780,4781]],"type":"Polygon","properties":{"n":"Goradih","c":351926,"d":"Giridih","s":"JHARKHAND"}},{"arcs":[[4782,4783,4784,-4775,-4779]],"type":"Polygon","properties":{"n":"Daldala","c":351925,"d":"Giridih","s":"JHARKHAND"}},{"arcs":[[-4782,4785,4786]],"type":"Polygon","properties":{"n":"Chakdaldala","c":351927,"d":"Giridih","s":"JHARKHAND"}},{"arcs":[[-4787,4787,4788,4789,-4783,-4778]],"type":"Polygon","properties":{"n":"Koiridih","c":351928,"d":"Giridih","s":"JHARKHAND"}},{"arcs":[[-4781,4790,4791,4792,4793,-4788,-4786]],"type":"Polygon","properties":{"n":"Ladudah","c":351930,"d":"Giridih","s":"JHARKHAND"}},{"arcs":[[-4780,-4773,-4771,4794,-4791]],"type":"Polygon","properties":{"n":"Lurchobad","c":351981,"d":"Giridih","s":"JHARKHAND"}},{"arcs":[[4795,4796,4797,-4769]],"type":"Polygon","properties":{"n":"Nawatanr","c":351979,"d":"Giridih","s":"JHARKHAND"}},{"arcs":[[-4768,-4758,4798,4799,4800,-4796]],"type":"Polygon","properties":{"n":"Singhpur","c":351977,"d":"Giridih","s":"JHARKHAND"}},{"arcs":[[4801,4802,-4797,-4801]],"type":"Polygon","properties":{"n":"Mandatand","c":351978,"d":"Giridih","s":"JHARKHAND"}},{"arcs":[[-4800,4803,4804,4805,4806,-4802]],"type":"Polygon","properties":{"n":"Chunjka","c":351975,"d":"Giridih","s":"JHARKHAND"}},{"arcs":[[-4804,-4799,-4757,4807]],"type":"Polygon","properties":{"n":"Mahthadih","c":351976,"d":"Giridih","s":"JHARKHAND"}},{"arcs":[[-4756,-4722,4808,4809,4810,4811,-4805,-4808]],"type":"Polygon","properties":{"n":"Gadideopur","c":351973,"d":"Giridih","s":"JHARKHAND"}},{"arcs":[[4812,4813,4814,-4806,-4812]],"type":"Polygon","properties":{"n":"Bhandaridih","c":351974,"d":"Giridih","s":"JHARKHAND"}},{"arcs":[[-4811,4815,4816,-4813]],"type":"Polygon","properties":{"n":"Simrakudar","c":351935,"d":"Giridih","s":"JHARKHAND"}},{"arcs":[[-4810,4817,4818,4819,4820,-4816]],"type":"Polygon","properties":{"n":"Lakhanpur","c":351936,"d":"Giridih","s":"JHARKHAND"}},{"arcs":[[4821,4822,4823,4824,-4815]],"type":"Polygon","properties":{"n":"PhokloPatthar","c":351933,"d":"Giridih","s":"JHARKHAND"}},{"arcs":[[4825,4826,4827,4828,4829,4830,4831,4832,-4792,-4795,-4770,-4798,-4803,-4807,-4825]],"type":"Polygon","properties":{"n":"Ahilyapur","c":351931,"d":"Giridih","s":"JHARKHAND"}},{"arcs":[[4833,4834]],"type":"Polygon","properties":{"n":"Barotanr","c":351971,"d":"Giridih","s":"JHARKHAND"}},{"arcs":[[4835,4836,4837,4838,4839,-4819,4840,-4834]],"type":"Polygon","properties":{"n":"Lutori","c":351970,"d":"Giridih","s":"JHARKHAND"}},{"arcs":[[-4835,-4841,-4818,-4809,-4721,4841,4842,-4836]],"type":"Polygon","properties":{"n":"Jhitri","c":351972,"d":"Giridih","s":"JHARKHAND"}},{"arcs":[[4843,4844,4845,-4837,-4843]],"type":"Polygon","properties":{"n":"Guliyadih","c":351968,"d":"Giridih","s":"JHARKHAND"}},{"arcs":[[-4842,-4720,4846,4847,-4844]],"type":"Polygon","properties":{"n":"Pejhwara","c":351967,"d":"Giridih","s":"JHARKHAND"}},{"arcs":[[-4846,4848,4849,4850,4851,-4838]],"type":"Polygon","properties":{"n":"Kailudih","c":351969,"d":"Giridih","s":"JHARKHAND"}},{"arcs":[[4852,4853,4854,4855,4856,-4850]],"type":"Polygon","properties":{"n":"Bhandaridih","c":351961,"d":"Giridih","s":"JHARKHAND"}},{"arcs":[[-4856,4857,4858]],"type":"Polygon","properties":{"n":"Mohlidih","c":351960,"d":"Giridih","s":"JHARKHAND"}},{"arcs":[[-4855,4859,4860]],"type":"Polygon","properties":{"n":"Kubritand","c":351962,"d":"Giridih","s":"JHARKHAND"}},{"arcs":[[-4859,4861,4862,4863,4864,-4851,-4857]],"type":"Polygon","properties":{"n":"Chihuntiya","c":351959,"d":"Giridih","s":"JHARKHAND"}},{"arcs":[[4865,4866,-4839,-4852,-4865]],"type":"Polygon","properties":{"n":"Kuldiha","c":351938,"d":"Giridih","s":"JHARKHAND"}},{"arcs":[[4867,4868,-4820,-4840,-4867]],"type":"Polygon","properties":{"n":"Nawadih","c":351897,"d":"Giridih","s":"JHARKHAND"}},{"arcs":[[-4866,-4864,4869,4870,4871,4872,-4868]],"type":"Polygon","properties":{"n":"Pandanatad","c":351939,"d":"Giridih","s":"JHARKHAND"}},{"arcs":[[4873,4874,4875,4876,4877,-4873]],"type":"Polygon","properties":{"n":"Baramasia","c":351942,"d":"Giridih","s":"JHARKHAND"}},{"arcs":[[4878,-4822,-4814,-4817,-4821,-4869,-4878]],"type":"Polygon","properties":{"n":"Tiloboni","c":351934,"d":"Giridih","s":"JHARKHAND"}},{"arcs":[[-4877,4879,4880,4881,4882,-4823,-4879]],"type":"Polygon","properties":{"n":"Totpa","c":351878,"d":"Giridih","s":"JHARKHAND"}},{"arcs":[[4883,4884,4885,-4826,-4824,-4883]],"type":"Polygon","properties":{"n":"Fatehpur","c":351932,"d":"Giridih","s":"JHARKHAND"}},{"arcs":[[4886,4887,4888,4889,-4885]],"type":"Polygon","properties":{"n":"Bhalpahri","c":351880,"d":"Giridih","s":"JHARKHAND"}},{"arcs":[[-4884,-4882,4890,4891,-4887]],"type":"Polygon","properties":{"n":"Pindariya","c":351879,"d":"Giridih","s":"JHARKHAND"}},{"arcs":[[-4881,4892,4893,-4891]],"type":"Polygon","properties":{"n":"Nawada","c":351877,"d":"Giridih","s":"JHARKHAND"}},{"arcs":[[4894,4895,4896,4897,-4875]],"type":"Polygon","properties":{"n":"Ranitand","c":351943,"d":"Giridih","s":"JHARKHAND"}},{"arcs":[[-4874,4898,4899,4900,4901,-4895]],"type":"Polygon","properties":{"n":"Pindatand","c":351941,"d":"Giridih","s":"JHARKHAND"}},{"arcs":[[-4872,4902,4903,4904,4905,-4899]],"type":"Polygon","properties":{"n":"Amre","c":351940,"d":"Giridih","s":"JHARKHAND"}},{"arcs":[[4906,4907,4908,4909,-4903]],"type":"Polygon","properties":{"n":"Jamdiha","c":351957,"d":"Giridih","s":"JHARKHAND"}},{"arcs":[[4910,-4910]],"type":"Polygon","properties":{"n":"Karipahari","c":351956,"d":"Giridih","s":"JHARKHAND"}},{"arcs":[[-4871,4911,-4907]],"type":"Polygon","properties":{"n":"Karanpura","c":351958,"d":"Giridih","s":"JHARKHAND"}},{"arcs":[[-4870,-4863,4912,4913,-4908,-4912]],"type":"Polygon","properties":{"n":"Nawatand","c":351955,"d":"Giridih","s":"JHARKHAND"}},{"arcs":[[4914,4915,4916,4917,-4764]],"type":"Polygon","properties":{"n":"Karmai","c":351996,"d":"Giridih","s":"JHARKHAND"}},{"arcs":[[4918,4919,4920,4921,4922]],"type":"Polygon","properties":{"n":"Bariyarpur","c":351993,"d":"Giridih","s":"JHARKHAND"}},{"arcs":[[4923,4924,4925,-4919]],"type":"Polygon","properties":{"n":"Nawadih","c":351937,"d":"Giridih","s":"JHARKHAND"}},{"arcs":[[4926,-4926,4927,4928,4929]],"type":"Polygon","properties":{"n":"Darwedih","c":351990,"d":"Giridih","s":"JHARKHAND"}},{"arcs":[[-4923,4930,4931,4932,-4924]],"type":"Polygon","properties":{"n":"Behradih","c":351992,"d":"Giridih","s":"JHARKHAND"}},{"arcs":[[-4922,4933,-4761,-4777,4934,4935,-4931]],"type":"Polygon","properties":{"n":"Mahdudih","c":351984,"d":"Giridih","s":"JHARKHAND"}},{"arcs":[[-4776,-4785,4936,4937,-4935]],"type":"Polygon","properties":{"n":"Chaudhridih","c":351985,"d":"Giridih","s":"JHARKHAND"}},{"arcs":[[4938,4939,-4932,-4936,-4938]],"type":"Polygon","properties":{"n":"Phuljharia","c":351986,"d":"Giridih","s":"JHARKHAND"}},{"arcs":[[4940,4941,4942,-4928,-4925,-4933,-4940]],"type":"Polygon","properties":{"n":"Bhashpur","c":351987,"d":"Giridih","s":"JHARKHAND"}},{"arcs":[[4943,4944,-4929,-4943,4945,4946]],"type":"Polygon","properties":{"n":"Saraun","c":351988,"d":"Giridih","s":"JHARKHAND"}},{"arcs":[[4947,-4930,-4945]],"type":"Polygon","properties":{"n":"Sundarpahari","c":351989,"d":"Giridih","s":"JHARKHAND"}},{"arcs":[[-4942,4948,4949,4950,4951,-4946]],"type":"Polygon","properties":{"n":"Gajkunda","c":351907,"d":"Giridih","s":"JHARKHAND"}},{"arcs":[[-4941,4952,4953,-4949]],"type":"Polygon","properties":{"n":"Tarmunda","c":351908,"d":"Giridih","s":"JHARKHAND"}},{"arcs":[[4954,4955,-4953,-4939,-4937,-4784,-4790,4956,4957,4958]],"type":"Polygon","properties":{"n":"Rampur","c":351924,"d":"Giridih","s":"JHARKHAND"}},{"arcs":[[4959,4960,4961,4962,4963,-4950,-4954,-4956]],"type":"Polygon","properties":{"n":"Basodih","c":351909,"d":"Giridih","s":"JHARKHAND"}},{"arcs":[[-4955,4964,-4958,4965,4966,4967,4968,-4960]],"type":"Polygon","properties":{"n":"Margomunda","c":351922,"d":"Giridih","s":"JHARKHAND"}},{"arcs":[[-4959,-4965]],"type":"Polygon","properties":{"n":"Manharsingha","c":351923,"d":"Giridih","s":"JHARKHAND"}},{"arcs":[[-4794,4969,4970,-4966,-4957,-4789]],"type":"Polygon","properties":{"n":"Pathalkuchiya","c":351929,"d":"Giridih","s":"JHARKHAND"}},{"arcs":[[-4971,4971,4972,4973,-4967]],"type":"Polygon","properties":{"n":"Ghasi Raidih","c":351919,"d":"Giridih","s":"JHARKHAND"}},{"arcs":[[-4970,-4793,-4833,4974,-4972]],"type":"Polygon","properties":{"n":"Parmadih","c":351918,"d":"Giridih","s":"JHARKHAND"}},{"arcs":[[4975,4976,4977,4978,-4973,-4975]],"type":"Polygon","properties":{"n":"Joganiyatand","c":351920,"d":"Giridih","s":"JHARKHAND"}},{"arcs":[[-4979,4979,-4968,-4974]],"type":"Polygon","properties":{"n":"Motkisingha","c":351921,"d":"Giridih","s":"JHARKHAND"}},{"arcs":[[4980,4981,-4961,-4969,-4980,-4978]],"type":"Polygon","properties":{"n":"Chiksoriya","c":351915,"d":"Giridih","s":"JHARKHAND"}},{"arcs":[[-4977,4982,4983,4984,4985,-4981]],"type":"Polygon","properties":{"n":"Dukhiyadih","c":351916,"d":"Giridih","s":"JHARKHAND"}},{"arcs":[[-4976,-4832,4986,-4983]],"type":"Polygon","properties":{"n":"Dhardharwa","c":351917,"d":"Giridih","s":"JHARKHAND"}},{"arcs":[[-4831,4987,4988,4989,4990,4991,-4984,-4987]],"type":"Polygon","properties":{"n":"Paharma","c":351885,"d":"Giridih","s":"JHARKHAND"}},{"arcs":[[-4830,4992,4993,4994,4995,-4988]],"type":"Polygon","properties":{"n":"Parheta","c":351884,"d":"Giridih","s":"JHARKHAND"}},{"arcs":[[4996,4997,4998,-4989,-4996,4999,5000]],"type":"Polygon","properties":{"n":"Putariya","c":351887,"d":"Giridih","s":"JHARKHAND"}},{"arcs":[[5001,-4990,-4999]],"type":"Polygon","properties":{"n":"Guriadih","c":351886,"d":"Giridih","s":"JHARKHAND"}},{"arcs":[[5002,-4991,-5002,-4998,5003,5004]],"type":"Polygon","properties":{"n":"Jorasimar","c":351888,"d":"Giridih","s":"JHARKHAND"}},{"arcs":[[5005,5006,5007,5008,-4985,-4992,-5003]],"type":"Polygon","properties":{"n":"Sujna","c":351889,"d":"Giridih","s":"JHARKHAND"}},{"arcs":[[-5009,5009,5010,5011,5012,-4962,-4982,-4986]],"type":"Polygon","properties":{"n":"Sagarbhanga","c":351914,"d":"Giridih","s":"JHARKHAND"}},{"arcs":[[5013,5014,-4963,-5013]],"type":"Polygon","properties":{"n":"Panchantand","c":351910,"d":"Giridih","s":"JHARKHAND"}},{"arcs":[[5015,5016,5017,5018,5019,5020,-4951,-4964,-5015]],"type":"Polygon","properties":{"n":"Rasanjori","c":351911,"d":"Giridih","s":"JHARKHAND"}},{"arcs":[[5021,5022,-5019,5023]],"type":"Polygon","properties":{"n":"Andharkola","c":351904,"d":"Giridih","s":"JHARKHAND"}},{"arcs":[[5024,5025,-5024,-5018,5026,5027,5028,5029]],"type":"Polygon","properties":{"n":"Lachhudih","c":351903,"d":"Giridih","s":"JHARKHAND"}},{"arcs":[[-5017,5030,-5027]],"type":"Polygon","properties":{"n":"Koyridih","c":351778,"d":"Giridih","s":"JHARKHAND"}},{"arcs":[[-5016,-5014,-5012,5031,-5028,-5031]],"type":"Polygon","properties":{"n":"Nayakdih","c":351913,"d":"Giridih","s":"JHARKHAND"}},{"arcs":[[5032,-5025,5033]],"type":"Polygon","properties":{"n":"Barotand","c":351902,"d":"Giridih","s":"JHARKHAND"}},{"arcs":[[5034,5035,5036,5037,5038,5039,5040]],"type":"Polygon","properties":{"n":"Nawadih","c":351762,"d":"Giridih","s":"JHARKHAND"}},{"arcs":[[5041,-5029,-5032,-5011,5042,-5040]],"type":"Polygon","properties":{"n":"Bhadwakhurd","c":351896,"d":"Giridih","s":"JHARKHAND"}},{"arcs":[[-5010,-5008,5043,5044,-5041,-5043]],"type":"Polygon","properties":{"n":"Chamliti","c":351895,"d":"Giridih","s":"JHARKHAND"}},{"arcs":[[5045,5046,-5035,-5045]],"type":"Polygon","properties":{"n":"Ghosko","c":351894,"d":"Giridih","s":"JHARKHAND"}},{"arcs":[[-5044,-5007,5047,5048,5049,-5046]],"type":"Polygon","properties":{"n":"Jamjori","c":351891,"d":"Giridih","s":"JHARKHAND"}},{"arcs":[[5050,-5048,-5006,-5005,5051]],"type":"Polygon","properties":{"n":"Budhudih","c":351890,"d":"Giridih","s":"JHARKHAND"}},{"arcs":[[5052,-4827,-4886,-4890]],"type":"Polygon","properties":{"n":"Pandedih","c":351763,"d":"Giridih","s":"JHARKHAND"}},{"arcs":[[-4829,5053,5054,-4993]],"type":"Polygon","properties":{"n":"Dulhdih","c":351883,"d":"Giridih","s":"JHARKHAND"}},{"arcs":[[5055,5056,5057,5058,-4994,-5055]],"type":"Polygon","properties":{"n":"Maheshpur Alias Tiloboni","c":351874,"d":"Giridih","s":"JHARKHAND"}},{"arcs":[[-5054,-4828,-5053,-4889,5059,5060,-5056]],"type":"Polygon","properties":{"n":"Mehjori","c":351882,"d":"Giridih","s":"JHARKHAND"}},{"arcs":[[5061,5062,-5057,-5061]],"type":"Polygon","properties":{"n":"Kanhaidih","c":351875,"d":"Giridih","s":"JHARKHAND"}},{"arcs":[[5063,5064,5065,5066,5067,-5058,-5063]],"type":"Polygon","properties":{"n":"Mandro","c":351872,"d":"Giridih","s":"JHARKHAND"}},{"arcs":[[-5062,5068,5069,5070,5071,5072,-5064]],"type":"Polygon","properties":{"n":"Rakaskuto","c":351871,"d":"Giridih","s":"JHARKHAND"}},{"arcs":[[-5060,-4888,-4892,-4894,5073,5074,-5069]],"type":"Polygon","properties":{"n":"Nawaser","c":351876,"d":"Giridih","s":"JHARKHAND"}},{"arcs":[[-4893,-4880,-4876,-4898,5075,5076,-5074]],"type":"Polygon","properties":{"n":"Chaura","c":351869,"d":"Giridih","s":"JHARKHAND"}},{"arcs":[[-4897,5077,5078,5079,-5076]],"type":"Polygon","properties":{"n":"Tinpatli","c":351868,"d":"Giridih","s":"JHARKHAND"}},{"arcs":[[5080,5081,-5070,-5075,-5077,-5080]],"type":"Polygon","properties":{"n":"Dahuatanr","c":351779,"d":"Giridih","s":"JHARKHAND"}},{"arcs":[[-5079,5082,5083,5084,5085,-5081]],"type":"Polygon","properties":{"n":"Irchitta","c":351867,"d":"Giridih","s":"JHARKHAND"}},{"arcs":[[5086,-1912,5087,5088,-5086]],"type":"Polygon","properties":{"n":"Champapur","c":351863,"d":"Giridih","s":"JHARKHAND"}},{"arcs":[[-5085,5089,5090,-1918,-1913,-5087]],"type":"Polygon","properties":{"n":"Mandardih","c":351865,"d":"Giridih","s":"JHARKHAND"}},{"arcs":[[5091,-5071,-5082,-5089]],"type":"Polygon","properties":{"n":"Dokidih","c":351862,"d":"Giridih","s":"JHARKHAND"}},{"arcs":[[-5088,5092,5093,-5072,-5092]],"type":"Polygon","properties":{"n":"Babhandiha","c":351861,"d":"Giridih","s":"JHARKHAND"}},{"arcs":[[-1911,-1909,-1899,5094,5095,-5093]],"type":"Polygon","properties":{"n":"Girniya","c":351858,"d":"Giridih","s":"JHARKHAND"}},{"arcs":[[-5094,-5096,5096,5097,-5065,-5073]],"type":"Polygon","properties":{"n":"Turuktopa","c":351860,"d":"Giridih","s":"JHARKHAND"}},{"arcs":[[-5095,-1898,5098,5099,-5097]],"type":"Polygon","properties":{"n":"Parmadih","c":351859,"d":"Giridih","s":"JHARKHAND"}},{"arcs":[[5100,5101,-5066,-5098,-5100]],"type":"Polygon","properties":{"n":"Mednipur","c":351842,"d":"Giridih","s":"JHARKHAND"}},{"arcs":[[5102,5103,5104,5105,5106,-5067,-5102]],"type":"Polygon","properties":{"n":"Asahna","c":351841,"d":"Giridih","s":"JHARKHAND"}},{"arcs":[[-5101,-5099,-1897,5107,-5103]],"type":"Polygon","properties":{"n":"Dalwadih","c":351843,"d":"Giridih","s":"JHARKHAND"}},{"arcs":[[-1896,5108,5109,-5104,-5108]],"type":"Polygon","properties":{"n":"Govindadih","c":351844,"d":"Giridih","s":"JHARKHAND"}},{"arcs":[[-1895,-1852,-1848,5110,5111,5112,-5109]],"type":"Polygon","properties":{"n":"Keradabar","c":351845,"d":"Giridih","s":"JHARKHAND"}},{"arcs":[[5113,5114,5115,-5112]],"type":"Polygon","properties":{"n":"Chakbasu Singha","c":351837,"d":"Giridih","s":"JHARKHAND"}},{"arcs":[[5116,5117,5118,-5115,5119]],"type":"Polygon","properties":{"n":"Topaiya","c":351838,"d":"Giridih","s":"JHARKHAND"}},{"arcs":[[-5117,5120,5121,5122,5123,5124]],"type":"Polygon","properties":{"n":"Guhilo","c":351833,"d":"Giridih","s":"JHARKHAND"}},{"arcs":[[5125,-5124]],"type":"Polygon","properties":{"n":"Manjhiladih","c":351832,"d":"Giridih","s":"JHARKHAND"}},{"arcs":[[5126,5127,-1864,5128,-5122]],"type":"Polygon","properties":{"n":"Banjhajogiyatikur","c":351834,"d":"Giridih","s":"JHARKHAND"}},{"arcs":[[-5121,-5120,-5114,5129,5130,-5127]],"type":"Polygon","properties":{"n":"Pokhariya","c":351836,"d":"Giridih","s":"JHARKHAND"}},{"arcs":[[-5111,-1847,5131,5132,-5130]],"type":"Polygon","properties":{"n":"Meghudih","c":351846,"d":"Giridih","s":"JHARKHAND"}},{"arcs":[[5133,-1889,-1866,-1865,-5128,-5131,-5133]],"type":"Polygon","properties":{"n":"Aahardih","c":351835,"d":"Giridih","s":"JHARKHAND"}},{"arcs":[[-5132,-1851,-1890,-5134]],"type":"Polygon","properties":{"n":"Manikdiha","c":351847,"d":"Giridih","s":"JHARKHAND"}},{"arcs":[[5134,5135,5136,-1958]],"type":"Polygon","properties":{"n":"Margodih","c":351752,"d":"Giridih","s":"JHARKHAND"}},{"arcs":[[-1952,-1950,-1948,5137,5138,5139,-1956]],"type":"Polygon","properties":{"n":"Teljhari","c":351768,"d":"Giridih","s":"JHARKHAND"}},{"arcs":[[-1947,-1922,-1920,5140,5141,-5138]],"type":"Polygon","properties":{"n":"Charakmara","c":351767,"d":"Giridih","s":"JHARKHAND"}},{"arcs":[[-1919,-5091,5142,5143,5144,-5141]],"type":"Polygon","properties":{"n":"Udaypur","c":351766,"d":"Giridih","s":"JHARKHAND"}},{"arcs":[[-5084,5145,5146,-5143,-5090]],"type":"Polygon","properties":{"n":"Maheshmarwa","c":351866,"d":"Giridih","s":"JHARKHAND"}},{"arcs":[[-4896,-4902,5147,5148,5149,5150,-5078]],"type":"Polygon","properties":{"n":"Jodhpur","c":351944,"d":"Giridih","s":"JHARKHAND"}},{"arcs":[[5151,5152,-5146,-5083,-5151]],"type":"Polygon","properties":{"n":"Ambadih","c":351764,"d":"Giridih","s":"JHARKHAND"}},{"arcs":[[5153,5154,5155,5156,5157,-5144,-5147,-5153]],"type":"Polygon","properties":{"n":"Keradih","c":351765,"d":"Giridih","s":"JHARKHAND"}},{"arcs":[[5158,5159,-844]],"type":"Polygon","properties":{"n":"Hardiya","c":351950,"d":"Giridih","s":"JHARKHAND"}},{"arcs":[[5160,5161,5162,5163,-4905,5164,5165]],"type":"Polygon","properties":{"n":"Jabardaha","c":351949,"d":"Giridih","s":"JHARKHAND"}},{"arcs":[[5166,-4900,-4906,-5164]],"type":"Polygon","properties":{"n":"Alaytand","c":351948,"d":"Giridih","s":"JHARKHAND"}},{"arcs":[[-5167,-5163,5167,-4901]],"type":"Polygon","properties":{"n":"Lalbhitiya","c":351947,"d":"Giridih","s":"JHARKHAND"}},{"arcs":[[-5162,5168,-5148,-5168]],"type":"Polygon","properties":{"n":"Panchrukhi","c":351946,"d":"Giridih","s":"JHARKHAND"}},{"arcs":[[5169,5170,5171,5172,-5149,-5169]],"type":"Polygon","properties":{"n":"Phulchi","c":351945,"d":"Giridih","s":"JHARKHAND"}},{"arcs":[[-5161,5173,5174,5175,-5170]],"type":"Polygon","properties":{"n":"Pahardaha","c":351743,"d":"Giridih","s":"JHARKHAND"}},{"arcs":[[5176,5177,-5154,-5152,-5150,-5173]],"type":"Polygon","properties":{"n":"Pandedih","c":351781,"d":"Giridih","s":"JHARKHAND"}},{"arcs":[[-5178,5178,5179,-5155]],"type":"Polygon","properties":{"n":"Nawadih","c":351991,"d":"Giridih","s":"JHARKHAND"}},{"arcs":[[5180,5181,-5156,-5180]],"type":"Polygon","properties":{"n":"Chutiyadih","c":351761,"d":"Giridih","s":"JHARKHAND"}},{"arcs":[[5182,-852,-366,5183]],"type":"Polygon","properties":{"n":"Barhagadhi","c":351760,"d":"Giridih","s":"JHARKHAND"}},{"arcs":[[-5182,5184,-5184,-365,5185]],"type":"Polygon","properties":{"n":"Mahadeodih","c":351757,"d":"Giridih","s":"JHARKHAND"}},{"arcs":[[5186,-5157,-5186,-369,-370,5187,5188]],"type":"Polygon","properties":{"n":"Chengarbad","c":351756,"d":"Giridih","s":"JHARKHAND"}},{"arcs":[[5189,5190,-5139,-5142,-5145,-5158,-5187]],"type":"Polygon","properties":{"n":"Dhobana","c":351754,"d":"Giridih","s":"JHARKHAND"}},{"arcs":[[-5190,-5189,5191,5192]],"type":"Polygon","properties":{"n":"Maheshmunda","c":351755,"d":"Giridih","s":"JHARKHAND"}},{"arcs":[[5193,-5135,-1957,-5140,-5191,-5193]],"type":"Polygon","properties":{"n":"Asanboni","c":351753,"d":"Giridih","s":"JHARKHAND"}},{"arcs":[[-5192,5194,5195,5196,5197,5198,5199,-5194]],"type":"Polygon","properties":{"n":"Ratabahiyar","c":351750,"d":"Giridih","s":"JHARKHAND"}},{"arcs":[[-5195,-5188,-373,-378,-855,5200,5201]],"type":"Polygon","properties":{"n":"Jharghatta","c":351745,"d":"Giridih","s":"JHARKHAND"}},{"arcs":[[-5202,5202,5203,-5196]],"type":"Polygon","properties":{"n":"Telkhari","c":351746,"d":"Giridih","s":"JHARKHAND"}},{"arcs":[[-5203,-5201,-857,-858,-422,-916,5204,5205]],"type":"Polygon","properties":{"n":"Belatand","c":351747,"d":"Giridih","s":"JHARKHAND"}},{"arcs":[[-1787,5206,-5205,-915]],"type":"Polygon","properties":{"n":"Dhodhiya","c":351748,"d":"Giridih","s":"JHARKHAND"}},{"arcs":[[5207,-5197,-5204,-5206,-5207,-1786,-1783]],"type":"Polygon","properties":{"n":"Kachhel","c":351749,"d":"Giridih","s":"JHARKHAND"}},{"arcs":[[5208,-5198,-5208,-1782,5209,5210]],"type":"Polygon","properties":{"n":"Barkitanr","c":351785,"d":"Giridih","s":"JHARKHAND"}},{"arcs":[[-5200,5211,5212,5213,-5136]],"type":"Polygon","properties":{"n":"Tiljori","c":351751,"d":"Giridih","s":"JHARKHAND"}},{"arcs":[[5214,5215,-5137,-5214]],"type":"Polygon","properties":{"n":"Koiridih","c":351928,"d":"Giridih","s":"JHARKHAND"}},{"arcs":[[5216,5217,-1936,-1943,-1959,-5216]],"type":"Polygon","properties":{"n":"Manjhidih","c":351777,"d":"Giridih","s":"JHARKHAND"}},{"arcs":[[-5215,-5213,5218,5219,5220,-5217]],"type":"Polygon","properties":{"n":"Dahuatand","c":351870,"d":"Giridih","s":"JHARKHAND"}},{"arcs":[[-5212,-5199,-5209,5221,5222,-5219]],"type":"Polygon","properties":{"n":"Giridih","c":351780,"d":"Giridih","s":"JHARKHAND"}},{"arcs":[[5223,-5223,5224,5225]],"type":"Polygon","properties":{"n":"Pandeydih","c":351881,"d":"Giridih","s":"JHARKHAND"}},{"arcs":[[-5222,-5211,5226,5227,-5225]],"type":"Polygon","properties":{"n":"Dharampur","c":351824,"d":"Giridih","s":"JHARKHAND"}},{"arcs":[[-1145,5228,5229,-5227,-5210,-1785,-1126,-1131,-1136,-1139,-1149,-1140]],"type":"Polygon","properties":{"n":"Bandhabad","c":351782,"d":"Giridih","s":"JHARKHAND"}},{"arcs":[[5230,5231,-5226,-5228,-5230]],"type":"Polygon","properties":{"n":"Bandhabad","c":351782,"d":"Giridih","s":"JHARKHAND"}},{"arcs":[[5232,-5231,-5229,-1144,-1731]],"type":"Polygon","properties":{"n":"Lohari","c":351775,"d":"Giridih","s":"JHARKHAND"}},{"arcs":[[5233,-5220,-5224,-5232,-5233,-1730]],"type":"Polygon","properties":{"n":"Maheshmunda","c":351786,"d":"Giridih","s":"JHARKHAND"}},{"arcs":[[5234,5235,5236,-1937,-5218,-5221,-5234,-1729]],"type":"Polygon","properties":{"n":"Kusumbha","c":351787,"d":"Giridih","s":"JHARKHAND"}},{"arcs":[[5237,5238,-5235,-1728,5239]],"type":"Polygon","properties":{"n":"Kenduatand","c":351788,"d":"Giridih","s":"JHARKHAND"}},{"arcs":[[5240,-5240,-1727,-1725]],"type":"Polygon","properties":{"n":"Naitand","c":351789,"d":"Giridih","s":"JHARKHAND"}},{"arcs":[[5241,5242,5243,-5236,-5239]],"type":"Polygon","properties":{"n":"Irkiya","c":351818,"d":"Giridih","s":"JHARKHAND"}},{"arcs":[[5244,5245,-1931,-1934,-1938,-5237,-5244]],"type":"Polygon","properties":{"n":"Chapra","c":351819,"d":"Giridih","s":"JHARKHAND"}},{"arcs":[[5246,5247,-1887,-1894,-1927,-5246]],"type":"Polygon","properties":{"n":"Medho","c":351807,"d":"Giridih","s":"JHARKHAND"}},{"arcs":[[-5245,-5243,5248,5249,5250,5251,5252,5253,-5247]],"type":"Polygon","properties":{"n":"Barmasiya","c":351817,"d":"Giridih","s":"JHARKHAND"}},{"arcs":[[5254,5255,-1880,-1888,-5248,-5254]],"type":"Polygon","properties":{"n":"Pandnatand","c":351808,"d":"Giridih","s":"JHARKHAND"}},{"arcs":[[-5253,5256,5257,-5255]],"type":"Polygon","properties":{"n":"Gadisirsiya","c":351809,"d":"Giridih","s":"JHARKHAND"}},{"arcs":[[5258,5259,5260,5261,5262,-1881,-5256,-5258]],"type":"Polygon","properties":{"n":"Charghara","c":351810,"d":"Giridih","s":"JHARKHAND"}},{"arcs":[[-5257,-5252,5263,5264,-5259]],"type":"Polygon","properties":{"n":"Goradih","c":351812,"d":"Giridih","s":"JHARKHAND"}},{"arcs":[[5265,5266,-5260,-5265]],"type":"Polygon","properties":{"n":"Pipratol","c":351811,"d":"Giridih","s":"JHARKHAND"}},{"arcs":[[-5264,-5251,5267,-5266]],"type":"Polygon","properties":{"n":"Kusaiya","c":351813,"d":"Giridih","s":"JHARKHAND"}},{"arcs":[[5268,5269,5270,5271,5272,-5262]],"type":"Polygon","properties":{"n":"Karodih","c":351795,"d":"Giridih","s":"JHARKHAND"}},{"arcs":[[5273,5274,5275,5276,-5271]],"type":"Polygon","properties":{"n":"Pratappur","c":351794,"d":"Giridih","s":"JHARKHAND"}},{"arcs":[[5277,5278,-5276,5279,-1682,5280]],"type":"Polygon","properties":{"n":"Mochiyadih","c":351792,"d":"Giridih","s":"JHARKHAND"}},{"arcs":[[5281,5282,-5272,-5277,-5279]],"type":"Polygon","properties":{"n":"Pahridih","c":351793,"d":"Giridih","s":"JHARKHAND"}},{"arcs":[[5283,5284,-1882,-5263,-5273,-5283]],"type":"Polygon","properties":{"n":"Bhandarkunda","c":351796,"d":"Giridih","s":"JHARKHAND"}},{"arcs":[[-4921,5285,5286,-4762,-4934]],"type":"Polygon","properties":{"n":"Naukisalaiya","c":351994,"d":"Giridih","s":"JHARKHAND"}},{"arcs":[[5287,5288,-4915,-4763,-5287]],"type":"Polygon","properties":{"n":"Purnisalaiya","c":351995,"d":"Giridih","s":"JHARKHAND"}},{"arcs":[[5289,5290,-4916,-5289]],"type":"Polygon","properties":{"n":"Baghadih","c":351997,"d":"Giridih","s":"JHARKHAND"}},{"arcs":[[-5291,5291,5292,-4917]],"type":"Polygon","properties":{"n":"Bamandiha","c":351998,"d":"Giridih","s":"JHARKHAND"}},{"arcs":[[-5293,5293,5294,-4750,-4765,-4918]],"type":"Polygon","properties":{"n":"Bankikhurd","c":351999,"d":"Giridih","s":"JHARKHAND"}},{"arcs":[[-5295,5295,-4737,-4743,-4746,-4751]],"type":"Polygon","properties":{"n":"Manakdiha (Bani Khurd)","c":352000,"d":"Giridih","s":"JHARKHAND"}},{"arcs":[[-4733,-4732,5296,5297,5298,-4718]],"type":"Polygon","properties":{"n":"Badgunda","c":352015,"d":"Giridih","s":"JHARKHAND"}},{"arcs":[[5299,5300,-5298]],"type":"Polygon","properties":{"n":"Jahanabad","c":352014,"d":"Giridih","s":"JHARKHAND"}},{"arcs":[[-5299,-5301,5301,5302,-4847,-4719]],"type":"Polygon","properties":{"n":"Kundalwadah","c":352013,"d":"Giridih","s":"JHARKHAND"}},{"arcs":[[5303,5304,5305,5306,-4860,-4854]],"type":"Polygon","properties":{"n":"Buchadah","c":351964,"d":"Giridih","s":"JHARKHAND"}},{"arcs":[[-4861,-5307,5307,5308,-4858]],"type":"Polygon","properties":{"n":"Bhalpahri","c":351963,"d":"Giridih","s":"JHARKHAND"}},{"arcs":[[-4862,-5309,5309,5310,5311,-4913]],"type":"Polygon","properties":{"n":"Butbariya","c":351954,"d":"Giridih","s":"JHARKHAND"}},{"arcs":[[-5311,5312,-254,-258,-841,5313,5314]],"type":"Polygon","properties":{"n":"Palkia","c":351953,"d":"Giridih","s":"JHARKHAND"}},{"arcs":[[-5314,-840,5315]],"type":"Polygon","properties":{"n":"Charakpathala","c":351952,"d":"Giridih","s":"JHARKHAND"}},{"arcs":[[-5165,-4904,-4911,-4909,-4914,-5312,-5315,-5316,-839,-845,-5160,5316]],"type":"Polygon","properties":{"n":"Pandari","c":351951,"d":"Giridih","s":"JHARKHAND"}},{"arcs":[[-5174,-5166,-5317,-5159,-843,5317]],"type":"Polygon","properties":{"n":"Barkitanr","c":351785,"d":"Giridih","s":"JHARKHAND"}},{"arcs":[[-5175,-5318,-842,-847,-851,5318]],"type":"Polygon","properties":{"n":"Chitarpur","c":351744,"d":"Giridih","s":"JHARKHAND"}},{"arcs":[[-5171,-5176,-5319,-850,-854,5319]],"type":"Polygon","properties":{"n":"Shankardih","c":351758,"d":"Giridih","s":"JHARKHAND"}},{"arcs":[[-5179,-5177,-5172,-5320,-853,-5183,-5185,-5181]],"type":"Polygon","properties":{"n":"Merkhogundi","c":351759,"d":"Giridih","s":"JHARKHAND"}},{"arcs":[[5320,-5249,-5242,-5238,-5241,-1724,-1789]],"type":"Polygon","properties":{"n":"Sijua","c":351816,"d":"Giridih","s":"JHARKHAND"}},{"arcs":[[-1795,5321,-5250,-5321,-1788,-1792]],"type":"Polygon","properties":{"n":"Pandnatanr","c":351815,"d":"Giridih","s":"JHARKHAND"}},{"arcs":[[-5269,-5261,-5267,-5268,-5322,-1794,5322]],"type":"Polygon","properties":{"n":"Gondalitand","c":351814,"d":"Giridih","s":"JHARKHAND"}},{"arcs":[[5323,-5274,-5270,-5323,-1796,-1799,-1801]],"type":"Polygon","properties":{"n":"Govindpur","c":351790,"d":"Giridih","s":"JHARKHAND"}},{"arcs":[[-5280,-5275,-5324,-1800,-1683]],"type":"Polygon","properties":{"n":"Phuljori","c":351791,"d":"Giridih","s":"JHARKHAND"}},{"arcs":[[5324,5325,-5284,-5282,-5278]],"type":"Polygon","properties":{"n":"Sonajori","c":351797,"d":"Giridih","s":"JHARKHAND"}},{"arcs":[[5326,5327,-1876,-1883,-5285,-5326,5328]],"type":"Polygon","properties":{"n":"Ledo","c":351798,"d":"Giridih","s":"JHARKHAND"}},{"arcs":[[5329,5330,-5327]],"type":"Polygon","properties":{"n":"Ghatkul","c":351799,"d":"Giridih","s":"JHARKHAND"}},{"arcs":[[-5331,5331,5332,-1877,-5328]],"type":"Polygon","properties":{"n":"Baksigarjasaran","c":351800,"d":"Giridih","s":"JHARKHAND"}},{"arcs":[[5333,5334,-1860,-1870,-1874,-1878,-5333]],"type":"Polygon","properties":{"n":"Mednisare","c":351801,"d":"Giridih","s":"JHARKHAND"}},{"arcs":[[5335,-1861,-5335,5336]],"type":"Polygon","properties":{"n":"Bhemal","c":351829,"d":"Giridih","s":"JHARKHAND"}},{"arcs":[[5337,-1862,-5336,5338]],"type":"Polygon","properties":{"n":"Dumardiha","c":351830,"d":"Giridih","s":"JHARKHAND"}},{"arcs":[[5339,5340,-5118,-5125,-5126,-5123,-5129,-1863,-5338]],"type":"Polygon","properties":{"n":"Khorimahua","c":351831,"d":"Giridih","s":"JHARKHAND"}},{"arcs":[[5341,5342,-5105,-5110,-5113,-5116,-5119,-5341]],"type":"Polygon","properties":{"n":"Karribank","c":351839,"d":"Giridih","s":"JHARKHAND"}},{"arcs":[[5343,5344,-5106,-5343]],"type":"Polygon","properties":{"n":"Chirudih","c":351840,"d":"Giridih","s":"JHARKHAND"}},{"arcs":[[5345,-5001,-5000,-4995,-5059,-5068,-5107,-5345,5346]],"type":"Polygon","properties":{"n":"Bhalua","c":351873,"d":"Giridih","s":"JHARKHAND"}},{"arcs":[[5347,-5049,-5051,5348]],"type":"Polygon","properties":{"n":"Asnasingha","c":351892,"d":"Giridih","s":"JHARKHAND"}},{"arcs":[[5349,-5036,-5047,-5050,-5348,5350]],"type":"Polygon","properties":{"n":"Pandaniya","c":351893,"d":"Giridih","s":"JHARKHAND"}},{"arcs":[[5351,-5037,-5350,5352]],"type":"Polygon","properties":{"n":"Bhatupur","c":351898,"d":"Giridih","s":"JHARKHAND"}},{"arcs":[[5353,5354,5355,-5038,-5352]],"type":"Polygon","properties":{"n":"Pandaria","c":351899,"d":"Giridih","s":"JHARKHAND"}},{"arcs":[[5356,5357,-5355]],"type":"Polygon","properties":{"n":"Kolhasingha","c":351900,"d":"Giridih","s":"JHARKHAND"}},{"arcs":[[-5358,5358,-5034,-5030,-5042,-5039,-5356]],"type":"Polygon","properties":{"n":"Bhadwakala","c":351901,"d":"Giridih","s":"JHARKHAND"}},{"arcs":[[5359,5360,-5020,-5023]],"type":"Polygon","properties":{"n":"Piprasingha","c":351905,"d":"Giridih","s":"JHARKHAND"}},{"arcs":[[5361,-4947,-4952,-5021,-5361]],"type":"Polygon","properties":{"n":"Koldiha","c":351906,"d":"Giridih","s":"JHARKHAND"}},{"arcs":[[-4848,-5303,5362,5363,-5304,-4853,-4849,-4845]],"type":"Polygon","properties":{"n":"Taratand","c":351966,"d":"Giridih","s":"JHARKHAND"}},{"arcs":[[5364,-5305,-5364]],"type":"Polygon","properties":{"n":"Sonbad","c":351965,"d":"Giridih","s":"JHARKHAND"}},{"arcs":[[5365,-4144,-4146,-3833,-3839,5366,5367,5368,5369]],"type":"Polygon","properties":{"n":"Jamdar","c":350216,"d":"Giridih","s":"JHARKHAND"}},{"arcs":[[5370,5371,5372,-5369,5373,5374,5375]],"type":"Polygon","properties":{"n":"Darho","c":350218,"d":"Giridih","s":"JHARKHAND"}},{"arcs":[[-5368,5376,5377,-5374]],"type":"Polygon","properties":{"n":"Jamua","c":350217,"d":"Giridih","s":"JHARKHAND"}},{"arcs":[[-5375,-5378,5378,5379,5380,5381]],"type":"Polygon","properties":{"n":"Amjhar","c":350237,"d":"Giridih","s":"JHARKHAND"}},{"arcs":[[-5380,5382,5383,5384]],"type":"Polygon","properties":{"n":"Karipahari","c":350238,"d":"Giridih","s":"JHARKHAND"}},{"arcs":[[5385,5386,5387,-5381,-5385]],"type":"Polygon","properties":{"n":"Lauria","c":350236,"d":"Giridih","s":"JHARKHAND"}},{"arcs":[[5388,5389,5390,5391,5392,-5382,-5388]],"type":"Polygon","properties":{"n":"Katjhari","c":350235,"d":"Giridih","s":"JHARKHAND"}},{"arcs":[[-5387,5393,5394,5395,5396,-5389]],"type":"Polygon","properties":{"n":"Tarapur","c":350240,"d":"Giridih","s":"JHARKHAND"}},{"arcs":[[5397,5398,5399,5400,5401,5402,5403,5404,5405,5406,5407]],"type":"Polygon","properties":{"n":"Sankh","c":350221,"d":"Giridih","s":"JHARKHAND"}},{"arcs":[[5408,5409,5410,5411,5412,5413,5414,-5408]],"type":"Polygon","properties":{"n":"Bendro","c":350222,"d":"Giridih","s":"JHARKHAND"}},{"arcs":[[-5407,5415,5416,5417,5418,-5409]],"type":"Polygon","properties":{"n":"Kusumai","c":350233,"d":"Giridih","s":"JHARKHAND"}},{"arcs":[[5419,5420,-5392,5421,5422,5423,5424,5425,5426,5427,5428,5429,-5417]],"type":"Polygon","properties":{"n":"Dharbe","c":350234,"d":"Giridih","s":"JHARKHAND"}},{"arcs":[[5430,5431,5432,-5395,5433]],"type":"Polygon","properties":{"n":"Tarai","c":350242,"d":"Giridih","s":"JHARKHAND"}},{"arcs":[[5434,5435,5436,-5396,-5433]],"type":"Polygon","properties":{"n":"Domni","c":350241,"d":"Giridih","s":"JHARKHAND"}},{"arcs":[[5437,5438,5439,5440,5441,-5390,-5397,-5437]],"type":"Polygon","properties":{"n":"Khaonahar","c":350251,"d":"Giridih","s":"JHARKHAND"}},{"arcs":[[5442,5443,5444,5445,-5422,-5391,-5442]],"type":"Polygon","properties":{"n":"Bhikhi","c":350252,"d":"Giridih","s":"JHARKHAND"}},{"arcs":[[5446,-5424,5447]],"type":"Polygon","properties":{"n":"Khudwatari","c":350253,"d":"Giridih","s":"JHARKHAND"}},{"arcs":[[5448,-5425,-5447]],"type":"Polygon","properties":{"n":"Kumhiatari","c":350254,"d":"Giridih","s":"JHARKHAND"}},{"arcs":[[5449,5450,-5427]],"type":"Polygon","properties":{"n":"Parsauni","c":350256,"d":"Giridih","s":"JHARKHAND"}},{"arcs":[[-5426,-5449,-5448,-5423,-5446,5451,-5450]],"type":"Polygon","properties":{"n":"Konarbank","c":350255,"d":"Giridih","s":"JHARKHAND"}},{"arcs":[[5452,5453,5454,-5429]],"type":"Polygon","properties":{"n":"Jhaba","c":350230,"d":"Giridih","s":"JHARKHAND"}},{"arcs":[[-5453,-5428,-5451,-5452,-5445,5455,5456]],"type":"Polygon","properties":{"n":"Jagtara","c":350257,"d":"Giridih","s":"JHARKHAND"}},{"arcs":[[5457,5458,5459,-5454,-5457]],"type":"Polygon","properties":{"n":"Khandaut","c":350229,"d":"Giridih","s":"JHARKHAND"}},{"arcs":[[-5460,5460,-5418,-5430,-5455]],"type":"Polygon","properties":{"n":"Nawadih","c":350231,"d":"Giridih","s":"JHARKHAND"}},{"arcs":[[-5419,5461,5462,-5410]],"type":"Polygon","properties":{"n":"Karmatanr","c":350232,"d":"Giridih","s":"JHARKHAND"}},{"arcs":[[-5456,-5444,5463,5464,5465,5466,-5458]],"type":"Polygon","properties":{"n":"Padaria","c":350258,"d":"Giridih","s":"JHARKHAND"}},{"arcs":[[5467,5468,5469,5470,5471,-5465]],"type":"Polygon","properties":{"n":"Aragaro","c":350260,"d":"Giridih","s":"JHARKHAND"}},{"arcs":[[-5472,5472,5473,-5466]],"type":"Polygon","properties":{"n":"Khakhaswakoni","c":350228,"d":"Giridih","s":"JHARKHAND"}},{"arcs":[[-5470,5474,5475]],"type":"Polygon","properties":{"n":"Khirodih","c":350261,"d":"Giridih","s":"JHARKHAND"}},{"arcs":[[-5475,-5469,5476,5477,5478]],"type":"Polygon","properties":{"n":"Maharko","c":350262,"d":"Giridih","s":"JHARKHAND"}},{"arcs":[[-5477,-5468,-5464,-5443,-5441,5479,5480,5481,5482]],"type":"Polygon","properties":{"n":"Dahsarauni","c":350280,"d":"Giridih","s":"JHARKHAND"}},{"arcs":[[5483,5484,5485,5486,5487,5488,-5481]],"type":"Polygon","properties":{"n":"Bishunitikar","c":350282,"d":"Giridih","s":"JHARKHAND"}},{"arcs":[[-5480,-5440,5489,-5484]],"type":"Polygon","properties":{"n":"Nawadih","c":350281,"d":"Giridih","s":"JHARKHAND"}},{"arcs":[[-5490,-5439,5490,5491,5492,-5485]],"type":"Polygon","properties":{"n":"Belakhunta","c":350283,"d":"Giridih","s":"JHARKHAND"}},{"arcs":[[-5493,5493,5494,5495,5496,-5486]],"type":"Polygon","properties":{"n":"Kamta","c":350285,"d":"Giridih","s":"JHARKHAND"}},{"arcs":[[-5487,-5497,5497]],"type":"Polygon","properties":{"n":"Ghormando","c":350286,"d":"Giridih","s":"JHARKHAND"}},{"arcs":[[-5496,5498,5499,5500,-5488,-5498]],"type":"Polygon","properties":{"n":"Mahrakola","c":350287,"d":"Giridih","s":"JHARKHAND"}},{"arcs":[[5501,5502,-5482,-5489,-5501]],"type":"Polygon","properties":{"n":"Palmo","c":350288,"d":"Giridih","s":"JHARKHAND"}},{"arcs":[[5503,5504,5505,-5491,-5438,-5436]],"type":"Polygon","properties":{"n":"Dhodhraha","c":350250,"d":"Giridih","s":"JHARKHAND"}},{"arcs":[[-5435,-5432,5506,5507,5508,5509,5510,5511,5512,-5504]],"type":"Polygon","properties":{"n":"Gorianchun","c":350244,"d":"Giridih","s":"JHARKHAND"}},{"arcs":[[5513,-5509]],"type":"Polygon","properties":{"n":"Harlaghati","c":350245,"d":"Giridih","s":"JHARKHAND"}},{"arcs":[[5514,5515,5516,-5512]],"type":"Polygon","properties":{"n":"Charki","c":350247,"d":"Giridih","s":"JHARKHAND"}},{"arcs":[[-5517,5517,-5505,-5513]],"type":"Polygon","properties":{"n":"Baghleria","c":350248,"d":"Giridih","s":"JHARKHAND"}},{"arcs":[[-5518,-5516,5518,5519,-5506]],"type":"Polygon","properties":{"n":"Baghyant","c":350249,"d":"Giridih","s":"JHARKHAND"}},{"arcs":[[5520,5521,-5494,-5492,-5520]],"type":"Polygon","properties":{"n":"Nimadih","c":350284,"d":"Giridih","s":"JHARKHAND"}},{"arcs":[[-5519,-5515,-5511,5522,5523,-5521]],"type":"Polygon","properties":{"n":"Naguan","c":350246,"d":"Giridih","s":"JHARKHAND"}},{"arcs":[[5524,5525,5526,-5499,-5495,-5522,-5524,5527,5528,5529,5530,5531,5532]],"type":"Polygon","properties":{"n":"Manimahodar","c":350356,"d":"Giridih","s":"JHARKHAND"}},{"arcs":[[5533,5534,5535,5536,5537,5538,-5502,-5500,-5527]],"type":"Polygon","properties":{"n":"Barme","c":350289,"d":"Giridih","s":"JHARKHAND"}},{"arcs":[[5539,5540,5541,5542,5543,5544,5545,5546,5547,5548,5549,-5478,-5483,-5503,-5539]],"type":"Polygon","properties":{"n":"Malda","c":350279,"d":"Giridih","s":"JHARKHAND"}},{"arcs":[[5550,-5541]],"type":"Polygon","properties":{"n":"Pandedih","c":350277,"d":"Giridih","s":"JHARKHAND"}},{"arcs":[[-5540,-5538,5551,-5542,-5551]],"type":"Polygon","properties":{"n":"Pathar","c":350278,"d":"Giridih","s":"JHARKHAND"}},{"arcs":[[5552,5553,5554,5555,5556,-5543]],"type":"Polygon","properties":{"n":"Darbedih","c":350276,"d":"Giridih","s":"JHARKHAND"}},{"arcs":[[-5556,5557,5558]],"type":"Polygon","properties":{"n":"Maheshpur","c":350275,"d":"Giridih","s":"JHARKHAND"}},{"arcs":[[5559,5560,5561,5562,-5544,-5557,-5559]],"type":"Polygon","properties":{"n":"Koni","c":350274,"d":"Giridih","s":"JHARKHAND"}},{"arcs":[[5563,5564,-5545,-5563]],"type":"Polygon","properties":{"n":"Sitochak","c":350273,"d":"Giridih","s":"JHARKHAND"}},{"arcs":[[5565,5566,5567,5568,5569,5570,-5546,-5565]],"type":"Polygon","properties":{"n":"Nagwan","c":350272,"d":"Giridih","s":"JHARKHAND"}},{"arcs":[[5571,-5547,-5571]],"type":"Polygon","properties":{"n":"Lachhmipur","c":350265,"d":"Giridih","s":"JHARKHAND"}},{"arcs":[[-5570,5572,5573,5574,-5548,-5572]],"type":"Polygon","properties":{"n":"Beyonk","c":350266,"d":"Giridih","s":"JHARKHAND"}},{"arcs":[[5575,5576,-5549,-5575]],"type":"Polygon","properties":{"n":"Loharpura","c":350264,"d":"Giridih","s":"JHARKHAND"}},{"arcs":[[5577,-5479,-5550,-5577]],"type":"Polygon","properties":{"n":"Gounrha","c":350263,"d":"Giridih","s":"JHARKHAND"}},{"arcs":[[-5576,-5574,5578,5579,5580,5581,5582,-5473,-5471,-5476,-5578]],"type":"Polygon","properties":{"n":"Badidih","c":350268,"d":"Giridih","s":"JHARKHAND"}},{"arcs":[[5583,-5581]],"type":"Polygon","properties":{"n":"Bhelwa","c":350269,"d":"Giridih","s":"JHARKHAND"}},{"arcs":[[-5573,-5569,5584,-5579]],"type":"Polygon","properties":{"n":"Kaneriabad","c":350267,"d":"Giridih","s":"JHARKHAND"}},{"arcs":[[5585,5586,5587,-5567]],"type":"Polygon","properties":{"n":"Tikuli","c":350271,"d":"Giridih","s":"JHARKHAND"}},{"arcs":[[-5568,-5588,5588,5589,5590,5591,5592,-5582,-5584,-5580,-5585]],"type":"Polygon","properties":{"n":"Patna","c":350270,"d":"Giridih","s":"JHARKHAND"}},{"arcs":[[-5583,-5593,5593,-5459,-5467,-5474]],"type":"Polygon","properties":{"n":"Jogiyamaran","c":350259,"d":"Giridih","s":"JHARKHAND"}},{"arcs":[[-5592,5594,5595,-5462,-5461,-5594]],"type":"Polygon","properties":{"n":"Bagdedih","c":350227,"d":"Giridih","s":"JHARKHAND"}},{"arcs":[[-5591,5596,-5595]],"type":"Polygon","properties":{"n":"Purnadabar","c":350226,"d":"Giridih","s":"JHARKHAND"}},{"arcs":[[-5590,5597,5598,5599,5600,-5411,-5463,-5596,-5597]],"type":"Polygon","properties":{"n":"Dabar","c":350225,"d":"Giridih","s":"JHARKHAND"}},{"arcs":[[5601,-5600]],"type":"Polygon","properties":{"n":"Koar","c":350224,"d":"Giridih","s":"JHARKHAND"}},{"arcs":[[-5599,5602,5603,5604,-5412,-5601,-5602]],"type":"Polygon","properties":{"n":"Semrapatal","c":350223,"d":"Giridih","s":"JHARKHAND"}},{"arcs":[[5605,5606,5607,5608,-5604]],"type":"Polygon","properties":{"n":"Seruwa","c":350211,"d":"Giridih","s":"JHARKHAND"}},{"arcs":[[5609,5610,-5413,-5605,-5609]],"type":"Polygon","properties":{"n":"Kurchi","c":350212,"d":"Giridih","s":"JHARKHAND"}},{"arcs":[[5611,5612,5613,5614,-5607]],"type":"Polygon","properties":{"n":"Donosot","c":350210,"d":"Giridih","s":"JHARKHAND"}},{"arcs":[[5615,-5613]],"type":"Polygon","properties":{"n":"Khotmanay","c":350209,"d":"Giridih","s":"JHARKHAND"}},{"arcs":[[5616,5617,5618,5619]],"type":"Polygon","properties":{"n":"Sandha","c":350206,"d":"Giridih","s":"JHARKHAND"}},{"arcs":[[5620,5621]],"type":"Polygon","properties":{"n":"Harla","c":350207,"d":"Giridih","s":"JHARKHAND"}},{"arcs":[[5622,5623,5624,-5620]],"type":"Polygon","properties":{"n":"Amtaro","c":350204,"d":"Giridih","s":"JHARKHAND"}},{"arcs":[[5625,5626,5627,-5621,-5617,-5625]],"type":"Polygon","properties":{"n":"Ghosi","c":350203,"d":"Giridih","s":"JHARKHAND"}},{"arcs":[[-5619,5628,-5586,-5566,-5564,-5562,5629,5630,5631,-5623]],"type":"Polygon","properties":{"n":"Kumhaina","c":350205,"d":"Giridih","s":"JHARKHAND"}},{"arcs":[[-5632,5632,5633,-5624]],"type":"Polygon","properties":{"n":"Malhet","c":350318,"d":"Giridih","s":"JHARKHAND"}},{"arcs":[[-5631,5634,5635,5636,-5633]],"type":"Polygon","properties":{"n":"Kanhaiyamaran","c":350317,"d":"Giridih","s":"JHARKHAND"}},{"arcs":[[-5635,-5630,-5561,5637,5638]],"type":"Polygon","properties":{"n":"Kakmari","c":350316,"d":"Giridih","s":"JHARKHAND"}},{"arcs":[[-5560,-5558,-5555,5639,5640,5641,5642,5643,5644,-5638]],"type":"Polygon","properties":{"n":"Siri","c":350315,"d":"Giridih","s":"JHARKHAND"}},{"arcs":[[5645,-5643]],"type":"Polygon","properties":{"n":"Harotari","c":350314,"d":"Giridih","s":"JHARKHAND"}},{"arcs":[[-5642,5646,5647,5648,-5644,-5646]],"type":"Polygon","properties":{"n":"Nawadih","c":350313,"d":"Giridih","s":"JHARKHAND"}},{"arcs":[[5649,5650,5651,5652,5653,-5648]],"type":"Polygon","properties":{"n":"Tarabirne","c":350312,"d":"Giridih","s":"JHARKHAND"}},{"arcs":[[-5647,-5641,5654,-5650]],"type":"Polygon","properties":{"n":"Tarabirne","c":350312,"d":"Giridih","s":"JHARKHAND"}},{"arcs":[[5655,5656,5657,-5653]],"type":"Polygon","properties":{"n":"Pathaldiha","c":350310,"d":"Giridih","s":"JHARKHAND"}},{"arcs":[[5658,5659,5660,5661,5662,-5657]],"type":"Polygon","properties":{"n":"Pachchiyaridih","c":350309,"d":"Giridih","s":"JHARKHAND"}},{"arcs":[[5663,5664,5665,5666,5667,-5660]],"type":"Polygon","properties":{"n":"Dehar","c":350308,"d":"Giridih","s":"JHARKHAND"}},{"arcs":[[-5659,-5656,-5652,5668,-5664]],"type":"Polygon","properties":{"n":"Baraitand","c":350311,"d":"Giridih","s":"JHARKHAND"}},{"arcs":[[-5651,-5655,-5640,-5554,5669,5670,5671,5672,-5665,-5669]],"type":"Polygon","properties":{"n":"Bhuwalmaran","c":350307,"d":"Giridih","s":"JHARKHAND"}},{"arcs":[[-5553,-5552,-5537,5673,-5670]],"type":"Polygon","properties":{"n":"Gaddar","c":350306,"d":"Giridih","s":"JHARKHAND"}},{"arcs":[[-5536,5674,5675,-5671,-5674]],"type":"Polygon","properties":{"n":"Godheya","c":350305,"d":"Giridih","s":"JHARKHAND"}},{"arcs":[[-5535,5676,5677,-5675]],"type":"Polygon","properties":{"n":"Bhojraidih","c":350304,"d":"Giridih","s":"JHARKHAND"}},{"arcs":[[-5678,5678,-5672,-5676]],"type":"Polygon","properties":{"n":"Dhanepur","c":350303,"d":"Giridih","s":"JHARKHAND"}},{"arcs":[[-5679,5679,5680]],"type":"Polygon","properties":{"n":"Jharadhab","c":350302,"d":"Giridih","s":"JHARKHAND"}},{"arcs":[[5681,5682,5683,-5666,-5673,-5681]],"type":"Polygon","properties":{"n":"Nimadih","c":350301,"d":"Giridih","s":"JHARKHAND"}},{"arcs":[[-5680,-5677,-5534,-5526,5684,5685,-5682]],"type":"Polygon","properties":{"n":"Kishunpur","c":350290,"d":"Giridih","s":"JHARKHAND"}},{"arcs":[[5686,5687,-5686]],"type":"Polygon","properties":{"n":"Sarlahitand","c":350291,"d":"Giridih","s":"JHARKHAND"}},{"arcs":[[-5685,-5525,5688,-5687]],"type":"Polygon","properties":{"n":"Dongaria","c":350292,"d":"Giridih","s":"JHARKHAND"}},{"arcs":[[-5533,5689,5690,5691,5692,-5688,-5689]],"type":"Polygon","properties":{"n":"Mahatpur","c":350293,"d":"Giridih","s":"JHARKHAND"}},{"arcs":[[5693,5694,5695,5696,-5690,-5532]],"type":"Polygon","properties":{"n":"Kheshnaro","c":350294,"d":"Giridih","s":"JHARKHAND"}},{"arcs":[[-5531,5697,-5694]],"type":"Polygon","properties":{"n":"Nimadih","c":350295,"d":"Giridih","s":"JHARKHAND"}},{"arcs":[[-5530,5698,5699,-5695,-5698]],"type":"Polygon","properties":{"n":"Dhanasoti","c":350296,"d":"Giridih","s":"JHARKHAND"}},{"arcs":[[-5700,5700,5701,-5696]],"type":"Polygon","properties":{"n":"Gargi","c":350297,"d":"Giridih","s":"JHARKHAND"}},{"arcs":[[5702,5703,5704,-5691,-5697,-5702]],"type":"Polygon","properties":{"n":"Upraili Kahuwai","c":350298,"d":"Giridih","s":"JHARKHAND"}},{"arcs":[[5705,5706,-5692,-5705]],"type":"Polygon","properties":{"n":"Hethlikahuwai","c":350299,"d":"Giridih","s":"JHARKHAND"}},{"arcs":[[5707,-5683,-5693,-5707]],"type":"Polygon","properties":{"n":"Hariharpur","c":350300,"d":"Giridih","s":"JHARKHAND"}},{"arcs":[[-5667,-5684,-5708,-5706,-5704,5708,5709,5710,5711]],"type":"Polygon","properties":{"n":"Kharsan","c":350351,"d":"Giridih","s":"JHARKHAND"}},{"arcs":[[-5710,5712,5713,5714,5715]],"type":"Polygon","properties":{"n":"Kohbarwa","c":350352,"d":"Giridih","s":"JHARKHAND"}},{"arcs":[[5716,5717,-5715]],"type":"Polygon","properties":{"n":"Sarayadah","c":350353,"d":"Giridih","s":"JHARKHAND"}},{"arcs":[[-5714,5718,5719,-5717]],"type":"Polygon","properties":{"n":"Jagdishpur","c":350354,"d":"Giridih","s":"JHARKHAND"}},{"arcs":[[-5709,-5703,-5701,-5699,-5529,5720,-5719,-5713]],"type":"Polygon","properties":{"n":"Pihra-Ansh","c":350355,"d":"Giridih","s":"JHARKHAND"}},{"arcs":[[-5399,5721,5722,5723]],"type":"Polygon","properties":{"n":"Lakhikura","c":350215,"d":"Giridih","s":"JHARKHAND"}},{"arcs":[[-5398,-5415,5724,-5722]],"type":"Polygon","properties":{"n":"Harni","c":350214,"d":"Giridih","s":"JHARKHAND"}},{"arcs":[[-5414,-5611,5725,-5725]],"type":"Polygon","properties":{"n":"Jhajha","c":350213,"d":"Giridih","s":"JHARKHAND"}},{"arcs":[[5726,5727,5728,5729,5730,-5723,-5726,-5610,-5608,-5615,5731]],"type":"Polygon","properties":{"n":"Cherwa","c":350197,"d":"Giridih","s":"JHARKHAND"}},{"arcs":[[5732,5733,-5729,5734,5735,5736]],"type":"Polygon","properties":{"n":"Paharpur","c":350200,"d":"Giridih","s":"JHARKHAND"}},{"arcs":[[-5728,5737,-5735]],"type":"Polygon","properties":{"n":"Rakasia","c":350198,"d":"Giridih","s":"JHARKHAND"}},{"arcs":[[5738,-5736,-5738,-5727,5739]],"type":"Polygon","properties":{"n":"Harhara","c":350199,"d":"Giridih","s":"JHARKHAND"}},{"arcs":[[5740,5741,-5740,-5732,-5614,-5616,-5612,-5606,-5603,-5598,-5589,-5587,-5629,-5618,-5622,-5628,5742,5743,5744]],"type":"Polygon","properties":{"n":"Gawan","c":350208,"d":"Giridih","s":"JHARKHAND"}},{"arcs":[[5745,-5743,-5627,5746,5747]],"type":"Polygon","properties":{"n":"Kanikend","c":350202,"d":"Giridih","s":"JHARKHAND"}},{"arcs":[[-5744,-5746,5748]],"type":"Polygon","properties":{"n":"Dhaneta","c":350201,"d":"Giridih","s":"JHARKHAND"}},{"arcs":[[5749,-5747,-5626,-5634,-5637,5750,5751,5752,5753]],"type":"Polygon","properties":{"n":"Dhiluwa","c":350319,"d":"Giridih","s":"JHARKHAND"}},{"arcs":[[5754,5755,5756,5757,5758,-5753]],"type":"Polygon","properties":{"n":"Loriyatand","c":350332,"d":"Giridih","s":"JHARKHAND"}},{"arcs":[[-5636,-5639,5759,-5751]],"type":"Polygon","properties":{"n":"Garewa","c":350320,"d":"Giridih","s":"JHARKHAND"}},{"arcs":[[-5645,-5649,-5654,-5658,-5663,5760,5761,5762,5763,-5755,-5752,-5760]],"type":"Polygon","properties":{"n":"Birne","c":350321,"d":"Giridih","s":"JHARKHAND"}},{"arcs":[[5764,5765,5766,5767,5768,-5762]],"type":"Polygon","properties":{"n":"Dumardiha","c":350326,"d":"Giridih","s":"JHARKHAND"}},{"arcs":[[-5761,-5662,5769,5770,5771,-5765]],"type":"Polygon","properties":{"n":"Chihutia","c":350322,"d":"Giridih","s":"JHARKHAND"}},{"arcs":[[5772,-5770,-5661,-5668]],"type":"Polygon","properties":{"n":"Pandariya","c":350323,"d":"Giridih","s":"JHARKHAND"}},{"arcs":[[-5767,5773,5774,-5773,-5712,5775,5776,5777,5778]],"type":"Polygon","properties":{"n":"Manjhne","c":350350,"d":"Giridih","s":"JHARKHAND"}},{"arcs":[[5779,-5771,-5775]],"type":"Polygon","properties":{"n":"Siratari","c":350324,"d":"Giridih","s":"JHARKHAND"}},{"arcs":[[-5774,-5766,-5772,-5780]],"type":"Polygon","properties":{"n":"Nawadih","c":350325,"d":"Giridih","s":"JHARKHAND"}},{"arcs":[[-5777,5780,5781,5782,5783,5784]],"type":"Polygon","properties":{"n":"Mahuari","c":350349,"d":"Giridih","s":"JHARKHAND"}},{"arcs":[[-5782,5785,5786]],"type":"Polygon","properties":{"n":"Amba Sakhua","c":350348,"d":"Giridih","s":"JHARKHAND"}},{"arcs":[[5787,-5783,-5787,5788,5789,5790]],"type":"Polygon","properties":{"n":"Lohsinghani","c":350346,"d":"Giridih","s":"JHARKHAND"}},{"arcs":[[5791,5792,-5784,-5788]],"type":"Polygon","properties":{"n":"Jorasemar","c":350347,"d":"Giridih","s":"JHARKHAND"}},{"arcs":[[-5791,5793,5794,-5792]],"type":"Polygon","properties":{"n":"Nathdih","c":350345,"d":"Giridih","s":"JHARKHAND"}},{"arcs":[[-5794,-5790,5795,5796]],"type":"Polygon","properties":{"n":"Pasnaur","c":350344,"d":"Giridih","s":"JHARKHAND"}},{"arcs":[[5797,5798,5799,-5778,-5785,-5793,-5795,-5797,5800]],"type":"Polygon","properties":{"n":"Beltharwa","c":350343,"d":"Giridih","s":"JHARKHAND"}},{"arcs":[[5801,5802,-5768,-5779,-5800]],"type":"Polygon","properties":{"n":"Tilaia","c":350342,"d":"Giridih","s":"JHARKHAND"}},{"arcs":[[-5799,5803,5804,5805,-5802]],"type":"Polygon","properties":{"n":"Bharkol Alias Dudhpania","c":350341,"d":"Giridih","s":"JHARKHAND"}},{"arcs":[[5806,5807,-5804,-5798,5808,5809]],"type":"Polygon","properties":{"n":"Bandarchuan Alias Machan","c":350340,"d":"Giridih","s":"JHARKHAND"}},{"arcs":[[5810,5811,-5810,5812]],"type":"Polygon","properties":{"n":"Garhi Sankh","c":350339,"d":"Giridih","s":"JHARKHAND"}},{"arcs":[[5813,5814,5815,5816,5817,5818,5819,5820]],"type":"Polygon","properties":{"n":"Sijuwai","c":350335,"d":"Giridih","s":"JHARKHAND"}},{"arcs":[[5821,-5821,5822,5823,-5811,5824]],"type":"Polygon","properties":{"n":"Dumarjhara","c":350336,"d":"Giridih","s":"JHARKHAND"}},{"arcs":[[-5820,5825,5826,5827,-5823]],"type":"Polygon","properties":{"n":"Kakriyar","c":350337,"d":"Giridih","s":"JHARKHAND"}},{"arcs":[[-5807,-5812,-5824,-5828]],"type":"Polygon","properties":{"n":"Kharwahi","c":350338,"d":"Giridih","s":"JHARKHAND"}},{"arcs":[[5828,5829,5830,-5805,-5808,-5827]],"type":"Polygon","properties":{"n":"Odopodo","c":350328,"d":"Giridih","s":"JHARKHAND"}},{"arcs":[[-5826,-5819,5831,5832,-5829]],"type":"Polygon","properties":{"n":"Barmasiya","c":350329,"d":"Giridih","s":"JHARKHAND"}},{"arcs":[[5833,-5756,-5764,5834,-5830,-5833]],"type":"Polygon","properties":{"n":"Alagdiha","c":350330,"d":"Giridih","s":"JHARKHAND"}},{"arcs":[[-5763,-5769,-5803,-5806,-5831,-5835]],"type":"Polygon","properties":{"n":"Gobardaha","c":350327,"d":"Giridih","s":"JHARKHAND"}},{"arcs":[[-5832,-5818,5835,-5757,-5834]],"type":"Polygon","properties":{"n":"Rajokhar","c":350331,"d":"Giridih","s":"JHARKHAND"}},{"arcs":[[-5386,-5384,5836,5837,-5434,-5394]],"type":"Polygon","properties":{"n":"Todalkhar","c":350239,"d":"Giridih","s":"JHARKHAND"}},{"arcs":[[-5838,5838,-5507,-5431]],"type":"Polygon","properties":{"n":"Bhatgarhwa","c":350243,"d":"Giridih","s":"JHARKHAND"}},{"arcs":[[5839,5840,5841,-5376,-5393,-5421]],"type":"Polygon","properties":{"n":"Palma","c":350219,"d":"Giridih","s":"JHARKHAND"}},{"arcs":[[-5406,5842,-5840,-5420,-5416]],"type":"Polygon","properties":{"n":"Rajpura","c":350220,"d":"Giridih","s":"JHARKHAND"}},{"arcs":[[5843,5844,-5754,-5759,5845,5846]],"type":"Polygon","properties":{"n":"Hardiya","c":350334,"d":"Giridih","s":"JHARKHAND"}},{"arcs":[[5847,5848,-5846,-5758,-5836,-5817]],"type":"Polygon","properties":{"n":"Ahrai","c":350333,"d":"Giridih","s":"JHARKHAND"}},{"arcs":[[5849,5850,5851]],"type":"Polygon","properties":{"n":"Ghoranjo","c":351367,"d":"Giridih","s":"JHARKHAND"}},{"arcs":[[-5850,-887,-888,5852,5853]],"type":"Polygon","properties":{"n":"Sukhnudih","c":351366,"d":"Giridih","s":"JHARKHAND"}},{"arcs":[[5854,5855,5856,5857,5858,-5851,-5854]],"type":"Polygon","properties":{"n":"Karodih","c":351370,"d":"Giridih","s":"JHARKHAND"}},{"arcs":[[-5853,-889,-673,5859,5860,5861]],"type":"Polygon","properties":{"n":"Madhwa","c":351365,"d":"Giridih","s":"JHARKHAND"}},{"arcs":[[-5860,-677,-682,-683,5862,5863]],"type":"Polygon","properties":{"n":"Parbatu","c":351364,"d":"Giridih","s":"JHARKHAND"}},{"arcs":[[5864,5865,-5863,-687,5866,5867,5868,5869]],"type":"Polygon","properties":{"n":"Kubri","c":351335,"d":"Giridih","s":"JHARKHAND"}},{"arcs":[[5870,5871,5872,5873,5874,-5868]],"type":"Polygon","properties":{"n":"Jorasankh","c":351342,"d":"Giridih","s":"JHARKHAND"}},{"arcs":[[-5875,5875,5876,5877,5878,-5869]],"type":"Polygon","properties":{"n":"Mundatanr","c":351341,"d":"Giridih","s":"JHARKHAND"}},{"arcs":[[-5874,5879,5880,-5876]],"type":"Polygon","properties":{"n":"Kharkho","c":351343,"d":"Giridih","s":"JHARKHAND"}},{"arcs":[[5881,5882,5883,5884,5885,-5877,-5881]],"type":"Polygon","properties":{"n":"Charghara Chakmanjo","c":351340,"d":"Giridih","s":"JHARKHAND"}},{"arcs":[[5886,-5885]],"type":"Polygon","properties":{"n":"Poraia","c":351339,"d":"Giridih","s":"JHARKHAND"}},{"arcs":[[-5884,5887,5888,5889,-5878,-5886,-5887]],"type":"Polygon","properties":{"n":"Gidhio","c":351338,"d":"Giridih","s":"JHARKHAND"}},{"arcs":[[5890,5891,-5870,-5879,-5890]],"type":"Polygon","properties":{"n":"Kurumdiha","c":351336,"d":"Giridih","s":"JHARKHAND"}},{"arcs":[[-5866,5892,5893,-5861,-5864]],"type":"Polygon","properties":{"n":"Karichatan","c":351363,"d":"Giridih","s":"JHARKHAND"}},{"arcs":[[5894,5895,5896,-5855,-5862,-5894]],"type":"Polygon","properties":{"n":"Karmatanr","c":351362,"d":"Giridih","s":"JHARKHAND"}},{"arcs":[[-5893,-5865,-5892,5897,5898,5899,5900,-5895]],"type":"Polygon","properties":{"n":"Balgo","c":351361,"d":"Giridih","s":"JHARKHAND"}},{"arcs":[[5901,5902,5903,-5896,-5901]],"type":"Polygon","properties":{"n":"Naitanr","c":351360,"d":"Giridih","s":"JHARKHAND"}},{"arcs":[[-5904,5904,5905,5906,5907,5908,5909,5910,-5856,-5897]],"type":"Polygon","properties":{"n":"Dharchanchi","c":351375,"d":"Giridih","s":"JHARKHAND"}},{"arcs":[[5911,-5906]],"type":"Polygon","properties":{"n":"Fatehpur","c":351376,"d":"Giridih","s":"JHARKHAND"}},{"arcs":[[-5912,-5905,-5903,5912,5913,5914,5915,-5907]],"type":"Polygon","properties":{"n":"Chittardih","c":351377,"d":"Giridih","s":"JHARKHAND"}},{"arcs":[[-5902,-5900,5916,5917,5918,-5913]],"type":"Polygon","properties":{"n":"Bengai","c":351359,"d":"Giridih","s":"JHARKHAND"}},{"arcs":[[5919,5920,5921,5922,5923,-5918]],"type":"Polygon","properties":{"n":"Harodih","c":351263,"d":"Giridih","s":"JHARKHAND"}},{"arcs":[[5924,5925,5926,5927,-5921]],"type":"Polygon","properties":{"n":"Rupidih","c":351357,"d":"Giridih","s":"JHARKHAND"}},{"arcs":[[5928,5929,5930,5931,5932,-5923]],"type":"Polygon","properties":{"n":"Bansidih","c":351261,"d":"Giridih","s":"JHARKHAND"}},{"arcs":[[5933,5934,-5914,-5919,-5924,-5933]],"type":"Polygon","properties":{"n":"Banskaro","c":351262,"d":"Giridih","s":"JHARKHAND"}},{"arcs":[[5935,5936,5937,5938,-5915,-5935]],"type":"Polygon","properties":{"n":"Dharampur","c":351378,"d":"Giridih","s":"JHARKHAND"}},{"arcs":[[-5939,5939,5940,5941,5942,-5908,-5916]],"type":"Polygon","properties":{"n":"Bhikodih","c":351381,"d":"Giridih","s":"JHARKHAND"}},{"arcs":[[5943,5944,5945,5946,-5909,-5943]],"type":"Polygon","properties":{"n":"Sohagarh","c":351382,"d":"Giridih","s":"JHARKHAND"}},{"arcs":[[-5947,5947,5948,-5910]],"type":"Polygon","properties":{"n":"Kharikwatanr","c":351374,"d":"Giridih","s":"JHARKHAND"}},{"arcs":[[-5949,5949,5950,-5857,-5911]],"type":"Polygon","properties":{"n":"Balatol","c":351373,"d":"Giridih","s":"JHARKHAND"}},{"arcs":[[-5948,-5946,5951,5952,-5950]],"type":"Polygon","properties":{"n":"Dumardiha","c":351372,"d":"Giridih","s":"JHARKHAND"}},{"arcs":[[-5952,-5945,5953,5954]],"type":"Polygon","properties":{"n":"Nawada","c":351383,"d":"Giridih","s":"JHARKHAND"}},{"arcs":[[-5920,-5917,-5899,5955,5956,-5925]],"type":"Polygon","properties":{"n":"Merkhogundi Kalan","c":351358,"d":"Giridih","s":"JHARKHAND"}},{"arcs":[[-5898,-5891,-5889,5957,-5956]],"type":"Polygon","properties":{"n":"Ganiadih Alias Tinmahua","c":351337,"d":"Giridih","s":"JHARKHAND"}},{"arcs":[[5958,5959,5960,-5926,-5957,-5958]],"type":"Polygon","properties":{"n":"Merkhogundi Khurd","c":351356,"d":"Giridih","s":"JHARKHAND"}},{"arcs":[[5961,5962,-5929,-5922,-5928]],"type":"Polygon","properties":{"n":"Baghmara","c":351264,"d":"Giridih","s":"JHARKHAND"}},{"arcs":[[5963,5964,5965,-5960]],"type":"Polygon","properties":{"n":"Pindrabad","c":351355,"d":"Giridih","s":"JHARKHAND"}},{"arcs":[[-5959,-5888,-5883,5966,5967,5968,5969,5970,-5964]],"type":"Polygon","properties":{"n":"Nawadih","c":351345,"d":"Giridih","s":"JHARKHAND"}},{"arcs":[[-5882,-5880,5971,5972,5973,-5967]],"type":"Polygon","properties":{"n":"Simratanr","c":351344,"d":"Giridih","s":"JHARKHAND"}},{"arcs":[[-5972,-5873,5974,-2306,5975,5976]],"type":"Polygon","properties":{"n":"Jaruadih","c":351332,"d":"Giridih","s":"JHARKHAND"}},{"arcs":[[5977,-5976,-2309,-2310,5978]],"type":"Polygon","properties":{"n":"Mohnodih","c":351329,"d":"Giridih","s":"JHARKHAND"}},{"arcs":[[5979,5980,5981,5982,5983,-5978]],"type":"Polygon","properties":{"n":"Ektara","c":351330,"d":"Giridih","s":"JHARKHAND"}},{"arcs":[[5984,5985,-5973,-5977,-5984]],"type":"Polygon","properties":{"n":"Jhinjhri","c":351331,"d":"Giridih","s":"JHARKHAND"}},{"arcs":[[5986,5987,5988,-5968,-5974,-5986]],"type":"Polygon","properties":{"n":"Bhanodih","c":351346,"d":"Giridih","s":"JHARKHAND"}},{"arcs":[[-5985,-5983,5989,5990,-5987]],"type":"Polygon","properties":{"n":"Gadi","c":351347,"d":"Giridih","s":"JHARKHAND"}},{"arcs":[[-5982,5991,5992,5993,-5990]],"type":"Polygon","properties":{"n":"Manakdiha","c":351349,"d":"Giridih","s":"JHARKHAND"}},{"arcs":[[5994,5995,-5988,-5991,-5994]],"type":"Polygon","properties":{"n":"Madhopur","c":351348,"d":"Giridih","s":"JHARKHAND"}},{"arcs":[[-5995,-5993,5996,5997,5998,5999,6000]],"type":"Polygon","properties":{"n":"Kendua","c":351351,"d":"Giridih","s":"JHARKHAND"}},{"arcs":[[6001,6002,6003,6004,-6000]],"type":"Polygon","properties":{"n":"Chhatmaka","c":351287,"d":"Giridih","s":"JHARKHAND"}},{"arcs":[[-5999,6005,6006,-6002]],"type":"Polygon","properties":{"n":"Manjhijhar","c":351322,"d":"Giridih","s":"JHARKHAND"}},{"arcs":[[-5998,6007,6008,6009,6010,-6006]],"type":"Polygon","properties":{"n":"Katutanr","c":351323,"d":"Giridih","s":"JHARKHAND"}},{"arcs":[[6011,6012,6013,6014,-6009]],"type":"Polygon","properties":{"n":"Gamhardih","c":351325,"d":"Giridih","s":"JHARKHAND"}},{"arcs":[[-5997,-5992,-5981,6015,-6012,-6008]],"type":"Polygon","properties":{"n":"Rangamati","c":351350,"d":"Giridih","s":"JHARKHAND"}},{"arcs":[[-6016,-5980,-5979,-2312,-2313,6016,6017,-6013]],"type":"Polygon","properties":{"n":"Palra","c":351328,"d":"Giridih","s":"JHARKHAND"}},{"arcs":[[-6017,-2314,6018,6019,6020]],"type":"Polygon","properties":{"n":"Bariarpur","c":351327,"d":"Giridih","s":"JHARKHAND"}},{"arcs":[[6021,6022,6023,-6014,-6018,-6021]],"type":"Polygon","properties":{"n":"Nawadih","c":351326,"d":"Giridih","s":"JHARKHAND"}},{"arcs":[[6024,6025,6026,6027,-5969,-5989,-5996]],"type":"Polygon","properties":{"n":"Jaridih","c":351352,"d":"Giridih","s":"JHARKHAND"}},{"arcs":[[6028,6029,-5970,-6028]],"type":"Polygon","properties":{"n":"Manjhladih","c":351353,"d":"Giridih","s":"JHARKHAND"}},{"arcs":[[6030,6031,6032,-5965,-5971,-6030]],"type":"Polygon","properties":{"n":"Bhupatdih","c":351354,"d":"Giridih","s":"JHARKHAND"}},{"arcs":[[-6033,6033,6034,6035,-5962,-5927,-5961,-5966]],"type":"Polygon","properties":{"n":"Patrogundi","c":351266,"d":"Giridih","s":"JHARKHAND"}},{"arcs":[[6036,6037,6038,-5930,-5963,-6036]],"type":"Polygon","properties":{"n":"Aduadih","c":351265,"d":"Giridih","s":"JHARKHAND"}},{"arcs":[[-6032,6039,6040,6041,6042,-6034]],"type":"Polygon","properties":{"n":"Baradbatia","c":351268,"d":"Giridih","s":"JHARKHAND"}},{"arcs":[[6043,-1420,6044,6045,6046,6047]],"type":"Polygon","properties":{"n":"Chitra Pahari","c":351385,"d":"Giridih","s":"JHARKHAND"}},{"arcs":[[6048,-5954,6049,-6046]],"type":"Polygon","properties":{"n":"Naiadih Alias Pandeydih","c":351384,"d":"Giridih","s":"JHARKHAND"}},{"arcs":[[-5944,-5942,6050,6051,6052,6053,-6047,-6050]],"type":"Polygon","properties":{"n":"Tardiha","c":351393,"d":"Giridih","s":"JHARKHAND"}},{"arcs":[[6054,6055,-6053]],"type":"Polygon","properties":{"n":"Kumhargarhia","c":351394,"d":"Giridih","s":"JHARKHAND"}},{"arcs":[[-5941,6056,6057,-6051]],"type":"Polygon","properties":{"n":"Kundaidih","c":351380,"d":"Giridih","s":"JHARKHAND"}},{"arcs":[[-5940,-5938,6058,-6057]],"type":"Polygon","properties":{"n":"Harilwatanr","c":351379,"d":"Giridih","s":"JHARKHAND"}},{"arcs":[[-5937,6059,6060,6061,6062,-6055,-6052,-6058,-6059]],"type":"Polygon","properties":{"n":"Kubri","c":351395,"d":"Giridih","s":"JHARKHAND"}},{"arcs":[[-5936,-5934,-5932,6063,6064,-6060]],"type":"Polygon","properties":{"n":"Shyamsingh Nawadih","c":351396,"d":"Giridih","s":"JHARKHAND"}},{"arcs":[[6065,6066,6067,-6065]],"type":"Polygon","properties":{"n":"Gobindpur","c":351397,"d":"Giridih","s":"JHARKHAND"}},{"arcs":[[-5931,-6039,6068,6069,-6066,-6064]],"type":"Polygon","properties":{"n":"Bijodih","c":351260,"d":"Giridih","s":"JHARKHAND"}},{"arcs":[[-6038,6070,6071,6072,-6069]],"type":"Polygon","properties":{"n":"Bati","c":351258,"d":"Giridih","s":"JHARKHAND"}},{"arcs":[[-6071,-6037,-6035,-6043,6073,6074,6075]],"type":"Polygon","properties":{"n":"Pratappur","c":351267,"d":"Giridih","s":"JHARKHAND"}},{"arcs":[[-6031,-6029,-6027,6076,6077,6078,-6040]],"type":"Polygon","properties":{"n":"Balbala","c":351284,"d":"Giridih","s":"JHARKHAND"}},{"arcs":[[-6026,6079,6080,-6077]],"type":"Polygon","properties":{"n":"Dumma","c":351285,"d":"Giridih","s":"JHARKHAND"}},{"arcs":[[-6025,-6001,-6005,6081,6082,6083,6084,6085,-6080]],"type":"Polygon","properties":{"n":"Nawadih","c":351286,"d":"Giridih","s":"JHARKHAND"}},{"arcs":[[-6086,6086,6087,6088,-6078,-6081]],"type":"Polygon","properties":{"n":"Sakhaibad","c":351282,"d":"Giridih","s":"JHARKHAND"}},{"arcs":[[-6085,6089,6090,-6087]],"type":"Polygon","properties":{"n":"Barotanr","c":351281,"d":"Giridih","s":"JHARKHAND"}},{"arcs":[[-6084,6091,6092,-6090]],"type":"Polygon","properties":{"n":"Jitodih","c":351280,"d":"Giridih","s":"JHARKHAND"}},{"arcs":[[6093,6094,6095,-6041,-6079,-6089]],"type":"Polygon","properties":{"n":"Parmanikdih","c":351283,"d":"Giridih","s":"JHARKHAND"}},{"arcs":[[6096,6097,-6074,-6042,-6096]],"type":"Polygon","properties":{"n":"Sivsinghdih","c":351269,"d":"Giridih","s":"JHARKHAND"}},{"arcs":[[6098,6099,6100,6101,-6098]],"type":"Polygon","properties":{"n":"Jamua","c":351270,"d":"Giridih","s":"JHARKHAND"}},{"arcs":[[6102,6103,-6075,-6102]],"type":"Polygon","properties":{"n":"Kandajor","c":351271,"d":"Giridih","s":"JHARKHAND"}},{"arcs":[[6104,6105,6106,6107,6108,6109,-6072,-6076,-6104]],"type":"Polygon","properties":{"n":"Kusaia","c":351254,"d":"Giridih","s":"JHARKHAND"}},{"arcs":[[6110,6111,-6067,-6070,-6073,-6110]],"type":"Polygon","properties":{"n":"Chapriyamo","c":351257,"d":"Giridih","s":"JHARKHAND"}},{"arcs":[[-6109,6112,6113,6114,-6111]],"type":"Polygon","properties":{"n":"Pananian","c":351256,"d":"Giridih","s":"JHARKHAND"}},{"arcs":[[-6108,6115,6116,-6113]],"type":"Polygon","properties":{"n":"Shamdih","c":351255,"d":"Giridih","s":"JHARKHAND"}},{"arcs":[[6117,6118,6119,-6114,-6117]],"type":"Polygon","properties":{"n":"Budhuwatanr","c":351399,"d":"Giridih","s":"JHARKHAND"}},{"arcs":[[6120,6121]],"type":"Polygon","properties":{"n":"Madanpura","c":351400,"d":"Giridih","s":"JHARKHAND"}},{"arcs":[[-6061,-6068,-6112,-6115,-6120,6122,6123,6124,6125,6126,6127,-6122]],"type":"Polygon","properties":{"n":"Medhochaparkho","c":351398,"d":"Giridih","s":"JHARKHAND"}},{"arcs":[[-6125,6128]],"type":"Polygon","properties":{"n":"Chanmano Alias Tintara","c":351404,"d":"Giridih","s":"JHARKHAND"}},{"arcs":[[6129,6130,6131,6132,-6062,-6121,-6128]],"type":"Polygon","properties":{"n":"Damgi","c":351401,"d":"Giridih","s":"JHARKHAND"}},{"arcs":[[6133,6134,6135,-6132]],"type":"Polygon","properties":{"n":"Maluatanar","c":351389,"d":"Giridih","s":"JHARKHAND"}},{"arcs":[[6136,6137,6138,-6135]],"type":"Polygon","properties":{"n":"Bishunpur","c":351390,"d":"Giridih","s":"JHARKHAND"}},{"arcs":[[6139,6140,6141,-6048,-6054,-6056,-6063,-6133,-6136,-6139]],"type":"Polygon","properties":{"n":"Paranchidih","c":351392,"d":"Giridih","s":"JHARKHAND"}},{"arcs":[[-6138,6142,-6140]],"type":"Polygon","properties":{"n":"Naiadih","c":351391,"d":"Giridih","s":"JHARKHAND"}},{"arcs":[[6143,-1421,-6044,-6142,6144]],"type":"Polygon","properties":{"n":"Baramasia","c":351386,"d":"Giridih","s":"JHARKHAND"}},{"arcs":[[6145,6146,6147,6148,6149]],"type":"Polygon","properties":{"n":"Gobindatanr","c":351435,"d":"Giridih","s":"JHARKHAND"}},{"arcs":[[6150,6151,6152,6153,-6146]],"type":"Polygon","properties":{"n":"Ambatanr","c":351434,"d":"Giridih","s":"JHARKHAND"}},{"arcs":[[6154,6155,6156,6157,6158,6159,-6152]],"type":"Polygon","properties":{"n":"Kurkuri Pahari","c":351433,"d":"Giridih","s":"JHARKHAND"}},{"arcs":[[6160,6161,6162,6163,-6157]],"type":"Polygon","properties":{"n":"Sotarabad","c":351432,"d":"Giridih","s":"JHARKHAND"}},{"arcs":[[-6156,6164,6165,6166,-6161]],"type":"Polygon","properties":{"n":"Barkitanr","c":351403,"d":"Giridih","s":"JHARKHAND"}},{"arcs":[[6167,-6130,-6127,6168,-6166]],"type":"Polygon","properties":{"n":"Belatanr Alias Sirsia","c":351402,"d":"Giridih","s":"JHARKHAND"}},{"arcs":[[6169,6170,6171,6172,-6147,-6154]],"type":"Polygon","properties":{"n":"Kairodih","c":351443,"d":"Giridih","s":"JHARKHAND"}},{"arcs":[[6173,-1466,6174,6175,6176,6177]],"type":"Polygon","properties":{"n":"Mahdadih","c":351439,"d":"Giridih","s":"JHARKHAND"}},{"arcs":[[6178,-1490,-6174,6179,6180,6181]],"type":"Polygon","properties":{"n":"Gambharia","c":351472,"d":"Giridih","s":"JHARKHAND"}},{"arcs":[[-53,-1832,-1833,-1498,-1491,-6179,6182,6183]],"type":"Polygon","properties":{"n":"Chirudih","c":351473,"d":"Giridih","s":"JHARKHAND"}},{"arcs":[[-1536,-54,-6184,6184,6185,6186]],"type":"Polygon","properties":{"n":"Kadampur","c":351483,"d":"Giridih","s":"JHARKHAND"}},{"arcs":[[-6187,6187,6188,6189,-1537]],"type":"Polygon","properties":{"n":"Pando","c":351482,"d":"Giridih","s":"JHARKHAND"}},{"arcs":[[-6186,6190,6191,-6188]],"type":"Polygon","properties":{"n":"Baliadipu","c":351481,"d":"Giridih","s":"JHARKHAND"}},{"arcs":[[-1828,-1538,-6190,6192,6193,-1824]],"type":"Polygon","properties":{"n":"Ledwaradih","c":351479,"d":"Giridih","s":"JHARKHAND"}},{"arcs":[[-6189,-6192,6194,6195,6196,-6193]],"type":"Polygon","properties":{"n":"Purnadih","c":351480,"d":"Giridih","s":"JHARKHAND"}},{"arcs":[[-6194,-6197,6197,6198,6199,6200,6201,-1825]],"type":"Polygon","properties":{"n":"Tatkari","c":351478,"d":"Giridih","s":"JHARKHAND"}},{"arcs":[[-6202,6202,-1826]],"type":"Polygon","properties":{"n":"Naitanr","c":351462,"d":"Giridih","s":"JHARKHAND"}},{"arcs":[[-6191,-6185,-6183,-6182,6203,6204]],"type":"Polygon","properties":{"n":"Sonardih","c":351474,"d":"Giridih","s":"JHARKHAND"}},{"arcs":[[6205,6206,6207,-6195,-6205]],"type":"Polygon","properties":{"n":"Bamitanr","c":351475,"d":"Giridih","s":"JHARKHAND"}},{"arcs":[[6208,6209,6210,-6198,-6196,-6208]],"type":"Polygon","properties":{"n":"Dewahibad","c":351476,"d":"Giridih","s":"JHARKHAND"}},{"arcs":[[6211,6212,6213,-6199,-6211]],"type":"Polygon","properties":{"n":"Barmasiya","c":351477,"d":"Giridih","s":"JHARKHAND"}},{"arcs":[[6214,6215,-6200,-6214]],"type":"Polygon","properties":{"n":"Bekobad","c":351463,"d":"Giridih","s":"JHARKHAND"}},{"arcs":[[-6204,-6181,6216,6217,6218,-6206]],"type":"Polygon","properties":{"n":"Chilga","c":351469,"d":"Giridih","s":"JHARKHAND"}},{"arcs":[[-6180,-6178,6219,6220,-6217]],"type":"Polygon","properties":{"n":"Nawadih","c":351470,"d":"Giridih","s":"JHARKHAND"}},{"arcs":[[6221,6222,-6176]],"type":"Polygon","properties":{"n":"Ojhadih","c":351440,"d":"Giridih","s":"JHARKHAND"}},{"arcs":[[6223,6224,6225,6226,-6220,-6177,-6223]],"type":"Polygon","properties":{"n":"Patardih","c":351441,"d":"Giridih","s":"JHARKHAND"}},{"arcs":[[6227,-6171,6228,6229,6230,-6225]],"type":"Polygon","properties":{"n":"Nawwadih","c":351442,"d":"Giridih","s":"JHARKHAND"}},{"arcs":[[-6170,-6153,-6160,6231,6232,6233,6234,-6229]],"type":"Polygon","properties":{"n":"Barahmoria","c":351444,"d":"Giridih","s":"JHARKHAND"}},{"arcs":[[-6159,6235,-6232]],"type":"Polygon","properties":{"n":"Gosaidih","c":351445,"d":"Giridih","s":"JHARKHAND"}},{"arcs":[[-6236,-6158,-6164,6236,6237,6238,-6233]],"type":"Polygon","properties":{"n":"Manjhiladih","c":351446,"d":"Giridih","s":"JHARKHAND"}},{"arcs":[[6239,-6237,-6163,6240,-2385,6241]],"type":"Polygon","properties":{"n":"Dandatanr","c":351431,"d":"Giridih","s":"JHARKHAND"}},{"arcs":[[6242,-6242,-2384,6243]],"type":"Polygon","properties":{"n":"Dudhatol","c":351430,"d":"Giridih","s":"JHARKHAND"}},{"arcs":[[6244,6245,6246,-6244,-2383]],"type":"Polygon","properties":{"n":"Jiyotol","c":351428,"d":"Giridih","s":"JHARKHAND"}},{"arcs":[[6247,6248,6249,-6245,-2382,-2499]],"type":"Polygon","properties":{"n":"Chorgata","c":351427,"d":"Giridih","s":"JHARKHAND"}},{"arcs":[[6250,6251,6252,-6248,-2498,6253]],"type":"Polygon","properties":{"n":"Gondlitanr","c":351425,"d":"Giridih","s":"JHARKHAND"}},{"arcs":[[6254,-6238,-6240,-6243,-6247]],"type":"Polygon","properties":{"n":"Gardih","c":351429,"d":"Giridih","s":"JHARKHAND"}},{"arcs":[[6255,6256,6257,-6234,-6239,-6255]],"type":"Polygon","properties":{"n":"Barotanr","c":351447,"d":"Giridih","s":"JHARKHAND"}},{"arcs":[[-6258,6258,6259,-6230,-6235]],"type":"Polygon","properties":{"n":"Arghudih","c":351448,"d":"Giridih","s":"JHARKHAND"}},{"arcs":[[6260,6261,-6231,-6260]],"type":"Polygon","properties":{"n":"Taraun","c":351450,"d":"Giridih","s":"JHARKHAND"}},{"arcs":[[-6259,-6257,6262,-6261]],"type":"Polygon","properties":{"n":"Govindpura","c":351449,"d":"Giridih","s":"JHARKHAND"}},{"arcs":[[6263,-6226,-6262]],"type":"Polygon","properties":{"n":"Surjugadi","c":351451,"d":"Giridih","s":"JHARKHAND"}},{"arcs":[[6264,6265,-6221,-6227,-6264]],"type":"Polygon","properties":{"n":"Chandudih","c":351452,"d":"Giridih","s":"JHARKHAND"}},{"arcs":[[6266,6267,6268,6269,6270,-6218,-6266]],"type":"Polygon","properties":{"n":"Pachamba","c":351453,"d":"Giridih","s":"JHARKHAND"}},{"arcs":[[-6265,-6263,-6256,-6246,-6250,6271,6272,6273,-6267]],"type":"Polygon","properties":{"n":"Bahuriadih","c":351454,"d":"Giridih","s":"JHARKHAND"}},{"arcs":[[-6249,-6253,6274,-6272]],"type":"Polygon","properties":{"n":"Jamdiha","c":351455,"d":"Giridih","s":"JHARKHAND"}},{"arcs":[[-6275,-6252,6275,6276,-6273]],"type":"Polygon","properties":{"n":"Harodih","c":351456,"d":"Giridih","s":"JHARKHAND"}},{"arcs":[[-6277,6277,-6268,-6274]],"type":"Polygon","properties":{"n":"Gosaindih","c":351457,"d":"Giridih","s":"JHARKHAND"}},{"arcs":[[6278,6279,-6209,-6207,-6219,-6271]],"type":"Polygon","properties":{"n":"Siatanr","c":351468,"d":"Giridih","s":"JHARKHAND"}},{"arcs":[[-6280,6280,6281,-6212,-6210]],"type":"Polygon","properties":{"n":"Charmoria","c":351467,"d":"Giridih","s":"JHARKHAND"}},{"arcs":[[-6281,-6279,-6270,6282,6283,6284]],"type":"Polygon","properties":{"n":"Bishunpur","c":351466,"d":"Giridih","s":"JHARKHAND"}},{"arcs":[[6285,6286,6287,-6284]],"type":"Polygon","properties":{"n":"Pathritanr","c":351465,"d":"Giridih","s":"JHARKHAND"}},{"arcs":[[6288,6289,-6215,-6213,-6282,-6285,-6288]],"type":"Polygon","properties":{"n":"Golhaia","c":351464,"d":"Giridih","s":"JHARKHAND"}},{"arcs":[[-1574,6290,6291,6292,6293,-2485,-1820]],"type":"Polygon","properties":{"n":"Bhimatanr","c":351415,"d":"Giridih","s":"JHARKHAND"}},{"arcs":[[6294,6295,6296,6297,6298,6299,-6293]],"type":"Polygon","properties":{"n":"Saharpura","c":351424,"d":"Giridih","s":"JHARKHAND"}},{"arcs":[[6300,-6286,-6283,-6269,-6278,-6276,-6251,6301,-6296]],"type":"Polygon","properties":{"n":"Malidih","c":351458,"d":"Giridih","s":"JHARKHAND"}},{"arcs":[[-6295,-6292,6302,6303,-6289,-6287,-6301]],"type":"Polygon","properties":{"n":"Jangridih","c":351459,"d":"Giridih","s":"JHARKHAND"}},{"arcs":[[6304,6305,-2486,-6294,-6300]],"type":"Polygon","properties":{"n":"Banbisanpura","c":351416,"d":"Giridih","s":"JHARKHAND"}},{"arcs":[[-6306,6306,6307,-2487]],"type":"Polygon","properties":{"n":"Baramo","c":351417,"d":"Giridih","s":"JHARKHAND"}},{"arcs":[[6308,-2488,-6308]],"type":"Polygon","properties":{"n":"Biso Raidih","c":351418,"d":"Giridih","s":"JHARKHAND"}},{"arcs":[[-6309,6309,6310,-2404,-2496,-2489]],"type":"Polygon","properties":{"n":"Baghaidih","c":351421,"d":"Giridih","s":"JHARKHAND"}},{"arcs":[[6311,6312,-6297,-6302,-6254,-2497,-2405,-6311]],"type":"Polygon","properties":{"n":"Goro","c":351422,"d":"Giridih","s":"JHARKHAND"}},{"arcs":[[6313,-6312,-6310]],"type":"Polygon","properties":{"n":"Bahradih","c":351420,"d":"Giridih","s":"JHARKHAND"}},{"arcs":[[-6305,-6299,6314,-6314,-6307]],"type":"Polygon","properties":{"n":"Gardih","c":351419,"d":"Giridih","s":"JHARKHAND"}},{"arcs":[[-6315,-6298,-6313]],"type":"Polygon","properties":{"n":"Nath Raidih","c":351423,"d":"Giridih","s":"JHARKHAND"}},{"arcs":[[6315,6316,6317,6318,6319,6320,6321,6322,6323]],"type":"Polygon","properties":{"n":"Raddiha","c":351408,"d":"Giridih","s":"JHARKHAND"}},{"arcs":[[6324,6325,-6123,-6119,6326,6327,-6318]],"type":"Polygon","properties":{"n":"Sakardiha","c":351406,"d":"Giridih","s":"JHARKHAND"}},{"arcs":[[-6317,6328,-6325]],"type":"Polygon","properties":{"n":"Khairabad","c":351407,"d":"Giridih","s":"JHARKHAND"}},{"arcs":[[-6118,-6116,-6107,6329,6330,-6327]],"type":"Polygon","properties":{"n":"Kurumtanr","c":351253,"d":"Giridih","s":"JHARKHAND"}},{"arcs":[[6331,6332,6333,-6319,-6328,-6331]],"type":"Polygon","properties":{"n":"Mirzaganj","c":351251,"d":"Giridih","s":"JHARKHAND"}},{"arcs":[[-6330,-6106,6334,6335,-6332]],"type":"Polygon","properties":{"n":"Harimagha","c":351252,"d":"Giridih","s":"JHARKHAND"}},{"arcs":[[6336,6337,6338,6339,6340,-6333,-6336]],"type":"Polygon","properties":{"n":"Thikamagha","c":351250,"d":"Giridih","s":"JHARKHAND"}},{"arcs":[[6341,6342,6343,-6339]],"type":"Polygon","properties":{"n":"Dhanotanr","c":351249,"d":"Giridih","s":"JHARKHAND"}},{"arcs":[[6344,6345,6346,-6343]],"type":"Polygon","properties":{"n":"Bhathdih","c":351248,"d":"Giridih","s":"JHARKHAND"}},{"arcs":[[6347,6348,6349,6350,6351,-6346]],"type":"Polygon","properties":{"n":"Golodih","c":351241,"d":"Giridih","s":"JHARKHAND"}},{"arcs":[[6352,6353,6354,-6349]],"type":"Polygon","properties":{"n":"Sewaitanr","c":351276,"d":"Giridih","s":"JHARKHAND"}},{"arcs":[[-6348,-6345,6355,6356,-6353]],"type":"Polygon","properties":{"n":"Pathratanr","c":351275,"d":"Giridih","s":"JHARKHAND"}},{"arcs":[[-6342,-6338,6357,-6100,-6356]],"type":"Polygon","properties":{"n":"Maghakhurd","c":351273,"d":"Giridih","s":"JHARKHAND"}},{"arcs":[[-6337,-6335,-6105,-6103,-6101,-6358]],"type":"Polygon","properties":{"n":"Maghakala","c":351272,"d":"Giridih","s":"JHARKHAND"}},{"arcs":[[-6099,-6097,-6095,6358,-6357]],"type":"Polygon","properties":{"n":"Harla","c":351274,"d":"Giridih","s":"JHARKHAND"}},{"arcs":[[-6094,-6088,-6091,-6093,6359,6360,6361,6362,-6354,-6359]],"type":"Polygon","properties":{"n":"Chorpoko","c":351277,"d":"Giridih","s":"JHARKHAND"}},{"arcs":[[-6092,-6083,6363,6364,6365,6366,6367,6368,-6360]],"type":"Polygon","properties":{"n":"Kawaitanr","c":351279,"d":"Giridih","s":"JHARKHAND"}},{"arcs":[[6369,-6366]],"type":"Polygon","properties":{"n":"Donwaghat","c":351291,"d":"Giridih","s":"JHARKHAND"}},{"arcs":[[6370,6371,6372,6373,6374,-6365]],"type":"Polygon","properties":{"n":"Tejlio Pahari","c":351290,"d":"Giridih","s":"JHARKHAND"}},{"arcs":[[-6372,6375,6376,6377]],"type":"Polygon","properties":{"n":"Karhadih","c":351289,"d":"Giridih","s":"JHARKHAND"}},{"arcs":[[-6371,-6364,-6082,-6004,6378,-6376]],"type":"Polygon","properties":{"n":"Nawadih","c":351288,"d":"Giridih","s":"JHARKHAND"}},{"arcs":[[6379,6380,-6373,-6378]],"type":"Polygon","properties":{"n":"Tigaliyopahri","c":351320,"d":"Giridih","s":"JHARKHAND"}},{"arcs":[[-6377,-6379,-6003,-6007,-6011,6381,-6023,6382,6383,6384,6385,6386,-6380]],"type":"Polygon","properties":{"n":"Chunglo","c":351321,"d":"Giridih","s":"JHARKHAND"}},{"arcs":[[-6010,-6015,-6024,-6382]],"type":"Polygon","properties":{"n":"Kodadih","c":351324,"d":"Giridih","s":"JHARKHAND"}},{"arcs":[[-6383,-6022,-6020,6387,6388,6389]],"type":"Polygon","properties":{"n":"Baratanr","c":351310,"d":"Giridih","s":"JHARKHAND"}},{"arcs":[[-6019,-2105,6390,6391,6392,-6388]],"type":"Polygon","properties":{"n":"Telmakri","c":351309,"d":"Giridih","s":"JHARKHAND"}},{"arcs":[[6393,6394,6395,-6389,-6393]],"type":"Polygon","properties":{"n":"Barmasia","c":351311,"d":"Giridih","s":"JHARKHAND"}},{"arcs":[[6396,6397,6398,6399,-6395]],"type":"Polygon","properties":{"n":"Andharkola","c":351306,"d":"Giridih","s":"JHARKHAND"}},{"arcs":[[6400,6401,6402,-6399]],"type":"Polygon","properties":{"n":"Alodih","c":351305,"d":"Giridih","s":"JHARKHAND"}},{"arcs":[[6403,6404,-6384,-6390,-6396,-6400,-6403]],"type":"Polygon","properties":{"n":"Tara","c":351312,"d":"Giridih","s":"JHARKHAND"}},{"arcs":[[6405,-6385,-6405]],"type":"Polygon","properties":{"n":"Bhaiadih","c":351313,"d":"Giridih","s":"JHARKHAND"}},{"arcs":[[-6406,6406,6407,6408,6409,-6386]],"type":"Polygon","properties":{"n":"Sirsia","c":351317,"d":"Giridih","s":"JHARKHAND"}},{"arcs":[[-6404,-6402,6410,6411,6412,6413,-6407]],"type":"Polygon","properties":{"n":"Murkhari","c":351314,"d":"Giridih","s":"JHARKHAND"}},{"arcs":[[6414,6415,-6408,-6414]],"type":"Polygon","properties":{"n":"Salaiya","c":351315,"d":"Giridih","s":"JHARKHAND"}},{"arcs":[[-6413,6416,6417,6418,6419,6420,6421,-6415]],"type":"Polygon","properties":{"n":"Baddiha","c":351302,"d":"Giridih","s":"JHARKHAND"}},{"arcs":[[6422,-6409,-6416,-6422]],"type":"Polygon","properties":{"n":"Sikdardih","c":351316,"d":"Giridih","s":"JHARKHAND"}},{"arcs":[[6423,6424,6425,6426,6427,-6387,-6410]],"type":"Polygon","properties":{"n":"Naitanr","c":351318,"d":"Giridih","s":"JHARKHAND"}},{"arcs":[[6428,6429,6430,-6374,-6381,-6428]],"type":"Polygon","properties":{"n":"Lahangia","c":351319,"d":"Giridih","s":"JHARKHAND"}},{"arcs":[[6431,6432,-6419,6433,-4109,-4112,6434]],"type":"Polygon","properties":{"n":"Narayansinghdih","c":351300,"d":"Giridih","s":"JHARKHAND"}},{"arcs":[[-6433,6435,6436,-6420]],"type":"Polygon","properties":{"n":"Babudih","c":351298,"d":"Giridih","s":"JHARKHAND"}},{"arcs":[[-6432,6437,6438,-6436]],"type":"Polygon","properties":{"n":"Kasiotol","c":351299,"d":"Giridih","s":"JHARKHAND"}},{"arcs":[[6439,6440,-6424,-6423,-6421,-6437,-6439]],"type":"Polygon","properties":{"n":"Tulsidih","c":351297,"d":"Giridih","s":"JHARKHAND"}},{"arcs":[[6441,-6425,-6441]],"type":"Polygon","properties":{"n":"Tikodih","c":351296,"d":"Giridih","s":"JHARKHAND"}},{"arcs":[[-6427,6442,6443,6444,6445,-6429]],"type":"Polygon","properties":{"n":"Balidih","c":351294,"d":"Giridih","s":"JHARKHAND"}},{"arcs":[[6446,6447,6448,6449,6450,6451,6452,6453,-6445]],"type":"Polygon","properties":{"n":"Shali","c":351192,"d":"Giridih","s":"JHARKHAND"}},{"arcs":[[-6444,6454,6455,6456,-6447]],"type":"Polygon","properties":{"n":"Bholapur","c":351191,"d":"Giridih","s":"JHARKHAND"}},{"arcs":[[6457,6458,-6448,-6457]],"type":"Polygon","properties":{"n":"Kusaia","c":351190,"d":"Giridih","s":"JHARKHAND"}},{"arcs":[[6459,6460,6461,-6449,-6459]],"type":"Polygon","properties":{"n":"Manritanr","c":351188,"d":"Giridih","s":"JHARKHAND"}},{"arcs":[[-6450,-6462,6462,6463,6464]],"type":"Polygon","properties":{"n":"Jaridi","c":351187,"d":"Giridih","s":"JHARKHAND"}},{"arcs":[[-6461,6465,6466,6467,6468,-6463]],"type":"Polygon","properties":{"n":"Kathwara","c":351185,"d":"Giridih","s":"JHARKHAND"}},{"arcs":[[6469,6470,6471,6472,6473,-6464,-6469]],"type":"Polygon","properties":{"n":"Remba","c":351186,"d":"Giridih","s":"JHARKHAND"}},{"arcs":[[-6465,-6474,6474,6475,-6451]],"type":"Polygon","properties":{"n":"Gaikuro","c":351196,"d":"Giridih","s":"JHARKHAND"}},{"arcs":[[6476,6477,6478,6479,6480,-6452,-6476]],"type":"Polygon","properties":{"n":"Saharjam","c":351195,"d":"Giridih","s":"JHARKHAND"}},{"arcs":[[6481,6482,6483,6484,6485,6486,-6453,-6481]],"type":"Polygon","properties":{"n":"Dhotho","c":351193,"d":"Giridih","s":"JHARKHAND"}},{"arcs":[[6487,-6430,-6446,-6454,-6487]],"type":"Polygon","properties":{"n":"Karodih","c":351293,"d":"Giridih","s":"JHARKHAND"}},{"arcs":[[-6486,6488,-6367,-6370,-6375,-6431,-6488]],"type":"Polygon","properties":{"n":"Kothwatanr","c":351292,"d":"Giridih","s":"JHARKHAND"}},{"arcs":[[-6489,-6485,6489,6490,6491,-6368]],"type":"Polygon","properties":{"n":"Dariadih","c":351238,"d":"Giridih","s":"JHARKHAND"}},{"arcs":[[6492,-6361,-6369]],"type":"Polygon","properties":{"n":"Dhardharo","c":351278,"d":"Giridih","s":"JHARKHAND"}},{"arcs":[[-6492,6493,6494,6495,-6362,-6493]],"type":"Polygon","properties":{"n":"Tetaryamo","c":351239,"d":"Giridih","s":"JHARKHAND"}},{"arcs":[[-6496,6496,-6350,-6355,-6363]],"type":"Polygon","properties":{"n":"Dharasinghtanr","c":351240,"d":"Giridih","s":"JHARKHAND"}},{"arcs":[[6497,6498,6499,6500]],"type":"Polygon","properties":{"n":"Barwadih","c":351228,"d":"Giridih","s":"JHARKHAND"}},{"arcs":[[6501,6502,-6501,6503,-6494,-6491]],"type":"Polygon","properties":{"n":"Nimadih","c":351229,"d":"Giridih","s":"JHARKHAND"}},{"arcs":[[-6490,-6484,6504,6505,-6502]],"type":"Polygon","properties":{"n":"Nawaser","c":351237,"d":"Giridih","s":"JHARKHAND"}},{"arcs":[[-6480,6506,6507,6508,-6482]],"type":"Polygon","properties":{"n":"Nawaser","c":351194,"d":"Giridih","s":"JHARKHAND"}},{"arcs":[[6509,6510,-6505,-6483,-6509]],"type":"Polygon","properties":{"n":"Balaidih","c":351236,"d":"Giridih","s":"JHARKHAND"}},{"arcs":[[6511,6512,-6498,-6503,-6506,-6511]],"type":"Polygon","properties":{"n":"Naiatanr","c":351230,"d":"Giridih","s":"JHARKHAND"}},{"arcs":[[6513,6514,6515,6516,6517,6518,-6351,-6497,-6495,-6504,-6500]],"type":"Polygon","properties":{"n":"Pobi","c":351242,"d":"Giridih","s":"JHARKHAND"}},{"arcs":[[6519,6520,6521,-6340,-6344,-6347,-6352,-6519]],"type":"Polygon","properties":{"n":"Ahardih","c":351247,"d":"Giridih","s":"JHARKHAND"}},{"arcs":[[6522,-6320,-6334,-6341,-6522]],"type":"Polygon","properties":{"n":"Jagarnathdih","c":351246,"d":"Giridih","s":"JHARKHAND"}},{"arcs":[[-6521,6523,6524,6525,-6321,-6523]],"type":"Polygon","properties":{"n":"Pargodih","c":351245,"d":"Giridih","s":"JHARKHAND"}},{"arcs":[[6526,-6517,6527,6528,6529,6530,-6525]],"type":"Polygon","properties":{"n":"Chakmanjo","c":351243,"d":"Giridih","s":"JHARKHAND"}},{"arcs":[[-6524,-6520,-6518,-6527]],"type":"Polygon","properties":{"n":"Sandih","c":351244,"d":"Giridih","s":"JHARKHAND"}},{"arcs":[[-6516,6531,6532,6533,-6528]],"type":"Polygon","properties":{"n":"Tejpur","c":351221,"d":"Giridih","s":"JHARKHAND"}},{"arcs":[[-6515,6534,6535,6536,6537,-6532]],"type":"Polygon","properties":{"n":"Chapadah","c":351222,"d":"Giridih","s":"JHARKHAND"}},{"arcs":[[6538,6539,6540,-6533,-6538]],"type":"Polygon","properties":{"n":"Padumtola","c":351223,"d":"Giridih","s":"JHARKHAND"}},{"arcs":[[6541,6542,-6529,-6534,-6541]],"type":"Polygon","properties":{"n":"Mangodih","c":351220,"d":"Giridih","s":"JHARKHAND"}},{"arcs":[[-6543,6543,6544,6545,-6530]],"type":"Polygon","properties":{"n":"Khambharbad","c":351219,"d":"Giridih","s":"JHARKHAND"}},{"arcs":[[6546,6547,6548]],"type":"Polygon","properties":{"n":"Chanddih","c":351411,"d":"Giridih","s":"JHARKHAND"}},{"arcs":[[-3268,6549,-6547,6550,-2641]],"type":"Polygon","properties":{"n":"Belkundi","c":351413,"d":"Giridih","s":"JHARKHAND"}},{"arcs":[[6551,6552,-2670,-2667]],"type":"Polygon","properties":{"n":"Rajgarh","c":351217,"d":"Giridih","s":"JHARKHAND"}},{"arcs":[[-2671,-6553,6553,6554,6555,-2724]],"type":"Polygon","properties":{"n":"Charghara","c":351216,"d":"Giridih","s":"JHARKHAND"}},{"arcs":[[6556,6557,6558,6559,6560,6561,6562,-6554]],"type":"Polygon","properties":{"n":"Dongodih","c":351215,"d":"Giridih","s":"JHARKHAND"}},{"arcs":[[-6558,6563,-6539,-6537,6564,6565]],"type":"Polygon","properties":{"n":"Dudhania","c":351224,"d":"Giridih","s":"JHARKHAND"}},{"arcs":[[6566,-6559,-6566]],"type":"Polygon","properties":{"n":"Alardih","c":351225,"d":"Giridih","s":"JHARKHAND"}},{"arcs":[[-6567,-6565,-6536,6567,6568,6569,6570,-6560]],"type":"Polygon","properties":{"n":"Katariatanr","c":351226,"d":"Giridih","s":"JHARKHAND"}},{"arcs":[[-6535,-6514,-6499,6571,-6568]],"type":"Polygon","properties":{"n":"Raiyodih","c":351227,"d":"Giridih","s":"JHARKHAND"}},{"arcs":[[-6513,6572,6573,-6569,-6572]],"type":"Polygon","properties":{"n":"Dhuraita","c":351231,"d":"Giridih","s":"JHARKHAND"}},{"arcs":[[-6512,-6510,-6508,6574,6575,-6573]],"type":"Polygon","properties":{"n":"Mahesh Raidih","c":351235,"d":"Giridih","s":"JHARKHAND"}},{"arcs":[[-6576,6576,6577,6578,-6570,-6574]],"type":"Polygon","properties":{"n":"Pachdiha","c":351232,"d":"Giridih","s":"JHARKHAND"}},{"arcs":[[-6577,-6575,-6507,-6479,6579]],"type":"Polygon","properties":{"n":"Nayakdih","c":351234,"d":"Giridih","s":"JHARKHAND"}},{"arcs":[[-6478,6580,6581,6582,6583,-6578,-6580]],"type":"Polygon","properties":{"n":"Khandidih","c":351233,"d":"Giridih","s":"JHARKHAND"}},{"arcs":[[6584,6585,-6561,-6571,-6579,-6584]],"type":"Polygon","properties":{"n":"Fateha","c":351211,"d":"Giridih","s":"JHARKHAND"}},{"arcs":[[6586,6587,-6585]],"type":"Polygon","properties":{"n":"Singradih","c":351210,"d":"Giridih","s":"JHARKHAND"}},{"arcs":[[-6583,6588,6589,6590,6591,-6587]],"type":"Polygon","properties":{"n":"Khariodih Dhuraita","c":351209,"d":"Giridih","s":"JHARKHAND"}},{"arcs":[[-6477,-6475,-6473,6592,6593,-6581]],"type":"Polygon","properties":{"n":"Ratanpura","c":351198,"d":"Giridih","s":"JHARKHAND"}},{"arcs":[[6594,6595,-6589,-6582,-6594]],"type":"Polygon","properties":{"n":"Kurumdiha","c":351199,"d":"Giridih","s":"JHARKHAND"}},{"arcs":[[-6593,-6472,6596,6597,6598,-6595]],"type":"Polygon","properties":{"n":"Malho","c":351200,"d":"Giridih","s":"JHARKHAND"}},{"arcs":[[6599,-6591,6600,6601]],"type":"Polygon","properties":{"n":"Chamtadih","c":351208,"d":"Giridih","s":"JHARKHAND"}},{"arcs":[[6602,-6562,-6586,-6588,-6592,-6600,6603]],"type":"Polygon","properties":{"n":"Khariodih Chakmanjo","c":351212,"d":"Giridih","s":"JHARKHAND"}},{"arcs":[[6604,-6604,-6602,6605,6606,-3241]],"type":"Polygon","properties":{"n":"Palmo","c":351213,"d":"Giridih","s":"JHARKHAND"}},{"arcs":[[-6601,-6590,-6596,-6599,6607,6608,-6606]],"type":"Polygon","properties":{"n":"Tilauna","c":351207,"d":"Giridih","s":"JHARKHAND"}},{"arcs":[[-6598,6609,6610,6611,6612,-6608]],"type":"Polygon","properties":{"n":"Sibudih","c":351202,"d":"Giridih","s":"JHARKHAND"}},{"arcs":[[-6607,-6609,-6613,6613,6614,6615,-3242]],"type":"Polygon","properties":{"n":"Surja","c":351206,"d":"Giridih","s":"JHARKHAND"}},{"arcs":[[-6597,-6471,6616,6617,-6610]],"type":"Polygon","properties":{"n":"Nairo","c":351201,"d":"Giridih","s":"JHARKHAND"}},{"arcs":[[6618,6619,6620,-6611,-6618]],"type":"Polygon","properties":{"n":"Lawanatanr","c":351182,"d":"Giridih","s":"JHARKHAND"}},{"arcs":[[6621,6622,6623,6624,6625,6626,-6620]],"type":"Polygon","properties":{"n":"Jamdiha","c":351181,"d":"Giridih","s":"JHARKHAND"}},{"arcs":[[6627,-6626,6628,-3184,-3227,-3229,-3308]],"type":"Polygon","properties":{"n":"Jam Khukhro","c":350820,"d":"Giridih","s":"JHARKHAND"}},{"arcs":[[6629,6630,6631,-3910,-4121,-4122,-3905,-3895,-3174,-3187]],"type":"Polygon","properties":{"n":"Karihari","c":351174,"d":"Giridih","s":"JHARKHAND"}},{"arcs":[[6632,6633,6634,6635,6636,6637,-6631]],"type":"Polygon","properties":{"n":"Dhibitanr","c":351172,"d":"Giridih","s":"JHARKHAND"}},{"arcs":[[6638,6639,-6624,6640,-6634]],"type":"Polygon","properties":{"n":"Barwadih","c":351171,"d":"Giridih","s":"JHARKHAND"}},{"arcs":[[-6641,-6623,6641,6642,-6635]],"type":"Polygon","properties":{"n":"Garagdiha","c":351180,"d":"Giridih","s":"JHARKHAND"}},{"arcs":[[6643,6644,6645,-6636,-6643]],"type":"Polygon","properties":{"n":"Churjhari Alias Danutanr","c":351179,"d":"Giridih","s":"JHARKHAND"}},{"arcs":[[6646,-3976,-3967,6647]],"type":"Polygon","properties":{"n":"Durgesaran","c":351177,"d":"Giridih","s":"JHARKHAND"}},{"arcs":[[6648,-3981,-3971,-6647,-6645]],"type":"Polygon","properties":{"n":"Bhandaro","c":351178,"d":"Giridih","s":"JHARKHAND"}},{"arcs":[[-5872,6649,-2088,-2303,-2305,-2307,-5975]],"type":"Polygon","properties":{"n":"Chachghara","c":351333,"d":"Giridih","s":"JHARKHAND"}},{"arcs":[[-5867,-686,-691,-694,-701,-6650,-5871]],"type":"Polygon","properties":{"n":"Mokariya","c":351334,"d":"Giridih","s":"JHARKHAND"}},{"arcs":[[-1424,-1835,-1837,6650,-658,-885,-5852,-5859,6651]],"type":"Polygon","properties":{"n":"Berhabad","c":351369,"d":"Giridih","s":"JHARKHAND"}},{"arcs":[[-1257,-652,-659,-6651,-1836]],"type":"Polygon","properties":{"n":"Kirtaniadih","c":351368,"d":"Giridih","s":"JHARKHAND"}},{"arcs":[[-6045,-1419,-1425,-6652,-5858,-5951,-5953,-5955,-6049]],"type":"Polygon","properties":{"n":"Narobad","c":351371,"d":"Giridih","s":"JHARKHAND"}},{"arcs":[[-1426,-1422,-6144,6652]],"type":"Polygon","properties":{"n":"Auragaro","c":351387,"d":"Giridih","s":"JHARKHAND"}},{"arcs":[[-1441,6653,-6149,6654]],"type":"Polygon","properties":{"n":"Gambhardih","c":351436,"d":"Giridih","s":"JHARKHAND"}},{"arcs":[[-6151,-6150,-6654,-1440,-1427,-6653,-6145,-6141,-6143,-6137,-6134,-6131,-6168,-6165,-6155]],"type":"Polygon","properties":{"n":"Kurhobindo","c":351388,"d":"Giridih","s":"JHARKHAND"}},{"arcs":[[-1442,-6655,-6148,-6173,6655]],"type":"Polygon","properties":{"n":"Okharsal","c":351437,"d":"Giridih","s":"JHARKHAND"}},{"arcs":[[-6175,-1465,-1443,-6656,-6172,-6228,-6224,-6222]],"type":"Polygon","properties":{"n":"Gadikhurd","c":351438,"d":"Giridih","s":"JHARKHAND"}},{"arcs":[[-6203,-6201,-6216,-6290,-6304,6656,-1570,-1827]],"type":"Polygon","properties":{"n":"Chaura","c":351461,"d":"Giridih","s":"JHARKHAND"}},{"arcs":[[-1571,-6657,-6303,-6291,-1573]],"type":"Polygon","properties":{"n":"Dharaitol","c":351460,"d":"Giridih","s":"JHARKHAND"}},{"arcs":[[-6241,-6162,-6167,-6169,-6126,-6129,-6124,-6326,-6329,-6316,6657,-3269,-2386]],"type":"Polygon","properties":{"n":"Lataki","c":351405,"d":"Giridih","s":"JHARKHAND"}},{"arcs":[[-3270,-6658,-6324,6658]],"type":"Polygon","properties":{"n":"Tanrbigha","c":351409,"d":"Giridih","s":"JHARKHAND"}},{"arcs":[[6659,-6545,6660,-2643]],"type":"Polygon","properties":{"n":" ","c":0,"d":"Giridih","s":"JHARKHAND"}},{"arcs":[[-2658,-2654,-2644,-6661,-6544,-6542,-6540,-6564,-6557,-6552,-2666,-2663]],"type":"Polygon","properties":{"n":"Gando","c":351218,"d":"Giridih","s":"JHARKHAND"}},{"arcs":[[-2725,-6556,6661,-3239,-2723]],"type":"Polygon","properties":{"n":"Khaslodih Chakmanjo","c":350777,"d":"Giridih","s":"JHARKHAND"}},{"arcs":[[-6555,-6563,-6603,-6605,-3240,-6662]],"type":"Polygon","properties":{"n":"Charghara Kisgo","c":351214,"d":"Giridih","s":"JHARKHAND"}},{"arcs":[[-3243,-6616,6662,-3301]],"type":"Polygon","properties":{"n":"Dasaundhidih","c":351205,"d":"Giridih","s":"JHARKHAND"}},{"arcs":[[-6663,-6615,6663,-3306,-3304,-3302]],"type":"Polygon","properties":{"n":"Bhuchrobad","c":351204,"d":"Giridih","s":"JHARKHAND"}},{"arcs":[[-6664,-6614,-6612,-6621,-6627,-6628,-3307]],"type":"Polygon","properties":{"n":"Sihodih","c":351203,"d":"Giridih","s":"JHARKHAND"}},{"arcs":[[-6625,-6640,6664,-3185,-6629]],"type":"Polygon","properties":{"n":"Pandeydih","c":351170,"d":"Giridih","s":"JHARKHAND"}},{"arcs":[[-6665,-6639,-6633,-6630,-3186]],"type":"Polygon","properties":{"n":"Dangardih","c":351173,"d":"Giridih","s":"JHARKHAND"}},{"arcs":[[-6638,6665,-3906,-6632]],"type":"Polygon","properties":{"n":"Surhi","c":351175,"d":"Giridih","s":"JHARKHAND"}},{"arcs":[[-6637,-6646,-6648,-3970,-3965,-4114,-4115,-4118,-3907,-6666]],"type":"Polygon","properties":{"n":"Chungalkhar","c":351176,"d":"Giridih","s":"JHARKHAND"}},{"arcs":[[-6617,-6470,-6468,6666,-3982,-6649,-6644,-6642,-6622,-6619]],"type":"Polygon","properties":{"n":"Patardih","c":351183,"d":"Giridih","s":"JHARKHAND"}},{"arcs":[[6667,-3977,-6667,-6467]],"type":"Polygon","properties":{"n":"Dhiro Singha","c":351184,"d":"Giridih","s":"JHARKHAND"}},{"arcs":[[-6466,-6460,-6458,-6456,6668,-3986,-3978,-6668]],"type":"Polygon","properties":{"n":"Jarsoti","c":351189,"d":"Giridih","s":"JHARKHAND"}},{"arcs":[[-6455,-6443,-6426,-6442,-6440,-6438,-6435,-4111,-3983,-6669]],"type":"Polygon","properties":{"n":"Pindarsot","c":351295,"d":"Giridih","s":"JHARKHAND"}},{"arcs":[[-6418,6669,-4103,-4106,-4110,-6434]],"type":"Polygon","properties":{"n":"Lendhasimar","c":351301,"d":"Giridih","s":"JHARKHAND"}},{"arcs":[[-6412,6670,-4060,-4056,-4104,-6670,-6417]],"type":"Polygon","properties":{"n":"Jharkhandi","c":351303,"d":"Giridih","s":"JHARKHAND"}},{"arcs":[[-6411,-6401,-6398,6671,-4063,-4057,-6671]],"type":"Polygon","properties":{"n":"Danutanr","c":351304,"d":"Giridih","s":"JHARKHAND"}},{"arcs":[[-6397,-6394,-6392,6672,-2316,-2319,-2320,-4064,-6672]],"type":"Polygon","properties":{"n":"Dhurgargi","c":351307,"d":"Giridih","s":"JHARKHAND"}},{"arcs":[[-6391,-2104,-2317,-6673]],"type":"Polygon","properties":{"n":"Dalia","c":351308,"d":"Giridih","s":"JHARKHAND"}},{"arcs":[[-2642,-6551,-6549,6673,-6322,-6526,-6531,-6546,-6660]],"type":"Polygon","properties":{"n":"Kharagdiha","c":351412,"d":"Giridih","s":"JHARKHAND"}},{"arcs":[[-3271,-6659,-6323,-6674,-6548,-6550,-3267]],"type":"Polygon","properties":{"n":"Karhadih","c":351410,"d":"Giridih","s":"JHARKHAND"}},{"arcs":[[6674,6675,6676,6677,6678,6679,6680,6681,6682,6683,6684,-4186,-4187,-4192,-4645,-4195,-4197,-4644,-4203,-4221,-4235,-4239,-4238,-4666,-4664,-4351,-4357,-4367,-4713,-4711,-4715,-4392,6685,6686,6687]],"type":"Polygon","properties":{"n":"Parasnath Hill","c":352854,"d":"Giridih","s":"JHARKHAND"}},{"arcs":[[6688,6689,6690,6691,-6684,6692]],"type":"Polygon","properties":{"n":"Madhukata","c":352923,"d":"Giridih","s":"JHARKHAND"}},{"arcs":[[-6683,6693,-6693]],"type":"Polygon","properties":{"n":"Gardih","c":352875,"d":"Giridih","s":"JHARKHAND"}},{"arcs":[[-6682,6694,6695,6696,6697,-6689,-6694]],"type":"Polygon","properties":{"n":"Marmi","c":352922,"d":"Giridih","s":"JHARKHAND"}},{"arcs":[[6698,6699,6700,-6690,-6698]],"type":"Polygon","properties":{"n":"Sohraia","c":352924,"d":"Giridih","s":"JHARKHAND"}},{"arcs":[[6701,6702,6703,6704,6705,-6700]],"type":"Polygon","properties":{"n":"madhukatta","c":352919,"d":"Giridih","s":"JHARKHAND"}},{"arcs":[[-6699,-6697,6706,6707,-6702]],"type":"Polygon","properties":{"n":"Dhudkitanr","c":352920,"d":"Giridih","s":"JHARKHAND"}},{"arcs":[[-6696,6708,6709,-6707]],"type":"Polygon","properties":{"n":"Karmatanr Alias Latlahidih","c":352921,"d":"Giridih","s":"JHARKHAND"}},{"arcs":[[-6695,-6681,6710,6711,-6709]],"type":"Polygon","properties":{"n":"Balki Pahari","c":352876,"d":"Giridih","s":"JHARKHAND"}},{"arcs":[[6712,6713,6714,6715,6716,-6703,-6708,-6710,-6712]],"type":"Polygon","properties":{"n":"noukonia","c":352880,"d":"Giridih","s":"JHARKHAND"}},{"arcs":[[-6711,6717,6718,6719,-6713]],"type":"Polygon","properties":{"n":"Kolhatanr","c":352877,"d":"Giridih","s":"JHARKHAND"}},{"arcs":[[-6680,6720,6721,-6718]],"type":"Polygon","properties":{"n":"Chatro","c":352874,"d":"Giridih","s":"JHARKHAND"}},{"arcs":[[6722,6723,6724,6725,-6676]],"type":"Polygon","properties":{"n":"Pipradih","c":352869,"d":"Giridih","s":"JHARKHAND"}},{"arcs":[[6726,6727,6728,-6677,-6726]],"type":"Polygon","properties":{"n":"Korwatanr","c":352870,"d":"Giridih","s":"JHARKHAND"}},{"arcs":[[6729,6730,6731,-6678,-6729]],"type":"Polygon","properties":{"n":"Belatanr","c":352871,"d":"Giridih","s":"JHARKHAND"}},{"arcs":[[6732,6733,6734,-6721,-6679,-6732]],"type":"Polygon","properties":{"n":"Baraddihkhurd","c":352872,"d":"Giridih","s":"JHARKHAND"}},{"arcs":[[6735,6736,-6719,-6722,-6735]],"type":"Polygon","properties":{"n":"Baritanr","c":352873,"d":"Giridih","s":"JHARKHAND"}},{"arcs":[[6737,6738,-6714,-6720,-6737]],"type":"Polygon","properties":{"n":"Chapri","c":352878,"d":"Giridih","s":"JHARKHAND"}},{"arcs":[[6739,6740,-6715,-6739]],"type":"Polygon","properties":{"n":"ghoskari","c":352884,"d":"Giridih","s":"JHARKHAND"}},{"arcs":[[6741,6742,6743,6744,6745,-6716,-6741]],"type":"Polygon","properties":{"n":"Maheshduba","c":352879,"d":"Giridih","s":"JHARKHAND"}},{"arcs":[[-6740,-6738,6746,6747,6748,-6742]],"type":"Polygon","properties":{"n":"khairatanr","c":352886,"d":"Giridih","s":"JHARKHAND"}},{"arcs":[[-6736,-6734,6749,6750,6751,6752,-6747]],"type":"Polygon","properties":{"n":"Parbatpur","c":352887,"d":"Giridih","s":"JHARKHAND"}},{"arcs":[[-6733,-6731,6753,6754,6755,-6750]],"type":"Polygon","properties":{"n":"Nawadih","c":352888,"d":"Giridih","s":"JHARKHAND"}},{"arcs":[[-6730,-6728,6756,6757,6758,-6754]],"type":"Polygon","properties":{"n":"Pandeydih","c":352889,"d":"Giridih","s":"JHARKHAND"}},{"arcs":[[-6727,-6725,6759,6760,-6757]],"type":"Polygon","properties":{"n":"Bholatanr","c":352868,"d":"Giridih","s":"JHARKHAND"}},{"arcs":[[-6724,6761,6762,6763,-6760]],"type":"Polygon","properties":{"n":"Beri","c":352867,"d":"Giridih","s":"JHARKHAND"}},{"arcs":[[-6762,-6723,-6675,6764,6765]],"type":"Polygon","properties":{"n":"Moujpur","c":352866,"d":"Giridih","s":"JHARKHAND"}},{"arcs":[[-6688,6766,-6765]],"type":"Polygon","properties":{"n":"Telanchipa","c":352855,"d":"Giridih","s":"JHARKHAND"}},{"arcs":[[-6687,6767,6768,6769,6770,-6767]],"type":"Polygon","properties":{"n":"Madhuban","c":352856,"d":"Giridih","s":"JHARKHAND"}},{"arcs":[[6771,-6768,-6686,-4714,-4394,6772]],"type":"Polygon","properties":{"n":"Jainagar","c":352853,"d":"Giridih","s":"JHARKHAND"}},{"arcs":[[6773,6774,6775,-6773,-4397,-4398,-4412,6776]],"type":"Polygon","properties":{"n":"Singhpur","c":352852,"d":"Giridih","s":"JHARKHAND"}},{"arcs":[[6777,-6769,-6772,-6776]],"type":"Polygon","properties":{"n":"Birangadda","c":352857,"d":"Giridih","s":"JHARKHAND"}},{"arcs":[[-6775,6778,6779,6780,-6770,-6778]],"type":"Polygon","properties":{"n":"Khapebera","c":352858,"d":"Giridih","s":"JHARKHAND"}},{"arcs":[[6781,6782,-6763,-6766,-6771]],"type":"Polygon","properties":{"n":"Baiganbari","c":352865,"d":"Giridih","s":"JHARKHAND"}},{"arcs":[[-6781,6783,6784,6785,6786,-6782]],"type":"Polygon","properties":{"n":"Pokharia","c":352859,"d":"Giridih","s":"JHARKHAND"}},{"arcs":[[6787,6788,6789,-6786]],"type":"Polygon","properties":{"n":"Karlo","c":352860,"d":"Giridih","s":"JHARKHAND"}},{"arcs":[[6790,6791,6792,6793,-6758,-6761,-6764,-6783,-6787,-6790]],"type":"Polygon","properties":{"n":"Kenduadih","c":352864,"d":"Giridih","s":"JHARKHAND"}},{"arcs":[[6794,6795,6796,-6755,-6759,-6794]],"type":"Polygon","properties":{"n":"Bikatpur","c":352890,"d":"Giridih","s":"JHARKHAND"}},{"arcs":[[-6793,6797,6798,6799,-6795]],"type":"Polygon","properties":{"n":"Jamunia Chuan","c":352891,"d":"Giridih","s":"JHARKHAND"}},{"arcs":[[6800,6801,6802,6803,-6799]],"type":"Polygon","properties":{"n":"Bhawanpur","c":352825,"d":"Giridih","s":"JHARKHAND"}},{"arcs":[[-6798,-6792,6804,6805,6806,-6801]],"type":"Polygon","properties":{"n":"Kamla Singha","c":352863,"d":"Giridih","s":"JHARKHAND"}},{"arcs":[[6807,6808,6809,6810,6811,-6802,-6807]],"type":"Polygon","properties":{"n":"Dhawatanr","c":352826,"d":"Giridih","s":"JHARKHAND"}},{"arcs":[[-6806,6812,6813,6814,-6808]],"type":"Polygon","properties":{"n":"Barasingha","c":352862,"d":"Giridih","s":"JHARKHAND"}},{"arcs":[[-6805,-6791,-6789,6815,-6813]],"type":"Polygon","properties":{"n":"Kanadih","c":352861,"d":"Giridih","s":"JHARKHAND"}},{"arcs":[[-6788,-6785,6816,6817,6818,6819,6820,6821,-6814,-6816]],"type":"Polygon","properties":{"n":"Bandh","c":352832,"d":"Giridih","s":"JHARKHAND"}},{"arcs":[[6822,6823,6824,6825,-6809,-6815,-6822]],"type":"Polygon","properties":{"n":"Majira","c":352827,"d":"Giridih","s":"JHARKHAND"}},{"arcs":[[6826,6827,6828,-6824]],"type":"Polygon","properties":{"n":"Goladabar","c":352829,"d":"Giridih","s":"JHARKHAND"}},{"arcs":[[6829,6830,6831,6832,-6825,-6829]],"type":"Polygon","properties":{"n":"Karando","c":352828,"d":"Giridih","s":"JHARKHAND"}},{"arcs":[[6833,6834,6835,6836,-6832]],"type":"Polygon","properties":{"n":"Pandnatanr","c":352817,"d":"Giridih","s":"JHARKHAND"}},{"arcs":[[6837,6838,6839,-6834,-6831]],"type":"Polygon","properties":{"n":"Karmatanr","c":352773,"d":"Giridih","s":"JHARKHAND"}},{"arcs":[[-6830,-6828,6840,6841,-6838]],"type":"Polygon","properties":{"n":"Kasakend","c":352830,"d":"Giridih","s":"JHARKHAND"}},{"arcs":[[-6827,-6823,-6821,6842,6843,6844,-6841]],"type":"Polygon","properties":{"n":"Rajo","c":352831,"d":"Giridih","s":"JHARKHAND"}},{"arcs":[[6845,6846,6847,-6844]],"type":"Polygon","properties":{"n":"Jamua","c":352772,"d":"Giridih","s":"JHARKHAND"}},{"arcs":[[-6847,6848,6849,6850]],"type":"Polygon","properties":{"n":"Hasalo","c":352771,"d":"Giridih","s":"JHARKHAND"}},{"arcs":[[6851,-6819,6852,6853,6854,-6849]],"type":"Polygon","properties":{"n":"Ghatiari","c":352834,"d":"Giridih","s":"JHARKHAND"}},{"arcs":[[-6846,-6843,-6820,-6852]],"type":"Polygon","properties":{"n":"Madhupur","c":352833,"d":"Giridih","s":"JHARKHAND"}},{"arcs":[[-6818,6855,6856,6857,-6853]],"type":"Polygon","properties":{"n":"Nawadih","c":352836,"d":"Giridih","s":"JHARKHAND"}},{"arcs":[[-6817,-6784,-6780,6858,6859,6860,6861,-6856]],"type":"Polygon","properties":{"n":"Chirki","c":352837,"d":"Giridih","s":"JHARKHAND"}},{"arcs":[[-6861,6862,6863,6864,6865,6866]],"type":"Polygon","properties":{"n":"Majhladih","c":352840,"d":"Giridih","s":"JHARKHAND"}},{"arcs":[[6867,6868,-6857,-6862,-6867]],"type":"Polygon","properties":{"n":"Pirtanr","c":352838,"d":"Giridih","s":"JHARKHAND"}},{"arcs":[[6869,6870,6871,-6854,-6858,-6869]],"type":"Polygon","properties":{"n":"Patharghatia","c":352835,"d":"Giridih","s":"JHARKHAND"}},{"arcs":[[-6868,-6866,6872,-6870]],"type":"Polygon","properties":{"n":"Taratanr","c":352839,"d":"Giridih","s":"JHARKHAND"}},{"arcs":[[6873,6874,6875,6876,-6871,-6873]],"type":"Polygon","properties":{"n":"Majhidih","c":352765,"d":"Giridih","s":"JHARKHAND"}},{"arcs":[[6877,6878,-6850,-6855,-6872,-6877]],"type":"Polygon","properties":{"n":"Purnanagar","c":352770,"d":"Giridih","s":"JHARKHAND"}},{"arcs":[[6879,6880,6881,-6879]],"type":"Polygon","properties":{"n":"Pandedih","c":352769,"d":"Giridih","s":"JHARKHAND"}},{"arcs":[[-6878,6882,6883,6884,-6880]],"type":"Polygon","properties":{"n":"Bisaibhitha","c":352767,"d":"Giridih","s":"JHARKHAND"}},{"arcs":[[-6876,6885,6886,-6883]],"type":"Polygon","properties":{"n":"Baramasia","c":352766,"d":"Giridih","s":"JHARKHAND"}},{"arcs":[[6887,6888,-6881,-6885]],"type":"Polygon","properties":{"n":"Kenduadih","c":352768,"d":"Giridih","s":"JHARKHAND"}},{"arcs":[[6889]],"type":"Polygon","properties":{"n":"Mahadeodih","c":352775,"d":"Giridih","s":"JHARKHAND"}},{"arcs":[[6890,6891,6892,-6835,-6840]],"type":"Polygon","properties":{"n":"Masnutanr","c":352816,"d":"Giridih","s":"JHARKHAND"}},{"arcs":[[6893,6894,6895,6896,-6892]],"type":"Polygon","properties":{"n":"Dumariakhalar","c":352789,"d":"Giridih","s":"JHARKHAND"}},{"arcs":[[6897,6898,6899,6900,6901,-6893,-6897]],"type":"Polygon","properties":{"n":"Bardahi","c":352815,"d":"Giridih","s":"JHARKHAND"}},{"arcs":[[6902,6903,6904,-6836,-6902]],"type":"Polygon","properties":{"n":"Chilga","c":352818,"d":"Giridih","s":"JHARKHAND"}},{"arcs":[[6905,6906,-6833,-6837,-6905]],"type":"Polygon","properties":{"n":"Kangodih","c":352819,"d":"Giridih","s":"JHARKHAND"}},{"arcs":[[6907,6908,-6826,-6907]],"type":"Polygon","properties":{"n":"Dubiabera","c":352820,"d":"Giridih","s":"JHARKHAND"}},{"arcs":[[6909,6910,6911,6912,-6810,-6909]],"type":"Polygon","properties":{"n":"Bariarpur","c":352821,"d":"Giridih","s":"JHARKHAND"}},{"arcs":[[6913,6914,6915,-6811,-6913]],"type":"Polygon","properties":{"n":"Chethrudih","c":352823,"d":"Giridih","s":"JHARKHAND"}},{"arcs":[[6916,-6803,-6812,-6916]],"type":"Polygon","properties":{"n":"Maheshpur","c":352824,"d":"Giridih","s":"JHARKHAND"}},{"arcs":[[-6915,6917,-6911,6918,6919,6920,6921,6922,6923,6924,6925,-6796,-6800,-6804,-6917]],"type":"Polygon","properties":{"n":"Khukhra","c":352899,"d":"Giridih","s":"JHARKHAND"}},{"arcs":[[6926,6927,6928,-6751,-6756,-6797,-6926]],"type":"Polygon","properties":{"n":"Ashoraidih","c":352892,"d":"Giridih","s":"JHARKHAND"}},{"arcs":[[6929,6930,-6752,-6929]],"type":"Polygon","properties":{"n":"Jahajpur","c":352893,"d":"Giridih","s":"JHARKHAND"}},{"arcs":[[6931,6932,-6930,-6928]],"type":"Polygon","properties":{"n":"Sudhabad","c":352896,"d":"Giridih","s":"JHARKHAND"}},{"arcs":[[-6927,-6925,6933,6934,6935,-6932]],"type":"Polygon","properties":{"n":"Taratanr","c":352897,"d":"Giridih","s":"JHARKHAND"}},{"arcs":[[6936,-6933,-6936]],"type":"Polygon","properties":{"n":"Dudhimati","c":352895,"d":"Giridih","s":"JHARKHAND"}},{"arcs":[[-6935,6937,6938,6939,-6748,-6753,-6931,-6937]],"type":"Polygon","properties":{"n":"Karmatanr","c":352894,"d":"Giridih","s":"JHARKHAND"}},{"arcs":[[-6743,-6749,-6940]],"type":"Polygon","properties":{"n":"Majhladih","c":352885,"d":"Giridih","s":"JHARKHAND"}},{"arcs":[[6940,6941,-6744,-6939]],"type":"Polygon","properties":{"n":"Bastapur","c":352883,"d":"Giridih","s":"JHARKHAND"}},{"arcs":[[-6934,-6924,6942,-6938]],"type":"Polygon","properties":{"n":"Bhagalpur","c":352898,"d":"Giridih","s":"JHARKHAND"}},{"arcs":[[-6923,6943,6944,6945,-6941,-6943]],"type":"Polygon","properties":{"n":"Dhanaidih","c":352913,"d":"Giridih","s":"JHARKHAND"}},{"arcs":[[6946,6947,6948,6949,6950,-6745,-6942,-6946]],"type":"Polygon","properties":{"n":"Tuio","c":352882,"d":"Giridih","s":"JHARKHAND"}},{"arcs":[[6951,-6704,-6717,-6746,-6951]],"type":"Polygon","properties":{"n":"Basotanr","c":352881,"d":"Giridih","s":"JHARKHAND"}},{"arcs":[[6952,6953,6954,-6705,-6952]],"type":"Polygon","properties":{"n":"Hariladih","c":352918,"d":"Giridih","s":"JHARKHAND"}},{"arcs":[[6955,6956,6957,6958,6959,6960,-6954]],"type":"Polygon","properties":{"n":"Rajpura","c":352933,"d":"Giridih","s":"JHARKHAND"}},{"arcs":[[6961,6962,6963,6964,-6959]],"type":"Polygon","properties":{"n":"Barhagari","c":352932,"d":"Giridih","s":"JHARKHAND"}},{"arcs":[[-6958,6965,6966,6967,6968,6969,-6962]],"type":"Polygon","properties":{"n":"Ambadih","c":352934,"d":"Giridih","s":"JHARKHAND"}},{"arcs":[[-6953,-6950,6970,-6956]],"type":"Polygon","properties":{"n":"Datelwa","c":352917,"d":"Giridih","s":"JHARKHAND"}},{"arcs":[[-6949,6971,-6966,-6957,-6971]],"type":"Polygon","properties":{"n":"Sobranpur","c":352916,"d":"Giridih","s":"JHARKHAND"}},{"arcs":[[-6948,6972,-6967,-6972]],"type":"Polygon","properties":{"n":"Ojibad","c":352915,"d":"Giridih","s":"JHARKHAND"}},{"arcs":[[-6947,-6945,6973,6974,6975,6976,-6968,-6973]],"type":"Polygon","properties":{"n":"Chirudih","c":352914,"d":"Giridih","s":"JHARKHAND"}},{"arcs":[[-6944,-6922,6977,-6974]],"type":"Polygon","properties":{"n":"Sindurpur","c":352912,"d":"Giridih","s":"JHARKHAND"}},{"arcs":[[6978,6979,6980,-6976]],"type":"Polygon","properties":{"n":"Naiatanr","c":352909,"d":"Giridih","s":"JHARKHAND"}},{"arcs":[[-6975,-6978,-6921,6981,-6979]],"type":"Polygon","properties":{"n":"Bahadurpur","c":352911,"d":"Giridih","s":"JHARKHAND"}},{"arcs":[[-6920,6982,6983,6984,6985,-6980,-6982]],"type":"Polygon","properties":{"n":"Hirapur","c":352910,"d":"Giridih","s":"JHARKHAND"}},{"arcs":[[-6919,-6910,6986,-6983]],"type":"Polygon","properties":{"n":"Jamuatanr","c":352900,"d":"Giridih","s":"JHARKHAND"}},{"arcs":[[-6914,-6912,-6918]],"type":"Polygon","properties":{"n":"Misradih","c":352822,"d":"Giridih","s":"JHARKHAND"}},{"arcs":[[-6908,-6906,-6904,6987,6988,6989,6990,6991,-6984,-6987]],"type":"Polygon","properties":{"n":"Kharpoka","c":352901,"d":"Giridih","s":"JHARKHAND"}},{"arcs":[[-6903,-6901,6992,6993,6994,6995,-6988]],"type":"Polygon","properties":{"n":"Dando Semar","c":352814,"d":"Giridih","s":"JHARKHAND"}},{"arcs":[[-6900,6996,6997,6998,-6993]],"type":"Polygon","properties":{"n":"Rajudih","c":352812,"d":"Giridih","s":"JHARKHAND"}},{"arcs":[[6999,7000,-6998]],"type":"Polygon","properties":{"n":"Ghatadih","c":352811,"d":"Giridih","s":"JHARKHAND"}},{"arcs":[[7001,7002,7003,7004,7005,-6994,-6999,-7001]],"type":"Polygon","properties":{"n":"Lukurua","c":352810,"d":"Giridih","s":"JHARKHAND"}},{"arcs":[[7006,7007,7008,-6995,-7006]],"type":"Polygon","properties":{"n":"Kamharbad","c":352813,"d":"Giridih","s":"JHARKHAND"}},{"arcs":[[7009,-6989,-6996,-7009]],"type":"Polygon","properties":{"n":"Baradih","c":352902,"d":"Giridih","s":"JHARKHAND"}},{"arcs":[[-7008,7010,7011,7012,7013,-6990,-7010]],"type":"Polygon","properties":{"n":"Sahnabad","c":352903,"d":"Giridih","s":"JHARKHAND"}},{"arcs":[[7014,-6991,-7014]],"type":"Polygon","properties":{"n":"Gobrandha","c":352904,"d":"Giridih","s":"JHARKHAND"}},{"arcs":[[-7013,7015,7016,7017,7018,7019,7020,-6985,-6992,-7015]],"type":"Polygon","properties":{"n":"Pokharna","c":352905,"d":"Giridih","s":"JHARKHAND"}},{"arcs":[[7021,7022,-6986,-7021]],"type":"Polygon","properties":{"n":"Barwadih","c":352906,"d":"Giridih","s":"JHARKHAND"}},{"arcs":[[-7020,7023,7024,-7022]],"type":"Polygon","properties":{"n":" ","c":0,"d":"Giridih","s":"JHARKHAND"}},{"arcs":[[7025,7026,7027,-6969,-6977,-6981,-7023,-7025]],"type":"Polygon","properties":{"n":"Gochotha","c":352908,"d":"Giridih","s":"JHARKHAND"}},{"arcs":[[7028,7029,-6964]],"type":"Polygon","properties":{"n":"Jamuniatanr","c":352931,"d":"Giridih","s":"JHARKHAND"}},{"arcs":[[7030,7031,7032,7033,-7030]],"type":"Polygon","properties":{"n":"Kasiadih","c":352930,"d":"Giridih","s":"JHARKHAND"}},{"arcs":[[7034,7035,7036,7037,7038,-7033]],"type":"Polygon","properties":{"n":"Dumaria Tanr","c":352929,"d":"Giridih","s":"JHARKHAND"}},{"arcs":[[-7029,-6963,-6970,-7028,7039,7040,7041,7042,-7031]],"type":"Polygon","properties":{"n":"Kurko","c":352935,"d":"Giridih","s":"JHARKHAND"}},{"arcs":[[-7027,7043,7044,7045,-7040]],"type":"Polygon","properties":{"n":"Birgari","c":352938,"d":"Giridih","s":"JHARKHAND"}},{"arcs":[[-7026,7046,7047,7048,-7044]],"type":"Polygon","properties":{"n":"Lathatanr","c":352940,"d":"Giridih","s":"JHARKHAND"}},{"arcs":[[-7024,7049,-7047]],"type":"Polygon","properties":{"n":"Karmatanr","c":352941,"d":"Giridih","s":"JHARKHAND"}},{"arcs":[[-7019,7050,7051,7052,7053,7054,7055,-7048,-7050]],"type":"Polygon","properties":{"n":"Mandro","c":352942,"d":"Giridih","s":"JHARKHAND"}},{"arcs":[[7056,-7045,-7049,-7056]],"type":"Polygon","properties":{"n":"Kenduadih","c":352939,"d":"Giridih","s":"JHARKHAND"}},{"arcs":[[7057,7058,7059,7060,-7041,-7046,-7057,-7055]],"type":"Polygon","properties":{"n":"Majhladih","c":352937,"d":"Giridih","s":"JHARKHAND"}},{"arcs":[[7061,7062,-7059]],"type":"Polygon","properties":{"n":"Belkatri","c":352936,"d":"Giridih","s":"JHARKHAND"}},{"arcs":[[7063,-12,7064,-7060,-7063]],"type":"Polygon","properties":{"n":"Madhopur","c":352950,"d":"Giridih","s":"JHARKHAND"}},{"arcs":[[7065,7066,-7042,-7061,-7065]],"type":"Polygon","properties":{"n":"Kenduadih","c":352951,"d":"Giridih","s":"JHARKHAND"}},{"arcs":[[7067,7068,7069,-7035,-7032,-7043,-7067]],"type":"Polygon","properties":{"n":"Badro","c":352952,"d":"Giridih","s":"JHARKHAND"}},{"arcs":[[-7066,-11,7070,7071,-7068]],"type":"Polygon","properties":{"n":"Jabardaha","c":352955,"d":"Giridih","s":"JHARKHAND"}},{"arcs":[[-13,7072,-242]],"type":"Polygon","properties":{"n":"Madnadih","c":352948,"d":"Giridih","s":"JHARKHAND"}},{"arcs":[[-7064,-7062,-7058,-7054,7073,7074,-7073]],"type":"Polygon","properties":{"n":"Pipradih","c":352945,"d":"Giridih","s":"JHARKHAND"}},{"arcs":[[-7053,7075,7076,7077,-7074]],"type":"Polygon","properties":{"n":"Hariladih","c":352944,"d":"Giridih","s":"JHARKHAND"}},{"arcs":[[-7052,7078,7079,-7076]],"type":"Polygon","properties":{"n":"Lachhmipur","c":352943,"d":"Giridih","s":"JHARKHAND"}},{"arcs":[[7080,7081,7082,-7079]],"type":"Polygon","properties":{"n":"Jamdaha","c":352805,"d":"Giridih","s":"JHARKHAND"}},{"arcs":[[-7051,-7018,7083,-7081]],"type":"Polygon","properties":{"n":"Dudhania","c":352806,"d":"Giridih","s":"JHARKHAND"}},{"arcs":[[-7017,7084,7085,7086,-7084]],"type":"Polygon","properties":{"n":"Koradih","c":352807,"d":"Giridih","s":"JHARKHAND"}},{"arcs":[[-7016,-7012,7087,-7085]],"type":"Polygon","properties":{"n":"Lusiodih","c":352808,"d":"Giridih","s":"JHARKHAND"}},{"arcs":[[7088,7089,-16,-7077,-7080,-7083]],"type":"Polygon","properties":{"n":"Semarkorhi","c":352802,"d":"Giridih","s":"JHARKHAND"}},{"arcs":[[7090,-243,-7075,-7078,-15]],"type":"Polygon","properties":{"n":"Arbeka","c":352946,"d":"Giridih","s":"JHARKHAND"}},{"arcs":[[7091,-17,-7090,7092,7093]],"type":"Polygon","properties":{"n":"Barwadih","c":352800,"d":"Giridih","s":"JHARKHAND"}},{"arcs":[[-7094,7094,7095,7096]],"type":"Polygon","properties":{"n":"Barapahari","c":352799,"d":"Giridih","s":"JHARKHAND"}},{"arcs":[[-7096,7097,7098,7099,7100]],"type":"Polygon","properties":{"n":"Dardmara","c":352798,"d":"Giridih","s":"JHARKHAND"}},{"arcs":[[-7095,-7093,-7089,7101,-7098]],"type":"Polygon","properties":{"n":"Karmatanr","c":352803,"d":"Giridih","s":"JHARKHAND"}},{"arcs":[[-7082,-7087,7102,-7004,7103,-7099,-7102]],"type":"Polygon","properties":{"n":"Mahesliti","c":352804,"d":"Giridih","s":"JHARKHAND"}},{"arcs":[[-7086,-7088,-7011,-7007,-7005,-7103]],"type":"Polygon","properties":{"n":"Kariharo","c":352809,"d":"Giridih","s":"JHARKHAND"}},{"arcs":[[-833,-837,7104,7105,7106,-359]],"type":"Polygon","properties":{"n":"Khetadabar","c":352795,"d":"Giridih","s":"JHARKHAND"}},{"arcs":[[-831,-7107,7107,-7002,-7000,-6997,-6899,7108,7109,-828],[-253]],"type":"Polygon","properties":{"n":"Bishunpur","c":352793,"d":"Giridih","s":"JHARKHAND"}},{"arcs":[[-7110,7110,7111,-829]],"type":"Polygon","properties":{"n":"Fatehpur Khurd","c":352792,"d":"Giridih","s":"JHARKHAND"}},{"arcs":[[-7109,-6898,-6896,7112,7113,-7111]],"type":"Polygon","properties":{"n":"Patharjor","c":352790,"d":"Giridih","s":"JHARKHAND"}},{"arcs":[[-7112,-7114,7114,7115,-830]],"type":"Polygon","properties":{"n":"Parasbani","c":352791,"d":"Giridih","s":"JHARKHAND"}},{"arcs":[[-7113,-6895,7116,7117,7118,-7115]],"type":"Polygon","properties":{"n":"Partappur","c":352788,"d":"Giridih","s":"JHARKHAND"}},{"arcs":[[7119,7120,7121,7122,7123,-7118]],"type":"Polygon","properties":{"n":"Ghorchanchi","c":352784,"d":"Giridih","s":"JHARKHAND"}},{"arcs":[[-341,7124,-7122,7125,-913]],"type":"Polygon","properties":{"n":"Jamua","c":352785,"d":"Giridih","s":"JHARKHAND"}},{"arcs":[[-914,-7126,7126,7127,7128,-911]],"type":"Polygon","properties":{"n":"Champanagar","c":352782,"d":"Giridih","s":"JHARKHAND"}},{"arcs":[[-7121,7129,-7127]],"type":"Polygon","properties":{"n":"Ghorbad","c":352783,"d":"Giridih","s":"JHARKHAND"}},{"arcs":[[7130,7131,-7128,-7130]],"type":"Polygon","properties":{"n":"Nawadih","c":352781,"d":"Giridih","s":"JHARKHAND"}},{"arcs":[[-909,-912,-7129,-7132,7132,7133,7134,7135,-906]],"type":"Polygon","properties":{"n":"Kumharlalo","c":352780,"d":"Giridih","s":"JHARKHAND"}},{"arcs":[[7136,7137,-7135]],"type":"Polygon","properties":{"n":"Kathwara","c":352778,"d":"Giridih","s":"JHARKHAND"}},{"arcs":[[-7134,7138,7139,7140,-7137]],"type":"Polygon","properties":{"n":"Karanpura","c":352779,"d":"Giridih","s":"JHARKHAND"}},{"arcs":[[-904,-907,-7136,-7138,-7141,7141,7142,-626]],"type":"Polygon","properties":{"n":"Dudhania","c":352777,"d":"Giridih","s":"JHARKHAND"}},{"arcs":[[-7140,7143,7144,-7142]],"type":"Polygon","properties":{"n":"Madanpura","c":352776,"d":"Giridih","s":"JHARKHAND"}},{"arcs":[[-7143,-7145,7145,7146,7147,-4591,-4589,-627]],"type":"Polygon","properties":{"n":"Kabriabera","c":352760,"d":"Giridih","s":"JHARKHAND"}},{"arcs":[[7148,7149,-7147]],"type":"Polygon","properties":{"n":"Dubedih","c":352761,"d":"Giridih","s":"JHARKHAND"}},{"arcs":[[-7139,-7133,-7131,-7120,-7117,-6894,-6891,-6839,-6842,-6845,-6848,-6851,-6882,-6889,-7149,-7146,-7144],[-6890]],"type":"Polygon","properties":{"n":"Palganj","c":352774,"d":"Giridih","s":"JHARKHAND"}},{"arcs":[[-7150,-6888,-6884,-6887,7150,-4636,-4592,-7148]],"type":"Polygon","properties":{"n":"Dewandih","c":352762,"d":"Giridih","s":"JHARKHAND"}},{"arcs":[[-7151,-6886,-6875,7151,-4637]],"type":"Polygon","properties":{"n":"Jharha","c":352763,"d":"Giridih","s":"JHARKHAND"}},{"arcs":[[-6874,-6865,7152,-4704,-4638,-7152]],"type":"Polygon","properties":{"n":"Dudhimati","c":352764,"d":"Giridih","s":"JHARKHAND"}},{"arcs":[[-7153,-6864,7153,7154,7155,-4705]],"type":"Polygon","properties":{"n":"Lerwa","c":352841,"d":"Giridih","s":"JHARKHAND"}},{"arcs":[[-4706,-7156,7156,7157,7158,-4708]],"type":"Polygon","properties":{"n":"Gamharia","c":352842,"d":"Giridih","s":"JHARKHAND"}},{"arcs":[[-4630,-4709,-7159,7159,7160,7161,-4481,7162,-4627]],"type":"Polygon","properties":{"n":"Banaso","c":352844,"d":"Giridih","s":"JHARKHAND"}},{"arcs":[[-4628,-7163,-4486,-4497,-4619]],"type":"Polygon","properties":{"n":"Udaipur","c":352843,"d":"Giridih","s":"JHARKHAND"}},{"arcs":[[7163,-4438,-4439,7164,-7160,-7158]],"type":"Polygon","properties":{"n":"Kanjhia","c":352847,"d":"Giridih","s":"JHARKHAND"}},{"arcs":[[7165,7166,-6691,-6701,-6706,-6955,-6961]],"type":"Polygon","properties":{"n":"Badgaon","c":352925,"d":"Giridih","s":"JHARKHAND"}},{"arcs":[[-7034,-7039,7167,7168,-7166,-6960,-6965]],"type":"Polygon","properties":{"n":"Gamhara","c":352926,"d":"Giridih","s":"JHARKHAND"}},{"arcs":[[7169,7170,-7168,-7038]],"type":"Polygon","properties":{"n":"Jitpur","c":352927,"d":"Giridih","s":"JHARKHAND"}},{"arcs":[[7171,7172,-7170,-7037]],"type":"Polygon","properties":{"n":"Karujara","c":352928,"d":"Giridih","s":"JHARKHAND"}},{"arcs":[[7173,7174,-7172,-7036,-7070]],"type":"Polygon","properties":{"n":"Bansimri","c":352953,"d":"Giridih","s":"JHARKHAND"}},{"arcs":[[7175,-7174,-7069,-7072,7176]],"type":"Polygon","properties":{"n":"Paharpur","c":352954,"d":"Giridih","s":"JHARKHAND"}},{"arcs":[[7177,-7177,-7071,-10]],"type":"Polygon","properties":{"n":"Birgaon","c":352956,"d":"Giridih","s":"JHARKHAND"}},{"arcs":[[7178,7179,-7105,-836]],"type":"Polygon","properties":{"n":"Angaia","c":352796,"d":"Giridih","s":"JHARKHAND"}},{"arcs":[[-7180,7180,-7100,-7104,-7003,-7108,-7106]],"type":"Polygon","properties":{"n":"Tilaiya","c":352797,"d":"Giridih","s":"JHARKHAND"}},{"arcs":[[7181,-339,-7116,-7119,-7124]],"type":"Polygon","properties":{"n":"Bariarpur","c":352787,"d":"Giridih","s":"JHARKHAND"}},{"arcs":[[-340,-7182,-7123,-7125]],"type":"Polygon","properties":{"n":"Siarangi","c":352786,"d":"Giridih","s":"JHARKHAND"}},{"arcs":[[-6777,-4411,7182]],"type":"Polygon","properties":{"n":"Bagdaha","c":352851,"d":"Giridih","s":"JHARKHAND"}},{"arcs":[[-6859,-6779,-6774,-7183,-4410,-4435,7183]],"type":"Polygon","properties":{"n":"Harladih","c":352850,"d":"Giridih","s":"JHARKHAND"}},{"arcs":[[-4434,7184,-7154,-6863,-6860,-7184]],"type":"Polygon","properties":{"n":"Bharthi Chaulkari","c":352849,"d":"Giridih","s":"JHARKHAND"}},{"arcs":[[-7155,-7185,-4433,-7164,-7157]],"type":"Polygon","properties":{"n":"Tilaia Bahiar","c":352848,"d":"Giridih","s":"JHARKHAND"}},{"arcs":[[-7165,-4441,-4442,7185,-7161]],"type":"Polygon","properties":{"n":"Chengdhari","c":352846,"d":"Giridih","s":"JHARKHAND"}},{"arcs":[[-7186,-4446,-4478,-4482,-7162]],"type":"Polygon","properties":{"n":"Mangartilaia","c":352845,"d":"Giridih","s":"JHARKHAND"}},{"arcs":[[7186,7187,-973,-946,-977,7188,7189,7190]],"type":"Polygon","properties":{"n":"Karma","c":352559,"d":"Giridih","s":"JHARKHAND"}},{"arcs":[[-7189,-976,-232,7191]],"type":"Polygon","properties":{"n":"Kanadih","c":352563,"d":"Giridih","s":"JHARKHAND"}},{"arcs":[[7192,-7190,-7192,-231,7193]],"type":"Polygon","properties":{"n":"Khunta","c":352562,"d":"Giridih","s":"JHARKHAND"}},{"arcs":[[7194,7195,7196,-7191,-7193]],"type":"Polygon","properties":{"n":"Bandhkharo","c":352561,"d":"Giridih","s":"JHARKHAND"}},{"arcs":[[7197,7198,7199,-7187,-7197]],"type":"Polygon","properties":{"n":"Chiruwan","c":352560,"d":"Giridih","s":"JHARKHAND"}},{"arcs":[[7200,7201,7202,-974,-7188,-7200,7203]],"type":"Polygon","properties":{"n":"Kapilo","c":352556,"d":"Giridih","s":"JHARKHAND"}},{"arcs":[[7204,-966,-971,-975,-7203,7205]],"type":"Polygon","properties":{"n":"Baliari","c":352557,"d":"Giridih","s":"JHARKHAND"}},{"arcs":[[-4519,7206,-7206,-7202,7207,7208]],"type":"Polygon","properties":{"n":"Kusmadih","c":352553,"d":"Giridih","s":"JHARKHAND"}},{"arcs":[[-4523,-4699,-967,-7205,-7207,-4518]],"type":"Polygon","properties":{"n":"Nawadih","c":352558,"d":"Giridih","s":"JHARKHAND"}},{"arcs":[[-7201,7209,-7208]],"type":"Polygon","properties":{"n":"Gobindpur","c":352554,"d":"Giridih","s":"JHARKHAND"}},{"arcs":[[-7204,-7199,7210,7211,-103,7212,-7210]],"type":"Polygon","properties":{"n":"Lowabar","c":352555,"d":"Giridih","s":"JHARKHAND"}},{"arcs":[[7213,7214,-4520,-7209,-7213,-102,7215]],"type":"Polygon","properties":{"n":"Simrabera","c":352552,"d":"Giridih","s":"JHARKHAND"}},{"arcs":[[-4524,-4521,-7215,7216]],"type":"Polygon","properties":{"n":"Mayapur","c":352550,"d":"Giridih","s":"JHARKHAND"}},{"arcs":[[7217,-29,7218,-104,-7212]],"type":"Polygon","properties":{"n":"Paharpur","c":352539,"d":"Giridih","s":"JHARKHAND"}},{"arcs":[[-7218,-7211,-7198,-7196,7219,-55,-30]],"type":"Polygon","properties":{"n":"Baghanal","c":352538,"d":"Giridih","s":"JHARKHAND"}},{"arcs":[[-7220,7220,-210,-32,-56]],"type":"Polygon","properties":{"n":"Kaunia","c":352537,"d":"Giridih","s":"JHARKHAND"}},{"arcs":[[-7195,-7194,-238,-208,-7221]],"type":"Polygon","properties":{"n":"Hankponk","c":352533,"d":"Giridih","s":"JHARKHAND"}},{"arcs":[[-37,7221,7222]],"type":"Polygon","properties":{"n":"Pawapur","c":352530,"d":"Giridih","s":"JHARKHAND"}},{"arcs":[[-7219,-28,-109,-105]],"type":"Polygon","properties":{"n":"Khaskari","c":352542,"d":"Giridih","s":"JHARKHAND"}},{"arcs":[[-1846,7223,7224,-7216,-101,7225,-99,-130]],"type":"Polygon","properties":{"n":"Kachanpur","c":352545,"d":"Giridih","s":"JHARKHAND"}},{"arcs":[[-100,-7226]],"type":"Polygon","properties":{"n":"Kirtodih","c":352544,"d":"Giridih","s":"JHARKHAND"}},{"arcs":[[7226,-121]],"type":"Polygon","properties":{"n":"Arjunbandh","c":352521,"d":"Giridih","s":"JHARKHAND"}},{"arcs":[[7227,7228]],"type":"Polygon","properties":{"n":"Kubadih","c":352523,"d":"Giridih","s":"JHARKHAND"}},{"arcs":[[-7227,-120,-40,7229,-7228,7230,-122]],"type":"Polygon","properties":{"n":"Singdaha","c":352522,"d":"Giridih","s":"JHARKHAND"}},{"arcs":[[-125,-138]],"type":"Polygon","properties":{"n":"Jharha","c":352517,"d":"Giridih","s":"JHARKHAND"}},{"arcs":[[-194,-196,-140,7231,-174,-160,-2155]],"type":"Polygon","properties":{"n":"Sabalpur","c":352515,"d":"Giridih","s":"JHARKHAND"}},{"arcs":[[-123,-7231,-7229,-7230,-39,7232,-172,-7232,-139]],"type":"Polygon","properties":{"n":"Chaudhridih","c":352524,"d":"Giridih","s":"JHARKHAND"}},{"arcs":[[7233,-1020,-1018,-1024,-1028,7234,-156,7235,-167,-163]],"type":"Polygon","properties":{"n":"Mandramo","c":352526,"d":"Giridih","s":"JHARKHAND"}},{"arcs":[[-7236,-155,7236,7237,7238,7239,7240,-168]],"type":"Polygon","properties":{"n":"Nagar Keswari","c":352510,"d":"Giridih","s":"JHARKHAND"}},{"arcs":[[7241,7242,7243,7244,7245,7246,7247,-7238]],"type":"Polygon","properties":{"n":"Amnari","c":352502,"d":"Giridih","s":"JHARKHAND"}},{"arcs":[[-7237,-154,7248,-7242]],"type":"Polygon","properties":{"n":"Modidih","c":352501,"d":"Giridih","s":"JHARKHAND"}},{"arcs":[[-1027,-48,7249,-157,-7235]],"type":"Polygon","properties":{"n":"Lowabar","c":352565,"d":"Giridih","s":"JHARKHAND"}},{"arcs":[[-47,-1044,7250,-158,-7250]],"type":"Polygon","properties":{"n":"Baheratanr","c":352564,"d":"Giridih","s":"JHARKHAND"}},{"arcs":[[-7251,-1043,-1048,7251,-152]],"type":"Polygon","properties":{"n":"Bhelwa","c":352474,"d":"Giridih","s":"JHARKHAND"}},{"arcs":[[-153,-7252,-1051,7252,7253,-7243,-7249]],"type":"Polygon","properties":{"n":"Bagro","c":352499,"d":"Giridih","s":"JHARKHAND"}},{"arcs":[[7254,7255,-7244,-7254]],"type":"Polygon","properties":{"n":"Tilabani","c":352503,"d":"Giridih","s":"JHARKHAND"}},{"arcs":[[7256,-7255,-7253,-1050,-1056,-1078,7257,7258,7259]],"type":"Polygon","properties":{"n":"Ghuthia Pesra","c":352498,"d":"Giridih","s":"JHARKHAND"}},{"arcs":[[7260,7261,-7245,-7256,-7257]],"type":"Polygon","properties":{"n":"Dhawaiyatanr","c":352504,"d":"Giridih","s":"JHARKHAND"}},{"arcs":[[7262,-7261,-7260,7263]],"type":"Polygon","properties":{"n":"Durgi","c":352505,"d":"Giridih","s":"JHARKHAND"}},{"arcs":[[7264,7265,-7247]],"type":"Polygon","properties":{"n":"Bhagnatanr","c":352507,"d":"Giridih","s":"JHARKHAND"}},{"arcs":[[7266,-1081,-1076,7267]],"type":"Polygon","properties":{"n":"Garmundo Khurd","c":352496,"d":"Giridih","s":"JHARKHAND"}},{"arcs":[[-7258,-1077,-7267,7268]],"type":"Polygon","properties":{"n":"Gormundo","c":352497,"d":"Giridih","s":"JHARKHAND"}},{"arcs":[[-7265,-7246,-7262,-7263,7269,7270]],"type":"Polygon","properties":{"n":"Telia Singa","c":352506,"d":"Giridih","s":"JHARKHAND"}},{"arcs":[[-7239,-7248,-7266,-7271,7271,7272]],"type":"Polygon","properties":{"n":"Karnodih","c":352508,"d":"Giridih","s":"JHARKHAND"}},{"arcs":[[7273,-7240,-7273,7274]],"type":"Polygon","properties":{"n":"Balhedih","c":352509,"d":"Giridih","s":"JHARKHAND"}},{"arcs":[[-169,-7241,-7274,7275]],"type":"Polygon","properties":{"n":"Dumariatanr","c":352511,"d":"Giridih","s":"JHARKHAND"}},{"arcs":[[-2274,-165,-171,7276]],"type":"Polygon","properties":{"n":"Barwadih","c":352513,"d":"Giridih","s":"JHARKHAND"}},{"arcs":[[-2277,-2279,-2283,7277,7278,7279,-1844,-148]],"type":"Polygon","properties":{"n":"Purnidih","c":352547,"d":"Giridih","s":"JHARKHAND"}},{"arcs":[[7280,-7224,-1845,-7280]],"type":"Polygon","properties":{"n":"Bhusar","c":352546,"d":"Giridih","s":"JHARKHAND"}},{"arcs":[[7281,-4528,-4525,-7217,-7214,-7225,-7281,-7279]],"type":"Polygon","properties":{"n":"Koiridih","c":352549,"d":"Giridih","s":"JHARKHAND"}},{"arcs":[[-2285,-2291,-4563,-4541,-4538,-4529,-7282,-7278,-2282]],"type":"Polygon","properties":{"n":"Ratnadih","c":352548,"d":"Giridih","s":"JHARKHAND"}},{"arcs":[[7282,-4140,-4142,7283,7284]],"type":"Polygon","properties":{"n":"Hathiagarh","c":350551,"d":"Giridih","s":"JHARKHAND"}},{"arcs":[[7285,7286,7287,7288,7289,7290,-7285]],"type":"Polygon","properties":{"n":"Dhansoti","c":350552,"d":"Giridih","s":"JHARKHAND"}},{"arcs":[[-7286,-7284,-4141,7291,7292,7293]],"type":"Polygon","properties":{"n":"Hethli Kanhai","c":350555,"d":"Giridih","s":"JHARKHAND"}},{"arcs":[[-7292,-3843,-4145,-5366,7294,7295,7296]],"type":"Polygon","properties":{"n":"Chandli Alias Jamuani","c":350557,"d":"Giridih","s":"JHARKHAND"}},{"arcs":[[7297,7298,-7293,-7297]],"type":"Polygon","properties":{"n":"Upraili Kanhai","c":350556,"d":"Giridih","s":"JHARKHAND"}},{"arcs":[[7299,7300,7301,7302,-7288]],"type":"Polygon","properties":{"n":"Mahkhar","c":350553,"d":"Giridih","s":"JHARKHAND"}},{"arcs":[[7303,7304,-7290,7305,-3257]],"type":"Polygon","properties":{"n":"Satidih","c":350545,"d":"Giridih","s":"JHARKHAND"}},{"arcs":[[-3249,7306,-7304,-3256]],"type":"Polygon","properties":{"n":"Jamamo","c":350546,"d":"Giridih","s":"JHARKHAND"}},{"arcs":[[-7306,-7289,-7303,7307,7308,7309,7310,7311,7312,7313,-3258]],"type":"Polygon","properties":{"n":"Nawadih","c":350544,"d":"Giridih","s":"JHARKHAND"}},{"arcs":[[7314,-7310]],"type":"Polygon","properties":{"n":"Kundar","c":350543,"d":"Giridih","s":"JHARKHAND"}},{"arcs":[[-7309,7315,7316,7317,-7311,-7315]],"type":"Polygon","properties":{"n":"Kisutanr","c":350542,"d":"Giridih","s":"JHARKHAND"}},{"arcs":[[-7308,-7302,7318,7319,7320,7321,7322,-7316]],"type":"Polygon","properties":{"n":"Tetariatand","c":350538,"d":"Giridih","s":"JHARKHAND"}},{"arcs":[[7323,7324,7325,7326,7327,7328,-7322]],"type":"Polygon","properties":{"n":"Sewadhab","c":350515,"d":"Giridih","s":"JHARKHAND"}},{"arcs":[[7329,7330,-7317,-7323,-7329]],"type":"Polygon","properties":{"n":"Bengchuro","c":350539,"d":"Giridih","s":"JHARKHAND"}},{"arcs":[[-7331,7331,7332,-7312,-7318]],"type":"Polygon","properties":{"n":"Domhan","c":350540,"d":"Giridih","s":"JHARKHAND"}},{"arcs":[[7333,7334,-7313,-7333]],"type":"Polygon","properties":{"n":"Paharpur","c":350541,"d":"Giridih","s":"JHARKHAND"}},{"arcs":[[7335,-3259,-7314,-7335,7336]],"type":"Polygon","properties":{"n":"Papilo","c":350512,"d":"Giridih","s":"JHARKHAND"}},{"arcs":[[7337,-3260,-3254,-7336,7338,7339]],"type":"Polygon","properties":{"n":"Baraddharan","c":350511,"d":"Giridih","s":"JHARKHAND"}},{"arcs":[[-3288,-3252,-3261,-7338,7340,7341,7342]],"type":"Polygon","properties":{"n":"Baghmara","c":350508,"d":"Giridih","s":"JHARKHAND"}},{"arcs":[[-7341,-7340,7343]],"type":"Polygon","properties":{"n":"Kunjalpur","c":350510,"d":"Giridih","s":"JHARKHAND"}},{"arcs":[[-7344,7344,7345,-7327,7346,7347,7348,-7342]],"type":"Polygon","properties":{"n":"Manjhladih","c":350507,"d":"Giridih","s":"JHARKHAND"}},{"arcs":[[-7339,7349,-7345]],"type":"Polygon","properties":{"n":"Purnadih","c":350513,"d":"Giridih","s":"JHARKHAND"}},{"arcs":[[-7337,-7334,-7332,-7330,-7328,-7346,-7350]],"type":"Polygon","properties":{"n":"Lachhmipur","c":350514,"d":"Giridih","s":"JHARKHAND"}},{"arcs":[[-7326,7350,7351,7352,7353,7354,7355,7356,7357,-7347]],"type":"Polygon","properties":{"n":"Gandkura","c":350520,"d":"Giridih","s":"JHARKHAND"}},{"arcs":[[-7351,-7325,7358,7359,-5730,-5734,7360]],"type":"Polygon","properties":{"n":"Jorasemar","c":350516,"d":"Giridih","s":"JHARKHAND"}},{"arcs":[[7361,-7354,7362,-7352,-7361,-5733,7363,7364,7365]],"type":"Polygon","properties":{"n":"Gumgi","c":350518,"d":"Giridih","s":"JHARKHAND"}},{"arcs":[[-7353,-7363]],"type":"Polygon","properties":{"n":"Lachkan","c":350519,"d":"Giridih","s":"JHARKHAND"}},{"arcs":[[7366,7367,7368,7369,-7365]],"type":"Polygon","properties":{"n":"Kakni","c":350523,"d":"Giridih","s":"JHARKHAND"}},{"arcs":[[7370,7371,7372,-7369]],"type":"Polygon","properties":{"n":"Gosain Mahri","c":350524,"d":"Giridih","s":"JHARKHAND"}},{"arcs":[[7373,7374,-7366,-7370,-7373]],"type":"Polygon","properties":{"n":"Khirodih","c":350522,"d":"Giridih","s":"JHARKHAND"}},{"arcs":[[7375,7376,7377,-7355,-7362,-7375]],"type":"Polygon","properties":{"n":"Machania","c":350521,"d":"Giridih","s":"JHARKHAND"}},{"arcs":[[7378,7379,7380,7381,7382,7383,7384,-7356,-7378]],"type":"Polygon","properties":{"n":"Katkoko","c":350501,"d":"Giridih","s":"JHARKHAND"}},{"arcs":[[7385,7386,7387,7388,-7357,-7385]],"type":"Polygon","properties":{"n":"Madhobank","c":350502,"d":"Giridih","s":"JHARKHAND"}},{"arcs":[[7389,7390,7391,-7348,-7358,-7389]],"type":"Polygon","properties":{"n":"Sobrajdih","c":350506,"d":"Giridih","s":"JHARKHAND"}},{"arcs":[[-7388,7392,7393,-7390]],"type":"Polygon","properties":{"n":"Pandebhitha","c":350503,"d":"Giridih","s":"JHARKHAND"}},{"arcs":[[7394,7395,-7391,-7394]],"type":"Polygon","properties":{"n":"Jogiapahri","c":350504,"d":"Giridih","s":"JHARKHAND"}},{"arcs":[[7396,7397,7398,7399,7400,-3265,7401,-7395,-7393,-7387,7402]],"type":"Polygon","properties":{"n":"Bhandari","c":350497,"d":"Giridih","s":"JHARKHAND"}},{"arcs":[[-7386,-7384,7403,7404,7405,7406,-7403]],"type":"Polygon","properties":{"n":"Duba","c":350500,"d":"Giridih","s":"JHARKHAND"}},{"arcs":[[7407,7408,7409,7410,7411,-7397,-7407]],"type":"Polygon","properties":{"n":"Keriabank","c":350498,"d":"Giridih","s":"JHARKHAND"}},{"arcs":[[7412,-3132,-3141,7413,-7398,-7412]],"type":"Polygon","properties":{"n":"Domasar","c":350493,"d":"Giridih","s":"JHARKHAND"}},{"arcs":[[-3140,-3142,7414,-7399,-7414]],"type":"Polygon","properties":{"n":"Rohaniatanr","c":350494,"d":"Giridih","s":"JHARKHAND"}},{"arcs":[[-3149,7415,-7400,-7415]],"type":"Polygon","properties":{"n":"Dhilginjo","c":350496,"d":"Giridih","s":"JHARKHAND"}},{"arcs":[[-3148,-3262,-7401,-7416]],"type":"Polygon","properties":{"n":"Kamati","c":350495,"d":"Giridih","s":"JHARKHAND"}},{"arcs":[[-7406,7416,-7408]],"type":"Polygon","properties":{"n":"Kushanwa","c":350499,"d":"Giridih","s":"JHARKHAND"}},{"arcs":[[7417,7418,7419,-7409,-7417]],"type":"Polygon","properties":{"n":"Abrakha","c":350460,"d":"Giridih","s":"JHARKHAND"}},{"arcs":[[7420,7421,7422,7423,7424,-7410,-7420]],"type":"Polygon","properties":{"n":"Baliari","c":350491,"d":"Giridih","s":"JHARKHAND"}},{"arcs":[[7425,7426,7427,-7413,-7411,-7425]],"type":"Polygon","properties":{"n":"Dudhpania","c":350492,"d":"Giridih","s":"JHARKHAND"}},{"arcs":[[7428,7429,-3133,-7428]],"type":"Polygon","properties":{"n":"Arpathar","c":350486,"d":"Giridih","s":"JHARKHAND"}},{"arcs":[[7430,-3122,-3127,7431,-3128,-7430,7432]],"type":"Polygon","properties":{"n":"Jagarnatha","c":350484,"d":"Giridih","s":"JHARKHAND"}},{"arcs":[[-7431,7433,7434,7435,7436,7437,-3123]],"type":"Polygon","properties":{"n":"Khoto","c":350483,"d":"Giridih","s":"JHARKHAND"}},{"arcs":[[-7434,-7433,-7429,-7427,7438]],"type":"Polygon","properties":{"n":"Lachhuraedih","c":350487,"d":"Giridih","s":"JHARKHAND"}},{"arcs":[[-7426,-7424,7439,7440,7441,7442,7443,7444,-7435,-7439]],"type":"Polygon","properties":{"n":"Khijuri","c":350488,"d":"Giridih","s":"JHARKHAND"}},{"arcs":[[-7423,7445,7446,7447,-7440]],"type":"Polygon","properties":{"n":"Chakalmunda","c":350489,"d":"Giridih","s":"JHARKHAND"}},{"arcs":[[-7446,-7422,7448]],"type":"Polygon","properties":{"n":"Jhakhnodin","c":350490,"d":"Giridih","s":"JHARKHAND"}},{"arcs":[[-7421,-7419,7449,7450,7451,7452,7453,7454,7455,7456,-7447,-7449]],"type":"Polygon","properties":{"n":"Tisri","c":350461,"d":"Giridih","s":"JHARKHAND"}},{"arcs":[[-7418,-7405,7457,-7450]],"type":"Polygon","properties":{"n":"Jinadih","c":350459,"d":"Giridih","s":"JHARKHAND"}},{"arcs":[[-7404,-7383,7458,-7451,-7458]],"type":"Polygon","properties":{"n":"Pandnatanr","c":350458,"d":"Giridih","s":"JHARKHAND"}},{"arcs":[[-7382,7459,7460,-7452,-7459]],"type":"Polygon","properties":{"n":"Chilgili","c":350457,"d":"Giridih","s":"JHARKHAND"}},{"arcs":[[-7381,7461,7462,7463,-7460]],"type":"Polygon","properties":{"n":"Keontatanr","c":350456,"d":"Giridih","s":"JHARKHAND"}},{"arcs":[[7464,7465,-7453,-7461,-7464]],"type":"Polygon","properties":{"n":"Jamuniatanr","c":350455,"d":"Giridih","s":"JHARKHAND"}},{"arcs":[[-7463,7466,7467,7468,-7465]],"type":"Polygon","properties":{"n":"Baghlarwa","c":350454,"d":"Giridih","s":"JHARKHAND"}},{"arcs":[[7469,7470,7471,7472,-7468]],"type":"Polygon","properties":{"n":"Barahmasia","c":350431,"d":"Giridih","s":"JHARKHAND"}},{"arcs":[[-7471,7473,7474,7475,7476]],"type":"Polygon","properties":{"n":"Baherwabank","c":350430,"d":"Giridih","s":"JHARKHAND"}},{"arcs":[[-7473,7477,7478,7479,-7469]],"type":"Polygon","properties":{"n":"Diwanjot","c":350453,"d":"Giridih","s":"JHARKHAND"}},{"arcs":[[7480,7481,7482,7483,7484,-7454,-7466,-7480]],"type":"Polygon","properties":{"n":"Dalpatdih","c":350462,"d":"Giridih","s":"JHARKHAND"}},{"arcs":[[7485,7486,7487,7488,-7484]],"type":"Polygon","properties":{"n":"Palmaruwa","c":350464,"d":"Giridih","s":"JHARKHAND"}},{"arcs":[[7489,-7455,-7485,-7489]],"type":"Polygon","properties":{"n":"Butbaria","c":350465,"d":"Giridih","s":"JHARKHAND"}},{"arcs":[[-7488,7490,7491,-7456,-7490]],"type":"Polygon","properties":{"n":"Baduliatanr","c":350466,"d":"Giridih","s":"JHARKHAND"}},{"arcs":[[7492,-7441,-7448,-7457,-7492]],"type":"Polygon","properties":{"n":"Gamhariatanr","c":350467,"d":"Giridih","s":"JHARKHAND"}},{"arcs":[[-7491,-7487,7493,7494,7495,7496,-7493]],"type":"Polygon","properties":{"n":"Kuriamo","c":350468,"d":"Giridih","s":"JHARKHAND"}},{"arcs":[[7497,7498,-7442,-7497]],"type":"Polygon","properties":{"n":"Chornitari","c":350471,"d":"Giridih","s":"JHARKHAND"}},{"arcs":[[7499,-7498,-7496,7500,7501]],"type":"Polygon","properties":{"n":"Pipratanr","c":350469,"d":"Giridih","s":"JHARKHAND"}},{"arcs":[[-7495,7502,7503,-7501]],"type":"Polygon","properties":{"n":"Ratangurra","c":350450,"d":"Giridih","s":"JHARKHAND"}},{"arcs":[[-7486,-7483,7504,-7494]],"type":"Polygon","properties":{"n":"Ranadih","c":350463,"d":"Giridih","s":"JHARKHAND"}},{"arcs":[[-7482,7505,7506,7507,-7503,-7505]],"type":"Polygon","properties":{"n":"Bhogtadih","c":350451,"d":"Giridih","s":"JHARKHAND"}},{"arcs":[[-7508,7508,7509,-7502,-7504]],"type":"Polygon","properties":{"n":"Mahlidih","c":350449,"d":"Giridih","s":"JHARKHAND"}},{"arcs":[[7510,7511,-7500,-7510]],"type":"Polygon","properties":{"n":"Bastikura","c":350470,"d":"Giridih","s":"JHARKHAND"}},{"arcs":[[7512,7513,7514,7515,7516,-7511]],"type":"Polygon","properties":{"n":"Kendua","c":350448,"d":"Giridih","s":"JHARKHAND"}},{"arcs":[[7517,-7443,-7499,-7512,-7517]],"type":"Polygon","properties":{"n":"Sumeridih","c":350472,"d":"Giridih","s":"JHARKHAND"}},{"arcs":[[7518,-7444,-7518]],"type":"Polygon","properties":{"n":"Dahuatanr","c":350473,"d":"Giridih","s":"JHARKHAND"}},{"arcs":[[-3290,-3287,-3300,7519,7520,7521,-7436,-7445,7522]],"type":"Polygon","properties":{"n":"Dhawatanr","c":350475,"d":"Giridih","s":"JHARKHAND"}},{"arcs":[[-3299,7523,-7520]],"type":"Polygon","properties":{"n":"Achanpur","c":350476,"d":"Giridih","s":"JHARKHAND"}},{"arcs":[[7524,7525,7526,-7437,-7522]],"type":"Polygon","properties":{"n":"Nimadih","c":350482,"d":"Giridih","s":"JHARKHAND"}},{"arcs":[[7527,7528,-7526]],"type":"Polygon","properties":{"n":"Kusmatanr","c":350480,"d":"Giridih","s":"JHARKHAND"}},{"arcs":[[7529,7530,-7528]],"type":"Polygon","properties":{"n":"Semradhab","c":350481,"d":"Giridih","s":"JHARKHAND"}},{"arcs":[[-7529,7531,-3119,-7438,-7527]],"type":"Polygon","properties":{"n":"Madhopur","c":350479,"d":"Giridih","s":"JHARKHAND"}},{"arcs":[[-3111,7532,-7530,-7525,-7521,-7524,-3298]],"type":"Polygon","properties":{"n":"Paisratanr","c":350477,"d":"Giridih","s":"JHARKHAND"}},{"arcs":[[-7507,7533,7534,7535,7536,7537,-7513,-7509]],"type":"Polygon","properties":{"n":"Rijhni","c":350445,"d":"Giridih","s":"JHARKHAND"}},{"arcs":[[-7536,7538,7539,7540]],"type":"Polygon","properties":{"n":"Baghmari","c":350444,"d":"Giridih","s":"JHARKHAND"}},{"arcs":[[-7539,-7535,7541,7542,7543,7544,7545]],"type":"Polygon","properties":{"n":"Sirsia","c":350441,"d":"Giridih","s":"JHARKHAND"}},{"arcs":[[-7534,-7506,-7481,-7479,7546,7547,-7542]],"type":"Polygon","properties":{"n":"Pachrukhi","c":350452,"d":"Giridih","s":"JHARKHAND"}},{"arcs":[[-7478,-7472,-7477,7548,7549,7550,-7547]],"type":"Polygon","properties":{"n":"Balro","c":350432,"d":"Giridih","s":"JHARKHAND"}},{"arcs":[[7551,7552,-7543,-7548,-7551]],"type":"Polygon","properties":{"n":"Kodaibank","c":350434,"d":"Giridih","s":"JHARKHAND"}},{"arcs":[[-7550,7553,7554,7555,7556,-7552]],"type":"Polygon","properties":{"n":"Belwana","c":350433,"d":"Giridih","s":"JHARKHAND"}},{"arcs":[[-7554,-7549,-7476,7557,7558,7559,7560,7561]],"type":"Polygon","properties":{"n":"Chandouri","c":350422,"d":"Giridih","s":"JHARKHAND"}},{"arcs":[[-7475,7562,7563,7564,-7558]],"type":"Polygon","properties":{"n":"Naitand","c":350423,"d":"Giridih","s":"JHARKHAND"}},{"arcs":[[7565,7566,-7559,-7565]],"type":"Polygon","properties":{"n":"Bhurgodih","c":350424,"d":"Giridih","s":"JHARKHAND"}},{"arcs":[[-7564,7567,7568,7569,-7566]],"type":"Polygon","properties":{"n":"Duarpahri","c":350426,"d":"Giridih","s":"JHARKHAND"}},{"arcs":[[7570,7571,-7376,7572,7573,-7569]],"type":"Polygon","properties":{"n":"Daldalia","c":350427,"d":"Giridih","s":"JHARKHAND"}},{"arcs":[[7574,-7379,-7377,-7572]],"type":"Polygon","properties":{"n":"Bhurai","c":350428,"d":"Giridih","s":"JHARKHAND"}},{"arcs":[[-7575,-7571,-7568,-7563,-7474,-7470,-7467,-7462,-7380]],"type":"Polygon","properties":{"n":"Palmo","c":350429,"d":"Giridih","s":"JHARKHAND"}},{"arcs":[[7575,7576,7577,-7555,-7562]],"type":"Polygon","properties":{"n":"Modibigha","c":350421,"d":"Giridih","s":"JHARKHAND"}},{"arcs":[[-7578,7578,7579,7580,-7556]],"type":"Polygon","properties":{"n":"Mahathpura","c":350420,"d":"Giridih","s":"JHARKHAND"}},{"arcs":[[-7581,7581,7582,7583,-7544,-7553,-7557]],"type":"Polygon","properties":{"n":"Khauro","c":350435,"d":"Giridih","s":"JHARKHAND"}},{"arcs":[[-7584,7584,7585,7586,-7545]],"type":"Polygon","properties":{"n":"Malukchal","c":350440,"d":"Giridih","s":"JHARKHAND"}},{"arcs":[[7587,7588,-7586,7589,7590,7591]],"type":"Polygon","properties":{"n":"Kanichihar","c":350438,"d":"Giridih","s":"JHARKHAND"}},{"arcs":[[-7583,7592,7593,-7590,-7585]],"type":"Polygon","properties":{"n":"Anjanwan","c":350439,"d":"Giridih","s":"JHARKHAND"}},{"arcs":[[7594,7595,7596,-7591,-7594]],"type":"Polygon","properties":{"n":"Bedmi","c":350437,"d":"Giridih","s":"JHARKHAND"}},{"arcs":[[-7593,-7582,-7580,7597,7598,7599,-7595]],"type":"Polygon","properties":{"n":"Golgosumko","c":350436,"d":"Giridih","s":"JHARKHAND"}},{"arcs":[[7600,7601,7602,7603,-7599]],"type":"Polygon","properties":{"n":"Karanpura","c":350411,"d":"Giridih","s":"JHARKHAND"}},{"arcs":[[7604,7605,7606,7607,7608,7609,-7602]],"type":"Polygon","properties":{"n":"Baraipat","c":350412,"d":"Giridih","s":"JHARKHAND"}},{"arcs":[[-7601,-7598,-7579,-7577,7610,-7605]],"type":"Polygon","properties":{"n":"Duliyakaram","c":350419,"d":"Giridih","s":"JHARKHAND"}},{"arcs":[[-7576,-7561,7611,7612,7613,-7606,-7611]],"type":"Polygon","properties":{"n":"Gahrajor","c":350418,"d":"Giridih","s":"JHARKHAND"}},{"arcs":[[7614,7615,7616,7617,-7613]],"type":"Polygon","properties":{"n":"Satnal","c":350417,"d":"Giridih","s":"JHARKHAND"}},{"arcs":[[-7612,-7560,-7567,-7570,-7574,7618,7619,-7615]],"type":"Polygon","properties":{"n":"Palmarua","c":350425,"d":"Giridih","s":"JHARKHAND"}},{"arcs":[[7620,7621,7622,-7607,-7614,-7618]],"type":"Polygon","properties":{"n":"Nariamo","c":350416,"d":"Giridih","s":"JHARKHAND"}},{"arcs":[[-7573,-7374,-7372,7623,7624,-7619]],"type":"Polygon","properties":{"n":"Tetaria","c":350525,"d":"Giridih","s":"JHARKHAND"}},{"arcs":[[7625,7626,7627,-7616,-7620,-7625]],"type":"Polygon","properties":{"n":"Adsar","c":350526,"d":"Giridih","s":"JHARKHAND"}},{"arcs":[[7628,7629,-7621,-7617,-7628]],"type":"Polygon","properties":{"n":"Jamamo","c":350527,"d":"Giridih","s":"JHARKHAND"}},{"arcs":[[-7627,7630,7631,7632,7633,-7629]],"type":"Polygon","properties":{"n":"Laukai","c":350530,"d":"Giridih","s":"JHARKHAND"}},{"arcs":[[7634,7635,7636,-7633]],"type":"Polygon","properties":{"n":"Delia","c":350529,"d":"Giridih","s":"JHARKHAND"}},{"arcs":[[-7632,7637,7638,-7635]],"type":"Polygon","properties":{"n":"Pesam","c":350532,"d":"Giridih","s":"JHARKHAND"}},{"arcs":[[7639,7640,-7636,-7639,-5745,-5749,-5748,-5750,-5845,7641,7642,7643,7644]],"type":"Polygon","properties":{"n":"Bardauni","c":350533,"d":"Giridih","s":"JHARKHAND"}},{"arcs":[[7645,7646,7647,7648,7649,-7640]],"type":"Polygon","properties":{"n":"Sakham","c":350383,"d":"Giridih","s":"JHARKHAND"}},{"arcs":[[7650,7651,-7643]],"type":"Polygon","properties":{"n":"Paniyai","c":350380,"d":"Giridih","s":"JHARKHAND"}},{"arcs":[[7652,7653,7654,7655,7656,7657,7658,7659,7660,7661,-7644,-7652]],"type":"Polygon","properties":{"n":"Lapariar","c":350379,"d":"Giridih","s":"JHARKHAND"}},{"arcs":[[7662,-7661]],"type":"Polygon","properties":{"n":"Rangamati","c":350381,"d":"Giridih","s":"JHARKHAND"}},{"arcs":[[-7660,7663,-7646,-7645,-7662,-7663]],"type":"Polygon","properties":{"n":"Kheto","c":350382,"d":"Giridih","s":"JHARKHAND"}},{"arcs":[[-7650,7664,7665,7666,-7634,-7637,-7641]],"type":"Polygon","properties":{"n":"Nayanpur","c":350528,"d":"Giridih","s":"JHARKHAND"}},{"arcs":[[-7649,7667,7668,-7665]],"type":"Polygon","properties":{"n":"Damelwa","c":350384,"d":"Giridih","s":"JHARKHAND"}},{"arcs":[[7669,7670,7671,-7666,-7669]],"type":"Polygon","properties":{"n":"Lohi","c":350385,"d":"Giridih","s":"JHARKHAND"}},{"arcs":[[7672,7673,7674,-7671]],"type":"Polygon","properties":{"n":"Nagri","c":350386,"d":"Giridih","s":"JHARKHAND"}},{"arcs":[[-7670,7675,7676,7677,7678,-7673]],"type":"Polygon","properties":{"n":"Chadgar","c":350373,"d":"Giridih","s":"JHARKHAND"}},{"arcs":[[7679,7680,7681,-7622,-7630,-7667,-7672,-7675]],"type":"Polygon","properties":{"n":"Danokhuta","c":350414,"d":"Giridih","s":"JHARKHAND"}},{"arcs":[[-7674,-7679,7682,7683,7684,-7680]],"type":"Polygon","properties":{"n":"Hira Kherar","c":350387,"d":"Giridih","s":"JHARKHAND"}},{"arcs":[[7685,-7609,7686,-7681,-7685]],"type":"Polygon","properties":{"n":"Paisratand","c":350413,"d":"Giridih","s":"JHARKHAND"}},{"arcs":[[-7608,-7623,-7682,-7687]],"type":"Polygon","properties":{"n":"Karmatand","c":350415,"d":"Giridih","s":"JHARKHAND"}},{"arcs":[[-7684,7687,7688,7689,7690,-7603,-7610,-7686]],"type":"Polygon","properties":{"n":"Kargo","c":350388,"d":"Giridih","s":"JHARKHAND"}},{"arcs":[[-7683,-7678,7691,7692,7693,-7688]],"type":"Polygon","properties":{"n":"Ghasni Tetaria","c":350372,"d":"Giridih","s":"JHARKHAND"}},{"arcs":[[7694,7695,7696,-7596,-7600,-7604,-7691]],"type":"Polygon","properties":{"n":"Mansadih","c":350410,"d":"Giridih","s":"JHARKHAND"}},{"arcs":[[-7690,7697,7698,7699,7700,-7695]],"type":"Polygon","properties":{"n":"Harhara","c":350409,"d":"Giridih","s":"JHARKHAND"}},{"arcs":[[-7689,-7694,7701,-7698]],"type":"Polygon","properties":{"n":"Tikulia","c":350389,"d":"Giridih","s":"JHARKHAND"}},{"arcs":[[7702,7703,7704,-7692]],"type":"Polygon","properties":{"n":"Burhna","c":350371,"d":"Giridih","s":"JHARKHAND"}},{"arcs":[[-7677,7705,7706,7707,7708,-7703]],"type":"Polygon","properties":{"n":"Manihari","c":350374,"d":"Giridih","s":"JHARKHAND"}},{"arcs":[[-7676,-7668,-7648,7709,7710,7711,-7706]],"type":"Polygon","properties":{"n":"Manpur Kahuai","c":350375,"d":"Giridih","s":"JHARKHAND"}},{"arcs":[[7712,7713,-7704,-7709]],"type":"Polygon","properties":{"n":"Pipra","c":350370,"d":"Giridih","s":"JHARKHAND"}},{"arcs":[[-7708,7714,7715,7716,7717,-7713]],"type":"Polygon","properties":{"n":"Jalgora","c":350369,"d":"Giridih","s":"JHARKHAND"}},{"arcs":[[7718,7719,-7699,-7702,-7693,-7705,-7714,-7718]],"type":"Polygon","properties":{"n":"Nima","c":350390,"d":"Giridih","s":"JHARKHAND"}},{"arcs":[[-7710,-7647,-7664,-7659,7720,7721,7722]],"type":"Polygon","properties":{"n":"Ganjwa Paisra","c":350378,"d":"Giridih","s":"JHARKHAND"}},{"arcs":[[7723,7724,7725,-7711,-7723]],"type":"Polygon","properties":{"n":"Sewatanr","c":350376,"d":"Giridih","s":"JHARKHAND"}},{"arcs":[[-7722,7726,7727,7728,-7724]],"type":"Polygon","properties":{"n":"Baratanr","c":350377,"d":"Giridih","s":"JHARKHAND"}},{"arcs":[[7729,7730,7731,-7656]],"type":"Polygon","properties":{"n":"Asnatari","c":350564,"d":"Giridih","s":"JHARKHAND"}},{"arcs":[[-7730,-7655,7732,7733]],"type":"Polygon","properties":{"n":"Majhiladih","c":350563,"d":"Giridih","s":"JHARKHAND"}},{"arcs":[[-7727,-7721,-7658,7734,7735,7736,7737]],"type":"Polygon","properties":{"n":"Charki","c":350567,"d":"Giridih","s":"JHARKHAND"}},{"arcs":[[7738,7739,7740,-7728,-7738,7741,7742]],"type":"Polygon","properties":{"n":"Narotanr","c":350365,"d":"Giridih","s":"JHARKHAND"}},{"arcs":[[7743,-7729,-7741]],"type":"Polygon","properties":{"n":"Chhotki Latbhedwa","c":350366,"d":"Giridih","s":"JHARKHAND"}},{"arcs":[[-7740,7744,-7725,-7744]],"type":"Polygon","properties":{"n":"Barki Latbhedwa","c":350367,"d":"Giridih","s":"JHARKHAND"}},{"arcs":[[-7739,7745,7746,7747,7748,7749,-7715,-7707,-7712,-7726,-7745]],"type":"Polygon","properties":{"n":"Makbali","c":350368,"d":"Giridih","s":"JHARKHAND"}},{"arcs":[[7750,7751,7752,-7747]],"type":"Polygon","properties":{"n":"Nunphorwa","c":350363,"d":"Giridih","s":"JHARKHAND"}},{"arcs":[[7753,7754,7755]],"type":"Polygon","properties":{"n":"Ghutia","c":350360,"d":"Giridih","s":"JHARKHAND"}},{"arcs":[[7756,7757,-7716,-7750]],"type":"Polygon","properties":{"n":"Barmasia","c":350392,"d":"Giridih","s":"JHARKHAND"}},{"arcs":[[7758,7759,7760,7761,-7719,-7717,-7758]],"type":"Polygon","properties":{"n":"Lohra","c":350391,"d":"Giridih","s":"JHARKHAND"}},{"arcs":[[7762,-7760,7763]],"type":"Polygon","properties":{"n":"Birni","c":350394,"d":"Giridih","s":"JHARKHAND"}},{"arcs":[[7764,7765,7766,7767,-7761,-7763]],"type":"Polygon","properties":{"n":"Kundi","c":350395,"d":"Giridih","s":"JHARKHAND"}},{"arcs":[[-7766,7768,7769,7770]],"type":"Polygon","properties":{"n":"Ujbe","c":350396,"d":"Giridih","s":"JHARKHAND"}},{"arcs":[[7771,7772,-7720,-7762,-7768]],"type":"Polygon","properties":{"n":"Asnatari Alias Kakardahi","c":350398,"d":"Giridih","s":"JHARKHAND"}},{"arcs":[[7773,7774,-7700,-7773]],"type":"Polygon","properties":{"n":"Saksakia","c":350399,"d":"Giridih","s":"JHARKHAND"}},{"arcs":[[-7774,7775,7776,7777,7778]],"type":"Polygon","properties":{"n":"Sagbari","c":350400,"d":"Giridih","s":"JHARKHAND"}},{"arcs":[[-7778,7779,7780,7781]],"type":"Polygon","properties":{"n":"Nihalpur","c":350401,"d":"Giridih","s":"JHARKHAND"}},{"arcs":[[7782,-7696,-7701,-7775,-7779,-7782]],"type":"Polygon","properties":{"n":"Tisro","c":350408,"d":"Giridih","s":"JHARKHAND"}},{"arcs":[[-7781,7783,7784,7785,-7592,-7597,-7697,-7783]],"type":"Polygon","properties":{"n":"Lewabanwaria","c":350407,"d":"Giridih","s":"JHARKHAND"}},{"arcs":[[7786,7787,7788,-7786]],"type":"Polygon","properties":{"n":"Daldalia","c":350406,"d":"Giridih","s":"JHARKHAND"}},{"arcs":[[7789,7790,-7787,-7785,7791]],"type":"Polygon","properties":{"n":"Dhawatanr","c":350404,"d":"Giridih","s":"JHARKHAND"}},{"arcs":[[7792,7793,-7788,-7791]],"type":"Polygon","properties":{"n":"Dhawatanr","c":350404,"d":"Giridih","s":"JHARKHAND"}},{"arcs":[[-7794,7794,7795,-7588,-7789]],"type":"Polygon","properties":{"n":"Lalpur","c":350405,"d":"Giridih","s":"JHARKHAND"}},{"arcs":[[7796,-4130,-4135]],"type":"Polygon","properties":{"n":"Tundmunda","c":350550,"d":"Giridih","s":"JHARKHAND"}},{"arcs":[[7797,-4123,-4131,-7797,-4134,7798]],"type":"Polygon","properties":{"n":"Rangamati","c":350549,"d":"Giridih","s":"JHARKHAND"}},{"arcs":[[-4124,-7798,7799]],"type":"Polygon","properties":{"n":"Jharna","c":350548,"d":"Giridih","s":"JHARKHAND"}},{"arcs":[[-7307,-3248,-3151,-3246,-4128,-4125,-7800,-7799,-4133,-4138,-7283,-7291,-7305]],"type":"Polygon","properties":{"n":"Kharkhari","c":350547,"d":"Giridih","s":"JHARKHAND"}},{"arcs":[[-7396,-7402,-3264,-3289,-7343,-7349,-7392]],"type":"Polygon","properties":{"n":"Gadi","c":350505,"d":"Giridih","s":"JHARKHAND"}},{"arcs":[[-3126,-3129,-7432]],"type":"Polygon","properties":{"n":"Ranigadar","c":350485,"d":"Giridih","s":"JHARKHAND"}},{"arcs":[[-3110,-3115,-3118,-3120,-7532,-7531,-7533]],"type":"Polygon","properties":{"n":"Bishunpur","c":350478,"d":"Giridih","s":"JHARKHAND"}},{"arcs":[[-3295,-3293,-3291,-7523,-7519,-7516,7800]],"type":"Polygon","properties":{"n":"Korchancho","c":350474,"d":"Giridih","s":"JHARKHAND"}},{"arcs":[[-7300,-7287,-7294,-7299,7801,-5404,7802]],"type":"Polygon","properties":{"n":"Karopataro","c":350554,"d":"Giridih","s":"JHARKHAND"}},{"arcs":[[-7319,-7301,-7803,-5403,7803]],"type":"Polygon","properties":{"n":"Ghanghrikura","c":350537,"d":"Giridih","s":"JHARKHAND"}},{"arcs":[[-7804,-5402,7804,-7320]],"type":"Polygon","properties":{"n":"Damur","c":350536,"d":"Giridih","s":"JHARKHAND"}},{"arcs":[[-7324,-7321,-7805,-5401,7805,-7359]],"type":"Polygon","properties":{"n":"Barwadih","c":350535,"d":"Giridih","s":"JHARKHAND"}},{"arcs":[[7806,-7367,-7364,-5737,-5739,-5742]],"type":"Polygon","properties":{"n":"Singho","c":350517,"d":"Giridih","s":"JHARKHAND"}},{"arcs":[[-7807,-5741,-7638,-7631,-7626,-7624,-7371,-7368]],"type":"Polygon","properties":{"n":"Ghaghra","c":350531,"d":"Giridih","s":"JHARKHAND"}},{"arcs":[[-3296,-7801,-7515,7807]],"type":"Polygon","properties":{"n":"BandarChuaw","c":350447,"d":"Giridih","s":"JHARKHAND"}},{"arcs":[[7808,-3282,-3285,-3297,-7808,-7514,-7538]],"type":"Polygon","properties":{"n":"Karanpura","c":350446,"d":"Giridih","s":"JHARKHAND"}},{"arcs":[[-3106,-3104,-3283,-7809,-7537,-7541,7809,7810]],"type":"Polygon","properties":{"n":"Lohtana","c":350443,"d":"Giridih","s":"JHARKHAND"}},{"arcs":[[7811,-7810,-7540,-7546,-7587,-7589,-7796]],"type":"Polygon","properties":{"n":"Khatponk","c":350442,"d":"Giridih","s":"JHARKHAND"}},{"arcs":[[7812,-7792,-7784,-7780,-7777,7813]],"type":"Polygon","properties":{"n":"Chatar","c":350402,"d":"Giridih","s":"JHARKHAND"}},{"arcs":[[-7814,-7776,-7772,-7767,-7771,7814]],"type":"Polygon","properties":{"n":"Khakhodhab","c":350397,"d":"Giridih","s":"JHARKHAND"}},{"arcs":[[-7769,-7765,-7764,-7759,-7757,-7749,7815,7816]],"type":"Polygon","properties":{"n":"Matpahari","c":350393,"d":"Giridih","s":"JHARKHAND"}},{"arcs":[[7817,-7816,-7748,-7753,7818]],"type":"Polygon","properties":{"n":"Bardahi","c":350362,"d":"Giridih","s":"JHARKHAND"}},{"arcs":[[7819,7820]],"type":"Polygon","properties":{"n":"Manikpur","c":350357,"d":"Giridih","s":"JHARKHAND"}},{"arcs":[[-7820,7821,7822,7823]],"type":"Polygon","properties":{"n":"Dhonga Chatti","c":350358,"d":"Giridih","s":"JHARKHAND"}},{"arcs":[[7824,-7754,7825,7826,-7823]],"type":"Polygon","properties":{"n":"Thansinghdih","c":350359,"d":"Giridih","s":"JHARKHAND"}},{"arcs":[[-7756,7827,-7819,-7752,7828,7829,-7826]],"type":"Polygon","properties":{"n":"Dobhatanr","c":350361,"d":"Giridih","s":"JHARKHAND"}},{"arcs":[[-7731,-7734,7830,-5848,-5816,7831]],"type":"Polygon","properties":{"n":"Duba Alias Dumardiha","c":350565,"d":"Giridih","s":"JHARKHAND"}},{"arcs":[[-7654,7832,-5847,-5849,-7831,-7733]],"type":"Polygon","properties":{"n":"Kahubai","c":350562,"d":"Giridih","s":"JHARKHAND"}},{"arcs":[[-7651,-7642,-5844,-7833,-7653]],"type":"Polygon","properties":{"n":"Chhatarmar","c":350561,"d":"Giridih","s":"JHARKHAND"}},{"arcs":[[-7295,-5370,-5373,7833]],"type":"Polygon","properties":{"n":"Ledwatand","c":350558,"d":"Giridih","s":"JHARKHAND"}},{"arcs":[[-7806,-5400,-5724,-5731,-7360]],"type":"Polygon","properties":{"n":"Bhita","c":350534,"d":"Giridih","s":"JHARKHAND"}},{"arcs":[[-7736,7834,-5814,-5822,7835]],"type":"Polygon","properties":{"n":"Balbali","c":350568,"d":"Giridih","s":"JHARKHAND"}},{"arcs":[[-7657,-7732,-7832,-5815,-7835,-7735]],"type":"Polygon","properties":{"n":"Asurhaddi","c":350566,"d":"Giridih","s":"JHARKHAND"}},{"arcs":[[-5371,-5842,7836]],"type":"Polygon","properties":{"n":"Manjhladih","c":350560,"d":"Giridih","s":"JHARKHAND"}},{"arcs":[[-5405,-7802,-7298,-7296,-7834,-5372,-7837,-5841,-5843]],"type":"Polygon","properties":{"n":"Chadgo","c":350559,"d":"Giridih","s":"JHARKHAND"}},{"arcs":[[-7751,-7746,-7743,7837,-7829]],"type":"Polygon","properties":{"n":"Kari Pahari Mukdan","c":350364,"d":"Giridih","s":"JHARKHAND"}},{"arcs":[[-36,-202,-229,-1019,7838,-7222]],"type":"Polygon","properties":{"n":"Garea","c":352529,"d":"Giridih","s":"JHARKHAND"}},{"arcs":[[-7233,-38,-7223,-7839,-1021,-7234,-162,-173]],"type":"Polygon","properties":{"n":"Barki Saraiya (CT)","c":352566,"d":"Giridih","s":"JHARKHAND"}},{"arcs":[[-4701,-4702,-2288,-1978,-2287,-2294]],"type":"Polygon","properties":{"n":"Barai","c":352390,"d":"Giridih","s":"JHARKHAND"}}]}}}