{"type":"Topology","arcs":[[[58592,73031],[-12,-734]],[[58580,72297],[76,-1169],[-336,-90]],[[58320,71038],[-568,1065],[-981,182],[-242,475]],[[56529,72760],[251,361],[-277,756],[736,81]],[[57239,73958],[965,-355],[388,-572]],[[58580,72297],[913,-1804]],[[59493,70493],[-137,-204]],[[59356,70289],[-418,181]],[[58938,70470],[-618,568]],[[58592,73031],[881,220],[574,-84]],[[60047,73167],[55,-574],[758,-64]],[[60860,72529],[-184,-275]],[[60676,72254],[-263,-118],[-389,-1600]],[[60024,70536],[-531,-43]],[[58320,71038],[-323,-120]],[[57997,70918],[-891,194],[-750,-457],[-36,-304]],[[56320,70351],[-552,-310],[-372,-959]],[[55396,69082],[-1158,62]],[[54238,69144],[499,691],[475,1124]],[[55212,70959],[671,506],[111,501],[-407,494]],[[55587,72460],[-75,344]],[[55512,72804],[1017,-44]],[[57997,70918],[-1076,-682],[-601,115]],[[58938,70470],[-255,-305]],[[58683,70165],[-901,-244],[-98,-434],[-905,-881],[-483,96]],[[56296,68702],[-900,380]],[[51266,72727],[295,-1736],[-63,-829],[292,-62]],[[51790,70100],[85,-977]],[[51875,69123],[-309,-152],[-360,-2234],[45,-1045]],[[51251,65692],[-15,-1534]],[[51236,64158],[-517,-430],[-1118,-465],[-829,352]],[[48772,63615],[-232,133],[420,1261],[530,683],[-610,493],[-364,997],[-466,-57],[-116,834]],[[47934,67959],[766,255],[71,1350],[-184,900]],[[48587,70464],[238,34],[953,1974]],[[49778,72472],[541,553]],[[50319,73025],[947,-298]],[[51875,69123],[1091,-179],[365,264],[907,-64]],[[56296,68702],[7,-725],[643,-860]],[[56946,67117],[-59,-705]],[[56887,66412],[-667,-555],[-412,131],[-171,-463],[-839,-117],[-451,338],[-1147,379],[-819,35],[-172,-490],[-958,22]],[[58683,70165],[440,-432]],[[59123,69733],[251,-172]],[[59374,69561],[-205,-1010]],[[59169,68551],[-92,-2067]],[[59077,66484],[-1933,701],[-198,-68]],[[56887,66412],[249,-132],[-711,-1929],[-572,-790],[-160,-626],[-490,96],[-1110,-737],[-155,-602]],[[53938,61692],[-699,-490]],[[53239,61202],[-555,-83]],[[52684,61119],[-156,77]],[[52528,61196],[223,1029],[-211,440],[144,1060],[-1448,433]],[[52528,61196],[-995,62],[-561,-162]],[[50972,61096],[-1026,1102],[-1289,-67],[-283,463]],[[48374,62594],[402,385],[-4,636]],[[50972,61096],[-728,-355],[-154,-808],[-1542,-136],[-662,-699]],[[47886,59098],[-446,1342],[-51,625],[-401,417],[411,590],[975,522]],[[52684,61119],[-514,-1103],[338,-980],[-763,-802],[-219,-995]],[[51526,57239],[-525,72]],[[51001,57311],[-1473,-137],[-953,-262],[109,458],[-305,1350],[-493,378]],[[53938,61692],[1379,-179],[1364,393],[316,-304],[-166,-878],[205,-1282]],[[57036,59442],[-1976,-15],[-1150,189],[-304,375],[-367,1211]],[[57036,59442],[-880,-274],[-865,-2611]],[[55291,56557],[-1068,35]],[[54223,56592],[-1348,-13],[-679,692],[-670,-32]],[[60287,59837],[63,-968],[405,-682],[40,-1253]],[[60795,56934],[-1811,-334]],[[58984,56600],[-2319,-134],[-1374,91]],[[57036,59442],[507,-76],[1840,343]],[[59383,59709],[904,128]],[[60047,73167],[-126,672],[203,741]],[[60124,74580],[581,-213],[950,-1017]],[[61655,73350],[-564,-337],[-231,-484]],[[60124,74580],[42,827]],[[60166,75407],[360,55]],[[60526,75462],[1539,111]],[[62065,75573],[-184,-205],[361,-1018],[-587,-1000]],[[63913,75618],[44,-997],[567,-94]],[[64524,74527],[-566,-1129]],[[63958,73398],[-716,-594]],[[63242,72804],[-980,576],[-607,-30]],[[62065,75573],[239,75]],[[62304,75648],[568,-204],[1041,174]],[[63958,73398],[381,-551]],[[64339,72847],[-192,-549],[398,-825],[-782,115]],[[63763,71588],[-400,49]],[[63363,71637],[-121,1167]],[[63363,71637],[-1507,-695]],[[61856,70942],[-671,466],[-509,846]],[[61856,70942],[-375,-549]],[[61481,70393],[-1457,143]],[[61481,70393],[-120,-545]],[[61361,69848],[-1228,-546]],[[60133,69302],[-759,259]],[[59123,69733],[233,556]],[[60133,69302],[-106,-609],[-858,-142]],[[63763,71588],[-594,-768]],[[63169,70820],[-21,-467],[-743,-502],[-647,-102]],[[61758,69749],[-397,99]],[[66298,46310],[1192,-54]],[[67490,46256],[395,-1586]],[[67885,44670],[-454,-478]],[[67431,44192],[-233,-122]],[[67198,44070],[-886,321]],[[66312,44391],[1,109]],[[66313,44500],[48,830],[-190,867]],[[66171,46197],[127,113]],[[54223,56592],[277,-1101],[-114,-510]],[[54386,54981],[-426,81],[-2597,31]],[[51363,55093],[-309,-22]],[[51054,55071],[-264,43]],[[50790,55114],[211,2197]],[[58984,56600],[53,-1407]],[[59037,55193],[-164,-878]],[[58873,54315],[-1518,-343]],[[57355,53972],[-2090,956],[-837,-21]],[[54428,54907],[-42,74]],[[64155,56206],[-605,109],[-1992,-615]],[[61558,55700],[-507,-223],[-2014,-284]],[[60795,56934],[1811,325]],[[62606,57259],[678,-477],[756,140],[115,-716]],[[66106,56721],[-53,-1373]],[[66053,55348],[-1553,-6]],[[64500,55342],[-82,957]],[[64418,56299],[1439,432]],[[65857,56731],[249,-10]],[[64155,56206],[263,93]],[[64500,55342],[34,-305]],[[64534,55037],[-839,-276],[-326,-603]],[[63369,54158],[-1096,304]],[[62273,54462],[-157,547],[-558,691]],[[66053,55348],[15,-484],[907,-251]],[[66975,54613],[-367,-808],[-224,-1450]],[[66384,52355],[-1379,284]],[[65005,52639],[-545,342],[-869,-114]],[[63591,52867],[27,207]],[[63618,53074],[1051,389],[291,1087],[-426,487]],[[63618,53074],[-249,1084]],[[63591,52867],[-888,-238],[-297,-332]],[[62406,52297],[-298,-69]],[[62108,52228],[-2127,-244]],[[59981,51984],[-625,1526]],[[59356,53510],[2189,512],[728,440]],[[59356,53510],[-483,805]],[[57355,53972],[-1111,-715],[-632,74],[-1265,-631]],[[54347,52700],[8,319]],[[54355,53019],[73,1888]],[[59981,51984],[-738,239],[-267,-340]],[[58976,51883],[-444,78],[-737,-739]],[[57795,51222],[-190,1235],[143,1145],[-393,370]],[[57795,51222],[-148,-285]],[[57647,50937],[-227,336],[-685,-65],[-487,-359],[-591,56]],[[55657,50905],[-622,-96],[-203,-468],[-321,449]],[[54511,50790],[-164,1910]],[[57647,50937],[-137,-469]],[[57510,50468],[-286,-358]],[[57224,50110],[-897,-761],[191,-780],[-569,-1073]],[[55949,47496],[-1043,706]],[[54906,48202],[751,2703]],[[57224,50110],[2,-1078],[197,-1172],[441,-583]],[[57864,47277],[-584,-4],[-780,336],[-551,-113]],[[57510,50468],[926,-929],[280,-1026],[-73,-1184],[176,-530]],[[58819,46799],[-8,-191]],[[58811,46608],[-750,353]],[[58061,46961],[-197,316]],[[58976,51883],[923,-1024],[384,-1191]],[[60283,49668],[-415,-362],[423,-1804]],[[60291,47502],[-702,65],[-307,-556],[-463,-212]],[[62108,52228],[-35,-569],[498,-881]],[[62571,50778],[-1205,-1342],[-363,-719]],[[61003,48717],[-720,951]],[[65005,52639],[-556,-468]],[[64449,52171],[-2043,126]],[[64449,52171],[444,-1151]],[[64893,51020],[-311,-707]],[[64582,50313],[-816,68]],[[63766,50381],[-456,-217]],[[63310,50164],[-593,168]],[[62717,50332],[-146,446]],[[66384,52355],[224,-580]],[[66608,51775],[274,-752]],[[66882,51023],[-1369,178],[-620,-181]],[[57160,43327],[313,28],[-155,-895],[-363,-120]],[[56955,42340],[-892,642]],[[56063,42982],[-204,101]],[[55859,43083],[260,247],[1041,-3]],[[66882,51023],[-242,-1168]],[[66640,49855],[-263,-1385]],[[66377,48470],[-961,-271]],[[65416,48199],[-1050,371]],[[64366,48570],[804,563],[-112,895],[-476,285]],[[64366,48570],[-378,-155]],[[63988,48415],[-23,262]],[[63965,48677],[355,602],[-554,1102]],[[63965,48677],[-251,201],[-404,1286]],[[63988,48415],[31,-172]],[[64019,48243],[-438,-895]],[[63581,47348],[-931,255]],[[62650,47603],[-106,328],[32,1873],[141,528]],[[62650,47603],[-403,-55],[-647,698]],[[61600,48246],[-597,471]],[[67746,49781],[-335,-1280],[-249,-324]],[[67162,48177],[-785,293]],[[66640,49855],[1106,-74]],[[66377,48470],[-762,-697]],[[65615,47773],[-199,426]],[[67162,48177],[-148,-796]],[[67014,47381],[-1030,244],[-55,-614]],[[65929,47011],[-352,81],[38,681]],[[65929,47011],[369,-701]],[[66171,46197],[-396,380],[-959,212],[-29,-889]],[[64787,45900],[-344,-156]],[[64443,45744],[-477,1949],[53,550]],[[64443,45744],[-1070,-417]],[[63373,45327],[-247,1293],[455,728]],[[63373,45327],[-258,-629]],[[63115,44698],[-748,-167]],[[62367,44531],[-577,12]],[[61790,44543],[296,456],[564,2604]],[[61790,44543],[-631,395]],[[61159,44938],[-363,300]],[[60796,45238],[167,906]],[[60963,46144],[637,2102]],[[60963,46144],[-924,-138]],[[60039,46006],[170,111],[82,1385]],[[60039,46006],[-964,-549]],[[59075,45457],[-264,1151]],[[59075,45457],[266,-519]],[[59341,44938],[-976,-553]],[[58365,44385],[-249,100]],[[58116,44485],[-757,1017],[-406,24]],[[56953,45526],[8,473],[537,701],[563,261]],[[56953,45526],[-226,-495]],[[56727,45031],[-850,1317]],[[55877,46348],[72,1148]],[[55877,46348],[190,-1882],[-487,27]],[[55580,44493],[-399,313]],[[55181,44806],[-363,983],[-486,179]],[[54332,45968],[574,2234]],[[55181,44806],[-135,-720]],[[55046,44086],[-1247,305]],[[53799,44391],[533,1577]],[[55580,44493],[616,-715],[-540,-596]],[[55656,43182],[-361,109],[-249,795]],[[57068,43925],[92,-598]],[[55859,43083],[-203,99]],[[56727,45031],[341,-1106]],[[58116,44485],[-1048,-560]],[[58365,44385],[1038,-1154]],[[59403,43231],[210,-157]],[[59613,43074],[161,-860],[-240,-321]],[[59534,41893],[-442,416],[-934,126],[-598,-235]],[[57560,42200],[-605,140]],[[59341,44938],[287,-177]],[[59628,44761],[-9,-499]],[[59619,44262],[-216,-1031]],[[60039,46006],[-68,-1065]],[[59971,44941],[-343,-180]],[[60796,45238],[-448,-824]],[[60348,44414],[-377,527]],[[60348,44414],[-41,-152]],[[60307,44262],[-42,-152]],[[60265,44110],[-646,152]],[[60265,44110],[297,-215],[-403,-571]],[[60159,43324],[-546,-250]],[[60307,44262],[896,-240]],[[61203,44022],[-362,-495]],[[60841,43527],[-682,-203]],[[61159,44938],[44,-916]],[[62367,44531],[-225,-861]],[[62142,43670],[-939,352]],[[62142,43670],[-287,-337]],[[61855,43333],[-564,-5]],[[61291,43328],[-450,199]],[[61291,43328],[79,-572]],[[61370,42756],[-1211,568]],[[61370,42756],[85,-593]],[[61455,42163],[-21,-493],[492,-761],[-1979,483]],[[59947,41392],[-413,501]],[[62198,42373],[-743,-210]],[[61855,43333],[343,-960]],[[59947,41392],[-40,-848]],[[59907,40544],[302,-586]],[[60209,39958],[-804,-129],[-591,471],[-351,-80]],[[58463,40220],[-257,135],[-703,1146],[57,699]],[[58463,40220],[-37,-334]],[[58426,39886],[-983,540],[-299,429]],[[57144,40855],[-193,845]],[[56951,41700],[4,640]],[[55765,41750],[298,1232]],[[56951,41700],[-448,553],[-362,-508],[-376,5]],[[55765,41750],[-1107,12],[-788,544]],[[53870,42306],[208,587],[-551,1064]],[[53527,43957],[272,434]],[[53870,42306],[-823,-1392]],[[53047,40914],[-447,-152]],[[52600,40762],[-218,165]],[[52382,40927],[460,1020],[-341,547],[-18,675]],[[52483,43169],[636,686],[408,102]],[[55765,41750],[-113,-1006]],[[55652,40744],[-215,-346],[-730,-279]],[[54707,40119],[-1015,187]],[[53692,40306],[95,293],[-740,315]],[[57144,40855],[-1276,-286]],[[55868,40569],[-216,175]],[[58426,39886],[79,-554],[-681,-340]],[[57824,38992],[-1392,448]],[[56432,39440],[-685,777],[121,352]],[[56432,39440],[-231,-191]],[[56201,39249],[-429,434],[-1065,436]],[[60209,39958],[-66,-1176]],[[60143,38782],[-244,-1071]],[[59899,37711],[-920,-203],[-138,-1101]],[[58841,36407],[-984,135]],[[57857,36542],[-227,1289],[194,1161]],[[57857,36542],[57,-428],[-465,-103],[-361,-644]],[[57088,35367],[-1141,406]],[[55947,35773],[-197,54]],[[55750,35827],[95,591],[-537,639],[138,914]],[[55446,37971],[74,488]],[[55520,38459],[681,790]],[[55520,38459],[-1111,-118]],[[54409,38341],[-256,901],[-1093,-386]],[[53060,38856],[101,979],[531,471]],[[53060,38856],[15,-78]],[[53075,38778],[-803,224]],[[52272,39002],[117,826],[-220,626],[431,308]],[[52382,40927],[-509,-72]],[[51873,40855],[121,794],[-314,358],[-272,-741]],[[51408,41266],[-395,111]],[[51013,41377],[-415,629],[365,371]],[[50963,42377],[34,144]],[[50997,42521],[1441,612]],[[52438,43133],[45,36]],[[51873,40855],[-465,411]],[[51013,41377],[-327,-769],[-478,257]],[[50208,40865],[-272,1298]],[[49936,42163],[1027,214]],[[49578,42231],[358,-68]],[[50208,40865],[-317,157]],[[49891,41022],[-213,371],[-756,246]],[[48922,41639],[656,592]],[[49891,41022],[64,-293]],[[49955,40729],[-909,-86]],[[49046,40643],[-124,996]],[[50455,39594],[-105,27]],[[50350,39621],[-814,-33],[-500,388]],[[49036,39976],[10,667]],[[49955,40729],[500,-1135]],[[52272,39002],[-1048,-42]],[[51224,38960],[12,467],[-781,167]],[[54409,38341],[-774,-103]],[[53635,38238],[-560,540]],[[55446,37971],[-959,-458],[-999,488]],[[53488,38001],[147,237]],[[55750,35827],[-151,-230],[-854,250]],[[54745,35847],[-1234,344]],[[53511,36191],[5,203]],[[53516,36394],[144,851],[-172,756]],[[53516,36394],[-890,39],[95,744],[-215,747]],[[52506,37924],[982,77]],[[52506,37924],[-184,111],[-319,-941],[-603,-289],[-149,-699],[-531,-1012]],[[50720,35094],[-320,-422],[-17,-829]],[[50383,33843],[-618,407]],[[49765,34250],[137,801],[-226,1018],[-845,995]],[[48831,37064],[720,446],[754,946]],[[50305,38456],[892,58],[27,446]],[[53511,36191],[-720,-917]],[[52791,35274],[-418,413],[-292,-280]],[[52081,35407],[-517,-22],[-162,-763]],[[51402,34622],[-682,472]],[[54745,35847],[11,-761],[-418,-624]],[[54338,34462],[-1105,58]],[[53233,34520],[-442,754]],[[55947,35773],[154,-1111]],[[56101,34662],[-205,-668]],[[55896,33994],[-165,-984]],[[55731,33010],[-633,251]],[[55098,33261],[-901,653]],[[54197,33914],[141,548]],[[57088,35367],[671,-340]],[[57759,35027],[-672,139],[-183,-420]],[[56904,34746],[-803,-84]],[[56904,34746],[-434,-937]],[[56470,33809],[-574,185]],[[56470,33809],[-434,-674],[212,-326]],[[56248,32809],[-517,201]],[[58841,36407],[48,-392],[825,-35]],[[59714,35980],[-87,-222]],[[59627,35758],[-354,-857]],[[59273,34901],[-735,528],[-779,-402]],[[59273,34901],[309,-213]],[[59582,34688],[-503,-868]],[[59079,33820],[-873,194]],[[58206,34014],[-358,213]],[[57848,34227],[-89,800]],[[57848,34227],[-560,-150],[-314,-757]],[[56974,33320],[-439,-589],[-287,78]],[[58206,34014],[-454,-829]],[[57752,33185],[-778,135]],[[46717,37020],[470,-756]],[[47187,36264],[20,-796],[342,-568],[-319,-638]],[[47230,34262],[-882,872],[-629,-681],[-499,-1178],[-586,-266],[-939,707],[-702,1206]],[[42993,34922],[322,408]],[[43315,35330],[326,344],[722,124],[1054,-299],[802,534],[164,818]],[[46383,36851],[334,169]],[[48717,37032],[141,-1129],[-137,-1696]],[[48721,34207],[-662,-112],[-146,-368]],[[47913,33727],[-683,535]],[[47187,36264],[716,720],[456,165]],[[48359,37149],[358,-117]],[[49765,34250],[-1044,-43]],[[48717,37032],[114,32]],[[50383,33843],[-41,-702],[-523,-412],[-1078,582]],[[48741,33311],[-828,416]],[[51402,34622],[-401,-891]],[[51001,33731],[-618,112]],[[52081,35407],[603,-741],[-487,-743]],[[52197,33923],[-795,699]],[[53233,34520],[-24,-86]],[[53209,34434],[-105,-702]],[[53104,33732],[-376,17]],[[52728,33749],[-531,174]],[[52197,33923],[-397,-877]],[[51800,33046],[-799,685]],[[54197,33914],[-754,86]],[[53443,34000],[-234,434]],[[53443,34000],[256,-433]],[[53699,33567],[-595,165]],[[55098,33261],[-331,-498],[-713,230]],[[54054,32993],[-355,574]],[[54054,32993],[-241,-379]],[[53813,32614],[-445,240]],[[53368,32854],[-640,895]],[[48741,33311],[78,-480],[-426,-395]],[[48393,32436],[450,-540],[-50,-702]],[[48793,31194],[-334,-268],[-582,171]],[[47877,31097],[-582,688],[593,743],[25,1199]],[[51800,33046],[-79,-864]],[[51721,32182],[-8,-570]],[[51713,31612],[-278,34]],[[51435,31646],[-1066,333]],[[50369,31979],[-1976,457]],[[53368,32854],[-625,-548]],[[52743,32306],[-359,-207]],[[52384,32099],[-663,83]],[[50369,31979],[86,-492]],[[50455,31487],[-444,-475],[-708,-207],[-510,389]],[[51435,31646],[-347,-333]],[[51088,31313],[-633,174]],[[52384,32099],[-43,-633]],[[52341,31466],[-628,146]],[[52743,32306],[483,-1029]],[[53226,31277],[-889,81]],[[52337,31358],[4,108]],[[52337,31358],[-467,-474]],[[51870,30884],[-759,-48]],[[51111,30836],[-23,477]],[[53813,32614],[570,-706],[1129,-744],[96,-592]],[[55608,30572],[-153,-123]],[[55455,30449],[-466,-440]],[[54989,30009],[-263,380],[-1136,340]],[[53590,30729],[-364,548]],[[57752,33185],[230,-322],[1006,-206]],[[58988,32657],[-4,-281]],[[58984,32376],[-76,-238],[-124,-477]],[[58784,31661],[-738,-167]],[[58046,31494],[-633,450],[-551,53],[-86,-688],[293,-861]],[[57069,30448],[-1461,124]],[[58046,31494],[-428,-164],[434,-722]],[[58052,30608],[-983,-160]],[[57069,30448],[113,-302],[-649,-549]],[[56533,29597],[-1078,852]],[[56533,29597],[-70,-168]],[[56463,29429],[-872,54],[-602,526]],[[54989,30009],[-238,-669]],[[54751,29340],[-1605,416]],[[53146,29756],[-138,581]],[[53008,30337],[582,392]],[[53008,30337],[-430,-410]],[[52578,29927],[-461,176]],[[52117,30103],[-247,781]],[[52117,30103],[-437,-674]],[[51680,29429],[-694,365]],[[50986,29794],[125,1042]],[[51680,29429],[-8,-466]],[[51672,28963],[-783,109]],[[50889,29072],[-49,244]],[[50840,29316],[146,478]],[[52578,29927],[-60,-627],[554,-142]],[[53072,29158],[-801,-764]],[[52271,28394],[-599,569]],[[53146,29756],[-74,-598]],[[54751,29340],[-124,-271]],[[54627,29069],[-340,-354]],[[54287,28715],[-933,-835]],[[53354,27880],[-883,158],[-200,356]],[[50840,29316],[-1028,-7],[-1106,-446]],[[48706,28863],[-376,26]],[[48330,28889],[298,439],[-196,1016],[-555,753]],[[50889,29072],[-185,-143],[289,-978]],[[50993,27951],[-633,-820]],[[50360,27131],[-1258,120]],[[49102,27251],[-569,447],[-57,797],[230,368]],[[53354,27880],[-1584,-657]],[[51770,27223],[-777,728]],[[54287,28715],[419,-1205]],[[54706,27510],[-459,-463]],[[54247,27047],[-420,671],[-473,162]],[[54627,29069],[691,-827],[458,-68]],[[55776,28174],[-37,-874]],[[55739,27300],[-291,-280]],[[55448,27020],[-742,490]],[[56463,29429],[68,-85]],[[56531,29344],[-139,-763]],[[56392,28581],[-616,-407]],[[58919,29760],[-487,-979]],[[58432,28781],[-1901,563]],[[58052,30608],[-113,-420],[980,-428]],[[58432,28781],[-116,-1058]],[[58316,27723],[-350,-388]],[[57966,27335],[-1047,277]],[[56919,27612],[-527,969]],[[56919,27612],[-140,-483]],[[56779,27129],[-554,-133]],[[56225,26996],[-486,304]],[[59874,29676],[186,-397],[-210,-636]],[[59850,28643],[-143,-737]],[[59707,27906],[-346,-578]],[[59361,27328],[-684,56],[-361,339]],[[58919,29760],[955,-84]],[[63186,28787],[-563,-499]],[[62623,28288],[-187,-860]],[[62436,27428],[-1417,147],[-533,689],[-636,379]],[[59874,29676],[1208,395]],[[61082,30071],[475,-768],[1629,-516]],[[62436,27428],[-98,-211]],[[62338,27217],[-1422,105],[-1209,584]],[[62338,27217],[-928,-636]],[[61410,26581],[-1615,287]],[[59795,26868],[-434,460]],[[62801,28229],[372,-1153]],[[63173,27076],[-599,-720],[286,-617],[-135,-858],[-538,-274]],[[62187,24607],[-682,-385]],[[61505,24222],[-418,491],[-105,600]],[[60982,25313],[307,736]],[[61289,26049],[121,532]],[[62623,28288],[178,-59]],[[61289,26049],[-1141,181],[-544,-139]],[[59604,26091],[191,777]],[[59604,26091],[-54,-320]],[[59550,25771],[-258,22]],[[59292,25793],[-1153,1057]],[[58139,26850],[-173,485]],[[58139,26850],[-858,-361]],[[57281,26489],[-599,237]],[[56682,26726],[97,403]],[[56682,26726],[-457,270]],[[58139,26850],[-202,-651]],[[57937,26199],[-656,290]],[[57937,26199],[7,-303]],[[57944,25896],[-856,-668]],[[57088,25228],[-1420,394]],[[55668,25622],[-220,1398]],[[59292,25793],[-289,-1387]],[[59003,24406],[-735,284],[-324,1206]],[[59550,25771],[-39,-461],[735,-440]],[[60246,24870],[-856,-879],[-626,-310]],[[58764,23681],[239,725]],[[60982,25313],[-360,-499]],[[60622,24814],[-376,56]],[[61505,24222],[-781,156],[-102,436]],[[63720,25896],[642,-1273]],[[64362,24623],[-256,-291]],[[64106,24332],[-142,-317]],[[63964,24015],[-696,184],[-1047,-45]],[[62221,24154],[-34,453]],[[63173,27076],[-28,-549],[539,-250],[36,-381]],[[63964,24015],[-226,-578]],[[63738,23437],[-981,-496]],[[62757,22941],[-536,1213]],[[62757,22941],[-801,-503],[-149,-345]],[[61807,22093],[-822,597]],[[60985,22690],[4,679]],[[60989,23369],[516,853]],[[60989,23369],[-445,-151],[-932,130],[-365,-377],[-568,78]],[[58679,23049],[85,632]],[[60985,22690],[-366,-438]],[[60619,22252],[-1162,-295],[-478,-444]],[[58979,21513],[32,648],[-332,888]],[[58679,23049],[-1226,-213]],[[57453,22836],[-1066,1052]],[[56387,23888],[701,1340]],[[56387,23888],[-519,62]],[[55868,23950],[-209,147]],[[55659,24097],[222,659],[-361,660]],[[55520,25416],[148,206]],[[55520,25416],[-442,55]],[[55078,25471],[-143,851],[-688,725]],[[55659,24097],[-743,-110]],[[54916,23987],[-165,349]],[[54751,24336],[327,1135]],[[49102,27251],[362,-1249],[-65,-1084]],[[49399,24918],[-1223,137]],[[48176,25055],[-497,855],[104,1002],[547,1977]],[[50360,27131],[1192,-457]],[[51552,26674],[-328,-1879],[-182,-315]],[[51042,24480],[-748,-190],[-746,400]],[[49548,24690],[-149,228]],[[51770,27223],[-218,-549]],[[54247,27047],[-491,-1364]],[[53756,25683],[-482,-785],[-33,-512]],[[53241,24386],[-615,57]],[[52626,24443],[-203,990],[-871,1241]],[[54751,24336],[-995,1347]],[[52626,24443],[-396,-869]],[[52230,23574],[-1188,906]],[[54916,23987],[-241,-388]],[[54675,23599],[-1253,105]],[[53422,23704],[-181,682]],[[53422,23704],[-404,-597]],[[53018,23107],[-788,467]],[[55868,23950],[462,-1145],[-475,-1169]],[[55855,21636],[-1069,323],[-377,639]],[[54409,22598],[266,1001]],[[54409,22598],[-714,-977],[-33,-1029]],[[53662,20592],[-664,448]],[[52998,21040],[-214,1348],[234,719]],[[52998,21040],[-1001,-37]],[[51997,21003],[-1804,564]],[[50193,21567],[62,707]],[[50255,22274],[166,964],[621,1242]],[[49548,24690],[-475,-383],[-174,-1230]],[[48899,23077],[-693,259],[-30,1719]],[[50255,22274],[-515,-366]],[[49740,21908],[-26,515],[-815,654]],[[50193,21567],[363,-1002]],[[50556,20565],[-384,-1209],[-1597,15],[-225,1382],[254,731],[1136,424]],[[66313,44500],[-279,110]],[[66034,44610],[-1071,889],[-176,401]],[[67198,44070],[23,-500],[-494,-206]],[[66727,43364],[50,473],[-465,554]],[[66727,43364],[-61,-195]],[[66666,43169],[-900,87],[-351,-351]],[[65415,42905],[-454,375]],[[64961,43280],[764,364],[309,966]],[[64961,43280],[-220,370]],[[64741,43650],[-298,2094]],[[64741,43650],[-609,378]],[[64132,44028],[-759,1299]],[[64132,44028],[-198,-365]],[[63934,43663],[-819,1035]],[[63934,43663],[-497,-684],[-675,-84],[-115,-613]],[[62647,42282],[-449,91]],[[67014,47381],[476,-1125]],[[79050,87142],[-539,-945],[33,-355],[-591,-398]],[[77953,85444],[-978,127],[-1491,-64],[-844,265],[-572,-134]],[[74068,85638],[3,1152],[869,422]],[[74940,87212],[1432,1083]],[[76372,88295],[1148,-807],[1530,-346]],[[72697,82202],[-2100,24],[-328,127]],[[70269,82353],[-22,978]],[[70247,83331],[414,15],[895,1194],[850,158]],[[72406,84698],[-60,-1407],[351,-1089]],[[72783,84568],[237,-428],[884,-134],[378,-497],[2281,-998]],[[76563,82511],[-728,-1022],[-541,24]],[[75294,81513],[-962,201]],[[74332,81714],[-68,260],[-1103,304],[-464,-76]],[[72406,84698],[377,-130]],[[77953,85444],[305,-1255]],[[78258,84189],[-173,-717]],[[78085,83472],[-490,-669],[-1032,-292]],[[72783,84568],[766,414],[108,352]],[[73657,85334],[411,304]],[[81413,88645],[-59,-492]],[[81354,88153],[225,-1227],[-858,-123],[-451,296],[-1220,43]],[[79050,87142],[273,897],[672,404],[-175,247]],[[79820,88690],[358,284],[1235,-329]],[[85286,87478],[-810,-223],[-817,244]],[[83659,87499],[-1284,168],[-1021,486]],[[81413,88645],[525,200],[752,-123],[878,310],[923,-527],[211,-852],[584,-175]],[[74332,81714],[88,-715],[-1576,-1318],[-1373,-837]],[[71471,78844],[-1194,373]],[[70277,79217],[-980,355]],[[69297,79572],[164,288],[-168,897]],[[69293,80757],[661,1126]],[[69954,81883],[315,470]],[[70277,79217],[-515,-685],[199,-554],[564,-234],[175,-714]],[[70700,77030],[-124,-286]],[[70576,76744],[-1505,891]],[[69071,77635],[-662,533]],[[68409,78168],[121,587],[767,817]],[[71471,78844],[20,-820],[-791,-994]],[[75294,81513],[-57,-774]],[[75237,80739],[-460,-345],[-456,-1710],[166,-2426]],[[74487,76258],[-88,-555]],[[74399,75703],[-485,-3]],[[73914,75700],[392,808],[-936,40],[-229,250],[-1329,-182],[-871,-651]],[[70941,75965],[-365,779]],[[78160,78385],[-564,-1253]],[[77596,77132],[-799,-463],[-437,-509]],[[76360,76160],[-795,19],[-222,394],[-856,-315]],[[75237,80739],[828,-19],[106,-471],[751,-1025],[1238,-839]],[[78085,83472],[1226,-1112],[974,-300]],[[80285,82060],[246,-754]],[[80531,81306],[-1092,-194],[104,-549],[-443,-669],[-333,-1460]],[[78767,78434],[-607,-49]],[[78258,84189],[612,181],[1116,-193]],[[79986,84177],[122,-884],[378,-465]],[[80486,82828],[-201,-768]],[[83659,87499],[-1105,-1247],[79,-724],[677,-527]],[[83310,85001],[-400,-230],[-1641,312],[-823,-221],[-460,-685]],[[85286,87478],[890,-265],[-362,-1019],[51,-626],[-309,-502],[29,-868],[256,-139]],[[85841,84059],[-553,-428]],[[85288,83631],[-633,77],[-460,404]],[[84195,84112],[30,303],[-915,586]],[[84195,84112],[-1121,-1799]],[[83074,82313],[-543,312],[-1525,453],[-520,-250]],[[83074,82313],[68,-642]],[[83142,81671],[-918,-1506]],[[82224,80165],[-1380,661],[-313,480]],[[82224,80165],[-220,-663],[-552,-601]],[[81452,78901],[-367,153],[-2318,-620]],[[81452,78901],[-378,-551],[-33,-1137],[-445,-349],[-890,22]],[[79706,76886],[-1014,-59],[-1096,305]],[[79706,76886],[1033,-381],[276,-989],[650,-414]],[[81665,75102],[-1063,-1235]],[[80602,73867],[-1764,-292]],[[78838,73575],[-1524,83]],[[77314,73658],[-77,1173],[-428,419],[-449,910]],[[85288,83631],[89,-361],[-519,-921],[-96,-1134]],[[84762,81215],[-1620,456]],[[87488,80800],[-1263,29]],[[86225,80829],[-1463,386]],[[85841,84059],[971,-262],[360,-509],[599,-284],[-283,-2204]],[[86225,80829],[33,-985],[-602,-1015],[-1157,-623]],[[84499,78206],[-1086,-80]],[[83413,78126],[-1179,340],[-782,435]],[[83413,78126],[-541,-1818]],[[82872,76308],[-312,-580],[-895,-626]],[[87488,80800],[982,-434]],[[88470,80366],[-497,-818],[-198,-1232]],[[87775,78316],[-659,-1486]],[[87116,76830],[-366,84]],[[86750,76914],[-827,-81]],[[85923,76833],[-1424,1373]],[[85923,76833],[326,-608]],[[86249,76225],[301,-43]],[[86550,76182],[-416,-429],[-648,-186],[-366,-423]],[[85120,75144],[-982,142],[-679,745],[-587,277]],[[85120,75144],[246,-666]],[[85366,74478],[-528,-1101],[147,-311]],[[84985,73066],[-750,-461],[-1197,-91],[-955,-279]],[[82083,72235],[121,1141],[-362,-145],[-1240,636]],[[82083,72235],[-530,-1071],[-472,-415]],[[81081,70749],[-711,160],[-648,-168],[-953,205]],[[78769,70946],[319,1178],[-250,1451]],[[78769,70946],[-1265,-164],[-586,-275]],[[76918,70507],[-302,210]],[[76616,70717],[234,2028]],[[76850,72745],[464,913]],[[76061,70849],[-413,-475],[109,-586],[644,-342]],[[76401,69446],[-259,-1018]],[[76142,68428],[-1055,-115]],[[75087,68313],[232,300],[-6,908]],[[75313,69521],[-38,354]],[[75275,69875],[-181,759]],[[75094,70634],[818,388],[149,-173]],[[76918,70507],[149,-678],[-260,-1286]],[[76807,68543],[-665,-115]],[[76401,69446],[215,1271]],[[78769,70946],[-347,-618],[-260,-1082],[59,-740]],[[78221,68506],[-1305,-5]],[[76916,68501],[-109,42]],[[76916,68501],[70,-597],[-310,-1284]],[[76676,66620],[-496,6]],[[76180,66626],[-190,528],[-1598,70]],[[74392,67224],[-22,735],[717,354]],[[78221,68506],[2013,-535]],[[80234,67971],[-219,-296]],[[80015,67675],[-297,-1333]],[[79718,66342],[-901,136]],[[78817,66478],[-1085,-96]],[[77732,66382],[-887,102]],[[76845,66484],[-169,136]],[[81081,70749],[56,-35]],[[81137,70714],[-286,-235],[-428,-2248],[-189,-260]],[[89486,79458],[-170,-413],[-661,-472],[-880,-257]],[[88470,80366],[308,596],[688,-884],[20,-620]],[[91230,77095],[-1416,-843],[-721,-1098]],[[89093,75154],[-719,-104]],[[88374,75050],[-384,610]],[[87990,75660],[636,1089],[-1510,81]],[[89486,79458],[1182,-271],[316,-1685],[246,-407]],[[93675,71289],[-10,358],[-712,472]],[[92953,72119],[301,1129]],[[93254,73248],[490,1104],[972,910],[557,174],[559,687]],[[95832,76123],[741,-25],[826,-648],[1429,176],[-125,-255],[1296,-1612],[-125,-697],[-583,-875],[-1878,-60],[-1281,121],[-102,-774],[-2355,-185]],[[93254,73248],[-636,435],[-338,1098],[394,186],[-151,1141],[198,867]],[[92721,76975],[499,210],[1348,-93],[-247,-855],[1511,-114]],[[92953,72119],[-962,-470]],[[91991,71649],[-559,1039],[-1217,630],[-1487,219]],[[88728,73537],[36,438],[-437,66],[-248,793]],[[88079,74834],[295,216]],[[89093,75154],[1244,-22],[739,-372],[552,281],[0,1872]],[[91628,76913],[1093,62]],[[91230,77095],[398,-182]],[[91991,71649],[-384,-694],[-1022,-195],[-1357,670]],[[89228,71430],[-893,626],[-221,720]],[[88114,72776],[614,761]],[[93675,71289],[-236,88],[-419,-1215],[-505,-521],[-574,-1467]],[[91941,68174],[-888,-350]],[[91053,67824],[-2057,607]],[[88996,68431],[91,851],[-475,867]],[[88612,70149],[-513,361]],[[88099,70510],[1129,920]],[[92661,67185],[-1608,639]],[[91941,68174],[818,-246],[213,-454],[-311,-289]],[[92661,67185],[-459,-1164],[-75,-1957]],[[92127,64064],[-679,335],[-281,771],[138,1205],[-900,1325],[-1647,6]],[[88758,67706],[238,725]],[[92127,64064],[157,-1259],[246,-262],[472,-1842]],[[93002,60701],[-963,-335],[-1483,307]],[[90556,60673],[-984,380]],[[89572,61053],[285,340],[-379,1506],[-761,419]],[[88717,63318],[546,1266],[-58,1251]],[[89205,65835],[492,-650],[319,1590],[-1067,687]],[[88949,67462],[-191,244]],[[89205,65835],[-456,1263],[200,364]],[[85435,69391],[-164,-842],[155,-455],[404,495]],[[85830,68589],[210,-818],[-179,-457],[444,-389],[256,-1068],[547,-753]],[[87108,65104],[-1437,207]],[[85671,65311],[-1521,234]],[[84150,65545],[-3047,633]],[[81103,66178],[-1385,164]],[[80015,67675],[1186,-164],[750,-321],[272,244]],[[82223,67434],[985,333],[341,883]],[[83549,68650],[812,580]],[[84361,69230],[1074,161]],[[88717,63318],[-638,1053],[-787,564]],[[87292,64935],[-184,169]],[[85830,68589],[738,496]],[[86568,69085],[769,327]],[[87337,69412],[1213,65],[62,672]],[[81137,70714],[899,-395],[183,-809]],[[82219,69510],[205,-1668],[-201,-408]],[[82219,69510],[237,-395],[1093,-465]],[[84985,73066],[936,-469]],[[85921,72597],[-296,-824]],[[85625,71773],[-569,-1109]],[[85056,70664],[-887,-249]],[[84169,70415],[-973,407],[-124,399],[-629,296],[-614,-618],[-692,-185]],[[84169,70415],[192,-1185]],[[85435,69391],[183,185]],[[85618,69576],[950,-491]],[[85056,70664],[-45,-236],[899,-191]],[[85910,70237],[-292,-661]],[[85910,70237],[1423,259]],[[87333,70496],[4,-1084]],[[87333,70496],[766,14]],[[85625,71773],[684,-487],[339,830],[-72,478]],[[86576,72594],[293,605]],[[86869,73199],[1245,-423]],[[85921,72597],[655,-3]],[[85366,74478],[810,-311]],[[86176,74167],[660,-382]],[[86836,73785],[33,-586]],[[86836,73785],[414,795],[829,254]],[[86176,74167],[400,1065],[-93,580],[531,19]],[[87014,75831],[976,-171]],[[86550,76182],[464,-351]],[[86750,76914],[-501,-689]],[[55414,98198],[-252,-1364],[76,-793],[366,-852]],[[55604,95189],[-405,40]],[[55199,95229],[-1932,118],[-753,197],[-243,721],[80,796]],[[52351,97061],[10,410],[-484,1691]],[[51877,99162],[1622,-117],[641,-247],[427,-563],[847,-37]],[[56914,96712],[-790,-1656]],[[56124,95056],[-520,133]],[[55414,98198],[556,-966],[944,-520]],[[57676,98401],[-245,-1688]],[[57431,96713],[-517,-1]],[[55414,98198],[1004,-45],[162,367],[1096,-119]],[[58150,95370],[-1566,-546]],[[56584,94824],[-460,232]],[[57431,96713],[-56,-939],[775,-404]],[[59685,98787],[-24,-722]],[[59661,98065],[-573,-2775]],[[59088,95290],[-938,80]],[[57676,98401],[781,413],[673,-195],[555,168]],[[59661,98065],[475,-1183],[-2,-784],[346,-166]],[[60480,95932],[-1392,-642]],[[63661,99002],[-189,-406],[-19,-1162],[-636,-770],[-786,-605]],[[62031,96059],[-620,571],[-931,-698]],[[59685,98787],[720,1212],[689,-121],[2567,-876]],[[66395,98124],[-361,-1025],[195,-1132]],[[66229,95967],[-654,153],[-1322,-517]],[[64253,95603],[-1844,-594]],[[62409,95009],[-378,1050]],[[63661,99002],[1568,-351],[1166,-527]],[[69860,97661],[2,-578],[596,-644],[101,-569]],[[70559,95870],[-1013,-947],[-1431,-127],[-1160,-1362]],[[66955,93434],[-281,299]],[[66674,93733],[-503,909],[207,964],[-149,361]],[[66395,98124],[1694,-69],[375,840],[518,-159],[-47,-885],[925,-190]],[[73131,95513],[-1063,-174],[-1509,531]],[[69860,97661],[1114,-119],[347,369],[998,-399],[104,-981],[708,-1018]],[[66674,93733],[-705,200],[-835,1369],[-881,301]],[[59088,95290],[20,-1188]],[[59108,94102],[-82,-647],[443,-460],[-109,-734]],[[59360,92261],[-362,-15],[-549,-568],[-386,-973],[-115,-839],[-456,-442]],[[57492,89424],[-333,649],[-878,901]],[[56281,90974],[-112,336]],[[56169,91310],[621,1941]],[[56790,93251],[246,398],[-452,1175]],[[60480,95932],[765,-1014],[466,-1207]],[[61711,93711],[-498,-475]],[[61213,93236],[-1147,167],[-958,699]],[[62409,95009],[83,-1348]],[[62492,93661],[-781,50]],[[61213,93236],[-401,-1115],[-12,-1091]],[[60800,91030],[-133,6]],[[60667,91036],[-870,623]],[[59797,91659],[-437,602]],[[62492,93661],[-268,-1523],[-457,-977]],[[61767,91161],[-245,-242]],[[61522,90919],[-722,111]],[[59797,91659],[-426,-1222]],[[59371,90437],[-644,-1286]],[[58727,89151],[-1235,273]],[[60667,91036],[162,-630]],[[60829,90406],[-158,-759],[-545,-87],[-204,560],[-551,317]],[[61522,90919],[-523,-506]],[[60999,90413],[-170,-7]],[[60999,90413],[-17,-744],[-329,-546],[289,-430]],[[60942,88693],[-485,-882]],[[60457,87811],[-525,559]],[[59932,88370],[-1205,781]],[[61767,91161],[841,-147],[830,-540]],[[63438,90474],[-293,-799],[-603,-352],[-321,-941]],[[62221,88382],[-683,333],[-596,-22]],[[66955,93434],[-1430,9],[-607,-1562],[-475,-280],[-335,-1325]],[[64108,90276],[-670,198]],[[66955,93434],[-326,-562],[-181,-2038],[518,-376]],[[66966,90458],[-1,-243]],[[66965,90215],[-540,76],[-228,-566],[-963,18]],[[65234,89743],[-1126,533]],[[66955,93434],[1664,-492],[366,-626],[169,-1348],[-157,-342]],[[68997,90626],[-1165,-349],[-866,181]],[[73131,95513],[738,-1182],[-245,-1487],[-275,-297]],[[73349,92547],[-898,-280],[-184,-556],[19,-1099],[-498,-597]],[[71788,90015],[-694,-617],[-1061,-146]],[[70033,89252],[-107,195]],[[69926,89447],[-723,486]],[[69203,89933],[-206,693]],[[78991,89209],[-220,-229],[-1634,-210],[-601,151]],[[76536,88921],[197,1204]],[[76733,90125],[1783,59],[78,-781],[397,-194]],[[76372,88295],[164,626]],[[78991,89209],[829,-519]],[[74940,87212],[-113,1077],[386,615],[518,218],[32,528],[-454,-549],[-1089,-308]],[[74220,88793],[-9,338],[778,1432],[71,429]],[[75060,90992],[1673,-867]],[[74340,91362],[-724,-799],[-142,-818]],[[73474,89745],[-341,562],[-493,146],[-734,-479]],[[71906,89974],[-118,41]],[[73349,92547],[-113,-762],[1104,-423]],[[74220,88793],[0,-199]],[[74220,88594],[-525,366],[-221,785]],[[74340,91362],[720,-370]],[[74220,88594],[-506,-1295]],[[73714,87299],[-1099,192],[-360,292]],[[72255,87783],[-86,720],[188,1009],[-451,462]],[[73657,85334],[-249,1145],[306,820]],[[72255,87783],[-695,-1136]],[[71560,86647],[-630,68],[-1090,1077]],[[69840,87792],[373,1010],[-180,450]],[[70247,83331],[396,704],[116,1410]],[[70759,85445],[868,727],[-67,475]],[[62221,88382],[428,-460]],[[62649,87922],[-239,-982],[-825,-1135]],[[61585,85805],[-662,627]],[[60923,86432],[-466,1379]],[[65234,89743],[-273,-691],[298,-901]],[[65259,88151],[-194,-413]],[[65065,87738],[-780,-205],[-1179,114],[-457,275]],[[66965,90215],[22,-744],[-385,-682],[81,-1102],[-264,-141]],[[66419,87546],[-521,721],[-639,-116]],[[65065,87738],[-170,-646],[303,-802]],[[65198,86290],[-788,-43]],[[64410,86247],[-1702,-581],[-739,-67]],[[61969,85599],[-384,206]],[[69203,89933],[-195,-808],[-802,-706],[-363,-1212]],[[67843,87207],[-994,-213]],[[66849,86994],[-430,552]],[[69926,89447],[-862,-1979]],[[69064,87468],[-1221,-261]],[[69840,87792],[-776,-324]],[[66849,86994],[304,-506],[-455,-643]],[[66698,85845],[-1500,445]],[[67692,84677],[-994,1168]],[[69064,87468],[-628,-2276],[-744,-515]],[[70759,85445],[-764,622],[-534,-762],[-1253,-1073],[739,-223],[248,-893],[759,-1233]],[[69293,80757],[-1322,1123]],[[67971,81880],[-143,1572]],[[67828,83452],[-136,1225]],[[14281,63535],[-156,-526],[-630,-305],[-562,-993],[-967,-481],[145,-768]],[[12111,60462],[-1616,474],[-979,-314],[-352,1811],[518,588],[1336,1933],[1090,858],[282,742],[1590,-622],[-297,-896],[598,-1501]],[[4751,51708],[556,-1245],[921,-566]],[[6228,49897],[-1431,43],[-1227,-364],[-416,-1933],[-830,139],[-1809,-169],[-64,1287]],[[451,48900],[947,234],[535,639],[347,-99],[1612,852],[-633,1181],[527,456],[965,-455]],[[5095,53657],[-27,-1314],[-317,-635]],[[451,48900],[-265,559],[-186,1146],[302,526],[523,-285],[324,2009],[868,396],[520,1072]],[[2537,54323],[1583,-786],[975,120]],[[6775,55463],[-78,-575],[-525,-407]],[[6172,54481],[-663,-1110],[-414,286]],[[2537,54323],[-345,1707],[547,670],[949,-518],[379,952],[409,97],[683,700],[932,505],[-23,-1240],[149,-1150],[558,-583]],[[7076,53124],[219,-889],[479,-879]],[[7774,51356],[-404,225],[-1142,-1684]],[[6172,54481],[460,-312],[444,-1045]],[[12135,54650],[841,-1098],[1351,-559]],[[14327,52993],[-694,-838],[-309,-1493],[-233,-208],[-2192,161],[-1490,275],[-1635,466]],[[7774,51356],[599,512],[663,-89],[403,1268]],[[9439,53047],[141,215]],[[9580,53262],[722,1053],[1134,437]],[[11436,54752],[699,-102]],[[7076,53124],[579,240]],[[7655,53364],[1784,-317]],[[6775,55463],[546,435]],[[7321,55898],[271,-802],[63,-1732]],[[8102,55802],[833,-1077],[353,-1188],[292,-275]],[[7321,55898],[781,-96]],[[8102,55802],[1214,549]],[[9316,56351],[610,-499],[508,-69],[1002,-1031]],[[15163,53595],[-605,-51],[-231,-551]],[[12135,54650],[1332,508],[186,714]],[[13653,55872],[1614,-891],[166,-373],[-270,-1013]],[[13185,56601],[468,-729]],[[9316,56351],[185,852]],[[9501,57203],[729,147],[536,-548],[1225,-6],[1194,-195]],[[13158,56841],[27,-240]],[[9501,57203],[569,1348],[256,173]],[[10326,58724],[263,-277],[1033,-261],[1536,-1345]],[[13675,58135],[-517,-1294]],[[10326,58724],[757,552],[1028,1186]],[[12111,60462],[219,-758],[1345,-993],[0,-576]],[[17441,60951],[-1048,-1339],[349,-394]],[[16742,59218],[-1147,-729]],[[15595,58489],[-471,-531],[-1449,177]],[[14281,63535],[1559,395]],[[15840,63930],[300,-945],[-18,-757],[1319,-1277]],[[20202,58949],[-708,-974],[466,-796],[6,-429],[-891,-1333],[-1038,-757],[-353,-798]],[[17684,53862],[-595,-329],[-1926,62]],[[15595,58489],[349,-969],[691,-28],[617,874],[15,354],[-525,498]],[[17441,60951],[763,-386],[792,90],[337,-662],[-21,-849],[890,-195]],[[22403,66594],[415,-480],[40,-1139]],[[22858,64975],[-1030,-232],[-424,-894],[-48,-879]],[[21356,62970],[-1579,-9],[-1123,-149],[-494,973],[-779,319]],[[17381,64104],[1107,-52],[1071,864],[-307,623],[-175,1170],[820,237],[1530,-404],[976,52]],[[21356,62970],[-433,-782]],[[20923,62188],[-204,-848],[138,-494],[745,-172]],[[21602,60674],[138,-1081],[321,-879]],[[22061,58714],[-555,-222],[-119,371],[-649,-157],[-536,243]],[[15840,63930],[1541,174]],[[20923,62188],[866,-520]],[[21789,61668],[-187,-994]],[[22858,64975],[170,-300],[95,-1514]],[[23123,63161],[-1334,-1493]],[[23123,63161],[875,-281],[262,-426],[-228,-2021]],[[24032,60433],[-423,-670]],[[23609,59763],[-64,-364],[-1145,-687],[-339,2]],[[24032,58541],[-435,-570],[-735,-152],[-1065,-1406],[-614,-1087],[-1443,-577],[-1385,-1029]],[[18355,53720],[-160,358],[-511,-216]],[[23609,59763],[423,-1222]],[[27859,67739],[262,-1600],[949,-565],[232,-362]],[[29302,65212],[-1117,-2567]],[[28185,62645],[-754,-642],[25,-959]],[[27456,61044],[-1097,-1311]],[[26359,59733],[-436,30],[-988,-412],[-903,1082]],[[22403,66594],[1519,-157],[422,105],[916,714],[128,486],[716,217],[505,-173],[1250,-47]],[[34816,65062],[-1058,-133],[-2328,371]],[[31430,65300],[-2128,-88]],[[27859,67739],[1775,91],[1075,-722],[508,101],[1863,-1265],[690,294],[1044,-297],[2,-879]],[[31430,65300],[-970,-1769],[-547,-512]],[[29913,63019],[-456,117],[-1272,-491]],[[34816,65062],[-468,-867],[-262,-1028],[-1576,-758]],[[32510,62409],[-449,289],[-467,-152],[-1681,473]],[[32510,62409],[-31,-787],[420,-983],[-163,-1014]],[[32736,59625],[-568,-240],[-2176,455]],[[29992,59840],[-1277,516],[-520,59]],[[28195,60415],[-151,153]],[[28044,60568],[-588,476]],[[35939,64377],[201,-2647],[-85,-584],[554,-331]],[[36609,60815],[140,-1314]],[[36749,59501],[-336,-194],[-1510,-185]],[[34903,59122],[-1152,41]],[[33751,59163],[-785,452]],[[32966,59615],[-230,10]],[[34816,65062],[791,-747],[332,62]],[[38823,62667],[-190,-463],[148,-1706],[-852,-948],[-1035,-55]],[[36894,59495],[399,839],[-284,757],[-400,-276]],[[35939,64377],[474,178],[1016,-349],[739,-511],[670,-743],[-15,-285]],[[36894,59495],[-145,6]],[[38823,62667],[1811,-201],[770,-224]],[[41404,62242],[-372,-1025],[-225,-1642],[-708,-667],[-199,-714]],[[39900,58194],[-528,-365],[-948,296],[-1422,219],[-1515,74]],[[35487,58418],[-584,704]],[[43989,60360],[-1013,-852]],[[42976,59508],[-170,289],[-766,-1496]],[[42040,58301],[-1002,-154],[-1138,47]],[[41404,62242],[1040,-365],[1207,-99],[456,297],[-118,-1715]],[[42976,59508],[-219,-302],[-150,-1584]],[[42607,57622],[-567,679]],[[25098,57088],[-957,-255],[30,-1327],[-411,-2080]],[[23760,53426],[-878,-109]],[[22882,53317],[-1192,-61],[-1782,-728]],[[19908,52528],[-892,-77],[-661,1269]],[[24032,58541],[1066,-1453]],[[26359,59733],[-207,-615]],[[26152,59118],[-206,-286],[-599,-1864]],[[25347,56968],[-249,120]],[[28044,60568],[-512,-651],[-218,-872],[-611,-390],[-551,463]],[[28195,60415],[-652,-1691],[120,-1552],[-341,-1490]],[[27322,55682],[-596,-618]],[[26726,55064],[-423,312],[-449,1198],[-507,394]],[[29992,59840],[-724,-1977],[-52,-676],[-418,-741],[-16,-696]],[[28782,55750],[-1460,-68]],[[32966,59615],[-354,-1245],[-945,-1779]],[[31667,56591],[-322,111],[-583,-894],[-882,-476]],[[29880,55332],[-1098,418]],[[22724,49930],[-900,695],[-1050,262],[-866,1641]],[[22882,53317],[-139,-740],[-562,-681],[-29,-1013],[605,-650],[-33,-303]],[[23760,53426],[38,-1163],[726,-933],[1093,297]],[[25617,51627],[232,-842]],[[25849,50785],[-1001,-142],[-1061,-720],[-830,156],[-14,-464]],[[22943,49615],[-219,315]],[[23760,53426],[1195,146]],[[24955,53572],[684,-1109],[525,-487]],[[26164,51976],[-547,-349]],[[26726,55064],[-695,-1280],[-1076,-212]],[[29880,55332],[-216,-261]],[[29664,55071],[-855,-1004],[-301,-824],[-76,-1001]],[[28432,52242],[-605,-260]],[[27827,51982],[-540,-161],[-1123,155]],[[31667,56591],[-226,-774],[-744,-1425]],[[30697,54392],[-817,340],[-216,339]],[[33751,59163],[-216,-248],[-234,-1842],[-334,-1625]],[[32967,55448],[-122,-20]],[[32845,55428],[-690,310],[-488,853]],[[35487,58418],[14,-703]],[[35501,57715],[-282,-636],[-1148,-472]],[[34071,56607],[-1104,-1159]],[[42607,57622],[-679,-666],[-38,-570],[1725,-245],[-188,-1031]],[[43427,55110],[-417,38]],[[43010,55148],[-951,-351],[-701,76]],[[41358,54873],[-256,139],[-2849,-686],[-618,-335]],[[37635,53991],[-1699,-433]],[[35936,53558],[-648,198],[-299,984]],[[34989,54740],[-28,515],[406,405]],[[35367,55660],[520,1116],[-386,939]],[[35367,55660],[-1296,947]],[[34989,54740],[-605,-244]],[[34384,54496],[-1200,294]],[[33184,54790],[-420,434]],[[32764,55224],[81,204]],[[32764,55224],[-913,-384],[-333,-732]],[[31518,54108],[-670,-34],[-151,318]],[[33184,54790],[-123,-899],[-268,-344]],[[32793,53547],[-1105,284]],[[31688,53831],[-170,277]],[[34384,54496],[-53,-719],[-563,-416]],[[33768,53361],[-975,186]],[[35936,53558],[-510,-1178]],[[35426,52380],[-441,-984],[-715,-288]],[[34270,51108],[-528,1617],[26,636]],[[37635,53991],[1232,-1123],[117,-1232],[415,-86]],[[39399,51550],[-457,-90],[-696,-679]],[[38246,50781],[-1889,96]],[[36357,50877],[-922,444],[-9,1059]],[[41023,51088],[177,-380]],[[41200,50708],[295,-590],[-217,-592]],[[41278,49526],[-736,466],[-471,632],[508,819]],[[40579,51443],[444,-355]],[[41278,49526],[-226,-790]],[[41052,48736],[-15,-663]],[[41037,48073],[-236,58]],[[40801,48131],[-1143,318]],[[39658,48449],[-914,904],[-30,722],[-468,706]],[[39399,51550],[392,192],[788,-299]],[[26952,48985],[-425,-313],[-815,-51],[-497,-302]],[[25215,48319],[-396,559],[-1526,303]],[[23293,49181],[866,922],[1480,-318],[1313,-800]],[[27007,50597],[254,-299],[319,-1688]],[[27580,48610],[-447,-250]],[[27133,48360],[-181,625]],[[23293,49181],[-350,434]],[[25849,50785],[1158,-188]],[[27827,51982],[72,-1189]],[[27899,50793],[-892,-196]],[[31688,53831],[-232,-1482]],[[31456,52349],[-801,-27],[-692,-302]],[[29963,52020],[-1531,222]],[[29963,52020],[561,-1510]],[[30524,50510],[-391,-669]],[[30133,49841],[-1143,25],[-1091,927]],[[34270,51108],[-908,-344]],[[33362,50764],[-1191,616],[-715,969]],[[33362,50764],[-535,-1188]],[[32827,49576],[-627,644],[-877,-355],[-799,645]],[[36357,50877],[-243,-435],[-311,-1974]],[[35803,48468],[-411,16],[-259,489]],[[35133,48973],[-1,1161],[-232,561],[-630,413]],[[39658,48449],[-85,-576],[592,-420],[648,-1176]],[[40813,46277],[-972,-77],[-558,234]],[[39283,46434],[-393,682],[-1066,362]],[[37824,47478],[-550,487],[-1136,98],[-335,405]],[[35133,48973],[-898,0]],[[34235,48973],[-1187,362]],[[33048,49335],[-221,241]],[[39283,46434],[26,-1451]],[[39309,44983],[-287,-1240]],[[39022,43743],[-633,43]],[[38389,43786],[-332,658],[-639,655]],[[37418,45099],[251,1829]],[[37669,46928],[155,550]],[[37418,45099],[-709,-82],[23,-878],[529,-398],[5,-556]],[[37266,43185],[-195,-326]],[[37071,42859],[-363,67],[-663,1863],[-773,81]],[[35272,44870],[-531,499]],[[34741,45369],[-104,1007]],[[34637,46376],[435,238],[1613,282],[984,32]],[[34637,46376],[-905,429]],[[33732,46805],[215,511],[288,1657]],[[33732,46805],[-1508,-121],[-284,160]],[[31940,46844],[318,976],[790,1515]],[[31940,46844],[-814,-616]],[[31126,46228],[-857,-154]],[[30269,46074],[-179,45]],[[30090,46119],[433,2734]],[[30523,48853],[-390,988]],[[30523,48853],[-334,-241],[-2219,-250],[-390,248]],[[30090,46119],[-1219,-59]],[[28871,46060],[-1172,424]],[[27699,46484],[-115,1631],[-451,245]],[[27699,46484],[-507,-1007]],[[27192,45477],[-320,344],[-1751,286]],[[25121,46107],[624,1431],[-530,781]],[[27192,45477],[155,-1681],[-150,-416]],[[27197,43380],[-784,718],[-947,552],[-531,760]],[[24935,45410],[186,697]],[[27197,43380],[162,-713]],[[27359,42667],[-1663,-376]],[[25696,42291],[-895,1145],[-51,595],[313,895],[-128,484]],[[28871,46060],[21,-965],[-173,-1259],[-539,-1117]],[[28180,42719],[-681,-327]],[[27499,42392],[-140,275]],[[30269,46074],[-313,-1429],[-79,-1348],[470,-949],[-89,-687]],[[30258,41661],[-457,-214]],[[29801,41447],[-200,1049],[-245,223],[-1176,0]],[[31126,46228],[513,-1090]],[[31639,45138],[397,-947],[110,-854]],[[32146,43337],[-234,-1293]],[[31912,42044],[-931,-500]],[[30981,41544],[-723,117]],[[34741,45369],[-1572,-191]],[[33169,45178],[-1530,-40]],[[35272,44870],[306,-1694],[-136,-349]],[[35442,42827],[-1425,-27]],[[34017,42800],[-538,206]],[[33479,43006],[-310,2172]],[[33479,43006],[-1333,331]],[[35442,42827],[457,-1848]],[[35899,40979],[-389,-337],[-388,-1182]],[[35122,39460],[-554,816],[37,1203],[-588,1321]],[[35122,39460],[16,-51]],[[35138,39409],[-241,-213]],[[34897,39196],[-1456,-59]],[[33441,39137],[-547,555],[-316,1163],[-418,433],[-248,756]],[[27499,42392],[-144,-263]],[[27355,42129],[-1278,-536]],[[26077,41593],[-381,698]],[[29590,40446],[455,-1327]],[[30045,39119],[-723,-20]],[[29322,39099],[-735,398],[-765,0]],[[27822,39497],[0,396],[-1153,613],[-613,148],[21,939]],[[27355,42129],[636,-1212],[731,-496],[868,25]],[[29801,41447],[-211,-1001]],[[30981,41544],[209,-540],[774,-643],[225,-1307]],[[32189,39054],[-624,-731]],[[31565,38323],[-966,676],[-554,120]],[[33441,39137],[331,-1250]],[[33772,37887],[-690,-3],[-893,1170]],[[35108,38714],[-442,-478],[252,-189]],[[34918,38047],[-214,-401]],[[34704,37646],[-475,19]],[[34229,37665],[-457,222]],[[34897,39196],[211,-482]],[[35250,38498],[-332,-451]],[[35108,38714],[142,-216]],[[35792,38643],[-542,-145]],[[35138,39409],[654,-766]],[[34229,37665],[-438,-1157]],[[33791,36508],[-1243,525]],[[32548,37033],[-53,466],[-930,824]],[[33791,36508],[231,-309]],[[34022,36199],[-1200,-773]],[[32822,35426],[-323,-196],[-672,220]],[[31827,35450],[721,1583]],[[31827,35450],[-731,721],[-784,344]],[[30312,36515],[121,1566],[-388,1038]],[[30312,36515],[-425,-44]],[[29887,36471],[-878,58]],[[29009,36529],[-114,72]],[[28895,36601],[219,1215]],[[29114,37816],[208,1283]],[[29114,37816],[-1647,288]],[[27467,38104],[355,1393]],[[28895,36601],[-687,299]],[[28208,36900],[-990,1163]],[[27218,38063],[249,41]],[[46872,58879],[-4,-1498],[-252,-1406],[339,-247],[-189,-778]],[[46766,54950],[-581,-388]],[[46185,54562],[-2758,548]],[[43989,60360],[125,-522],[1270,-686],[1488,-273]],[[41358,54873],[-153,-2576],[-182,-1209]],[[43010,55148],[33,-1599],[172,-602]],[[43215,52947],[-135,-1635],[-1427,-224],[-453,-380]],[[46185,54562],[373,-1263]],[[46558,53299],[-707,-299],[-906,4],[-151,-340]],[[44794,52664],[-173,355],[-1406,-72]],[[50790,55114],[-1710,-282]],[[49080,54832],[-283,202],[-2031,-84]],[[46872,58879],[1014,219]],[[54355,53019],[-1396,147],[-586,304]],[[52373,53470],[30,378],[-1040,1245]],[[52373,53470],[-1063,-699],[-342,108]],[[50968,52879],[-90,423]],[[50878,53302],[176,1769]],[[50878,53302],[-1168,26],[-284,-427],[-643,43]],[[48783,52944],[297,1888]],[[48783,52944],[-1187,-290],[-162,-1083]],[[47434,51571],[-41,-204],[-1037,562]],[[46356,51929],[202,1370]],[[46356,51929],[-1149,-21],[-201,-521],[-340,93]],[[44666,51480],[128,1184]],[[44666,51480],[-436,-1],[-97,-618]],[[44133,50861],[-273,-295],[69,-1096]],[[43929,49470],[-34,-268]],[[43895,49202],[-1210,299],[-378,-450],[-1255,-315]],[[50968,52879],[-701,-311]],[[50267,52568],[-1226,-219],[17,-941],[429,1],[26,-460]],[[49513,50949],[-999,145],[-1080,477]],[[50267,52568],[162,-163],[-98,-1149],[460,-677]],[[50791,50579],[-465,-220]],[[50326,50359],[-1130,-142]],[[49196,50217],[317,732]],[[54511,50790],[-776,57]],[[53735,50847],[-1752,-441],[-1192,173]],[[49196,50217],[-806,-484],[-628,210]],[[47762,49943],[-555,528],[-686,58]],[[46521,50529],[-1111,-374],[-452,68],[-825,638]],[[46521,50529],[-735,-1037]],[[45786,49492],[-1488,-138],[-369,116]],[[45786,49492],[350,-157],[46,-781]],[[46182,48554],[-822,49],[-1766,-141],[301,740]],[[47762,49943],[-360,-1380]],[[47402,48563],[-1220,-9]],[[46182,48554],[-406,-441]],[[45776,48113],[-526,-374],[-224,-882],[-1217,-247]],[[43809,46610],[-46,263],[-1278,-195],[-70,392],[-816,221],[-562,782]],[[47402,48563],[388,-1361]],[[47790,47202],[50,-1953],[407,-283]],[[48247,44966],[-355,-31],[-617,804],[-765,4]],[[46510,45743],[-549,377],[-145,805],[186,420],[-226,768]],[[50326,50359],[20,-1793]],[[50346,48566],[95,-406],[768,-858],[87,-458]],[[51296,46844],[-3506,358]],[[51296,46844],[302,-1527]],[[51598,45317],[-818,-377]],[[50780,44940],[-1236,241],[-489,-333]],[[49055,44848],[-808,118]],[[53735,50847],[-943,-1567],[131,-1046],[717,-187]],[[53640,48047],[-328,-810],[113,-572],[-376,-818]],[[53049,45847],[-646,1038],[352,863],[-492,998],[-1008,-429],[-909,249]],[[54906,48202],[-1171,336],[-95,-491]],[[53527,43957],[-218,446]],[[53309,44403],[424,957],[-684,487]],[[53049,45847],[-513,-603]],[[52536,45244],[-461,287],[-477,-214]],[[53309,44403],[-773,841]],[[52438,43133],[-501,994],[-826,-276]],[[51111,43851],[-268,260],[-63,829]],[[51111,43851],[-41,-502]],[[51070,43349],[-970,218],[-386,-193]],[[49714,43374],[-834,628]],[[48880,44002],[175,846]],[[50997,42521],[73,828]],[[48880,44002],[-519,-60]],[[48361,43942],[-668,-306],[-658,-1024],[288,-390]],[[47323,42222],[-979,346]],[[46344,42568],[-1186,151]],[[45158,42719],[808,188]],[[45966,42907],[494,32],[113,625],[-445,700]],[[46128,44264],[-516,167]],[[45612,44431],[394,151],[-181,507],[-456,114]],[[45369,45203],[410,311],[707,-148],[24,377]],[[45369,45203],[-134,19]],[[45235,45222],[-228,771],[-1308,117]],[[43699,46110],[110,500]],[[45235,45222],[-1492,207],[-44,681]],[[43699,46110],[-890,-672],[-937,117],[-212,962],[-497,180],[-400,681],[38,753]],[[49578,42231],[136,1143]],[[48922,41639],[-1021,501]],[[47901,42140],[463,604],[-3,1198]],[[47901,42140],[-487,20]],[[47414,42160],[-91,62]],[[45966,42907],[-97,840],[259,517]],[[45158,42719],[-1217,-73]],[[43941,42646],[510,1120],[617,456]],[[45068,44222],[544,209]],[[49036,39976],[-514,83]],[[48522,40059],[-1017,241]],[[47505,40300],[-139,163]],[[47366,40463],[-156,498],[204,1199]],[[47366,40463],[-638,159],[-801,592]],[[45927,41214],[21,1018],[396,336]],[[50305,38456],[-853,193]],[[49452,38649],[359,371]],[[49811,39020],[539,601]],[[49811,39020],[-1898,138]],[[47913,39158],[609,901]],[[48359,37149],[43,729]],[[48402,37878],[1050,771]],[[48402,37878],[-272,374],[-752,119]],[[47378,38371],[18,251]],[[47396,38622],[211,616],[306,-80]],[[46717,37020],[88,1145]],[[46805,38165],[573,206]],[[46805,38165],[-360,824]],[[46445,38989],[690,-123]],[[47135,38866],[261,-244]],[[47135,38866],[267,659],[-375,219]],[[47027,39744],[478,556]],[[46445,38989],[-256,71]],[[46189,39060],[80,200]],[[46269,39260],[184,399],[574,85]],[[46269,39260],[-525,319],[171,669],[-621,119]],[[45294,40367],[-77,739],[710,108]],[[46189,39060],[-498,104]],[[45691,39164],[-273,62]],[[45418,39226],[-215,148]],[[45203,39374],[91,993]],[[46383,36851],[-1366,213]],[[45017,37064],[674,2100]],[[45203,39374],[-928,16],[-600,280]],[[43675,39670],[511,1164],[-306,442],[-83,1212]],[[43797,42488],[144,158]],[[42739,42352],[-73,-614]],[[42666,41738],[-1311,-206]],[[41355,41532],[-38,73]],[[41317,41605],[448,711],[974,36]],[[42666,41738],[-121,-360]],[[42545,41378],[-1057,-102]],[[41488,41276],[-133,256]],[[42545,41378],[-90,-449]],[[42455,40929],[-155,-468]],[[42300,40461],[-350,-368]],[[41950,40093],[-347,163],[-63,643]],[[41540,40899],[-52,377]],[[42455,40929],[199,-83]],[[42654,40846],[-354,-385]],[[41540,40899],[-1019,534]],[[40521,41433],[192,715]],[[40713,42148],[604,-543]],[[41950,40093],[-123,-194]],[[41827,39899],[-589,-83]],[[41238,39816],[-495,-164],[-309,488],[-561,119]],[[39873,40259],[-243,1254]],[[39630,41513],[891,-80]],[[42654,40846],[54,-1003]],[[42708,39843],[-12,-681]],[[42696,39162],[-670,-268]],[[42026,38894],[109,583],[-308,422]],[[42739,42352],[360,317],[698,-181]],[[43675,39670],[-967,173]],[[45418,39226],[-260,-512],[-1860,12]],[[43298,38726],[311,248],[66,696]],[[42026,38894],[-664,-452]],[[41362,38442],[-124,1374]],[[42696,39162],[-946,-1453]],[[41750,37709],[-388,733]],[[43298,38726],[-233,-830],[64,-773]],[[43129,37123],[-528,-176],[-443,360]],[[42158,37307],[-408,402]],[[45017,37064],[-336,-399],[-1156,507],[-120,-273]],[[43405,36899],[-276,224]],[[43315,35330],[-375,62]],[[42940,35392],[-150,358],[525,634],[90,515]],[[42158,37307],[-473,-999],[-124,-1080]],[[41561,35228],[-191,125]],[[41370,35353],[-1153,542],[-62,333]],[[40155,36228],[179,449],[115,1470]],[[40449,38147],[563,397]],[[41012,38544],[350,-102]],[[42940,35392],[-951,-284]],[[41989,35108],[-428,120]],[[42993,34922],[-979,-610]],[[42014,34312],[-25,796]],[[42014,34312],[-444,-213]],[[41570,34099],[-765,71],[206,983]],[[41011,35153],[359,200]],[[41570,34099],[-738,-371],[-759,-109],[-860,402],[-239,367]],[[38974,34388],[195,1067]],[[39169,35455],[1842,-302]],[[39169,35455],[-690,313]],[[38479,35768],[532,906],[506,81]],[[39517,36755],[638,-527]],[[38974,34388],[-822,-212]],[[38152,34176],[-516,148]],[[37636,34324],[-1166,295]],[[36470,34619],[-533,338]],[[35937,34957],[40,330]],[[35977,35287],[657,39],[1110,419]],[[37744,35745],[735,23]],[[38152,34176],[82,-714]],[[38234,33462],[-549,208],[-49,654]],[[38234,33462],[254,-256],[-1331,-521],[-406,334],[-834,-72]],[[35917,32947],[61,315]],[[35978,33262],[492,1357]],[[37744,35745],[-366,544]],[[37378,36289],[544,851]],[[37922,37140],[1186,256]],[[39108,37396],[409,-641]],[[39108,37396],[-67,407]],[[39041,37803],[316,439],[720,58]],[[40077,38300],[372,-153]],[[40077,38300],[774,614],[161,-370]],[[39041,37803],[-245,952]],[[38796,38755],[18,534]],[[38814,39289],[724,203],[42,298]],[[39580,39790],[293,469]],[[39580,39790],[-562,875],[241,882]],[[39259,41547],[371,-34]],[[38814,39289],[-519,512]],[[38295,39801],[336,1620],[450,571]],[[39081,41992],[178,-445]],[[39081,41992],[-850,659]],[[38231,42651],[1583,-45],[782,132]],[[40596,42738],[117,-590]],[[40714,42864],[-689,525]],[[40025,43389],[918,585]],[[40943,43974],[140,-791],[-369,-319]],[[40025,43389],[-385,229]],[[39640,43618],[490,1233]],[[40130,44851],[572,-90],[241,-787]],[[39022,43743],[618,-125]],[[40714,42864],[-118,-126]],[[38231,42651],[-656,331]],[[37575,42982],[814,804]],[[37575,42982],[-309,203]],[[37071,42859],[149,-464],[-143,-1438],[-215,-454]],[[36862,40503],[-963,476]],[[38295,39801],[-1013,-358]],[[37282,39443],[-420,1060]],[[37282,39443],[-55,-395]],[[37227,39048],[-1213,-523]],[[36014,38525],[-222,118]],[[38796,38755],[-1569,293]],[[36014,38525],[271,-975]],[[36285,37550],[-480,103],[-201,-808]],[[35604,36845],[-900,801]],[[37227,39048],[-32,-1075],[189,-807]],[[37384,37166],[-929,73],[-170,311]],[[37922,37140],[-538,26]],[[36285,37550],[-425,-888]],[[35860,36662],[-256,183]],[[37378,36289],[-753,-43],[-765,416]],[[35860,36662],[-561,-509]],[[35299,36153],[-363,188],[-914,-142]],[[35977,35287],[-421,48]],[[35556,35335],[-257,818]],[[35556,35335],[-1172,43]],[[34384,35378],[-362,821]],[[34384,35378],[-449,-725]],[[33935,34653],[-882,256]],[[33053,34909],[-162,88]],[[32891,34997],[-69,429]],[[35937,34957],[-751,138],[-1251,-442]],[[35978,33262],[-633,179],[18,-472],[-539,-138]],[[34824,32831],[-517,1120],[-399,34]],[[33908,33985],[27,668]],[[32891,34997],[-170,-105],[-2810,286]],[[29911,35178],[-238,243]],[[29673,35421],[214,1050]],[[33053,34909],[-844,-1285]],[[32209,33624],[-807,-309]],[[31402,33315],[-958,108]],[[30444,33423],[-914,703]],[[29530,34126],[381,1052]],[[33908,33985],[-913,-479],[-274,138]],[[32721,33644],[-512,-20]],[[32721,33644],[22,-1629]],[[32743,32015],[-911,-36]],[[31832,31979],[-430,1336]],[[34824,32831],[8,-1023]],[[34832,31808],[-425,-67],[-1180,352],[-484,-78]],[[35917,32947],[-94,-1206],[-991,67]],[[31832,31979],[-216,-481]],[[31616,31498],[-1405,370]],[[30211,31868],[233,1555]],[[31616,31498],[68,-918],[-1596,-176],[-8,-499],[-546,-499]],[[29534,29406],[338,2365]],[[29872,31771],[339,97]],[[29534,29406],[-663,-11],[-569,279]],[[28302,29674],[550,361],[15,366],[-575,1127]],[[28292,31528],[1580,243]],[[27831,32648],[461,-1120]],[[28302,29674],[-371,728],[-831,120]],[[27100,30522],[-24,780],[225,1519]],[[27301,32821],[530,-173]],[[27831,32648],[424,1718]],[[28255,34366],[463,387]],[[28718,34753],[812,-627]],[[27100,30522],[-1040,453],[-770,902],[30,910]],[[25320,32787],[576,360]],[[25896,33147],[1322,122]],[[27218,33269],[83,-448]],[[27013,33738],[59,-161]],[[27072,33577],[-859,-121],[-317,-309]],[[25320,32787],[-564,707]],[[24756,33494],[605,605],[762,83],[396,-451],[494,7]],[[27072,33577],[146,-308]],[[27013,33738],[59,632]],[[27072,34370],[1183,-4]],[[27072,34370],[35,317]],[[27107,34687],[483,297],[201,968]],[[27791,35952],[177,-30]],[[27968,35922],[575,-69]],[[28543,35853],[60,-459]],[[28603,35394],[115,-641]],[[28603,35394],[1070,27]],[[28543,35853],[466,676]],[[27968,35922],[240,978]],[[27107,34687],[-286,176]],[[26821,34863],[-247,595]],[[26574,35458],[27,525]],[[26601,35983],[317,210]],[[26918,36193],[873,-241]],[[24756,33494],[-909,1375]],[[23847,34869],[2974,-6]],[[23847,34869],[-342,412],[-138,773]],[[23367,36054],[1154,15],[1036,-284],[584,227],[433,-554]],[[25168,37357],[83,-358],[1350,-1016]],[[23367,36054],[-183,701],[177,405]],[[23361,37160],[1204,-226],[603,423]],[[25373,38266],[-205,-909]],[[23361,37160],[664,990],[348,219],[1000,-103]],[[26674,38017],[244,-1824]],[[25373,38266],[1301,-249]],[[26674,38017],[544,46]],[[45068,44222],[145,509],[399,-300]],[[39309,44983],[821,-132]],[[40813,46277],[413,-18],[218,-479],[-674,-222],[-640,-707]],[[52351,97061],[-3079,26]],[[49272,97087],[166,1181],[-342,456],[496,441]],[[49592,99165],[1139,-358],[395,761],[751,-406]],[[49272,97087],[-513,-37]],[[48759,97050],[-112,1169],[178,1030],[767,-84]],[[48379,96950],[-701,-1398]],[[47678,95552],[-783,217],[-513,1344]],[[46382,97113],[229,420],[691,392],[1077,-975]],[[47678,95552],[90,-33]],[[47768,95519],[557,-938],[-485,-919],[33,-344]],[[47873,93318],[-29,-1249],[-475,-1017]],[[47369,91052],[-618,-224]],[[46751,90828],[-31,537],[-541,787],[-286,848],[-586,29],[-895,376],[-1148,49]],[[43264,93454],[185,646],[581,-28],[80,904],[621,228],[416,1352],[1235,557]],[[47768,95519],[840,185],[529,-448],[696,-2782]],[[49833,92474],[-384,-267]],[[49449,92207],[-1075,538],[-501,573]],[[55199,95229],[-270,-1311]],[[54929,93918],[-501,-519],[-17,-1048]],[[54411,92351],[-1189,-84],[-757,-870]],[[52465,91397],[-160,491],[-1470,-115],[-474,-626]],[[50361,91147],[76,1061],[-604,266]],[[48379,96950],[380,100]],[[56790,93251],[-625,62]],[[56165,93313],[-357,448],[-879,157]],[[56165,93313],[-517,-1121],[-513,-65]],[[55135,92127],[-273,-39]],[[54862,92088],[-451,263]],[[56169,91310],[-618,74],[-416,743]],[[43264,93454],[-43,-610],[500,-423],[-282,-1111]],[[43439,91310],[-825,-53],[-397,435],[-583,-415]],[[41634,91277],[731,1715],[899,462]],[[46751,90828],[-539,-156]],[[46212,90672],[-1953,-20],[-820,658]],[[46212,90672],[-274,-717],[-1063,-517]],[[44875,89438],[-1011,-810]],[[43864,88628],[-2125,-203],[-519,148],[-2152,-224]],[[39068,88349],[85,573],[619,846],[1461,315],[401,1194]],[[46751,90828],[-83,-1437]],[[46668,89391],[-879,-214],[-914,261]],[[47369,91052],[165,-386],[1095,-408],[222,-700],[432,-191]],[[49283,89367],[26,-884]],[[49309,88483],[-855,-271],[-368,228]],[[48086,88440],[-1418,951]],[[49449,92207],[283,-903]],[[49732,91304],[-391,-358],[387,-1417]],[[49728,89529],[-445,-162]],[[50361,91147],[-110,-180]],[[50251,90967],[-519,337]],[[50251,90967],[129,-660]],[[50380,90307],[-652,-778]],[[43864,88628],[-192,-848],[135,-1283]],[[43807,86497],[-786,151],[-698,-192]],[[42323,86456],[-1840,584]],[[40483,87040],[-236,690],[-1078,359],[-101,260]],[[42323,86456],[116,-937]],[[42439,85519],[-1658,-559]],[[40781,84960],[-63,1308],[-235,772]],[[48086,88440],[-848,-425],[-367,-513],[-885,1],[-153,-458]],[[45833,87045],[-186,-521]],[[45647,86524],[-1164,96]],[[44483,86620],[-676,-123]],[[49309,88483],[456,-529]],[[49765,87954],[-464,-483]],[[49301,87471],[-2099,-145],[-1369,-281]],[[50380,90307],[649,-1361],[485,-36]],[[51514,88910],[107,-802]],[[51621,88108],[-1856,-154]],[[52465,91397],[-690,-168]],[[51775,91229],[-674,-560],[-325,-821],[738,-938]],[[52465,91397],[793,-358],[234,-404],[-203,-515]],[[53289,90120],[-1116,122],[-460,232],[62,755]],[[54862,92088],[-1084,-1354],[494,-543]],[[54272,90191],[-816,-189]],[[53456,90002],[-167,118]],[[56281,90974],[-353,-359],[2,-1073],[430,-416]],[[56360,89126],[-767,48]],[[55593,89174],[-128,889],[-1193,128]],[[57492,89424],[-1132,-298]],[[55593,89174],[-408,-188]],[[55185,88986],[-913,1205]],[[55185,88986],[-568,-287]],[[54617,88699],[-1080,26]],[[53537,88725],[220,601],[-301,676]],[[53537,88725],[-573,-185]],[[52964,88540],[-1343,-432]],[[59932,88370],[-652,-703],[-1031,-279],[-434,-980]],[[57815,86408],[-403,-99]],[[57412,86309],[-422,113]],[[56990,86422],[-82,846],[-337,531],[-211,1327]],[[56990,86422],[-464,322],[-373,-481],[-900,224]],[[55253,86487],[-388,120]],[[54865,86607],[-264,803],[16,1289]],[[54865,86607],[-397,-690]],[[54468,85917],[-1398,95]],[[53070,86012],[171,1287],[-277,1241]],[[53070,86012],[-459,-268]],[[52611,85744],[-693,479],[-308,526],[11,1359]],[[52611,85744],[-708,-49],[-923,-340]],[[50980,85355],[-1059,-25],[-452,-841]],[[49469,84489],[-1221,530]],[[48248,85019],[520,798],[533,1654]],[[48248,85019],[-694,80]],[[47554,85099],[-1296,1040]],[[46258,86139],[-611,385]],[[43108,82979],[107,-1215],[-235,-538],[29,-1002]],[[43009,80224],[-728,-61]],[[42281,80163],[-727,1520],[287,771],[-196,1063],[-864,1443]],[[42439,85519],[669,-2540]],[[44483,86620],[353,-1488],[-6,-888],[-302,-1036]],[[44528,83208],[-437,-529]],[[44091,82679],[-983,300]],[[46258,86139],[93,-1537],[-341,-1204],[-521,-1228]],[[45489,82170],[-961,1038]],[[47554,85099],[402,-719],[-203,-922],[-772,-649],[-162,-857]],[[46819,81952],[-919,-68]],[[45900,81884],[-411,286]],[[44091,82679],[351,-1175],[-24,-579],[327,-1185]],[[44745,79740],[-825,-59]],[[43920,79681],[-373,86]],[[43547,79767],[-538,457]],[[45900,81884],[-35,-393]],[[45865,81491],[-222,-132],[-651,-1314]],[[44992,80045],[-94,-382]],[[44898,79663],[-153,77]],[[45865,81491],[201,-122]],[[46066,81369],[-239,-299],[-173,-1343],[-662,318]],[[46819,81952],[19,-482],[-772,-101]],[[43547,79767],[-1038,-1395],[-771,-86],[-481,399]],[[41257,78685],[234,674],[790,804]],[[43920,79681],[94,-692]],[[44014,78989],[-252,-762]],[[43762,78227],[-346,-774],[-1033,-367],[-564,-10]],[[41819,77076],[-958,657],[396,952]],[[44014,78989],[247,-437]],[[44261,78552],[-36,-519]],[[44225,78033],[-463,194]],[[44898,79663],[392,-97]],[[45290,79566],[-575,-1049],[-454,35]],[[44225,78033],[-575,-993],[-38,-534]],[[43612,76506],[-317,-475],[-790,-457]],[[42505,75574],[-475,568],[-211,934]],[[45290,79566],[154,-70]],[[45444,79496],[-201,-2562],[-289,-926]],[[44954,76008],[-1342,498]],[[60923,86432],[-850,-364]],[[60073,86068],[-974,-69],[-349,284],[-935,125]],[[60073,86068],[-457,-611]],[[59616,85457],[-403,-581]],[[59213,84876],[-1033,28],[-837,-536]],[[57343,84368],[230,1370],[-161,571]],[[57343,84368],[-103,-549]],[[57240,83819],[-579,2],[-1098,563]],[[55563,84384],[-130,1184],[-482,281],[302,638]],[[55563,84384],[-605,137],[-522,471]],[[54436,84992],[32,925]],[[54436,84992],[-718,243],[-172,-355]],[[53546,84880],[-935,864]],[[53546,84880],[-196,-1115],[-695,-338]],[[52655,83427],[-888,894],[-672,399],[-115,635]],[[52655,83427],[458,-1388],[322,-186]],[[53435,81853],[-854,-169]],[[52581,81684],[-965,329]],[[51616,82013],[-520,893],[-1455,440]],[[49641,83346],[-172,1143]],[[49641,83346],[-315,-1475]],[[49326,81871],[-876,-733],[-323,-778]],[[48127,80360],[-985,-171],[-546,-517]],[[46596,79672],[-1152,-176]],[[51616,82013],[-1337,-605]],[[50279,81408],[-177,83]],[[50102,81491],[-776,380]],[[50102,81491],[-463,-218],[-543,-1352]],[[49096,79921],[-890,247]],[[48206,80168],[-79,192]],[[48206,80168],[-822,-1665]],[[47384,78503],[-788,1169]],[[47384,78503],[581,-1266]],[[47965,77237],[-1829,-510],[-523,-1078]],[[45613,75649],[-659,359]],[[49096,79921],[311,-431],[385,-1211]],[[49792,78279],[-1333,-1240]],[[48459,77039],[-494,198]],[[50279,81408],[-554,-694],[618,-397],[715,-124],[520,-491]],[[51578,79702],[-376,-1111],[37,-984]],[[51239,77607],[-128,-3]],[[51111,77604],[-973,703],[-346,-28]],[[52581,81684],[-279,-478],[-140,-1222]],[[52162,79984],[-266,-153]],[[51896,79831],[-318,-129]],[[55563,84384],[-123,-704],[288,-603]],[[55728,83077],[-310,-1403]],[[55418,81674],[-780,-98],[-1203,277]],[[55418,81674],[689,-852]],[[56107,80822],[-1249,-1363]],[[54858,79459],[-394,-247]],[[54464,79212],[-1529,889],[-773,-117]],[[57240,83819],[64,-522],[782,-70],[38,-759],[627,-554],[465,438]],[[59216,82352],[690,372],[882,-362]],[[60788,82362],[-146,-648],[-657,-176],[-903,164],[-732,-247]],[[58350,81455],[-727,36]],[[57623,81491],[-814,1022],[-1081,564]],[[57623,81491],[-1516,-669]],[[59213,84876],[373,-684],[404,101]],[[59990,84293],[-146,-668],[-628,-1273]],[[59616,85457],[2227,-541]],[[61843,84916],[12,-1156],[-517,-206]],[[61338,83554],[-911,697],[-437,42]],[[61969,85599],[-126,-683]],[[61338,83554],[957,-510]],[[62295,83044],[103,-722]],[[62398,82322],[-434,-518],[-1176,558]],[[64410,86247],[83,-1635]],[[64493,84612],[-855,-211],[-509,-805]],[[63129,83596],[-834,-552]],[[67828,83452],[-1233,-270],[-1148,116],[-627,351]],[[64820,83649],[-327,963]],[[64820,83649],[-488,-247]],[[64332,83402],[-677,-74],[-526,268]],[[64332,83402],[-386,-602],[170,-592],[-346,-599]],[[63770,81609],[-469,121],[-629,713],[-274,-121]],[[67971,81880],[-1003,-1702]],[[66968,80178],[-1549,1166],[-848,-53]],[[64571,81291],[-801,318]],[[68409,78168],[-672,96]],[[67737,78264],[-513,199],[-597,901]],[[66627,79364],[341,814]],[[66627,79364],[-793,-51],[-165,-357]],[[65669,78956],[-909,1085],[-737,173]],[[64023,80214],[548,1077]],[[67737,78264],[-519,-3],[-596,-648]],[[66622,77613],[-875,587]],[[65747,78200],[-78,756]],[[65747,78200],[-1280,-244]],[[64467,77956],[-1057,527]],[[63410,78483],[42,818],[286,626]],[[63738,79927],[285,287]],[[63738,79927],[-929,-86],[-551,296]],[[62258,80137],[203,538],[-63,1647]],[[62258,80137],[-222,-252]],[[62036,79885],[-1309,167],[-533,-719]],[[60194,79333],[-2103,458],[-444,235]],[[57647,80026],[322,933],[381,496]],[[62036,79885],[-252,-1475]],[[61784,78410],[-422,-167]],[[61362,78243],[-1168,1090]],[[63410,78483],[-1626,-73]],[[66622,77613],[-534,-956],[-149,-1263]],[[65939,75394],[-381,-34],[-1034,-833]],[[63913,75618],[554,2338]],[[62304,75648],[-189,1124],[-758,1338]],[[61357,78110],[5,133]],[[60526,75462],[297,2087],[534,561]],[[60166,75407],[-196,219],[-1547,-176]],[[58423,75450],[514,812],[38,519],[-903,705],[-731,1615]],[[57341,79101],[102,749]],[[57443,79850],[204,176]],[[57443,79850],[-1365,128],[29,844]],[[57341,79101],[-86,5]],[[57255,79106],[-688,202],[-200,-661],[-828,-482]],[[55539,78165],[-681,1294]],[[57255,79106],[-276,-419],[1,-1083],[-735,-348]],[[56245,77256],[-392,178]],[[55853,77434],[-314,731]],[[58423,75450],[-924,-321],[-535,-517]],[[56964,74612],[-593,1357],[-126,1287]],[[56964,74612],[-1685,-159],[-334,-224]],[[54945,74229],[-551,-21]],[[54394,74208],[-550,437],[411,1763],[-211,847]],[[54044,77255],[865,247],[588,-355],[356,287]],[[54044,77255],[-427,282],[185,1042]],[[53802,78579],[381,-80],[281,713]],[[54394,74208],[-483,-464]],[[53911,73744],[-802,274]],[[53109,74018],[-305,176]],[[52804,74194],[569,1164],[-249,799]],[[53124,76157],[55,1016],[-631,1002]],[[52548,78175],[1254,404]],[[52548,78175],[-347,1268],[-305,388]],[[52548,78175],[-972,-574],[-337,6]],[[53124,76157],[-263,-485],[-1913,-296]],[[50948,75376],[183,464],[-442,851]],[[50689,76691],[422,913]],[[52804,74194],[-298,-404],[-804,-360]],[[51702,73430],[-982,376]],[[50720,73806],[-182,231]],[[50538,74037],[472,1035],[-177,178]],[[50833,75250],[115,126]],[[50689,76691],[-442,294],[-584,-306],[-1204,187]],[[48459,76866],[0,173]],[[50833,75250],[-177,179],[-1370,73],[-571,-585],[-563,-50]],[[48152,74867],[-218,121],[444,1042],[81,836]],[[48152,74867],[49,-256]],[[48201,74611],[-651,-488],[-1925,38]],[[45625,74161],[161,401],[-173,1087]],[[45625,74161],[-380,-160]],[[45245,74001],[-2286,882],[-454,691]],[[48599,72856],[-548,-55]],[[48051,72801],[-728,23]],[[47323,72824],[-847,328],[-662,-7]],[[45814,73145],[-569,856]],[[48201,74611],[665,-667],[-267,-1088]],[[47323,72824],[-459,-694],[-212,-771]],[[46652,71359],[-960,78]],[[45692,71437],[162,469],[-40,1239]],[[48051,72801],[-263,-1392],[-480,-642]],[[47308,70767],[-656,592]],[[49517,72907],[261,-435]],[[48587,70464],[-1279,303]],[[48599,72856],[918,51]],[[47934,67959],[-979,-305],[-557,73],[-400,954],[217,457],[-187,943],[-371,649],[35,707]],[[75464,36400],[1270,-306]],[[76734,36094],[-216,-530],[-814,7],[-421,-322],[458,-798],[-139,-426]],[[75602,34025],[-1043,-355]],[[74559,33670],[-377,682]],[[74182,34352],[-83,1511]],[[74099,35863],[1033,713]],[[75132,36576],[332,-176]],[[74182,34352],[-882,255]],[[73300,34607],[155,697]],[[73455,35304],[644,559]],[[74559,33670],[-279,-136]],[[74280,33534],[-1124,201]],[[73156,33735],[144,872]],[[77234,36024],[-637,-1243],[324,-920]],[[76921,33861],[-525,-309]],[[76396,33552],[-794,473]],[[76734,36094],[500,-70]],[[78137,35604],[492,-811],[481,-296]],[[79110,34497],[-3,-461]],[[79107,34036],[-204,-595]],[[78903,33441],[-248,-527]],[[78655,32914],[-1734,947]],[[77234,36024],[903,-420]],[[78655,32914],[-559,-951],[-983,-15],[-1127,-402]],[[75986,31546],[-682,344]],[[75304,31890],[437,134],[655,1528]],[[75304,31890],[-694,512],[-330,1132]],[[75304,31890],[-296,-1127]],[[75008,30763],[-1314,-578],[-929,1583],[-554,165]],[[72211,31933],[93,592]],[[72304,32525],[852,1210]],[[75986,31546],[117,-706]],[[76103,30840],[-1095,-77]],[[81266,33777],[540,-19]],[[81806,33758],[-31,-657],[-427,-972],[-281,-1255]],[[81067,30874],[-599,-269]],[[80468,30605],[274,1404],[-837,271]],[[79905,32280],[-727,384],[-275,777]],[[79107,34036],[474,-341],[1372,-384],[313,466]],[[79905,32280],[-365,-990],[-660,-962]],[[78880,30328],[-956,-43],[-702,314]],[[77222,30599],[-1119,241]],[[80468,30605],[-529,23],[-592,-384]],[[79347,30244],[-467,84]],[[83866,33534],[110,-13]],[[83976,33521],[-438,-835]],[[83538,32686],[-355,-633],[-515,-126],[-494,-577]],[[82174,31350],[-1107,-476]],[[81806,33758],[323,192]],[[82129,33950],[1737,-416]],[[85011,33857],[94,-247],[1335,-881]],[[86440,32729],[-466,-1176]],[[85974,31553],[-645,234],[-951,-39]],[[84378,31748],[47,307],[-887,631]],[[83976,33521],[1035,336]],[[84378,31748],[-124,-793],[-497,-979]],[[83757,29976],[-928,-173]],[[82829,29803],[-450,420]],[[82379,30223],[187,707],[-392,420]],[[85974,31553],[25,-217]],[[85999,31336],[-421,-632],[-739,-382],[-491,-537]],[[84348,29785],[-591,191]],[[82379,30223],[-502,-135]],[[81877,30088],[-799,-1]],[[81078,30087],[-610,518]],[[67735,32404],[613,-397]],[[68348,32007],[-715,-1268]],[[67633,30739],[-260,-198]],[[67373,30541],[-431,212]],[[66942,30753],[-949,407],[-792,-122]],[[65201,31038],[-12,512]],[[65189,31550],[804,1111],[523,403]],[[66516,33064],[442,-64],[777,-596]],[[68675,31896],[522,-90]],[[69197,31806],[94,-512],[-309,-634],[94,-903]],[[69076,29757],[-671,-98]],[[68405,29659],[-276,918],[-496,162]],[[68348,32007],[327,-111]],[[72211,31933],[-508,-699],[435,-674],[-146,-619]],[[71992,29941],[-479,-37],[-697,412],[-576,-250]],[[70240,30066],[-558,52],[-606,-361]],[[69197,31806],[1039,79],[1663,566]],[[71899,32451],[405,74]],[[75008,30763],[-13,-1141]],[[74995,29622],[-1274,-878]],[[73721,28744],[-1729,1197]],[[76103,30840],[-121,-873],[344,-467],[-513,-842]],[[75813,28658],[-791,204]],[[75022,28862],[-27,760]],[[77222,30599],[-306,-920]],[[76916,29679],[103,-1032]],[[77019,28647],[-826,-600]],[[76193,28047],[-380,611]],[[79347,30244],[-25,-348],[-674,-1235]],[[78648,28661],[-502,99],[-1230,919]],[[81078,30087],[-286,-857]],[[80792,29230],[-600,-853],[-562,-117],[-982,401]],[[66942,30753],[132,-660],[-261,-505]],[[66813,29588],[-440,-809],[45,-386]],[[66418,28393],[-1017,312]],[[65401,28705],[-106,292],[-1129,580]],[[64166,29577],[323,498]],[[64489,30075],[606,-92],[220,320],[-114,735]],[[67373,30541],[817,-945]],[[68190,29596],[-73,-632]],[[68117,28964],[-1304,624]],[[68405,29659],[-215,-63]],[[68117,28964],[-475,-1133]],[[67642,27831],[-296,315],[-928,247]],[[70240,30066],[12,-1034]],[[70252,29032],[-17,-750],[-545,-485]],[[69690,27797],[-744,1426],[130,534]],[[69690,27797],[-412,-703]],[[69278,27094],[-788,25],[-437,271]],[[68053,27390],[-411,441]],[[71992,29941],[-182,-1310]],[[71810,28631],[-1074,160]],[[70736,28791],[-484,241]],[[73229,28060],[-1419,571]],[[73721,28744],[-198,-372]],[[73523,28372],[-294,-312]],[[73229,28060],[-569,-513],[-532,9]],[[72128,27556],[-685,384]],[[71443,27940],[-707,851]],[[71443,27940],[-129,-392],[388,-441]],[[71702,27107],[-689,-339],[-79,-500]],[[70934,26268],[-73,-74]],[[70861,26194],[-728,577],[-855,323]],[[72128,27556],[-426,-449]],[[74016,26372],[-919,-172]],[[73097,26200],[-61,215],[-1334,692]],[[73523,28372],[489,-799],[4,-1201]],[[75074,27961],[-332,-595]],[[74742,27366],[45,-731]],[[74787,26635],[51,-321]],[[74838,26314],[-683,-629]],[[74155,25685],[-139,687]],[[75022,28862],[52,-901]],[[75773,27428],[-699,533]],[[76193,28047],[-420,-619]],[[75788,26961],[-1046,405]],[[75773,27428],[15,-467]],[[75885,26771],[-1098,-136]],[[75788,26961],[97,-190]],[[75885,26771],[231,-550]],[[76116,26221],[-457,-405],[-821,498]],[[77019,28647],[297,-905]],[[77316,27742],[-377,-790]],[[76939,26952],[-1054,-181]],[[78648,28661],[443,-888]],[[79091,27773],[-537,-398]],[[78554,27375],[-1238,367]],[[76939,26952],[216,-647],[351,-145]],[[77506,26160],[-860,-415]],[[76646,25745],[-530,476]],[[78554,27375],[98,-349],[-593,-817]],[[78059,26209],[-553,-49]],[[88646,32522],[-127,-2194]],[[88519,30328],[-499,-86]],[[88020,30242],[-1274,342]],[[86746,30584],[-747,752]],[[86440,32729],[546,188]],[[86986,32917],[1053,-75],[607,-320]],[[88580,26276],[-1258,1358],[-29,300]],[[87293,27934],[271,375],[52,1498],[404,435]],[[88519,30328],[108,-1842],[341,-1308],[-388,-902]],[[87293,27934],[-438,34]],[[86855,27968],[-1149,635]],[[85706,28603],[689,827],[351,1154]],[[85706,28603],[-341,-371]],[[85365,28232],[-1016,281]],[[84349,28513],[-1,1272]],[[84349,28513],[-448,-360]],[[83901,28153],[-717,447],[-467,21]],[[82717,28621],[-123,435],[235,747]],[[82717,28621],[-321,-215]],[[82396,28406],[-828,509]],[[81568,28915],[309,1173]],[[81568,28915],[-776,315]],[[82396,28406],[-448,-1516]],[[81948,26890],[-402,-426]],[[81546,26464],[-411,-11],[-610,492]],[[80525,26945],[-1434,828]],[[83901,28153],[-374,-1426]],[[83527,26727],[-87,-389]],[[83440,26338],[-339,43]],[[83101,26381],[-670,229]],[[82431,26610],[-483,280]],[[85365,28232],[-429,-1064]],[[84936,27168],[-309,-308]],[[84627,26860],[-1100,-133]],[[86855,27968],[-389,-1126]],[[86466,26842],[-1530,326]],[[88580,26276],[-108,-462]],[[88472,25814],[-431,88]],[[88041,25902],[-386,602],[-1189,338]],[[88472,25814],[-422,-1044]],[[88050,24770],[-618,-277],[-857,-806]],[[86575,23687],[-297,657]],[[86278,24344],[456,1023]],[[86734,25367],[584,74],[723,461]],[[87830,24447],[-748,-825],[-449,-224]],[[86633,23398],[-58,289]],[[88050,24770],[-220,-323]],[[87462,22926],[-829,472]],[[87830,24447],[-368,-1521]],[[86734,25367],[-704,132],[-762,-281]],[[85268,25218],[-927,186]],[[84341,25404],[-349,293]],[[83992,25697],[574,457],[61,706]],[[86278,24344],[-433,162]],[[85845,24506],[-663,373],[86,339]],[[83992,25697],[-552,641]],[[84341,25404],[-200,-707]],[[84141,24697],[-707,-269],[-533,293]],[[82901,24721],[-150,436],[350,1224]],[[82901,24721],[-449,-580],[-729,-290]],[[81723,23851],[-426,649]],[[81297,24500],[680,279],[363,720]],[[82340,25499],[91,1111]],[[82340,25499],[-859,438],[65,527]],[[81297,24500],[-219,61]],[[81078,24561],[-528,1040],[-98,894]],[[80452,26495],[73,450]],[[80452,26495],[-824,-889]],[[79628,25606],[-890,222]],[[78738,25828],[-446,260]],[[78292,26088],[-233,121]],[[81078,24561],[-836,-334],[-687,35]],[[79555,24262],[73,1344]],[[85845,24506],[-449,-1331]],[[85396,23175],[-432,-428],[-801,1012]],[[84163,23759],[-22,938]],[[78738,25828],[52,-502],[-905,-1440],[-606,416]],[[77279,24302],[-26,224],[1039,1562]],[[77279,24302],[-378,-297]],[[76901,24005],[-403,442],[148,1298]],[[76901,24005],[-26,-166]],[[76875,23839],[-1293,1037]],[[75582,24876],[-687,1065],[-57,373]],[[79555,24262],[-630,-476],[-255,-1209]],[[78670,22577],[-538,-587],[-494,3]],[[77638,21993],[-1105,734]],[[76533,22727],[342,1112]],[[81723,23851],[70,-247]],[[81793,23604],[-428,-551],[-697,174]],[[80668,23227],[-1113,1035]],[[84163,23759],[-141,-421],[-808,-535],[-400,80]],[[82814,22883],[-354,432]],[[82460,23315],[-667,289]],[[87462,22926],[-248,-771],[-643,-473]],[[86571,21682],[-802,220]],[[85769,21902],[39,777],[-412,496]],[[86571,21682],[-301,-941],[-654,-533]],[[85616,20208],[-563,293],[140,665]],[[85193,21166],[576,736]],[[85193,21166],[-924,62],[-213,455],[-831,459]],[[83225,22142],[-411,741]],[[83225,22142],[-145,-1010]],[[83080,21132],[-777,-270],[-332,247]],[[81971,21109],[-303,645]],[[81668,21754],[792,1561]],[[81668,21754],[-489,367],[-605,-238]],[[80574,21883],[-220,722],[148,391]],[[80502,22996],[166,231]],[[80502,22996],[-424,-500],[-738,-116]],[[79340,22380],[-670,197]],[[85616,20208],[-1452,-1291],[-467,-200]],[[83697,18717],[-534,621]],[[83163,19338],[134,1225],[-217,569]],[[76533,22727],[-947,115],[-433,574]],[[75153,23416],[-29,611]],[[75124,24027],[458,849]],[[75124,24027],[-1230,368],[-44,255]],[[73850,24650],[-117,145]],[[73733,24795],[422,890]],[[73733,24795],[-1011,664]],[[72722,25459],[375,741]],[[72722,25459],[-1398,-880]],[[71324,24579],[-184,288]],[[71140,24867],[-206,1401]],[[73850,24650],[-813,-593],[-123,-606]],[[72914,23451],[-226,-494]],[[72688,22957],[-812,184]],[[71876,23141],[-552,1438]],[[75153,23416],[-538,-870]],[[74615,22546],[-471,207],[-516,-210],[-714,908]],[[74615,22546],[4,-368],[-518,-850]],[[74101,21328],[-489,-291]],[[73612,21037],[-1169,426]],[[72443,21463],[-78,863],[323,631]],[[77638,21993],[13,-555],[-416,-329]],[[77235,21109],[-472,-310],[-685,-1458]],[[76078,19341],[-1124,909]],[[74954,20250],[-853,1078]],[[79340,22380],[-319,-577],[-1207,-1504]],[[77814,20299],[-579,810]],[[80574,21883],[-289,-637]],[[80285,21246],[-979,-964],[-573,-338]],[[78733,19944],[-366,-134]],[[78367,19810],[-553,489]],[[81971,21109],[-318,-381],[-761,-293]],[[80892,20435],[-607,811]],[[80892,20435],[-583,-1693]],[[80309,18742],[-1576,1202]],[[83163,19338],[-882,296],[-641,-34]],[[81640,19600],[-748,835]],[[83697,18717],[-987,-874]],[[82710,17843],[-607,513],[-463,1244]],[[82710,17843],[-563,-281],[-44,-481]],[[82103,17081],[-1636,1124]],[[80467,18205],[-158,537]],[[80467,18205],[-1455,-1820]],[[79012,16385],[-290,493],[-535,105]],[[78187,16983],[-146,420]],[[78041,17403],[-314,866],[228,1130],[412,411]],[[82103,17081],[-487,-826]],[[81616,16255],[-1391,333],[-676,-466],[-91,-401]],[[79458,15721],[-446,664]],[[78041,17403],[-1426,-19],[-757,661]],[[75858,18045],[220,1296]],[[81616,16255],[-763,-876],[-438,-938],[-381,-319]],[[80034,14122],[-332,414],[64,741],[-308,444]],[[80034,14122],[-490,-317]],[[79544,13805],[-657,833]],[[78887,14638],[571,1083]],[[78887,14638],[-559,703],[-696,179]],[[77632,15520],[36,478]],[[77668,15998],[519,985]],[[77668,15998],[-488,-722],[-1277,-755],[-483,-936]],[[75420,13585],[-652,115]],[[74768,13700],[284,867],[-372,725],[383,1348],[-404,419]],[[74659,17059],[114,463],[602,105]],[[75375,17627],[483,418]],[[75375,17627],[-424,439],[-1327,872]],[[73624,18938],[22,229]],[[73646,19167],[1308,1083]],[[73646,19167],[-189,1281],[155,589]],[[72443,21463],[-343,-555]],[[72100,20908],[-789,-618]],[[71311,20290],[-171,189]],[[71140,20479],[-143,1246]],[[70997,21725],[879,1416]],[[70997,21725],[-588,58],[-653,426],[-605,-165]],[[69151,22044],[-80,418]],[[69071,22462],[655,954],[-15,398]],[[69711,23814],[479,475]],[[70190,24289],[950,578]],[[70190,24289],[-52,722]],[[70138,25011],[723,1183]],[[70138,25011],[-1064,194]],[[69074,25205],[80,534]],[[69154,25739],[124,1355]],[[69154,25739],[-950,769]],[[68204,26508],[-151,882]],[[62329,30954],[354,-459],[107,-915],[434,85],[500,-364]],[[63724,29301],[-566,-155],[28,-359]],[[61082,30071],[239,171]],[[61321,30242],[1008,712]],[[65401,28705],[-201,-143]],[[65200,28562],[-625,7],[-258,-649]],[[64317,27920],[-1516,309]],[[63724,29301],[442,276]],[[67642,27831],[-759,-977]],[[66883,26854],[-776,233],[-652,-499]],[[65455,26588],[-288,297]],[[65167,26885],[92,1060]],[[65259,27945],[-59,617]],[[65259,27945],[-468,-293],[-474,268]],[[65167,26885],[-1099,239],[-895,-48]],[[65455,26588],[-34,-681]],[[65421,25907],[-1701,-11]],[[66883,26854],[-269,-550]],[[66614,26304],[-332,-118],[-827,402]],[[68204,26508],[-430,-874],[-499,29]],[[67275,25663],[-412,317]],[[66863,25980],[-249,324]],[[69074,25205],[-774,-82],[-389,-677],[-441,19]],[[67470,24465],[-195,1198]],[[67470,24465],[-935,248]],[[66535,24713],[12,305]],[[66547,25018],[316,962]],[[66547,25018],[-1034,193],[-92,696]],[[66535,24713],[-1131,-136]],[[65404,24577],[-1042,46]],[[69711,23814],[-945,330],[-163,404],[471,657]],[[69071,22462],[-556,40]],[[68515,22502],[-240,1060],[-847,500]],[[67428,24062],[42,403]],[[67428,24062],[-979,-272]],[[66449,23790],[-889,314]],[[65560,24104],[-156,473]],[[65560,24104],[-313,-768],[-648,-78]],[[64599,23258],[-87,581],[-406,493]],[[66449,23790],[319,-592],[-141,-1003]],[[66627,22195],[-594,-122],[-1091,287]],[[64942,22360],[-343,898]],[[67428,24062],[106,-1914]],[[67534,22148],[-336,-407]],[[67198,21741],[-571,454]],[[68515,22502],[-981,-354]],[[69151,22044],[-523,-1497]],[[68628,20547],[-193,471],[-661,401],[-239,-205],[-337,527]],[[73624,18938],[-701,-1026]],[[72923,17912],[-709,123]],[[72214,18035],[316,1068],[-278,410]],[[72252,19513],[35,1204],[-187,191]],[[72252,19513],[-941,777]],[[71140,20479],[-289,-219]],[[70851,20260],[-588,215],[-307,-665],[-382,-115]],[[69574,19695],[-1095,31]],[[68479,19726],[149,821]],[[72214,18035],[-1861,-300]],[[70353,17735],[159,722],[455,691],[-336,923],[220,189]],[[74659,17059],[-1379,270],[-535,286]],[[72745,17615],[178,297]],[[74659,17059],[-158,-965],[-602,-229]],[[73899,15865],[-1989,34],[-446,202]],[[71464,16101],[1281,1514]],[[74768,13700],[-853,306]],[[73915,14006],[-476,250]],[[73439,14256],[460,1609]],[[79544,13805],[-690,-498],[-1393,-654],[-468,-378]],[[76993,12275],[-249,524]],[[76744,12799],[143,638],[664,979],[81,1104]],[[76744,12799],[-392,16],[-932,770]],[[76993,12275],[-1514,-1732],[-306,-212],[-1930,1110],[-713,670]],[[72530,12111],[201,948]],[[72731,13059],[933,209],[251,738]],[[72731,13059],[-242,570],[950,627]],[[72530,12111],[-739,-513]],[[71791,11598],[-1213,1515],[-312,1219]],[[70266,14332],[426,836]],[[70692,15168],[772,933]],[[70692,15168],[-105,293]],[[70587,15461],[-1390,1682]],[[69197,17143],[-129,333]],[[69068,17476],[1285,259]],[[69068,17476],[-257,1417]],[[68811,18893],[763,802]],[[68811,18893],[-629,400]],[[68182,19293],[297,433]],[[68182,19293],[-1156,293]],[[67026,19586],[-350,701]],[[66676,20287],[-181,1121],[132,787]],[[66676,20287],[-522,436],[-579,-12],[-777,631]],[[64798,21342],[144,1018]],[[64798,21342],[-46,-287]],[[64752,21055],[-964,-514]],[[63788,20541],[114,963],[-155,585],[-9,1348]],[[63788,20541],[-69,-161]],[[63719,20380],[-277,70],[-1255,1094],[-321,94]],[[61866,21638],[-59,455]],[[65024,20469],[-215,-222]],[[64809,20247],[-441,92],[384,716]],[[64798,21342],[226,-873]],[[67026,19586],[-411,-882]],[[66615,18704],[-793,569]],[[65822,19273],[-618,489],[-180,707]],[[61866,21638],[-248,-1597]],[[61618,20041],[-807,-271],[-580,82]],[[60231,19852],[61,796],[571,1254],[-244,350]],[[63719,20380],[-363,-885]],[[63356,19495],[-905,-325],[-438,152]],[[62013,19322],[-395,719]],[[64809,20247],[-489,-1304]],[[64320,18943],[-337,-708]],[[63983,18235],[-646,-179]],[[63337,18056],[-275,899],[294,540]],[[65822,19273],[-495,-1133]],[[65327,18140],[-528,746],[-479,57]],[[66520,18301],[-697,-529],[121,-261]],[[65944,17511],[-574,-65]],[[65370,17446],[-43,694]],[[66615,18704],[-95,-403]],[[69197,17143],[-690,3],[-1157,891],[-258,-150]],[[67092,17887],[-572,414]],[[70587,15461],[-535,108],[-494,-307],[-925,237],[-1205,963]],[[67428,16462],[170,577],[-506,848]],[[67428,16462],[8,-389]],[[67436,16073],[-158,-740],[-1059,-258]],[[66219,15075],[144,541],[-431,626],[250,1059],[-238,210]],[[70266,14332],[-738,-1133]],[[69528,13199],[-615,210],[-350,781]],[[68563,14190],[-429,308],[-698,1575]],[[71791,11598],[-1795,-2114]],[[69996,9484],[-1011,756]],[[68985,10240],[825,1645],[-274,602]],[[69536,12487],[-8,712]],[[68985,10240],[-436,150],[-1289,1297]],[[67260,11687],[198,208],[1047,-124],[1031,716]],[[67260,11687],[-296,531]],[[66964,12218],[363,575]],[[67327,12793],[203,24],[1033,1373]],[[67327,12793],[-803,980],[-290,1094]],[[66234,14867],[-15,208]],[[66964,12218],[-553,130],[-679,1158],[-275,71]],[[65457,13577],[344,993]],[[65801,14570],[433,297]],[[65801,14570],[-949,358]],[[64852,14928],[309,1031],[209,1487]],[[65370,17446],[-983,116],[-404,673]],[[69176,6193],[-333,744],[-525,458]],[[68318,7395],[1293,1331]],[[69611,8726],[1106,-1111],[151,-434],[-998,-1430],[-694,442]],[[69996,9484],[-385,-758]],[[68318,7395],[-205,73]],[[68113,7468],[-1541,1052],[-143,308]],[[66429,8828],[529,1283],[302,1576]],[[66429,8828],[-538,246]],[[65891,9074],[-1263,1439],[-483,240]],[[64145,10753],[884,1694],[428,1130]],[[64145,10753],[-731,348],[-993,1282]],[[62421,12383],[221,381],[-494,1673]],[[62148,14437],[887,77],[654,361]],[[63689,14875],[1163,53]],[[63689,14875],[-644,2107],[-14,395]],[[63031,17377],[306,679]],[[54376,15261],[760,30],[298,-354]],[[55434,14937],[-114,-420],[444,-195]],[[55764,14322],[-711,-298],[-438,-966]],[[54615,13058],[-1198,568]],[[53417,13626],[505,1132],[454,503]],[[57528,15351],[777,-689]],[[58305,14662],[-457,-588]],[[57848,14074],[-692,163],[-950,-111]],[[56206,14126],[-442,196]],[[55434,14937],[1772,70],[322,344]],[[60600,14425],[-297,-1044],[368,-430]],[[60671,12951],[-1148,-363]],[[59523,12588],[-1022,451]],[[58501,13039],[-653,1035]],[[58305,14662],[1537,-102],[328,489]],[[60170,15049],[430,-624]],[[60600,14425],[964,-716],[857,-1326]],[[62421,12383],[-1067,-1174]],[[61354,11209],[-479,335]],[[60875,11544],[-204,1407]],[[64145,10753],[-918,-1339]],[[63227,9414],[-1345,70]],[[61882,9484],[-246,412],[-282,1313]],[[65891,9074],[-885,-576],[-272,-1860]],[[64734,6638],[-1241,936]],[[63493,7574],[151,162],[-134,1520],[-283,158]],[[68113,7468],[-2645,-1821],[-475,126]],[[64993,5773],[-259,865]],[[69176,6193],[-1230,-615],[-1131,-753],[-416,-471],[-1037,-26],[-500,335],[-702,-223]],[[64160,4440],[25,685]],[[64185,5125],[808,648]],[[64185,5125],[-916,762],[-623,177]],[[62646,6064],[-59,162]],[[62587,6226],[426,411],[51,601],[429,336]],[[62587,6226],[-1055,393]],[[61532,6619],[-317,499]],[[61215,7118],[36,825],[631,1541]],[[61215,7118],[-964,-352]],[[60251,6766],[-973,633]],[[59278,7399],[392,666],[462,137],[252,836]],[[60384,9038],[872,413],[626,33]],[[60384,9038],[-1108,687]],[[59276,9725],[157,612],[-167,718]],[[59266,11055],[950,-5],[659,494]],[[59266,11055],[-374,526]],[[58892,11581],[631,1007]],[[58892,11581],[-318,57]],[[58574,11638],[-521,192],[448,1209]],[[58574,11638],[-83,-252],[-1101,-146]],[[57390,11240],[-992,1152]],[[56398,12392],[245,682],[-437,1052]],[[56398,12392],[-251,48],[-358,-788]],[[55789,11652],[-722,554]],[[55067,12206],[-452,852]],[[55067,12206],[-622,-484]],[[54445,11722],[-816,935],[-517,-283],[-346,240]],[[52766,12614],[392,864]],[[53158,13478],[259,148]],[[52766,12614],[-754,-198],[-599,1074]],[[51413,13490],[1379,379]],[[52792,13869],[366,-391]],[[52766,12614],[-714,-978]],[[52052,11636],[-565,-1025]],[[51487,10611],[-431,58],[-1023,-324],[-978,1170],[24,479],[673,545],[829,293],[832,658]],[[53715,10836],[-192,-259]],[[53523,10577],[-898,-482],[-729,331]],[[51896,10426],[-409,185]],[[52052,11636],[688,-491],[975,-309]],[[54445,11722],[-149,-522]],[[54296,11200],[-581,-364]],[[55789,11652],[-141,-1048]],[[55648,10604],[-290,-37]],[[55358,10567],[-80,508],[-982,125]],[[57390,11240],[-388,-919],[-585,-462]],[[56417,9859],[-463,-417]],[[55954,9442],[-174,13]],[[55780,9455],[-132,1149]],[[55358,10567],[-441,-327]],[[54917,10240],[-1394,337]],[[54917,10240],[-70,-788]],[[54847,9452],[-468,-982]],[[54379,8470],[-601,-206]],[[53778,8264],[-157,651],[-1111,859],[-614,652]],[[55780,9455],[-933,-3]],[[59077,66484],[382,-379],[1307,95]],[[60766,66200],[690,-1749]],[[61456,64451],[-661,-1117],[-927,-2086]],[[59868,61248],[-416,-606],[-69,-933]],[[60804,35122],[312,-619]],[[61116,34503],[-71,-639]],[[61045,33864],[-61,-386]],[[60984,33478],[-213,70]],[[60771,33548],[-963,992]],[[59808,34540],[-125,1098]],[[59683,35638],[600,-858],[521,342]],[[69302,52032],[128,-71]],[[69430,51961],[-235,-1003],[341,-806]],[[69536,50152],[-465,-460]],[[69071,49692],[-726,9]],[[68345,49701],[-599,80]],[[66608,51775],[501,66]],[[67109,51841],[1296,-152],[897,343]],[[60771,33548],[-375,-765]],[[60396,32783],[-361,225]],[[60035,33008],[-858,270]],[[59177,33278],[-98,542]],[[59582,34688],[226,-148]],[[59683,35638],[-56,120]],[[59714,35980],[222,151]],[[59936,36131],[868,-1009]],[[63640,30853],[849,-778]],[[62329,30954],[226,160]],[[62555,31114],[320,46]],[[62875,31160],[765,-307]],[[60035,33008],[-272,-952]],[[59763,32056],[-779,320]],[[58988,32657],[189,621]],[[62606,57259],[79,12]],[[62685,57271],[1841,323]],[[64526,57594],[1170,402]],[[65696,57996],[161,-1265]],[[69697,58214],[-74,-813]],[[69623,57401],[-1479,-153]],[[68144,57248],[-2038,-527]],[[65696,57996],[460,181]],[[66156,58177],[1270,538]],[[67426,58715],[1317,333]],[[68743,59048],[733,98]],[[69476,59146],[221,-932]],[[68144,57248],[204,-764],[543,-988],[-175,-644]],[[68716,54852],[-625,123],[-127,-299]],[[67964,54676],[-796,184],[-193,-247]],[[69623,57401],[372,-229],[-176,-820],[-125,-1691]],[[69694,54661],[-978,191]],[[74814,60288],[-51,-154]],[[74763,60134],[-959,-1595],[-537,-259]],[[73267,58280],[-815,559]],[[72452,58839],[-604,168],[-1277,-227],[-874,-566]],[[69476,59146],[1502,568],[1729,459]],[[72707,60173],[1105,204],[1002,-89]],[[76317,58029],[-373,-117]],[[75944,57912],[-241,90]],[[75703,58002],[-278,642],[-40,917],[-622,573]],[[74814,60288],[616,-123],[-61,656]],[[75369,60821],[682,96]],[[76051,60917],[607,-1258],[-531,-725],[190,-905]],[[75703,58002],[-463,201]],[[75240,58203],[-939,-74]],[[74301,58129],[-603,-202],[-452,257]],[[73246,58184],[21,96]],[[72452,58839],[-544,-1482]],[[71908,57357],[-1736,490],[-475,367]],[[73246,58184],[-365,-169],[-218,-775]],[[72663,57240],[-755,117]],[[74301,58129],[40,-1287]],[[74341,56842],[-1257,610],[-421,-212]],[[75240,58203],[-703,-1410]],[[74537,56793],[-196,49]],[[75944,57912],[65,-329],[-666,-14],[13,-318]],[[75356,57251],[-819,-458]],[[72663,57240],[-559,-819],[-9,-807]],[[72095,55614],[-110,-740]],[[71985,54874],[-346,117],[-750,-803]],[[70889,54188],[-556,482],[-639,-9]],[[74341,56842],[25,-447]],[[74366,56395],[-757,-728]],[[73609,55667],[-423,526],[-509,-455],[-582,-124]],[[75356,57251],[196,-542],[-188,-907]],[[75364,55802],[-421,-422]],[[74943,55380],[-205,114]],[[74738,55494],[-372,901]],[[74738,55494],[-191,-392],[-742,51]],[[73805,55153],[-196,514]],[[76611,60713],[946,-600],[526,-127]],[[78083,59986],[-99,-376]],[[77984,59610],[-426,-566],[-118,-898]],[[77440,58146],[-333,-224],[-790,107]],[[76051,60917],[560,-204]],[[77984,59610],[817,-1114]],[[78801,58496],[-55,-1262]],[[78746,57234],[-371,-327],[-219,1410],[-716,-171]],[[80735,42851],[359,-367],[-510,-894],[76,-547]],[[80660,41043],[-1006,-199]],[[79654,40844],[-363,242],[-630,1158]],[[78661,42244],[98,1155]],[[78759,43399],[1344,-506],[632,-42]],[[78661,42244],[-1121,250],[-544,-821]],[[76996,41673],[-818,395]],[[76178,42068],[-238,789],[187,689]],[[76127,43546],[1434,447],[958,-468]],[[78519,43525],[240,-126]],[[79654,40844],[-1365,-908],[-553,59]],[[77736,39995],[-409,761]],[[77327,40756],[-331,917]],[[76178,42068],[-778,-824]],[[75400,41244],[-1067,-466]],[[74333,40778],[-473,640],[716,1197]],[[74576,42615],[1602,-547]],[[74333,40778],[-329,-255],[-792,197],[149,-513],[-1357,-238]],[[72004,39969],[-204,74],[-113,1170]],[[71687,41213],[1114,2370]],[[72801,43583],[322,-110]],[[73123,43473],[844,-198]],[[73967,43275],[609,-660]],[[77327,40756],[-512,-95],[-1503,-1265]],[[75312,39396],[655,787],[-1268,-4],[1096,722],[-395,343]],[[77736,39995],[-181,-905],[-516,-705]],[[77039,38385],[-1389,538],[-338,473]],[[81598,41127],[-26,-641],[-531,-1347]],[[81041,39139],[-1366,713],[-21,992]],[[80660,41043],[938,84]],[[71687,41213],[-2430,-665]],[[69257,40548],[-223,409],[84,947]],[[69118,41904],[478,408]],[[69596,42312],[840,1110]],[[70436,43422],[882,112],[587,435]],[[71905,43969],[896,-386]],[[68721,44392],[-151,-535]],[[68570,43857],[-423,-70],[-716,405]],[[67885,44670],[836,-278]],[[68570,43857],[-11,-326],[-870,-825],[-136,-360]],[[67553,42346],[-465,-266]],[[67088,42080],[-422,1089]],[[68721,44392],[608,-263]],[[69329,44129],[1107,-707]],[[69596,42312],[-450,623],[-742,-709]],[[68404,42226],[-851,120]],[[69118,41904],[-254,-89]],[[68864,41815],[-460,411]],[[68864,41815],[-1438,-724]],[[67426,41091],[-202,157]],[[67224,41248],[-136,832]],[[67224,41248],[-829,230]],[[66395,41478],[-850,1001],[-130,426]],[[66395,41478],[-1024,-466],[-35,1006],[-793,259]],[[64543,42277],[418,1003]],[[64543,42277],[-351,-1267],[-265,-68]],[[63927,40942],[-641,539]],[[63286,41481],[-639,801]],[[63286,41481],[-47,-483],[467,-275]],[[63706,40723],[27,-306],[-671,-542]],[[63062,39875],[-857,-154]],[[62205,39721],[-1718,299],[-5,469],[-575,55]],[[63927,40942],[-221,-219]],[[67426,41091],[-886,-585],[-290,-645]],[[66250,39861],[-518,-160],[-1067,-727],[40,-1161]],[[64705,37813],[-714,-386],[-925,91],[162,774],[-333,280]],[[62895,38572],[167,1303]],[[62895,38572],[-660,254]],[[62235,38826],[-30,895]],[[62235,38826],[-713,-594]],[[61522,38232],[-390,337],[-989,213]],[[69257,40548],[-320,-541]],[[68937,40007],[-498,-300],[-167,-1088]],[[68272,38619],[-1979,395],[-43,847]],[[72004,39969],[-400,-1005],[-471,-552],[161,-244]],[[71294,38168],[-535,-349],[-846,149]],[[69913,37968],[-311,259]],[[69602,38227],[106,585],[-425,1009],[-346,186]],[[69602,38227],[-749,-382],[-539,160]],[[68314,38005],[-42,614]],[[62148,14437],[-296,1253]],[[61852,15690],[33,624],[501,745]],[[62386,17059],[645,318]],[[62386,17059],[-784,544]],[[61602,17603],[122,311]],[[61724,17914],[665,195],[948,-53]],[[61724,17914],[-133,540]],[[61591,18454],[422,868]],[[61591,18454],[-1282,-141]],[[60309,18313],[-187,558]],[[60122,18871],[-83,956]],[[60039,19827],[192,25]],[[60039,19827],[-218,155]],[[59821,19982],[-801,126]],[[59020,20108],[-41,1405]],[[60122,18871],[-367,322],[66,789]],[[59020,20108],[-627,-234]],[[58393,19874],[-43,1101],[-306,466]],[[58044,21441],[-591,1395]],[[60309,18313],[-731,-200]],[[59578,18113],[-1172,336]],[[58406,18449],[-175,992]],[[58231,19441],[162,433]],[[61602,17603],[-568,-340]],[[61034,17263],[-999,17],[-448,-213]],[[59587,17067],[-9,1046]],[[61852,15690],[-656,-130],[-616,222]],[[60580,15782],[439,722],[15,759]],[[58044,21441],[-1582,-685],[-558,-73]],[[55904,20683],[-49,953]],[[58231,19441],[-1086,-51],[-652,527],[-819,-166]],[[55674,19751],[7,290]],[[55681,20041],[223,642]],[[51997,21003],[-23,-1641],[-354,-210]],[[51620,19152],[-826,726],[-238,687]],[[55681,20041],[-651,6]],[[55030,20047],[-602,83],[-766,462]],[[55030,20047],[-157,-515]],[[54873,19532],[-484,-287],[-293,-618],[-700,-531]],[[53396,18096],[-1776,1056]],[[55674,19751],[-179,-503]],[[55495,19248],[-622,284]],[[55495,19248],[128,-393]],[[55623,18855],[156,-336],[-378,-1236]],[[55401,17283],[-943,-3]],[[54458,17280],[115,381],[-564,373],[-613,62]],[[58406,18449],[-602,-1129]],[[57804,17320],[-939,551],[-667,734],[-575,250]],[[57804,17320],[496,-531]],[[58300,16789],[-772,-1438]],[[57528,15351],[-880,536],[-1247,1396]],[[59587,17067],[-222,-1120]],[[59365,15947],[-1065,842]],[[60580,15782],[-410,-733]],[[60170,15049],[-805,898]],[[55401,17283],[-1054,-1747]],[[54347,15536],[-673,321],[-30,719]],[[53644,16576],[814,704]],[[54376,15261],[-29,275]],[[52792,13869],[261,460],[11,1367],[580,880]],[[59276,9725],[-636,-508],[-829,-268]],[[57811,8949],[-1394,910]],[[59278,7399],[-276,-534]],[[59002,6865],[-790,1157],[-771,432]],[[57441,8454],[370,495]],[[60251,6766],[-428,-309],[-37,-564],[-561,-343]],[[59225,5550],[-857,-481]],[[58368,5069],[-215,140]],[[58153,5209],[849,1656]],[[61532,6619],[-924,-1247]],[[60608,5372],[-751,-558]],[[59857,4814],[-170,558],[-462,178]],[[62646,6064],[-199,-699],[566,-1036]],[[63013,4329],[-548,220],[-833,-16]],[[61632,4533],[-1024,839]],[[59857,4814],[-308,-538],[-23,-826]],[[59526,3450],[-432,241],[-1683,264]],[[57411,3955],[-77,344],[1034,770]],[[61632,4533],[-159,-1318]],[[61473,3215],[-966,225]],[[60507,3440],[-460,177],[-490,-655]],[[59557,2962],[-31,488]],[[64160,4440],[-380,-627],[-761,-415]],[[63019,3398],[-6,931]],[[63019,3398],[-381,-334],[24,-877],[-358,-394]],[[62304,1793],[-558,228],[-18,802],[-255,392]],[[62394,781],[-438,-612],[-765,-169],[-769,503]],[[60422,503],[611,644],[717,47],[644,-413]],[[62304,1793],[90,-1012]],[[60422,503],[-749,31]],[[59673,534],[742,1335],[92,1571]],[[59673,534],[-1213,981]],[[58460,1515],[1097,1447]],[[58460,1515],[-705,-296],[-517,118],[-685,598],[-264,851],[-867,797]],[[55422,3583],[343,89]],[[55765,3672],[332,-99],[953,334]],[[57050,3907],[361,48]],[[55857,4737],[-92,-1065]],[[55422,3583],[-1031,534]],[[54391,4117],[542,952]],[[54933,5069],[924,-332]],[[55857,4737],[556,329]],[[56413,5066],[657,-673],[-20,-486]],[[56413,5066],[498,963]],[[56911,6029],[1242,-820]],[[56911,6029],[174,849]],[[57085,6878],[271,1416]],[[57356,8294],[85,160]],[[57356,8294],[-1141,632],[-261,516]],[[57085,6878],[-1067,672]],[[56018,7550],[-951,812],[-688,108]],[[56911,6029],[-1055,373],[-452,-36]],[[55404,6366],[-768,82]],[[54636,6448],[262,754]],[[54898,7202],[1120,348]],[[54933,5069],[471,1297]],[[54391,4117],[-349,955],[-921,592],[-275,788]],[[52846,6452],[816,-290],[974,286]],[[52846,6452],[800,1466]],[[53646,7918],[1252,-716]],[[53646,7918],[132,346]],[[50538,74037],[-787,-453],[-234,-677]],[[50720,73806],[-401,-781]],[[51702,73430],[-436,-703]],[[53109,74018],[195,-573],[-204,-1101],[-650,-43],[203,-563],[-392,-397],[164,-482],[-635,-759]],[[53911,73744],[434,-1306],[309,-370]],[[54654,72068],[-132,-678],[690,-431]],[[54945,74229],[235,-549],[-22,-861],[354,-15]],[[55587,72460],[-859,-68],[-74,-324]],[[56964,74612],[275,-654]],[[64339,72847],[1619,45],[505,-293]],[[66463,72599],[-225,-1712]],[[66238,70887],[-905,-216],[-1527,333],[-217,-207]],[[63589,70797],[-420,23]],[[68799,75246],[812,-506]],[[69611,74740],[-348,-1943]],[[69263,72797],[27,-543]],[[69290,72254],[-811,-371],[-964,498],[-1052,218]],[[65939,75394],[2860,-148]],[[69071,77635],[-430,-1266],[158,-1123]],[[70941,75965],[-1330,-1225]],[[73914,75700],[-902,-857],[-250,-879],[33,-833]],[[72795,73131],[-610,-393],[-723,438],[-1343,-127],[-856,-252]],[[74675,73202],[-711,-282]],[[73964,72920],[-197,313],[-972,-102]],[[74399,75703],[307,-1002],[-31,-1499]],[[76850,72745],[-902,42]],[[75948,72787],[-757,228]],[[75191,73015],[-516,187]],[[76061,70849],[-584,733]],[[75477,71582],[522,468],[-51,737]],[[75477,71582],[-166,-402],[-671,32]],[[74640,71212],[367,762],[184,1041]],[[75094,70634],[-243,-182]],[[74851,70452],[-248,552]],[[74603,71004],[37,208]],[[74603,71004],[-681,-284]],[[73922,70720],[304,874],[-262,1326]],[[73922,70720],[-302,-1206]],[[73620,69514],[-799,-197]],[[72821,69317],[-809,925]],[[72012,70242],[490,68],[401,710],[-108,2111]],[[74851,70452],[424,-577]],[[75313,69521],[-710,60],[-225,-526]],[[74378,69055],[-758,459]],[[75087,68313],[-776,-113]],[[74311,68200],[67,855]],[[74311,68200],[-807,-124]],[[73504,68076],[-683,1241]],[[73504,68076],[-2089,-191]],[[71415,67885],[640,1302],[-139,539]],[[71916,69726],[96,516]],[[71916,69726],[-767,19],[-528,-261],[-352,388],[-421,-518],[-1105,12]],[[68743,69366],[1068,1213],[14,330],[-535,1345]],[[71415,67885],[-581,268],[-1089,-80],[-1442,571]],[[68303,68644],[440,722]],[[68303,68644],[-309,0]],[[67994,68644],[-1053,50],[329,928],[-803,416],[-229,849]],[[73017,66741],[-268,-551],[-358,-1822]],[[72391,64368],[-640,-412],[-521,199]],[[71230,64155],[265,879],[155,1265],[-825,493],[364,239]],[[71189,67031],[1047,265],[614,-99],[167,-456]],[[73017,66741],[1267,91]],[[74284,66832],[-652,-2838]],[[73632,63994],[-525,368],[-716,6]],[[76180,66626],[-62,-698],[-881,-1094],[-363,-836]],[[74874,63998],[-347,-213],[-895,209]],[[74284,66832],[108,392]],[[71189,67031],[226,854]],[[76845,66484],[-358,-2074],[740,-567]],[[77227,63843],[-8,-459]],[[77219,63384],[-716,353],[-1629,261]],[[77732,66382],[-397,-1076],[-108,-1463]],[[77749,63984],[-522,-141]],[[78817,66478],[-369,-1309],[-578,-435],[-121,-750]],[[81103,66178],[-620,-3336]],[[80483,62842],[-856,303]],[[79627,63145],[-1262,782],[-616,57]],[[84150,65545],[-332,-699],[-49,-1124],[-324,-669]],[[83445,63053],[-629,87],[-765,-307]],[[82051,62833],[-403,-145],[-1165,154]],[[85671,65311],[-64,-1003],[-636,-743],[-457,-1360]],[[84514,62205],[-746,122]],[[83768,62327],[24,563],[-347,163]],[[87292,64935],[-539,-2278],[-558,-969]],[[86195,61688],[-1681,517]],[[89572,61053],[-942,408],[-1360,238]],[[87270,61699],[-1075,-11]],[[93710,55225],[-1128,-207],[-1556,364]],[[91026,55382],[-828,59],[-363,401],[-1129,389]],[[88706,56231],[25,565],[438,771],[418,1838],[969,1268]],[[93002,60701],[150,-200],[3033,-716],[-798,-2105],[-857,-708],[-161,-1263],[-659,-484]],[[88706,56231],[-1090,215]],[[87616,56446],[-697,506],[-623,96]],[[86296,57048],[439,811],[754,1845],[-2,972],[-217,1023]],[[93340,52442],[313,-160],[-368,-1139],[-446,-766],[365,-463],[113,-779],[-1801,705],[-1316,1487],[-965,270]],[[89235,51597],[907,1546],[918,955]],[[91060,54098],[2280,-1656]],[[93710,55225],[-193,-658],[253,-928],[-430,-1197]],[[91060,54098],[163,167],[-197,1117]],[[89235,51597],[-1115,345]],[[88120,51942],[-690,758]],[[87430,52700],[-209,393]],[[87221,53093],[629,493],[526,723],[-250,463],[876,527],[-518,475],[222,457]],[[87221,53093],[-237,215],[166,1734],[466,1404]],[[86885,52587],[-1663,-1102],[-1239,439],[-147,731]],[[83836,52655],[559,472]],[[84395,53127],[473,545]],[[84868,53672],[1723,-641],[294,-444]],[[87430,52700],[-545,-113]],[[84868,53672],[272,1074]],[[85140,54746],[42,994]],[[85182,55740],[-239,1186]],[[84943,56926],[982,387],[371,-265]],[[84943,56926],[-358,530],[-677,460],[-162,912]],[[83746,58828],[855,1592],[1360,799],[234,469]],[[83746,58828],[-1226,-128]],[[82520,58700],[-1074,308]],[[81446,59008],[95,824]],[[81541,59832],[427,857]],[[81968,60689],[1498,1049],[302,589]],[[81968,60689],[-347,633],[12,617],[418,894]],[[81541,59832],[-1161,821],[-97,1211],[200,978]],[[81446,59008],[-243,101]],[[81203,59109],[-743,247]],[[80460,59356],[-916,339]],[[79544,59695],[35,466],[-458,1134],[506,1850]],[[79544,59695],[-617,267],[-844,24]],[[76611,60713],[79,1156]],[[76690,61869],[-74,728],[603,787]],[[76690,61869],[-286,283],[-994,-138],[-662,613],[-408,-194],[-350,312]],[[73990,62745],[-291,460],[-67,789]],[[75369,60821],[-1546,1887]],[[73823,62708],[167,37]],[[72707,60173],[-3,643]],[[72704,60816],[318,207],[327,1344],[474,341]],[[72704,60816],[-428,407],[-590,1232],[-543,597]],[[71143,63052],[-497,578]],[[70646,63630],[584,525]],[[68743,59048],[92,1525],[-217,160]],[[68618,60733],[692,801],[428,901]],[[69738,62435],[878,202],[527,415]],[[67426,58715],[-228,2066]],[[67198,60781],[1420,-48]],[[66156,58177],[-42,1358],[-303,601]],[[65811,60136],[-68,933]],[[65743,61069],[1455,-288]],[[64526,57594],[-47,1845],[-174,475]],[[64305,59914],[1506,222]],[[62685,57271],[59,795],[-131,1830]],[[62613,59896],[1692,18]],[[60287,59837],[730,189],[857,-263],[739,133]],[[67198,60781],[423,1489],[426,524],[1089,-93],[602,-266]],[[70646,63630],[-769,590],[-1374,91],[-331,315]],[[68172,64626],[294,1250],[576,763],[-38,295],[-851,754]],[[68153,67688],[-349,468],[190,488]],[[65743,61069],[-725,484],[-838,6],[-82,516]],[[64098,62075],[445,974]],[[64543,63049],[817,190],[805,-79],[140,1531],[159,228]],[[66464,64919],[280,266]],[[66744,65185],[496,40],[932,-599]],[[66744,65185],[-70,1265],[171,1645]],[[66845,68095],[319,76],[989,-483]],[[66845,68095],[-883,318],[-948,-315]],[[65014,68098],[-511,3],[-610,1082],[5,418],[-486,466],[177,730]],[[65014,68098],[-68,-709]],[[64946,67389],[-1515,27],[-1931,-311]],[[61500,67105],[211,1919],[-270,449],[317,276]],[[66464,64919],[-226,-14]],[[66238,64905],[-271,314],[-1349,315]],[[64618,65534],[328,1855]],[[64543,63049],[161,958]],[[64704,64007],[738,89],[154,460],[642,349]],[[64704,64007],[-1062,363]],[[63642,64370],[217,895]],[[63859,65265],[759,269]],[[63859,65265],[-773,833],[-1682,-110],[-638,212]],[[60766,66200],[734,905]],[[63642,64370],[-525,-39],[-358,392],[-1303,-272]],[[64098,62075],[-1471,-87],[-1389,-272],[-1370,-468]],[[80460,59356],[-159,-354],[-825,-475],[-675,-31]],[[81203,59109],[-16,-2393],[-99,-386]],[[81088,56330],[-722,164],[-1440,635]],[[78926,57129],[-180,105]],[[83180,56104],[-624,-676]],[[82556,55428],[-320,-120]],[[82236,55308],[108,2085]],[[82344,57393],[1123,-616],[-287,-673]],[[84395,53127],[-1163,511],[-1119,90]],[[82113,53728],[121,624],[562,966]],[[82796,55318],[2344,-572]],[[82113,53728],[-754,-234],[-832,240]],[[80527,53734],[106,387]],[[80633,54121],[981,1372],[309,-127]],[[81923,55366],[313,-58]],[[82556,55428],[240,-110]],[[80633,54121],[-421,782]],[[80212,54903],[876,1427]],[[81088,56330],[835,-964]],[[80212,54903],[-476,-58]],[[79736,54845],[-946,962]],[[78790,55807],[136,1322]],[[78790,55807],[-1176,108]],[[77614,55915],[194,1251],[-368,980]],[[77614,55915],[-688,-745]],[[76926,55170],[-367,-19]],[[76559,55151],[-1195,651]],[[67964,54676],[-15,-1778]],[[67949,52898],[-558,-391],[-282,-666]],[[70889,54188],[-570,-1055]],[[70319,53133],[-887,-331]],[[69432,52802],[-923,300],[-560,-204]],[[71985,54874],[-45,-834]],[[71940,54040],[104,-1237]],[[72044,52803],[-1020,-334]],[[71024,52469],[-576,219],[-129,445]],[[73805,55153],[-48,-518],[678,-277]],[[74435,54358],[-31,-738]],[[74404,53620],[-1164,-639]],[[73240,52981],[15,350],[-1315,709]],[[74943,55380],[-121,-994],[-387,-28]],[[76559,55151],[-82,-1182],[-260,-1043]],[[76217,52926],[-655,9]],[[75562,52935],[-65,404],[-482,-318]],[[75015,53021],[-611,599]],[[73240,52981],[-328,-700]],[[72912,52281],[-868,522]],[[69432,52802],[-130,-770]],[[71024,52469],[-113,-1012],[-268,-147]],[[70643,51310],[-544,341],[-334,578],[-335,-268]],[[70643,51310],[54,-751]],[[70697,50559],[-1161,-407]],[[72912,52281],[91,-238],[-605,-679]],[[72398,51364],[-273,38],[-661,-892]],[[71464,50510],[-767,49]],[[72398,51364],[-215,-932]],[[72183,50432],[-275,-82]],[[71908,50350],[-444,160]],[[72912,52281],[419,-518]],[[73331,51763],[-933,-399]],[[73331,51763],[146,-490],[-280,-807],[-1014,-34]],[[75015,53021],[-238,-964],[-494,-312]],[[74283,51745],[-952,18]],[[75562,52935],[59,-1576]],[[75621,51359],[-95,-700],[-671,-68]],[[74855,50591],[-572,1154]],[[74855,50591],[-1108,-469],[-171,-473]],[[73576,49649],[-261,-188]],[[73315,49461],[-352,135],[-1076,-324]],[[71887,49272],[21,1078]],[[79736,54845],[-343,-241]],[[79393,54604],[-1213,57]],[[78180,54661],[-1221,239],[-33,270]],[[78180,54661],[71,-1242]],[[78251,53419],[-637,-952],[-334,-121]],[[77280,52346],[-1063,580]],[[79393,54604],[-203,-1557]],[[79190,53047],[-939,372]],[[80527,53734],[-708,-1196]],[[79819,52538],[-629,509]],[[83836,52655],[-939,130],[-730,-914]],[[82167,51871],[-207,161],[-898,-338]],[[81062,51694],[-1017,513]],[[80045,52207],[-226,331]],[[82167,51871],[-318,-1077]],[[81849,50794],[-854,-1342]],[[80995,49452],[-517,164]],[[80478,49616],[-183,619],[326,333],[441,1126]],[[81849,50794],[291,-1559],[-754,-37],[-391,254]],[[80478,49616],[-498,-225]],[[79980,49391],[-477,412],[247,325],[-579,475]],[[79171,50603],[509,1157]],[[79680,51760],[365,447]],[[79680,51760],[-1030,303]],[[78650,52063],[-613,305]],[[78037,52368],[-411,-115],[-422,-685]],[[77204,51568],[76,778]],[[79171,50603],[-280,-620],[-371,130]],[[78520,50113],[172,1236],[-387,241],[345,473]],[[78037,52368],[-56,-1185],[-815,238]],[[77166,51421],[38,147]],[[78520,50113],[-294,54]],[[78226,50167],[-627,254],[-539,539]],[[77060,50960],[106,461]],[[77060,50960],[-149,23]],[[76911,50983],[-910,65],[-380,311]],[[79980,49391],[-184,-608],[-824,-1262]],[[78972,47521],[-507,885]],[[78465,48406],[-183,1252]],[[78282,49658],[-56,509]],[[78282,49658],[-603,68],[-796,793]],[[76883,50519],[28,464]],[[76883,50519],[-108,-256]],[[76775,50263],[-948,-216],[35,-400]],[[75862,49647],[-221,-45]],[[75641,49602],[-413,517]],[[75228,50119],[-373,472]],[[76775,50263],[313,-360],[-220,-753]],[[76868,49150],[-381,-106],[-625,603]],[[78465,48406],[-870,-197]],[[77595,48209],[-727,941]],[[78972,47521],[-56,-464]],[[78916,47057],[-1079,87]],[[77837,47144],[-242,1065]],[[75641,49602],[296,-638],[-229,-212]],[[75708,48752],[-625,574],[-844,236]],[[74239,49562],[-65,66]],[[74174,49628],[242,346],[812,145]],[[74174,49628],[-598,21]],[[75708,48752],[-165,-623]],[[75543,48129],[-635,-143]],[[74908,47986],[-669,1576]],[[77837,47144],[-1112,-265]],[[76725,46879],[-859,40]],[[75866,46919],[-323,1210]],[[78916,47057],[398,-1409]],[[79314,45648],[-530,80],[-398,457],[-504,-330],[418,-247]],[[78300,45608],[-146,-415]],[[78154,45193],[-542,497],[-1240,186]],[[76372,45876],[300,281],[53,722]],[[79314,45648],[9,-102]],[[79323,45546],[-1023,62]],[[69071,49692],[208,-626],[-34,-1002]],[[69245,48064],[-727,361],[-434,864],[261,412]],[[69071,49692],[581,-74],[325,-991]],[[69977,48627],[-439,-668]],[[69538,47959],[-47,-270]],[[69491,47689],[-246,375]],[[71464,50510],[-821,-729],[-369,-1106]],[[70274,48675],[-297,-48]],[[71887,49272],[-905,-324],[-241,-563]],[[70741,48385],[-467,290]],[[70741,48385],[1,-457]],[[70742,47928],[-473,-23]],[[70269,47905],[-731,54]],[[71887,49272],[387,-1382]],[[72274,47890],[51,-533]],[[72325,47357],[-1583,571]],[[73315,49461],[-26,-701]],[[73289,48760],[-716,-117],[-299,-753]],[[69491,47689],[-100,-1533]],[[69391,46156],[-779,377],[-1122,-277]],[[70269,47905],[96,-206]],[[70365,47699],[-328,-709],[-179,-1352]],[[69858,45638],[-467,518]],[[70365,47699],[294,-463],[21,-1568]],[[70680,45668],[-402,599],[-233,-712]],[[70045,45555],[-187,83]],[[72325,47357],[18,-883]],[[72343,46474],[-16,-909]],[[72327,45565],[-1080,-503]],[[71247,45062],[-641,319]],[[70606,45381],[74,287]],[[70606,45381],[-561,174]],[[73289,48760],[394,-95],[-221,-681],[-815,-1461]],[[72647,46523],[-304,-49]],[[74908,47986],[39,-805]],[[74947,47181],[-987,-485]],[[73960,46696],[-1313,-173]],[[75866,46919],[-604,-237]],[[75262,46682],[-315,499]],[[69858,45638],[-128,-752],[-401,-757]],[[71247,45062],[82,-546],[722,-75],[-146,-472]],[[72327,45565],[773,-690]],[[73100,44875],[-214,-717],[237,-685]],[[73960,46696],[-480,-422],[141,-569],[-521,-830]],[[75262,46682],[-229,-338],[-94,-1182]],[[74939,45162],[12,-418],[-984,-1469]],[[76372,45876],[-324,-192],[-100,-826]],[[75948,44858],[-1009,304]],[[75948,44858],[360,-763],[-181,-549]],[[78154,45193],[138,-1166],[227,-502]],[[79323,45546],[1484,-1021],[-72,-1674]],[[75312,39396],[-980,-172],[-448,-415]],[[73884,38809],[-798,96],[-1792,-737]],[[89433,40918],[-991,-264],[-84,-810]],[[88358,39844],[-688,43],[-865,354]],[[86805,40241],[-221,441]],[[86584,40682],[375,303],[128,950],[522,345],[398,-165],[1426,-1197]],[[81598,41127],[653,80],[628,380],[667,92],[1978,-815]],[[85524,40864],[-802,-1030]],[[84722,39834],[-456,-644]],[[84266,39190],[-1024,166],[-824,-414],[-1377,197]],[[85524,40864],[1060,-182]],[[86805,40241],[15,-530],[-399,-839]],[[86421,38872],[-353,-296],[473,-383]],[[86541,38193],[-569,-248]],[[85972,37945],[-817,303],[-433,1586]],[[88358,39844],[-349,-321],[301,-1111],[-185,-438]],[[88125,37974],[-71,-10]],[[88054,37964],[-849,-27]],[[87205,37937],[9,410],[-793,525]],[[87205,37937],[-664,256]],[[85972,37945],[-631,-114]],[[85341,37831],[-797,124]],[[84544,37955],[-25,831],[-253,404]],[[84544,37955],[-2253,206],[-1305,581]],[[80986,38742],[55,397]],[[80986,38742],[-301,-573]],[[80685,38169],[-1511,-716]],[[79174,37453],[-488,246],[-227,780],[-192,-600]],[[78267,37879],[-814,52]],[[77453,37931],[-414,454]],[[79174,37453],[-362,-288]],[[78812,37165],[-545,714]],[[84544,37955],[-51,-364]],[[84493,37591],[-951,-194],[-1172,-840]],[[82370,36557],[-762,327]],[[81608,36884],[-587,458],[-336,827]],[[78812,37165],[-311,-431]],[[78501,36734],[-364,-1130]],[[75464,36400],[1268,1250],[721,281]],[[81608,36884],[152,-413],[-1379,-1225]],[[80381,35246],[-1579,984]],[[78802,36230],[-301,504]],[[78802,36230],[343,-1052],[214,-5]],[[79359,35173],[-249,-676]],[[80381,35246],[249,-232]],[[80630,35014],[-861,-244],[-410,403]],[[80630,35014],[485,-514],[151,-723]],[[82370,36557],[826,-363]],[[83196,36194],[-23,-128]],[[83173,36066],[-181,-671],[-863,-1445]],[[84493,37591],[-4,-685]],[[84489,36906],[-1293,-712]],[[83173,36066],[363,-589],[278,-1051],[52,-892]],[[85189,36151],[-455,-1223],[376,-573],[-99,-498]],[[84489,36906],[132,-587],[568,-168]],[[85341,37831],[107,-577],[525,-181]],[[85973,37073],[339,-114]],[[86312,36959],[52,-115]],[[86364,36844],[-233,-719]],[[86131,36125],[-614,642],[-328,-616]],[[85972,37945],[1,-872]],[[87205,37937],[-674,-475],[-219,-503]],[[88054,37964],[-19,-511],[-596,-966]],[[87439,36487],[-580,-93],[-495,450]],[[88758,36233],[-838,-249]],[[87920,35984],[-481,503]],[[88125,37974],[63,-720],[570,-1021]],[[87920,35984],[-1004,-1370]],[[86916,34614],[-443,1036],[-388,204]],[[86085,35854],[46,271]],[[86085,35854],[-896,297]],[[86986,32917],[-180,1071],[110,626]],[[88758,36233],[46,-650],[-309,-1068],[-109,-1200],[260,-793]],[[75132,36576],[-1093,694],[-347,420]],[[73692,37690],[192,1119]],[[73692,37690],[-1307,-454]],[[72385,37236],[-60,497],[-1031,-188]],[[71294,37545],[0,623]],[[73455,35304],[-678,60],[-439,-245]],[[72338,35119],[-117,896],[164,1221]],[[73300,34607],[-1169,302]],[[72131,34909],[207,210]],[[72131,34909],[-715,208]],[[71416,35117],[-328,249]],[[71088,35366],[-376,677]],[[70712,36043],[582,1502]],[[71899,32451],[-733,1224]],[[71166,33675],[163,6],[87,1436]],[[71166,33675],[-564,315],[-463,732],[119,342]],[[70258,35064],[830,302]],[[70073,35284],[185,-220]],[[68675,31896],[460,764],[-413,555],[-622,-52]],[[68100,33163],[228,1456]],[[68328,34619],[575,-34],[678,751]],[[69581,35336],[492,-52]],[[67735,32404],[365,759]],[[70712,36043],[-841,461]],[[69871,36504],[-356,1194]],[[69515,37698],[398,270]],[[70073,35284],[-202,1220]],[[69515,37698],[-1332,-536],[-9,-323]],[[68174,36839],[-588,42]],[[67586,36881],[-2,574],[730,550]],[[69581,35336],[-931,570],[-107,300]],[[68543,36206],[-369,633]],[[67586,36881],[-727,-616]],[[66859,36265],[-1062,740],[-983,-238]],[[64814,36767],[-109,1046]],[[68543,36206],[-390,-435],[-1281,434]],[[66872,36205],[-13,60]],[[68328,34619],[-699,568]],[[67629,35187],[42,562],[-784,394]],[[66887,36143],[-15,62]],[[67629,35187],[-889,137]],[[66740,35324],[147,819]],[[66516,33064],[-59,984],[-456,816]],[[66001,34864],[161,341]],[[66162,35205],[578,119]],[[66162,35205],[-2030,421]],[[64132,35626],[120,1048]],[[64252,36674],[562,93]],[[64252,36674],[-1373,-178]],[[62879,36496],[-961,-140],[-635,665]],[[61283,37021],[239,1211]],[[61283,37021],[-239,-371],[-972,605]],[[60072,37255],[-173,456]],[[66516,33064],[-787,463],[-340,-302]],[[65389,33225],[-203,685],[207,297]],[[65393,34207],[608,657]],[[65393,34207],[-1058,122]],[[64335,34329],[-347,966],[144,331]],[[64335,34329],[-410,78],[-285,-442]],[[63640,33965],[-365,-85]],[[63275,33880],[-17,418],[-501,559]],[[62757,34857],[-163,420],[360,357],[-75,862]],[[62757,34857],[-924,127],[-717,-481]],[[59936,36131],[136,1124]],[[63275,33880],[-462,-535]],[[62813,33345],[-460,532],[-516,-195]],[[61837,33682],[-792,182]],[[65389,33225],[-335,-371],[-946,196],[-526,379],[58,536]],[[65189,31550],[-439,235]],[[64750,31785],[-238,264],[-1142,453]],[[63370,32502],[-327,195]],[[63043,32697],[-145,205]],[[62898,32902],[-85,443]],[[61837,33682],[-672,-1210]],[[61165,32472],[-181,1006]],[[62898,32902],[-602,14],[-177,-514]],[[62119,32402],[-954,70]],[[63043,32697],[-589,-898]],[[62454,31799],[-328,-55],[-7,658]],[[63370,32502],[-207,-434],[596,-539],[399,70]],[[64158,31599],[-518,-746]],[[62875,31160],[-421,639]],[[64750,31785],[-592,-186]],[[61165,32472],[-769,311]],[[62555,31114],[-1180,367],[-1147,145]],[[60228,31626],[-465,430]],[[59763,32056],[472,-21],[161,748]],[[61321,30242],[-241,410],[-578,129]],[[60502,30781],[-274,845]],[[60502,30781],[-369,16],[-930,804],[-419,60]],[[88120,51942],[-232,-447],[127,-1609],[-1029,-890],[-656,-767],[-177,-1415],[427,-487],[1342,458],[783,-825],[1113,-541],[315,-599],[-466,-3656],[-234,-246]],[[85182,55740],[-636,-59],[-213,503],[-1153,-80]],[[82344,57393],[176,1307]]],"transform":{"scale":[7.346373463734736e-06,6.759067590675892e-06],"translate":[85.51324,22.48515]},"objects":{"villages":{"type":"GeometryCollection","geometries":[{"arcs":[[0,1,2,3,4]],"type":"Polygon","properties":{"n":"Kashidih","c":378775,"d":"Saraikela Kharsawan","s":"JHARKHAND"}},{"arcs":[[5,6,7,8,-2]],"type":"Polygon","properties":{"n":"Gordih","c":378774,"d":"Saraikela Kharsawan","s":"JHARKHAND"}},{"arcs":[[-1,9,10,11,12,13,-6]],"type":"Polygon","properties":{"n":"Singati","c":378773,"d":"Saraikela Kharsawan","s":"JHARKHAND"}},{"arcs":[[14,15,16,17,18,19,20,21,-3]],"type":"Polygon","properties":{"n":"Jhabri","c":378770,"d":"Saraikela Kharsawan","s":"JHARKHAND"}},{"arcs":[[22,-16]],"type":"Polygon","properties":{"n":"Janta","c":378776,"d":"Saraikela Kharsawan","s":"JHARKHAND"}},{"arcs":[[-15,-9,23,24,25,-17,-23]],"type":"Polygon","properties":{"n":"Dirlong","c":378777,"d":"Saraikela Kharsawan","s":"JHARKHAND"}},{"arcs":[[26,27,28,29,30,31,32,33,34,35]],"type":"Polygon","properties":{"n":"Urmal","c":378765,"d":"Saraikela Kharsawan","s":"JHARKHAND"}},{"arcs":[[36,-18,-26,37,38,39,-29]],"type":"Polygon","properties":{"n":"Ranka","c":378788,"d":"Saraikela Kharsawan","s":"JHARKHAND"}},{"arcs":[[-25,40,41,42,43,44,-38]],"type":"Polygon","properties":{"n":"Palna","c":378787,"d":"Saraikela Kharsawan","s":"JHARKHAND"}},{"arcs":[[45,46,47,48,49,-30,-40]],"type":"Polygon","properties":{"n":"Turu","c":378789,"d":"Saraikela Kharsawan","s":"JHARKHAND"}},{"arcs":[[50,51,52,-31,-50]],"type":"Polygon","properties":{"n":"Tanisaya","c":378790,"d":"Saraikela Kharsawan","s":"JHARKHAND"}},{"arcs":[[53,54,-52]],"type":"Polygon","properties":{"n":"Mutuda","c":378791,"d":"Saraikela Kharsawan","s":"JHARKHAND"}},{"arcs":[[-49,55,56,57,-54,-51]],"type":"Polygon","properties":{"n":"Rearda","c":378792,"d":"Saraikela Kharsawan","s":"JHARKHAND"}},{"arcs":[[58,59,-47]],"type":"Polygon","properties":{"n":"Rangamatia","c":378794,"d":"Saraikela Kharsawan","s":"JHARKHAND"}},{"arcs":[[60,61,62,-56,-48,-60]],"type":"Polygon","properties":{"n":"Barsira","c":378793,"d":"Saraikela Kharsawan","s":"JHARKHAND"}},{"arcs":[[63,64,65,-61,66,67]],"type":"Polygon","properties":{"n":"Lapaibera","c":378796,"d":"Saraikela Kharsawan","s":"JHARKHAND"}},{"arcs":[[68,69,70,-11]],"type":"Polygon","properties":{"n":"Mirudih","c":378781,"d":"Saraikela Kharsawan","s":"JHARKHAND"}},{"arcs":[[-70,71,72,73,74]],"type":"Polygon","properties":{"n":"Chandudih","c":378818,"d":"Saraikela Kharsawan","s":"JHARKHAND"}},{"arcs":[[75,76,77,78,-75,79,80]],"type":"Polygon","properties":{"n":"Royadih","c":378817,"d":"Saraikela Kharsawan","s":"JHARKHAND"}},{"arcs":[[81,82,83,84,-78]],"type":"Polygon","properties":{"n":"Berada","c":378816,"d":"Saraikela Kharsawan","s":"JHARKHAND"}},{"arcs":[[85,86,-12,-71,-79,-85]],"type":"Polygon","properties":{"n":"Tuidungri","c":378782,"d":"Saraikela Kharsawan","s":"JHARKHAND"}},{"arcs":[[87,88,-13,-87]],"type":"Polygon","properties":{"n":"Rugri","c":378863,"d":"Saraikela Kharsawan","s":"JHARKHAND"}},{"arcs":[[89,90,91,-42,92,-7,-14,-89]],"type":"Polygon","properties":{"n":"Chaulibasa","c":378779,"d":"Saraikela Kharsawan","s":"JHARKHAND"}},{"arcs":[[-41,-24,-8,-93]],"type":"Polygon","properties":{"n":"Baramtanr","c":378778,"d":"Saraikela Kharsawan","s":"JHARKHAND"}},{"arcs":[[93,-43,-92]],"type":"Polygon","properties":{"n":"Kokebera","c":378786,"d":"Saraikela Kharsawan","s":"JHARKHAND"}},{"arcs":[[-88,-86,-84,94,95,96,-90]],"type":"Polygon","properties":{"n":"Chowka","c":378783,"d":"Saraikela Kharsawan","s":"JHARKHAND"}},{"arcs":[[97,98,99,100,101,102,103,104]],"type":"Polygon","properties":{"n":"Maslewa","c":379188,"d":"Saraikela Kharsawan","s":"JHARKHAND"}},{"arcs":[[-63,105,106,107,108,109,-57]],"type":"Polygon","properties":{"n":"Sardabera","c":379374,"d":"Saraikela Kharsawan","s":"JHARKHAND"}},{"arcs":[[-66,110,111,112,113,114,-106,-62]],"type":"Polygon","properties":{"n":"Hathnada","c":379298,"d":"Saraikela Kharsawan","s":"JHARKHAND"}},{"arcs":[[115,116,-111,-65,117,118]],"type":"Polygon","properties":{"n":"Kalajor","c":379290,"d":"Saraikela Kharsawan","s":"JHARKHAND"}},{"arcs":[[119,120,121,122,123]],"type":"Polygon","properties":{"n":"Poradih","c":379289,"d":"Saraikela Kharsawan","s":"JHARKHAND"}},{"arcs":[[124,-122,125,126,127,128,-116]],"type":"Polygon","properties":{"n":"Konamarcha","c":379291,"d":"Saraikela Kharsawan","s":"JHARKHAND"}},{"arcs":[[129,130,131,132,133,134,-126,-121]],"type":"Polygon","properties":{"n":"Hudu","c":379293,"d":"Saraikela Kharsawan","s":"JHARKHAND"}},{"arcs":[[135,-127,-135]],"type":"Polygon","properties":{"n":"Uparbera","c":379292,"d":"Saraikela Kharsawan","s":"JHARKHAND"}},{"arcs":[[-134,136,137,138,139,140,-128,-136]],"type":"Polygon","properties":{"n":"Tumsa","c":379296,"d":"Saraikela Kharsawan","s":"JHARKHAND"}},{"arcs":[[141,-112,-117,-129,-141]],"type":"Polygon","properties":{"n":"Palobera","c":379297,"d":"Saraikela Kharsawan","s":"JHARKHAND"}},{"arcs":[[142,143,144,-114]],"type":"Polygon","properties":{"n":"Kasida","c":379299,"d":"Saraikela Kharsawan","s":"JHARKHAND"}},{"arcs":[[-140,145,146,147,-113,-142]],"type":"Polygon","properties":{"n":"Junglikhas","c":379301,"d":"Saraikela Kharsawan","s":"JHARKHAND"}},{"arcs":[[148,149,150,151,-143,-148]],"type":"Polygon","properties":{"n":"Jankipur","c":379300,"d":"Saraikela Kharsawan","s":"JHARKHAND"}},{"arcs":[[152,153,154,155,156,-150]],"type":"Polygon","properties":{"n":"Gopalpur","c":379327,"d":"Saraikela Kharsawan","s":"JHARKHAND"}},{"arcs":[[157,158,-155]],"type":"Polygon","properties":{"n":"Padampur","c":379326,"d":"Saraikela Kharsawan","s":"JHARKHAND"}},{"arcs":[[-154,159,160,161,162,-158]],"type":"Polygon","properties":{"n":"Serengda","c":379325,"d":"Saraikela Kharsawan","s":"JHARKHAND"}},{"arcs":[[-153,-149,-147,163,164,165,-160]],"type":"Polygon","properties":{"n":"Mahadebpur","c":379302,"d":"Saraikela Kharsawan","s":"JHARKHAND"}},{"arcs":[[-146,-139,166,167,168,-164]],"type":"Polygon","properties":{"n":"Chorok Pathar","c":379303,"d":"Saraikela Kharsawan","s":"JHARKHAND"}},{"arcs":[[169,170,-137,-133]],"type":"Polygon","properties":{"n":"Tirildih","c":379295,"d":"Saraikela Kharsawan","s":"JHARKHAND"}},{"arcs":[[171,172,173,174,175,176,-167,-138,-171]],"type":"Polygon","properties":{"n":"Baldeopur","c":379304,"d":"Saraikela Kharsawan","s":"JHARKHAND"}},{"arcs":[[177,178,179,-172,-170,-132]],"type":"Polygon","properties":{"n":"Kuanrdahi","c":379294,"d":"Saraikela Kharsawan","s":"JHARKHAND"}},{"arcs":[[180,181,182,183]],"type":"Polygon","properties":{"n":"Begnadih","c":379351,"d":"Saraikela Kharsawan","s":"JHARKHAND"}},{"arcs":[[184,185,186,187,188,-173,-180]],"type":"Polygon","properties":{"n":"Bhalupahari","c":379309,"d":"Saraikela Kharsawan","s":"JHARKHAND"}},{"arcs":[[189,190,191,-174,-189]],"type":"Polygon","properties":{"n":"Madhupur","c":379308,"d":"Saraikela Kharsawan","s":"JHARKHAND"}},{"arcs":[[192,-175,-192]],"type":"Polygon","properties":{"n":"Santipur","c":379307,"d":"Saraikela Kharsawan","s":"JHARKHAND"}},{"arcs":[[-191,193,194,195,196,-176,-193]],"type":"Polygon","properties":{"n":"Panarol","c":379306,"d":"Saraikela Kharsawan","s":"JHARKHAND"}},{"arcs":[[197,198,-168,-177,-197]],"type":"Polygon","properties":{"n":"Sakladih","c":379305,"d":"Saraikela Kharsawan","s":"JHARKHAND"}},{"arcs":[[199,200,-186,201]],"type":"Polygon","properties":{"n":"Rangamatia","c":379311,"d":"Saraikela Kharsawan","s":"JHARKHAND"}},{"arcs":[[202,203,-187]],"type":"Polygon","properties":{"n":"Juritand","c":379310,"d":"Saraikela Kharsawan","s":"JHARKHAND"}},{"arcs":[[204,205,206,-203,-201]],"type":"Polygon","properties":{"n":"Sobhapur","c":379312,"d":"Saraikela Kharsawan","s":"JHARKHAND"}},{"arcs":[[-204,-207,207,-105,208,209,210,-194,-190,-188]],"type":"Polygon","properties":{"n":"Sindri","c":379317,"d":"Saraikela Kharsawan","s":"JHARKHAND"}},{"arcs":[[211,212,-195,-211]],"type":"Polygon","properties":{"n":"Gopinathpur","c":379318,"d":"Saraikela Kharsawan","s":"JHARKHAND"}},{"arcs":[[213,214,215,216,-196,-213]],"type":"Polygon","properties":{"n":"Ulidih","c":379321,"d":"Saraikela Kharsawan","s":"JHARKHAND"}},{"arcs":[[217,218,219,220,-198,-217]],"type":"Polygon","properties":{"n":"Mundatand","c":379322,"d":"Saraikela Kharsawan","s":"JHARKHAND"}},{"arcs":[[221,222,-165,-169,-199,-221]],"type":"Polygon","properties":{"n":"Bhadrudih","c":379323,"d":"Saraikela Kharsawan","s":"JHARKHAND"}},{"arcs":[[223,224,-161,-166,-223]],"type":"Polygon","properties":{"n":"Mahitpur","c":379324,"d":"Saraikela Kharsawan","s":"JHARKHAND"}},{"arcs":[[-225,225,226,227,228,229,-162]],"type":"Polygon","properties":{"n":"Sini (CT)","c":379462,"d":"Saraikela Kharsawan","s":"JHARKHAND"}},{"arcs":[[230,231,232,-159,-163,-230]],"type":"Polygon","properties":{"n":"Ranka Kocha","c":379329,"d":"Saraikela Kharsawan","s":"JHARKHAND"}},{"arcs":[[-233,233,234,235,236,-156]],"type":"Polygon","properties":{"n":"Kursonpur","c":379328,"d":"Saraikela Kharsawan","s":"JHARKHAND"}},{"arcs":[[237,238,239,-236]],"type":"Polygon","properties":{"n":"Kadambera","c":379348,"d":"Saraikela Kharsawan","s":"JHARKHAND"}},{"arcs":[[-235,240,241,-238]],"type":"Polygon","properties":{"n":"Kanchanpur","c":379349,"d":"Saraikela Kharsawan","s":"JHARKHAND"}},{"arcs":[[242,-184,243,-241,-234,-232,244]],"type":"Polygon","properties":{"n":"Koira","c":379347,"d":"Saraikela Kharsawan","s":"JHARKHAND"}},{"arcs":[[-231,-229,245,-245]],"type":"Polygon","properties":{"n":"Sidma","c":379346,"d":"Saraikela Kharsawan","s":"JHARKHAND"}},{"arcs":[[-228,246,247,248,249,250,-181,-243,-246]],"type":"Polygon","properties":{"n":"Kamalpur","c":379345,"d":"Saraikela Kharsawan","s":"JHARKHAND"}},{"arcs":[[-227,251,252,253,-247]],"type":"Polygon","properties":{"n":"Sohandih","c":379331,"d":"Saraikela Kharsawan","s":"JHARKHAND"}},{"arcs":[[-224,254,255,-252,-226]],"type":"Polygon","properties":{"n":"Sowanpur","c":379330,"d":"Saraikela Kharsawan","s":"JHARKHAND"}},{"arcs":[[-222,-220,256,257,-255]],"type":"Polygon","properties":{"n":"Padampur","c":379336,"d":"Saraikela Kharsawan","s":"JHARKHAND"}},{"arcs":[[258,259,260,-253,-256,-258]],"type":"Polygon","properties":{"n":"Gumandih","c":379333,"d":"Saraikela Kharsawan","s":"JHARKHAND"}},{"arcs":[[261,262,-248,-254,-261]],"type":"Polygon","properties":{"n":"Khatuakudar","c":379332,"d":"Saraikela Kharsawan","s":"JHARKHAND"}},{"arcs":[[-260,263,264,265,-262]],"type":"Polygon","properties":{"n":"Kusnopur","c":379334,"d":"Saraikela Kharsawan","s":"JHARKHAND"}},{"arcs":[[-257,-219,266,-264,-259]],"type":"Polygon","properties":{"n":"Chitadih","c":379335,"d":"Saraikela Kharsawan","s":"JHARKHAND"}},{"arcs":[[-218,-216,267,268,-267]],"type":"Polygon","properties":{"n":"Bhalaidih","c":379338,"d":"Saraikela Kharsawan","s":"JHARKHAND"}},{"arcs":[[269,270,271,-265,-269]],"type":"Polygon","properties":{"n":"Palasdih","c":379339,"d":"Saraikela Kharsawan","s":"JHARKHAND"}},{"arcs":[[272,273,-266,-272]],"type":"Polygon","properties":{"n":"Bordih","c":379340,"d":"Saraikela Kharsawan","s":"JHARKHAND"}},{"arcs":[[274,275,276,-249,-263,-274]],"type":"Polygon","properties":{"n":"Ukri","c":379343,"d":"Saraikela Kharsawan","s":"JHARKHAND"}},{"arcs":[[277,-275,-273,-271,278]],"type":"Polygon","properties":{"n":"Kusnopur","c":379341,"d":"Saraikela Kharsawan","s":"JHARKHAND"}},{"arcs":[[-277,279,280,281,282,-250]],"type":"Polygon","properties":{"n":"Jojo","c":379344,"d":"Saraikela Kharsawan","s":"JHARKHAND"}},{"arcs":[[283,284,285,286,-251,-283]],"type":"Polygon","properties":{"n":"Surmali","c":379353,"d":"Saraikela Kharsawan","s":"JHARKHAND"}},{"arcs":[[287,-182,-287,288]],"type":"Polygon","properties":{"n":"Birdadih","c":379352,"d":"Saraikela Kharsawan","s":"JHARKHAND"}},{"arcs":[[-242,-244,-183,-288,289,290,291,-239]],"type":"Polygon","properties":{"n":"Bankasai","c":379350,"d":"Saraikela Kharsawan","s":"JHARKHAND"}},{"arcs":[[292,293,294,295,296,-291]],"type":"Polygon","properties":{"n":"Guradih","c":379356,"d":"Saraikela Kharsawan","s":"JHARKHAND"}},{"arcs":[[-290,297,298,299,300,-293]],"type":"Polygon","properties":{"n":"Ghoralang","c":379355,"d":"Saraikela Kharsawan","s":"JHARKHAND"}},{"arcs":[[-289,-286,301,302,-298]],"type":"Polygon","properties":{"n":"Mohulpani","c":379354,"d":"Saraikela Kharsawan","s":"JHARKHAND"}},{"arcs":[[-285,303,304,305,-302]],"type":"Polygon","properties":{"n":"Kendua","c":379367,"d":"Saraikela Kharsawan","s":"JHARKHAND"}},{"arcs":[[-306,306,307,-299,-303]],"type":"Polygon","properties":{"n":"Lakhodih","c":379366,"d":"Saraikela Kharsawan","s":"JHARKHAND"}},{"arcs":[[308,309,310,311,312,-304,-284,-282]],"type":"Polygon","properties":{"n":"Itakudar","c":379368,"d":"Saraikela Kharsawan","s":"JHARKHAND"}},{"arcs":[[313,314,315,316,317,318,-307,-305,-313]],"type":"Polygon","properties":{"n":"Bundu","c":379370,"d":"Saraikela Kharsawan","s":"JHARKHAND"}},{"arcs":[[319,320,321,-300,-308,-319]],"type":"Polygon","properties":{"n":"Hatia","c":379365,"d":"Saraikela Kharsawan","s":"JHARKHAND"}},{"arcs":[[322,323,324,-294,-301,-322]],"type":"Polygon","properties":{"n":"Dasiadih","c":379364,"d":"Saraikela Kharsawan","s":"JHARKHAND"}},{"arcs":[[-296,325,326,327,328,329,330,331]],"type":"Polygon","properties":{"n":"Naraindih","c":379357,"d":"Saraikela Kharsawan","s":"JHARKHAND"}},{"arcs":[[332,-327]],"type":"Polygon","properties":{"n":"Rengodih","c":379358,"d":"Saraikela Kharsawan","s":"JHARKHAND"}},{"arcs":[[333,334,335,-329]],"type":"Polygon","properties":{"n":"Jagarnathpur","c":379359,"d":"Saraikela Kharsawan","s":"JHARKHAND"}},{"arcs":[[336,-335,337,338,339]],"type":"Polygon","properties":{"n":"Huringdih","c":379361,"d":"Saraikela Kharsawan","s":"JHARKHAND"}},{"arcs":[[340,341,342,-339]],"type":"Polygon","properties":{"n":"Dhahkidih","c":379360,"d":"Saraikela Kharsawan","s":"JHARKHAND"}},{"arcs":[[343,344,345,-342,346]],"type":"Polygon","properties":{"n":"Mahali Murup","c":379362,"d":"Saraikela Kharsawan","s":"JHARKHAND"}},{"arcs":[[-333,-326,-295,-325,347,348,-347,-341,-338,-334,-328]],"type":"Polygon","properties":{"n":"Murup","c":379363,"d":"Saraikela Kharsawan","s":"JHARKHAND"}},{"arcs":[[-321,349,350,-323]],"type":"Polygon","properties":{"n":"Kadamadiha","c":379373,"d":"Saraikela Kharsawan","s":"JHARKHAND"}},{"arcs":[[-318,351,352,-350,-320]],"type":"Polygon","properties":{"n":"Digarsahai","c":379372,"d":"Saraikela Kharsawan","s":"JHARKHAND"}},{"arcs":[[353,354,355,356,-352,-317]],"type":"Polygon","properties":{"n":"Hensa","c":379371,"d":"Saraikela Kharsawan","s":"JHARKHAND"}},{"arcs":[[357,358,-357]],"type":"Polygon","properties":{"n":"Devgirisai","c":379385,"d":"Saraikela Kharsawan","s":"JHARKHAND"}},{"arcs":[[-324,-351,-353,-359,359,360,361,362,363,364,-348]],"type":"Polygon","properties":{"n":"Gobindpur","c":379375,"d":"Saraikela Kharsawan","s":"JHARKHAND"}},{"arcs":[[-358,-356,365,366,367,368,-360]],"type":"Polygon","properties":{"n":"Bhurkuli","c":379384,"d":"Saraikela Kharsawan","s":"JHARKHAND"}},{"arcs":[[-355,369,370,371,-366]],"type":"Polygon","properties":{"n":"Dolandih","c":379386,"d":"Saraikela Kharsawan","s":"JHARKHAND"}},{"arcs":[[-354,-316,372,373,374,375,376,377,-370]],"type":"Polygon","properties":{"n":"Pandra","c":379390,"d":"Saraikela Kharsawan","s":"JHARKHAND"}},{"arcs":[[-315,378,379,380,-373]],"type":"Polygon","properties":{"n":"Padampur","c":379391,"d":"Saraikela Kharsawan","s":"JHARKHAND"}},{"arcs":[[-381,381,382,-374]],"type":"Polygon","properties":{"n":"Narsinghpur","c":379392,"d":"Saraikela Kharsawan","s":"JHARKHAND"}},{"arcs":[[383,384,-375,-383]],"type":"Polygon","properties":{"n":"Basudebpur","c":379393,"d":"Saraikela Kharsawan","s":"JHARKHAND"}},{"arcs":[[385,386,387,388,-379,-314,-312]],"type":"Polygon","properties":{"n":"Dudhi","c":379369,"d":"Saraikela Kharsawan","s":"JHARKHAND"}},{"arcs":[[389,390,391,392,393,-389]],"type":"Polygon","properties":{"n":"Manki Bazar","c":379395,"d":"Saraikela Kharsawan","s":"JHARKHAND"}},{"arcs":[[394,395,-384,-382,-380,-394]],"type":"Polygon","properties":{"n":"Biranchpur","c":379394,"d":"Saraikela Kharsawan","s":"JHARKHAND"}},{"arcs":[[396,397,-395,-393]],"type":"Polygon","properties":{"n":" ","c":0,"d":"Saraikela Kharsawan","s":"JHARKHAND"}},{"arcs":[[398,399,400,401,402,403]],"type":"Polygon","properties":{"n":"Pandua","c":379378,"d":"Saraikela Kharsawan","s":"JHARKHAND"}},{"arcs":[[404,405,406,-400,407,408]],"type":"Polygon","properties":{"n":"Kasipur","c":379377,"d":"Saraikela Kharsawan","s":"JHARKHAND"}},{"arcs":[[409,-405,410,-363]],"type":"Polygon","properties":{"n":"Hadua","c":379376,"d":"Saraikela Kharsawan","s":"JHARKHAND"}},{"arcs":[[-362,411,412,-406,-410]],"type":"Polygon","properties":{"n":"Karandagora","c":379379,"d":"Saraikela Kharsawan","s":"JHARKHAND"}},{"arcs":[[413,414,-361,-369]],"type":"Polygon","properties":{"n":"Saldih","c":379380,"d":"Saraikela Kharsawan","s":"JHARKHAND"}},{"arcs":[[-368,415,416]],"type":"Polygon","properties":{"n":"Kita","c":379382,"d":"Saraikela Kharsawan","s":"JHARKHAND"}},{"arcs":[[-367,-372,417,418,419,420,-416]],"type":"Polygon","properties":{"n":"Biram Chandarpur","c":379383,"d":"Saraikela Kharsawan","s":"JHARKHAND"}},{"arcs":[[421,422,-414,-417]],"type":"Polygon","properties":{"n":"Rangpur","c":379381,"d":"Saraikela Kharsawan","s":"JHARKHAND"}},{"arcs":[[423,424,-418,-371,-378]],"type":"Polygon","properties":{"n":"Makundpur","c":379387,"d":"Saraikela Kharsawan","s":"JHARKHAND"}},{"arcs":[[425,426,-419,-425]],"type":"Polygon","properties":{"n":"Balarampur","c":379388,"d":"Saraikela Kharsawan","s":"JHARKHAND"}},{"arcs":[[-424,-377,427,428,-426]],"type":"Polygon","properties":{"n":"Barbil","c":379389,"d":"Saraikela Kharsawan","s":"JHARKHAND"}},{"arcs":[[429,430,431,-420,-427,-429]],"type":"Polygon","properties":{"n":"Kendposhi","c":379397,"d":"Saraikela Kharsawan","s":"JHARKHAND"}},{"arcs":[[432,433,434,435,-413]],"type":"Polygon","properties":{"n":"Mahuldiha","c":379404,"d":"Saraikela Kharsawan","s":"JHARKHAND"}},{"arcs":[[-412,-415,-423,436,437,438,439,440,-433]],"type":"Polygon","properties":{"n":"Patahesal","c":379402,"d":"Saraikela Kharsawan","s":"JHARKHAND"}},{"arcs":[[-422,-421,-432,441,442,443,-437]],"type":"Polygon","properties":{"n":"Paralposi","c":379398,"d":"Saraikela Kharsawan","s":"JHARKHAND"}},{"arcs":[[444,445,-434,-441]],"type":"Polygon","properties":{"n":"Jilingburu","c":379403,"d":"Saraikela Kharsawan","s":"JHARKHAND"}},{"arcs":[[446,447,-445,-440]],"type":"Polygon","properties":{"n":"Barudih","c":379401,"d":"Saraikela Kharsawan","s":"JHARKHAND"}},{"arcs":[[448,449,-438,-444]],"type":"Polygon","properties":{"n":"Baliposi","c":379400,"d":"Saraikela Kharsawan","s":"JHARKHAND"}},{"arcs":[[-443,450,451,452,-449]],"type":"Polygon","properties":{"n":"Natidih","c":379399,"d":"Saraikela Kharsawan","s":"JHARKHAND"}},{"arcs":[[-453,453,454,455,-447,-439,-450]],"type":"Polygon","properties":{"n":"Chengdubi","c":379410,"d":"Saraikela Kharsawan","s":"JHARKHAND"}},{"arcs":[[-442,-431,456,457,458,459,460,-451]],"type":"Polygon","properties":{"n":"Kudarsai","c":379396,"d":"Saraikela Kharsawan","s":"JHARKHAND"}},{"arcs":[[461,462,463,464,465,466,-457,-430,-428,-376,-385,-396,-398]],"type":"Polygon","properties":{"n":"Seraikela (NP)","c":801802,"d":"Saraikela Kharsawan","s":"JHARKHAND"}},{"arcs":[[467,468,-466]],"type":"Polygon","properties":{"n":"Biranchpur","c":379394,"d":"Saraikela Kharsawan","s":"JHARKHAND"}},{"arcs":[[469,470,-458,-467]],"type":"Polygon","properties":{"n":"Rajabasa","c":379417,"d":"Saraikela Kharsawan","s":"JHARKHAND"}},{"arcs":[[471,472,-459,-471]],"type":"Polygon","properties":{"n":"Baliposi","c":379416,"d":"Saraikela Kharsawan","s":"JHARKHAND"}},{"arcs":[[473,474,475,476,-460]],"type":"Polygon","properties":{"n":"Bara Tengrani","c":379414,"d":"Saraikela Kharsawan","s":"JHARKHAND"}},{"arcs":[[477,478,479,-454,-452,-461,-477]],"type":"Polygon","properties":{"n":"Dhobadih","c":379411,"d":"Saraikela Kharsawan","s":"JHARKHAND"}},{"arcs":[[480,481,482,-455,-480]],"type":"Polygon","properties":{"n":"Bistampur","c":379409,"d":"Saraikela Kharsawan","s":"JHARKHAND"}},{"arcs":[[483,484,485,486,-482]],"type":"Polygon","properties":{"n":"Baladbandha","c":379408,"d":"Saraikela Kharsawan","s":"JHARKHAND"}},{"arcs":[[-481,-479,487,488,489,-484]],"type":"Polygon","properties":{"n":"Pampra","c":379412,"d":"Saraikela Kharsawan","s":"JHARKHAND"}},{"arcs":[[490,-488,-478,-476]],"type":"Polygon","properties":{"n":"Lakrapahari","c":379413,"d":"Saraikela Kharsawan","s":"JHARKHAND"}},{"arcs":[[-475,491,492,493,494,-489,-491]],"type":"Polygon","properties":{"n":"Chota Tangrani","c":379415,"d":"Saraikela Kharsawan","s":"JHARKHAND"}},{"arcs":[[-456,-483,-487,495,496,497,-435,-446,-448]],"type":"Polygon","properties":{"n":"Hathimara","c":379405,"d":"Saraikela Kharsawan","s":"JHARKHAND"}},{"arcs":[[-486,498,499,500,501,-496]],"type":"Polygon","properties":{"n":"Paharpur","c":379406,"d":"Saraikela Kharsawan","s":"JHARKHAND"}},{"arcs":[[-485,-490,-495,502,503,-499]],"type":"Polygon","properties":{"n":"Kuli","c":379407,"d":"Saraikela Kharsawan","s":"JHARKHAND"}},{"arcs":[[504,505,506,-494]],"type":"Polygon","properties":{"n":"Nuagora","c":379443,"d":"Saraikela Kharsawan","s":"JHARKHAND"}},{"arcs":[[507,508,509,510,-505,-493]],"type":"Polygon","properties":{"n":"Batiadih","c":379440,"d":"Saraikela Kharsawan","s":"JHARKHAND"}},{"arcs":[[-474,-473,511,512,513,-508,-492]],"type":"Polygon","properties":{"n":"Bishtu Paduka","c":379418,"d":"Saraikela Kharsawan","s":"JHARKHAND"}},{"arcs":[[514,515,-512,-472,-470,-469,516]],"type":"Polygon","properties":{"n":"Thatupara Alias Begnadih","c":379420,"d":"Saraikela Kharsawan","s":"JHARKHAND"}},{"arcs":[[517,518,519,520,-513,-516]],"type":"Polygon","properties":{"n":"Tablapur","c":379419,"d":"Saraikela Kharsawan","s":"JHARKHAND"}},{"arcs":[[521,522,523,-509,-514,-521]],"type":"Polygon","properties":{"n":"Komdih","c":379439,"d":"Saraikela Kharsawan","s":"JHARKHAND"}},{"arcs":[[524,525,526,527,-518,-515,528]],"type":"Polygon","properties":{"n":"Noagaon","c":379421,"d":"Saraikela Kharsawan","s":"JHARKHAND"}},{"arcs":[[529,530,531,-525,532,533]],"type":"Polygon","properties":{"n":"Titirbila","c":379422,"d":"Saraikela Kharsawan","s":"JHARKHAND"}},{"arcs":[[534,535,-526,-532]],"type":"Polygon","properties":{"n":"Kalapathar","c":379423,"d":"Saraikela Kharsawan","s":"JHARKHAND"}},{"arcs":[[536,537,538,-527,-536]],"type":"Polygon","properties":{"n":"Kalaguju","c":379424,"d":"Saraikela Kharsawan","s":"JHARKHAND"}},{"arcs":[[539,540,541,542,543,544,-537,-535,-531,545]],"type":"Polygon","properties":{"n":"Senisidma","c":379425,"d":"Saraikela Kharsawan","s":"JHARKHAND"}},{"arcs":[[546,547,-538,-545]],"type":"Polygon","properties":{"n":"Turasai","c":379433,"d":"Saraikela Kharsawan","s":"JHARKHAND"}},{"arcs":[[548,549,550,551,-519,-528,-539,-548]],"type":"Polygon","properties":{"n":"Chhota Lapang","c":379434,"d":"Saraikela Kharsawan","s":"JHARKHAND"}},{"arcs":[[-552,552,553,554,-522,-520]],"type":"Polygon","properties":{"n":"Rujurisai","c":379437,"d":"Saraikela Kharsawan","s":"JHARKHAND"}},{"arcs":[[555,-523,-555]],"type":"Polygon","properties":{"n":"Rundasai","c":379438,"d":"Saraikela Kharsawan","s":"JHARKHAND"}},{"arcs":[[556,557,-553]],"type":"Polygon","properties":{"n":"Bhorosai","c":379436,"d":"Saraikela Kharsawan","s":"JHARKHAND"}},{"arcs":[[-554,-558,558,559,560,561,-510,-524,-556]],"type":"Polygon","properties":{"n":"Bhondarisai","c":379441,"d":"Saraikela Kharsawan","s":"JHARKHAND"}},{"arcs":[[-551,562,563,-559,-557]],"type":"Polygon","properties":{"n":"Kadamdiha","c":379435,"d":"Saraikela Kharsawan","s":"JHARKHAND"}},{"arcs":[[-550,564,565,566,-563]],"type":"Polygon","properties":{"n":"Jurguria","c":379431,"d":"Saraikela Kharsawan","s":"JHARKHAND"}},{"arcs":[[-549,-547,-544,567,568,-565]],"type":"Polygon","properties":{"n":"Baralupung","c":379432,"d":"Saraikela Kharsawan","s":"JHARKHAND"}},{"arcs":[[-543,569,-568]],"type":"Polygon","properties":{"n":"Akhinathpru","c":379430,"d":"Saraikela Kharsawan","s":"JHARKHAND"}},{"arcs":[[570,571,572,573,574,-541,575]],"type":"Polygon","properties":{"n":"Majhia Daona","c":379426,"d":"Saraikela Kharsawan","s":"JHARKHAND"}},{"arcs":[[576,577,578,-574]],"type":"Polygon","properties":{"n":"Bara Daona","c":379427,"d":"Saraikela Kharsawan","s":"JHARKHAND"}},{"arcs":[[-579,579,580,581,582,-542,-575]],"type":"Polygon","properties":{"n":"Chota Daona","c":379428,"d":"Saraikela Kharsawan","s":"JHARKHAND"}},{"arcs":[[583,584,-566,-569,-570,-583]],"type":"Polygon","properties":{"n":"Bhastamsai","c":379429,"d":"Saraikela Kharsawan","s":"JHARKHAND"}},{"arcs":[[585,586,587,-584,-582]],"type":"Polygon","properties":{"n":"Soada","c":379457,"d":"Saraikela Kharsawan","s":"JHARKHAND"}},{"arcs":[[-567,-585,588,589,590,-560,-564]],"type":"Polygon","properties":{"n":"Mirgi","c":379456,"d":"Saraikela Kharsawan","s":"JHARKHAND"}},{"arcs":[[-591,591,592,593,594,-561]],"type":"Polygon","properties":{"n":"Sidadih","c":379455,"d":"Saraikela Kharsawan","s":"JHARKHAND"}},{"arcs":[[-595,595,596,-506,-511,-562]],"type":"Polygon","properties":{"n":"Satrusal","c":379442,"d":"Saraikela Kharsawan","s":"JHARKHAND"}},{"arcs":[[-594,597,598,599,-596]],"type":"Polygon","properties":{"n":"Jhaliaposi","c":379454,"d":"Saraikela Kharsawan","s":"JHARKHAND"}},{"arcs":[[-502,600,601,602,-497]],"type":"Polygon","properties":{"n":"Ragragi","c":379447,"d":"Saraikela Kharsawan","s":"JHARKHAND"}},{"arcs":[[-501,603,604,605,606,-601]],"type":"Polygon","properties":{"n":"Pathanmara","c":379446,"d":"Saraikela Kharsawan","s":"JHARKHAND"}},{"arcs":[[-500,-504,607,-604]],"type":"Polygon","properties":{"n":"Mangudih","c":379445,"d":"Saraikela Kharsawan","s":"JHARKHAND"}},{"arcs":[[-503,-507,608,609,610,611,-608]],"type":"Polygon","properties":{"n":"Jordiha","c":379444,"d":"Saraikela Kharsawan","s":"JHARKHAND"}},{"arcs":[[-597,-600,612,-609]],"type":"Polygon","properties":{"n":"Noadihi","c":379453,"d":"Saraikela Kharsawan","s":"JHARKHAND"}},{"arcs":[[613,614,-605,-612]],"type":"Polygon","properties":{"n":"Dharamdiha","c":379450,"d":"Saraikela Kharsawan","s":"JHARKHAND"}},{"arcs":[[-599,615,616,617,-610,-613]],"type":"Polygon","properties":{"n":"Krishnapur","c":379452,"d":"Saraikela Kharsawan","s":"JHARKHAND"}},{"arcs":[[618,619,-614,-611,-618]],"type":"Polygon","properties":{"n":"Sankerpur","c":379451,"d":"Saraikela Kharsawan","s":"JHARKHAND"}},{"arcs":[[620,621,622,-616,-598,-593]],"type":"Polygon","properties":{"n":"Bara Bana","c":379458,"d":"Saraikela Kharsawan","s":"JHARKHAND"}},{"arcs":[[-623,623,624,625,-619,-617]],"type":"Polygon","properties":{"n":"Sijudih","c":379459,"d":"Saraikela Kharsawan","s":"JHARKHAND"}},{"arcs":[[626,627,628,629,-615,-620,-626]],"type":"Polygon","properties":{"n":"Murkum","c":379460,"d":"Saraikela Kharsawan","s":"JHARKHAND"}},{"arcs":[[-607,630,631,-602]],"type":"Polygon","properties":{"n":"Tholka","c":379448,"d":"Saraikela Kharsawan","s":"JHARKHAND"}},{"arcs":[[-630,632,633,-631,-606]],"type":"Polygon","properties":{"n":"Hurangda","c":379449,"d":"Saraikela Kharsawan","s":"JHARKHAND"}},{"arcs":[[-629,634,635,-633]],"type":"Polygon","properties":{"n":"Kope","c":379461,"d":"Saraikela Kharsawan","s":"JHARKHAND"}},{"arcs":[[-104,636,637,-209]],"type":"Polygon","properties":{"n":"Chaitanpur","c":379315,"d":"Saraikela Kharsawan","s":"JHARKHAND"}},{"arcs":[[638,639,-102]],"type":"Polygon","properties":{"n":"Makundpur","c":379187,"d":"Saraikela Kharsawan","s":"JHARKHAND"}},{"arcs":[[-103,-640,640,641,642,643,-637]],"type":"Polygon","properties":{"n":"Dhatkidih","c":379313,"d":"Saraikela Kharsawan","s":"JHARKHAND"}},{"arcs":[[-644,644,645,-210,-638]],"type":"Polygon","properties":{"n":"Lakarbad","c":379314,"d":"Saraikela Kharsawan","s":"JHARKHAND"}},{"arcs":[[646,647,-212,-646]],"type":"Polygon","properties":{"n":"Raghunathpur","c":379320,"d":"Saraikela Kharsawan","s":"JHARKHAND"}},{"arcs":[[648,649,-214,-648]],"type":"Polygon","properties":{"n":" ","c":0,"d":"Saraikela Kharsawan","s":"JHARKHAND"}},{"arcs":[[650,651,-279,-270,-268,-215,-650]],"type":"Polygon","properties":{"n":"Uperdungi","c":379342,"d":"Saraikela Kharsawan","s":"JHARKHAND"}},{"arcs":[[652,-98,-208,-206]],"type":"Polygon","properties":{"n":"Gangpur","c":379316,"d":"Saraikela Kharsawan","s":"JHARKHAND"}},{"arcs":[[653,654,655,656,657]],"type":"Polygon","properties":{"n":"Jhimiri","c":379034,"d":"Saraikela Kharsawan","s":"JHARKHAND"}},{"arcs":[[658,659,660,661]],"type":"Polygon","properties":{"n":"Hutu","c":379035,"d":"Saraikela Kharsawan","s":"JHARKHAND"}},{"arcs":[[662,663,664,665,-662,666]],"type":"Polygon","properties":{"n":"Anda","c":379036,"d":"Saraikela Kharsawan","s":"JHARKHAND"}},{"arcs":[[667,668,669,-663,670,671,-655]],"type":"Polygon","properties":{"n":"Muru","c":379033,"d":"Saraikela Kharsawan","s":"JHARKHAND"}},{"arcs":[[672,673,674,675]],"type":"Polygon","properties":{"n":"Bagri","c":379024,"d":"Saraikela Kharsawan","s":"JHARKHAND"}},{"arcs":[[676,677,-673,678]],"type":"Polygon","properties":{"n":"Burudih","c":379025,"d":"Saraikela Kharsawan","s":"JHARKHAND"}},{"arcs":[[-666,679,680,681,682,683,684,-659]],"type":"Polygon","properties":{"n":"Kalyanpur","c":379037,"d":"Saraikela Kharsawan","s":"JHARKHAND"}},{"arcs":[[685,686,687,688,689,-682]],"type":"Polygon","properties":{"n":" ","c":0,"d":"Saraikela Kharsawan","s":"JHARKHAND"}},{"arcs":[[-681,690,-686]],"type":"Polygon","properties":{"n":" ","c":0,"d":"Saraikela Kharsawan","s":"JHARKHAND"}},{"arcs":[[691,692,693,694,695,696,-687,-691,-680,-665]],"type":"Polygon","properties":{"n":"Kasipur","c":379040,"d":"Saraikela Kharsawan","s":"JHARKHAND"}},{"arcs":[[697,698,699,-693,700]],"type":"Polygon","properties":{"n":"Lawa","c":379041,"d":"Saraikela Kharsawan","s":"JHARKHAND"}},{"arcs":[[-692,-664,-670,701,702,703,704,-701]],"type":"Polygon","properties":{"n":"Heben","c":379032,"d":"Saraikela Kharsawan","s":"JHARKHAND"}},{"arcs":[[-669,705,706,707,-702]],"type":"Polygon","properties":{"n":"Bandu","c":379029,"d":"Saraikela Kharsawan","s":"JHARKHAND"}},{"arcs":[[-668,-654,-674,-678,708,709,-706]],"type":"Polygon","properties":{"n":"Lakri","c":379028,"d":"Saraikela Kharsawan","s":"JHARKHAND"}},{"arcs":[[710,711,712,713,-709,-677]],"type":"Polygon","properties":{"n":"Chatarma","c":379026,"d":"Saraikela Kharsawan","s":"JHARKHAND"}},{"arcs":[[714,715,-707,-710,-714]],"type":"Polygon","properties":{"n":"Kadla","c":379027,"d":"Saraikela Kharsawan","s":"JHARKHAND"}},{"arcs":[[716,717,718,-703,-708,-716]],"type":"Polygon","properties":{"n":"Puriyara","c":379030,"d":"Saraikela Kharsawan","s":"JHARKHAND"}},{"arcs":[[719,720,-704,-719]],"type":"Polygon","properties":{"n":"Murugdih","c":379031,"d":"Saraikela Kharsawan","s":"JHARKHAND"}},{"arcs":[[721,722,-698,-705,-721]],"type":"Polygon","properties":{"n":"Sima","c":379057,"d":"Saraikela Kharsawan","s":"JHARKHAND"}},{"arcs":[[723,724,725,726,727,-699,-723]],"type":"Polygon","properties":{"n":"Gunda","c":379056,"d":"Saraikela Kharsawan","s":"JHARKHAND"}},{"arcs":[[-715,-713,728,729,-717]],"type":"Polygon","properties":{"n":"Jugilang","c":379061,"d":"Saraikela Kharsawan","s":"JHARKHAND"}},{"arcs":[[730,731,-729,-712,732]],"type":"Polygon","properties":{"n":"Hurrupathardih","c":379062,"d":"Saraikela Kharsawan","s":"JHARKHAND"}},{"arcs":[[733,734,735,-720,-718,-730,-732]],"type":"Polygon","properties":{"n":"Chingra Panrkidih","c":379060,"d":"Saraikela Kharsawan","s":"JHARKHAND"}},{"arcs":[[736,737,-724,-722,-736]],"type":"Polygon","properties":{"n":"Ramnagar","c":379058,"d":"Saraikela Kharsawan","s":"JHARKHAND"}},{"arcs":[[738,739,740,741,742,743,-734,-731]],"type":"Polygon","properties":{"n":"Adardih","c":379063,"d":"Saraikela Kharsawan","s":"JHARKHAND"}},{"arcs":[[744,745,746,747,-737,-735,-744]],"type":"Polygon","properties":{"n":"Raghunathpur","c":379059,"d":"Saraikela Kharsawan","s":"JHARKHAND"}},{"arcs":[[748,749,750,751,-725,-738,-748]],"type":"Polygon","properties":{"n":"Tilla","c":379055,"d":"Saraikela Kharsawan","s":"JHARKHAND"}},{"arcs":[[752,753,754,-726,-752]],"type":"Polygon","properties":{"n":"Kusputul","c":379053,"d":"Saraikela Kharsawan","s":"JHARKHAND"}},{"arcs":[[-755,755,756,757,758,-727]],"type":"Polygon","properties":{"n":"Bana","c":379052,"d":"Saraikela Kharsawan","s":"JHARKHAND"}},{"arcs":[[759,760,761,762,763,764,765]],"type":"Polygon","properties":{"n":"Burudungri","c":379043,"d":"Saraikela Kharsawan","s":"JHARKHAND"}},{"arcs":[[766,767,-761,768,-757]],"type":"Polygon","properties":{"n":"Ugdih","c":379042,"d":"Saraikela Kharsawan","s":"JHARKHAND"}},{"arcs":[[-756,769,770,771,-767]],"type":"Polygon","properties":{"n":"Pitki","c":379051,"d":"Saraikela Kharsawan","s":"JHARKHAND"}},{"arcs":[[772,773,774,775,-762,-768,-772]],"type":"Polygon","properties":{"n":"Boch Kam Kocha","c":379044,"d":"Saraikela Kharsawan","s":"JHARKHAND"}},{"arcs":[[776,777,778,779,780,781,782,-773,-771]],"type":"Polygon","properties":{"n":"Tankocha","c":379045,"d":"Saraikela Kharsawan","s":"JHARKHAND"}},{"arcs":[[-770,-754,783,784,-777]],"type":"Polygon","properties":{"n":"Lupungdih","c":379050,"d":"Saraikela Kharsawan","s":"JHARKHAND"}},{"arcs":[[785,-740,786]],"type":"Polygon","properties":{"n":"Gouridih","c":379064,"d":"Saraikela Kharsawan","s":"JHARKHAND"}},{"arcs":[[787,788,789,790,-741,-786,791]],"type":"Polygon","properties":{"n":"Gordih","c":379065,"d":"Saraikela Kharsawan","s":"JHARKHAND"}},{"arcs":[[792,793,794,795]],"type":"Polygon","properties":{"n":"Bareda","c":379088,"d":"Saraikela Kharsawan","s":"JHARKHAND"}},{"arcs":[[-795,796,797]],"type":"Polygon","properties":{"n":"Burudih","c":379087,"d":"Saraikela Kharsawan","s":"JHARKHAND"}},{"arcs":[[-797,-794,798,799,800,801,-789,802,803]],"type":"Polygon","properties":{"n":"Madhupur","c":379067,"d":"Saraikela Kharsawan","s":"JHARKHAND"}},{"arcs":[[-788,804,-803]],"type":"Polygon","properties":{"n":"But Parsa Ghutiadih","c":379066,"d":"Saraikela Kharsawan","s":"JHARKHAND"}},{"arcs":[[805,806,807,-800]],"type":"Polygon","properties":{"n":"Makula","c":379068,"d":"Saraikela Kharsawan","s":"JHARKHAND"}},{"arcs":[[-793,808,809,810,811,812,813,-806,-799]],"type":"Polygon","properties":{"n":"Samanpur","c":379086,"d":"Saraikela Kharsawan","s":"JHARKHAND"}},{"arcs":[[814,-810,815]],"type":"Polygon","properties":{"n":"Barughutu Alias Pathardih","c":379085,"d":"Saraikela Kharsawan","s":"JHARKHAND"}},{"arcs":[[-815,816,817,818,-811]],"type":"Polygon","properties":{"n":"Dahubera","c":379084,"d":"Saraikela Kharsawan","s":"JHARKHAND"}},{"arcs":[[819,820,821,822,823,824,825,-818]],"type":"Polygon","properties":{"n":"Bandhdih","c":379082,"d":"Saraikela Kharsawan","s":"JHARKHAND"}},{"arcs":[[826,-825]],"type":"Polygon","properties":{"n":"Pharenga","c":379083,"d":"Saraikela Kharsawan","s":"JHARKHAND"}},{"arcs":[[827,828,829,830,831,832,-779,833,834,835,836]],"type":"Polygon","properties":{"n":"Tengadih","c":379046,"d":"Saraikela Kharsawan","s":"JHARKHAND"}},{"arcs":[[-819,-826,-827,-824,837,838,-829,839,840,841,-812]],"type":"Polygon","properties":{"n":"Chaliama","c":379081,"d":"Saraikela Kharsawan","s":"JHARKHAND"}},{"arcs":[[-834,-778,-785,842,843]],"type":"Polygon","properties":{"n":"Tentlo","c":379049,"d":"Saraikela Kharsawan","s":"JHARKHAND"}},{"arcs":[[844,-835,-844]],"type":"Polygon","properties":{"n":"Jharidih","c":379047,"d":"Saraikela Kharsawan","s":"JHARKHAND"}},{"arcs":[[-753,-751,845,846,847,848,849,-784]],"type":"Polygon","properties":{"n":"Sirka","c":379054,"d":"Saraikela Kharsawan","s":"JHARKHAND"}},{"arcs":[[850,-836,-845,-843,-850]],"type":"Polygon","properties":{"n":"Janta","c":379048,"d":"Saraikela Kharsawan","s":"JHARKHAND"}},{"arcs":[[-828,851,852,-840]],"type":"Polygon","properties":{"n":"Autosimal","c":379078,"d":"Saraikela Kharsawan","s":"JHARKHAND"}},{"arcs":[[-849,853,854,-852,-837,-851]],"type":"Polygon","properties":{"n":"Kamadula","c":379077,"d":"Saraikela Kharsawan","s":"JHARKHAND"}},{"arcs":[[855,856,-841,-853,-855]],"type":"Polygon","properties":{"n":"Baghadih","c":379079,"d":"Saraikela Kharsawan","s":"JHARKHAND"}},{"arcs":[[857,-813,-842,-857]],"type":"Polygon","properties":{"n":"Rupadih","c":379080,"d":"Saraikela Kharsawan","s":"JHARKHAND"}},{"arcs":[[-856,-854,-848,858,859,860,-807,-814,-858]],"type":"Polygon","properties":{"n":"Bamni","c":379076,"d":"Saraikela Kharsawan","s":"JHARKHAND"}},{"arcs":[[-847,861,-859]],"type":"Polygon","properties":{"n":"Hurlung","c":379075,"d":"Saraikela Kharsawan","s":"JHARKHAND"}},{"arcs":[[-862,-846,-750,862,863,864,-860]],"type":"Polygon","properties":{"n":"Hakasara","c":379074,"d":"Saraikela Kharsawan","s":"JHARKHAND"}},{"arcs":[[-861,-865,865,-801,-808]],"type":"Polygon","properties":{"n":"Purna Pani","c":379069,"d":"Saraikela Kharsawan","s":"JHARKHAND"}},{"arcs":[[-864,866,867,-790,-802,-866]],"type":"Polygon","properties":{"n":"Ketunga","c":379070,"d":"Saraikela Kharsawan","s":"JHARKHAND"}},{"arcs":[[-863,-749,-747,868,-867]],"type":"Polygon","properties":{"n":"Nimdih","c":379073,"d":"Saraikela Kharsawan","s":"JHARKHAND"}},{"arcs":[[-743,869,-745]],"type":"Polygon","properties":{"n":" ","c":0,"d":"Saraikela Kharsawan","s":"JHARKHAND"}},{"arcs":[[-742,-791,-868,-869,-746,-870]],"type":"Polygon","properties":{"n":"Sangira","c":379071,"d":"Saraikela Kharsawan","s":"JHARKHAND"}},{"arcs":[[870,871,872,873,874]],"type":"Polygon","properties":{"n":"Saparam","c":378978,"d":"Saraikela Kharsawan","s":"JHARKHAND"}},{"arcs":[[875,876,-871,877]],"type":"Polygon","properties":{"n":"Tiraldih","c":378979,"d":"Saraikela Kharsawan","s":"JHARKHAND"}},{"arcs":[[878,879,-878,880]],"type":"Polygon","properties":{"n":"Gundlidih","c":378980,"d":"Saraikela Kharsawan","s":"JHARKHAND"}},{"arcs":[[881,882,-876,-880,883]],"type":"Polygon","properties":{"n":"Sirkadih","c":378983,"d":"Saraikela Kharsawan","s":"JHARKHAND"}},{"arcs":[[884,885,886,-884,-879,887]],"type":"Polygon","properties":{"n":"Kuda","c":378981,"d":"Saraikela Kharsawan","s":"JHARKHAND"}},{"arcs":[[888,889,-886]],"type":"Polygon","properties":{"n":" ","c":0,"d":"Saraikela Kharsawan","s":"JHARKHAND"}},{"arcs":[[890,891,-889,-885,892]],"type":"Polygon","properties":{"n":"Chara","c":378989,"d":"Saraikela Kharsawan","s":"JHARKHAND"}},{"arcs":[[893,894,895,896,-891,897]],"type":"Polygon","properties":{"n":"Panra","c":378990,"d":"Saraikela Kharsawan","s":"JHARKHAND"}},{"arcs":[[898,899,900,901,-894,902]],"type":"Polygon","properties":{"n":"Bara Lapang","c":379002,"d":"Saraikela Kharsawan","s":"JHARKHAND"}},{"arcs":[[903,-899,904]],"type":"Polygon","properties":{"n":"Rupru","c":379006,"d":"Saraikela Kharsawan","s":"JHARKHAND"}},{"arcs":[[905,-895,-902]],"type":"Polygon","properties":{"n":"Chhota Lapang","c":378991,"d":"Saraikela Kharsawan","s":"JHARKHAND"}},{"arcs":[[906,907,908,909,910,911,912,-882,-887]],"type":"Polygon","properties":{"n":"Sapada","c":378984,"d":"Saraikela Kharsawan","s":"JHARKHAND"}},{"arcs":[[913,914,915,-907,-890]],"type":"Polygon","properties":{"n":"Datam","c":378987,"d":"Saraikela Kharsawan","s":"JHARKHAND"}},{"arcs":[[-892,-897,916,917,-914]],"type":"Polygon","properties":{"n":"Shishi","c":378988,"d":"Saraikela Kharsawan","s":"JHARKHAND"}},{"arcs":[[918,919,920,921,-908,-916]],"type":"Polygon","properties":{"n":"Heremuli","c":378986,"d":"Saraikela Kharsawan","s":"JHARKHAND"}},{"arcs":[[-915,-918,922,923,924,-919]],"type":"Polygon","properties":{"n":"Dere","c":378993,"d":"Saraikela Kharsawan","s":"JHARKHAND"}},{"arcs":[[925,926,927,-909,-922]],"type":"Polygon","properties":{"n":"Chano","c":378985,"d":"Saraikela Kharsawan","s":"JHARKHAND"}},{"arcs":[[-921,928,929,-926]],"type":"Polygon","properties":{"n":"Edaldih","c":378995,"d":"Saraikela Kharsawan","s":"JHARKHAND"}},{"arcs":[[-920,-925,930,931,-929]],"type":"Polygon","properties":{"n":" ","c":0,"d":"Saraikela Kharsawan","s":"JHARKHAND"}},{"arcs":[[-932,932,933,934,935,-927,-930]],"type":"Polygon","properties":{"n":"Karkidih","c":378996,"d":"Saraikela Kharsawan","s":"JHARKHAND"}},{"arcs":[[-931,-924,936,937,938,-933]],"type":"Polygon","properties":{"n":"Bakar Kuri","c":378997,"d":"Saraikela Kharsawan","s":"JHARKHAND"}},{"arcs":[[-923,-917,-896,-906,-901,939,940,-937]],"type":"Polygon","properties":{"n":"Kukru","c":378992,"d":"Saraikela Kharsawan","s":"JHARKHAND"}},{"arcs":[[941,942,943,944,-940]],"type":"Polygon","properties":{"n":"Latenda","c":379001,"d":"Saraikela Kharsawan","s":"JHARKHAND"}},{"arcs":[[945,946,-942]],"type":"Polygon","properties":{"n":"Jargo","c":379000,"d":"Saraikela Kharsawan","s":"JHARKHAND"}},{"arcs":[[947,948,949,950,951,952,-946,-900,-904]],"type":"Polygon","properties":{"n":"Berasisiram","c":379007,"d":"Saraikela Kharsawan","s":"JHARKHAND"}},{"arcs":[[953,954,955]],"type":"Polygon","properties":{"n":"Karka","c":379011,"d":"Saraikela Kharsawan","s":"JHARKHAND"}},{"arcs":[[-675,-658,956,-954,957]],"type":"Polygon","properties":{"n":"Sindurpur","c":379012,"d":"Saraikela Kharsawan","s":"JHARKHAND"}},{"arcs":[[-955,-957,-657,958,959,960]],"type":"Polygon","properties":{"n":"Pargama","c":379010,"d":"Saraikela Kharsawan","s":"JHARKHAND"}},{"arcs":[[961,962,963,-949,964]],"type":"Polygon","properties":{"n":"Haitiral","c":379008,"d":"Saraikela Kharsawan","s":"JHARKHAND"}},{"arcs":[[-960,965,966,-962,967]],"type":"Polygon","properties":{"n":"Chunchuria","c":379009,"d":"Saraikela Kharsawan","s":"JHARKHAND"}},{"arcs":[[968,969,970,-963,-967]],"type":"Polygon","properties":{"n":"Karargama","c":379014,"d":"Saraikela Kharsawan","s":"JHARKHAND"}},{"arcs":[[-656,-672,971,-969,-966,-959]],"type":"Polygon","properties":{"n":"Kishundih","c":379013,"d":"Saraikela Kharsawan","s":"JHARKHAND"}},{"arcs":[[972,973,974,-950,-964,-971]],"type":"Polygon","properties":{"n":"Hesalang","c":379016,"d":"Saraikela Kharsawan","s":"JHARKHAND"}},{"arcs":[[-972,-671,-667,-661,975,976,-973,-970]],"type":"Polygon","properties":{"n":"Uria","c":379015,"d":"Saraikela Kharsawan","s":"JHARKHAND"}},{"arcs":[[977,978,979,980,-934,-939]],"type":"Polygon","properties":{"n":"Adardih","c":378878,"d":"Saraikela Kharsawan","s":"JHARKHAND"}},{"arcs":[[-938,-941,-945,981,982,983,-978]],"type":"Polygon","properties":{"n":"Ichadih","c":378998,"d":"Saraikela Kharsawan","s":"JHARKHAND"}},{"arcs":[[-944,984,985,-982]],"type":"Polygon","properties":{"n":" ","c":0,"d":"Saraikela Kharsawan","s":"JHARKHAND"}},{"arcs":[[986,987,988,989,-979,-984]],"type":"Polygon","properties":{"n":"Chauki","c":379003,"d":"Saraikela Kharsawan","s":"JHARKHAND"}},{"arcs":[[-943,-947,-953,990,991,992,-985]],"type":"Polygon","properties":{"n":"Janum","c":379005,"d":"Saraikela Kharsawan","s":"JHARKHAND"}},{"arcs":[[-952,993,994,-991]],"type":"Polygon","properties":{"n":"Khudilong","c":379018,"d":"Saraikela Kharsawan","s":"JHARKHAND"}},{"arcs":[[-951,-975,995,-994]],"type":"Polygon","properties":{"n":"Shyam Nagar","c":379017,"d":"Saraikela Kharsawan","s":"JHARKHAND"}},{"arcs":[[-993,996,997,-987,-983,-986]],"type":"Polygon","properties":{"n":"Kendaenda","c":379021,"d":"Saraikela Kharsawan","s":"JHARKHAND"}},{"arcs":[[998,-997,-992,-995,999]],"type":"Polygon","properties":{"n":"Udhatanr","c":379020,"d":"Saraikela Kharsawan","s":"JHARKHAND"}},{"arcs":[[-977,1000,-684,1001,1002,1003,-1000,-996,-974]],"type":"Polygon","properties":{"n":"Kumari","c":379022,"d":"Saraikela Kharsawan","s":"JHARKHAND"}},{"arcs":[[-976,-660,-685,-1001]],"type":"Polygon","properties":{"n":"Dayapur","c":379023,"d":"Saraikela Kharsawan","s":"JHARKHAND"}},{"arcs":[[1004,1005]],"type":"Polygon","properties":{"n":"Atra","c":378615,"d":"Saraikela Kharsawan","s":"JHARKHAND"}},{"arcs":[[1006,1007,1008]],"type":"Polygon","properties":{"n":"Jambro","c":378626,"d":"Saraikela Kharsawan","s":"JHARKHAND"}},{"arcs":[[1009,-1009,1010,1011]],"type":"Polygon","properties":{"n":"Sikramba","c":378627,"d":"Saraikela Kharsawan","s":"JHARKHAND"}},{"arcs":[[1012,1013,-1012,1014]],"type":"Polygon","properties":{"n":"Kora","c":378624,"d":"Saraikela Kharsawan","s":"JHARKHAND"}},{"arcs":[[1015,1016,-1007,-1010,-1014,1017]],"type":"Polygon","properties":{"n":"Komai","c":378625,"d":"Saraikela Kharsawan","s":"JHARKHAND"}},{"arcs":[[1018,1019,1020,1021,1022,1023]],"type":"Polygon","properties":{"n":"Rolahatu","c":378619,"d":"Saraikela Kharsawan","s":"JHARKHAND"}},{"arcs":[[-1021,-1016,1024,1025]],"type":"Polygon","properties":{"n":"Ludubera","c":378622,"d":"Saraikela Kharsawan","s":"JHARKHAND"}},{"arcs":[[-1025,-1018,-1013,1026,1027]],"type":"Polygon","properties":{"n":"Kusrouli","c":378623,"d":"Saraikela Kharsawan","s":"JHARKHAND"}},{"arcs":[[1028,-1022,-1026,-1028,1029]],"type":"Polygon","properties":{"n":"Dangil","c":378621,"d":"Saraikela Kharsawan","s":"JHARKHAND"}},{"arcs":[[-1023,-1029,1030,1031]],"type":"Polygon","properties":{"n":"Buruhatu","c":378620,"d":"Saraikela Kharsawan","s":"JHARKHAND"}},{"arcs":[[1032,-1019,1033,1034]],"type":"Polygon","properties":{"n":"Bawagutu","c":378618,"d":"Saraikela Kharsawan","s":"JHARKHAND"}},{"arcs":[[1035,-1034,-1024,-1032,1036,1037]],"type":"Polygon","properties":{"n":"Giluwa","c":378617,"d":"Saraikela Kharsawan","s":"JHARKHAND"}},{"arcs":[[1038,-1038,1039,1040]],"type":"Polygon","properties":{"n":"Punisir","c":378616,"d":"Saraikela Kharsawan","s":"JHARKHAND"}},{"arcs":[[1041,-1041,1042,1043]],"type":"Polygon","properties":{"n":"Taramba","c":378614,"d":"Saraikela Kharsawan","s":"JHARKHAND"}},{"arcs":[[1044,1045,1046,-1044,-1005,1047,1048]],"type":"Polygon","properties":{"n":"Siyadih","c":378610,"d":"Saraikela Kharsawan","s":"JHARKHAND"}},{"arcs":[[1049,1050,-1035,-1036,-1039,-1042,-1047,1051,-1045,1052]],"type":"Polygon","properties":{"n":"Rugudih","c":378612,"d":"Saraikela Kharsawan","s":"JHARKHAND"}},{"arcs":[[-1046,-1052]],"type":"Polygon","properties":{"n":"Ramdih","c":378613,"d":"Saraikela Kharsawan","s":"JHARKHAND"}},{"arcs":[[1053,1054,1055,1056]],"type":"Polygon","properties":{"n":"Deswapahar","c":378609,"d":"Saraikela Kharsawan","s":"JHARKHAND"}},{"arcs":[[1057,1058,1059,1060,-1053,-1049,1061,-1056]],"type":"Polygon","properties":{"n":"Mutugoda","c":378611,"d":"Saraikela Kharsawan","s":"JHARKHAND"}},{"arcs":[[1062,1063,-1059]],"type":"Polygon","properties":{"n":"Padeya","c":378607,"d":"Saraikela Kharsawan","s":"JHARKHAND"}},{"arcs":[[-1058,-1055,1064,1065,-1063]],"type":"Polygon","properties":{"n":"Bandhdih","c":378608,"d":"Saraikela Kharsawan","s":"JHARKHAND"}},{"arcs":[[1066,1067,1068,-1060,-1064,-1066]],"type":"Polygon","properties":{"n":"Dalbhanga","c":378606,"d":"Saraikela Kharsawan","s":"JHARKHAND"}},{"arcs":[[1069,1070,-1050,-1061,-1069,1071]],"type":"Polygon","properties":{"n":"Dhunadih","c":378605,"d":"Saraikela Kharsawan","s":"JHARKHAND"}},{"arcs":[[1072,1073,1074,1075,1076,-1067,-1065,-1054,1077]],"type":"Polygon","properties":{"n":"Baruhatu","c":378599,"d":"Saraikela Kharsawan","s":"JHARKHAND"}},{"arcs":[[1078,1079,-1073,1080]],"type":"Polygon","properties":{"n":"Kaderango","c":378597,"d":"Saraikela Kharsawan","s":"JHARKHAND"}},{"arcs":[[1081,1082,-1074,-1080]],"type":"Polygon","properties":{"n":"Korwadih","c":378598,"d":"Saraikela Kharsawan","s":"JHARKHAND"}},{"arcs":[[-1079,1083,1084,-1082]],"type":"Polygon","properties":{"n":"Hatnabeda","c":378596,"d":"Saraikela Kharsawan","s":"JHARKHAND"}},{"arcs":[[1085,1086,1087,1088,1089,-1075,-1083,-1085]],"type":"Polygon","properties":{"n":"Gomiyadih","c":378595,"d":"Saraikela Kharsawan","s":"JHARKHAND"}},{"arcs":[[1090,1091,1092,1093,1094,1095,-1086,-1084,1096]],"type":"Polygon","properties":{"n":"Meromjanga","c":378594,"d":"Saraikela Kharsawan","s":"JHARKHAND"}},{"arcs":[[1097,1098,-1091,1099]],"type":"Polygon","properties":{"n":"Kudadih","c":378592,"d":"Saraikela Kharsawan","s":"JHARKHAND"}},{"arcs":[[1100,-1092,-1099]],"type":"Polygon","properties":{"n":"Badu","c":378593,"d":"Saraikela Kharsawan","s":"JHARKHAND"}},{"arcs":[[1101,1102,1103,1104,-1093,-1101,-1098]],"type":"Polygon","properties":{"n":"Jenolong Badedih","c":378591,"d":"Saraikela Kharsawan","s":"JHARKHAND"}},{"arcs":[[1105,1106,1107,-1103,1108]],"type":"Polygon","properties":{"n":"Ichadih","c":378589,"d":"Saraikela Kharsawan","s":"JHARKHAND"}},{"arcs":[[1109,1110,-1107]],"type":"Polygon","properties":{"n":"Selaidih","c":378590,"d":"Saraikela Kharsawan","s":"JHARKHAND"}},{"arcs":[[1111,1112,1113,1114,-1070,1115]],"type":"Polygon","properties":{"n":"Bijar","c":378604,"d":"Saraikela Kharsawan","s":"JHARKHAND"}},{"arcs":[[-1072,-1068,-1077,1116,1117,1118,-1116]],"type":"Polygon","properties":{"n":"Jojohatu","c":378601,"d":"Saraikela Kharsawan","s":"JHARKHAND"}},{"arcs":[[-1076,-1090,1119,-1117]],"type":"Polygon","properties":{"n":"Torangdih","c":378600,"d":"Saraikela Kharsawan","s":"JHARKHAND"}},{"arcs":[[-1089,1120,1121,1122,-1118,-1120]],"type":"Polygon","properties":{"n":"Sursi","c":378602,"d":"Saraikela Kharsawan","s":"JHARKHAND"}},{"arcs":[[-1088,1123,1124,-1121]],"type":"Polygon","properties":{"n":"Barasegoi","c":378528,"d":"Saraikela Kharsawan","s":"JHARKHAND"}},{"arcs":[[-1087,-1096,1125,1126,1127,-1124]],"type":"Polygon","properties":{"n":"Chotasegoi","c":378529,"d":"Saraikela Kharsawan","s":"JHARKHAND"}},{"arcs":[[1128,-1114,1129]],"type":"Polygon","properties":{"n":"Rochoda","c":378588,"d":"Saraikela Kharsawan","s":"JHARKHAND"}},{"arcs":[[-1113,1130,1131,1132,1133,-1130]],"type":"Polygon","properties":{"n":"Dango","c":378541,"d":"Saraikela Kharsawan","s":"JHARKHAND"}},{"arcs":[[1134,1135,1136,-1131]],"type":"Polygon","properties":{"n":"Rengsa","c":378540,"d":"Saraikela Kharsawan","s":"JHARKHAND"}},{"arcs":[[1137,-1135,-1112,-1119,-1123]],"type":"Polygon","properties":{"n":"Sosokoda","c":378603,"d":"Saraikela Kharsawan","s":"JHARKHAND"}},{"arcs":[[-1122,-1125,-1128,1138,1139,1140,1141,-1136,-1138]],"type":"Polygon","properties":{"n":"Bhurkunda","c":378539,"d":"Saraikela Kharsawan","s":"JHARKHAND"}},{"arcs":[[-1127,1142,1143,-1139]],"type":"Polygon","properties":{"n":"Karalor","c":378530,"d":"Saraikela Kharsawan","s":"JHARKHAND"}},{"arcs":[[-1095,1144,1145,1146,-1126]],"type":"Polygon","properties":{"n":"Chotabandi","c":378531,"d":"Saraikela Kharsawan","s":"JHARKHAND"}},{"arcs":[[-1094,-1105,1147,1148,1149,-1145]],"type":"Polygon","properties":{"n":"Bara Bandi","c":378532,"d":"Saraikela Kharsawan","s":"JHARKHAND"}},{"arcs":[[-1108,-1111,1150,1151,1152,1153,1154,1155,1156,1157,-1148,-1104]],"type":"Polygon","properties":{"n":"Rai sindri","c":378587,"d":"Saraikela Kharsawan","s":"JHARKHAND"}},{"arcs":[[1158,-1149,-1158]],"type":"Polygon","properties":{"n":"Gumfu","c":378533,"d":"Saraikela Kharsawan","s":"JHARKHAND"}},{"arcs":[[-1157,1159,1160,1161,1162,-1146,-1150,-1159]],"type":"Polygon","properties":{"n":"Champad","c":378534,"d":"Saraikela Kharsawan","s":"JHARKHAND"}},{"arcs":[[-1163,1163,1164,-1143,-1147]],"type":"Polygon","properties":{"n":"Todangdih","c":378537,"d":"Saraikela Kharsawan","s":"JHARKHAND"}},{"arcs":[[-1162,1165,1166,1167,-1164]],"type":"Polygon","properties":{"n":"Jamda","c":378536,"d":"Saraikela Kharsawan","s":"JHARKHAND"}},{"arcs":[[-1161,1168,1169,-1166]],"type":"Polygon","properties":{"n":"Ichahatu","c":378535,"d":"Saraikela Kharsawan","s":"JHARKHAND"}},{"arcs":[[-1160,-1156,1170,1171,1172,-1169]],"type":"Polygon","properties":{"n":"Damadiri","c":378546,"d":"Saraikela Kharsawan","s":"JHARKHAND"}},{"arcs":[[1173,1174,1175,1176,-1171,-1155]],"type":"Polygon","properties":{"n":"Serengda","c":378586,"d":"Saraikela Kharsawan","s":"JHARKHAND"}},{"arcs":[[1177,1178,1179,1180]],"type":"Polygon","properties":{"n":"Dhadkidih","c":378585,"d":"Saraikela Kharsawan","s":"JHARKHAND"}},{"arcs":[[-1180,1181,1182,1183,1184,1185,-1175,1186]],"type":"Polygon","properties":{"n":"Doro","c":378584,"d":"Saraikela Kharsawan","s":"JHARKHAND"}},{"arcs":[[1187,1188,1189]],"type":"Polygon","properties":{"n":"Gogamarcha","c":378555,"d":"Saraikela Kharsawan","s":"JHARKHAND"}},{"arcs":[[1190,1191,1192,-1190,1193,-1133,1194]],"type":"Polygon","properties":{"n":"Jowajanjir","c":378554,"d":"Saraikela Kharsawan","s":"JHARKHAND"}},{"arcs":[[-1132,-1137,-1142,1195,1196,-1195]],"type":"Polygon","properties":{"n":"Kolhan Regadih","c":378542,"d":"Saraikela Kharsawan","s":"JHARKHAND"}},{"arcs":[[1197,1198,1199,-1140,-1144,-1165,-1168]],"type":"Polygon","properties":{"n":"Kuchai","c":378538,"d":"Saraikela Kharsawan","s":"JHARKHAND"}},{"arcs":[[1200,1201,1202,-1196,-1141,-1200]],"type":"Polygon","properties":{"n":"Maranghatu","c":378543,"d":"Saraikela Kharsawan","s":"JHARKHAND"}},{"arcs":[[-1167,-1170,-1173,1203,1204,-1198]],"type":"Polygon","properties":{"n":"Puniburi","c":378545,"d":"Saraikela Kharsawan","s":"JHARKHAND"}},{"arcs":[[1205,1206,-1201,-1199,-1205]],"type":"Polygon","properties":{"n":"Ruchab","c":378544,"d":"Saraikela Kharsawan","s":"JHARKHAND"}},{"arcs":[[1207,1208,1209,-1172,-1177]],"type":"Polygon","properties":{"n":"Jorasarjom","c":378547,"d":"Saraikela Kharsawan","s":"JHARKHAND"}},{"arcs":[[-1186,1210,1211,1212,1213,-1208,-1176]],"type":"Polygon","properties":{"n":"Aruwan","c":378583,"d":"Saraikela Kharsawan","s":"JHARKHAND"}},{"arcs":[[1214,1215,1216,-1206,-1204,-1210]],"type":"Polygon","properties":{"n":"Karktta","c":378548,"d":"Saraikela Kharsawan","s":"JHARKHAND"}},{"arcs":[[1217,1218,1219,1220,1221,1222,-1213]],"type":"Polygon","properties":{"n":"Jilingda","c":378582,"d":"Saraikela Kharsawan","s":"JHARKHAND"}},{"arcs":[[1223,1224,1225,1226,1227,1228,-1222]],"type":"Polygon","properties":{"n":"Mangudih","c":378581,"d":"Saraikela Kharsawan","s":"JHARKHAND"}},{"arcs":[[1229,1230,-1215,-1209,-1214,-1223,-1229]],"type":"Polygon","properties":{"n":"Bayang","c":378549,"d":"Saraikela Kharsawan","s":"JHARKHAND"}},{"arcs":[[1231,1232,-1216,-1231]],"type":"Polygon","properties":{"n":"Lopta","c":378550,"d":"Saraikela Kharsawan","s":"JHARKHAND"}},{"arcs":[[1233,1234,1235,1236,1237,-1202,-1207,-1217,-1233]],"type":"Polygon","properties":{"n":"Kundiamarcha","c":378551,"d":"Saraikela Kharsawan","s":"JHARKHAND"}},{"arcs":[[1238,-1191,-1197,-1203,-1238]],"type":"Polygon","properties":{"n":"Ramaisal","c":378553,"d":"Saraikela Kharsawan","s":"JHARKHAND"}},{"arcs":[[-1237,1239,1240,1241,-1192,-1239]],"type":"Polygon","properties":{"n":"Lepso","c":378552,"d":"Saraikela Kharsawan","s":"JHARKHAND"}},{"arcs":[[-1242,1242,1243,1244,-1188,-1193]],"type":"Polygon","properties":{"n":"Gopidih","c":378575,"d":"Saraikela Kharsawan","s":"JHARKHAND"}},{"arcs":[[1245,1246,1247,-1244]],"type":"Polygon","properties":{"n":"Juggidih","c":378557,"d":"Saraikela Kharsawan","s":"JHARKHAND"}},{"arcs":[[1248,1249,1250,-1247]],"type":"Polygon","properties":{"n":"Surabera","c":378556,"d":"Saraikela Kharsawan","s":"JHARKHAND"}},{"arcs":[[-1246,-1243,-1241,1251,1252,1253,-1249]],"type":"Polygon","properties":{"n":"Pagardih","c":378558,"d":"Saraikela Kharsawan","s":"JHARKHAND"}},{"arcs":[[-1240,-1236,1254,1255,1256,-1252]],"type":"Polygon","properties":{"n":"Galudih","c":378559,"d":"Saraikela Kharsawan","s":"JHARKHAND"}},{"arcs":[[-1235,1257,1258,1259,1260,1261,-1255]],"type":"Polygon","properties":{"n":"Regadih","c":378560,"d":"Saraikela Kharsawan","s":"JHARKHAND"}},{"arcs":[[-1234,-1232,-1230,-1228,1262,1263,-1258]],"type":"Polygon","properties":{"n":"Samudih","c":378580,"d":"Saraikela Kharsawan","s":"JHARKHAND"}},{"arcs":[[1264,1265,1266,1267,-1263,-1227]],"type":"Polygon","properties":{"n":"Tilopada","c":378578,"d":"Saraikela Kharsawan","s":"JHARKHAND"}},{"arcs":[[-1268,1268,-1259,-1264]],"type":"Polygon","properties":{"n":"Dukiyadih","c":378579,"d":"Saraikela Kharsawan","s":"JHARKHAND"}},{"arcs":[[1269,1270,1271,-1266]],"type":"Polygon","properties":{"n":"Noagaon","c":378576,"d":"Saraikela Kharsawan","s":"JHARKHAND"}},{"arcs":[[-1267,-1272,1272,1273,1274,1275,-1260,-1269]],"type":"Polygon","properties":{"n":"Bandolohar","c":378577,"d":"Saraikela Kharsawan","s":"JHARKHAND"}},{"arcs":[[1276,1277,1278,-1250,-1254]],"type":"Polygon","properties":{"n":"Gumdadih","c":378564,"d":"Saraikela Kharsawan","s":"JHARKHAND"}},{"arcs":[[1279,1280,1281,1282,-1278,1283]],"type":"Polygon","properties":{"n":"Pondakata","c":378565,"d":"Saraikela Kharsawan","s":"JHARKHAND"}},{"arcs":[[-1277,-1253,-1257,1284,-1284]],"type":"Polygon","properties":{"n":"Mundadeo","c":378563,"d":"Saraikela Kharsawan","s":"JHARKHAND"}},{"arcs":[[-1256,-1262,1285,1286,1287,-1280,-1285]],"type":"Polygon","properties":{"n":"Barachakri","c":378562,"d":"Saraikela Kharsawan","s":"JHARKHAND"}},{"arcs":[[-1261,-1276,1288,1289,-1286]],"type":"Polygon","properties":{"n":"Patulpir","c":378561,"d":"Saraikela Kharsawan","s":"JHARKHAND"}},{"arcs":[[1290,1291,1292,1293,-1289,-1275,1294]],"type":"Polygon","properties":{"n":"Bangurdih","c":378573,"d":"Saraikela Kharsawan","s":"JHARKHAND"}},{"arcs":[[1295,-1291,1296]],"type":"Polygon","properties":{"n":"Rurunglohar","c":378572,"d":"Saraikela Kharsawan","s":"JHARKHAND"}},{"arcs":[[1297,-1297,-1295,-1274,1298]],"type":"Polygon","properties":{"n":"Dalaigutu","c":378574,"d":"Saraikela Kharsawan","s":"JHARKHAND"}},{"arcs":[[-1294,1299,1300,1301,-1287,-1290]],"type":"Polygon","properties":{"n":"Chota Chakri","c":378570,"d":"Saraikela Kharsawan","s":"JHARKHAND"}},{"arcs":[[1302,1303,1304,1305,-1301]],"type":"Polygon","properties":{"n":"Paralbadi","c":378571,"d":"Saraikela Kharsawan","s":"JHARKHAND"}},{"arcs":[[-1302,-1306,1306,1307,-1288]],"type":"Polygon","properties":{"n":"Kunjadih","c":378569,"d":"Saraikela Kharsawan","s":"JHARKHAND"}},{"arcs":[[1308,1309,1310,1311,1312,-1281,-1308]],"type":"Polygon","properties":{"n":"Dhurusai","c":378568,"d":"Saraikela Kharsawan","s":"JHARKHAND"}},{"arcs":[[-1313,1313,1314,-1282]],"type":"Polygon","properties":{"n":"Chirudih","c":378566,"d":"Saraikela Kharsawan","s":"JHARKHAND"}},{"arcs":[[-1312,1315,1316,1317,-1314]],"type":"Polygon","properties":{"n":"Kolaidih","c":378567,"d":"Saraikela Kharsawan","s":"JHARKHAND"}},{"arcs":[[1318,1319,1320,-1151,-1110,-1106,1321]],"type":"Polygon","properties":{"n":"Raijama","c":378706,"d":"Saraikela Kharsawan","s":"JHARKHAND"}},{"arcs":[[1322,-1181,-1187,-1174,-1154]],"type":"Polygon","properties":{"n":"Pat Pat","c":378705,"d":"Saraikela Kharsawan","s":"JHARKHAND"}},{"arcs":[[1323,1324,-1178,-1323,-1153]],"type":"Polygon","properties":{"n":"Riring","c":378704,"d":"Saraikela Kharsawan","s":"JHARKHAND"}},{"arcs":[[-1321,1325,1326,1327,-1324,-1152]],"type":"Polygon","properties":{"n":"Hurangda","c":378707,"d":"Saraikela Kharsawan","s":"JHARKHAND"}},{"arcs":[[-110,1328,1329,-1319,1330,-58]],"type":"Polygon","properties":{"n":"Lakhandih","c":378760,"d":"Saraikela Kharsawan","s":"JHARKHAND"}},{"arcs":[[-115,-145,1331,1332,-107]],"type":"Polygon","properties":{"n":"Rughunath Pur","c":378703,"d":"Saraikela Kharsawan","s":"JHARKHAND"}},{"arcs":[[1333,1334,1335,-108,-1333]],"type":"Polygon","properties":{"n":"Nowabera","c":378758,"d":"Saraikela Kharsawan","s":"JHARKHAND"}},{"arcs":[[-1336,1336,1337,-1329,-109]],"type":"Polygon","properties":{"n":"Jhunjki","c":378759,"d":"Saraikela Kharsawan","s":"JHARKHAND"}},{"arcs":[[1338,1339,1340,-1326,-1320,-1330,-1338]],"type":"Polygon","properties":{"n":"Narayanbera","c":378708,"d":"Saraikela Kharsawan","s":"JHARKHAND"}},{"arcs":[[1341,1342,-1327,-1341]],"type":"Polygon","properties":{"n":"Mudadih","c":378709,"d":"Saraikela Kharsawan","s":"JHARKHAND"}},{"arcs":[[-1343,1343,1344,1345,1346,-1182,-1179,-1325,-1328]],"type":"Polygon","properties":{"n":"Khejurda","c":378702,"d":"Saraikela Kharsawan","s":"JHARKHAND"}},{"arcs":[[-1337,-1335,1347,1348,1349,-1339]],"type":"Polygon","properties":{"n":"Katadih","c":378711,"d":"Saraikela Kharsawan","s":"JHARKHAND"}},{"arcs":[[1350,1351,1352,1353,-1349]],"type":"Polygon","properties":{"n":"Diriora","c":378712,"d":"Saraikela Kharsawan","s":"JHARKHAND"}},{"arcs":[[-144,-152,1354,1355,-1351,-1348,-1334,-1332]],"type":"Polygon","properties":{"n":"Silpingda","c":378757,"d":"Saraikela Kharsawan","s":"JHARKHAND"}},{"arcs":[[1356,1357,1358,-1344,-1342,-1340,-1350,-1354]],"type":"Polygon","properties":{"n":"Tankodih","c":378710,"d":"Saraikela Kharsawan","s":"JHARKHAND"}},{"arcs":[[1359,1360,-1345,-1359]],"type":"Polygon","properties":{"n":"Saurang","c":378715,"d":"Saraikela Kharsawan","s":"JHARKHAND"}},{"arcs":[[1361,1362,-1346,-1361]],"type":"Polygon","properties":{"n":"Pundidah","c":378716,"d":"Saraikela Kharsawan","s":"JHARKHAND"}},{"arcs":[[-1360,-1358,1363,1364,-1362]],"type":"Polygon","properties":{"n":"Burjudih Alias Panjanbera","c":378714,"d":"Saraikela Kharsawan","s":"JHARKHAND"}},{"arcs":[[-1363,1365,1366,1367,-1183,-1347]],"type":"Polygon","properties":{"n":"Haribhanja","c":378717,"d":"Saraikela Kharsawan","s":"JHARKHAND"}},{"arcs":[[-1365,1368,1369,1370,1371,-1366]],"type":"Polygon","properties":{"n":"Kashidih","c":378722,"d":"Saraikela Kharsawan","s":"JHARKHAND"}},{"arcs":[[-1364,-1357,-1353,1372,1373,1374,-1369]],"type":"Polygon","properties":{"n":"Kondadih","c":378713,"d":"Saraikela Kharsawan","s":"JHARKHAND"}},{"arcs":[[1375,1376,1377,1378,-1370,-1375]],"type":"Polygon","properties":{"n":"Bitaburu","c":378723,"d":"Saraikela Kharsawan","s":"JHARKHAND"}},{"arcs":[[-1352,-1356,1379,1380,1381,-1373]],"type":"Polygon","properties":{"n":"Narayandih","c":378756,"d":"Saraikela Kharsawan","s":"JHARKHAND"}},{"arcs":[[-157,1382,-1380,-1355,-151]],"type":"Polygon","properties":{"n":"Sidma Kudar","c":378755,"d":"Saraikela Kharsawan","s":"JHARKHAND"}},{"arcs":[[-237,-240,-292,1383,1384,-1381,-1383]],"type":"Polygon","properties":{"n":"Kadambera","c":378754,"d":"Saraikela Kharsawan","s":"JHARKHAND"}},{"arcs":[[1385,1386,-1376,-1374,-1382]],"type":"Polygon","properties":{"n":"Raidih","c":378724,"d":"Saraikela Kharsawan","s":"JHARKHAND"}},{"arcs":[[-1385,1387,-1386]],"type":"Polygon","properties":{"n":"Saharbera","c":378753,"d":"Saraikela Kharsawan","s":"JHARKHAND"}},{"arcs":[[-1388,-1384,-297,-332,1388,1389,-1377,-1387]],"type":"Polygon","properties":{"n":"Borgowan","c":378752,"d":"Saraikela Kharsawan","s":"JHARKHAND"}},{"arcs":[[1390,1391,1392,1393,-1378,-1390]],"type":"Polygon","properties":{"n":"Sauntari","c":378725,"d":"Saraikela Kharsawan","s":"JHARKHAND"}},{"arcs":[[-331,1394,-1391,-1389]],"type":"Polygon","properties":{"n":"Baghraidih","c":378751,"d":"Saraikela Kharsawan","s":"JHARKHAND"}},{"arcs":[[1395,1396,1397,1398,1399,1400,1401,1402,1403,-1371,-1379,-1394]],"type":"Polygon","properties":{"n":"Chilku","c":378728,"d":"Saraikela Kharsawan","s":"JHARKHAND"}},{"arcs":[[1404,1405,1406,-1367,-1372,-1404]],"type":"Polygon","properties":{"n":"Jitpur","c":378720,"d":"Saraikela Kharsawan","s":"JHARKHAND"}},{"arcs":[[1407,-1406]],"type":"Polygon","properties":{"n":"Ramgarh","c":378721,"d":"Saraikela Kharsawan","s":"JHARKHAND"}},{"arcs":[[-1368,-1407,1408,-1184]],"type":"Polygon","properties":{"n":"Khelarisai","c":378719,"d":"Saraikela Kharsawan","s":"JHARKHAND"}},{"arcs":[[-1395,-330,-336,-337,1409,-1392]],"type":"Polygon","properties":{"n":"Balrampur","c":378750,"d":"Saraikela Kharsawan","s":"JHARKHAND"}},{"arcs":[[-1393,-1410,-340,1410,1411,-1396]],"type":"Polygon","properties":{"n":"Sandeburu","c":378726,"d":"Saraikela Kharsawan","s":"JHARKHAND"}},{"arcs":[[1412,1413,-1397,-1412]],"type":"Polygon","properties":{"n":"Buriguta","c":378727,"d":"Saraikela Kharsawan","s":"JHARKHAND"}},{"arcs":[[1414,-1401]],"type":"Polygon","properties":{"n":"Katwan","c":378729,"d":"Saraikela Kharsawan","s":"JHARKHAND"}},{"arcs":[[-1400,1415,1416,1417,-1402,-1415]],"type":"Polygon","properties":{"n":"Bandiram","c":378730,"d":"Saraikela Kharsawan","s":"JHARKHAND"}},{"arcs":[[-1411,-343,-346,1418,1419,1420,1421,-1413]],"type":"Polygon","properties":{"n":"Rengogora","c":378736,"d":"Saraikela Kharsawan","s":"JHARKHAND"}},{"arcs":[[1422,1423,-1398,-1414,-1422]],"type":"Polygon","properties":{"n":"Gajudih","c":378735,"d":"Saraikela Kharsawan","s":"JHARKHAND"}},{"arcs":[[-349,-365,1424,1425,1426,-344]],"type":"Polygon","properties":{"n":"Tolatolbadi","c":378761,"d":"Saraikela Kharsawan","s":"JHARKHAND"}},{"arcs":[[-345,-1427,1427,1428,-1419]],"type":"Polygon","properties":{"n":"Begnadih","c":378737,"d":"Saraikela Kharsawan","s":"JHARKHAND"}},{"arcs":[[-364,-411,-409,1429,1430,-1425]],"type":"Polygon","properties":{"n":"Kal Burudih","c":378739,"d":"Saraikela Kharsawan","s":"JHARKHAND"}},{"arcs":[[1431,1432,1433,-1428,-1426,-1431]],"type":"Polygon","properties":{"n":"Asura","c":378738,"d":"Saraikela Kharsawan","s":"JHARKHAND"}},{"arcs":[[-1432,-1430,-408,-399,1434,1435]],"type":"Polygon","properties":{"n":"Potka","c":378740,"d":"Saraikela Kharsawan","s":"JHARKHAND"}},{"arcs":[[1436,1437,1438,-1433,-1436]],"type":"Polygon","properties":{"n":"Nayasai","c":378741,"d":"Saraikela Kharsawan","s":"JHARKHAND"}},{"arcs":[[1439,1440,-1420,-1429,-1434,-1439]],"type":"Polygon","properties":{"n":"Burudih","c":378742,"d":"Saraikela Kharsawan","s":"JHARKHAND"}},{"arcs":[[-1438,1441,1442,1443,-1440]],"type":"Polygon","properties":{"n":"Mohalisai","c":378743,"d":"Saraikela Kharsawan","s":"JHARKHAND"}},{"arcs":[[1444,1445,-1423,-1421,-1441,-1444]],"type":"Polygon","properties":{"n":"Hansda","c":378744,"d":"Saraikela Kharsawan","s":"JHARKHAND"}},{"arcs":[[-1443,1446,1447,1448,1449,-1445]],"type":"Polygon","properties":{"n":"Harisai","c":378745,"d":"Saraikela Kharsawan","s":"JHARKHAND"}},{"arcs":[[-1442,-1437,-1435,-404,1450,1451,-1447]],"type":"Polygon","properties":{"n":"Deoli","c":378748,"d":"Saraikela Kharsawan","s":"JHARKHAND"}},{"arcs":[[1452,1453,1454,-1416,-1399,-1424,-1446,-1450]],"type":"Polygon","properties":{"n":"Simla","c":378734,"d":"Saraikela Kharsawan","s":"JHARKHAND"}},{"arcs":[[1455,1456,1457,1458]],"type":"Polygon","properties":{"n":"Bardih","c":378687,"d":"Saraikela Kharsawan","s":"JHARKHAND"}},{"arcs":[[1459,1460,1461,-1457]],"type":"Polygon","properties":{"n":"Baburamdih","c":378686,"d":"Saraikela Kharsawan","s":"JHARKHAND"}},{"arcs":[[1462,1463,1464,1465,1466,-1461]],"type":"Polygon","properties":{"n":"Gopidih","c":378685,"d":"Saraikela Kharsawan","s":"JHARKHAND"}},{"arcs":[[1467,1468,-1464]],"type":"Polygon","properties":{"n":"Nayadih","c":378684,"d":"Saraikela Kharsawan","s":"JHARKHAND"}},{"arcs":[[1469,1470,1471,-1458,-1462,-1467]],"type":"Polygon","properties":{"n":"Dharamdih","c":378691,"d":"Saraikela Kharsawan","s":"JHARKHAND"}},{"arcs":[[-1466,1472,1473,1474,1475,1476,-1470]],"type":"Polygon","properties":{"n":"Bardah","c":378692,"d":"Saraikela Kharsawan","s":"JHARKHAND"}},{"arcs":[[-1465,-1469,1477,1478,1479,1480,-1473]],"type":"Polygon","properties":{"n":"Chamrudih","c":378683,"d":"Saraikela Kharsawan","s":"JHARKHAND"}},{"arcs":[[-1468,-1463,-1460,-1456,1481,-1454,1482,-1478]],"type":"Polygon","properties":{"n":"Gandpur","c":378733,"d":"Saraikela Kharsawan","s":"JHARKHAND"}},{"arcs":[[-1449,1483,1484,-1453]],"type":"Polygon","properties":{"n":"Paradiha","c":378746,"d":"Saraikela Kharsawan","s":"JHARKHAND"}},{"arcs":[[1485,1486,-1474,-1481]],"type":"Polygon","properties":{"n":"Gurlu Pada","c":378680,"d":"Saraikela Kharsawan","s":"JHARKHAND"}},{"arcs":[[-1480,1487,1488,-1486]],"type":"Polygon","properties":{"n":"Jarkatolah Urf Sandadih","c":378681,"d":"Saraikela Kharsawan","s":"JHARKHAND"}},{"arcs":[[-1479,-1483,-1485,1489,1490,1491,-1488]],"type":"Polygon","properties":{"n":"Tiringtipa","c":378682,"d":"Saraikela Kharsawan","s":"JHARKHAND"}},{"arcs":[[-1484,-1448,-1452,1492,1493,-1490]],"type":"Polygon","properties":{"n":"Rudropur","c":378747,"d":"Saraikela Kharsawan","s":"JHARKHAND"}},{"arcs":[[-1451,-403,1494,1495,-1493]],"type":"Polygon","properties":{"n":"Guabera","c":378749,"d":"Saraikela Kharsawan","s":"JHARKHAND"}},{"arcs":[[1496,1497,1498,1499,1500,1501,-1489,-1492]],"type":"Polygon","properties":{"n":"Bara Amda","c":378665,"d":"Saraikela Kharsawan","s":"JHARKHAND"}},{"arcs":[[-1491,-1494,-1496,1502,1503,-1497]],"type":"Polygon","properties":{"n":"Udalkham","c":378664,"d":"Saraikela Kharsawan","s":"JHARKHAND"}},{"arcs":[[-1495,-402,1504,1505,-1503]],"type":"Polygon","properties":{"n":"Bandubera","c":378663,"d":"Saraikela Kharsawan","s":"JHARKHAND"}},{"arcs":[[1506,1507,1508,-1498,-1504,-1506]],"type":"Polygon","properties":{"n":"Naranpur","c":378662,"d":"Saraikela Kharsawan","s":"JHARKHAND"}},{"arcs":[[-1508,1509,1510,1511]],"type":"Polygon","properties":{"n":"Kuchai","c":378661,"d":"Saraikela Kharsawan","s":"JHARKHAND"}},{"arcs":[[1512,1513,1514,-1499,-1509,-1512]],"type":"Polygon","properties":{"n":"Tirildih","c":378667,"d":"Saraikela Kharsawan","s":"JHARKHAND"}},{"arcs":[[-1513,-1511,1515,1516,1517,1518,1519,1520,1521]],"type":"Polygon","properties":{"n":"Khamardih","c":378660,"d":"Saraikela Kharsawan","s":"JHARKHAND"}},{"arcs":[[1522,1523,-1517]],"type":"Polygon","properties":{"n":"Nischintpur","c":378659,"d":"Saraikela Kharsawan","s":"JHARKHAND"}},{"arcs":[[-1524,1524,1525,1526,-1518]],"type":"Polygon","properties":{"n":"Kudasingi","c":378658,"d":"Saraikela Kharsawan","s":"JHARKHAND"}},{"arcs":[[1527,1528,1529,1530,-1514,-1522]],"type":"Polygon","properties":{"n":"Asantalia","c":378668,"d":"Saraikela Kharsawan","s":"JHARKHAND"}},{"arcs":[[1531,1532,1533,-1500,-1515,-1531]],"type":"Polygon","properties":{"n":"Chhota Amda","c":378666,"d":"Saraikela Kharsawan","s":"JHARKHAND"}},{"arcs":[[1534,-1501,-1534]],"type":"Polygon","properties":{"n":"Sargaposi","c":378679,"d":"Saraikela Kharsawan","s":"JHARKHAND"}},{"arcs":[[-1533,1535,1536,1537,1538,-1475,-1487,-1502,-1535]],"type":"Polygon","properties":{"n":"Buritopa","c":378678,"d":"Saraikela Kharsawan","s":"JHARKHAND"}},{"arcs":[[1539,1540,-1476,-1539]],"type":"Polygon","properties":{"n":"Gopinathpur","c":378693,"d":"Saraikela Kharsawan","s":"JHARKHAND"}},{"arcs":[[-1538,1541,1542,1543,-1540]],"type":"Polygon","properties":{"n":"Telisai","c":378694,"d":"Saraikela Kharsawan","s":"JHARKHAND"}},{"arcs":[[1544,1545,1546,-1471,-1477,-1541,-1544]],"type":"Polygon","properties":{"n":"Barahsai","c":378690,"d":"Saraikela Kharsawan","s":"JHARKHAND"}},{"arcs":[[1547,1548,1549]],"type":"Polygon","properties":{"n":"Baidnathpur","c":378689,"d":"Saraikela Kharsawan","s":"JHARKHAND"}},{"arcs":[[1550,1551,1552,-1549]],"type":"Polygon","properties":{"n":"Dehuridih","c":378699,"d":"Saraikela Kharsawan","s":"JHARKHAND"}},{"arcs":[[1553,-1551,-1548,1554,-1546,1555,1556,-1220]],"type":"Polygon","properties":{"n":"Ananddih","c":378698,"d":"Saraikela Kharsawan","s":"JHARKHAND"}},{"arcs":[[-1221,-1557,1557,-1224]],"type":"Polygon","properties":{"n":"Maladih Urf Jhumar Teril","c":378697,"d":"Saraikela Kharsawan","s":"JHARKHAND"}},{"arcs":[[1558,1559,-1270,-1265,-1226]],"type":"Polygon","properties":{"n":"Jojodih","c":378696,"d":"Saraikela Kharsawan","s":"JHARKHAND"}},{"arcs":[[-1556,-1545,-1543,1560,1561,-1559,-1225,-1558]],"type":"Polygon","properties":{"n":"Padampur","c":378695,"d":"Saraikela Kharsawan","s":"JHARKHAND"}},{"arcs":[[-1562,1562,1563,1564,-1299,-1273,-1271,-1560]],"type":"Polygon","properties":{"n":"Dalai Kela","c":378674,"d":"Saraikela Kharsawan","s":"JHARKHAND"}},{"arcs":[[-1561,-1542,-1537,1565,-1563]],"type":"Polygon","properties":{"n":"Banai Kela","c":378677,"d":"Saraikela Kharsawan","s":"JHARKHAND"}},{"arcs":[[1566,1567,1568,-1292,-1296,-1298,-1565]],"type":"Polygon","properties":{"n":"Hindusai","c":378673,"d":"Saraikela Kharsawan","s":"JHARKHAND"}},{"arcs":[[-1564,1569,1570,-1567]],"type":"Polygon","properties":{"n":"Khudipir","c":378675,"d":"Saraikela Kharsawan","s":"JHARKHAND"}},{"arcs":[[-1566,-1536,-1532,-1530,1571,-1570]],"type":"Polygon","properties":{"n":"Pindki","c":378676,"d":"Saraikela Kharsawan","s":"JHARKHAND"}},{"arcs":[[1572,1573,-1568]],"type":"Polygon","properties":{"n":"Santoshpur","c":378671,"d":"Saraikela Kharsawan","s":"JHARKHAND"}},{"arcs":[[-1571,-1572,-1529,1574,-1573]],"type":"Polygon","properties":{"n":"Mauda","c":378669,"d":"Saraikela Kharsawan","s":"JHARKHAND"}},{"arcs":[[-1569,-1574,1575,1576,-1303,-1300,-1293]],"type":"Polygon","properties":{"n":"Baramsal","c":378672,"d":"Saraikela Kharsawan","s":"JHARKHAND"}},{"arcs":[[-1575,-1528,-1521,1577,1578,-1576]],"type":"Polygon","properties":{"n":"Kocha","c":378670,"d":"Saraikela Kharsawan","s":"JHARKHAND"}},{"arcs":[[1579,1580,-1577,-1579]],"type":"Polygon","properties":{"n":"Jagatpur","c":378628,"d":"Saraikela Kharsawan","s":"JHARKHAND"}},{"arcs":[[1581,1582,1583,1584,-1304,-1581]],"type":"Polygon","properties":{"n":"Rajabasa","c":378630,"d":"Saraikela Kharsawan","s":"JHARKHAND"}},{"arcs":[[-1580,-1578,-1520,1585,-1582]],"type":"Polygon","properties":{"n":"Hariharpur","c":378629,"d":"Saraikela Kharsawan","s":"JHARKHAND"}},{"arcs":[[-1519,-1527,1586,1587,1588,-1586]],"type":"Polygon","properties":{"n":"Kisnapur","c":378656,"d":"Saraikela Kharsawan","s":"JHARKHAND"}},{"arcs":[[-1305,-1585,1589,1590,1591,-1309,-1307]],"type":"Polygon","properties":{"n":"Gitilata","c":378631,"d":"Saraikela Kharsawan","s":"JHARKHAND"}},{"arcs":[[-1584,1592,1593,1594,1595,1596,-1590]],"type":"Polygon","properties":{"n":"Jordiha","c":378651,"d":"Saraikela Kharsawan","s":"JHARKHAND"}},{"arcs":[[-1583,-1589,1597,1598,-1593]],"type":"Polygon","properties":{"n":"Gopalpur","c":378654,"d":"Saraikela Kharsawan","s":"JHARKHAND"}},{"arcs":[[1599,1600,1601,-1594,-1599]],"type":"Polygon","properties":{"n":"Potobera","c":378653,"d":"Saraikela Kharsawan","s":"JHARKHAND"}},{"arcs":[[1602,1603,-1600,-1598,-1588]],"type":"Polygon","properties":{"n":"Udhariha","c":378655,"d":"Saraikela Kharsawan","s":"JHARKHAND"}},{"arcs":[[-1526,1604,-1603,-1587]],"type":"Polygon","properties":{"n":"Kontala","c":378657,"d":"Saraikela Kharsawan","s":"JHARKHAND"}},{"arcs":[[-1602,1605,1606,1607,-1595]],"type":"Polygon","properties":{"n":"Chhota Bambu","c":378652,"d":"Saraikela Kharsawan","s":"JHARKHAND"}},{"arcs":[[-1607,1608,1609,1610]],"type":"Polygon","properties":{"n":"Gandamara","c":378648,"d":"Saraikela Kharsawan","s":"JHARKHAND"}},{"arcs":[[1611,1612,1613,-1610]],"type":"Polygon","properties":{"n":"Samursai","c":378647,"d":"Saraikela Kharsawan","s":"JHARKHAND"}},{"arcs":[[1614,-1613,1615,1616,1617]],"type":"Polygon","properties":{"n":"Telangjuri","c":378646,"d":"Saraikela Kharsawan","s":"JHARKHAND"}},{"arcs":[[1618,1619,1620,-1596,-1608,-1611,-1614,-1615]],"type":"Polygon","properties":{"n":"Bara Bambu","c":378649,"d":"Saraikela Kharsawan","s":"JHARKHAND"}},{"arcs":[[-1617,1621,1622,1623,1624]],"type":"Polygon","properties":{"n":"Pitakolang","c":378645,"d":"Saraikela Kharsawan","s":"JHARKHAND"}},{"arcs":[[1625,1626,-1623,1627,1628]],"type":"Polygon","properties":{"n":"Chhota Sargidih","c":378643,"d":"Saraikela Kharsawan","s":"JHARKHAND"}},{"arcs":[[1629,-1624,-1627]],"type":"Polygon","properties":{"n":"Mahadebbuta","c":378644,"d":"Saraikela Kharsawan","s":"JHARKHAND"}},{"arcs":[[1630,1631,-1619,-1618,-1625,-1630,-1626]],"type":"Polygon","properties":{"n":"Kotoalsai","c":378642,"d":"Saraikela Kharsawan","s":"JHARKHAND"}},{"arcs":[[1632,1633,1634,1635,1636,1637,-1620,-1632]],"type":"Polygon","properties":{"n":"Bara Supaisai","c":378641,"d":"Saraikela Kharsawan","s":"JHARKHAND"}},{"arcs":[[-1638,1638,-1591,-1597,-1621]],"type":"Polygon","properties":{"n":"Sonaposi","c":378650,"d":"Saraikela Kharsawan","s":"JHARKHAND"}},{"arcs":[[-1592,-1639,-1637,1639,-1310]],"type":"Polygon","properties":{"n":"Rugri","c":378632,"d":"Saraikela Kharsawan","s":"JHARKHAND"}},{"arcs":[[-1311,-1640,-1636,1640,-1316]],"type":"Polygon","properties":{"n":"Jerasai","c":378633,"d":"Saraikela Kharsawan","s":"JHARKHAND"}},{"arcs":[[1641,1642,1643,1644,1645,-1634]],"type":"Polygon","properties":{"n":"Chhota Supaisai","c":378640,"d":"Saraikela Kharsawan","s":"JHARKHAND"}},{"arcs":[[-1642,-1633,-1631,-1629,1646,1647]],"type":"Polygon","properties":{"n":"Bara Sargidih","c":378639,"d":"Saraikela Kharsawan","s":"JHARKHAND"}},{"arcs":[[-1643,-1648,1648,1649]],"type":"Polygon","properties":{"n":"Losodiki","c":378638,"d":"Saraikela Kharsawan","s":"JHARKHAND"}},{"arcs":[[1650,-1644,-1650,1651,1652]],"type":"Polygon","properties":{"n":"Jojo Kurma","c":378637,"d":"Saraikela Kharsawan","s":"JHARKHAND"}},{"arcs":[[1653,-1653,1654]],"type":"Polygon","properties":{"n":"Singadih","c":378636,"d":"Saraikela Kharsawan","s":"JHARKHAND"}},{"arcs":[[1655,-1645,-1651,-1654,1656]],"type":"Polygon","properties":{"n":"Bara Kurma","c":378635,"d":"Saraikela Kharsawan","s":"JHARKHAND"}},{"arcs":[[-1641,-1635,-1646,-1656,1657,-1317]],"type":"Polygon","properties":{"n":"Telaidih","c":378634,"d":"Saraikela Kharsawan","s":"JHARKHAND"}},{"arcs":[[1658,-1418]],"type":"Polygon","properties":{"n":"Kadla","c":378731,"d":"Saraikela Kharsawan","s":"JHARKHAND"}},{"arcs":[[-1552,-1554,-1219,1659]],"type":"Polygon","properties":{"n":"Parmadih","c":378700,"d":"Saraikela Kharsawan","s":"JHARKHAND"}},{"arcs":[[1660,-1660,-1218,-1212]],"type":"Polygon","properties":{"n":"Kotoalbadi","c":378701,"d":"Saraikela Kharsawan","s":"JHARKHAND"}},{"arcs":[[-1409,-1408,-1405,-1403,-1659,-1417,-1455,-1482,-1459,-1472,-1547,-1555,-1550,-1553,-1661,-1211,-1185]],"type":"Polygon","properties":{"n":"Kharsawan","c":378732,"d":"Saraikela Kharsawan","s":"JHARKHAND"}},{"arcs":[[-874,1661,1662,1663]],"type":"Polygon","properties":{"n":"Birdih","c":378872,"d":"Saraikela Kharsawan","s":"JHARKHAND"}},{"arcs":[[-1663,1664,1665]],"type":"Polygon","properties":{"n":"Raharadih","c":378871,"d":"Saraikela Kharsawan","s":"JHARKHAND"}},{"arcs":[[1666,1667,1668]],"type":"Polygon","properties":{"n":"Raghunathpur","c":378869,"d":"Saraikela Kharsawan","s":"JHARKHAND"}},{"arcs":[[1669,1670,1671,1672,1673,1674,-1668]],"type":"Polygon","properties":{"n":"Situ","c":378868,"d":"Saraikela Kharsawan","s":"JHARKHAND"}},{"arcs":[[1675,1676,1677,-1671]],"type":"Polygon","properties":{"n":"Kurmadih","c":378880,"d":"Saraikela Kharsawan","s":"JHARKHAND"}},{"arcs":[[-873,1678,1679,1680,1681,1682,-1676,-1670,-1667,1683,-1665,-1662]],"type":"Polygon","properties":{"n":"Sodo","c":378870,"d":"Saraikela Kharsawan","s":"JHARKHAND"}},{"arcs":[[-877,-883,-913,1684,1685,-1679,-872]],"type":"Polygon","properties":{"n":"Bamundiih","c":378873,"d":"Saraikela Kharsawan","s":"JHARKHAND"}},{"arcs":[[1686,1687,1688,-1680,-1686]],"type":"Polygon","properties":{"n":"Khiri","c":378874,"d":"Saraikela Kharsawan","s":"JHARKHAND"}},{"arcs":[[-912,1689,-1687,-1685]],"type":"Polygon","properties":{"n":"Gobindpur","c":378920,"d":"Saraikela Kharsawan","s":"JHARKHAND"}},{"arcs":[[1690,1691,1692]],"type":"Polygon","properties":{"n":"Salukdih","c":378887,"d":"Saraikela Kharsawan","s":"JHARKHAND"}},{"arcs":[[1693,1694,-1691,-1674]],"type":"Polygon","properties":{"n":"Dumra","c":378886,"d":"Saraikela Kharsawan","s":"JHARKHAND"}},{"arcs":[[-1695,1695,1696,1697,1698,-1692]],"type":"Polygon","properties":{"n":"Kutam","c":378888,"d":"Saraikela Kharsawan","s":"JHARKHAND"}},{"arcs":[[-1694,1699,1700,-1696]],"type":"Polygon","properties":{"n":"Hartaldih","c":378885,"d":"Saraikela Kharsawan","s":"JHARKHAND"}},{"arcs":[[-1673,1701,1702,1703,1704,-1700]],"type":"Polygon","properties":{"n":"Purihesa","c":378884,"d":"Saraikela Kharsawan","s":"JHARKHAND"}},{"arcs":[[-1672,-1678,1705,1706,1707,-1702]],"type":"Polygon","properties":{"n":"Barachunchuria","c":378881,"d":"Saraikela Kharsawan","s":"JHARKHAND"}},{"arcs":[[-1677,-1683,1708,1709,-1706]],"type":"Polygon","properties":{"n":"Baradih","c":378879,"d":"Saraikela Kharsawan","s":"JHARKHAND"}},{"arcs":[[1710,1711,-1707,-1710]],"type":"Polygon","properties":{"n":"Chhota Chunchuria","c":378882,"d":"Saraikela Kharsawan","s":"JHARKHAND"}},{"arcs":[[1712,1713,1714,1715,-1698]],"type":"Polygon","properties":{"n":"Laba","c":378889,"d":"Saraikela Kharsawan","s":"JHARKHAND"}},{"arcs":[[1716,1717,1718,-1715]],"type":"Polygon","properties":{"n":"Chunidih","c":378890,"d":"Saraikela Kharsawan","s":"JHARKHAND"}},{"arcs":[[-1697,-1701,-1705,1719,1720,1721,1722,-1713]],"type":"Polygon","properties":{"n":"Bora","c":378908,"d":"Saraikela Kharsawan","s":"JHARKHAND"}},{"arcs":[[-1704,1723,1724,1725,-1720]],"type":"Polygon","properties":{"n":"Tuta","c":378909,"d":"Saraikela Kharsawan","s":"JHARKHAND"}},{"arcs":[[-1703,-1708,-1712,1726,1727,1728,-1724]],"type":"Polygon","properties":{"n":"Jharua","c":378883,"d":"Saraikela Kharsawan","s":"JHARKHAND"}},{"arcs":[[-1711,-1709,-1682,1729,1730,-1727]],"type":"Polygon","properties":{"n":"Adardih","c":379004,"d":"Saraikela Kharsawan","s":"JHARKHAND"}},{"arcs":[[1731,1732,-1730]],"type":"Polygon","properties":{"n":"Matkamdiih","c":378876,"d":"Saraikela Kharsawan","s":"JHARKHAND"}},{"arcs":[[-1681,-1689,1733,1734,1735,-1732]],"type":"Polygon","properties":{"n":"Bardadih","c":378875,"d":"Saraikela Kharsawan","s":"JHARKHAND"}},{"arcs":[[-911,1736,1737,1738,-1734,-1688,-1690]],"type":"Polygon","properties":{"n":"Harat","c":378919,"d":"Saraikela Kharsawan","s":"JHARKHAND"}},{"arcs":[[1739,-1737,-910]],"type":"Polygon","properties":{"n":" ","c":0,"d":"Saraikela Kharsawan","s":"JHARKHAND"}},{"arcs":[[1740,1741,-1739]],"type":"Polygon","properties":{"n":" ","c":0,"d":"Saraikela Kharsawan","s":"JHARKHAND"}},{"arcs":[[1742,1743,1744,-1735,-1742]],"type":"Polygon","properties":{"n":"Paharpur","c":378917,"d":"Saraikela Kharsawan","s":"JHARKHAND"}},{"arcs":[[1745,1746,-1728,-1731,-1733,-1736,-1745]],"type":"Polygon","properties":{"n":"Choga","c":378877,"d":"Saraikela Kharsawan","s":"JHARKHAND"}},{"arcs":[[-936,1747,1748,1749,1750,-1740,-928]],"type":"Polygon","properties":{"n":"Khokhro","c":378922,"d":"Saraikela Kharsawan","s":"JHARKHAND"}},{"arcs":[[1751,1752,1753,-1743,-1741,-1738,-1751]],"type":"Polygon","properties":{"n":"Rugri","c":378902,"d":"Saraikela Kharsawan","s":"JHARKHAND"}},{"arcs":[[1754,1755,1756,-1746,-1744,-1754]],"type":"Polygon","properties":{"n":"Chimtia","c":378916,"d":"Saraikela Kharsawan","s":"JHARKHAND"}},{"arcs":[[1757,1758,-1747,-1757]],"type":"Polygon","properties":{"n":"Chitri","c":378911,"d":"Saraikela Kharsawan","s":"JHARKHAND"}},{"arcs":[[1759,1760,1761,1762,-1725,-1729,-1759]],"type":"Polygon","properties":{"n":"Kuidih","c":378910,"d":"Saraikela Kharsawan","s":"JHARKHAND"}},{"arcs":[[1763,1764,1765,-1721,-1726,-1763]],"type":"Polygon","properties":{"n":"Dulmidih","c":378907,"d":"Saraikela Kharsawan","s":"JHARKHAND"}},{"arcs":[[1766,1767,1768,-1718,1769]],"type":"Polygon","properties":{"n":"Tirildih","c":378891,"d":"Saraikela Kharsawan","s":"JHARKHAND"}},{"arcs":[[-1717,-1714,-1723,1770,1771,1772,-1770]],"type":"Polygon","properties":{"n":"Dhundadih","c":378892,"d":"Saraikela Kharsawan","s":"JHARKHAND"}},{"arcs":[[-1722,-1766,1773,1774,-1771]],"type":"Polygon","properties":{"n":"Separam","c":378893,"d":"Saraikela Kharsawan","s":"JHARKHAND"}},{"arcs":[[-1765,1775,1776,1777,-1774]],"type":"Polygon","properties":{"n":"Pamea","c":378894,"d":"Saraikela Kharsawan","s":"JHARKHAND"}},{"arcs":[[1778,1779,1780,1781,-1767,-1773]],"type":"Polygon","properties":{"n":"Chipri","c":378897,"d":"Saraikela Kharsawan","s":"JHARKHAND"}},{"arcs":[[-1772,-1775,-1778,1782,1783,1784,1785,-1779]],"type":"Polygon","properties":{"n":"Baruna","c":378896,"d":"Saraikela Kharsawan","s":"JHARKHAND"}},{"arcs":[[1786,1787,-1784]],"type":"Polygon","properties":{"n":"Ratai","c":378905,"d":"Saraikela Kharsawan","s":"JHARKHAND"}},{"arcs":[[-1783,-1777,1788,-1787]],"type":"Polygon","properties":{"n":"Burudih","c":378895,"d":"Saraikela Kharsawan","s":"JHARKHAND"}},{"arcs":[[-1782,1789,1790,-1768]],"type":"Polygon","properties":{"n":"Jiling Adar","c":378898,"d":"Saraikela Kharsawan","s":"JHARKHAND"}},{"arcs":[[1791,1792,1793,1794,-1790,-1781]],"type":"Polygon","properties":{"n":"Dewaltand","c":378899,"d":"Saraikela Kharsawan","s":"JHARKHAND"}},{"arcs":[[1795,1796,1797,-1793]],"type":"Polygon","properties":{"n":" ","c":0,"d":"Saraikela Kharsawan","s":"JHARKHAND"}},{"arcs":[[-1792,-1780,-1786,1798,1799,-1796]],"type":"Polygon","properties":{"n":"Bamundih","c":378904,"d":"Saraikela Kharsawan","s":"JHARKHAND"}},{"arcs":[[1800,1801,1802,-1794,-1798]],"type":"Polygon","properties":{"n":"Nawadih","c":378900,"d":"Saraikela Kharsawan","s":"JHARKHAND"}},{"arcs":[[-1797,-1800,1803,1804,1805,-1801]],"type":"Polygon","properties":{"n":"Rugri","c":378915,"d":"Saraikela Kharsawan","s":"JHARKHAND"}},{"arcs":[[-981,1806,1807,-1748,-935]],"type":"Polygon","properties":{"n":"Diadih","c":378924,"d":"Saraikela Kharsawan","s":"JHARKHAND"}},{"arcs":[[1808,1809,1810,1811,-1749,-1808]],"type":"Polygon","properties":{"n":"Purandih","c":378925,"d":"Saraikela Kharsawan","s":"JHARKHAND"}},{"arcs":[[1812,1813,1814,-1752,-1750,-1812]],"type":"Polygon","properties":{"n":"Tamari","c":378914,"d":"Saraikela Kharsawan","s":"JHARKHAND"}},{"arcs":[[1815,1816,-1755,-1753,-1815]],"type":"Polygon","properties":{"n":"Atargram","c":378913,"d":"Saraikela Kharsawan","s":"JHARKHAND"}},{"arcs":[[1817,1818,-1758,-1756,-1817]],"type":"Polygon","properties":{"n":"Kistopur","c":378912,"d":"Saraikela Kharsawan","s":"JHARKHAND"}},{"arcs":[[1819,1820,-1760,-1819]],"type":"Polygon","properties":{"n":"Patpur","c":378936,"d":"Saraikela Kharsawan","s":"JHARKHAND"}},{"arcs":[[1821,1822,1823,1824,1825,-1761,-1821]],"type":"Polygon","properties":{"n":"Dumardih","c":378937,"d":"Saraikela Kharsawan","s":"JHARKHAND"}},{"arcs":[[1826,1827,1828,1829,-1804,-1799,-1785,-1788,-1789,-1776,-1764,-1762,-1826]],"type":"Polygon","properties":{"n":"Tikar","c":378906,"d":"Saraikela Kharsawan","s":"JHARKHAND"}},{"arcs":[[-1825,1830,1831,1832,-1827]],"type":"Polygon","properties":{"n":"Jaragoda","c":378938,"d":"Saraikela Kharsawan","s":"JHARKHAND"}},{"arcs":[[1833,1834,1835,-1828,-1833]],"type":"Polygon","properties":{"n":"Bankati","c":378941,"d":"Saraikela Kharsawan","s":"JHARKHAND"}},{"arcs":[[-1836,1836,1837,-1829]],"type":"Polygon","properties":{"n":"Serengdih","c":378943,"d":"Saraikela Kharsawan","s":"JHARKHAND"}},{"arcs":[[1838,1839,1840,-1805,-1830,-1838]],"type":"Polygon","properties":{"n":"Agsia","c":378944,"d":"Saraikela Kharsawan","s":"JHARKHAND"}},{"arcs":[[-1837,-1835,1841,1842,1843,-1839]],"type":"Polygon","properties":{"n":"Naro","c":378942,"d":"Saraikela Kharsawan","s":"JHARKHAND"}},{"arcs":[[-1834,-1832,1844,1845,1846,1847,-1842]],"type":"Polygon","properties":{"n":"Kundrilong","c":378940,"d":"Saraikela Kharsawan","s":"JHARKHAND"}},{"arcs":[[-1831,-1824,1848,1849,1850,-1845]],"type":"Polygon","properties":{"n":"Kandebeda","c":378939,"d":"Saraikela Kharsawan","s":"JHARKHAND"}},{"arcs":[[-1820,-1818,-1816,1851,1852,1853,-1822]],"type":"Polygon","properties":{"n":"Lepatand","c":378935,"d":"Saraikela Kharsawan","s":"JHARKHAND"}},{"arcs":[[1854,1855,1856,1857,-1849,-1823,-1854]],"type":"Polygon","properties":{"n":"Budalong","c":378951,"d":"Saraikela Kharsawan","s":"JHARKHAND"}},{"arcs":[[1858,1859,1860,1861,1862,-1852,-1814]],"type":"Polygon","properties":{"n":"Ichagarh","c":378933,"d":"Saraikela Kharsawan","s":"JHARKHAND"}},{"arcs":[[1863,-1855,-1853,-1863]],"type":"Polygon","properties":{"n":"Bankasai","c":378934,"d":"Saraikela Kharsawan","s":"JHARKHAND"}},{"arcs":[[-1813,-1811,1864,1865,-1859]],"type":"Polygon","properties":{"n":"Wakatoriya","c":378932,"d":"Saraikela Kharsawan","s":"JHARKHAND"}},{"arcs":[[-1810,1866,1867,1868,-1865]],"type":"Polygon","properties":{"n":"Karka","c":378927,"d":"Saraikela Kharsawan","s":"JHARKHAND"}},{"arcs":[[-990,1869,-1867,-1809,-1807,-980]],"type":"Polygon","properties":{"n":"Garadih","c":378926,"d":"Saraikela Kharsawan","s":"JHARKHAND"}},{"arcs":[[1870,1871,1872,-1860,-1866,-1869]],"type":"Polygon","properties":{"n":"Lepsodih","c":378931,"d":"Saraikela Kharsawan","s":"JHARKHAND"}},{"arcs":[[-1868,-1870,-989,1873,1874,1875,-1871]],"type":"Polygon","properties":{"n":"Buruhatu","c":378928,"d":"Saraikela Kharsawan","s":"JHARKHAND"}},{"arcs":[[-998,-999,-1004,1876,1877,-1874,-988]],"type":"Polygon","properties":{"n":"Maisara","c":378923,"d":"Saraikela Kharsawan","s":"JHARKHAND"}},{"arcs":[[1878,1879,-1875,-1878]],"type":"Polygon","properties":{"n":"Matkamdih.","c":378929,"d":"Saraikela Kharsawan","s":"JHARKHAND"}},{"arcs":[[1880,1881,-1872,-1876,-1880]],"type":"Polygon","properties":{"n":"Durri","c":378930,"d":"Saraikela Kharsawan","s":"JHARKHAND"}},{"arcs":[[-1003,1882,1883,1884,-1881,-1879,-1877]],"type":"Polygon","properties":{"n":"Kalichamda","c":378974,"d":"Saraikela Kharsawan","s":"JHARKHAND"}},{"arcs":[[-683,-690,1885,1886,1887,-1883,-1002]],"type":"Polygon","properties":{"n":"Harasundarpur","c":379039,"d":"Saraikela Kharsawan","s":"JHARKHAND"}},{"arcs":[[1888,1889,1890,-1884,-1888]],"type":"Polygon","properties":{"n":"Chamda","c":378973,"d":"Saraikela Kharsawan","s":"JHARKHAND"}},{"arcs":[[1891,1892,1893,-1889,-1887]],"type":"Polygon","properties":{"n":" ","c":0,"d":"Saraikela Kharsawan","s":"JHARKHAND"}},{"arcs":[[-1894,1894,1895,1896,1897,-1890]],"type":"Polygon","properties":{"n":"Udal","c":378971,"d":"Saraikela Kharsawan","s":"JHARKHAND"}},{"arcs":[[-1898,1898,1899,-1882,-1885,-1891]],"type":"Polygon","properties":{"n":"Hurlung","c":378972,"d":"Saraikela Kharsawan","s":"JHARKHAND"}},{"arcs":[[1900,1901,1902,1903,-1861,-1873,-1900]],"type":"Polygon","properties":{"n":"Patkum","c":378968,"d":"Saraikela Kharsawan","s":"JHARKHAND"}},{"arcs":[[1904,1905,1906,-1902]],"type":"Polygon","properties":{"n":"Dalgram","c":378969,"d":"Saraikela Kharsawan","s":"JHARKHAND"}},{"arcs":[[-1901,-1899,-1897,1907,-1905]],"type":"Polygon","properties":{"n":"Karandih","c":378970,"d":"Saraikela Kharsawan","s":"JHARKHAND"}},{"arcs":[[1908,1909,-76,1910,-1895,-1893]],"type":"Polygon","properties":{"n":"Kuruktopa","c":378977,"d":"Saraikela Kharsawan","s":"JHARKHAND"}},{"arcs":[[-1911,-81,1911,1912,-1906,-1908,-1896]],"type":"Polygon","properties":{"n":"Bandu","c":378965,"d":"Saraikela Kharsawan","s":"JHARKHAND"}},{"arcs":[[-80,-74,1913,-1912]],"type":"Polygon","properties":{"n":"Jamdoha","c":378966,"d":"Saraikela Kharsawan","s":"JHARKHAND"}},{"arcs":[[-1907,-1913,-1914,-73,1914,1915,1916,1917,-1903]],"type":"Polygon","properties":{"n":"Gaurang Kocha","c":378967,"d":"Saraikela Kharsawan","s":"JHARKHAND"}},{"arcs":[[1918,-1864,-1862,-1904,-1918]],"type":"Polygon","properties":{"n":"Kunjaban","c":378953,"d":"Saraikela Kharsawan","s":"JHARKHAND"}},{"arcs":[[-1917,1919,1920,1921,-1856,-1919]],"type":"Polygon","properties":{"n":"Salbani","c":378952,"d":"Saraikela Kharsawan","s":"JHARKHAND"}},{"arcs":[[1922,1923,1924,-1921]],"type":"Polygon","properties":{"n":"Silda","c":378954,"d":"Saraikela Kharsawan","s":"JHARKHAND"}},{"arcs":[[-1916,1925,1926,-1923,-1920]],"type":"Polygon","properties":{"n":"Katgoda","c":378955,"d":"Saraikela Kharsawan","s":"JHARKHAND"}},{"arcs":[[-1924,-1927,1927,1928,1929,1930]],"type":"Polygon","properties":{"n":"Gudri","c":378956,"d":"Saraikela Kharsawan","s":"JHARKHAND"}},{"arcs":[[1931,1932,-1857,-1922,-1925,-1931]],"type":"Polygon","properties":{"n":"Chota Amra","c":378957,"d":"Saraikela Kharsawan","s":"JHARKHAND"}},{"arcs":[[-1932,-1930,1933,1934,1935,1936,1937,1938]],"type":"Polygon","properties":{"n":"Bara Amra","c":378958,"d":"Saraikela Kharsawan","s":"JHARKHAND"}},{"arcs":[[1939,-1850,-1858,-1933,-1939]],"type":"Polygon","properties":{"n":"Ghatia","c":378950,"d":"Saraikela Kharsawan","s":"JHARKHAND"}},{"arcs":[[1940,-1846,-1851,-1940]],"type":"Polygon","properties":{"n":"Ghatsila","c":378949,"d":"Saraikela Kharsawan","s":"JHARKHAND"}},{"arcs":[[-1938,1941,1942,1943,-1847,-1941]],"type":"Polygon","properties":{"n":"Hutup","c":378948,"d":"Saraikela Kharsawan","s":"JHARKHAND"}},{"arcs":[[1944,1945,1946,1947,1948,-1942,-1937]],"type":"Polygon","properties":{"n":"Hundi","c":378959,"d":"Saraikela Kharsawan","s":"JHARKHAND"}},{"arcs":[[1949,1950,-1843,-1848,-1944]],"type":"Polygon","properties":{"n":"Nadisai","c":378947,"d":"Saraikela Kharsawan","s":"JHARKHAND"}},{"arcs":[[-1943,-1949,1951,1952,-1950]],"type":"Polygon","properties":{"n":"Chouriyadih","c":378946,"d":"Saraikela Kharsawan","s":"JHARKHAND"}},{"arcs":[[-1951,-1953,1953,1954,1955,-1840,-1844]],"type":"Polygon","properties":{"n":"Kutam","c":378945,"d":"Saraikela Kharsawan","s":"JHARKHAND"}},{"arcs":[[-1841,-1956,1956,1957,-1802,-1806]],"type":"Polygon","properties":{"n":"Basahatu","c":378901,"d":"Saraikela Kharsawan","s":"JHARKHAND"}},{"arcs":[[1958,1959,1960,1961,-1957,-1955,1962]],"type":"Polygon","properties":{"n":"Amandiri","c":378961,"d":"Saraikela Kharsawan","s":"JHARKHAND"}},{"arcs":[[1963,1964,1965,-1961]],"type":"Polygon","properties":{"n":"Sankradih","c":378962,"d":"Saraikela Kharsawan","s":"JHARKHAND"}},{"arcs":[[-1960,1966,1967,-1964]],"type":"Polygon","properties":{"n":"Gurma","c":378963,"d":"Saraikela Kharsawan","s":"JHARKHAND"}},{"arcs":[[1968,-34,1969,-1967,-1959,1970]],"type":"Polygon","properties":{"n":"Daurda","c":378960,"d":"Saraikela Kharsawan","s":"JHARKHAND"}},{"arcs":[[-1968,-1970,-33,1971,-1965]],"type":"Polygon","properties":{"n":"Ghagri","c":378964,"d":"Saraikela Kharsawan","s":"JHARKHAND"}},{"arcs":[[1972,1973,1974,1975,1976,1977,1978]],"type":"Polygon","properties":{"n":"Jota","c":379465,"d":"Saraikela Kharsawan","s":"JHARKHAND"}},{"arcs":[[1979,1980,1981,-1977]],"type":"Polygon","properties":{"n":"Sangajota","c":379466,"d":"Saraikela Kharsawan","s":"JHARKHAND"}},{"arcs":[[-1976,1982,1983,1984,-1980]],"type":"Polygon","properties":{"n":"Tipangtanr","c":379467,"d":"Saraikela Kharsawan","s":"JHARKHAND"}},{"arcs":[[1985,1986,1987,-1974,1988]],"type":"Polygon","properties":{"n":"Gopalpur","c":379464,"d":"Saraikela Kharsawan","s":"JHARKHAND"}},{"arcs":[[1989,1990,1991,1992,1993,-1986,1994]],"type":"Polygon","properties":{"n":"Chorbandha","c":379463,"d":"Saraikela Kharsawan","s":"JHARKHAND"}},{"arcs":[[1995,1996,1997,-1987,-1994]],"type":"Polygon","properties":{"n":"Bharatpur","c":379469,"d":"Saraikela Kharsawan","s":"JHARKHAND"}},{"arcs":[[1998,-1983,-1975,-1988,-1998]],"type":"Polygon","properties":{"n":"Mundakati","c":379468,"d":"Saraikela Kharsawan","s":"JHARKHAND"}},{"arcs":[[-1999,1999,2000,2001,2002,-1984]],"type":"Polygon","properties":{"n":"Bana","c":379484,"d":"Saraikela Kharsawan","s":"JHARKHAND"}},{"arcs":[[-1997,2003,2004,-2000]],"type":"Polygon","properties":{"n":"Khair Kocha","c":379483,"d":"Saraikela Kharsawan","s":"JHARKHAND"}},{"arcs":[[2005,2006,2007,2008,2009,-1992,2010]],"type":"Polygon","properties":{"n":"Bara Kunabera","c":379470,"d":"Saraikela Kharsawan","s":"JHARKHAND"}},{"arcs":[[2011,2012,2013,-2004,-1996,-1993,-2010]],"type":"Polygon","properties":{"n":"Gengeruri","c":379482,"d":"Saraikela Kharsawan","s":"JHARKHAND"}},{"arcs":[[-2009,2014,2015,-2012]],"type":"Polygon","properties":{"n":"Sosodih","c":379481,"d":"Saraikela Kharsawan","s":"JHARKHAND"}},{"arcs":[[2016,2017,2018,2019,-2007,2020,2021]],"type":"Polygon","properties":{"n":"Chota Kunabera","c":379471,"d":"Saraikela Kharsawan","s":"JHARKHAND"}},{"arcs":[[2022,2023,2024,2025,-2018,2026]],"type":"Polygon","properties":{"n":"Majgaon","c":379586,"d":"Saraikela Kharsawan","s":"JHARKHAND"}},{"arcs":[[2027,2028,2029,2030,-2019,-2026]],"type":"Polygon","properties":{"n":"Balarampur","c":379478,"d":"Saraikela Kharsawan","s":"JHARKHAND"}},{"arcs":[[-2025,2031,2032,2033,-2028]],"type":"Polygon","properties":{"n":"Bend Kalsai","c":379477,"d":"Saraikela Kharsawan","s":"JHARKHAND"}},{"arcs":[[2034,2035,2036,-2008,-2020,-2031]],"type":"Polygon","properties":{"n":"Gangadihi","c":379479,"d":"Saraikela Kharsawan","s":"JHARKHAND"}},{"arcs":[[2037,2038,2039,2040,2041,2042,2043,2044]],"type":"Polygon","properties":{"n":"Chapra","c":379488,"d":"Saraikela Kharsawan","s":"JHARKHAND"}},{"arcs":[[2045,2046,2047,2048,-2039,2049]],"type":"Polygon","properties":{"n":"Chhelkani","c":379487,"d":"Saraikela Kharsawan","s":"JHARKHAND"}},{"arcs":[[2050,2051,2052,-2047,2053,2054,-2002]],"type":"Polygon","properties":{"n":"Kolabaria","c":379486,"d":"Saraikela Kharsawan","s":"JHARKHAND"}},{"arcs":[[2055,2056,2057,-2051,-2001]],"type":"Polygon","properties":{"n":"Tengrani","c":379485,"d":"Saraikela Kharsawan","s":"JHARKHAND"}},{"arcs":[[2058,2059,2060,-2056,-2005]],"type":"Polygon","properties":{"n":"Chhota Khiri","c":379496,"d":"Saraikela Kharsawan","s":"JHARKHAND"}},{"arcs":[[-2014,2061,2062,2063,2064,-2059]],"type":"Polygon","properties":{"n":"Sidadih","c":379497,"d":"Saraikela Kharsawan","s":"JHARKHAND"}},{"arcs":[[-2013,-2016,2065,2066,-2062]],"type":"Polygon","properties":{"n":"Bankhairbani","c":379501,"d":"Saraikela Kharsawan","s":"JHARKHAND"}},{"arcs":[[-2015,-2037,2067,2068,-2066]],"type":"Polygon","properties":{"n":"Bera Kudar","c":379502,"d":"Saraikela Kharsawan","s":"JHARKHAND"}},{"arcs":[[2069,2070,2071,2072,2073,2074,-2042]],"type":"Polygon","properties":{"n":"Dumardiha","c":379489,"d":"Saraikela Kharsawan","s":"JHARKHAND"}},{"arcs":[[-2041,2075,2076,2077,-2070]],"type":"Polygon","properties":{"n":"Bikrampur","c":379491,"d":"Saraikela Kharsawan","s":"JHARKHAND"}},{"arcs":[[-2040,-2049,2078,-2076]],"type":"Polygon","properties":{"n":"Radhanagar","c":379632,"d":"Saraikela Kharsawan","s":"JHARKHAND"}},{"arcs":[[2079,2080,-2071,-2078]],"type":"Polygon","properties":{"n":"Burudih","c":379490,"d":"Saraikela Kharsawan","s":"JHARKHAND"}},{"arcs":[[2081,2082,2083,-2053]],"type":"Polygon","properties":{"n":"Saragchira","c":379492,"d":"Saraikela Kharsawan","s":"JHARKHAND"}},{"arcs":[[2084,2085,2086,-2080,-2077,-2079,-2048,-2084]],"type":"Polygon","properties":{"n":"Sanjar","c":379528,"d":"Saraikela Kharsawan","s":"JHARKHAND"}},{"arcs":[[-2052,2087,2088,2089,-2082]],"type":"Polygon","properties":{"n":"Haumanada","c":379493,"d":"Saraikela Kharsawan","s":"JHARKHAND"}},{"arcs":[[2090,-2088,-2058,2091,2092]],"type":"Polygon","properties":{"n":"Barakanki","c":379494,"d":"Saraikela Kharsawan","s":"JHARKHAND"}},{"arcs":[[-2091,2093,2094,2095,-2089]],"type":"Polygon","properties":{"n":"Chhota Kanki","c":379525,"d":"Saraikela Kharsawan","s":"JHARKHAND"}},{"arcs":[[-2090,-2096,2096,2097,2098,2099,-2085,-2083]],"type":"Polygon","properties":{"n":"Kuorda","c":379527,"d":"Saraikela Kharsawan","s":"JHARKHAND"}},{"arcs":[[-2095,2100,-2097]],"type":"Polygon","properties":{"n":"Durgajagmohanpur","c":379526,"d":"Saraikela Kharsawan","s":"JHARKHAND"}},{"arcs":[[2101,2102,-2101,-2094,-2093,2103]],"type":"Polygon","properties":{"n":"Ranjor","c":379524,"d":"Saraikela Kharsawan","s":"JHARKHAND"}},{"arcs":[[2104,2105,2106,2107,2108,-2104,-2092,-2057,-2061,2109]],"type":"Polygon","properties":{"n":"Bhalubasa","c":379495,"d":"Saraikela Kharsawan","s":"JHARKHAND"}},{"arcs":[[2110,-2110,-2060,-2065,2111]],"type":"Polygon","properties":{"n":"Bara Khiri","c":379498,"d":"Saraikela Kharsawan","s":"JHARKHAND"}},{"arcs":[[2112,-2105,-2111,2113]],"type":"Polygon","properties":{"n":"Baljori","c":379499,"d":"Saraikela Kharsawan","s":"JHARKHAND"}},{"arcs":[[2114,-2106,-2113,2115]],"type":"Polygon","properties":{"n":" ","c":0,"d":"Saraikela Kharsawan","s":"JHARKHAND"}},{"arcs":[[2116,2117,-2107,-2115]],"type":"Polygon","properties":{"n":"Adarhatu","c":379523,"d":"Saraikela Kharsawan","s":"JHARKHAND"}},{"arcs":[[-2112,-2064,2118,2119,2120,-2116,-2114]],"type":"Polygon","properties":{"n":"Baramtalia","c":379500,"d":"Saraikela Kharsawan","s":"JHARKHAND"}},{"arcs":[[2121,2122,2123,-2119,-2063,-2067]],"type":"Polygon","properties":{"n":"Baramtalia","c":379500,"d":"Saraikela Kharsawan","s":"JHARKHAND"}},{"arcs":[[2124,2125,2126,-2117,-2121]],"type":"Polygon","properties":{"n":"Gopinathpur","c":379522,"d":"Saraikela Kharsawan","s":"JHARKHAND"}},{"arcs":[[-2120,-2124,2127,2128,-2125]],"type":"Polygon","properties":{"n":"Bandi","c":379521,"d":"Saraikela Kharsawan","s":"JHARKHAND"}},{"arcs":[[2129,2130,2131,2132,-2032,-2024,2133,2134]],"type":"Polygon","properties":{"n":"Bisrampur","c":379688,"d":"Saraikela Kharsawan","s":"JHARKHAND"}},{"arcs":[[2135,2136,-2131,2137]],"type":"Polygon","properties":{"n":"Bidri","c":379474,"d":"Saraikela Kharsawan","s":"JHARKHAND"}},{"arcs":[[2138,2139,2140,-2132,-2137]],"type":"Polygon","properties":{"n":"Batarbera","c":379475,"d":"Saraikela Kharsawan","s":"JHARKHAND"}},{"arcs":[[2141,2142,2143,-2033,-2133,-2141]],"type":"Polygon","properties":{"n":"Kendmundi","c":379476,"d":"Saraikela Kharsawan","s":"JHARKHAND"}},{"arcs":[[2144,2145,2146,-2029,-2034,-2144]],"type":"Polygon","properties":{"n":"Sosomuli","c":379505,"d":"Saraikela Kharsawan","s":"JHARKHAND"}},{"arcs":[[2147,2148,2149,-2035,-2030,-2147]],"type":"Polygon","properties":{"n":"Padnam Sahi","c":379504,"d":"Saraikela Kharsawan","s":"JHARKHAND"}},{"arcs":[[2150,-2068,-2036,-2150]],"type":"Polygon","properties":{"n":"Tuibasa","c":379480,"d":"Saraikela Kharsawan","s":"JHARKHAND"}},{"arcs":[[-2149,2151,2152,2153,2154,-2122,-2069,-2151]],"type":"Polygon","properties":{"n":"Matkumbera","c":379503,"d":"Saraikela Kharsawan","s":"JHARKHAND"}},{"arcs":[[-2148,-2146,2155,2156,2157,2158,2159,-2152]],"type":"Polygon","properties":{"n":"Tangarjora","c":379507,"d":"Saraikela Kharsawan","s":"JHARKHAND"}},{"arcs":[[-2145,-2143,2160,2161,2162,-2156]],"type":"Polygon","properties":{"n":"Salbani","c":379506,"d":"Saraikela Kharsawan","s":"JHARKHAND"}},{"arcs":[[2163,2164,-2161,-2142,-2140]],"type":"Polygon","properties":{"n":"Lakhiposi","c":379509,"d":"Saraikela Kharsawan","s":"JHARKHAND"}},{"arcs":[[-2136,2165,2166,2167,-2164,-2139]],"type":"Polygon","properties":{"n":"Paharpur","c":379510,"d":"Saraikela Kharsawan","s":"JHARKHAND"}},{"arcs":[[2168,2169,2170,2171,2172,-2167]],"type":"Polygon","properties":{"n":"Antusahi","c":379512,"d":"Saraikela Kharsawan","s":"JHARKHAND"}},{"arcs":[[2173,2174,-2170,2175]],"type":"Polygon","properties":{"n":"Nayadih","c":379555,"d":"Saraikela Kharsawan","s":"JHARKHAND"}},{"arcs":[[2176,-2174,2177]],"type":"Polygon","properties":{"n":"Dumardiha","c":379556,"d":"Saraikela Kharsawan","s":"JHARKHAND"}},{"arcs":[[2178,2179,2180,2181,-2162,-2165,-2168,-2173]],"type":"Polygon","properties":{"n":"Tumung","c":379511,"d":"Saraikela Kharsawan","s":"JHARKHAND"}},{"arcs":[[-2172,2182,2183,-2179]],"type":"Polygon","properties":{"n":"Nagadi","c":379513,"d":"Saraikela Kharsawan","s":"JHARKHAND"}},{"arcs":[[2184,-2157,-2163,-2182]],"type":"Polygon","properties":{"n":"Kesar Sara","c":379508,"d":"Saraikela Kharsawan","s":"JHARKHAND"}},{"arcs":[[-2181,2185,2186,2187,-2158,-2185]],"type":"Polygon","properties":{"n":"Batujhar","c":379515,"d":"Saraikela Kharsawan","s":"JHARKHAND"}},{"arcs":[[-2188,2188,2189,2190,2191,-2159]],"type":"Polygon","properties":{"n":"Barsasai","c":379516,"d":"Saraikela Kharsawan","s":"JHARKHAND"}},{"arcs":[[2192,-2153,-2160,-2192]],"type":"Polygon","properties":{"n":"Gumdipani","c":379517,"d":"Saraikela Kharsawan","s":"JHARKHAND"}},{"arcs":[[-2191,2193,2194,2195,-2154,-2193]],"type":"Polygon","properties":{"n":"Bhuyanachna","c":379518,"d":"Saraikela Kharsawan","s":"JHARKHAND"}},{"arcs":[[2196,2197,2198,2199,-2128,-2123,-2155,-2196]],"type":"Polygon","properties":{"n":"Bongadandu","c":379520,"d":"Saraikela Kharsawan","s":"JHARKHAND"}},{"arcs":[[-2195,2200,2201,-2197]],"type":"Polygon","properties":{"n":"Mahesh Kudar","c":379519,"d":"Saraikela Kharsawan","s":"JHARKHAND"}},{"arcs":[[-2180,-2184,2202,2203,2204,-2186]],"type":"Polygon","properties":{"n":"Chaliama","c":379514,"d":"Saraikela Kharsawan","s":"JHARKHAND"}},{"arcs":[[2205,2206,-2199]],"type":"Polygon","properties":{"n":"Nayasai","c":379548,"d":"Saraikela Kharsawan","s":"JHARKHAND"}},{"arcs":[[-2200,-2207,2207,2208,-2126,-2129]],"type":"Polygon","properties":{"n":"Sobhapur","c":379547,"d":"Saraikela Kharsawan","s":"JHARKHAND"}},{"arcs":[[2209,2210,2211,-2118,-2127,-2209]],"type":"Polygon","properties":{"n":"Kamalpur","c":379546,"d":"Saraikela Kharsawan","s":"JHARKHAND"}},{"arcs":[[-2208,-2206,-2198,-2202,2212,2213,2214,2215,-2210]],"type":"Polygon","properties":{"n":"Dandu","c":379549,"d":"Saraikela Kharsawan","s":"JHARKHAND"}},{"arcs":[[-2194,-2190,2216,2217,2218,-2201]],"type":"Polygon","properties":{"n":"Pachrikutung","c":379551,"d":"Saraikela Kharsawan","s":"JHARKHAND"}},{"arcs":[[-2187,-2205,2219,2220,2221,-2217,-2189]],"type":"Polygon","properties":{"n":"Rupanachra","c":379552,"d":"Saraikela Kharsawan","s":"JHARKHAND"}},{"arcs":[[-2171,-2175,-2177,2222,2223,2224,-2203,-2183]],"type":"Polygon","properties":{"n":"Natairuri","c":379554,"d":"Saraikela Kharsawan","s":"JHARKHAND"}},{"arcs":[[2225,2226,2227,-2224]],"type":"Polygon","properties":{"n":"Sonardi","c":379557,"d":"Saraikela Kharsawan","s":"JHARKHAND"}},{"arcs":[[-2228,2228,2229,-2220,-2204,-2225]],"type":"Polygon","properties":{"n":"Edal","c":379553,"d":"Saraikela Kharsawan","s":"JHARKHAND"}},{"arcs":[[2230,2231,2232,2233,-2221,-2230]],"type":"Polygon","properties":{"n":"Bamankutung","c":379559,"d":"Saraikela Kharsawan","s":"JHARKHAND"}},{"arcs":[[2234,2235,2236,-2218,-2222,-2234]],"type":"Polygon","properties":{"n":"Golokutung","c":379560,"d":"Saraikela Kharsawan","s":"JHARKHAND"}},{"arcs":[[2237,2238,-2213,-2219,-2237]],"type":"Polygon","properties":{"n":"Khairbani","c":379550,"d":"Saraikela Kharsawan","s":"JHARKHAND"}},{"arcs":[[-2227,2239,2240,2241,-2231,-2229]],"type":"Polygon","properties":{"n":"Hesal","c":379558,"d":"Saraikela Kharsawan","s":"JHARKHAND"}},{"arcs":[[2242,2243,2244,-2211,-2216]],"type":"Polygon","properties":{"n":"Amlatala","c":379565,"d":"Saraikela Kharsawan","s":"JHARKHAND"}},{"arcs":[[2245,2246,2247,-2108,-2212,-2245]],"type":"Polygon","properties":{"n":"Tentidih","c":379545,"d":"Saraikela Kharsawan","s":"JHARKHAND"}},{"arcs":[[-2248,2248,2249,-2102,-2109]],"type":"Polygon","properties":{"n":"Tentla","c":379544,"d":"Saraikela Kharsawan","s":"JHARKHAND"}},{"arcs":[[-2250,2250,2251,2252,-2098,-2103]],"type":"Polygon","properties":{"n":"Gura","c":379542,"d":"Saraikela Kharsawan","s":"JHARKHAND"}},{"arcs":[[-2249,-2247,2253,2254,2255,2256,-2251]],"type":"Polygon","properties":{"n":"Jarkan","c":379543,"d":"Saraikela Kharsawan","s":"JHARKHAND"}},{"arcs":[[-2246,-2244,2257,2258,-2254]],"type":"Polygon","properties":{"n":"Pandugiti","c":379566,"d":"Saraikela Kharsawan","s":"JHARKHAND"}},{"arcs":[[2259,2260,2261,2262,-2255,-2259]],"type":"Polygon","properties":{"n":"Baghraisai","c":379567,"d":"Saraikela Kharsawan","s":"JHARKHAND"}},{"arcs":[[-2258,-2243,-2215,2263,2264,2265,2266,-2260]],"type":"Polygon","properties":{"n":"Gobindpur","c":379564,"d":"Saraikela Kharsawan","s":"JHARKHAND"}},{"arcs":[[-2214,-2239,2267,2268,-2264]],"type":"Polygon","properties":{"n":"Bankati","c":379563,"d":"Saraikela Kharsawan","s":"JHARKHAND"}},{"arcs":[[-2238,-2236,2269,2270,2271,2272,-2268]],"type":"Polygon","properties":{"n":"Khokro","c":379562,"d":"Saraikela Kharsawan","s":"JHARKHAND"}},{"arcs":[[-2235,-2233,2273,2274,-2270]],"type":"Polygon","properties":{"n":"Chota Sijulata","c":379561,"d":"Saraikela Kharsawan","s":"JHARKHAND"}},{"arcs":[[2275,2276,-2271,-2275]],"type":"Polygon","properties":{"n":"Urughutu","c":379591,"d":"Saraikela Kharsawan","s":"JHARKHAND"}},{"arcs":[[-2232,-2242,2277,2278,-2274]],"type":"Polygon","properties":{"n":"Bara Sijulata","c":379592,"d":"Saraikela Kharsawan","s":"JHARKHAND"}},{"arcs":[[-2241,2279,2280,-2278]],"type":"Polygon","properties":{"n":"Dangardiha","c":379712,"d":"Saraikela Kharsawan","s":"JHARKHAND"}},{"arcs":[[-2281,2281,2282,2283,-2276,-2279]],"type":"Polygon","properties":{"n":"Gobardhan","c":379595,"d":"Saraikela Kharsawan","s":"JHARKHAND"}},{"arcs":[[-2284,2284,2285,2286,2287,-2272,-2277]],"type":"Polygon","properties":{"n":"Jambani","c":379600,"d":"Saraikela Kharsawan","s":"JHARKHAND"}},{"arcs":[[-2283,2288,2289,2290,-2285]],"type":"Polygon","properties":{"n":"Rampur","c":379596,"d":"Saraikela Kharsawan","s":"JHARKHAND"}},{"arcs":[[2291,2292,-2265,-2269,-2273,-2288]],"type":"Polygon","properties":{"n":"Rutudih","c":379590,"d":"Saraikela Kharsawan","s":"JHARKHAND"}},{"arcs":[[2293,2294,-2290]],"type":"Polygon","properties":{"n":"Phuphundi","c":379597,"d":"Saraikela Kharsawan","s":"JHARKHAND"}},{"arcs":[[2295,2296,2297,-2295]],"type":"Polygon","properties":{"n":"Muchiasai","c":379598,"d":"Saraikela Kharsawan","s":"JHARKHAND"}},{"arcs":[[2298,2299,2300,-2286,-2291,-2298]],"type":"Polygon","properties":{"n":"Itapokhar","c":379599,"d":"Saraikela Kharsawan","s":"JHARKHAND"}},{"arcs":[[2301,2302,2303,2304,2305,-2292,-2287,-2301]],"type":"Polygon","properties":{"n":"Jumal","c":379601,"d":"Saraikela Kharsawan","s":"JHARKHAND"}},{"arcs":[[-2306,2306,2307,2308,-2266,-2293]],"type":"Polygon","properties":{"n":"Solgaria","c":379589,"d":"Saraikela Kharsawan","s":"JHARKHAND"}},{"arcs":[[-2309,2309,-2261,-2267]],"type":"Polygon","properties":{"n":"Karko","c":379588,"d":"Saraikela Kharsawan","s":"JHARKHAND"}},{"arcs":[[2310,2311,2312,2313,2314,-2256,-2263]],"type":"Polygon","properties":{"n":"Bariasai","c":379568,"d":"Saraikela Kharsawan","s":"JHARKHAND"}},{"arcs":[[2315,2316,2317,2318,2319,-2252,-2257,-2315]],"type":"Polygon","properties":{"n":"Kushnopur","c":379569,"d":"Saraikela Kharsawan","s":"JHARKHAND"}},{"arcs":[[2320,2321,-2099,-2253,-2320]],"type":"Polygon","properties":{"n":"Hakasara","c":379541,"d":"Saraikela Kharsawan","s":"JHARKHAND"}},{"arcs":[[2322,2323,2324,-2100,-2322]],"type":"Polygon","properties":{"n":"Chheria Pahari","c":379539,"d":"Saraikela Kharsawan","s":"JHARKHAND"}},{"arcs":[[2325,2326,-2086,-2325]],"type":"Polygon","properties":{"n":"Ranigunj","c":379537,"d":"Saraikela Kharsawan","s":"JHARKHAND"}},{"arcs":[[2327,2328,-534,2329,2330]],"type":"Polygon","properties":{"n":"Lakshmipur","c":379530,"d":"Saraikela Kharsawan","s":"JHARKHAND"}},{"arcs":[[2331,2332,2333,-546,-530,-2329,2334,-2073]],"type":"Polygon","properties":{"n":"Nichintpur","c":379531,"d":"Saraikela Kharsawan","s":"JHARKHAND"}},{"arcs":[[-2072,-2081,2335,2336,2337,2338,2339,-2332]],"type":"Polygon","properties":{"n":"Lakshmiposi","c":379529,"d":"Saraikela Kharsawan","s":"JHARKHAND"}},{"arcs":[[-2333,-2340,2340]],"type":"Polygon","properties":{"n":"Muhuldiha","c":379532,"d":"Saraikela Kharsawan","s":"JHARKHAND"}},{"arcs":[[-2341,-2339,2341,-540,-2334]],"type":"Polygon","properties":{"n":"Bankati","c":379533,"d":"Saraikela Kharsawan","s":"JHARKHAND"}},{"arcs":[[-2338,2342,2343,-576,-2342]],"type":"Polygon","properties":{"n":"Asua","c":379534,"d":"Saraikela Kharsawan","s":"JHARKHAND"}},{"arcs":[[2344,2345,-2337]],"type":"Polygon","properties":{"n":"Baridih","c":379535,"d":"Saraikela Kharsawan","s":"JHARKHAND"}},{"arcs":[[-2336,-2087,-2327,2346,2347,2348,-2345]],"type":"Polygon","properties":{"n":"Bara Dholadih","c":379536,"d":"Saraikela Kharsawan","s":"JHARKHAND"}},{"arcs":[[-2326,-2324,2349,2350,-2347]],"type":"Polygon","properties":{"n":"Chota Dholadih","c":379538,"d":"Saraikela Kharsawan","s":"JHARKHAND"}},{"arcs":[[2351,2352,2353,-2348,-2351]],"type":"Polygon","properties":{"n":"Jogitopa","c":379571,"d":"Saraikela Kharsawan","s":"JHARKHAND"}},{"arcs":[[2354,-2343,-2346,-2349,-2354]],"type":"Polygon","properties":{"n":"Bara Paharpur","c":379573,"d":"Saraikela Kharsawan","s":"JHARKHAND"}},{"arcs":[[-2353,2355,2356,-571,-2344,-2355]],"type":"Polygon","properties":{"n":"Chhota Paharpur","c":379574,"d":"Saraikela Kharsawan","s":"JHARKHAND"}},{"arcs":[[-2321,-2319,2357,-2323]],"type":"Polygon","properties":{"n":"Kendmuri","c":379540,"d":"Saraikela Kharsawan","s":"JHARKHAND"}},{"arcs":[[-2318,2358,2359,2360,-2350,-2358]],"type":"Polygon","properties":{"n":"Kurma","c":379570,"d":"Saraikela Kharsawan","s":"JHARKHAND"}},{"arcs":[[2361,2362,2363,-2356,-2352,-2361]],"type":"Polygon","properties":{"n":"Madanasai","c":379576,"d":"Saraikela Kharsawan","s":"JHARKHAND"}},{"arcs":[[-2364,2364,2365,-572,-2357]],"type":"Polygon","properties":{"n":"Sarangpos","c":379575,"d":"Saraikela Kharsawan","s":"JHARKHAND"}},{"arcs":[[-2363,2366,2367,2368,-2365]],"type":"Polygon","properties":{"n":"Namibera","c":379578,"d":"Saraikela Kharsawan","s":"JHARKHAND"}},{"arcs":[[-2362,2369,2370,2371,-2367]],"type":"Polygon","properties":{"n":"Magarkola","c":379577,"d":"Saraikela Kharsawan","s":"JHARKHAND"}},{"arcs":[[-2360,2372,-2370]],"type":"Polygon","properties":{"n":"Hensra","c":379583,"d":"Saraikela Kharsawan","s":"JHARKHAND"}},{"arcs":[[-2359,-2317,2373,2374,-2371,-2373]],"type":"Polygon","properties":{"n":"Muriapara","c":379584,"d":"Saraikela Kharsawan","s":"JHARKHAND"}},{"arcs":[[-2262,-2310,-2308,2375,2376,2377,2378,-2311]],"type":"Polygon","properties":{"n":"Gamaria","c":379587,"d":"Saraikela Kharsawan","s":"JHARKHAND"}},{"arcs":[[-2379,2379,-2312]],"type":"Polygon","properties":{"n":"Majgaon","c":379713,"d":"Saraikela Kharsawan","s":"JHARKHAND"}},{"arcs":[[-2316,-2314,2380,2381,2382,2383,-2374]],"type":"Polygon","properties":{"n":"Gangdesai","c":379585,"d":"Saraikela Kharsawan","s":"JHARKHAND"}},{"arcs":[[-2313,-2380,-2378,2384,2385,-2381]],"type":"Polygon","properties":{"n":"Gajidih","c":379610,"d":"Saraikela Kharsawan","s":"JHARKHAND"}},{"arcs":[[-2307,-2305,2386,2387,-2376]],"type":"Polygon","properties":{"n":"Nauka","c":379609,"d":"Saraikela Kharsawan","s":"JHARKHAND"}},{"arcs":[[2388,2389,2390,-2387]],"type":"Polygon","properties":{"n":"Chadri","c":379608,"d":"Saraikela Kharsawan","s":"JHARKHAND"}},{"arcs":[[-2304,2391,2392,2393,-2389]],"type":"Polygon","properties":{"n":"Ichamara","c":379606,"d":"Saraikela Kharsawan","s":"JHARKHAND"}},{"arcs":[[-2297,2394,2395,2396,-2299]],"type":"Polygon","properties":{"n":"Teasara","c":379602,"d":"Saraikela Kharsawan","s":"JHARKHAND"}},{"arcs":[[2397,-2302,-2300,-2397]],"type":"Polygon","properties":{"n":"Chhota Kadal","c":379603,"d":"Saraikela Kharsawan","s":"JHARKHAND"}},{"arcs":[[-2303,-2398,-2396,2398,2399,2400,-2392]],"type":"Polygon","properties":{"n":"Bara Kadal","c":379604,"d":"Saraikela Kharsawan","s":"JHARKHAND"}},{"arcs":[[2401,-2393,-2401]],"type":"Polygon","properties":{"n":"Sundardih","c":379605,"d":"Saraikela Kharsawan","s":"JHARKHAND"}},{"arcs":[[-2394,-2402,-2400,2402,2403,2404,2405,-2390]],"type":"Polygon","properties":{"n":"Rora","c":379607,"d":"Saraikela Kharsawan","s":"JHARKHAND"}},{"arcs":[[2406,2407,2408,2409,-2385,-2377,-2388,-2391,-2406]],"type":"Polygon","properties":{"n":"Rabankocha","c":379621,"d":"Saraikela Kharsawan","s":"JHARKHAND"}},{"arcs":[[2410,2411,-2382,-2386,-2410]],"type":"Polygon","properties":{"n":"Kalajharna","c":379611,"d":"Saraikela Kharsawan","s":"JHARKHAND"}},{"arcs":[[2412,2413,-2383,-2412]],"type":"Polygon","properties":{"n":"Shamnagar","c":379612,"d":"Saraikela Kharsawan","s":"JHARKHAND"}},{"arcs":[[2414,2415,2416,-2372,-2375,-2384,-2414]],"type":"Polygon","properties":{"n":"Rajnagar","c":379582,"d":"Saraikela Kharsawan","s":"JHARKHAND"}},{"arcs":[[2417,2418,-2368,-2417]],"type":"Polygon","properties":{"n":"Changua","c":379579,"d":"Saraikela Kharsawan","s":"JHARKHAND"}},{"arcs":[[-2369,-2419,2419,2420,2421,-577,-573,-2366]],"type":"Polygon","properties":{"n":"Sursi","c":379636,"d":"Saraikela Kharsawan","s":"JHARKHAND"}},{"arcs":[[2422,2423,2424,-580,-578,-2422]],"type":"Polygon","properties":{"n":"Hatnabera","c":379635,"d":"Saraikela Kharsawan","s":"JHARKHAND"}},{"arcs":[[2425,2426,-2420,2427]],"type":"Polygon","properties":{"n":"Nakrakocha","c":379580,"d":"Saraikela Kharsawan","s":"JHARKHAND"}},{"arcs":[[-2416,2428,2429,2430,-2428,-2418]],"type":"Polygon","properties":{"n":"Murumdih","c":379581,"d":"Saraikela Kharsawan","s":"JHARKHAND"}},{"arcs":[[-581,-2425,2431,2432,2433,-586]],"type":"Polygon","properties":{"n":"Bhursa","c":379639,"d":"Saraikela Kharsawan","s":"JHARKHAND"}},{"arcs":[[-2424,2434,2435,2436,-2432]],"type":"Polygon","properties":{"n":"Barhai","c":379672,"d":"Saraikela Kharsawan","s":"JHARKHAND"}},{"arcs":[[2437,2438,2439,2440,-2435,-2423,-2421,-2427]],"type":"Polygon","properties":{"n":"Bahadurganj","c":379617,"d":"Saraikela Kharsawan","s":"JHARKHAND"}},{"arcs":[[-2426,-2431,2441,2442,-2438]],"type":"Polygon","properties":{"n":"Kesargaria","c":379615,"d":"Saraikela Kharsawan","s":"JHARKHAND"}},{"arcs":[[2443,2444,2445,-2442,-2430,2446]],"type":"Polygon","properties":{"n":"Khandadera","c":379614,"d":"Saraikela Kharsawan","s":"JHARKHAND"}},{"arcs":[[-2415,-2413,-2411,-2409,2447,2448,-2447,-2429]],"type":"Polygon","properties":{"n":"Maharajganj","c":379613,"d":"Saraikela Kharsawan","s":"JHARKHAND"}},{"arcs":[[-2408,2449,2450,-2448]],"type":"Polygon","properties":{"n":"Patakocha","c":379620,"d":"Saraikela Kharsawan","s":"JHARKHAND"}},{"arcs":[[2451,2452,2453,-2444,-2449,-2451]],"type":"Polygon","properties":{"n":"Bandu","c":379619,"d":"Saraikela Kharsawan","s":"JHARKHAND"}},{"arcs":[[-2450,-2407,-2405,2454,2455,2456,-2452]],"type":"Polygon","properties":{"n":"Burisiring","c":379622,"d":"Saraikela Kharsawan","s":"JHARKHAND"}},{"arcs":[[2457,2458,2459,2460,-2455,-2404]],"type":"Polygon","properties":{"n":"Chakradharpur","c":379626,"d":"Saraikela Kharsawan","s":"JHARKHAND"}},{"arcs":[[2461,2462,-2460]],"type":"Polygon","properties":{"n":"Dubrajpur","c":379627,"d":"Saraikela Kharsawan","s":"JHARKHAND"}},{"arcs":[[2463,2464,2465,-2456,-2461,-2463]],"type":"Polygon","properties":{"n":"Letoteril","c":379625,"d":"Saraikela Kharsawan","s":"JHARKHAND"}},{"arcs":[[2466,2467,-2453,-2457,-2466]],"type":"Polygon","properties":{"n":"Richituka","c":379623,"d":"Saraikela Kharsawan","s":"JHARKHAND"}},{"arcs":[[-2465,2468,2469,2470,-2467]],"type":"Polygon","properties":{"n":"Barubera","c":379624,"d":"Saraikela Kharsawan","s":"JHARKHAND"}},{"arcs":[[2471,2472,-2445,-2454,-2468,-2471]],"type":"Polygon","properties":{"n":"Gondamara","c":379716,"d":"Saraikela Kharsawan","s":"JHARKHAND"}},{"arcs":[[-2446,2473,-2439,-2443]],"type":"Polygon","properties":{"n":"Kotarichara","c":379616,"d":"Saraikela Kharsawan","s":"JHARKHAND"}},{"arcs":[[2474,2475,2476]],"type":"Polygon","properties":{"n":"Phuljhari","c":379630,"d":"Saraikela Kharsawan","s":"JHARKHAND"}},{"arcs":[[-2459,2477,-2476,2478,2479,2480,-2462]],"type":"Polygon","properties":{"n":"Hanumatbera","c":379629,"d":"Saraikela Kharsawan","s":"JHARKHAND"}},{"arcs":[[2481,2482,2483,-2469,-2464,-2481]],"type":"Polygon","properties":{"n":"Chaunradih","c":379628,"d":"Saraikela Kharsawan","s":"JHARKHAND"}},{"arcs":[[2484,2485,2486,2487,-2472,-2470,-2484]],"type":"Polygon","properties":{"n":"Dhuripada","c":379666,"d":"Saraikela Kharsawan","s":"JHARKHAND"}},{"arcs":[[2488,2489,-2440,-2474,-2473,-2488]],"type":"Polygon","properties":{"n":"Jamdih","c":379633,"d":"Saraikela Kharsawan","s":"JHARKHAND"}},{"arcs":[[2490,2491,2492,2493,2494]],"type":"Polygon","properties":{"n":"Telai","c":379674,"d":"Saraikela Kharsawan","s":"JHARKHAND"}},{"arcs":[[2495,2496,2497,2498,-2492,2499]],"type":"Polygon","properties":{"n":"Keshargaria","c":379662,"d":"Saraikela Kharsawan","s":"JHARKHAND"}},{"arcs":[[2500,2501,2502,2503,-2497,2504,2505]],"type":"Polygon","properties":{"n":"Kashida","c":379664,"d":"Saraikela Kharsawan","s":"JHARKHAND"}},{"arcs":[[2506,2507,2508,2509,-2501]],"type":"Polygon","properties":{"n":"Dhanudihi","c":379668,"d":"Saraikela Kharsawan","s":"JHARKHAND"}},{"arcs":[[-2485,2510,2511,2512,-2508]],"type":"Polygon","properties":{"n":"Jonbani","c":379667,"d":"Saraikela Kharsawan","s":"JHARKHAND"}},{"arcs":[[-2483,2513,2514,2515,-2511]],"type":"Polygon","properties":{"n":"Seresai","c":379692,"d":"Saraikela Kharsawan","s":"JHARKHAND"}},{"arcs":[[-2482,-2480,2516,2517,-2514]],"type":"Polygon","properties":{"n":"Sitani","c":379693,"d":"Saraikela Kharsawan","s":"JHARKHAND"}},{"arcs":[[-2475,2518,2519,2520,-2517,-2479]],"type":"Polygon","properties":{"n":"Rajabasa","c":379694,"d":"Saraikela Kharsawan","s":"JHARKHAND"}},{"arcs":[[2521,2522,2523,-2515,-2518,-2521]],"type":"Polygon","properties":{"n":"Baragidi","c":379695,"d":"Saraikela Kharsawan","s":"JHARKHAND"}},{"arcs":[[2524,2525,2526,-2512,-2516,-2524]],"type":"Polygon","properties":{"n":"Jhalak","c":379691,"d":"Saraikela Kharsawan","s":"JHARKHAND"}},{"arcs":[[2527,2528,2529,2530,-2527]],"type":"Polygon","properties":{"n":"Bhalupani","c":379690,"d":"Saraikela Kharsawan","s":"JHARKHAND"}},{"arcs":[[2531,2532,2533,-2509,-2513,-2531]],"type":"Polygon","properties":{"n":"Bisrampur","c":379473,"d":"Saraikela Kharsawan","s":"JHARKHAND"}},{"arcs":[[2534,2535,-2502,-2510,-2534]],"type":"Polygon","properties":{"n":"Atodih","c":379669,"d":"Saraikela Kharsawan","s":"JHARKHAND"}},{"arcs":[[2536,2537,-2503,-2536]],"type":"Polygon","properties":{"n":"Rangamatia","c":379670,"d":"Saraikela Kharsawan","s":"JHARKHAND"}},{"arcs":[[2538,2539,2540,-2498,-2504,-2538]],"type":"Polygon","properties":{"n":"Joddiha","c":379671,"d":"Saraikela Kharsawan","s":"JHARKHAND"}},{"arcs":[[2541,2542,2543,-2493,-2499,-2541]],"type":"Polygon","properties":{"n":"Patka","c":379673,"d":"Saraikela Kharsawan","s":"JHARKHAND"}},{"arcs":[[2544,2545,2546,2547,-2494,-2544]],"type":"Polygon","properties":{"n":"Lodha","c":379677,"d":"Saraikela Kharsawan","s":"JHARKHAND"}},{"arcs":[[-2547,2548,2549,2550]],"type":"Polygon","properties":{"n":"Bankasai","c":379676,"d":"Saraikela Kharsawan","s":"JHARKHAND"}},{"arcs":[[2551,2552,2553,-2549]],"type":"Polygon","properties":{"n":"Kuju","c":379679,"d":"Saraikela Kharsawan","s":"JHARKHAND"}},{"arcs":[[2554,2555,2556,-2553,2557]],"type":"Polygon","properties":{"n":"Rengalbera","c":379680,"d":"Saraikela Kharsawan","s":"JHARKHAND"}},{"arcs":[[-2552,-2546,2558,2559,-2558]],"type":"Polygon","properties":{"n":"Soso","c":379678,"d":"Saraikela Kharsawan","s":"JHARKHAND"}},{"arcs":[[2560,2561,2562,-2559,-2545,-2543]],"type":"Polygon","properties":{"n":"Ranjitpur","c":379683,"d":"Saraikela Kharsawan","s":"JHARKHAND"}},{"arcs":[[-2542,-2540,2563,2564,2565,2566,-2561]],"type":"Polygon","properties":{"n":"Barhai","c":379638,"d":"Saraikela Kharsawan","s":"JHARKHAND"}},{"arcs":[[2567,2568,-2555,-2560,-2563]],"type":"Polygon","properties":{"n":"Komdih","c":379682,"d":"Saraikela Kharsawan","s":"JHARKHAND"}},{"arcs":[[2569,2570,2571,2572,-2556,-2569]],"type":"Polygon","properties":{"n":"Icha","c":379681,"d":"Saraikela Kharsawan","s":"JHARKHAND"}},{"arcs":[[-2568,-2562,-2567,2573,-2570]],"type":"Polygon","properties":{"n":"Dehuridih","c":379684,"d":"Saraikela Kharsawan","s":"JHARKHAND"}},{"arcs":[[-67,-59,-46,-39,-45,2574,2575,2576,2577]],"type":"Polygon","properties":{"n":"Hesakocha","c":378795,"d":"Saraikela Kharsawan","s":"JHARKHAND"}},{"arcs":[[2578,2579,2580,2581,2582,2583,2584]],"type":"Polygon","properties":{"n":"Chota Kankra","c":379233,"d":"Saraikela Kharsawan","s":"JHARKHAND"}},{"arcs":[[2585,2586,2587,2588,2589,-202,-185,-179,2590,2591]],"type":"Polygon","properties":{"n":"Bhaduagora","c":379157,"d":"Saraikela Kharsawan","s":"JHARKHAND"}},{"arcs":[[-2583,2592,2593,2594,2595,-391,2596]],"type":"Polygon","properties":{"n":"Jagnnathpur","c":379238,"d":"Saraikela Kharsawan","s":"JHARKHAND"}},{"arcs":[[-2585,2597,-387,2598,2599]],"type":"Polygon","properties":{"n":"Khadrabad","c":379234,"d":"Saraikela Kharsawan","s":"JHARKHAND"}},{"arcs":[[2600,-2074,-2335,-2328,2601,2602,2603]],"type":"Polygon","properties":{"n":"Dighi","c":379285,"d":"Saraikela Kharsawan","s":"JHARKHAND"}},{"arcs":[[2604,2605,463,-464,-463,2606,-2595]],"type":"Polygon","properties":{"n":"Nisakpur","c":379239,"d":"Saraikela Kharsawan","s":"JHARKHAND"}},{"arcs":[[-123,-125,-119,2607,2608,2609,2610]],"type":"Polygon","properties":{"n":"Udaipur","c":379124,"d":"Saraikela Kharsawan","s":"JHARKHAND"}},{"arcs":[[2611,2612,2613,-124,-2611,2614,2615,2616,2617,2618]],"type":"Polygon","properties":{"n":"Dulkikocha","c":379122,"d":"Saraikela Kharsawan","s":"JHARKHAND"}},{"arcs":[[2619,2620,2621,-130,-120,-2614]],"type":"Polygon","properties":{"n":"Bisrampur","c":379123,"d":"Saraikela Kharsawan","s":"JHARKHAND"}},{"arcs":[[-2613,2622,2623,-2620]],"type":"Polygon","properties":{"n":"Khudibera","c":379121,"d":"Saraikela Kharsawan","s":"JHARKHAND"}},{"arcs":[[2624,2625,2626,2627,-2619,2628,2629]],"type":"Polygon","properties":{"n":"Gidibera","c":379099,"d":"Saraikela Kharsawan","s":"JHARKHAND"}},{"arcs":[[2630,2631,2632,-2625,2633,2634,2635]],"type":"Polygon","properties":{"n":"Kanki","c":379097,"d":"Saraikela Kharsawan","s":"JHARKHAND"}},{"arcs":[[2636,2637,2638,2639,-2626,-2633]],"type":"Polygon","properties":{"n":"Raipur","c":379098,"d":"Saraikela Kharsawan","s":"JHARKHAND"}},{"arcs":[[2640,2641,-2628]],"type":"Polygon","properties":{"n":"Baidnathpur","c":379100,"d":"Saraikela Kharsawan","s":"JHARKHAND"}},{"arcs":[[-2627,-2640,2642,2643,-2641]],"type":"Polygon","properties":{"n":"Barikocha","c":379101,"d":"Saraikela Kharsawan","s":"JHARKHAND"}},{"arcs":[[-2639,2644,2645,-2643]],"type":"Polygon","properties":{"n":"Raghunathpur","c":379102,"d":"Saraikela Kharsawan","s":"JHARKHAND"}},{"arcs":[[-2638,2646,2647,-2645]],"type":"Polygon","properties":{"n":"Ratanpur","c":379103,"d":"Saraikela Kharsawan","s":"JHARKHAND"}},{"arcs":[[-2637,-2632,2648,2649,-2647]],"type":"Polygon","properties":{"n":"Madhupur","c":379104,"d":"Saraikela Kharsawan","s":"JHARKHAND"}},{"arcs":[[2650,2651,2652,2653,-2623,-2612,-2642,-2644]],"type":"Polygon","properties":{"n":"Palubera","c":379120,"d":"Saraikela Kharsawan","s":"JHARKHAND"}},{"arcs":[[-2646,2654,2655,2656,-2651]],"type":"Polygon","properties":{"n":"Manoharpur","c":379150,"d":"Saraikela Kharsawan","s":"JHARKHAND"}},{"arcs":[[-2648,-2650,2657,2658,2659,2660,-2655]],"type":"Polygon","properties":{"n":"Karangura","c":379245,"d":"Saraikela Kharsawan","s":"JHARKHAND"}},{"arcs":[[2661,2662,-2656,-2661]],"type":"Polygon","properties":{"n":"Tilopada","c":379118,"d":"Saraikela Kharsawan","s":"JHARKHAND"}},{"arcs":[[2663,2664,2665,2666,-2636,2667]],"type":"Polygon","properties":{"n":"Manipur","c":379096,"d":"Saraikela Kharsawan","s":"JHARKHAND"}},{"arcs":[[2668,2669,2670,-2666]],"type":"Polygon","properties":{"n":"Chhota Baramari","c":379095,"d":"Saraikela Kharsawan","s":"JHARKHAND"}},{"arcs":[[2671,2672,2673,2674,2675]],"type":"Polygon","properties":{"n":"Udaipur","c":379173,"d":"Saraikela Kharsawan","s":"JHARKHAND"}},{"arcs":[[2676,2677,2678,2679,2680,-2675]],"type":"Polygon","properties":{"n":"Rajgaon","c":379176,"d":"Saraikela Kharsawan","s":"JHARKHAND"}},{"arcs":[[-2674,2681,2682,2683,-2677]],"type":"Polygon","properties":{"n":"Gangia","c":379174,"d":"Saraikela Kharsawan","s":"JHARKHAND"}},{"arcs":[[2684,2685,2686,2687]],"type":"Polygon","properties":{"n":"Rangatanr","c":379178,"d":"Saraikela Kharsawan","s":"JHARKHAND"}},{"arcs":[[2688,2689,2690,2691,2692,2693,-2687]],"type":"Polygon","properties":{"n":"Nengtasai","c":379179,"d":"Saraikela Kharsawan","s":"JHARKHAND"}},{"arcs":[[-2678,-2684,2694,2695,-2685]],"type":"Polygon","properties":{"n":"Ujainpur","c":379175,"d":"Saraikela Kharsawan","s":"JHARKHAND"}},{"arcs":[[-2683,2696,2697,-2695]],"type":"Polygon","properties":{"n":"Baslikocha","c":379261,"d":"Saraikela Kharsawan","s":"JHARKHAND"}},{"arcs":[[2698,2699,-2673,2700]],"type":"Polygon","properties":{"n":"Dhahkidih","c":379259,"d":"Saraikela Kharsawan","s":"JHARKHAND"}},{"arcs":[[2701,2702,2703,2704,2705,2706,-2691]],"type":"Polygon","properties":{"n":"Chamaru","c":379180,"d":"Saraikela Kharsawan","s":"JHARKHAND"}},{"arcs":[[2707,2708,-100,2709]],"type":"Polygon","properties":{"n":"Saldih","c":379185,"d":"Saraikela Kharsawan","s":"JHARKHAND"}},{"arcs":[[2710,2711,2712,-641,-639,-101,-2709]],"type":"Polygon","properties":{"n":"Muria","c":379186,"d":"Saraikela Kharsawan","s":"JHARKHAND"}},{"arcs":[[-2708,2713,2714,-2705,2715,2716,-2711]],"type":"Polygon","properties":{"n":"Jiwanpur","c":379182,"d":"Saraikela Kharsawan","s":"JHARKHAND"}},{"arcs":[[-2704,2717,2718,-2716]],"type":"Polygon","properties":{"n":"Deoli","c":379181,"d":"Saraikela Kharsawan","s":"JHARKHAND"}},{"arcs":[[2719,2720,2721,-2712,-2717,-2719]],"type":"Polygon","properties":{"n":"Chandarpur","c":379192,"d":"Saraikela Kharsawan","s":"JHARKHAND"}},{"arcs":[[-2713,-2722,2722,2723,-642]],"type":"Polygon","properties":{"n":"Hatnada","c":379191,"d":"Saraikela Kharsawan","s":"JHARKHAND"}},{"arcs":[[-2724,2724,2725,-643]],"type":"Polygon","properties":{"n":"Jambohal","c":379190,"d":"Saraikela Kharsawan","s":"JHARKHAND"}},{"arcs":[[-647,-645,-2726,2726,2727,2728,-651,-649]],"type":"Polygon","properties":{"n":"Jordina","c":379189,"d":"Saraikela Kharsawan","s":"JHARKHAND"}},{"arcs":[[-2729,2729,2730,2731,2732,-280,-276,-278,-652]],"type":"Polygon","properties":{"n":"Dugni","c":379204,"d":"Saraikela Kharsawan","s":"JHARKHAND"}},{"arcs":[[-2728,2733,-2730]],"type":"Polygon","properties":{"n":"Khudidih","c":379203,"d":"Saraikela Kharsawan","s":"JHARKHAND"}},{"arcs":[[-2727,-2725,-2723,-2721,2734,2735,2736,2737,-2731,-2734]],"type":"Polygon","properties":{"n":"Bejai","c":379202,"d":"Saraikela Kharsawan","s":"JHARKHAND"}},{"arcs":[[2738,2739,-2732,-2738]],"type":"Polygon","properties":{"n":"Rengodih","c":379207,"d":"Saraikela Kharsawan","s":"JHARKHAND"}},{"arcs":[[-2740,2740,2741,-309,-281,-2733]],"type":"Polygon","properties":{"n":"Nil Mohanpur","c":379205,"d":"Saraikela Kharsawan","s":"JHARKHAND"}},{"arcs":[[-2720,-2718,-2703,2742,2743,2744,-2735]],"type":"Polygon","properties":{"n":"Donda","c":379193,"d":"Saraikela Kharsawan","s":"JHARKHAND"}},{"arcs":[[-2702,-2690,2745,2746,2747,2748,-2743]],"type":"Polygon","properties":{"n":"Rangamatia","c":379194,"d":"Saraikela Kharsawan","s":"JHARKHAND"}},{"arcs":[[2749,2750,-2744,-2749]],"type":"Polygon","properties":{"n":"Simalbera","c":379199,"d":"Saraikela Kharsawan","s":"JHARKHAND"}},{"arcs":[[-2487,2751,2752,2753,-2489]],"type":"Polygon","properties":{"n":"Bajadih","c":379654,"d":"Saraikela Kharsawan","s":"JHARKHAND"}},{"arcs":[[2754,2755,2756,-2490,-2754]],"type":"Polygon","properties":{"n":"Somar Sai","c":379653,"d":"Saraikela Kharsawan","s":"JHARKHAND"}},{"arcs":[[2757,2758,-2436,-2441,-2757]],"type":"Polygon","properties":{"n":"Rola","c":379652,"d":"Saraikela Kharsawan","s":"JHARKHAND"}},{"arcs":[[2759,2760,2761,2762,-2433,-2437,-2759]],"type":"Polygon","properties":{"n":"Komdih","c":379651,"d":"Saraikela Kharsawan","s":"JHARKHAND"}},{"arcs":[[-2434,-2763,2763,2764,2765,-587]],"type":"Polygon","properties":{"n":"Burudih","c":379640,"d":"Saraikela Kharsawan","s":"JHARKHAND"}},{"arcs":[[2766,-2764,-2762]],"type":"Polygon","properties":{"n":"Ariada","c":379650,"d":"Saraikela Kharsawan","s":"JHARKHAND"}},{"arcs":[[-588,-2766,2767,2768,2769,-589]],"type":"Polygon","properties":{"n":"Suriaposi","c":379634,"d":"Saraikela Kharsawan","s":"JHARKHAND"}},{"arcs":[[-2765,-2767,-2761,2770,2771,2772,2773,-2768]],"type":"Polygon","properties":{"n":"Chokay","c":379649,"d":"Saraikela Kharsawan","s":"JHARKHAND"}},{"arcs":[[-2760,-2758,-2756,2774,2775,2776,-2771]],"type":"Polygon","properties":{"n":"Raghunathpur","c":379657,"d":"Saraikela Kharsawan","s":"JHARKHAND"}},{"arcs":[[-2755,-2753,2777,2778,-2775]],"type":"Polygon","properties":{"n":"Arjunbila","c":379655,"d":"Saraikela Kharsawan","s":"JHARKHAND"}},{"arcs":[[-590,-2770,2779,2780,-621,-592]],"type":"Polygon","properties":{"n":"Chota Bana","c":379642,"d":"Saraikela Kharsawan","s":"JHARKHAND"}},{"arcs":[[-2769,-2774,2781,2782,2783,-2780]],"type":"Polygon","properties":{"n":"Utidih","c":379641,"d":"Saraikela Kharsawan","s":"JHARKHAND"}},{"arcs":[[2784,2785,-635,-628]],"type":"Polygon","properties":{"n":"Puha","c":379644,"d":"Saraikela Kharsawan","s":"JHARKHAND"}},{"arcs":[[-2781,-2784,2786,2787,-624,-622]],"type":"Polygon","properties":{"n":"Dholadih","c":379700,"d":"Saraikela Kharsawan","s":"JHARKHAND"}},{"arcs":[[-2788,2788,2789,2790,-2785,-627,-625]],"type":"Polygon","properties":{"n":"Katanga","c":379645,"d":"Saraikela Kharsawan","s":"JHARKHAND"}},{"arcs":[[-2783,2791,2792,-2789,-2787]],"type":"Polygon","properties":{"n":"Gangidih","c":379647,"d":"Saraikela Kharsawan","s":"JHARKHAND"}},{"arcs":[[2793,2794,2795,2796,-2790,-2793]],"type":"Polygon","properties":{"n":"Kerki","c":379646,"d":"Saraikela Kharsawan","s":"JHARKHAND"}},{"arcs":[[-2773,2797,2798,-2794,-2792,-2782]],"type":"Polygon","properties":{"n":"Bandna","c":379648,"d":"Saraikela Kharsawan","s":"JHARKHAND"}},{"arcs":[[2799,2800,2801,-2795,-2799]],"type":"Polygon","properties":{"n":"Uparsira","c":379659,"d":"Saraikela Kharsawan","s":"JHARKHAND"}},{"arcs":[[-2798,-2772,-2777,2802,2803,-2800]],"type":"Polygon","properties":{"n":"Kumrasol","c":379658,"d":"Saraikela Kharsawan","s":"JHARKHAND"}},{"arcs":[[-2776,-2779,2804,2805,-2803]],"type":"Polygon","properties":{"n":"Pukhuria","c":379656,"d":"Saraikela Kharsawan","s":"JHARKHAND"}},{"arcs":[[2806,2807,2808,-2796]],"type":"Polygon","properties":{"n":"Arahasa","c":379660,"d":"Saraikela Kharsawan","s":"JHARKHAND"}},{"arcs":[[-2802,-2500,-2491,2809,-2807]],"type":"Polygon","properties":{"n":"Kamarbasa","c":379661,"d":"Saraikela Kharsawan","s":"JHARKHAND"}},{"arcs":[[-2505,-2496,-2801,-2804,-2806]],"type":"Polygon","properties":{"n":"Bhurkuli","c":379663,"d":"Saraikela Kharsawan","s":"JHARKHAND"}},{"arcs":[[-2778,-2752,-2486,-2507,-2506,-2805]],"type":"Polygon","properties":{"n":"Bardih","c":379665,"d":"Saraikela Kharsawan","s":"JHARKHAND"}},{"arcs":[[-2810,-2495,-2548,-2551,2810,-2808]],"type":"Polygon","properties":{"n":"Chailma","c":379675,"d":"Saraikela Kharsawan","s":"JHARKHAND"}},{"arcs":[[-2539,-2537,-2535,-2533,2811,2812,-2564]],"type":"Polygon","properties":{"n":"Bita","c":379687,"d":"Saraikela Kharsawan","s":"JHARKHAND"}},{"arcs":[[-2532,-2530,2813,2814,2815,-2812]],"type":"Polygon","properties":{"n":"Amla Tala","c":379689,"d":"Saraikela Kharsawan","s":"JHARKHAND"}},{"arcs":[[-2529,2816,2817,2818,2819,-2814]],"type":"Polygon","properties":{"n":"Senaposhi","c":379704,"d":"Saraikela Kharsawan","s":"JHARKHAND"}},{"arcs":[[-2528,-2526,2820,2821,2822,-2817]],"type":"Polygon","properties":{"n":"Songria","c":379703,"d":"Saraikela Kharsawan","s":"JHARKHAND"}},{"arcs":[[-2525,-2523,2823,2824,2825,-2821]],"type":"Polygon","properties":{"n":"Shyam Sunderpur","c":379696,"d":"Saraikela Kharsawan","s":"JHARKHAND"}},{"arcs":[[2826,2827,2828,-2818,-2823]],"type":"Polygon","properties":{"n":"Gulia","c":379705,"d":"Saraikela Kharsawan","s":"JHARKHAND"}},{"arcs":[[-2822,-2826,2829,2830,2831,2832,-2827]],"type":"Polygon","properties":{"n":"Kita","c":379702,"d":"Saraikela Kharsawan","s":"JHARKHAND"}},{"arcs":[[-2520,2833,2834,-2824,-2522]],"type":"Polygon","properties":{"n":"Chotagidi","c":379697,"d":"Saraikela Kharsawan","s":"JHARKHAND"}},{"arcs":[[-2835,2835,2836,-2830,-2825]],"type":"Polygon","properties":{"n":"Seni","c":379698,"d":"Saraikela Kharsawan","s":"JHARKHAND"}},{"arcs":[[2837,2838]],"type":"Polygon","properties":{"n":"Hatisiring","c":379699,"d":"Saraikela Kharsawan","s":"JHARKHAND"}},{"arcs":[[-2837,2839,-2839,2840,2841,-2831]],"type":"Polygon","properties":{"n":"Dholadih","c":379643,"d":"Saraikela Kharsawan","s":"JHARKHAND"}},{"arcs":[[-2842,2842,2843,-2832]],"type":"Polygon","properties":{"n":"Jadudih","c":379701,"d":"Saraikela Kharsawan","s":"JHARKHAND"}},{"arcs":[[-2833,-2844,2844,2845,2846,2847,-2828]],"type":"Polygon","properties":{"n":"Herma","c":379706,"d":"Saraikela Kharsawan","s":"JHARKHAND"}},{"arcs":[[2848,-2846,2849,2850,2851]],"type":"Polygon","properties":{"n":"Sarjamdih","c":379707,"d":"Saraikela Kharsawan","s":"JHARKHAND"}},{"arcs":[[-2849,2852,2853,-2847]],"type":"Polygon","properties":{"n":"Mahuldiha","c":379708,"d":"Saraikela Kharsawan","s":"JHARKHAND"}},{"arcs":[[2854,2855,-2819,-2829,-2848,-2854]],"type":"Polygon","properties":{"n":"Nimdih","c":379710,"d":"Saraikela Kharsawan","s":"JHARKHAND"}},{"arcs":[[-2856,2856,2857,2858,-2815,-2820]],"type":"Polygon","properties":{"n":"Kerugot","c":379711,"d":"Saraikela Kharsawan","s":"JHARKHAND"}},{"arcs":[[-2859,2859,-2565,-2813,-2816]],"type":"Polygon","properties":{"n":"Baddihi","c":379686,"d":"Saraikela Kharsawan","s":"JHARKHAND"}},{"arcs":[[-2858,2860,2861,-2571,-2574,-2566,-2860]],"type":"Polygon","properties":{"n":"Hensal","c":379685,"d":"Saraikela Kharsawan","s":"JHARKHAND"}},{"arcs":[[-2857,2862,2863,2864,2865,-2861]],"type":"Polygon","properties":{"n":"Dangardiha","c":379594,"d":"Saraikela Kharsawan","s":"JHARKHAND"}},{"arcs":[[-2855,-2853,-2852,2866,-2863]],"type":"Polygon","properties":{"n":"Chandankshiri","c":379709,"d":"Saraikela Kharsawan","s":"JHARKHAND"}},{"arcs":[[-2864,-2867,-2851,2867,2868]],"type":"Polygon","properties":{"n":"Bandadih","c":379715,"d":"Saraikela Kharsawan","s":"JHARKHAND"}},{"arcs":[[-2865,-2869,2869,2870]],"type":"Polygon","properties":{"n":"Balidih","c":379714,"d":"Saraikela Kharsawan","s":"JHARKHAND"}},{"arcs":[[-2866,-2871,2871,-2572,-2862]],"type":"Polygon","properties":{"n":"Majgaon","c":379472,"d":"Saraikela Kharsawan","s":"JHARKHAND"}},{"arcs":[[-1948,2872,-1971,-1963,-1954,-1952]],"type":"Polygon","properties":{"n":"Dungridih","c":378762,"d":"Saraikela Kharsawan","s":"JHARKHAND"}},{"arcs":[[-1947,2873,-35,-1969,-2873]],"type":"Polygon","properties":{"n":"Dubudih","c":378764,"d":"Saraikela Kharsawan","s":"JHARKHAND"}},{"arcs":[[2874,-36,-2874,-1946]],"type":"Polygon","properties":{"n":"Heremda","c":378763,"d":"Saraikela Kharsawan","s":"JHARKHAND"}},{"arcs":[[2875,-27,-2875,-1945,-1936]],"type":"Polygon","properties":{"n":"Dinai","c":378766,"d":"Saraikela Kharsawan","s":"JHARKHAND"}},{"arcs":[[2876,2877,-19,-37,-28,-2876,-1935]],"type":"Polygon","properties":{"n":"Porka","c":378767,"d":"Saraikela Kharsawan","s":"JHARKHAND"}},{"arcs":[[2878,-21,2879,-2877,-1934,-1929]],"type":"Polygon","properties":{"n":"Siddih","c":378768,"d":"Saraikela Kharsawan","s":"JHARKHAND"}},{"arcs":[[-20,-2878,-2880]],"type":"Polygon","properties":{"n":"Padodih","c":378769,"d":"Saraikela Kharsawan","s":"JHARKHAND"}},{"arcs":[[-4,-22,-2879,-1928,2880]],"type":"Polygon","properties":{"n":"Lengdil","c":378830,"d":"Saraikela Kharsawan","s":"JHARKHAND"}},{"arcs":[[-72,-69,-10,-5,-2881,-1926,-1915]],"type":"Polygon","properties":{"n":"Pathrakhun","c":378772,"d":"Saraikela Kharsawan","s":"JHARKHAND"}},{"arcs":[[-83,2881,2882,2883,2884,-95]],"type":"Polygon","properties":{"n":"Dubrajpur","c":378815,"d":"Saraikela Kharsawan","s":"JHARKHAND"}},{"arcs":[[2885,2886,2887,2888,-2882,-82,-77,-1910,2889]],"type":"Polygon","properties":{"n":"Borabinda","c":378820,"d":"Saraikela Kharsawan","s":"JHARKHAND"}},{"arcs":[[-689,2890,-2890,-1909,-1892,-1886]],"type":"Polygon","properties":{"n":"Dimudih","c":378819,"d":"Saraikela Kharsawan","s":"JHARKHAND"}},{"arcs":[[-697,2891,-2886,-2891,-688]],"type":"Polygon","properties":{"n":"Kesargaria","c":378821,"d":"Saraikela Kharsawan","s":"JHARKHAND"}},{"arcs":[[2892,2893,-2887,-2892,-696]],"type":"Polygon","properties":{"n":"Ruyani","c":378822,"d":"Saraikela Kharsawan","s":"JHARKHAND"}},{"arcs":[[2894,2895,-2893,-695,2896]],"type":"Polygon","properties":{"n":"Hathinada","c":378824,"d":"Saraikela Kharsawan","s":"JHARKHAND"}},{"arcs":[[-728,-759,2897,2898,2899,-2897,-694,-700]],"type":"Polygon","properties":{"n":"Rasunia","c":378823,"d":"Saraikela Kharsawan","s":"JHARKHAND"}},{"arcs":[[-758,-769,-760,2900,2901,-2898]],"type":"Polygon","properties":{"n":"Rawtara","c":378829,"d":"Saraikela Kharsawan","s":"JHARKHAND"}},{"arcs":[[2902,2903,-2899,-2902]],"type":"Polygon","properties":{"n":" ","c":0,"d":"Saraikela Kharsawan","s":"JHARKHAND"}},{"arcs":[[-766,2904,2905,2906,-2903,-2901]],"type":"Polygon","properties":{"n":" ","c":0,"d":"Saraikela Kharsawan","s":"JHARKHAND"}},{"arcs":[[2907,2908,-2895,-2900,-2904,-2907]],"type":"Polygon","properties":{"n":"Kanglatanr","c":378826,"d":"Saraikela Kharsawan","s":"JHARKHAND"}},{"arcs":[[2909,2910,2911,2912,-2896,-2909]],"type":"Polygon","properties":{"n":"Ruchap","c":378825,"d":"Saraikela Kharsawan","s":"JHARKHAND"}},{"arcs":[[-2908,-2906,2913,-764,2914,2915,-2910]],"type":"Polygon","properties":{"n":"Chandil (CT)","c":378866,"d":"Saraikela Kharsawan","s":"JHARKHAND"}},{"arcs":[[-2914,-2905,-765]],"type":"Polygon","properties":{"n":"Lengdih","c":378771,"d":"Saraikela Kharsawan","s":"JHARKHAND"}},{"arcs":[[-763,2916,2917,-2915]],"type":"Polygon","properties":{"n":"Shikli","c":378837,"d":"Saraikela Kharsawan","s":"JHARKHAND"}},{"arcs":[[2918,2919,-2911,-2916,-2918]],"type":"Polygon","properties":{"n":"Kadamdih","c":378831,"d":"Saraikela Kharsawan","s":"JHARKHAND"}},{"arcs":[[2920,2921,2922,-2912,-2920]],"type":"Polygon","properties":{"n":"Dalgaon","c":378832,"d":"Saraikela Kharsawan","s":"JHARKHAND"}},{"arcs":[[2923,2924,-2888,-2894,-2913,-2923]],"type":"Polygon","properties":{"n":"Gangudih","c":378833,"d":"Saraikela Kharsawan","s":"JHARKHAND"}},{"arcs":[[-2922,2925,2926,-2924]],"type":"Polygon","properties":{"n":"Hirmili","c":378834,"d":"Saraikela Kharsawan","s":"JHARKHAND"}},{"arcs":[[2927,2928,-2883,-2889,-2925,-2927]],"type":"Polygon","properties":{"n":"Ghoraling","c":378814,"d":"Saraikela Kharsawan","s":"JHARKHAND"}},{"arcs":[[2929,2930,2931,2932]],"type":"Polygon","properties":{"n":"Danrda","c":378841,"d":"Saraikela Kharsawan","s":"JHARKHAND"}},{"arcs":[[2933,2934,2935,-2930]],"type":"Polygon","properties":{"n":"Chainpur","c":378840,"d":"Saraikela Kharsawan","s":"JHARKHAND"}},{"arcs":[[2936,2937,-2935,2938,-775]],"type":"Polygon","properties":{"n":"Pata","c":378839,"d":"Saraikela Kharsawan","s":"JHARKHAND"}},{"arcs":[[-2939,-2934,-2933,2939,-2921,-2919,-2917,-776]],"type":"Polygon","properties":{"n":"Saharbera","c":378836,"d":"Saraikela Kharsawan","s":"JHARKHAND"}},{"arcs":[[-783,2940,2941,2942,-2937,-774]],"type":"Polygon","properties":{"n":"Bara Lakha","c":378838,"d":"Saraikela Kharsawan","s":"JHARKHAND"}},{"arcs":[[2943,-2941,-782]],"type":"Polygon","properties":{"n":"Humid","c":378856,"d":"Saraikela Kharsawan","s":"JHARKHAND"}},{"arcs":[[2944,-2944,-781,2945]],"type":"Polygon","properties":{"n":"Joreyadih","c":378855,"d":"Saraikela Kharsawan","s":"JHARKHAND"}},{"arcs":[[-833,2946,2947,2948,-2946,-780]],"type":"Polygon","properties":{"n":"Hamsada","c":378854,"d":"Saraikela Kharsawan","s":"JHARKHAND"}},{"arcs":[[2949,2950,2951,-2947,-832]],"type":"Polygon","properties":{"n":"Katjor","c":378853,"d":"Saraikela Kharsawan","s":"JHARKHAND"}},{"arcs":[[2952,2953,2954,-2950,-831]],"type":"Polygon","properties":{"n":"Tulin","c":378852,"d":"Saraikela Kharsawan","s":"JHARKHAND"}},{"arcs":[[-839,2955,2956,-2953,-830]],"type":"Polygon","properties":{"n":"Makula Kocha","c":378851,"d":"Saraikela Kharsawan","s":"JHARKHAND"}},{"arcs":[[-823,2957,2958,-2956,-838]],"type":"Polygon","properties":{"n":"Kadamjhor","c":378857,"d":"Saraikela Kharsawan","s":"JHARKHAND"}},{"arcs":[[2959,2960,2961,-821,2962]],"type":"Polygon","properties":{"n":"Asan Bani","c":378858,"d":"Saraikela Kharsawan","s":"JHARKHAND"}},{"arcs":[[-822,-2962,2963,2964,2965,-2958]],"type":"Polygon","properties":{"n":"Ramgarh","c":378859,"d":"Saraikela Kharsawan","s":"JHARKHAND"}},{"arcs":[[2966,2967,2968]],"type":"Polygon","properties":{"n":"Kopali (CT)","c":378867,"d":"Saraikela Kharsawan","s":"JHARKHAND"}},{"arcs":[[2969,-2969,2970,-2960]],"type":"Polygon","properties":{"n":"Tamulia","c":378865,"d":"Saraikela Kharsawan","s":"JHARKHAND"}},{"arcs":[[-2971,-2968,2971,2972,2973,2974,-2961]],"type":"Polygon","properties":{"n":"Dobo","c":378864,"d":"Saraikela Kharsawan","s":"JHARKHAND"}},{"arcs":[[2975,-2964,-2975]],"type":"Polygon","properties":{"n":"Rugri","c":378780,"d":"Saraikela Kharsawan","s":"JHARKHAND"}},{"arcs":[[2976,2977,2978,2979]],"type":"Polygon","properties":{"n":"Gouri","c":378862,"d":"Saraikela Kharsawan","s":"JHARKHAND"}},{"arcs":[[-2965,-2976,-2974,2980,-2980,2981,2982,2983,2984]],"type":"Polygon","properties":{"n":"Pusisili","c":378861,"d":"Saraikela Kharsawan","s":"JHARKHAND"}},{"arcs":[[-2985,2985,2986,-2959,-2966]],"type":"Polygon","properties":{"n":"Kandarbera","c":378860,"d":"Saraikela Kharsawan","s":"JHARKHAND"}},{"arcs":[[-2957,-2987,2987,2988,2989,2990,2991,-2954]],"type":"Polygon","properties":{"n":"Saharbera","c":378850,"d":"Saraikela Kharsawan","s":"JHARKHAND"}},{"arcs":[[2992,-2951,-2955,-2992]],"type":"Polygon","properties":{"n":"Chakulia","c":378849,"d":"Saraikela Kharsawan","s":"JHARKHAND"}},{"arcs":[[-2991,2993,-2952,-2993]],"type":"Polygon","properties":{"n":"Chilgu","c":378848,"d":"Saraikela Kharsawan","s":"JHARKHAND"}},{"arcs":[[-2994,-2990,2994,2995,2996,2997,-2948]],"type":"Polygon","properties":{"n":"Karnidih","c":378847,"d":"Saraikela Kharsawan","s":"JHARKHAND"}},{"arcs":[[-2998,2998,-2664,2999,3000,-2942,-2945,-2949]],"type":"Polygon","properties":{"n":"Bhadudih","c":378846,"d":"Saraikela Kharsawan","s":"JHARKHAND"}},{"arcs":[[3001,3002,-2938,-2943,-3001]],"type":"Polygon","properties":{"n":"Chhota Lakha","c":378844,"d":"Saraikela Kharsawan","s":"JHARKHAND"}},{"arcs":[[-3002,-3000,-2668,-2635,3003,3004]],"type":"Polygon","properties":{"n":"Manikui","c":378845,"d":"Saraikela Kharsawan","s":"JHARKHAND"}},{"arcs":[[-3004,-2634,-2630,3005,3006]],"type":"Polygon","properties":{"n":"Tarkuwang","c":378843,"d":"Saraikela Kharsawan","s":"JHARKHAND"}},{"arcs":[[3007,3008,3009,-2931,-2936,-3003,-3005,-3007]],"type":"Polygon","properties":{"n":"Katiya","c":378842,"d":"Saraikela Kharsawan","s":"JHARKHAND"}},{"arcs":[[-3006,-2629,-2618,3010,3011,3012,-3008]],"type":"Polygon","properties":{"n":"Khuchidih","c":378803,"d":"Saraikela Kharsawan","s":"JHARKHAND"}},{"arcs":[[-3011,-2617,3013,3014]],"type":"Polygon","properties":{"n":"Paharpur","c":378802,"d":"Saraikela Kharsawan","s":"JHARKHAND"}},{"arcs":[[-3014,-2616,3015,3016,3017]],"type":"Polygon","properties":{"n":"Chutiakhal","c":378801,"d":"Saraikela Kharsawan","s":"JHARKHAND"}},{"arcs":[[-3016,-2615,-2610,3018,3019]],"type":"Polygon","properties":{"n":"Dhobaotama","c":378800,"d":"Saraikela Kharsawan","s":"JHARKHAND"}},{"arcs":[[-3019,-2609,3020,3021]],"type":"Polygon","properties":{"n":"Kadlakocha","c":378799,"d":"Saraikela Kharsawan","s":"JHARKHAND"}},{"arcs":[[-3021,-2608,-118,-64,3022]],"type":"Polygon","properties":{"n":"Gutiuli","c":378797,"d":"Saraikela Kharsawan","s":"JHARKHAND"}},{"arcs":[[3023,-3012,-3015]],"type":"Polygon","properties":{"n":"Bansa","c":378804,"d":"Saraikela Kharsawan","s":"JHARKHAND"}},{"arcs":[[3024,3025,3026,-2928,-2926,-2940,-2932,-3010]],"type":"Polygon","properties":{"n":"Rudih","c":378835,"d":"Saraikela Kharsawan","s":"JHARKHAND"}},{"arcs":[[-3009,-3013,-3024,-3018,3027,3028,3029,3030,3031,-3025]],"type":"Polygon","properties":{"n":"Dhunaburu","c":378805,"d":"Saraikela Kharsawan","s":"JHARKHAND"}},{"arcs":[[3032,3033,-3026,-3032]],"type":"Polygon","properties":{"n":"Balidih","c":378812,"d":"Saraikela Kharsawan","s":"JHARKHAND"}},{"arcs":[[3034,3035,-2884,-2929,-3027,-3034]],"type":"Polygon","properties":{"n":"Kurli","c":378813,"d":"Saraikela Kharsawan","s":"JHARKHAND"}},{"arcs":[[3036,3037,3038,-96,-2885,-3036]],"type":"Polygon","properties":{"n":"Khunti","c":378784,"d":"Saraikela Kharsawan","s":"JHARKHAND"}},{"arcs":[[-3035,-3033,-3031,3039,3040,3041,-3037]],"type":"Polygon","properties":{"n":"Tulgram","c":378811,"d":"Saraikela Kharsawan","s":"JHARKHAND"}},{"arcs":[[-3030,3042,3043,-3040]],"type":"Polygon","properties":{"n":"Palgam","c":378806,"d":"Saraikela Kharsawan","s":"JHARKHAND"}},{"arcs":[[3044,3045,3046,-3041,-3044]],"type":"Polygon","properties":{"n":"Tirildih","c":378828,"d":"Saraikela Kharsawan","s":"JHARKHAND"}},{"arcs":[[3047,3048,-3038,-3042,-3047]],"type":"Polygon","properties":{"n":"Ghat Dulmi","c":378810,"d":"Saraikela Kharsawan","s":"JHARKHAND"}},{"arcs":[[-2575,-44,-94,-91,-97,-3039,-3049]],"type":"Polygon","properties":{"n":"Musribera","c":378785,"d":"Saraikela Kharsawan","s":"JHARKHAND"}},{"arcs":[[-3046,3049,-2576,-3048]],"type":"Polygon","properties":{"n":"Juga","c":378809,"d":"Saraikela Kharsawan","s":"JHARKHAND"}},{"arcs":[[-3045,-3043,-3029,3050,-2577,-3050]],"type":"Polygon","properties":{"n":"Raidih","c":378808,"d":"Saraikela Kharsawan","s":"JHARKHAND"}},{"arcs":[[-3028,-3017,-3020,-3022,-3023,-68,-2578,-3051]],"type":"Polygon","properties":{"n":"Matkamdih","c":378798,"d":"Saraikela Kharsawan","s":"JHARKHAND"}},{"arcs":[[-2997,3051,-2669,-2665,-2999]],"type":"Polygon","properties":{"n":"Sudhapur","c":379094,"d":"Saraikela Kharsawan","s":"JHARKHAND"}},{"arcs":[[3052,3053,3054,-2670,-3052,-2996]],"type":"Polygon","properties":{"n":"Rearda","c":379093,"d":"Saraikela Kharsawan","s":"JHARKHAND"}},{"arcs":[[3055,3056,3057,3058]],"type":"Polygon","properties":{"n":"Santaldih","c":379091,"d":"Saraikela Kharsawan","s":"JHARKHAND"}},{"arcs":[[-2982,-2979,3059,3060,3061]],"type":"Polygon","properties":{"n":"Raghudih","c":379110,"d":"Saraikela Kharsawan","s":"JHARKHAND"}},{"arcs":[[3062,3063,3064,3065,-3057,3066,-3061]],"type":"Polygon","properties":{"n":"Murgaghutu","c":379109,"d":"Saraikela Kharsawan","s":"JHARKHAND"}},{"arcs":[[3067,3068,3069,-3065]],"type":"Polygon","properties":{"n":"Shibpur","c":379108,"d":"Saraikela Kharsawan","s":"JHARKHAND"}},{"arcs":[[3070,3071,3072,-3054,-3069]],"type":"Polygon","properties":{"n":"Salampather","c":379107,"d":"Saraikela Kharsawan","s":"JHARKHAND"}},{"arcs":[[3073,3074,-2671,-3055,-3073]],"type":"Polygon","properties":{"n":"Bara Baramari","c":379106,"d":"Saraikela Kharsawan","s":"JHARKHAND"}},{"arcs":[[3075,3076,3077,-2658,-2649,-2631,-2667,-3075]],"type":"Polygon","properties":{"n":"Raimara","c":379105,"d":"Saraikela Kharsawan","s":"JHARKHAND"}},{"arcs":[[3078,3079,-2591,-178,-131,-2622]],"type":"Polygon","properties":{"n":"Mahtabera","c":379125,"d":"Saraikela Kharsawan","s":"JHARKHAND"}},{"arcs":[[-2621,-2624,-2654,3080,3081,3082,-3079]],"type":"Polygon","properties":{"n":"Dumra","c":379126,"d":"Saraikela Kharsawan","s":"JHARKHAND"}},{"arcs":[[-2653,3083,3084,3085,3086,-3081]],"type":"Polygon","properties":{"n":"Haribhaga","c":379127,"d":"Saraikela Kharsawan","s":"JHARKHAND"}},{"arcs":[[-2652,-2657,-2663,3087,3088,3089,3090,-3084]],"type":"Polygon","properties":{"n":"Kandra.","c":379287,"d":"Saraikela Kharsawan","s":"JHARKHAND"}},{"arcs":[[-2662,-2660,3091,-3088]],"type":"Polygon","properties":{"n":"Bankipur","c":379117,"d":"Saraikela Kharsawan","s":"JHARKHAND"}},{"arcs":[[-2659,-3078,3092,3093,3094,3095,-3089,-3092]],"type":"Polygon","properties":{"n":"Penderbera","c":379116,"d":"Saraikela Kharsawan","s":"JHARKHAND"}},{"arcs":[[3096,3097,-3085,-3091]],"type":"Polygon","properties":{"n":"Ghutbera","c":379128,"d":"Saraikela Kharsawan","s":"JHARKHAND"}},{"arcs":[[3098,-2592,-3080,-3083]],"type":"Polygon","properties":{"n":" ","c":0,"d":"Saraikela Kharsawan","s":"JHARKHAND"}},{"arcs":[[-3082,-3087,3099,3100,-2586,-3099]],"type":"Polygon","properties":{"n":"Jongibad","c":379149,"d":"Saraikela Kharsawan","s":"JHARKHAND"}},{"arcs":[[3101,3102,-2587,-3101]],"type":"Polygon","properties":{"n":"Beltand","c":379151,"d":"Saraikela Kharsawan","s":"JHARKHAND"}},{"arcs":[[-3100,-3086,-3098,3103,3104,3105,-3102]],"type":"Polygon","properties":{"n":"Gopinathpur","c":379148,"d":"Saraikela Kharsawan","s":"JHARKHAND"}},{"arcs":[[-3105,3106,3107,3108]],"type":"Polygon","properties":{"n":"Bikanipur","c":379147,"d":"Saraikela Kharsawan","s":"JHARKHAND"}},{"arcs":[[3109,3110,-3104]],"type":"Polygon","properties":{"n":"Birdhawjpur","c":379254,"d":"Saraikela Kharsawan","s":"JHARKHAND"}},{"arcs":[[3111,-3107,-3111]],"type":"Polygon","properties":{"n":"Chhota Hariharpur","c":379146,"d":"Saraikela Kharsawan","s":"JHARKHAND"}},{"arcs":[[-3097,-3090,-3096,3112,3113,-3110]],"type":"Polygon","properties":{"n":"Padampur","c":379129,"d":"Saraikela Kharsawan","s":"JHARKHAND"}},{"arcs":[[-3095,3114,3115,3116,-3113]],"type":"Polygon","properties":{"n":"Sitarampur","c":379130,"d":"Saraikela Kharsawan","s":"JHARKHAND"}},{"arcs":[[3117,3118,3119,3120,-3108,-3112,-3114,-3117]],"type":"Polygon","properties":{"n":"Bara Hariharpur","c":379145,"d":"Saraikela Kharsawan","s":"JHARKHAND"}},{"arcs":[[-3074,-3072,3121,3122,3123,-3076]],"type":"Polygon","properties":{"n":"Champa Nagar","c":379114,"d":"Saraikela Kharsawan","s":"JHARKHAND"}},{"arcs":[[3124,3125,3126,-3093,-3077,-3124]],"type":"Polygon","properties":{"n":"Rapcha","c":379115,"d":"Saraikela Kharsawan","s":"JHARKHAND"}},{"arcs":[[-3123,3127,3128,-3125]],"type":"Polygon","properties":{"n":"Harisundarpur","c":379113,"d":"Saraikela Kharsawan","s":"JHARKHAND"}},{"arcs":[[-3122,-3071,-3068,-3064,3129,3130,-3128]],"type":"Polygon","properties":{"n":"Mohanpur","c":379112,"d":"Saraikela Kharsawan","s":"JHARKHAND"}},{"arcs":[[-2978,3131,3132,3133,3134,-3130,-3063,-3060]],"type":"Polygon","properties":{"n":"Musari Kudar","c":379111,"d":"Saraikela Kharsawan","s":"JHARKHAND"}},{"arcs":[[3135,3136,3137,3138,-3133]],"type":"Polygon","properties":{"n":"Jagnathpur","c":379136,"d":"Saraikela Kharsawan","s":"JHARKHAND"}},{"arcs":[[3139,-3137]],"type":"Polygon","properties":{"n":"Naryanpur","c":379135,"d":"Saraikela Kharsawan","s":"JHARKHAND"}},{"arcs":[[3140,3141,3142,3143,-3134,-3139]],"type":"Polygon","properties":{"n":"Balrampur","c":379134,"d":"Saraikela Kharsawan","s":"JHARKHAND"}},{"arcs":[[3144,3145,3146,3147,-3126,-3129,-3131,-3135,-3144]],"type":"Polygon","properties":{"n":"Bangaon","c":379246,"d":"Saraikela Kharsawan","s":"JHARKHAND"}},{"arcs":[[-3143,3148,3149,-3145]],"type":"Polygon","properties":{"n":"Saldih","c":379133,"d":"Saraikela Kharsawan","s":"JHARKHAND"}},{"arcs":[[3150,3151,-3147]],"type":"Polygon","properties":{"n":"Sankerpur","c":379131,"d":"Saraikela Kharsawan","s":"JHARKHAND"}},{"arcs":[[-3146,-3150,3152,3153,3154,-3151]],"type":"Polygon","properties":{"n":"Kalikapur","c":379132,"d":"Saraikela Kharsawan","s":"JHARKHAND"}},{"arcs":[[3155,3156,-3115,-3094,-3127,-3148,-3152,-3155]],"type":"Polygon","properties":{"n":"Ramchandarpur","c":379247,"d":"Saraikela Kharsawan","s":"JHARKHAND"}},{"arcs":[[-3149,-3142,3157,3158,3159,3160,-3153]],"type":"Polygon","properties":{"n":"Chota Gamahria","c":379288,"d":"Saraikela Kharsawan","s":"JHARKHAND"}},{"arcs":[[3161,3162,-3156,-3154,-3161]],"type":"Polygon","properties":{"n":"Uparbera","c":379137,"d":"Saraikela Kharsawan","s":"JHARKHAND"}},{"arcs":[[3163,3164,3165,3166,3167,-3116,-3157,-3163]],"type":"Polygon","properties":{"n":"Sikhardih","c":379140,"d":"Saraikela Kharsawan","s":"JHARKHAND"}},{"arcs":[[3168,3169,-3165]],"type":"Polygon","properties":{"n":"Sidadih","c":379139,"d":"Saraikela Kharsawan","s":"JHARKHAND"}},{"arcs":[[-3164,-3162,-3160,3170,3171,-3169]],"type":"Polygon","properties":{"n":"Barubad","c":379138,"d":"Saraikela Kharsawan","s":"JHARKHAND"}},{"arcs":[[-3159,3172,3173,3174,-3171]],"type":"Polygon","properties":{"n":"Jhurkuli","c":379168,"d":"Saraikela Kharsawan","s":"JHARKHAND"}},{"arcs":[[3175,3176,3177,3178,-3167]],"type":"Polygon","properties":{"n":"Gonadih","c":379141,"d":"Saraikela Kharsawan","s":"JHARKHAND"}},{"arcs":[[3179,-3118,-3168,-3179]],"type":"Polygon","properties":{"n":"Birrajpur","c":379251,"d":"Saraikela Kharsawan","s":"JHARKHAND"}},{"arcs":[[3180,3181,3182,-3177]],"type":"Polygon","properties":{"n":"Sarupdih","c":379142,"d":"Saraikela Kharsawan","s":"JHARKHAND"}},{"arcs":[[-3176,-3166,-3170,-3172,-3175,3183,3184,3185,-3181]],"type":"Polygon","properties":{"n":"Dugdha","c":379167,"d":"Saraikela Kharsawan","s":"JHARKHAND"}},{"arcs":[[-3174,3186,3187,3188,3189,3190,-3184]],"type":"Polygon","properties":{"n":"Jhar Gaobindpur","c":379169,"d":"Saraikela Kharsawan","s":"JHARKHAND"}},{"arcs":[[3191,3192,-3188]],"type":"Polygon","properties":{"n":"Pakurgora","c":379170,"d":"Saraikela Kharsawan","s":"JHARKHAND"}},{"arcs":[[3193,3194,-2589]],"type":"Polygon","properties":{"n":"Nimaidih","c":379156,"d":"Saraikela Kharsawan","s":"JHARKHAND"}},{"arcs":[[3195,3196,3197,3198,-3194]],"type":"Polygon","properties":{"n":"Khakudih","c":379155,"d":"Saraikela Kharsawan","s":"JHARKHAND"}},{"arcs":[[-2588,-3103,-3106,3199,3200,-3196]],"type":"Polygon","properties":{"n":"Patharghora","c":379152,"d":"Saraikela Kharsawan","s":"JHARKHAND"}},{"arcs":[[-3109,-3121,3201,3202,-3200]],"type":"Polygon","properties":{"n":"Nischitpur","c":379153,"d":"Saraikela Kharsawan","s":"JHARKHAND"}},{"arcs":[[3203,3204,3205,-3197,-3201,-3203]],"type":"Polygon","properties":{"n":"Gopi Dih","c":379249,"d":"Saraikela Kharsawan","s":"JHARKHAND"}},{"arcs":[[-3202,3206,3207,3208,-3204]],"type":"Polygon","properties":{"n":"Kendudih","c":379154,"d":"Saraikela Kharsawan","s":"JHARKHAND"}},{"arcs":[[-3120,3209,3210,-3207]],"type":"Polygon","properties":{"n":"Jagarnathpur","c":379144,"d":"Saraikela Kharsawan","s":"JHARKHAND"}},{"arcs":[[-3195,-3199,3211,3212,-653,-205,-200,-2590]],"type":"Polygon","properties":{"n":"Chora","c":379158,"d":"Saraikela Kharsawan","s":"JHARKHAND"}},{"arcs":[[-3198,-3206,3213,3214,3215,-3212]],"type":"Polygon","properties":{"n":"Bholadih","c":379159,"d":"Saraikela Kharsawan","s":"JHARKHAND"}},{"arcs":[[3216,3217,3218,-3215]],"type":"Polygon","properties":{"n":"Baliguma","c":379160,"d":"Saraikela Kharsawan","s":"JHARKHAND"}},{"arcs":[[-3214,-3205,-3209,3219,3220,3221,3222,3223,-3217]],"type":"Polygon","properties":{"n":"Birbans","c":379161,"d":"Saraikela Kharsawan","s":"JHARKHAND"}},{"arcs":[[3224,-3218,-3224]],"type":"Polygon","properties":{"n":"Kamalpur","c":379252,"d":"Saraikela Kharsawan","s":"JHARKHAND"}},{"arcs":[[-3208,-3211,3225,3226,-3220]],"type":"Polygon","properties":{"n":"Ramjivanpur","c":379162,"d":"Saraikela Kharsawan","s":"JHARKHAND"}},{"arcs":[[-3210,-3119,-3180,-3178,-3183,3227,3228,3229,-3226]],"type":"Polygon","properties":{"n":"Barkatand","c":379143,"d":"Saraikela Kharsawan","s":"JHARKHAND"}},{"arcs":[[-3182,-3186,3230,3231,-3228]],"type":"Polygon","properties":{"n":"Haridih","c":379166,"d":"Saraikela Kharsawan","s":"JHARKHAND"}},{"arcs":[[-3216,3232,-2714,-2710,-99,-3213]],"type":"Polygon","properties":{"n":"Tirildih","c":379184,"d":"Saraikela Kharsawan","s":"JHARKHAND"}},{"arcs":[[-3219,-3225,-3223,3233,-2706,-2715,-3233]],"type":"Polygon","properties":{"n":"Kolabira","c":379183,"d":"Saraikela Kharsawan","s":"JHARKHAND"}},{"arcs":[[-3222,3234,3235,-2692,-2707,-3234]],"type":"Polygon","properties":{"n":"Jambera","c":379248,"d":"Saraikela Kharsawan","s":"JHARKHAND"}},{"arcs":[[-3221,-3227,-3230,3236,-3235]],"type":"Polygon","properties":{"n":"Pratpur","c":379163,"d":"Saraikela Kharsawan","s":"JHARKHAND"}},{"arcs":[[-3229,-3232,3237,3238,-2693,-3236,-3237]],"type":"Polygon","properties":{"n":"Khuchidih","c":379164,"d":"Saraikela Kharsawan","s":"JHARKHAND"}},{"arcs":[[-3231,-3185,-3191,3239,3240,-3238]],"type":"Polygon","properties":{"n":"Hundrubera","c":379165,"d":"Saraikela Kharsawan","s":"JHARKHAND"}},{"arcs":[[3241,-2679,-2688,-2694,-3239,-3241]],"type":"Polygon","properties":{"n":"Yaspur","c":379177,"d":"Saraikela Kharsawan","s":"JHARKHAND"}},{"arcs":[[-3240,-3190,3242,-2680,-3242]],"type":"Polygon","properties":{"n":"Raimasa","c":379171,"d":"Saraikela Kharsawan","s":"JHARKHAND"}},{"arcs":[[-3189,-3193,3243,-2676,-2681,-3243]],"type":"Polygon","properties":{"n":"Murkum","c":379172,"d":"Saraikela Kharsawan","s":"JHARKHAND"}},{"arcs":[[-2689,-2686,-2696,3244,3245,-2746]],"type":"Polygon","properties":{"n":"Gura","c":379195,"d":"Saraikela Kharsawan","s":"JHARKHAND"}},{"arcs":[[3246,3247,3248,3249]],"type":"Polygon","properties":{"n":"Jilingbera","c":379255,"d":"Saraikela Kharsawan","s":"JHARKHAND"}},{"arcs":[[3250,3251,3252,3253,-2699]],"type":"Polygon","properties":{"n":"Itagarh","c":379258,"d":"Saraikela Kharsawan","s":"JHARKHAND"}},{"arcs":[[3254,-3249,3255,3256,3257,3258,-3252]],"type":"Polygon","properties":{"n":"Dudra","c":379257,"d":"Saraikela Kharsawan","s":"JHARKHAND"}},{"arcs":[[3259,3260,3261,3262,-3256,-3248]],"type":"Polygon","properties":{"n":"Kamalpur","c":379256,"d":"Saraikela Kharsawan","s":"JHARKHAND"}},{"arcs":[[3263,-3257,-3263]],"type":"Polygon","properties":{"n":"Parbatipur","c":379269,"d":"Saraikela Kharsawan","s":"JHARKHAND"}},{"arcs":[[3264,3265,3266,-3253,-3259]],"type":"Polygon","properties":{"n":"Bastamdih","c":379268,"d":"Saraikela Kharsawan","s":"JHARKHAND"}},{"arcs":[[3267,3268,-3254,-3267]],"type":"Polygon","properties":{"n":"Basurda","c":379267,"d":"Saraikela Kharsawan","s":"JHARKHAND"}},{"arcs":[[3269,3270,3271,3272,3273,-2697,-2682,-2700,-3269]],"type":"Polygon","properties":{"n":"Nayagarh","c":379260,"d":"Saraikela Kharsawan","s":"JHARKHAND"}},{"arcs":[[3274,3275,-3272]],"type":"Polygon","properties":{"n":"Nayadih","c":379264,"d":"Saraikela Kharsawan","s":"JHARKHAND"}},{"arcs":[[-3268,3276,3277,3278,3279,-3270]],"type":"Polygon","properties":{"n":"Koludih","c":379266,"d":"Saraikela Kharsawan","s":"JHARKHAND"}},{"arcs":[[-3273,-3276,3280,3281,-1995,-1989,-1973,3282]],"type":"Polygon","properties":{"n":"Ujjwalpur","c":379263,"d":"Saraikela Kharsawan","s":"JHARKHAND"}},{"arcs":[[-3275,-3271,-3280,3283,3284,3285,-3281]],"type":"Polygon","properties":{"n":"Tirla","c":379265,"d":"Saraikela Kharsawan","s":"JHARKHAND"}},{"arcs":[[3286,3287,-1990,-3282,-3286]],"type":"Polygon","properties":{"n":"Pagrodihi","c":379284,"d":"Saraikela Kharsawan","s":"JHARKHAND"}},{"arcs":[[-3285,3288,3289,-3287]],"type":"Polygon","properties":{"n":"Adityapratappur","c":379286,"d":"Saraikela Kharsawan","s":"JHARKHAND"}},{"arcs":[[3290,-2011,-1991,-3288,-3290]],"type":"Polygon","properties":{"n":"Sobhapur","c":379283,"d":"Saraikela Kharsawan","s":"JHARKHAND"}},{"arcs":[[3291,3292,3293,-2021,-2006,-3291,-3289,-3284,-3279]],"type":"Polygon","properties":{"n":"Jaikan","c":379282,"d":"Saraikela Kharsawan","s":"JHARKHAND"}},{"arcs":[[-3278,3294,3295,-3292]],"type":"Polygon","properties":{"n":"Chota Jamjora","c":379275,"d":"Saraikela Kharsawan","s":"JHARKHAND"}},{"arcs":[[-2022,-3294,3296]],"type":"Polygon","properties":{"n":"Daraimach","c":379281,"d":"Saraikela Kharsawan","s":"JHARKHAND"}},{"arcs":[[3297,-2027,-2017,-3297,-3293,-3296,3298]],"type":"Polygon","properties":{"n":"BaraJamjora","c":379280,"d":"Saraikela Kharsawan","s":"JHARKHAND"}},{"arcs":[[-3295,-3277,-3266,3299,3300,3301,3302,3303,-3299]],"type":"Polygon","properties":{"n":"Tirildih","c":379274,"d":"Saraikela Kharsawan","s":"JHARKHAND"}},{"arcs":[[-3265,3304,-3300]],"type":"Polygon","properties":{"n":"Aamdih","c":379273,"d":"Saraikela Kharsawan","s":"JHARKHAND"}},{"arcs":[[-3258,-3264,3305,-3301,-3305]],"type":"Polygon","properties":{"n":"Mahuldih","c":379272,"d":"Saraikela Kharsawan","s":"JHARKHAND"}},{"arcs":[[-3262,3306,3307,-3302,-3306]],"type":"Polygon","properties":{"n":"Kumhardih","c":379271,"d":"Saraikela Kharsawan","s":"JHARKHAND"}},{"arcs":[[3308,3309,-3307,-3261,3310]],"type":"Polygon","properties":{"n":"Dhatkidih","c":379270,"d":"Saraikela Kharsawan","s":"JHARKHAND"}},{"arcs":[[3311,3312,3313,-3303,-3308,-3310]],"type":"Polygon","properties":{"n":"Bamdih","c":379277,"d":"Saraikela Kharsawan","s":"JHARKHAND"}},{"arcs":[[3314,-3304,-3314]],"type":"Polygon","properties":{"n":"Bondih","c":379276,"d":"Saraikela Kharsawan","s":"JHARKHAND"}},{"arcs":[[-2135,3315,-3312,-3309,3316]],"type":"Polygon","properties":{"n":"Bindapur","c":379278,"d":"Saraikela Kharsawan","s":"JHARKHAND"}},{"arcs":[[-3313,-3316,-2134,-2023,-3298,-3315]],"type":"Polygon","properties":{"n":"Ukam","c":379279,"d":"Saraikela Kharsawan","s":"JHARKHAND"}},{"arcs":[[-3274,-3283,-1979,3317,3318,-3245,-2698]],"type":"Polygon","properties":{"n":"Samram","c":379262,"d":"Saraikela Kharsawan","s":"JHARKHAND"}},{"arcs":[[3319,3320,3321,-3246,-3319]],"type":"Polygon","properties":{"n":"Awlatanr","c":379250,"d":"Saraikela Kharsawan","s":"JHARKHAND"}},{"arcs":[[-1978,-1982,3322,3323,-3320,-3318]],"type":"Polygon","properties":{"n":"Sindukopa","c":379196,"d":"Saraikela Kharsawan","s":"JHARKHAND"}},{"arcs":[[-1981,3324,3325,-3323]],"type":"Polygon","properties":{"n":"Jharidih","c":379217,"d":"Saraikela Kharsawan","s":"JHARKHAND"}},{"arcs":[[3326,3327,3328,3329,-3321,-3324,-3326]],"type":"Polygon","properties":{"n":"Begnadih","c":379197,"d":"Saraikela Kharsawan","s":"JHARKHAND"}},{"arcs":[[-3325,-1985,-2003,-2055,3330,3331,-3327]],"type":"Polygon","properties":{"n":"Gohira","c":379218,"d":"Saraikela Kharsawan","s":"JHARKHAND"}},{"arcs":[[3332,3333,-3328,-3332]],"type":"Polygon","properties":{"n":"Raidih","c":379216,"d":"Saraikela Kharsawan","s":"JHARKHAND"}},{"arcs":[[3334,-3333,-3331,-2054,-2046,3335,3336,3337,3338]],"type":"Polygon","properties":{"n":"Tetoposi","c":379219,"d":"Saraikela Kharsawan","s":"JHARKHAND"}},{"arcs":[[-2050,-2038,3339,-3336]],"type":"Polygon","properties":{"n":"Tirintipa","c":379220,"d":"Saraikela Kharsawan","s":"JHARKHAND"}},{"arcs":[[3340,3341,3342,-2747,-3322,-3330]],"type":"Polygon","properties":{"n":"Dubrajpur","c":379198,"d":"Saraikela Kharsawan","s":"JHARKHAND"}},{"arcs":[[-3329,-3334,-3335,3343,-3341]],"type":"Polygon","properties":{"n":"Ugma","c":379215,"d":"Saraikela Kharsawan","s":"JHARKHAND"}},{"arcs":[[3344,3345,3346,-2750,-2748,-3343]],"type":"Polygon","properties":{"n":"Ramnagar","c":379200,"d":"Saraikela Kharsawan","s":"JHARKHAND"}},{"arcs":[[-3342,-3344,-3339,3347,3348,-3345]],"type":"Polygon","properties":{"n":"Hidibili","c":379214,"d":"Saraikela Kharsawan","s":"JHARKHAND"}},{"arcs":[[3349,3350,3351,-2736,-2745,-2751,-3347]],"type":"Polygon","properties":{"n":"Narainpur","c":379201,"d":"Saraikela Kharsawan","s":"JHARKHAND"}},{"arcs":[[-3346,-3349,3352,3353,-3350]],"type":"Polygon","properties":{"n":"Asanbani","c":379212,"d":"Saraikela Kharsawan","s":"JHARKHAND"}},{"arcs":[[-3348,-3338,3354,3355,3356,-3353]],"type":"Polygon","properties":{"n":"Haladbani","c":379213,"d":"Saraikela Kharsawan","s":"JHARKHAND"}},{"arcs":[[3357,3358,-3356]],"type":"Polygon","properties":{"n":"Baliposi","c":379211,"d":"Saraikela Kharsawan","s":"JHARKHAND"}},{"arcs":[[-3355,-3337,-3340,-2045,3359,3360,3361,-3358]],"type":"Polygon","properties":{"n":"Jhapragura","c":379221,"d":"Saraikela Kharsawan","s":"JHARKHAND"}},{"arcs":[[3362,3363,3364,-3351,-3354,-3357,-3359,-3362]],"type":"Polygon","properties":{"n":"Ghagi","c":379210,"d":"Saraikela Kharsawan","s":"JHARKHAND"}},{"arcs":[[3365,3366,3367,-2741,-2739,-2737,-3352,-3365]],"type":"Polygon","properties":{"n":"Dhadkidih","c":379208,"d":"Saraikela Kharsawan","s":"JHARKHAND"}},{"arcs":[[-3368,3368,3369,-310,-2742]],"type":"Polygon","properties":{"n":"Sahebganj","c":379206,"d":"Saraikela Kharsawan","s":"JHARKHAND"}},{"arcs":[[3370,3371,3372,-3360]],"type":"Polygon","properties":{"n":"Dadiamara","c":379222,"d":"Saraikela Kharsawan","s":"JHARKHAND"}},{"arcs":[[3373,3374,-3363,-3361,-3373]],"type":"Polygon","properties":{"n":"Banddih","c":379223,"d":"Saraikela Kharsawan","s":"JHARKHAND"}},{"arcs":[[3375,3376,3377,3378,-3366,-3364,-3375]],"type":"Polygon","properties":{"n":"Singhpur","c":379209,"d":"Saraikela Kharsawan","s":"JHARKHAND"}},{"arcs":[[3379,-2579,-2600,3380,-3369,-3367,-3379]],"type":"Polygon","properties":{"n":"Bara Kankra","c":379236,"d":"Saraikela Kharsawan","s":"JHARKHAND"}},{"arcs":[[-3378,3381,3382,3383,-2580,-3380]],"type":"Polygon","properties":{"n":"Madhupur","c":379232,"d":"Saraikela Kharsawan","s":"JHARKHAND"}},{"arcs":[[-3374,-3372,3384,-3376]],"type":"Polygon","properties":{"n":"Ramchandarpur","c":379224,"d":"Saraikela Kharsawan","s":"JHARKHAND"}},{"arcs":[[-3371,-2044,3385,3386,3387,3388,3389,-3382,-3377,-3385]],"type":"Polygon","properties":{"n":"Hardala","c":379225,"d":"Saraikela Kharsawan","s":"JHARKHAND"}},{"arcs":[[3390,3391,-2581,-3384]],"type":"Polygon","properties":{"n":"Guna Dih","c":379231,"d":"Saraikela Kharsawan","s":"JHARKHAND"}},{"arcs":[[-3383,-3390,3392,3393,-3391]],"type":"Polygon","properties":{"n":"Nata Dih","c":379230,"d":"Saraikela Kharsawan","s":"JHARKHAND"}},{"arcs":[[-3389,3394,3395,-3393]],"type":"Polygon","properties":{"n":"Bhalubassa","c":379229,"d":"Saraikela Kharsawan","s":"JHARKHAND"}},{"arcs":[[3396,3397,-2604,3398,-3395,-3388]],"type":"Polygon","properties":{"n":"Daraikocha","c":379228,"d":"Saraikela Kharsawan","s":"JHARKHAND"}},{"arcs":[[-3387,3399,-3397]],"type":"Polygon","properties":{"n":"Thasakpur","c":379226,"d":"Saraikela Kharsawan","s":"JHARKHAND"}},{"arcs":[[-2043,-2075,-2601,-3398,-3400,-3386]],"type":"Polygon","properties":{"n":"Nua Dih","c":379227,"d":"Saraikela Kharsawan","s":"JHARKHAND"}},{"arcs":[[3400,-2593,-2582,-3392]],"type":"Polygon","properties":{"n":"Subarnapur","c":379253,"d":"Saraikela Kharsawan","s":"JHARKHAND"}},{"arcs":[[-2603,3401,3402,3403,-3401,-3394,-3396,-3399]],"type":"Polygon","properties":{"n":"Tumsa","c":379241,"d":"Saraikela Kharsawan","s":"JHARKHAND"}},{"arcs":[[-2602,-2331,3404,3405,-3402]],"type":"Polygon","properties":{"n":"Kuludih","c":379242,"d":"Saraikela Kharsawan","s":"JHARKHAND"}},{"arcs":[[-3403,-3406,3406,-464,-2606]],"type":"Polygon","properties":{"n":"Chandanpur","c":379244,"d":"Saraikela Kharsawan","s":"JHARKHAND"}},{"arcs":[[-2977,-2981,-2973,3407,-3250,-3255,-3251,-2701,-2672,-3244,-3192,-3187,-3173,-3158,-3141,-3138,-3140,-3136,-3132]],"type":"Polygon","properties":{"n":"Adityapur (Nagar Parishad)","c":801801,"d":"Saraikela Kharsawan","s":"JHARKHAND"}},{"arcs":[[-3381,-2599,-386,-311,-3370]],"type":"Polygon","properties":{"n":"Poradih","c":379237,"d":"Saraikela Kharsawan","s":"JHARKHAND"}},{"arcs":[[-2584,-2597,-390,-388,-2598]],"type":"Polygon","properties":{"n":"Gaurang Dih","c":379235,"d":"Saraikela Kharsawan","s":"JHARKHAND"}},{"arcs":[[-2596,-2607,-462,-397,-392]],"type":"Polygon","properties":{"n":" ","c":0,"d":"Saraikela Kharsawan","s":"JHARKHAND"}},{"arcs":[[-2594,-3404,-2605]],"type":"Polygon","properties":{"n":"Barhmatand","c":379240,"d":"Saraikela Kharsawan","s":"JHARKHAND"}},{"arcs":[[-3405,-2330,-533,-529,-517,-468,-465,-3407]],"type":"Polygon","properties":{"n":"Nawa Dih","c":379243,"d":"Saraikela Kharsawan","s":"JHARKHAND"}},{"arcs":[[-2986,-2984,3408,-3059,3409,-2988]],"type":"Polygon","properties":{"n":"Burudih","c":379089,"d":"Saraikela Kharsawan","s":"JHARKHAND"}},{"arcs":[[-2989,-3410,-3058,-3066,-3070,-3053,-2995]],"type":"Polygon","properties":{"n":"Sirdharpur","c":379092,"d":"Saraikela Kharsawan","s":"JHARKHAND"}},{"arcs":[[-2983,-3062,-3067,-3056,-3409]],"type":"Polygon","properties":{"n":"Bardih","c":379090,"d":"Saraikela Kharsawan","s":"JHARKHAND"}}]}}}