{"type":"Topology","arcs":[[[60662,84164],[257,-906]],[[60919,83258],[876,-538],[327,-79]],[[62122,82641],[29,-585],[177,-425]],[[62328,81631],[-212,-352],[-237,422]],[[61879,81701],[40,532],[-362,139],[-949,28],[-649,-220]],[[59959,82180],[111,239],[-107,652],[-360,1388]],[[59603,84459],[1059,-295]],[[61833,97829],[-289,-132],[-236,497],[-182,-228],[-393,352],[-79,-324],[165,-733]],[[60819,97261],[-49,-487]],[[60770,96774],[-616,-145]],[[60154,96629],[73,280],[-348,337],[269,641],[-105,540],[155,675]],[[60198,99102],[361,-107],[35,481]],[[60594,99476],[414,-20],[335,-192],[-85,-237],[575,-1198]],[[64112,94674],[31,-685],[-131,-389],[-110,-1262]],[[63902,92338],[-308,-5],[-330,-448]],[[63264,91885],[-236,-186],[108,-278],[-214,-448],[-168,-873],[81,-242]],[[62835,89858],[-425,-457],[-391,158],[-206,-130],[-207,318],[127,195],[-196,422],[30,355]],[[61567,90719],[24,831],[96,333]],[[61687,91883],[1008,760]],[[62695,92643],[428,1162],[-19,1025]],[[63104,94830],[186,81],[822,-237]],[[51679,81900],[74,-493]],[[51753,81407],[-911,-98],[-320,-421]],[[50522,80888],[-198,245]],[[50324,81133],[263,156],[210,408],[-203,218],[500,369],[199,-491],[386,107]],[[61513,86300],[-203,-587],[-279,-436],[-369,-1113]],[[59603,84459],[-289,1290],[-105,1457]],[[59209,87206],[140,104]],[[59349,87310],[322,-261],[-101,-499],[146,-131],[296,897],[518,16],[983,-1032]],[[61879,81701],[-427,-250],[-360,-1418]],[[61092,80033],[-495,-34],[-674,135]],[[59923,80134],[-321,709],[-257,1130]],[[59345,81973],[614,207]],[[53436,81146],[-118,96],[-58,929],[-178,297]],[[53082,82468],[415,637],[603,200]],[[54100,83305],[242,-281],[60,-601],[-556,-1106],[-410,-171]],[[59441,96483],[-641,-435],[-116,-280],[-410,9],[-235,-404],[-179,119],[-68,-350]],[[57792,95142],[-154,130],[-8,727],[-502,798],[-315,293],[-1113,-553]],[[55700,96537],[-852,-154]],[[54848,96383],[-1182,2134]],[[53666,98517],[51,572],[580,910],[946,-218],[436,-335],[947,-1198],[429,303],[304,-342],[335,252],[272,-239],[42,-399],[376,-79],[555,158],[355,-547],[147,-872]],[[63104,94830],[-213,658],[-561,-245]],[[62330,95243],[-280,922],[140,524]],[[62190,96689],[516,373],[-13,739],[440,-222],[334,94],[977,-713],[-332,-2286]],[[63264,91885],[821,-884],[463,62],[136,-948],[-156,-355],[251,-355],[162,-737],[-273,-907]],[[64668,87761],[-383,267],[-639,25]],[[63646,88053],[-345,887],[-14,314],[-234,13],[-218,591]],[[64977,84627],[283,-337],[57,-395],[-141,-628]],[[65176,83267],[-309,-684],[-61,-899]],[[64806,81684],[-415,419],[-349,-444],[-2,256],[-835,-162],[-484,111],[-393,-233]],[[62122,82641],[287,122],[509,538],[315,823]],[[63233,84124],[115,429]],[[63348,84553],[689,-526],[474,-6],[313,173],[119,478]],[[64943,84672],[34,-45]],[[59867,96624],[78,-1407],[129,-250],[342,68]],[[60416,95035],[221,-198],[160,-746],[352,-354]],[[61149,93737],[25,-671],[203,-756],[310,-427]],[[61567,90719],[-511,-69],[-201,-219],[-180,-1197],[107,-659],[217,-577],[568,-156],[149,-348]],[[61716,87494],[-203,-1194]],[[59349,87310],[-662,423],[-217,331],[-971,581],[-199,790],[-408,242]],[[56892,89677],[174,416],[220,1529]],[[57286,91622],[1572,-188],[827,-215],[126,1426],[-522,1395],[-350,58],[-471,-297],[-200,-389],[-822,-1113]],[[57446,92299],[56,981]],[[57502,93280],[149,897],[38,779],[103,186]],[[59441,96483],[228,265],[198,-124]],[[57286,91622],[160,677]],[[47184,86167],[171,-1555]],[[47355,84612],[-290,-185]],[[47065,84427],[-99,436],[-301,324],[-231,880],[516,132],[149,246]],[[47099,86445],[85,-278]],[[59209,87206],[-439,-334],[275,-438],[-444,-670],[-238,-1030]],[[58363,84734],[-639,133],[-995,508],[-284,547]],[[56445,85922],[-145,508]],[[56300,86430],[-140,2317],[86,366],[485,743]],[[56731,89856],[161,-179]],[[59610,75508],[-452,-357],[-1030,-374]],[[58128,74777],[-170,353],[50,933],[-127,577]],[[57881,76640],[504,491]],[[58385,77131],[792,559]],[[59177,77690],[558,-1508],[-125,-674]],[[65539,85085],[842,-620],[657,-286]],[[67038,84179],[557,-778],[-315,-1022],[-352,-511],[-524,372],[-407,628],[-593,190],[-228,209]],[[64977,84627],[223,833]],[[65200,85460],[339,-375]],[[66833,87682],[-150,-658],[-22,-647],[-172,-466],[107,-468],[442,-1264]],[[65539,85085],[223,1063],[49,714],[209,254],[368,6],[41,581]],[[66429,87703],[404,-21]],[[57182,83290],[-565,-266],[631,-1686],[32,-258],[-568,87]],[[56712,81167],[-31,451],[-659,58],[-373,-224],[-61,-517],[-222,-24]],[[55366,80911],[-51,400],[-297,-22],[-290,-297],[248,-371],[-207,-145],[-197,425],[44,-479],[-135,-282],[-161,370],[-391,-88]],[[53929,80422],[533,809],[364,184],[6,312],[582,359],[167,607],[499,465],[344,972]],[[56424,84130],[212,-822],[546,-18]],[[58415,83566],[251,-621]],[[58666,82945],[-702,-582],[39,-324]],[[58003,82039],[-32,-1162]],[[57971,80877],[-155,19],[-942,-672],[-156,330]],[[56718,80554],[-6,613]],[[57182,83290],[170,285],[499,96],[564,-105]],[[50032,81889],[44,-164]],[[50076,81725],[248,-592]],[[50522,80888],[232,-1002]],[[50754,79886],[-398,53],[8,658],[-148,393],[-410,256],[11,616],[215,27]],[[64806,81684],[-326,-1232],[461,-1008],[-691,-696],[-152,-411],[-277,-128],[-927,-17],[-440,-241],[-249,480],[-379,1039],[-225,-28],[-509,591]],[[49286,86259],[344,-175],[-112,-938],[269,-399],[-484,-662],[-315,-182],[-146,-410]],[[48842,83493],[-248,-92],[-394,184],[-202,306]],[[47998,83891],[312,798],[122,1904]],[[48432,86593],[477,104],[377,-438]],[[51726,86718],[-15,-416],[-261,-149],[-64,294],[340,271]],[[50644,84593],[-126,-64],[-31,208],[157,-144]],[[49015,87748],[-135,-196],[137,-509],[-175,-60],[0,756],[173,9]],[[51504,83698],[97,-1228]],[[51601,82470],[-378,-153],[-408,1319]],[[50815,83636],[222,126]],[[51037,83762],[467,-64]],[[53082,82468],[-590,408],[-139,425]],[[52353,83301],[383,-62],[25,436],[318,705]],[[53079,84380],[718,-517],[303,-558]],[[52139,80251],[-5,-395],[-223,-47],[203,-1661],[-96,-942]],[[52018,77206],[-469,-357],[-213,-7]],[[51336,76842],[-163,660],[197,481],[-89,645]],[[51281,78628],[60,508],[-508,430],[-79,320]],[[51753,81407],[374,-601],[12,-555]],[[54420,88895],[-32,-105]],[[54388,88790],[-983,359],[-63,-96],[-1271,1217],[-286,334]],[[51785,90604],[630,687]],[[52415,91291],[568,-1219],[625,-748],[812,-429]],[[56677,94608],[51,-450],[-48,-1085]],[[56680,93073],[-790,6]],[[55890,93079],[-108,1200],[142,73]],[[55924,94352],[235,-38],[-14,422],[532,-128]],[[56731,89856],[-206,493],[-791,212]],[[55734,90561],[-9,837],[-189,558],[88,939],[266,184]],[[56680,93073],[341,162]],[[57021,93235],[481,45]],[[63348,84553],[299,585]],[[63647,85138],[706,-194],[590,-272]],[[57021,93235],[50,1630],[-394,-257]],[[55924,94352],[25,325],[-290,1238],[41,622]],[[47797,90095],[525,-668],[1022,-803]],[[49344,88624],[85,-173],[-69,-759],[172,-916],[287,-293],[52,490],[166,-562],[-293,-254],[-439,275],[-19,-173]],[[48432,86593],[-848,-142],[-400,-284]],[[47099,86445],[-131,376]],[[46968,86821],[-602,1239]],[[46366,88060],[186,818],[1074,1098],[52,264]],[[47678,90240],[119,-145]],[[47998,83891],[-219,356],[-424,365]],[[54162,93765],[179,-127],[77,-542],[168,30],[-8,-453]],[[54578,92673],[-173,0],[-45,-673]],[[54360,92000],[-277,370],[-144,576],[-260,178]],[[53679,93124],[298,649]],[[53977,93773],[185,-8]],[[52018,77206],[277,-428]],[[52295,76778],[-112,-337]],[[52183,76441],[-157,-323]],[[52026,76118],[-156,240],[-170,-349],[-451,75],[-138,464],[225,294]],[[52006,87583],[147,-1014],[183,-634],[301,-171]],[[52637,85764],[-163,-376]],[[52474,85388],[-424,100],[-139,-1057]],[[51911,84431],[-68,-318],[-339,-415]],[[51037,83762],[-437,291],[-163,389],[-163,-680],[-551,-226]],[[49723,83536],[-144,-149],[-737,106]],[[49344,88624],[46,346],[664,713],[374,-182],[155,331]],[[50583,89832],[283,660]],[[50866,90492],[281,-395]],[[51147,90097],[442,-850],[159,-502],[236,-211],[22,-951]],[[61833,97829],[-65,-269]],[[61768,97560],[-171,-596],[-323,237],[-34,400],[-421,-340]],[[60198,99102],[12,355],[384,19]],[[62208,95179],[-114,-673],[-219,-389]],[[61875,94117],[-726,-380]],[[60416,95035],[764,558]],[[61180,95593],[175,162],[286,-619],[567,43]],[[66146,91210],[-44,-978],[139,-1168],[-257,-551],[200,-530],[245,-280]],[[65200,85460],[-15,782],[79,697],[-419,360],[-177,462]],[[63902,92338],[431,-205],[-9,957],[-95,414],[340,96],[273,-2052],[275,111],[616,-383],[413,-66]],[[60919,83258],[114,319],[533,352],[359,32],[864,276],[444,-113]],[[61875,94117],[147,-431],[274,-302],[399,-741]],[[54671,89461],[-251,-566]],[[52415,91291],[455,105]],[[52870,91396],[2,-173],[422,-229],[-109,-188],[335,-642],[279,-306],[-65,-265],[383,-201],[554,69]],[[52474,85388],[387,-188],[-84,-306],[302,-514]],[[52353,83301],[-102,39]],[[52251,83340],[-234,81],[133,284],[-239,726]],[[55366,80911],[49,-649],[422,269],[14,-487],[443,-246]],[[56294,79798],[-110,-828],[122,-263],[-108,-756],[101,-622],[398,112],[-74,-464],[127,-182]],[[56750,76795],[-74,-681],[-179,-8],[-229,-494],[44,-297],[-379,-715],[187,-259]],[[56120,74341],[-118,-361],[-28,-820],[-513,-376],[-70,229],[-560,275],[-184,-429]],[[54647,72859],[-143,412],[-529,201],[-539,-295],[-221,-407],[164,867],[-89,506],[-330,463]],[[52960,74606],[46,690],[379,494],[-202,157],[-296,-284],[125,663],[-639,-208],[-190,323]],[[52295,76778],[279,425],[184,-32],[262,778],[19,386],[-252,336],[199,209],[588,-85],[72,578],[232,316],[51,733]],[[59923,80134],[-258,-551],[-237,134],[-222,-707],[37,-217]],[[59243,78793],[-222,-306]],[[59021,78487],[-486,564],[-9,493],[-381,139],[85,553],[-9,1124],[135,694],[-353,-15]],[[58666,82945],[223,106],[302,-1138],[154,60]],[[63612,86787],[70,-1200],[-35,-449]],[[61716,87494],[233,-306],[705,-79],[958,-322]],[[66146,91210],[540,-28],[17,-290],[517,-1237],[270,-813],[18,-716],[-113,-122],[284,-668],[-259,-122],[-330,668],[-257,-200]],[[56842,73019],[191,-213],[-37,-615]],[[56996,72191],[-103,-645],[-260,-500],[-580,325],[-198,-504],[-266,-178],[-450,408],[-84,-164],[-743,551]],[[54312,71484],[189,442],[146,933]],[[56120,74341],[398,-619],[324,-703]],[[56718,80554],[-424,-756]],[[54312,71484],[-197,-671]],[[54115,70813],[-572,267],[-270,-308],[-770,468],[-142,-440],[-535,227],[-350,-370],[-49,-380],[-207,466]],[[51220,70743],[-12,722],[99,499],[107,1863]],[[51414,73827],[399,-312],[308,-49],[826,265],[13,875]],[[56300,86430],[-970,30],[-611,246],[-590,480],[-291,79],[-65,-647],[-622,-696],[-139,-333],[-375,175]],[[52006,87583],[775,246],[50,761]],[[52831,88590],[737,-355],[820,555]],[[54671,89461],[378,-77],[450,530],[29,640]],[[55528,90554],[206,7]],[[48804,91375],[65,-133],[-801,-1269],[-271,122]],[[47678,90240],[455,2202],[181,455]],[[48314,92897],[490,-1522]],[[50327,92231],[-313,-60],[-222,-297],[-532,-312]],[[49260,91562],[-22,472],[-303,695],[-699,871]],[[48236,93600],[113,769]],[[48349,94369],[1407,-1309],[211,6],[360,-835]],[[52934,94091],[-265,-700],[-495,139],[-297,454],[-352,231]],[[51525,94215],[167,526]],[[51692,94741],[783,-327],[459,-323]],[[51785,90604],[-348,489],[-231,625]],[[51206,91718],[659,532]],[[51865,92250],[113,-6]],[[51978,92244],[479,60],[413,-908]],[[49260,91562],[-456,-187]],[[48314,92897],[-78,703]],[[51525,94215],[3,-463]],[[51528,93752],[-128,-395]],[[51400,93357],[-282,-678]],[[51118,92679],[-1668,2376],[-87,220]],[[49363,95275],[514,322],[2340,1010]],[[52217,96607],[-305,-1264],[-220,-602]],[[51118,92679],[-422,-454]],[[50696,92225],[-1454,2539],[-378,382]],[[48864,95146],[146,368],[353,-239]],[[49260,91562],[206,-373],[1117,-1357]],[[53577,94019],[400,-246]],[[53679,93124],[-71,-11]],[[53608,93113],[-423,1034]],[[53185,94147],[392,-128]],[[51206,91718],[-366,-414]],[[50840,91304],[-144,921]],[[51400,93357],[323,-376],[142,-731]],[[50840,91304],[-213,-198]],[[50627,91106],[-300,1125]],[[50327,92231],[369,-6]],[[54848,96383],[-184,-1175],[-502,-1443]],[[53577,94019],[-119,2317],[62,948]],[[53520,97284],[146,1233]],[[53185,94147],[-251,-56]],[[52217,96607],[1156,460],[147,217]],[[48349,94369],[515,777]],[[53608,93113],[-525,-252],[-156,-517],[-57,-948]],[[51978,92244],[25,660],[-103,404],[-372,444]],[[46968,86821],[-1398,-1709],[-252,-647],[95,-324],[-211,-577]],[[45202,83564],[-3,2]],[[45199,83566],[-1204,2110],[-283,562]],[[43712,86238],[264,235],[1912,151],[478,1436]],[[50627,91106],[239,-614]],[[51785,90604],[-326,-545],[-312,38]],[[54671,89461],[-254,698],[-557,786],[199,261],[-37,466],[338,328]],[[54578,92673],[486,-288],[157,-592],[59,-734],[248,-505]],[[57731,67737],[-328,-203],[-324,268],[-186,-787],[-343,432],[-345,201],[-31,237]],[[56174,67885],[557,299],[283,572],[-22,393],[229,-284],[211,417]],[[57432,69282],[144,-1329],[155,-216]],[[59177,77690],[-212,530],[56,267]],[[59243,78793],[669,-323],[200,11],[237,-767],[752,-889],[-185,-882],[38,-1414],[-513,-702],[-355,17],[39,908],[-266,10],[-283,280],[34,466]],[[58363,84734],[150,-711],[-98,-457]],[[56424,84130],[21,1792]],[[58523,69529],[-103,-901],[-397,-340],[98,-369],[-390,-182]],[[57432,69282],[182,719]],[[57614,70001],[153,47],[756,-519]],[[49723,83536],[348,-231],[161,-499],[-290,-413],[90,-504]],[[51281,78628],[39,-374],[-268,-190],[-177,-395],[20,-393]],[[50895,77276],[-224,-40],[-28,-408],[-227,-532],[438,-327],[99,-848],[259,-201]],[[51212,74920],[292,-371],[-90,-722]],[[51220,70743],[-359,-359],[-197,124]],[[50664,70508],[-358,-458],[-641,-358],[-131,-261]],[[49534,69431],[-210,148],[-511,-171]],[[48813,69408],[-33,311],[391,520],[-179,1785],[89,718]],[[49081,72742],[373,532],[236,98],[44,386],[-207,899]],[[49527,74657],[317,393],[-105,1942],[-402,329],[-140,348],[-345,308],[-440,-62],[-43,262]],[[48369,78177],[3,316],[-331,5],[-519,427],[-661,841]],[[46861,79766],[237,246],[-294,1079],[-54,657],[-322,-433]],[[46428,81315],[-171,703],[246,339],[44,551]],[[46547,82908],[397,229],[-35,502],[287,-464],[264,504],[-474,-13],[79,761]],[[63646,88053],[107,-485],[-141,-781]],[[61768,97560],[422,-871]],[[62330,95243],[-122,-64]],[[61180,95593],[-232,404],[-178,777]],[[58128,74777],[-36,-380]],[[58092,74397],[-479,-784],[-387,261],[-384,-855]],[[56750,76795],[-2,317],[826,147],[-37,-604],[344,-15]],[[51601,82470],[78,-570]],[[50076,81725],[182,4],[144,498],[218,75],[132,446],[-161,795],[224,93]],[[51336,76842],[-323,-44],[-118,478]],[[46547,82908],[-1225,400],[-120,256]],[[53929,80422],[-493,724]],[[58385,77131],[-265,1061],[-33,615],[-133,238],[173,1533],[-156,299]],[[56996,72191],[300,-146]],[[57296,72045],[-167,-640],[-20,-737],[158,-9],[83,673],[238,-122],[-252,-1035],[278,-174]],[[56174,67885],[-247,-184]],[[55927,67701],[-249,250],[6,577],[-933,42],[-660,1637],[24,606]],[[52831,88590],[-564,617],[-34,596],[-448,801]],[[58894,71462],[-92,-1862],[-279,-71]],[[57296,72045],[515,-224],[89,145],[994,-504]],[[52251,83340],[28,-600],[587,-844],[147,-378],[-243,-961],[-273,164],[-358,-470]],[[59867,96624],[287,5]],[[57731,67737],[23,-412],[347,-1576],[322,-307],[200,-528],[-316,-587],[-107,-466],[-337,622],[-406,316],[-751,888],[-444,368],[-448,-58],[-116,799],[205,-28],[24,933]],[[52026,76118],[186,-241],[-315,-419],[-189,135],[-496,-673]],[[58092,74397],[410,-545],[215,-66],[-236,-581],[-199,-861],[476,-183],[136,-699]],[[38644,44399],[-198,216]],[[38446,44615],[198,-216]],[[38365,44707],[-115,342]],[[38250,45049],[232,-165],[-117,-177]],[[35320,29021],[106,-168],[-211,-476],[418,-291]],[[35633,28086],[-167,-921],[-290,-1114]],[[35176,26051],[-312,-517],[-346,-327],[-402,100],[-776,885],[-537,-39],[-316,135]],[[32487,26288],[-338,463],[161,810]],[[32310,27561],[191,1364],[5,511],[-140,149],[55,549]],[[32421,30134],[1093,-551],[593,-579],[685,103],[528,-86]],[[45980,39500],[145,-267],[-395,-615],[384,-639]],[[46114,37979],[-517,-916]],[[45597,37063],[-690,-355],[-113,207],[-245,-397]],[[44549,36518],[-67,118]],[[44482,36636],[201,484],[-360,693],[-187,640],[-440,-2]],[[43696,38451],[-83,133]],[[43613,38584],[43,459],[589,160],[435,542],[313,-296],[298,578]],[[45291,40027],[579,-279],[110,-248]],[[45909,55262],[-206,-149],[-52,-616],[-186,-194]],[[45465,54303],[-211,-58],[-191,338],[-452,-32],[-154,399]],[[44457,54950],[474,449],[-18,482]],[[44913,55881],[184,18]],[[45097,55899],[812,-637]],[[37733,49754],[219,-688],[-720,-1236],[-620,-423]],[[36612,47407],[-327,414]],[[36285,47821],[-230,239],[-210,854]],[[35845,48914],[256,1148]],[[36101,50062],[172,508]],[[36273,50570],[140,-114],[333,257],[783,-1109],[204,150]],[[45202,23443],[-9,-410],[-532,-526],[-1,-450],[-240,-891],[-183,34],[-387,-329],[-832,1722]],[[43018,22593],[234,988]],[[43252,23581],[347,-38],[116,641]],[[43715,24184],[695,-677],[606,-167],[186,103]],[[50882,39389],[424,-83],[69,380],[220,6]],[[51595,39692],[599,-134],[106,151],[417,-384]],[[52717,39325],[444,-404],[-59,-389]],[[53102,38532],[-970,88],[-745,-69],[-210,-346],[-659,-215],[-249,-385],[-195,60]],[[50074,37665],[-804,628]],[[49270,38293],[-91,459],[416,359],[-40,483]],[[49555,39594],[597,278]],[[50152,39872],[537,-665],[193,182]],[[33052,56847],[273,-86],[-136,-375]],[[33189,56386],[185,-291],[-264,-545]],[[33110,55550],[-842,566],[-324,487],[-184,-454],[-519,698]],[[31241,56847],[272,241],[267,502]],[[31780,57590],[404,-467],[868,-276]],[[31780,57590],[112,775],[-97,359]],[[31795,58724],[519,-220],[500,-976],[100,47],[138,-728]],[[53302,27772],[-434,-56],[6,-188],[-832,-399],[-407,-570],[-102,-357]],[[51533,26202],[-166,-134]],[[51367,26068],[-385,925],[-710,234],[-217,-303],[-483,-115],[-585,23],[-31,154],[-638,438],[-198,-45]],[[48120,27379],[-222,243]],[[47898,27622],[-134,182],[186,308]],[[47950,28112],[646,-425],[132,630],[332,106],[307,453]],[[49367,28876],[486,673]],[[49853,29549],[472,-504],[613,6],[339,415],[373,850],[191,177]],[[51841,30493],[767,-380],[337,11],[187,-853],[170,-1499]],[[52692,40647],[-45,-327]],[[52647,40320],[-774,122],[-278,-750]],[[50882,39389],[-288,427],[453,903],[443,-151],[121,258],[812,-42],[269,-137]],[[36198,56919],[410,-333],[471,-23]],[[37079,56563],[410,-297]],[[37489,56266],[-235,-707],[-122,-1057],[-225,-607]],[[36907,53895],[-521,-1228]],[[36386,52667],[-207,171]],[[36179,52838],[-5,581],[-467,681],[-1331,929],[-261,381]],[[34115,55410],[166,153]],[[34281,55563],[464,71],[170,442],[86,779]],[[35001,56855],[846,199],[351,-135]],[[48825,43000],[-86,-1080]],[[48739,41920],[-96,6],[-85,-780]],[[48558,41146],[-256,370],[-430,-87],[-549,279]],[[47323,41708],[-134,177],[230,308],[22,380],[244,-10],[6,497]],[[47691,43060],[150,103],[984,-163]],[[48558,41146],[31,-792]],[[48589,40354],[-451,-779],[-456,-171],[-346,502],[-474,279]],[[46862,40185],[130,641],[331,882]],[[27224,51211],[-275,-1118],[-22,-450]],[[26927,49643],[-290,-446],[1,-740],[-194,190],[-204,-670],[-544,-455],[-266,45],[-8,-306]],[[25422,47261],[-218,-185],[2,-428]],[[25206,46648],[-508,-77],[-652,-551]],[[24046,46020],[-317,-313],[-144,-372]],[[23585,45335],[-394,81],[25,-889]],[[23216,44527],[-373,-6],[110,453],[-226,122]],[[22727,45096],[1,0]],[[22728,45096],[105,672]],[[22833,45768],[339,1252],[305,81],[115,2999],[138,387]],[[23730,50487],[334,44],[385,-311],[67,157]],[[24516,50377],[146,-147],[482,250],[68,549],[842,-73],[161,-154],[255,658],[-66,344],[391,402]],[[26795,52206],[143,-523],[286,-472]],[[47688,62893],[-336,-299]],[[47352,62594],[-161,-521],[-736,-1164]],[[46455,60909],[-536,673],[-318,19],[-154,421]],[[45447,62022],[717,1023]],[[46164,63045],[184,308],[367,-188],[459,59],[212,284]],[[47386,63508],[290,169],[117,-216],[-105,-568]],[[39488,40606],[-742,173],[-71,-1328]],[[38675,39451],[-414,504]],[[38261,39955],[-394,1236],[183,238],[688,-287],[-86,594],[-464,1196]],[[38188,42932],[256,162],[224,443]],[[38668,43537],[484,-315],[307,-1166],[29,-1450]],[[44993,57934],[219,-421],[-204,-997],[89,-617]],[[44913,55881],[-118,404],[-739,449],[225,564]],[[44281,57298],[377,450]],[[44658,57748],[335,186]],[[48009,51112],[-350,-666],[-86,-617],[35,-804]],[[47608,49025],[-487,765],[-130,760],[115,133],[-67,566]],[[47039,51249],[133,543]],[[47172,51792],[349,4],[488,-684]],[[46455,60909],[-181,-207],[-141,-626],[-280,163],[-148,-327],[85,-365]],[[45790,59547],[-309,-398]],[[45481,59149],[-377,746],[-383,457],[-211,589]],[[44510,60941],[502,235],[227,329],[-40,414]],[[45199,61919],[248,103]],[[43252,23581],[-567,560],[-466,205]],[[42219,24346],[9,139]],[[42228,24485],[603,246],[1209,279]],[[44040,25010],[41,-548],[-366,-278]],[[47122,26679],[-456,-449],[27,-149],[-760,-701]],[[45933,25380],[-769,303],[-74,585]],[[45090,26268],[150,-108],[216,1099]],[[45456,27259],[559,-297],[296,464]],[[46311,27426],[811,-747]],[[25653,57864],[-324,-464],[393,-333],[-41,-162],[799,-600],[-359,-699],[231,-62],[19,-391],[480,-177],[-11,-237],[381,-530]],[[27221,54209],[-153,-660],[-200,-363],[164,-653]],[[27032,52533],[-237,-327]],[[24516,50377],[-484,1004],[429,797],[215,852],[-291,1011]],[[24385,54041],[284,155],[-733,1263],[-94,-2],[69,1894],[209,686]],[[24120,58037],[389,-468],[554,73],[590,222]],[[41925,43947],[275,-513],[35,-387],[207,423]],[[42442,43470],[422,-185],[57,-415],[481,-617],[-367,-440],[251,-735]],[[43286,41078],[-346,2]],[[42940,41080],[-113,408],[-635,35],[-99,456],[-429,141]],[[41664,42120],[123,282],[-219,400],[-294,57],[97,526],[-343,322],[-604,340]],[[40424,44047],[-115,380],[174,1036]],[[40483,45463],[223,-130],[384,-711],[404,-485],[431,-190]],[[45306,65010],[72,-609],[-435,-1356],[-11,-408]],[[44932,62637],[-240,84],[-703,770],[-669,280]],[[43320,63771],[231,622],[257,348],[498,60]],[[44306,64801],[1000,209]],[[49742,35021],[-241,-419]],[[49501,34602],[-453,148],[-309,-649],[-399,-238]],[[48340,33863],[-543,-260],[-66,671]],[[47731,34274],[-273,525],[68,344],[-230,388],[77,393]],[[47373,35924],[158,299]],[[47531,36223],[585,-125],[463,303],[-16,354],[254,86]],[[48817,36841],[67,-440],[575,-692],[283,-688]],[[49501,34602],[4,-450]],[[49505,34152],[-338,-812],[-306,-260],[-369,245],[-152,538]],[[32677,64553],[-315,-417],[-482,-305]],[[31880,63831],[-851,-1254]],[[31029,62577],[-875,1301]],[[30154,63878],[276,617],[328,1256],[1551,2031],[713,118]],[[33022,67900],[-79,-1121],[87,-755],[-71,-785],[-282,-686]],[[53440,26414],[14,-530],[375,-419],[59,-790],[-477,-577],[-171,67]],[[53240,24165],[-398,405]],[[52842,24570],[-680,885]],[[52162,25455],[510,668],[318,-122],[271,447],[179,-34]],[[39248,29478],[25,-1441],[547,-150]],[[39820,27887],[10,-901]],[[39830,26986],[-688,79],[-529,169],[-267,269],[-503,68]],[[37843,27571],[-113,263]],[[37730,27834],[69,602]],[[37799,28436],[67,207]],[[37866,28643],[147,551]],[[38013,29194],[132,784]],[[38145,29978],[1103,-500]],[[39966,48395],[69,-337],[268,-228],[67,-477]],[[40370,47353],[284,-750],[-335,-405],[224,-182],[-60,-553]],[[40424,44047],[-358,-463]],[[40066,43584],[-421,1091]],[[39645,44675],[-475,615],[-354,741]],[[38816,46031],[227,573],[379,-32],[319,762]],[[39741,47334],[225,1061]],[[41055,77539],[-20,-626],[142,-476]],[[41177,76437],[-487,215],[-337,927]],[[40353,77579],[-343,682],[-262,818],[-302,1576]],[[39446,80655],[348,566]],[[39794,81221],[308,-1523],[182,-566],[327,-510],[444,-1083]],[[50074,37665],[-168,-416]],[[49906,37249],[-468,-203],[-212,-335],[-225,138]],[[49001,36849],[70,365],[-400,-83],[-183,1121]],[[48488,38252],[782,41]],[[35593,60104],[32,-463],[-432,-735],[-146,-739],[-147,-180]],[[34900,57987],[-221,626]],[[34679,58613],[-209,585],[-54,844]],[[34416,60042],[317,707],[342,-308]],[[35075,60441],[79,-758],[439,421]],[[35113,65597],[187,-350]],[[35300,65247],[-118,-728]],[[35182,64519],[-213,-649],[-3,-1619],[139,-276],[115,-1002],[-72,-326]],[[35148,60647],[-236,277],[-427,-68],[-135,493],[-251,56],[-360,792],[143,180],[-123,486],[-594,992],[-351,70]],[[32814,63925],[-48,293]],[[32766,64218],[574,-116],[-10,1030],[603,425],[1006,-101],[174,141]],[[43324,33048],[310,115],[711,-205]],[[44345,32958],[128,-483],[362,-760]],[[44835,31715],[-150,-485]],[[44685,31230],[-1105,756],[-239,90],[-245,-739],[-972,232],[-137,-98]],[[41987,31471],[100,748],[190,656]],[[42277,32875],[54,501],[386,-454],[490,-88],[117,214]],[[40218,51744],[-128,-271],[92,-683],[-259,-1064],[113,-508],[276,-297],[251,43],[-198,-316],[-399,-253]],[[39741,47334],[-324,-387],[-265,28],[33,273],[-1032,114],[-136,-321],[-456,-171],[-401,-326],[-23,286],[-627,-385]],[[36510,46445],[102,962]],[[37733,49754],[362,94],[-163,354],[363,58],[269,887],[-70,251],[369,97],[120,-378],[322,324],[-153,656]],[[39152,52097],[-32,521]],[[39120,52618],[8,263]],[[39128,52881],[212,2],[446,-570],[147,-381],[285,-188]],[[44281,57298],[-754,-197],[-233,-243],[-313,183]],[[42981,57041],[-278,293]],[[42703,57334],[-264,440],[-50,711]],[[42389,58485],[380,656],[561,414]],[[43330,59555],[320,152]],[[43650,59707],[633,-160],[-2,-583],[172,-857],[205,-359]],[[40367,34639],[783,-940],[353,4],[321,-448],[453,-380]],[[41987,31471],[-241,-226],[-798,765]],[[40948,32010],[-364,1119],[35,166],[-542,75],[-392,607]],[[39685,33977],[565,783],[117,-121]],[[37068,40615],[-210,-932],[695,-638],[191,139],[304,-301],[213,1072]],[[38675,39451],[-42,-344],[731,-306],[99,206],[288,-263]],[[39751,38744],[273,-500]],[[40024,38244],[-1112,-2292]],[[38912,35952],[-574,193],[-298,258],[-207,510],[-1161,-92],[-1896,1122]],[[34776,37943],[6,374]],[[34782,38317],[478,269],[500,21],[-119,286],[226,669],[274,463],[326,101],[52,286]],[[36519,40412],[460,346],[89,-143]],[[40166,64192],[40,-21]],[[40206,64171],[380,-197],[948,-752],[243,-286]],[[41777,62936],[-563,-1042],[-524,-1311],[-277,352]],[[40413,60935],[-357,419],[-597,431],[-854,888]],[[38605,62673],[176,1384],[206,92],[424,-200],[200,249]],[[39611,64198],[441,-170],[114,164]],[[40948,32010],[-402,-934],[118,-812]],[[40664,30264],[-580,-125],[-629,78]],[[39455,30217],[-482,579],[-202,682]],[[38771,31478],[162,265],[321,1125],[71,500]],[[39325,33368],[359,607]],[[39684,33975],[1,2]],[[39611,64198],[-895,763],[-279,1147],[914,-22],[199,-196],[235,457]],[[39785,66347],[454,-880],[18,-874],[-91,-401]],[[47976,54878],[61,-690]],[[48037,54188],[51,-619],[-100,-374],[-315,-295]],[[47673,52900],[-803,-651]],[[46870,52249],[-161,-124]],[[46709,52125],[-486,745],[-310,731],[-448,702]],[[45909,55262],[407,-201],[535,710],[552,-569],[573,-324]],[[41664,42120],[-271,190],[-547,-907]],[[40846,41403],[-273,-135],[-1082,912],[98,889],[477,515]],[[53141,43757],[637,-304],[21,-181],[587,-201],[253,239]],[[54639,43310],[-110,-890],[-269,-891],[-159,-1143],[-295,-1098],[-280,-728],[-424,-28]],[[52717,39325],[196,500],[-266,495]],[[52692,40647],[187,709],[-112,406],[52,673],[-341,570]],[[52478,43005],[487,788],[176,-36]],[[37969,60273],[-329,72],[-408,976],[48,500]],[[37280,61821],[797,319]],[[38077,62140],[-40,-641],[63,-934],[-131,-292]],[[40652,66396],[-326,2],[-132,805],[-247,306],[-37,440],[-241,886]],[[39669,68835],[112,453]],[[39781,69288],[245,254],[271,-153],[232,160]],[[40529,69549],[144,-537],[-67,-1102],[46,-1514]],[[42522,35457],[-120,-568],[-931,275],[-301,494],[-341,126]],[[40829,35784],[171,365]],[[41000,36149],[351,-62],[105,252]],[[41456,36339],[168,-11],[240,-465],[658,-406]],[[42932,78818],[-86,-557],[61,-472],[268,-240],[-250,-741]],[[42925,76808],[-435,-62],[-307,-734]],[[42183,76012],[-661,406],[-345,19]],[[41055,77539],[952,705],[400,666],[368,258]],[[42775,79168],[157,-350]],[[44993,57934],[327,374],[161,841]],[[45790,59547],[266,-650],[305,-450],[449,-1162],[-100,-603],[-759,73],[-1,-418],[-267,-43],[226,-1032]],[[49936,31354],[-102,-455],[-69,-1200],[88,-150]],[[49367,28876],[-439,793],[190,249],[-100,494],[-389,722],[70,1179]],[[48699,32313],[275,4],[491,-602],[297,102],[174,-463]],[[37238,53712],[-146,-673],[50,-1098]],[[37142,51941],[-470,55],[-182,-343]],[[36490,51653],[43,910],[-147,104]],[[36907,53895],[331,-183]],[[36285,47821],[-198,-504],[-286,-226],[-134,433],[167,312],[-520,32],[1,-622],[-166,20],[-147,724],[-109,53],[-237,-730]],[[34656,47313],[-59,469]],[[34597,47782],[129,552],[264,578],[318,372],[322,-681],[215,311]],[[39488,40606],[-197,-732],[-266,145],[-158,-630],[-192,62]],[[37102,32227],[-340,-790]],[[36762,31437],[-483,867],[262,417]],[[36541,32721],[399,-498],[162,4]],[[35883,34135],[121,-844]],[[36004,33291],[-692,-62]],[[35312,33229],[-76,303],[128,534]],[[35364,34066],[519,69]],[[37866,28643],[-480,411],[97,245],[-99,530],[-3,2]],[[37381,29831],[181,-105],[451,-532]],[[45027,82387],[-131,-293],[266,-642],[-231,-252],[-67,-739],[-411,-408],[260,-549]],[[44713,79504],[-326,-855],[98,-350],[-330,-624]],[[44155,77675],[-285,120],[-196,-194],[9,-398]],[[43683,77203],[-348,225],[71,892],[-474,498]],[[42775,79168],[-76,248]],[[42699,79416],[881,214],[264,239],[131,500],[-85,854],[995,1642]],[[44885,82865],[142,-478]],[[26644,57353],[-294,-104],[-697,615]],[[24120,58037],[276,895],[840,546],[1092,-181],[316,-1944]],[[46428,81315],[-762,-109],[-107,-209],[-270,613],[39,373],[-301,404]],[[44885,82865],[314,701]],[[42877,46360],[-1190,-1279],[360,-620],[-122,-514]],[[40370,47353],[661,-871],[362,-355],[58,169],[593,-463],[450,580],[383,-53]],[[38287,31582],[-780,208],[-405,437]],[[36541,32721],[-132,606]],[[36409,33327],[773,-211],[1105,-1534]],[[44482,36636],[-672,-105]],[[43810,36531],[-513,604],[178,712],[147,0],[74,604]],[[52547,60241],[-105,279],[-779,819],[-186,74]],[[51477,61413],[50,707],[-225,987]],[[51302,63107],[141,305],[-293,1070],[269,426],[-343,595],[-179,568],[123,381]],[[51020,66452],[390,-485],[388,303],[110,-130],[475,267],[78,-459],[-298,72],[-347,-209],[248,-903],[173,-1417],[537,-730],[530,-1273],[-184,-1461],[-573,214]],[[38816,46031],[-521,103],[-401,-235]],[[37894,45899],[-410,27],[-674,-284]],[[36810,45642],[-259,393],[-41,410]],[[38328,71253],[324,-982],[-110,-833],[460,-135]],[[39002,69303],[361,-103],[418,88]],[[39669,68835],[-425,-318],[-36,-502],[207,-1059],[370,-609]],[[38605,62673],[-309,-536],[-219,3]],[[37280,61821],[-503,-43]],[[36777,61778],[-322,159],[24,217]],[[36479,62154],[608,314],[231,571],[172,848],[-16,1373],[-192,117],[-172,-294],[-498,408],[-863,-248],[-449,4]],[[35113,65597],[807,1194],[134,994],[-66,920],[145,1694]],[[36133,70399],[180,-176],[538,5],[53,372],[267,516]],[[37171,71116],[642,222],[515,-85]],[[48603,46228],[479,-537]],[[49082,45691],[-129,-1123],[-138,-271]],[[48815,44297],[10,-1297]],[[47691,43060],[-435,-42],[-365,427]],[[46891,43445],[235,508],[-81,457],[287,463],[21,449],[209,703]],[[47562,46025],[775,-242],[79,594]],[[48416,46377],[187,-149]],[[43650,59707],[4,623],[268,631],[408,196]],[[44330,61157],[180,-216]],[[34656,47313],[266,-1186],[516,-132],[601,-412]],[[36039,45583],[48,-1214]],[[36087,44369],[-1431,-1273]],[[34656,43096],[-205,-126],[-282,526],[-209,-94]],[[33960,43402],[-567,1835],[-385,425],[-809,81]],[[32199,45743],[606,784],[271,179],[498,1027]],[[33574,47733],[102,308]],[[33676,48041],[324,-566],[189,11],[255,431],[153,-135]],[[50582,53188],[-192,-940],[-561,-764]],[[49829,51484],[-330,305],[-542,-12]],[[48957,51777],[-90,516],[-579,490],[-541,-35],[-74,152]],[[48037,54188],[822,549],[545,-323],[129,-453],[1049,-773]],[[49001,36849],[-184,-8]],[[47531,36223],[-299,541],[531,404],[528,6],[3,1049]],[[48294,38223],[194,29]],[[49922,44425],[267,-211],[-5,-541],[258,111],[89,-405],[-62,-855],[246,-280]],[[50715,42244],[-338,-1019]],[[50377,41225],[-682,481],[-847,414],[-109,-200]],[[48815,44297],[671,-389],[436,517]],[[42833,73500],[-818,209],[12,-649],[212,-346],[-273,-1245],[-126,-130]],[[41840,71339],[-228,239],[-334,-47],[-556,-368]],[[40722,71163],[-855,96]],[[39867,71259],[-316,73],[-413,370],[-876,4],[66,-453]],[[37171,71116],[-344,148],[-287,589]],[[36540,71853],[605,1218],[240,929],[332,525],[279,116],[826,-47],[865,414],[158,493],[4,784],[98,626],[406,668]],[[42183,76012],[7,-77]],[[42190,75935],[-329,-519],[207,-620],[-157,-311],[163,-526],[759,-459]],[[49456,48175],[-853,-1947]],[[48416,46377],[286,1448],[-515,58]],[[48187,47883],[39,292],[295,56],[191,583],[172,68]],[[48884,48882],[354,-234],[218,-473]],[[40846,41403],[310,-195],[27,-538],[550,-450]],[[41733,40220],[-45,-774],[-110,20]],[[41578,39466],[-674,698],[-406,-886]],[[40498,39278],[-394,265],[-353,-799]],[[38668,43537],[312,361],[-44,232]],[[38936,44130],[169,387],[540,158]],[[48957,51777],[-368,-430],[-22,-410]],[[48567,50937],[-148,-83],[-410,258]],[[47172,51792],[-6,27]],[[47166,51819],[-257,84],[-39,346]],[[33960,43402],[-362,-179],[-58,-436],[-286,-276]],[[33254,42511],[-494,630],[-922,349],[-647,508]],[[31191,43998],[46,465],[248,566],[714,714]],[[49769,47958],[61,-846],[-278,-380],[-470,-1041]],[[49456,48175],[313,-217]],[[35148,60647],[-73,-206]],[[34416,60042],[-199,637],[-520,741],[-562,1632]],[[33135,63052],[-321,873]],[[40722,71163],[14,-395]],[[40736,70768],[-16,-775]],[[40720,69993],[-191,-444]],[[39002,69303],[415,1042],[450,914]],[[28540,48709],[499,-303],[398,-1085],[279,-459],[357,43]],[[30073,46905],[358,-1579],[-367,-658],[224,-845]],[[30288,43823],[-117,-645],[-166,-165]],[[30005,43013],[-57,-100]],[[29948,42913],[-47,-118]],[[29901,42795],[-33,-2],[-125,-59],[-444,516],[-166,26]],[[29133,43276],[-368,1019],[-421,414],[-410,-62]],[[27934,44647],[-179,-113],[-308,606]],[[27447,45140],[-443,1006],[-488,199],[60,417],[-690,-56],[-464,555]],[[26927,49643],[614,-502],[424,-2],[230,-321],[345,-109]],[[26644,57353],[108,-536],[1094,-2]],[[27846,56815],[400,-310],[178,-865],[623,-1234],[-89,-571]],[[28958,53835],[-93,-363],[-507,-181],[-371,186],[-766,732]],[[41840,71339],[529,196]],[[42369,71535],[735,-1074]],[[43104,70461],[-558,-363],[-394,721],[-433,366],[-63,-192]],[[41656,70993],[-552,74],[-368,-299]],[[45747,71005],[-615,-361]],[[45132,70644],[-479,998],[-352,354]],[[44301,71996],[-455,583],[-401,118],[-56,376]],[[43389,73073],[310,794]],[[43699,73867],[474,846]],[[44173,74713],[911,-841],[289,51],[95,-346],[482,-566],[95,-1064],[-152,-779],[-146,-163]],[[46270,27486],[41,-60]],[[45456,27259],[311,678]],[[45767,27937],[503,-451]],[[41133,54737],[26,-378]],[[41159,54359],[-235,55],[-262,-521],[-293,611],[-186,-229],[-104,-548],[-423,147],[-235,-560],[-376,186]],[[39045,53500],[-101,530]],[[38944,54030],[153,115],[1,940]],[[39098,55085],[182,-24],[684,1211],[259,334]],[[40223,56606],[910,-1869]],[[37969,60273],[241,-611]],[[38210,59662],[-284,-6],[-346,-449]],[[37580,59207],[-566,481]],[[37014,59688],[-87,474],[-327,104]],[[36600,60266],[164,949],[13,563]],[[50246,32911],[-88,-350],[150,-703]],[[50308,31858],[0,-338],[-275,-106]],[[50033,31414],[-388,1144],[-2,231],[388,370],[215,-248]],[[28867,60918],[-144,-308],[26,-1356],[-103,-686],[-261,-68],[326,-402],[389,-832],[342,-1]],[[29442,57265],[743,-739],[282,-110]],[[30467,56416],[-125,-278],[147,-846],[511,-726],[-91,-513]],[[30909,54053],[-176,-87],[-442,312],[-200,335],[-451,1320],[-299,121],[-614,554],[-463,749],[-256,690]],[[28008,58047],[140,1419],[397,2676]],[[28545,62142],[167,-374],[155,-850]],[[39045,53500],[83,-619]],[[39120,52618],[-522,259],[-397,459],[-144,-248],[-184,399],[-191,-185],[-112,362],[-332,48]],[[37489,56266],[223,-265],[665,-365],[-34,-602],[253,-88],[348,-916]],[[41656,70993],[205,-842],[-308,-935]],[[41553,69216],[-249,132],[-584,645]],[[54645,44463],[-533,321],[-538,749]],[[53574,45533],[254,385],[154,-53],[480,758],[495,-615],[-312,-1545]],[[36510,46445],[-462,-580],[-9,-282]],[[43081,36349],[-135,-1046]],[[42946,35303],[-424,154]],[[41456,36339],[28,718]],[[41484,37057],[250,-103],[730,160],[561,-423],[56,-342]],[[35846,70416],[-238,-143],[130,-577],[-588,-1299],[-419,-506],[-403,11]],[[34328,67902],[-284,427]],[[34044,68329],[165,282],[1080,2546]],[[35289,71157],[557,-741]],[[49534,69431],[439,-478],[81,-799],[236,-572],[37,-1235],[-114,-414],[11,-675],[782,-1179],[78,-921],[218,-51]],[[51477,61413],[76,-512]],[[51553,60901],[-464,-588],[96,-786],[792,-1044],[-281,-677],[-497,449],[-424,559]],[[50775,58814],[-618,699],[148,873],[-280,562],[-557,775],[-615,547],[-1165,623]],[[47386,63508],[55,268],[-368,260]],[[47073,64036],[369,427],[153,801]],[[47595,65264],[218,673],[-105,1147],[-518,662],[275,417]],[[47465,68163],[-95,719],[325,282]],[[47695,69164],[228,-92],[208,-713],[682,1049]],[[43971,66037],[-1059,1325]],[[42912,67362],[374,801],[44,890],[337,135]],[[43667,69188],[586,47],[587,339]],[[44840,69574],[267,-655],[-53,-404],[-555,-1406],[-202,-668],[-326,-404]],[[40413,60935],[-421,-1346]],[[39992,59589],[-123,308],[-763,-116],[-320,174],[-33,-505],[-177,1],[-125,-558],[-241,769]],[[38261,39955],[-439,510],[-173,852],[-165,-64]],[[37484,41253],[-244,1470],[77,53]],[[37317,42776],[381,288],[103,-269],[387,137]],[[38912,35952],[-337,-784],[1109,-1193]],[[39325,33368],[-169,198],[-1158,626],[-1040,1028],[-361,732]],[[36597,35952],[-742,239],[-1079,1752]],[[50152,39872],[-63,183],[301,498],[-13,672]],[[50715,42244],[231,150],[54,504],[335,-160],[330,156]],[[51665,42894],[421,-387],[392,498]],[[34679,58613],[-259,22],[-289,1040],[-330,333],[-111,-406],[-301,797],[-618,891],[33,230],[-243,481]],[[32561,62001],[256,813],[318,238]],[[49527,74657],[-180,-140],[-320,252],[-732,309],[-429,528]],[[47866,75606],[342,448],[1,868],[-136,578],[57,543],[239,134]],[[36179,52838],[-218,-291],[-841,-386],[-70,-500],[-669,-549]],[[34381,51112],[-1438,1038],[-527,677]],[[32416,52827],[308,451],[-97,936]],[[32627,54214],[606,839]],[[33233,55053],[335,-84],[547,441]],[[45132,70644],[-6,-493],[-286,-577]],[[43667,69188],[-563,1273]],[[43104,70461],[538,514],[659,1021]],[[52162,25455],[-629,747]],[[53302,27772],[138,-1358]],[[50180,22488],[-131,-197],[-200,-1710],[-491,-75],[-617,115],[142,1192],[-554,720],[90,419],[268,196],[-7,513],[-482,781]],[[48198,24442],[139,103]],[[48337,24545],[302,-476],[451,318],[81,-421],[236,-299],[277,-41],[496,-1138]],[[50431,33601],[-926,551]],[[49742,35021],[182,15],[726,512]],[[50650,35548],[165,-405],[1,-476],[-385,-1066]],[[44549,36518],[306,-320],[-10,-304],[363,-474],[-39,-343]],[[45169,35077],[-235,-567]],[[44934,34510],[-478,127],[-64,258],[-412,222],[-499,-167],[-229,127]],[[43252,35077],[-306,226]],[[43081,36349],[725,-79],[4,261]],[[37068,40615],[340,788],[76,-150]],[[38936,44130],[-292,269]],[[38446,44615],[-81,92]],[[38250,45049],[163,297],[-366,14],[-153,539]],[[47166,51819],[-233,-275],[-465,371],[241,210]],[[51367,26068],[-479,-425],[-7,-584],[112,-1072],[-110,-96],[-19,-1078]],[[50864,22813],[-598,-109],[-86,-216]],[[48337,24545],[-177,897],[124,310],[-72,472],[-166,62],[74,1093]],[[31316,35450],[50,-241],[549,-895],[439,-354],[489,66],[333,485],[47,282]],[[33223,34793],[904,-304],[427,-312]],[[34554,34177],[-678,-1535],[20,-855]],[[33896,31787],[-787,443]],[[33109,32230],[-876,384],[-356,-816]],[[31877,31798],[-362,192],[-678,156],[-249,791]],[[30588,32937],[122,506],[0,696],[-151,440],[12,643],[126,247]],[[30697,35469],[362,259],[257,-278]],[[44457,54950],[-131,133]],[[44326,55083],[-331,8],[-21,440],[-216,-638]],[[43758,54893],[-301,-395],[-557,-331]],[[42900,54167],[73,1210],[-130,648],[138,1016]],[[43018,22593],[-332,-607],[-383,-162]],[[42303,21824],[-157,822],[-250,143],[127,553],[183,-74],[13,1078]],[[47608,49025],[373,-1129],[206,-13]],[[47562,46025],[-1410,243],[-88,-476],[-322,-801]],[[45742,44991],[-516,-1209],[-347,-2],[-841,730],[-219,-574]],[[43819,43936],[-1219,-141],[-158,-325]],[[42877,46360],[212,504],[-284,209],[492,1218],[-963,899],[-783,372],[219,312],[421,147],[554,905],[68,530],[-196,1668],[355,654],[820,745],[-34,370]],[[44326,55083],[-43,-408],[964,-2788],[441,-811],[789,26],[562,147]],[[36762,31437],[469,-692],[406,-203],[508,-564]],[[37381,29831],[-787,842],[-359,123],[-398,481],[-396,167]],[[35441,31444],[216,497],[-58,570],[-415,-68],[-68,175],[196,611]],[[36004,33291],[405,36]],[[36445,29588],[534,-598],[820,-554]],[[37730,27834],[-444,87],[-265,-115],[-616,69],[-174,160],[-598,51]],[[35320,29021],[420,663],[653,-718],[52,622]],[[32421,30134],[442,716],[-137,369]],[[32726,31219],[385,-190],[331,-641],[349,-217],[502,380],[630,-49],[514,76],[647,-459],[213,-42],[148,-489]],[[45597,37063],[534,-577],[-48,-258],[626,-393]],[[46709,35835],[-362,-515]],[[46347,35320],[-504,-626]],[[45843,34694],[-674,383]],[[38287,31582],[484,-104]],[[39455,30217],[-9,-474],[-198,-265]],[[42332,21512],[354,-1343],[-174,-206],[-400,-8],[-45,250],[-494,224],[-233,284],[-848,383]],[[40492,21096],[-495,732],[-280,741]],[[39717,22569],[71,660],[221,556]],[[40009,23785],[90,113]],[[40099,23898],[1024,-1354],[-91,-496],[202,-201],[905,-497],[193,162]],[[46227,29190],[30,-301],[344,-502],[-331,-901]],[[45767,27937],[-373,410]],[[45394,28347],[414,1606],[305,-146],[114,-617]],[[34381,51112],[578,-764],[641,-235],[501,-51]],[[33676,48041],[228,617],[203,22],[87,589],[221,320],[154,714],[-130,406],[-314,-103],[86,-685],[-716,96],[-13,-395],[-198,-193],[-554,9],[-74,-1397]],[[32656,48041],[-516,312]],[[32140,48353],[-429,991],[290,1450],[-176,699]],[[31825,51493],[280,461],[311,873]],[[36171,44165],[414,-671],[155,-679],[-234,-199],[-33,-397],[207,-530],[-256,-64],[-262,649],[-119,-348],[193,-322],[-94,-539]],[[36142,41065],[-299,73],[-600,-115],[-429,367],[-231,-19],[-146,-318],[-311,183]],[[34126,41236],[-12,786],[386,581],[156,493]],[[36087,44369],[84,-204]],[[45843,34694],[17,-672],[749,-1350],[192,-131],[102,-1138],[-117,-259]],[[46786,31144],[-348,-15]],[[46438,31129],[-427,434],[-59,-115],[-451,382],[-210,-521],[-354,513],[-102,-107]],[[44345,32958],[589,1552]],[[28686,50252],[-146,-1543]],[[27224,51211],[558,-547],[613,-385],[291,-27]],[[40322,56954],[-99,-348]],[[39098,55085],[-380,70],[-91,317],[32,685],[-76,820],[173,355]],[[38756,57332],[237,-269],[398,25],[125,451],[426,-457],[380,-128]],[[31825,51493],[-782,529]],[[31043,52022],[107,436],[-116,361],[-125,1234]],[[30467,56416],[390,-547],[450,77],[411,-631],[350,-164],[379,-450],[180,-487]],[[35883,34135],[575,1115],[139,702]],[[54645,44463],[-62,-544],[258,-303],[-202,-306]],[[53141,43757],[154,363],[-26,910],[-182,529]],[[53087,45559],[487,-26]],[[39992,59589],[-111,-1260],[193,-856],[220,130],[58,-502]],[[40352,57101],[-30,-147]],[[38756,57332],[-205,455],[-373,-69],[-139,278],[-483,66]],[[37556,58062],[108,534],[-84,611]],[[45933,25380],[-78,-513],[476,-816]],[[46331,24051],[-616,-476],[-513,-132]],[[44040,25010],[-174,1387]],[[43866,26397],[493,134],[387,248]],[[44746,26779],[344,-511]],[[30694,61725],[601,-1488]],[[31295,60237],[212,-556]],[[31507,59681],[-531,-119],[-431,126],[-155,-462],[-476,-587]],[[29914,58639],[-233,423],[94,497],[-334,257],[-88,476],[-271,594],[-215,32]],[[28545,62142],[108,414]],[[28653,62556],[142,60],[764,-344],[704,-679],[431,132]],[[42900,54167],[-360,-991],[-702,143]],[[41838,53319],[-244,873],[-435,167]],[[41133,54737],[386,23],[83,716],[420,406],[181,393],[-106,568],[606,491]],[[49555,39594],[-130,500],[-348,288],[-150,-273],[-338,245]],[[52323,47876],[353,1301]],[[52676,49177],[9,430],[346,51],[306,282],[287,752],[74,1200],[273,-24],[653,-621],[481,-641],[-43,-141],[770,-418],[-191,-517],[-105,-1468],[-718,148],[-115,-729],[-235,-38],[-313,310],[-224,-340],[-211,105],[-342,-239],[-28,551],[-353,108],[-469,-275],[-205,213]],[[34126,41236],[-102,254],[-433,276],[-337,745]],[[46862,40185],[-483,346]],[[46379,40531],[-209,173],[238,927],[-24,470],[-172,114]],[[46212,42215],[237,933],[105,107]],[[46554,43255],[63,-197],[274,387]],[[42940,41080],[-423,-12],[127,-1355]],[[42644,39713],[-911,507]],[[50435,57891],[-242,-352],[-295,-1566],[-210,-734]],[[49688,55239],[-170,-312],[-291,231],[-540,70],[-326,-297],[-385,-53]],[[47352,62594],[775,-668],[838,-622],[81,203],[667,-948],[-83,-459],[-300,94],[-82,-214],[416,-570],[1,-432],[349,-627],[421,-460]],[[48858,60568],[236,-473],[190,411],[-318,427],[-108,-365]],[[50775,58814],[-340,-923]],[[46765,76674],[480,243],[306,-130],[315,-1181]],[[49081,72742],[-300,-304],[-892,-536],[-514,-593],[-370,-141]],[[47005,71168],[-579,-220],[-264,-267],[-275,12],[-140,312]],[[44173,74713],[173,521]],[[44346,75234],[122,177],[-297,423],[131,428],[-189,395],[363,681]],[[44476,77338],[358,-105],[41,554],[478,162],[153,292],[545,-1326],[714,-241]],[[42303,21824],[29,-312]],[[40099,23898],[149,465]],[[40248,24363],[534,-299],[816,-27],[621,309]],[[43529,41072],[1097,-22],[-144,-578],[501,-128],[308,-317]],[[43613,38584],[-807,273],[-136,199],[-26,657]],[[43286,41078],[243,-6]],[[43389,73073],[-124,194]],[[43265,73267],[-9,184],[-423,49]],[[42190,75935],[108,-470],[916,-1173],[485,-425]],[[49829,51484],[317,-380],[86,-464],[-73,-766],[286,-199],[-47,-261],[455,-85]],[[50853,49329],[-38,-761]],[[50815,48568],[-250,-333],[-434,-60],[-362,-217]],[[48884,48882],[199,282],[114,733],[-187,1209],[-443,-169]],[[37079,56563],[402,803],[75,696]],[[37843,27571],[-226,-147],[-209,-461],[-480,-1931]],[[36928,25032],[-463,623],[-613,64],[-676,332]],[[48112,31401],[-94,-289],[-495,729]],[[47523,31841],[168,284],[421,-724]],[[50431,33601],[-185,-690]],[[50033,31414],[-97,-60]],[[48699,32313],[-143,75],[-288,-870],[-156,-117]],[[47523,31841],[-636,1315],[244,942]],[[47131,34098],[600,176]],[[31241,56847],[-258,-23],[-516,-408]],[[29442,57265],[792,703]],[[30234,57968],[302,131],[265,-291],[440,-961]],[[33989,67400],[448,-511],[676,-1292]],[[32766,64218],[-89,335]],[[33022,67900],[473,79]],[[33495,67979],[494,-579]],[[39794,81221],[529,794],[238,-331],[1024,1831]],[[41585,83515],[203,-692],[336,-1709],[453,-888],[122,-810]],[[41585,83515],[383,854],[1688,1974],[56,-105]],[[33989,67400],[339,502]],[[35846,70416],[150,359]],[[35996,70775],[137,-376]],[[36540,71853],[-698,822]],[[35842,72675],[847,2081],[94,-103],[892,1871],[-131,357],[444,754],[703,1860],[755,1160]],[[35289,71157],[108,243]],[[35397,71400],[599,-625]],[[32561,62001],[-137,-805],[-629,418],[-160,-387],[15,-770]],[[31650,60457],[-97,-317],[-258,97]],[[30694,61725],[432,686],[-97,166]],[[31880,63831],[681,-1830]],[[31507,59681],[167,-512]],[[31674,59169],[121,-445]],[[30234,57968],[-320,671]],[[41000,36149],[-131,286],[680,1459]],[[41549,37894],[-65,-837]],[[46438,31129],[-123,-433],[44,-417],[-132,-1089]],[[45394,28347],[-35,-297],[-501,-7]],[[44858,28043],[-150,19]],[[44708,28062],[-57,2249],[-67,193]],[[44584,30504],[185,551],[-84,175]],[[28958,53835],[348,-346],[562,-875]],[[29868,52614],[-273,-532],[-241,-1017],[-259,374],[-248,-218]],[[28847,51221],[-358,101],[-249,279],[-712,425],[-496,507]],[[46861,79766],[-149,208],[-297,-242],[-354,891],[-685,-651],[-159,-308],[310,-214],[257,-583]],[[45784,78867],[-671,-130],[-400,767]],[[35441,31444],[-238,-396],[-571,126],[-736,613]],[[34554,34177],[271,-153],[539,42]],[[33156,36087],[197,-664],[-130,-630]],[[31316,35450],[261,530],[-118,1222]],[[31459,37202],[653,326],[108,-292],[936,-1149]],[[44155,77675],[321,-337]],[[44346,75234],[-324,-30],[-397,301],[-460,821]],[[43165,76326],[518,877]],[[47695,69164],[23,526],[-566,939],[-147,539]],[[32656,48041],[450,-325],[468,17]],[[31191,43998],[-48,-269],[-537,-101],[-318,195]],[[30073,46905],[402,254],[848,794],[817,400]],[[37317,42776],[-195,1292]],[[37122,44068],[-256,966],[-56,608]],[[44708,28062],[-97,-64],[-593,398],[117,986],[449,1122]],[[23730,50487],[-406,1471]],[[23324,51958],[-313,526],[979,1635],[219,-281],[176,203]],[[27447,45140],[-615,502],[-215,-264],[-263,164],[-197,-260],[-140,-598]],[[26017,44684],[8,830],[-296,-412],[-85,312],[-287,213],[79,955],[-230,66]],[[33156,36087],[48,307],[449,1196]],[[33653,37590],[78,-185],[396,504],[578,-278],[71,312]],[[52842,24570],[-526,-662]],[[52316,23908],[-530,1337],[-419,823]],[[50664,70508],[36,-265],[-191,-791],[20,-845],[327,-412],[82,-410],[82,-1333]],[[52547,60241],[-139,-511],[-804,1248],[-51,-77]],[[47595,65264],[-323,229],[-252,803],[-500,916]],[[46520,67212],[190,715],[298,665]],[[47008,68592],[457,-429]],[[45784,78867],[35,-342],[252,-303],[390,-10],[100,252],[259,-182],[392,-577],[-461,-557],[14,-474]],[[36600,60266],[-561,-359],[-446,197]],[[35182,64519],[326,-410],[311,-884],[480,-566],[180,-505]],[[40652,66396],[1937,273]],[[42589,66669],[-250,-1279]],[[42339,65390],[-1010,611],[-419,0],[-276,-997],[-428,-833]],[[36490,51653],[-217,-1083]],[[42339,65390],[-262,-767],[-6,-942],[-139,-110],[-155,-635]],[[40352,57101],[988,1474],[444,-84],[362,105]],[[42146,58596],[243,-111]],[[28653,62556],[301,1296],[866,-775],[334,801]],[[48294,38223],[-1181,-17],[-119,-487],[-229,23],[-186,327],[-465,-90]],[[45980,39500],[399,1031]],[[37014,59688],[-52,-1023],[-764,-1746]],[[35001,56855],[-153,675],[52,457]],[[47373,35924],[-664,-89]],[[41838,53319],[-13,-451],[-587,-1850],[-726,145],[0,267],[-294,314]],[[42228,24485],[-86,38],[-11,874],[-100,1066],[34,613]],[[42065,27076],[474,-154],[805,17],[157,-339],[306,38],[59,-241]],[[44746,26779],[-48,354],[160,910]],[[44932,62637],[267,-718]],[[44330,61157],[-327,113],[-841,2142]],[[43162,63412],[158,359]],[[43252,35077],[-114,-1090],[286,-459],[-100,-480]],[[40367,34639],[90,425],[372,720]],[[37142,51941],[270,-237],[1250,224],[490,169]],[[47523,31841],[-386,-675],[-270,-184]],[[46867,30982],[-81,162]],[[46347,35320],[118,-931],[666,-291]],[[46164,63045],[-193,1160]],[[45971,64205],[172,194],[501,-81],[208,282]],[[46852,64600],[272,-68],[-51,-496]],[[52323,47876],[-148,-508],[67,-442]],[[52242,46926],[-148,-60],[-370,545],[-320,175]],[[51404,47586],[-214,143],[9,617]],[[51199,48346],[290,-13],[423,1039]],[[51912,49372],[764,-195]],[[49688,55239],[496,-573],[-262,-106],[815,-878],[-155,-494]],[[35397,71400],[445,1275]],[[53240,24165],[-430,-872],[-94,-1521],[-682,24],[-375,244],[94,256],[-437,258]],[[51316,22554],[364,387],[636,967]],[[40498,39278],[-474,-1034]],[[41578,39466],[427,-445],[-456,-1127]],[[46520,67212],[-140,-1286],[101,-412],[416,-673],[-45,-241]],[[45971,64205],[-503,828],[-162,-23]],[[44306,64801],[-8,337],[-294,575],[-33,324]],[[45132,70644],[530,-1012],[311,-340],[189,-734],[211,-276],[484,397],[151,-87]],[[43162,63412],[-401,129],[-569,-669],[-415,64]],[[42589,66669],[323,693]],[[51665,42894],[248,553],[-170,369],[642,1570],[203,71]],[[52588,45457],[499,102]],[[28847,51221],[-161,-969]],[[37122,44068],[-951,97]],[[36519,40412],[-64,423],[-313,230]],[[43529,41072],[319,1034],[-236,258],[449,1151]],[[44061,43515],[659,-647],[846,-504],[548,-425],[98,276]],[[43265,73267],[-290,-709],[-606,-1023]],[[31043,52022],[-938,385],[-237,207]],[[27846,56815],[162,1232]],[[51316,22554],[-452,259]],[[33394,39092],[216,-763],[43,-739]],[[31459,37202],[-56,250]],[[31403,37452],[353,1055]],[[31756,38507],[175,538]],[[31931,39045],[445,408],[640,-122],[378,-239]],[[48198,24442],[-635,-551],[-586,-371],[-646,531]],[[47122,26679],[338,775],[323,-83],[115,251]],[[34281,55563],[-201,615],[-136,793],[-326,-508],[-106,427],[446,604],[-37,303],[-519,605]],[[33402,58402],[-454,630]],[[32948,59032],[80,570],[-238,432],[-241,-468],[-401,339],[-226,494],[-272,58]],[[34782,38317],[-51,807],[-179,-32],[-136,581]],[[34416,39673],[-290,1563]],[[42912,67362],[-504,540],[-691,950],[-164,364]],[[43819,43936],[242,-421]],[[33233,55053],[-123,497]],[[33189,56386],[183,6],[36,519]],[[33408,56911],[-6,1491]],[[32948,59032],[-464,25],[-176,-260]],[[32308,58797],[-634,372]],[[40664,30264],[199,-1817]],[[40863,28447],[-403,-399],[-640,-161]],[[49906,37249],[428,-671],[92,-669],[224,-361]],[[42065,27076],[-670,282],[-532,1089]],[[50308,31858],[902,-536],[189,269],[501,-400],[-59,-698]],[[33394,39092],[671,551],[351,30]],[[47950,28112],[-433,756],[172,685],[-362,583],[-411,297],[-49,549]],[[33408,56911],[-141,88],[-68,796],[-385,485],[-123,-98],[-383,615]],[[51199,48346],[-384,222]],[[50853,49329],[531,132],[528,-89]],[[45742,44991],[140,-100],[672,-1636]],[[32726,31219],[383,1011]],[[43330,59555],[-359,790],[-481,69],[-130,-630],[-40,-759],[-174,-429]],[[40248,24363],[-161,99],[-19,499],[244,1013],[-557,448],[75,564]],[[40009,23785],[-568,779],[-468,120],[-665,-509],[-279,-831]],[[38029,23344],[-440,740],[-446,377],[-215,571]],[[33495,67979],[549,350]],[[51404,47586],[-417,-1072],[-263,-914],[-802,-1175]],[[52242,46926],[346,-1469]],[[90023,26969],[-276,-442],[302,-1245]],[[90049,25282],[-653,-831],[-438,-128],[-357,60]],[[88601,24383],[-84,395]],[[88517,24778],[524,322],[343,498],[-134,307],[432,675],[-73,850]],[[89609,27430],[171,84]],[[89780,27514],[243,-545]],[[81053,19934],[2,-434]],[[81055,19500],[7,-436],[-219,-476]],[[80843,18588],[-965,-293],[-519,370]],[[79359,18665],[-247,243]],[[79112,18908],[80,35],[-99,1416],[-191,418],[-41,854]],[[78861,21631],[228,-78],[595,576]],[[79684,22129],[201,160],[30,-835],[228,-8],[395,-1040],[515,-472]],[[88808,32499],[-407,1012],[-469,53],[-37,-258],[-477,-211],[75,-370],[-154,-301],[166,-545],[195,-72],[145,523],[202,58],[-13,-404]],[[88034,31984],[-254,-308],[302,-1215]],[[88082,30461],[-430,-164],[-356,145],[-84,-445]],[[87212,29997],[-408,-2]],[[86804,29995],[-68,714],[-330,359],[-359,-50],[-150,490],[-333,-462]],[[85564,31046],[-224,212]],[[85340,31258],[324,769],[-330,472],[-54,610],[784,361],[610,47]],[[86674,33517],[1003,282],[637,-21],[109,203]],[[88423,33981],[281,-147],[293,-430],[-189,-905]],[[88601,24383],[177,-985],[-101,-417],[-435,-249],[-12,-376],[378,-109],[222,-287],[-277,-506],[-282,-209]],[[88271,21245],[-245,-154],[-314,325]],[[87712,21416],[-47,788],[107,551],[-357,239],[87,622],[743,1048]],[[88245,24664],[272,114]],[[86089,41223],[-2,-764],[363,-1290],[297,-741]],[[86747,38428],[-978,-801],[-688,-799]],[[85081,36828],[-449,1798],[-433,1030],[-132,28]],[[84067,39684],[31,239],[398,532],[-199,313],[430,-38],[-25,673],[150,15],[-203,594]],[[84649,42012],[454,224],[426,-1154],[560,141]],[[94091,24494],[349,-932],[78,-521],[-104,-1070],[-245,-624],[-100,221],[-437,-50],[-699,-316]],[[92933,21202],[-96,916],[-183,522],[292,907],[628,885],[517,62]],[[83701,30532],[-143,-857],[195,-929],[-28,-743],[-647,-1019],[-335,286]],[[82743,27270],[170,622],[-210,403],[-92,534],[-199,355],[116,632],[-265,130],[-168,363],[-66,725],[-453,437]],[[81576,31471],[13,58]],[[81589,31529],[720,-171],[1392,-826]],[[89377,40619],[-244,-1290]],[[89133,39329],[-631,-3099],[-131,-284]],[[88371,35946],[-33,-4]],[[88338,35942],[-281,593],[-33,575],[-724,638],[-240,528],[-313,152]],[[86089,41223],[1561,603],[648,314],[239,312]],[[88537,42452],[370,-304],[724,-310],[-254,-1219]],[[94382,43272],[-12,-231]],[[94370,43041],[-113,24],[-893,-488],[-317,-407],[-373,-1216]],[[92674,40954],[-441,37],[-271,410],[-268,769],[-485,-229]],[[91209,41941],[-137,1984],[-115,778]],[[90957,44703],[-49,286],[902,301],[129,331]],[[91939,45621],[600,478],[-58,883]],[[92481,46982],[465,382],[687,220],[428,-1907],[108,-1508],[213,-897]],[[81576,31471],[-174,-1123],[-524,-1854]],[[80878,28494],[-371,38],[-555,-162],[-120,261]],[[79832,28631],[29,841],[327,1337],[5,564],[523,-156],[276,265],[293,9]],[[81285,31491],[304,38]],[[79912,36516],[-253,-790],[-306,-276]],[[79353,35450],[-196,-96],[-367,314],[-85,-310],[100,-916],[384,64],[-109,-354],[-293,-51],[-219,-417],[337,-203],[22,-342],[-601,-388]],[[78326,32751],[-79,-184],[-376,703],[-320,271]],[[77551,33541],[-902,649],[-262,304],[-155,452],[-99,940],[30,938],[290,514],[475,-399],[243,120],[646,-77],[968,-5],[1127,-461]],[[82094,15621],[-101,-331],[1038,-880],[300,-179]],[[83331,14231],[225,40]],[[83556,14271],[347,-94]],[[83903,14177],[-440,-1652]],[[83463,12525],[-225,-139],[-975,89]],[[82263,12475],[-297,28]],[[81966,12503],[-104,970],[-752,322],[-396,289]],[[80714,14084],[-460,343]],[[80254,14427],[269,379]],[[80523,14806],[542,751],[188,816]],[[81253,16373],[841,-752]],[[90976,21442],[384,-851],[323,-311]],[[91683,20280],[-1063,-915],[-739,-305],[-441,-26],[-194,-228]],[[89246,18806],[-147,79],[-466,1433]],[[88633,20318],[105,918],[707,-145],[203,306],[673,155],[655,-110]],[[87712,21416],[-1044,98],[-281,382]],[[86387,21896],[-57,242],[172,779],[-245,398],[-339,-139],[-190,322],[-136,643]],[[85592,24141],[-109,959],[152,297],[487,71],[360,330],[435,88],[200,-188],[281,406],[-43,461]],[[87355,26565],[246,-175],[280,-568],[48,-709],[316,-449]],[[91478,35786],[-432,-205],[-876,1533],[443,690]],[[90613,37804],[115,-357],[750,-1661]],[[81768,38094],[-270,265],[-10,692],[-364,-4],[-310,254],[-370,-192],[315,-587],[-329,-492],[-424,-196]],[[80006,37834],[-164,233],[-117,805],[-564,572],[51,336],[-470,102],[-12,1277],[-464,254],[-427,387],[179,605],[105,-238],[459,660],[278,13],[307,-672],[440,119],[625,0],[427,-502],[189,22],[628,-1645],[296,-177],[-4,-1891]],[[97802,26992],[-467,-2],[-136,-160]],[[97199,26830],[-604,1091],[-423,105],[-244,387]],[[95928,28413],[-130,404]],[[95798,28817],[375,100],[221,-254],[818,327],[3,316],[301,328]],[[97516,29634],[31,-514],[168,-32],[41,-1235],[213,98],[-309,-649],[142,-310]],[[87132,16029],[390,-1104],[-585,-158],[-307,-391],[-357,-98],[-416,-1243],[-166,-846]],[[85691,12189],[-228,274],[-467,-182]],[[84996,12281],[-124,1008],[284,1354],[-12,502]],[[85144,15145],[275,363],[-20,252],[267,357],[-210,303],[-35,462],[1247,-75],[30,-257],[370,-217],[64,-304]],[[79623,28535],[135,-838]],[[79758,27697],[-723,-1275]],[[79035,26422],[-514,-670],[-254,-678],[-392,45]],[[77875,25119],[0,173],[-611,502],[-259,-228],[-1237,837]],[[75768,26403],[198,696]],[[75966,27099],[306,11],[330,498],[304,89],[-241,402],[371,551],[251,23],[212,370],[-172,348],[-351,-145],[362,910],[199,155]],[[77537,30311],[144,-540],[1378,-1055],[564,-181]],[[98437,27605],[101,-196],[1010,-286],[451,-553],[-120,-285],[-337,-157],[-488,-859],[-516,122],[-331,-218]],[[98207,25173],[-384,553],[-694,427],[-137,352],[207,325]],[[97802,26992],[241,611],[394,2]],[[80523,14806],[-109,-30],[-218,860],[292,126]],[[80488,15762],[194,-132],[571,743]],[[83196,21725],[-209,487]],[[82987,22212],[-23,331],[-355,744],[88,711]],[[82697,23998],[338,-13],[260,395],[756,11]],[[84051,24391],[196,-493],[-227,-113],[299,-1434],[-942,-841],[-181,215]],[[89862,27543],[-82,-29]],[[89609,27430],[-369,-17],[-127,271],[-606,-252]],[[88507,27432],[-630,-87]],[[87877,27345],[149,824]],[[88026,28169],[214,566],[657,515]],[[88897,29250],[12,-254],[713,-761],[240,-692]],[[78665,17919],[-137,-401],[-8,-637],[142,-12],[198,-607],[470,-741],[203,122]],[[79533,15643],[37,-175]],[[79570,15468],[336,-914]],[[79906,14554],[214,-252]],[[80120,14302],[-459,-624],[-294,149],[-1067,-237],[-630,-594]],[[77670,12996],[-394,387],[-791,974],[490,1606],[28,566],[229,624],[445,408],[331,-37],[184,331],[473,64]],[[90816,26087],[-516,-718],[-85,39]],[[90215,25408],[-166,-126]],[[90023,26969],[276,194],[296,-356],[221,-720]],[[89204,31207],[-57,-682],[-473,-470]],[[88674,30055],[-172,429],[-420,-23]],[[88034,31984],[130,152],[240,-394],[424,-111],[376,-424]],[[79570,15468],[385,185],[338,-863],[-267,75],[-120,-311]],[[88674,30055],[223,-805]],[[88026,28169],[-615,272],[-303,982],[104,574]],[[88147,45335],[57,-310],[393,442],[9,-861],[145,-339]],[[88751,44267],[124,-387],[-81,-766],[-257,-662]],[[84649,42012],[-96,367],[302,572],[-222,573],[286,309],[505,75],[700,728],[627,754],[431,242]],[[87182,45632],[363,102],[602,-399]],[[85081,36828],[56,-384],[-167,-242],[-274,133],[-30,-289],[-304,-314]],[[84362,35732],[-70,107],[56,1076],[-323,-89]],[[84025,36826],[-39,273],[-396,-119],[-108,228],[-450,160],[-154,-245],[-448,2],[21,301],[-353,162],[-67,327]],[[82031,37915],[381,743],[561,895],[283,158],[452,-499],[359,472]],[[92642,20829],[-959,-549]],[[90976,21442],[-144,1166],[-236,736]],[[90596,23344],[174,86],[252,-384],[238,-24],[266,-809],[-252,-391],[156,-722],[351,241],[375,-436],[486,-76]],[[91939,45621],[-412,1397],[693,564],[261,-600]],[[81826,21014],[-437,-600],[-31,-436],[-305,-44]],[[79684,22129],[-91,1015],[336,382]],[[79929,23526],[847,273]],[[80776,23799],[327,-1104],[62,64],[339,-1059],[322,-686]],[[97516,29634],[88,165]],[[97604,29799],[220,-526],[296,109],[317,-1777]],[[87182,45632],[-80,1189],[721,270],[21,311],[310,203]],[[88154,47605],[337,-192],[114,-841],[-123,-425],[291,-161],[-626,-651]],[[87355,26565],[-166,225]],[[87189,26790],[67,613],[621,-58]],[[88507,27432],[237,-674],[199,196],[151,-812],[485,804],[30,484]],[[90631,39047],[-1498,282]],[[89377,40619],[763,-284],[46,-367],[616,-381],[-171,-540]],[[86387,21896],[-295,-183],[-570,2],[13,418],[-271,159],[-489,-396],[-187,571],[186,179],[-214,1301]],[[84560,23947],[972,-32],[60,226]],[[82895,19099],[82,-1022],[-47,-1621]],[[82930,16456],[-428,-343],[-408,-492]],[[81253,16373],[568,882],[-114,417],[329,487],[-189,570],[-133,-276],[-871,135]],[[81055,19500],[250,-19],[-97,-496],[905,-247],[233,384],[331,-143],[218,120]],[[79721,24261],[-955,-1957],[-114,-314]],[[78652,21990],[-530,915],[-356,871]],[[77766,23776],[-46,423],[155,920]],[[79035,26422],[324,-662],[80,-686],[-176,-469],[458,-344]],[[86804,29995],[13,-311],[-276,-519],[-814,-772],[-428,-143]],[[85299,28250],[-327,368],[-327,831],[-274,971]],[[84371,30420],[121,-111],[599,73],[473,664]],[[81966,12503],[-217,24],[73,-618]],[[81822,11909],[-381,-446],[-479,-361],[-7,-495],[-275,-340]],[[80680,10267],[-206,-1440]],[[80474,8827],[-398,-542],[-310,199],[-953,128]],[[78813,8612],[51,833],[131,536],[423,843],[-125,357],[216,790],[531,870],[674,1243]],[[90631,39047],[86,-284]],[[90717,38763],[-198,-312],[-11,-406]],[[90508,38045],[-786,-1078],[-468,-840]],[[89254,36127],[-504,-237],[-379,56]],[[84362,35732],[478,-482],[651,149],[-306,-709],[71,-493]],[[85256,34197],[-227,-227],[80,-1591],[323,-51],[-92,-1070]],[[84371,30420],[-256,71]],[[84115,30491],[-263,641],[-368,1623],[-317,402],[-251,619],[-566,508]],[[82350,34284],[130,374],[50,1158],[349,-265],[631,909],[345,24],[170,342]],[[85883,11706],[294,-781],[-19,-1051],[-194,-654],[138,-534],[-456,-459]],[[85646,8227],[-284,199],[-47,786],[-321,-103],[-152,393],[-209,-23],[-424,914],[-337,15],[262,656],[245,168],[1504,474]],[[80254,14427],[-134,-125]],[[79533,15643],[256,243],[9,372],[243,34],[-92,303]],[[79949,16595],[396,-151],[-68,-205],[211,-477]],[[84552,15950],[-649,-1773]],[[83556,14271],[-14,652],[136,162],[-200,1527],[-9,635],[346,222],[397,-158],[94,-342],[307,-66],[-61,-953]],[[88633,20318],[-362,927]],[[90215,25408],[254,-1859],[127,-205]],[[82588,26602],[444,-733],[770,-884],[91,-526],[158,-68]],[[82697,23998],[-237,515],[-78,965]],[[82382,25478],[78,502],[-85,675]],[[82375,26655],[213,-53]],[[87189,26790],[-175,-205],[-559,341],[-254,-376],[-64,257],[-331,109],[-359,-141]],[[85447,26775],[19,807],[-167,668]],[[77780,30700],[-243,-389]],[[75966,27099],[-927,964],[194,455],[-117,1102],[0,754],[258,672],[-95,323],[381,233],[-183,694],[305,-94],[1336,-882],[662,-620]],[[82263,12475],[-77,-625]],[[82186,11850],[-38,-129]],[[82148,11721],[-326,188]],[[84560,23947],[-106,514],[65,750],[361,188],[314,-164],[364,218],[-113,512],[2,810]],[[82743,27270],[-155,-668]],[[82375,26655],[230,722],[-1003,626],[-569,168],[-155,323]],[[81253,16373],[-43,477],[-185,354],[-48,820],[-134,564]],[[91252,31266],[457,-1333]],[[91709,29933],[-616,-243],[-355,-361],[-192,-545],[-684,-1241]],[[89204,31207],[73,982]],[[89277,32189],[326,-85],[156,281],[371,-179],[214,-322],[-67,-285],[271,-87],[98,-547],[606,301]],[[79832,28631],[-209,-96]],[[77780,30700],[-132,571],[173,194],[402,-393],[63,854],[-354,30],[-284,797],[-97,788]],[[78326,32751],[295,149],[450,-68],[308,386],[204,579],[209,-81],[117,-491],[572,-335],[53,-430],[279,163],[238,-315],[11,-446],[289,51],[-66,-422]],[[79949,16595],[-54,778],[-325,-28],[-1,688],[-348,312],[138,320]],[[77766,23776],[-306,-103],[-204,-378],[-310,-1693],[-404,-50],[-393,-741],[-521,598],[-209,73],[-655,692],[242,871],[-74,616],[659,-269],[96,476],[-892,623],[626,180],[636,489],[-63,376],[-328,284],[102,583]],[[94488,34051],[-519,-884],[57,-690],[266,-690],[824,323],[220,-808],[-149,-803]],[[95187,30499],[19,-638],[-115,-350]],[[95091,29511],[-351,-99],[-228,479],[-355,77],[-213,316],[35,335],[-800,113],[-246,-153],[-328,-502],[-47,-342]],[[92558,29735],[-343,655],[-506,-457]],[[91252,31266],[274,462],[1141,1166],[57,311]],[[92724,33205],[112,1154]],[[92836,34359],[257,440]],[[93093,34799],[694,-615],[701,-133]],[[83463,12525],[871,-344],[662,100]],[[85691,12189],[192,-483]],[[85646,8227],[-431,-662],[-964,769],[-250,-9]],[[84001,8325],[-145,940],[-594,1049],[-128,487],[-413,414],[-386,150],[-149,485]],[[98207,25173],[-488,-603],[-1003,-954],[-346,-229],[-735,256],[396,1111],[-409,1100],[321,483],[260,-145],[104,713],[-379,1508]],[[97665,40380],[-37,878],[358,271]],[[97986,41529],[513,36],[554,269],[488,517],[9,-483],[-137,-1074],[-1748,-414]],[[82987,22212],[-1161,-1198]],[[80776,23799],[5,532],[502,64],[441,216],[-43,384]],[[81681,24995],[113,280],[588,203]],[[80878,28494],[-311,-720],[-398,-85]],[[80169,27689],[-411,8]],[[89697,45298],[-215,-64],[-731,-967]],[[88154,47605],[409,205],[312,-811],[444,141],[248,-910],[130,-932]],[[95874,38552],[35,-552],[-277,-217],[-242,-445],[115,-1264]],[[95505,36074],[-653,-92],[-197,182],[-142,502],[-386,-334],[-1036,-1429]],[[93091,34903],[-601,1780]],[[92490,36683],[240,292],[3,479],[-398,-165],[-45,430],[-313,81],[202,318],[-66,290]],[[92113,38408],[307,62],[438,699],[518,-94],[132,245],[258,-57],[-27,455],[-461,186],[18,625],[-760,-218]],[[92536,40311],[138,643]],[[94370,43041],[183,30],[24,-493],[365,-635],[186,-1999],[265,-895],[51,-444],[430,-53]],[[95505,36074],[-461,-1168],[-556,-855]],[[93093,34799],[-2,104]],[[83196,21725],[-220,-153],[-34,-430],[311,-613],[3,-1074],[-389,17],[28,-373]],[[78861,21631],[-209,359]],[[79721,24261],[208,-735]],[[82148,11721],[8,-798],[-82,-716],[-595,-137],[-799,197]],[[84560,23947],[-509,444]],[[83701,30532],[414,-41]],[[97665,40380],[-323,-69],[-3,-405],[-481,-667],[121,-326],[-214,-165],[87,-639],[-317,-81],[-167,583],[149,434],[-350,-98],[-42,-395],[-251,0]],[[94382,43272],[241,399],[1342,446],[590,112],[291,-242],[250,-1202],[626,-254],[261,-244],[3,-758]],[[84001,8325],[-503,-183],[-256,262],[-209,-350],[-591,367],[-199,-226],[-644,130],[-420,357],[-705,145]],[[89246,18806],[-677,-771],[-367,98],[-165,-893],[-528,-862],[-377,-349]],[[85144,15145],[-233,276],[-155,-122],[-204,651]],[[83331,14231],[-401,2225]],[[92933,21202],[-291,-373]],[[90816,26087],[370,-6],[1275,341],[467,684]],[[92928,27106],[148,-483],[281,-389],[802,-348],[87,-993],[-155,-399]],[[91478,35786],[965,-1976],[393,549]],[[92724,33205],[-694,45],[-62,445],[-350,675],[-811,-2],[-610,-129],[-943,1888]],[[90508,38045],[105,-241]],[[91330,38223],[173,-1102],[282,-866],[705,428]],[[90717,38763],[613,-540]],[[88338,35942],[-127,-836],[212,-1125]],[[86674,33517],[-277,475],[-61,423],[-356,333],[-451,42],[-117,-581],[-156,-12]],[[81768,38094],[263,-179]],[[82350,34284],[-258,-160],[-71,316],[-407,327],[-728,280],[-492,-30],[-566,555],[-475,-122]],[[79912,36516],[304,478],[-210,840]],[[88808,32499],[107,-317],[362,7]],[[91209,41941],[160,-2018],[-12,-1600]],[[91357,38323],[-27,-100]],[[89697,45298],[442,233],[82,-467],[467,-458],[269,97]],[[92057,38686],[56,-278]],[[91357,38323],[312,568],[388,-205]],[[92558,29735],[21,-995],[349,-1634]],[[80169,27689],[826,-1880],[137,-651],[165,-192],[384,29]],[[78665,17919],[447,989]],[[92536,40311],[-218,-578],[-261,-1047]],[[78813,8612],[-431,149],[-329,1068],[-288,337],[-258,1105],[20,683],[-153,248],[296,794]],[[95798,28817],[-707,694]],[[95187,30499],[884,566],[278,-136],[199,596],[29,553],[475,15],[111,-524],[432,-580],[-82,-705],[91,-485]],[[16314,33361],[-512,-1341]],[[15802,32020],[-972,1453]],[[14830,33473],[239,839],[446,1059]],[[15515,35371],[780,-1204],[-148,-391],[167,-415]],[[12506,17180],[50,-264],[410,-538]],[[12966,16378],[0,-274],[417,-102],[232,113],[467,-209]],[[14082,15906],[458,-112]],[[14540,15794],[276,-497],[78,-428]],[[14894,14869],[-5,-19]],[[14889,14850],[-801,-1085],[-821,-397],[-166,109]],[[13101,13477],[-587,-374],[-193,690],[-436,288],[-413,-630],[-893,1320]],[[10579,14771],[84,1164]],[[10663,15935],[468,707],[-108,391]],[[11023,17033],[126,254],[1357,-107]],[[13101,13477],[-194,-175],[-357,-688]],[[12550,12614],[-57,-416],[291,-710],[-326,-74]],[[12458,11414],[-905,8]],[[11553,11422],[-18,218],[-464,577],[-295,41]],[[10776,12258],[-208,360],[-220,724]],[[10348,13342],[173,173],[58,1256]],[[16941,15722],[219,51]],[[17160,15773],[118,-376],[-182,-513],[-214,-44],[-605,-727]],[[16277,14113],[-97,212],[-412,100],[-407,-299],[-332,327],[-140,397]],[[14894,14869],[356,-136],[270,348]],[[15520,15081],[12,594],[-261,373],[-393,28],[-196,413],[21,773]],[[14703,17262],[542,-169],[593,-466],[860,-912],[243,7]],[[13081,24600],[-170,-1008],[-265,-848]],[[12646,22744],[-602,43]],[[12044,22787],[330,291],[-39,399]],[[12335,23477],[209,237],[201,737],[49,711]],[[12794,25162],[199,-122],[88,-440]],[[25181,21070],[147,-1032],[-96,-263],[76,-1005]],[[25308,18770],[-128,-1972]],[[25180,16798],[-73,321],[-380,209],[-313,-286],[-100,252],[-367,181]],[[23947,17475],[203,720],[-47,397]],[[24103,18592],[-124,457],[129,1639],[-186,969]],[[23922,21657],[802,-111],[113,-551],[344,75]],[[38564,22118],[227,-32],[-17,-345],[-226,34],[-122,-406],[268,-162],[252,143],[295,-276],[-417,-1110],[218,-30],[-411,-613],[94,-227],[216,314],[375,-497],[-301,-331],[182,-285]],[[39197,18295],[-315,-412],[-173,263],[-294,-321],[-379,-841],[-83,-555],[-771,145],[-367,-30]],[[36815,16544],[-78,352],[-390,210],[160,1315],[-492,383],[-379,-776],[-681,-30],[-343,308]],[[34612,18306],[353,446],[-243,1323],[-233,354],[-708,303],[-245,-288],[-271,385]],[[33265,20829],[227,612]],[[33492,21441],[318,-153],[1485,-348],[233,74],[725,-245],[126,401],[236,-160],[235,841],[441,-273],[533,314],[462,-233],[278,459]],[[27465,32533],[11,-11]],[[27476,32522],[-844,-1055],[-1197,-431]],[[25435,31036],[-33,1151]],[[25402,32187],[386,589],[125,-158],[238,374],[141,-199],[229,220],[58,660]],[[26579,33673],[516,-578],[-11,-598],[381,36]],[[30900,15030],[-373,-1647]],[[30527,13383],[-276,-1612]],[[30251,11771],[-508,-71],[-66,-276],[-519,-79],[-378,398],[-3,822],[-272,715]],[[28505,13280],[400,1305],[-198,692]],[[28707,15277],[778,-360],[201,899],[536,-244],[38,442],[-572,171],[151,566]],[[29839,16751],[127,-121],[934,-1600]],[[22728,45096],[-833,741],[-374,-1269]],[[21521,44568],[69,899],[-816,43],[-130,636],[485,1782],[279,1561],[528,-722],[1388,3191]],[[12458,11414],[-100,-904]],[[12358,10510],[-11,-747],[-131,-799],[1,-681]],[[12217,8283],[-206,115],[-629,-88],[-546,594],[-209,634],[-387,404]],[[10240,9942],[-182,274]],[[10058,10216],[385,608],[390,-265],[434,-544],[127,339],[159,1068]],[[30530,38142],[873,-690]],[[30697,35469],[-947,176]],[[29750,35645],[-435,123]],[[29315,35768],[-122,242],[28,613],[-300,668]],[[28921,37291],[-154,1348]],[[28767,38639],[397,135],[1366,-632]],[[25633,44100],[190,342],[488,-389],[98,92]],[[26409,44145],[573,-547],[-438,-803],[-324,-220],[-796,-98],[-33,1027],[-185,79],[-400,-303],[16,-696],[-752,-417]],[[24070,42167],[-72,237],[176,1609],[-50,837],[-371,-32],[-3,436],[-165,81]],[[24046,46020],[307,-476],[475,-303],[805,-1141]],[[24070,42167],[-76,1]],[[23994,42168],[-697,862],[-1,919],[-80,578]],[[10058,10216],[63,1153],[177,62]],[[10298,11431],[478,827]],[[16521,27889],[14,-659]],[[16535,27230],[-548,510],[-37,-308],[-252,368],[-290,55],[-324,-296]],[[15084,27559],[-32,399],[-397,555]],[[14655,28513],[341,77]],[[14996,28590],[358,-357],[167,336],[287,-51],[713,-629]],[[16535,27230],[-33,-927]],[[16502,26303],[-165,-453]],[[16337,25850],[-420,-440],[-1002,1478]],[[14915,26888],[169,671]],[[14638,21527],[-737,419]],[[13901,21946],[-11,68]],[[13890,22014],[-31,515],[441,508]],[[14300,23037],[774,-444],[391,-340],[-827,-726]],[[21614,17033],[77,-391],[253,-57],[242,-406]],[[22186,16179],[75,-844],[237,-621]],[[22498,14714],[-636,-562]],[[21862,14152],[-328,591],[101,357],[-433,13],[-416,246],[-556,-327]],[[20230,15032],[-209,1228],[-48,641]],[[19973,16901],[1152,677],[30,128],[459,-673]],[[17240,19105],[368,-404],[-45,-416],[528,-329],[343,-696],[-335,-556],[78,-186]],[[18177,16518],[-169,-534]],[[18008,15984],[-600,-252],[-248,41]],[[16941,15722],[158,1286],[-478,232]],[[16621,17240],[394,756],[-33,915]],[[16982,18911],[258,194]],[[14996,28590],[161,1482]],[[15157,30072],[738,-484]],[[15895,29588],[304,-285],[322,-1414]],[[14544,9652],[-145,-1348]],[[14399,8304],[-416,-412],[-75,-564]],[[13908,7328],[-581,-92],[-181,163],[-34,-718]],[[13112,6681],[-293,-130],[-97,-368],[-289,728]],[[12433,6911],[-286,844]],[[12147,7755],[70,528]],[[12358,10510],[796,30],[1390,-888]],[[33265,20829],[-283,-714],[-134,-1061]],[[32848,19054],[-234,89]],[[32614,19143],[83,767],[-467,440],[-223,662]],[[32007,21012],[115,282],[-96,506],[74,585]],[[32100,22385],[597,1041]],[[32697,23426],[28,-223],[629,-565],[138,-1197]],[[26152,34256],[427,-583]],[[25402,32187],[-408,-32],[-281,299]],[[24713,32454],[-79,245],[-497,475],[120,1208],[431,616]],[[24688,34998],[675,-287],[494,-376],[295,-79]],[[1788,5626],[421,-743],[-37,-552],[-410,-104],[-115,245],[-338,-638]],[[1309,3834],[-323,485],[-474,397]],[[512,4716],[514,957],[397,64],[-116,386],[481,-497]],[[19775,20175],[488,-282]],[[20263,19893],[-236,-545],[364,-301],[-138,-188],[246,-461],[975,-329]],[[21474,18069],[140,-1036]],[[19973,16901],[-380,-154],[-342,444],[-396,-320],[-678,-353]],[[17240,19105],[93,1377]],[[17333,20482],[742,799],[251,-47]],[[18326,21234],[403,-282]],[[18729,20952],[314,400],[-15,-271],[284,-237],[115,-376],[348,-293]],[[32007,21012],[-578,-183],[-798,-99],[-599,-186]],[[30032,20544],[158,1397]],[[30190,21941],[339,-388],[420,94],[467,348],[546,190],[138,200]],[[30530,38142],[274,969]],[[30804,39111],[952,-604]],[[19450,28097],[207,-814],[-323,-848]],[[19334,26435],[-360,-184],[-535,-51]],[[18439,26200],[-390,113]],[[18049,26313],[-452,-77]],[[17597,26236],[-158,1167],[627,1225]],[[18066,28628],[1384,-531]],[[17234,9143],[-133,-205],[-531,-1683],[-265,-493],[-543,-24]],[[15762,6738],[-410,272],[-426,1072],[-527,222]],[[14544,9652],[1188,581],[303,431]],[[16035,10664],[884,-908],[315,-613]],[[29133,43276],[-879,-103],[-646,-486],[-76,-201]],[[27532,42486],[-284,478]],[[27248,42964],[-169,276],[89,536],[256,408],[491,258],[19,205]],[[29901,42795],[47,118]],[[30005,43013],[173,-258]],[[30178,42755],[31,-1011],[-287,-34],[-126,-346]],[[29796,41364],[-868,-412],[-405,22],[-272,341]],[[28251,41315],[713,665],[169,1296]],[[25435,31036],[-4,-616],[131,-145]],[[25562,30275],[314,-1006]],[[25876,29269],[-189,58],[-296,-438],[-111,86],[-454,-332],[-206,-422]],[[24620,28221],[-423,533]],[[24197,28754],[-81,769]],[[24116,29523],[410,289],[498,-239],[272,-351],[71,297],[-403,348],[-150,581],[-544,754]],[[24270,31202],[220,784],[223,468]],[[26833,16768],[-100,5],[-471,-803],[-549,183],[21,-325],[-299,-668]],[[25435,15160],[-255,1638]],[[25308,18770],[382,341],[98,464]],[[25788,19575],[145,-577],[515,333],[307,-1683],[78,-880]],[[3985,4252],[170,-489]],[[4155,3763],[-122,-179],[73,-525],[-56,-966],[-476,357],[-103,-838]],[[3471,1612],[-474,693],[-367,162],[-354,504],[-967,863]],[[1788,5626],[378,196]],[[2166,5822],[1398,-856],[-147,-225],[568,-489]],[[27606,12503],[38,-340],[-132,-691],[-181,-208]],[[27331,11264],[-491,665],[-372,254],[-884,30],[-1108,-1109]],[[24476,11104],[275,613],[169,816],[-290,515],[53,339],[-340,526]],[[24343,13913],[1005,348]],[[25348,14261],[190,73],[478,582],[334,-550],[308,-77],[427,-558],[521,-1228]],[[20109,30017],[-659,-1920]],[[18066,28628],[-615,-245],[-930,-494]],[[15895,29588],[411,946],[303,318],[-80,654],[229,595]],[[16758,32101],[734,-8],[239,-353],[81,-856],[239,-254],[502,-162],[528,-330],[355,118],[176,-207],[497,-32]],[[32487,26288],[33,-560],[560,-282],[339,-991],[-308,-134],[-414,-895]],[[30190,21941],[-498,624]],[[29692,22565],[410,1886],[-39,425],[197,391]],[[30260,25267],[146,478],[-198,419],[637,593],[907,409],[558,395]],[[30341,9581],[-45,-551],[-218,-354],[87,-885],[265,-501]],[[30430,7290],[-766,-308],[-130,852],[44,882],[-554,124],[-154,479]],[[28870,9319],[269,563],[536,603],[489,309],[87,977]],[[30251,11771],[305,-693],[874,-1052]],[[31430,10026],[-786,-73],[-303,-372]],[[20807,38490],[-548,-33],[96,1203],[-242,34],[-280,449]],[[19833,40143],[-241,660],[316,546]],[[19908,41349],[517,65],[497,-2015],[-115,-909]],[[10240,9942],[-181,-995]],[[10059,8947],[-607,365],[-344,462]],[[9108,9774],[757,709],[202,1044]],[[10067,11527],[231,-96]],[[18028,23879],[239,-592],[-222,-340],[150,-963],[224,-254],[-93,-496]],[[17333,20482],[-861,932],[-165,47]],[[16307,21461],[283,354],[-27,472],[-214,588],[73,320]],[[16422,23195],[1098,135],[247,600],[261,-51]],[[10067,11527],[-315,118],[-251,-265],[-1584,1232],[-64,301]],[[7853,12913],[576,376],[832,105],[479,1397]],[[9740,14791],[448,-972],[-109,-197],[269,-280]],[[10058,6378],[577,-1056]],[[10635,5322],[10,-403],[-304,149],[-1068,1019]],[[9273,6087],[10,568],[390,-282],[385,5]],[[4095,6380],[-390,-167],[-1483,220]],[[2222,6433],[434,713]],[[2656,7146],[719,-574],[734,1100]],[[4109,7672],[-14,-1292]],[[25542,23105],[553,-19]],[[26095,23086],[257,-158]],[[26352,22928],[234,-1501],[-269,-227],[-322,-1222],[-207,-403]],[[25181,21070],[62,596],[-442,933]],[[24801,22599],[441,517]],[[25242,23116],[300,-11]],[[28505,13280],[-899,-777]],[[25348,14261],[87,899]],[[26833,16768],[1144,-34]],[[27977,16734],[387,209],[114,-783],[229,-883]],[[40492,21096],[-422,-1188],[-161,0],[-182,-540],[53,-246],[-583,-827]],[[38564,22118],[320,240],[40,363]],[[38924,22721],[288,-177],[505,25]],[[7538,11551],[851,-921]],[[8389,10630],[-32,-2072],[-376,-260],[-694,-270],[-475,-341]],[[6812,7687],[-1294,1961],[-260,619]],[[5258,10267],[724,1064],[718,463]],[[6700,11794],[838,-243]],[[16982,18911],[-530,57]],[[16452,18968],[-408,899],[-485,601]],[[15559,20468],[113,217]],[[15672,20685],[367,688]],[[16039,21373],[268,88]],[[9273,6087],[-550,513]],[[8723,6600],[61,1200],[324,1974]],[[9108,9774],[58,-616],[230,-1217],[413,-1198],[249,-365]],[[26708,24237],[60,-615]],[[26768,23622],[-416,-694]],[[26095,23086],[187,169],[-247,799],[108,192],[565,-9]],[[27853,26411],[192,-683],[-43,-1019],[79,-365],[491,-545],[21,-482]],[[28593,23317],[-457,-13],[-546,-216]],[[27590,23088],[27,504],[-623,-222],[-226,252]],[[26708,24237],[23,957]],[[26731,25194],[33,461],[507,921]],[[27271,26576],[582,-165]],[[13929,18767],[-576,-1194],[-289,-311],[-98,-884]],[[12506,17180],[135,699],[-274,316]],[[12367,18195],[37,893]],[[12404,19088],[396,111],[-2,837]],[[12798,20036],[1131,-1269]],[[14101,18609],[182,-461],[74,-596]],[[14357,17552],[-513,-572]],[[13844,16980],[-38,-658],[276,-416]],[[13929,18767],[172,-158]],[[24464,40598],[389,-400],[-56,-438],[577,-113],[-66,-299],[206,-216]],[[25514,39132],[-54,-12]],[[25460,39120],[-607,138]],[[24853,39258],[-378,299],[-588,-427],[-322,-1555]],[[23565,37575],[-353,154],[97,455],[-271,585]],[[23038,38769],[-150,302],[44,717],[221,-128],[628,921]],[[23781,40581],[683,17]],[[32699,8176],[65,-502],[362,-320],[28,-374],[-274,-455],[-255,-1194],[-527,442]],[[32098,5773],[23,442],[228,489],[-143,319],[11,662]],[[32217,7685],[250,660],[232,-169]],[[23343,23374],[202,-181]],[[23545,23193],[118,-406],[187,-1324],[-342,-216],[-67,-822],[-505,-301]],[[22936,20124],[-560,835],[82,1441]],[[22458,22400],[44,1094]],[[22502,23494],[841,-120]],[[9108,9774],[-719,856]],[[7538,11551],[206,756],[-121,452]],[[7623,12759],[230,154]],[[29750,35645],[65,-893],[-478,-701],[49,-657]],[[29386,33394],[-166,204],[-580,-64],[-317,-373],[-741,-120]],[[27582,33041],[100,639],[-68,341],[101,1152]],[[27715,35173],[525,373],[255,-62],[255,244],[5,-344],[560,384]],[[23365,14870],[-402,-1150],[-169,-1022],[-351,-1348],[-543,-961],[-289,102],[-162,-425],[-422,167]],[[21027,10233],[-308,-47],[-630,1027],[-312,765],[267,158],[78,418]],[[20122,12554],[274,357],[-121,446],[88,272],[271,-361],[355,-51],[294,894],[579,41]],[[22498,14714],[568,611],[206,-11],[93,-444]],[[24070,42167],[165,-299],[229,-914]],[[24464,40954],[0,-356]],[[23781,40581],[-389,561],[136,778],[466,248]],[[28582,27437],[32,-308],[450,-564],[-411,-55],[-75,-212],[245,-258],[264,43],[125,-310],[-216,-263],[400,-13],[-21,393],[544,-292],[351,40],[-10,-371]],[[29692,22565],[-204,-62]],[[29488,22503],[-895,814]],[[27853,26411],[568,176],[124,226],[-160,579],[197,45]],[[8723,6600],[-366,-165]],[[8357,6435],[-1545,1252]],[[15762,6738],[-317,-403],[-70,-410],[-346,-227],[-466,35],[-401,187]],[[14162,5920],[83,774],[-337,634]],[[29488,22503],[28,-968],[-815,-736],[-481,-323],[-266,13],[-462,367],[-167,639],[265,1593]],[[20423,24679],[-846,-30],[-274,144],[-419,-105],[-311,160]],[[18573,24848],[-40,1008],[-94,344]],[[19334,26435],[668,-1314],[421,-442]],[[18986,22794],[-104,-1147],[-153,-695]],[[18028,23879],[519,320]],[[18547,24199],[44,-722],[188,30],[207,-713]],[[29386,33394],[83,-402],[1119,-55]],[[31877,31798],[-587,-869],[-227,-703],[-632,-489],[-1250,-555]],[[29181,29182],[-883,2757],[-251,133],[-334,-302],[-237,752]],[[27465,32533],[117,508]],[[28251,41315],[-208,-53],[-511,1224]],[[18573,24848],[7,-192]],[[18580,24656],[-303,-145],[-506,277],[-207,-98],[-972,244],[-495,311]],[[16097,25245],[240,605]],[[16337,25850],[991,-143],[358,72],[363,534]],[[16452,18968],[-35,-609],[-458,-954],[-28,-267],[690,102]],[[16621,17240],[-200,-940],[-777,754],[-751,500],[-536,-2]],[[14101,18609],[393,47],[-24,389]],[[14470,19045],[381,-288],[482,-114],[53,280],[-517,511],[134,247],[328,-32],[540,-307],[-41,-487],[245,-134],[102,424],[275,-177]],[[38029,23344],[243,-431],[652,-192]],[[27977,16734],[1116,1217]],[[29093,17951],[-2,-670],[748,-530]],[[4923,4761],[142,-773],[221,-90]],[[5286,3898],[-1131,-135]],[[3985,4252],[90,863]],[[4075,5115],[848,-354]],[[16242,23654],[-359,-115],[26,367]],[[15909,23906],[215,564]],[[16124,24470],[195,-117],[-77,-699]],[[20807,38490],[279,-575]],[[21086,37915],[170,-1450],[-149,-376],[-317,-60],[-706,-615],[-201,-305],[-227,132],[23,575],[-344,1324]],[[19335,37140],[443,531],[-56,2207],[111,265]],[[27045,28686],[-87,-927]],[[26958,27759],[-84,-766],[-600,984]],[[26274,27977],[210,53],[-10,571],[-598,668]],[[25562,30275],[317,729],[149,61],[-231,-771],[777,-307],[264,-1305],[207,4]],[[22458,22400],[-173,-343],[-365,-248],[-292,-568]],[[21628,21241],[-754,888]],[[20874,22129],[352,733],[360,1209]],[[21586,24071],[916,-577]],[[12044,22787],[941,-513],[237,-241],[526,-156],[142,137]],[[13901,21946],[-361,-453],[-508,-1060]],[[13032,20433],[-293,400],[-236,-353],[-334,229],[-1520,587]],[[10649,21296],[596,991],[503,654]],[[11748,22941],[296,-154]],[[12433,6911],[-188,-373],[-111,179]],[[12134,6717],[-470,515],[-344,-639],[-725,-241],[-537,26]],[[10058,6378],[279,824]],[[10337,7202],[218,329],[359,62],[274,322],[788,-13],[171,-147]],[[19725,22670],[807,-425]],[[20532,22245],[-174,-677],[-583,-1393]],[[18986,22794],[739,-124]],[[36815,16544],[-424,92],[-24,-288],[-435,-48],[-452,-2351],[-122,-8]],[[35358,13941],[-454,155]],[[34904,14096],[132,374],[-254,286],[-191,509]],[[34591,15265],[-1589,1905],[-178,145],[315,1220],[-126,309]],[[33013,18844],[631,214],[408,-451],[560,-301]],[[26152,34256],[202,590],[367,88],[215,561],[353,218],[326,-9],[100,-531]],[[18580,24656],[-33,-457]],[[16422,23195],[-245,32],[65,427]],[[16124,24470],[92,218],[-119,557]],[[26274,27977],[-255,-324],[-598,439],[-552,-168]],[[24869,27924],[-249,297]],[[30835,6730],[-405,560]],[[30341,9581],[608,-544],[146,-833],[-44,-867],[-216,-607]],[[23783,22793],[153,-542],[-14,-594]],[[24103,18592],[-402,-126],[-717,252],[-744,569]],[[22240,19287],[2,388]],[[22242,19675],[694,449]],[[23545,23193],[238,-400]],[[12404,19088],[-1724,747]],[[10680,19835],[-403,158],[129,694]],[[10406,20687],[2392,-651]],[[33317,14017],[-453,-1279]],[[32864,12738],[-514,53],[-344,-155],[-847,493],[-632,254]],[[30900,15030],[907,-568],[550,-84],[960,-361]],[[9740,14791],[-189,638],[861,1380]],[[10412,16809],[0,2]],[[10412,16809],[251,-874]],[[10337,7202],[-213,604],[-65,1141]],[[14072,23345],[228,-308]],[[12646,22744],[1090,594]],[[13736,23338],[336,7]],[[13804,25006],[-68,-1668]],[[13081,24600],[406,152],[131,683]],[[13618,25435],[186,-429]],[[14336,26488],[90,-604],[332,-856]],[[14758,25028],[-439,-214],[189,-352],[1053,-1182]],[[15561,23280],[-122,-602],[547,-707],[53,-598]],[[15672,20685],[-1034,842]],[[14072,23345],[239,822],[-82,284],[-425,555]],[[13618,25435],[304,1141]],[[13922,26576],[414,-88]],[[5634,5346],[49,-579],[-438,-175],[-322,169]],[[4075,5115],[20,1265]],[[4109,7672],[-55,136],[56,1681]],[[4110,9489],[0,22]],[[4110,9511],[561,-931],[489,-387],[43,-1200],[435,-1057],[-4,-590]],[[12367,18195],[-800,705],[-894,673]],[[10673,19573],[7,262]],[[11023,17033],[-471,423]],[[10552,17456],[121,2117]],[[2656,7146],[104,214]],[[2760,7360],[564,681],[786,1448]],[[14540,15794],[419,15],[138,-433],[173,68],[250,-363]],[[11748,22941],[587,536]],[[10412,16811],[140,645]],[[13844,16980],[174,-83],[434,339],[251,26]],[[25460,39120],[-85,-250],[157,-844]],[[25532,38026],[-11,-540],[-651,-380],[-263,-282],[-168,514]],[[24439,37338],[-91,302],[339,57],[-69,261],[251,467],[-16,833]],[[21113,43724],[220,-668],[-647,-1564],[492,-440],[262,-548],[40,-568],[171,-522]],[[21651,39414],[-356,-732],[-209,-767]],[[19908,41349],[878,1590],[327,785]],[[29181,29182],[-513,-291],[-184,-431]],[[28484,28460],[-339,-192],[-709,536],[-391,-118]],[[28582,27437],[9,356],[298,-23],[-96,628],[-309,62]],[[25242,25427],[-340,-384],[22,-759]],[[24924,24284],[182,-918],[136,-250]],[[24801,22599],[-244,-122]],[[24557,22477],[-304,1545],[88,288],[-196,213],[193,949],[329,53]],[[24667,25525],[575,-98]],[[20265,30717],[-156,-700]],[[16758,32101],[-956,-81]],[[16314,33361],[621,2405]],[[16935,35766],[675,-123],[277,-319],[161,-690],[184,-2405],[811,-952],[682,102],[284,-574],[256,-88]],[[21694,20053],[548,-378]],[[22240,19287],[-489,-603],[-277,-615]],[[20263,19893],[236,310],[446,141],[571,-319],[178,28]],[[17597,26236],[-1095,67]],[[26958,27759],[453,-837],[-140,-346]],[[26731,25194],[-879,199],[-242,-103]],[[25610,25290],[-368,137]],[[24667,25525],[375,446],[67,374]],[[25109,26345],[467,355],[-707,1224]],[[21628,21241],[-228,-453],[347,-526],[-53,-209]],[[20532,22245],[342,-116]],[[30431,17683],[482,-1060],[150,-502]],[[31063,16121],[-163,-1091]],[[29093,17951],[-17,306]],[[29076,18257],[385,15],[578,-530],[392,-59]],[[14655,28513],[-493,-722],[-240,-1215]],[[12794,25162],[-225,2085],[311,544],[-308,244],[301,910],[2284,1127]],[[14648,26640],[85,-496],[301,-803],[-276,-313]],[[14336,26488],[312,152]],[[32614,19143],[-84,-890],[-176,-827],[-568,141],[-1355,116]],[[29076,18257],[-30,2140],[986,147]],[[15515,35371],[242,575]],[[15757,35946],[1178,-180]],[[27166,42954],[-260,-1049],[189,-673]],[[27095,41232],[-920,483],[-762,-263],[-356,-267],[-593,-231]],[[26409,44145],[508,96],[137,-273],[-41,-698],[153,-316]],[[23783,22793],[774,-316]],[[24439,37338],[-193,-454]],[[24246,36884],[-161,-60],[-520,751]],[[6812,7687],[-60,-784]],[[6752,6903],[-604,-1568],[-514,11]],[[4110,9511],[604,724],[544,32]],[[32848,19054],[165,-210]],[[34591,15265],[-142,-210],[-800,-44],[-363,929],[-738,-521],[-777,-5],[-708,707]],[[27248,42964],[-82,-10]],[[25633,44100],[-101,235],[106,457],[379,-108]],[[5286,3898],[123,-310],[222,-1623],[-61,-814],[-303,-1055],[-426,-96],[-443,305],[-454,737],[-473,570]],[[24116,29523],[-164,65],[-516,856],[-60,468],[437,288],[-211,733],[116,59],[350,-768],[202,-22]],[[20754,30455],[469,-1034],[0,-434],[369,-1732],[-74,-1890]],[[21518,25365],[-310,-718]],[[21208,24647],[-785,32]],[[20265,30717],[489,-262]],[[14470,19045],[449,872],[434,544],[206,7]],[[2166,5822],[56,611]],[[21208,24647],[441,-393],[-63,-183]],[[19725,22670],[487,707],[211,1302]],[[8357,6435],[-243,-570],[-1362,1038]],[[20122,12554],[-334,590],[-259,216]],[[19529,13360],[81,612]],[[19610,13972],[514,374],[106,686]],[[12134,6717],[182,-634],[-192,-596],[-300,-263],[-550,128],[-50,-403]],[[11224,4949],[-418,566],[-171,-193]],[[32864,12738],[229,-636]],[[33093,12102],[-201,-650],[-176,-1271]],[[32716,10181],[-921,-262],[-365,107]],[[14915,26888],[-267,-248]],[[32098,5773],[-252,-92],[-588,622],[-580,175]],[[30678,6478],[157,252]],[[30835,6730],[692,944],[690,11]],[[13032,20433],[-234,-397]],[[10406,20687],[243,609]],[[31931,39045],[-701,570],[13,611],[-197,165],[47,984],[-431,699],[62,249],[-546,432]],[[15909,23906],[-348,-626]],[[23038,38769],[-376,-81],[-157,444],[-164,-15],[-172,494],[-518,-197]],[[21113,43724],[1463,1102],[151,270]],[[28921,37291],[-430,92],[-609,-305],[-820,-64],[-326,92],[-222,-304],[-472,-213],[269,299],[-85,517],[298,365],[-254,372],[-494,-372],[-244,256]],[[25514,39132],[789,265],[247,500],[417,113],[204,282]],[[27171,40292],[666,-1604],[930,-49]],[[23932,27716],[-146,-68],[-337,-1106]],[[23449,26542],[-473,-180]],[[22976,26362],[-138,64],[55,2627]],[[22893,29053],[419,451],[559,-314],[61,-1474]],[[16277,14113],[150,-706]],[[16427,13407],[-279,-660],[-106,-520],[-178,-138],[-695,145],[-396,-34],[-1217,203],[-423,166],[-583,45]],[[23343,23374],[-226,2029],[-168,669]],[[22949,26072],[27,290]],[[23449,26542],[687,89],[679,-425],[294,139]],[[23932,27716],[433,628],[-168,410]],[[30678,6478],[-1377,-88],[-180,-207],[-659,-15],[-370,1004],[310,1438]],[[28402,8610],[468,709]],[[17406,12351],[-416,-79],[-473,-463],[-482,-1145]],[[16427,13407],[670,-400],[309,-656]],[[15157,30072],[-1104,786],[777,2615]],[[35358,13941],[-94,-447],[-353,98],[-435,-901],[-276,-357],[-841,378],[-266,-610]],[[33317,14017],[53,175],[922,-162],[612,66]],[[18008,15984],[406,-155],[611,-720],[585,-1137]],[[19529,13360],[-684,-259],[-118,-342]],[[18727,12759],[-278,-422],[-184,104],[-859,-90]],[[24476,11104],[-344,-382],[-73,-500],[-323,-1113],[-103,-581],[-279,79],[-480,-294],[-881,-88],[-732,406],[-398,489]],[[20863,9120],[164,1113]],[[23365,14870],[-34,-276],[265,-355],[87,-397],[298,-121],[362,192]],[[6700,11794],[923,965]],[[512,4716],[-512,459],[485,1173],[1613,863],[397,307],[265,-158]],[[20863,9120],[-342,-68],[-167,-287],[-518,116],[-342,-86],[-273,222],[-120,519],[-153,-27]],[[18948,9509],[-138,416],[277,224],[-342,1365],[-18,1245]],[[27095,41232],[-176,-275],[252,-665]],[[32716,10181],[277,105],[129,-536],[-110,-457],[187,-256],[-305,-701],[-195,-160]],[[14162,5920],[-680,355],[-172,-87]],[[13310,6188],[-6,456],[-192,37]],[[21518,25365],[72,-271],[728,-240],[305,633],[183,19],[143,566]],[[24246,36884],[114,-199],[-178,-1104],[506,-583]],[[22893,29053],[-118,189],[-656,301],[-188,-67],[-553,199],[-136,769],[-488,11]],[[15757,35946],[-297,1110],[1210,656],[596,-645],[601,-512],[519,-686],[949,1271]],[[22186,16179],[299,354],[555,306],[584,844],[323,-208]],[[29796,41364],[-220,-1187],[1228,-1066]],[[13310,6188],[-572,-317],[-166,359],[-448,-955],[-693,-429],[-207,103]],[[28402,8610],[-391,1005],[-75,385],[-605,1264]],[[18948,9509],[-641,-75],[-317,228],[-756,-519]],[[25610,25290],[-686,-1006]],[[25542,23105],[115,981],[230,234],[-277,970]],[[21113,43724],[408,844]],[[43165,76326],[-240,482]]],"transform":{"scale":[9.504095040950429e-06,5.317953179531804e-06],"translate":[74.95985,31.11974]},"objects":{"villages":{"type":"GeometryCollection","geometries":[{"arcs":[[0,1,2,3,4,5,6]],"type":"Polygon","properties":{"n":"Akala  (131)","c":29082,"d":"Kapurthala","s":"PUNJAB"}},{"arcs":[[7,8,9,10,11,12]],"type":"Polygon","properties":{"n":"Akbarpur (8)","c":29061,"d":"Kapurthala","s":"PUNJAB"}},{"arcs":[[13,14,15,16,17,18,19,20]],"type":"Polygon","properties":{"n":"Awan (2)","c":29069,"d":"Kapurthala","s":"PUNJAB"}},{"arcs":[[21,22,23,24]],"type":"Polygon","properties":{"n":"Bulewal (74)","c":29009,"d":"Kapurthala","s":"PUNJAB"}},{"arcs":[[25,-7,26,27,28]],"type":"Polygon","properties":{"n":"Bagwanpur (15)","c":29022,"d":"Kapurthala","s":"PUNJAB"}},{"arcs":[[29,30,31,32,-5]],"type":"Polygon","properties":{"n":"Bagrian (130)","c":29083,"d":"Kapurthala","s":"PUNJAB"}},{"arcs":[[33,34,35]],"type":"Polygon","properties":{"n":"Bakarpur (70)","c":29017,"d":"Kapurthala","s":"PUNJAB"}},{"arcs":[[36,37,38,39,40]],"type":"Polygon","properties":{"n":"Ballo Chak (24)","c":29060,"d":"Kapurthala","s":"PUNJAB"}},{"arcs":[[-21,41,42,43]],"type":"Polygon","properties":{"n":"Baryar (1)","c":29068,"d":"Kapurthala","s":"PUNJAB"}},{"arcs":[[44,45,46,-16]],"type":"Polygon","properties":{"n":"Bassi (12)","c":29070,"d":"Kapurthala","s":"PUNJAB"}},{"arcs":[[47,48,49,-3,50,51,52,53]],"type":"Polygon","properties":{"n":"Bajaj (133)","c":29080,"d":"Kapurthala","s":"PUNJAB"}},{"arcs":[[54,55,56,-18,57,58,-29,59,60,61,62,63,-37,64]],"type":"Polygon","properties":{"n":"Begowal (NP)","c":800154,"d":"Kapurthala","s":"PUNJAB"}},{"arcs":[[65,-62]],"type":"Polygon","properties":{"n":"Begowal (NP)","c":800154,"d":"Kapurthala","s":"PUNJAB"}},{"arcs":[[66,67,68,69]],"type":"Polygon","properties":{"n":"Bhakuwal (60)","c":28999,"d":"Kapurthala","s":"PUNJAB"}},{"arcs":[[-60,-28,70,71,72,73,74]],"type":"Polygon","properties":{"n":"Bhadas (16)","c":29023,"d":"Kapurthala","s":"PUNJAB"}},{"arcs":[[75,76,77,78,79]],"type":"Polygon","properties":{"n":"Bhagwanpur (125)","c":29085,"d":"Kapurthala","s":"PUNJAB"}},{"arcs":[[80,81,-48,82,83]],"type":"Polygon","properties":{"n":"Bhatnura Kalan (136)","c":29074,"d":"Kapurthala","s":"PUNJAB"}},{"arcs":[[84,-81,85,86]],"type":"Polygon","properties":{"n":"Bhatnura Khurd (137)","c":29073,"d":"Kapurthala","s":"PUNJAB"}},{"arcs":[[87,88,89,90,91]],"type":"Polygon","properties":{"n":" ","c":0,"d":"Kapurthala","s":"PUNJAB"}},{"arcs":[[92,93,94,95,96,-88,97]],"type":"Polygon","properties":{"n":" ","c":0,"d":"Kapurthala","s":"PUNJAB"}},{"arcs":[[98,99,-24,100,101]],"type":"Polygon","properties":{"n":"Billpur (75)","c":29008,"d":"Kapurthala","s":"PUNJAB"}},{"arcs":[[102,-30,-4,-50]],"type":"Polygon","properties":{"n":"Boparai (132)","c":29081,"d":"Kapurthala","s":"PUNJAB"}},{"arcs":[[103,104,105,106]],"type":"Polygon","properties":{"n":"Chogawan  (58)","c":28997,"d":"Kapurthala","s":"PUNJAB"}},{"arcs":[[107]],"type":"Polygon","properties":{"n":" ","c":0,"d":"Kapurthala","s":"PUNJAB"}},{"arcs":[[108]],"type":"Polygon","properties":{"n":" ","c":0,"d":"Kapurthala","s":"PUNJAB"}},{"arcs":[[109]],"type":"Polygon","properties":{"n":" ","c":0,"d":"Kapurthala","s":"PUNJAB"}},{"arcs":[[110,111,112,113]],"type":"Polygon","properties":{"n":"Chakshah Alladin (68)","c":29004,"d":"Kapurthala","s":"PUNJAB"}},{"arcs":[[-35,114,115,116]],"type":"Polygon","properties":{"n":"Dala (69)","c":29006,"d":"Kapurthala","s":"PUNJAB"}},{"arcs":[[117,118,119,120,-101,-23,121]],"type":"Polygon","properties":{"n":"Dabulian (76)","c":29010,"d":"Kapurthala","s":"PUNJAB"}},{"arcs":[[122,123,124,125]],"type":"Polygon","properties":{"n":"Dhakran (39)","c":29034,"d":"Kapurthala","s":"PUNJAB"}},{"arcs":[[126,127,128,129]],"type":"Polygon","properties":{"n":"Daulowal (22)","c":29056,"d":"Kapurthala","s":"PUNJAB"}},{"arcs":[[-66,-61,-75,130,131,-128,132,133,-63]],"type":"Polygon","properties":{"n":"Fatehgarh Sikri (20)","c":29058,"d":"Kapurthala","s":"PUNJAB"}},{"arcs":[[-53,134,135]],"type":"Polygon","properties":{"n":"Fatehpur (134)","c":29079,"d":"Kapurthala","s":"PUNJAB"}},{"arcs":[[-64,-134,136,-130,137,-38]],"type":"Polygon","properties":{"n":"Feroz Sangowal (23)","c":29059,"d":"Kapurthala","s":"PUNJAB"}},{"arcs":[[138,139,-107,140,-70,141,142,143,144],[-110]],"type":"Polygon","properties":{"n":"Habibwal (57)","c":29000,"d":"Kapurthala","s":"PUNJAB"}},{"arcs":[[145,-67,-141,-106]],"type":"Polygon","properties":{"n":"Hassuwal (59)","c":28998,"d":"Kapurthala","s":"PUNJAB"}},{"arcs":[[146,147,148,149,150]],"type":"Polygon","properties":{"n":"Hussainpur (30)","c":29049,"d":"Kapurthala","s":"PUNJAB"}},{"arcs":[[151,152,153,154,-119]],"type":"Polygon","properties":{"n":"Husewal (78)","c":29011,"d":"Kapurthala","s":"PUNJAB"}},{"arcs":[[155,156,157,158,-114,159,160,-104,-140,161,162,163,164],[-108],[-109]],"type":"Polygon","properties":{"n":"Ibrahimwal Taraf Gulam Nabi Khan (55)","c":29001,"d":"Kapurthala","s":"PUNJAB"}},{"arcs":[[[165,166,-8]],[[-12,167]]],"type":"MultiPolygon","properties":{"n":"Inowal (7)","c":29062,"d":"Kapurthala","s":"PUNJAB"}},{"arcs":[[168,169,-56,170,171]],"type":"Polygon","properties":{"n":"Jabbowal (5)","c":29065,"d":"Kapurthala","s":"PUNJAB"}},{"arcs":[[172,-86,-84,173,-45,-15,174]],"type":"Polygon","properties":{"n":"Jaid (139)","c":29071,"d":"Kapurthala","s":"PUNJAB"}},{"arcs":[[-51,-2,175]],"type":"Polygon","properties":{"n":"Jhall Bajaj (14)","c":29078,"d":"Kapurthala","s":"PUNJAB"}},{"arcs":[[-19,-57,-170,176]],"type":"Polygon","properties":{"n":"Kaluwal (4)","c":29066,"d":"Kapurthala","s":"PUNJAB"}},{"arcs":[[177,-126,178,179]],"type":"Polygon","properties":{"n":"Kamalpur (38)","c":29033,"d":"Kapurthala","s":"PUNJAB"}},{"arcs":[[180,-116,181,182,-158]],"type":"Polygon","properties":{"n":"Khalil (67)","c":29005,"d":"Kapurthala","s":"PUNJAB"}},{"arcs":[[183,184,185,186,187,188,-153,189,-90]],"type":"Polygon","properties":{"n":"Khassan (113)","c":29014,"d":"Kapurthala","s":"PUNJAB"}},{"arcs":[[-32,190,191,192,-94,193]],"type":"Polygon","properties":{"n":" ","c":0,"d":"Kapurthala","s":"PUNJAB"}},{"arcs":[[194,-135,-52,-176,-1,-26,-59,195]],"type":"Polygon","properties":{"n":"Karnail Ganj  (13)","c":29077,"d":"Kapurthala","s":"PUNJAB"}},{"arcs":[[-87,-173,196]],"type":"Polygon","properties":{"n":"Lamman (138)","c":29072,"d":"Kapurthala","s":"PUNJAB"}},{"arcs":[[197,198,199,-187,200]],"type":"Polygon","properties":{"n":"Lit (114)","c":29093,"d":"Kapurthala","s":"PUNJAB"}},{"arcs":[[-97,201,-184,-89]],"type":"Polygon","properties":{"n":"Miranpur (71)","c":29018,"d":"Kapurthala","s":"PUNJAB"}},{"arcs":[[-200,202,203,204,205,-188]],"type":"Polygon","properties":{"n":"Mana Talwandi (112)","c":29094,"d":"Kapurthala","s":"PUNJAB"}},{"arcs":[[-131,-74,206,-156,207,208,-123,-178,209,210]],"type":"Polygon","properties":{"n":"Maqsudpur (19)","c":29024,"d":"Kapurthala","s":"PUNJAB"}},{"arcs":[[211,-145,212,213]],"type":"Polygon","properties":{"n":"Mand Ahmedwala (52)","c":29027,"d":"Kapurthala","s":"PUNJAB"}},{"arcs":[[214,215,216,217]],"type":"Polygon","properties":{"n":"Mand Allahabad (50)","c":29040,"d":"Kapurthala","s":"PUNJAB"}},{"arcs":[[218,219,220]],"type":"Polygon","properties":{"n":"Mand Aslampur (35)","c":29045,"d":"Kapurthala","s":"PUNJAB"}},{"arcs":[[-179,-125,221,222,223,224]],"type":"Polygon","properties":{"n":"Mand Dhakran (40)","c":29036,"d":"Kapurthala","s":"PUNJAB"}},{"arcs":[[225,-214,226,-216]],"type":"Polygon","properties":{"n":"Mand Dograwala (51)","c":29028,"d":"Kapurthala","s":"PUNJAB"}},{"arcs":[[-220,227,228,229,230,231,232]],"type":"Polygon","properties":{"n":"Mand Faridkot (46)","c":29044,"d":"Kapurthala","s":"PUNJAB"}},{"arcs":[[-231,233,234,235]],"type":"Polygon","properties":{"n":"Mand Gurdaspur (47)","c":29043,"d":"Kapurthala","s":"PUNJAB"}},{"arcs":[[-162,-139,-212,-226,236]],"type":"Polygon","properties":{"n":" ","c":0,"d":"Kapurthala","s":"PUNJAB"}},{"arcs":[[237,-150,238,239,240]],"type":"Polygon","properties":{"n":"Mand Hussainpur (33)","c":29050,"d":"Kapurthala","s":"PUNJAB"}},{"arcs":[[-223,241,242,-234,-230,243]],"type":"Polygon","properties":{"n":"Mand Ibrahimwal Tarf Gulam Nabi Khan (56","c":29039,"d":"Kapurthala","s":"PUNJAB"}},{"arcs":[[-243,244,245,246]],"type":"Polygon","properties":{"n":"Mand Ibrahimwal Tarf Arshad Khan (53)","c":29038,"d":"Kapurthala","s":"PUNJAB"}},{"arcs":[[247,-151,-238,248,249,-40]],"type":"Polygon","properties":{"n":"Mand Kulla (28)","c":29051,"d":"Kapurthala","s":"PUNJAB"}},{"arcs":[[-241,250,-221,-233,251,-249]],"type":"Polygon","properties":{"n":"Mand Maini Bhagu Purian (34)","c":29046,"d":"Kapurthala","s":"PUNJAB"}},{"arcs":[[-247,-218,252,-235]],"type":"Polygon","properties":{"n":"Mand Miani Jhadduwala (48)","c":29042,"d":"Kapurthala","s":"PUNJAB"}},{"arcs":[[-251,-240,253,-225,254,-228,-219]],"type":"Polygon","properties":{"n":"Mand Nangal Lubana (36)","c":29037,"d":"Kapurthala","s":"PUNJAB"}},{"arcs":[[255,256,257,258,-143]],"type":"Polygon","properties":{"n":"Mand Raipur Araian (62)","c":28994,"d":"Kapurthala","s":"PUNJAB"}},{"arcs":[[[-237,-215,-246,259,-163]],[[-224,-244,-229,-255]]],"type":"MultiPolygon","properties":{"n":"Mand Sandhi Khanwala (45)","c":29029,"d":"Kapurthala","s":"PUNJAB"}},{"arcs":[[260,-164,-260,-245,-242,-222]],"type":"Polygon","properties":{"n":"Mand Talwandi Kuka (44)","c":29026,"d":"Kapurthala","s":"PUNJAB"}},{"arcs":[[-210,261,-148,262]],"type":"Polygon","properties":{"n":"Mandi Road (31)","c":29048,"d":"Kapurthala","s":"PUNJAB"}},{"arcs":[[263,264,265]],"type":"Polygon","properties":{"n":"Mehmadpur (117)","c":29090,"d":"Kapurthala","s":"PUNJAB"}},{"arcs":[[-80,266,-192,267]],"type":"Polygon","properties":{"n":"Metlan Khairabad (127)","c":29084,"d":"Kapurthala","s":"PUNJAB"}},{"arcs":[[268,-98,-92,269,-72]],"type":"Polygon","properties":{"n":"Mubarakpur (17)","c":29020,"d":"Kapurthala","s":"PUNJAB"}},{"arcs":[[270,-266,271,272]],"type":"Polygon","properties":{"n":"Musa Khail (118)","c":29089,"d":"Kapurthala","s":"PUNJAB"}},{"arcs":[[-105,-161,273,-102,-121,274,275,276,-205,277,278,279,280,281,282,283,284,285,286,-68,-146]],"type":"Polygon","properties":{"n":"Nadala (64)","c":28996,"d":"Kapurthala","s":"PUNJAB"}},{"arcs":[[-47,287,-196,-58,-17]],"type":"Polygon","properties":{"n":"Nadali  (11)","c":29076,"d":"Kapurthala","s":"PUNJAB"}},{"arcs":[[-262,-180,-254,-239,-149]],"type":"Polygon","properties":{"n":"Nangal Lubana (32)","c":29047,"d":"Kapurthala","s":"PUNJAB"}},{"arcs":[[288,-43,289,-172,290,-9,-167]],"type":"Polygon","properties":{"n":"Naurangpur (6)","c":29063,"d":"Kapurthala","s":"PUNJAB"}},{"arcs":[[-77,291,292,-201,-186,293]],"type":"Polygon","properties":{"n":"Pandori (121)","c":29086,"d":"Kapurthala","s":"PUNJAB"}},{"arcs":[[[294,-25,-100,295,-112]],[[296,-275,-120]]],"type":"MultiPolygon","properties":{"n":"Passiewal (66)","c":29007,"d":"Kapurthala","s":"PUNJAB"}},{"arcs":[[-133,-127,-137]],"type":"Polygon","properties":{"n":"Chak Purana (21)","c":29057,"d":"Kapurthala","s":"PUNJAB"}},{"arcs":[[-129,-132,-211,-263,-147,-248,-39,-138]],"type":"Polygon","properties":{"n":"Chak Purana (21)","c":29057,"d":"Kapurthala","s":"PUNJAB"}},{"arcs":[[-69,-287,297,-256,-142]],"type":"Polygon","properties":{"n":"Raipur Araian (61)","c":28995,"d":"Kapurthala","s":"PUNJAB"}},{"arcs":[[-73,-270,-91,298,-36,-117,-181,-157,-207]],"type":"Polygon","properties":{"n":"Raipur Peerbakhshwala (18)","c":29019,"d":"Kapurthala","s":"PUNJAB"}},{"arcs":[[-113,-296,-99,-274,-160]],"type":"Polygon","properties":{"n":"Raipur Rajputan (65)","c":29002,"d":"Kapurthala","s":"PUNJAB"}},{"arcs":[[-267,-79,299,-95,-193]],"type":"Polygon","properties":{"n":"Rajpur (40)","c":29181,"d":"Kapurthala","s":"PUNJAB"}},{"arcs":[[300,301,-272,-265,302,303,-203,-199]],"type":"Polygon","properties":{"n":"Ramgarh (115)","c":29092,"d":"Kapurthala","s":"PUNJAB"}},{"arcs":[[-209,304,-124]],"type":"Polygon","properties":{"n":"Rawan (42)","c":29032,"d":"Kapurthala","s":"PUNJAB"}},{"arcs":[[305,-273,-302,306]],"type":"Polygon","properties":{"n":"Surak (119)","c":29088,"d":"Kapurthala","s":"PUNJAB"}},{"arcs":[[307,-122,-22,-295,-111,-159,-183]],"type":"Polygon","properties":{"n":"Saitpur (73)","c":29003,"d":"Kapurthala","s":"PUNJAB"}},{"arcs":[[-300,-78,-294,-185,-202,-96]],"type":"Polygon","properties":{"n":" ","c":0,"d":"Kapurthala","s":"PUNJAB"}},{"arcs":[[-171,-55,308,-10,-291]],"type":"Polygon","properties":{"n":"Sarupwal (9)","c":29064,"d":"Kapurthala","s":"PUNJAB"}},{"arcs":[[309,-303,-264]],"type":"Polygon","properties":{"n":"Shadipur (116)","c":29091,"d":"Kapurthala","s":"PUNJAB"}},{"arcs":[[-297,-155,310,-276]],"type":"Polygon","properties":{"n":"Sheruwal (79)","c":29012,"d":"Kapurthala","s":"PUNJAB"}},{"arcs":[[-307,-301,-198,-293,311]],"type":"Polygon","properties":{"n":"Sher Singhwala (120)","c":29087,"d":"Kapurthala","s":"PUNJAB"}},{"arcs":[[-6,-33,-194,-93,-269,-71,-27]],"type":"Polygon","properties":{"n":"Sidhwan Bet (129)","c":29021,"d":"Kapurthala","s":"PUNJAB"}},{"arcs":[[-174,-83,-54,-136,-195,-288,-46]],"type":"Polygon","properties":{"n":"Tandi  (135)","c":29075,"d":"Kapurthala","s":"PUNJAB"}},{"arcs":[[-115,-34,-299,-190,-152,-118,-308,-182]],"type":"Polygon","properties":{"n":"Talwara  (72)","c":29015,"d":"Kapurthala","s":"PUNJAB"}},{"arcs":[[-208,-165,-261,-305]],"type":"Polygon","properties":{"n":"Talwandi Koka (43)","c":29030,"d":"Kapurthala","s":"PUNJAB"}},{"arcs":[[-206,-277,-311,-154,-189]],"type":"Polygon","properties":{"n":"Talwandi Purdil (80)","c":29013,"d":"Kapurthala","s":"PUNJAB"}},{"arcs":[[-20,-177,-169,-290,-42]],"type":"Polygon","properties":{"n":"Isbucha (3)","c":29067,"d":"Kapurthala","s":"PUNJAB"}},{"arcs":[[314,315]],"type":"Polygon","properties":{"n":" ","c":0,"d":"Kapurthala","s":"PUNJAB"}},{"arcs":[[316,317,318,319,320,321]],"type":"Polygon","properties":{"n":"Isharwal (116)","c":29339,"d":"Kapurthala","s":"PUNJAB"}},{"arcs":[[322,323,324,325,326,327,328,329]],"type":"Polygon","properties":{"n":"Araianwala (153)","c":29269,"d":"Kapurthala","s":"PUNJAB"}},{"arcs":[[330,331,332,333,334]],"type":"Polygon","properties":{"n":"Abdulahpur (9)","c":29227,"d":"Kapurthala","s":"PUNJAB"}},{"arcs":[[335,336,337,338,339,340]],"type":"Polygon","properties":{"n":"Adnawali  (89)","c":29219,"d":"Kapurthala","s":"PUNJAB"}},{"arcs":[[341,342,343,344]],"type":"Polygon","properties":{"n":"Ayya (173)","c":29328,"d":"Kapurthala","s":"PUNJAB"}},{"arcs":[[345,346,347,348,349,350,351,352]],"type":"Polygon","properties":{"n":"Ahmedpur (205)","c":29259,"d":"Kapurthala","s":"PUNJAB"}},{"arcs":[[353,354,355,356,357]],"type":"Polygon","properties":{"n":"Akbarpur (66)","c":29191,"d":"Kapurthala","s":"PUNJAB"}},{"arcs":[[-358,358,359]],"type":"Polygon","properties":{"n":"Alipur (62)","c":29158,"d":"Kapurthala","s":"PUNJAB"}},{"arcs":[[360,361,362,363,364,365,366,367,368]],"type":"Polygon","properties":{"n":"Alamgir (218)","c":29309,"d":"Kapurthala","s":"PUNJAB"}},{"arcs":[[369,370,-346,371]],"type":"Polygon","properties":{"n":"Alaudi (203)","c":29257,"d":"Kapurthala","s":"PUNJAB"}},{"arcs":[[372,373,374,375,376,377,378,379,380]],"type":"Polygon","properties":{"n":"Alaudinpur (51)","c":29183,"d":"Kapurthala","s":"PUNJAB"}},{"arcs":[[381,382,383,384,385]],"type":"Polygon","properties":{"n":"Aujla Banwali (190)","c":29249,"d":"Kapurthala","s":"PUNJAB"}},{"arcs":[[386,387,388,-384]],"type":"Polygon","properties":{"n":"Aujla Jogi (189)","c":29248,"d":"Kapurthala","s":"PUNJAB"}},{"arcs":[[389,390,391,392,393,394,395,396,397,398,399,400,401]],"type":"Polygon","properties":{"n":"Buh (81)","c":29208,"d":"Kapurthala","s":"PUNJAB"}},{"arcs":[[402,403,404,405,406,407]],"type":"Polygon","properties":{"n":"Boot (3)","c":29130,"d":"Kapurthala","s":"PUNJAB"}},{"arcs":[[408,409,410,411,412]],"type":"Polygon","properties":{"n":"Bibri  (96)","c":29284,"d":"Kapurthala","s":"PUNJAB"}},{"arcs":[[413,-334,414,415,416]],"type":"Polygon","properties":{"n":"Beja (8)","c":29226,"d":"Kapurthala","s":"PUNJAB"}},{"arcs":[[417,418,419,420]],"type":"Polygon","properties":{"n":"Kadupur (143)","c":29233,"d":"Kapurthala","s":"PUNJAB"}},{"arcs":[[421,422,423,424,425,-405]],"type":"Polygon","properties":{"n":"Badshahpur (6)","c":29129,"d":"Kapurthala","s":"PUNJAB"}},{"arcs":[[-344,426,427,428,429]],"type":"Polygon","properties":{"n":"Bhana  (174)","c":29329,"d":"Kapurthala","s":"PUNJAB"}},{"arcs":[[430,431,432,433,434]],"type":"Polygon","properties":{"n":"Badyal (179)","c":29323,"d":"Kapurthala","s":"PUNJAB"}},{"arcs":[[435,436,437,-401,438,439,440]],"type":"Polygon","properties":{"n":"Bhaguwal (73)","c":29197,"d":"Kapurthala","s":"PUNJAB"}},{"arcs":[[441,442,443,444,445,446,447]],"type":"Polygon","properties":{"n":"Bhooi (132)","c":29273,"d":"Kapurthala","s":"PUNJAB"}},{"arcs":[[448,449,450,451]],"type":"Polygon","properties":{"n":"Bajola (5)","c":29134,"d":"Kapurthala","s":"PUNJAB"}},{"arcs":[[452,453,454,455,456,457,458]],"type":"Polygon","properties":{"n":"Balehar Kalan (208)","c":29299,"d":"Kapurthala","s":"PUNJAB"}},{"arcs":[[459,460,-454]],"type":"Polygon","properties":{"n":"Balehar Khanpur (209)","c":29302,"d":"Kapurthala","s":"PUNJAB"}},{"arcs":[[461,462,463,464,465]],"type":"Polygon","properties":{"n":"Bana Malwala  (57)","c":29153,"d":"Kapurthala","s":"PUNJAB"}},{"arcs":[[466,467,468,469]],"type":"Polygon","properties":{"n":"Banwalipur (220)","c":29311,"d":"Kapurthala","s":"PUNJAB"}},{"arcs":[[470,471,472,473,474,475,476,477,478]],"type":"Polygon","properties":{"n":"Bhano Langa (167)","c":29336,"d":"Kapurthala","s":"PUNJAB"}},{"arcs":[[479,480,-447,481,482,483,484,485]],"type":"Polygon","properties":{"n":"Bhagwanpur (94)","c":29276,"d":"Kapurthala","s":"PUNJAB"}},{"arcs":[[486,487,488,489,490]],"type":"Polygon","properties":{"n":"Bhaini (93)","c":29105,"d":"Kapurthala","s":"PUNJAB"}},{"arcs":[[-350,491,492,493,494]],"type":"Polygon","properties":{"n":"Bhait (206)","c":29261,"d":"Kapurthala","s":"PUNJAB"}},{"arcs":[[[495,496,497,498,499]],[[500,501,502,503,504,505]]],"type":"MultiPolygon","properties":{"n":"Bhandal Bet   (37)","c":29165,"d":"Kapurthala","s":"PUNJAB"}},{"arcs":[[506,507,508,509,510,511]],"type":"Polygon","properties":{"n":"Bhandal Dona (162)","c":29295,"d":"Kapurthala","s":"PUNJAB"}},{"arcs":[[512,-486,513,514,-336,515,516,517,518]],"type":"Polygon","properties":{"n":"Bhawanipur (90)","c":29221,"d":"Kapurthala","s":"PUNJAB"}},{"arcs":[[-416,519,520,521,522,523,524]],"type":"Polygon","properties":{"n":"Bhila (11)","c":29174,"d":"Kapurthala","s":"PUNJAB"}},{"arcs":[[525,-511,526,527,528]],"type":"Polygon","properties":{"n":"Bhalaipur (164)","c":29293,"d":"Kapurthala","s":"PUNJAB"}},{"arcs":[[529,-410,530,531,532,533,534,535,536]],"type":"Polygon","properties":{"n":"Lodhi Bholana  (125)","c":29288,"d":"Kapurthala","s":"PUNJAB"}},{"arcs":[[537,538,539,540,541,542]],"type":"Polygon","properties":{"n":"Bhullar (26)","c":29170,"d":"Kapurthala","s":"PUNJAB"}},{"arcs":[[543,544,545,546,547,548,-528]],"type":"Polygon","properties":{"n":"Biharipur (165)","c":29294,"d":"Kapurthala","s":"PUNJAB"}},{"arcs":[[-543,549,550]],"type":"Polygon","properties":{"n":"Bijli Nangal (25)","c":29146,"d":"Kapurthala","s":"PUNJAB"}},{"arcs":[[551,552,553,554,555,-331,556]],"type":"Polygon","properties":{"n":"Bishanpur (136)","c":29229,"d":"Kapurthala","s":"PUNJAB"}},{"arcs":[[557,558,-482,-446]],"type":"Polygon","properties":{"n":"Brindpur (95)","c":29285,"d":"Kapurthala","s":"PUNJAB"}},{"arcs":[[559,560,-348,561,-370,562,563]],"type":"Polygon","properties":{"n":"Budo Punder (199)","c":29256,"d":"Kapurthala","s":"PUNJAB"}},{"arcs":[[564,565,566]],"type":"Polygon","properties":{"n":"Budhuwala (30)","c":29168,"d":"Kapurthala","s":"PUNJAB"}},{"arcs":[[567,568,569,570]],"type":"Polygon","properties":{"n":"Budha Theh (20)","c":29143,"d":"Kapurthala","s":"PUNJAB"}},{"arcs":[[571,572,573,574]],"type":"Polygon","properties":{"n":"Burewal (159)","c":29291,"d":"Kapurthala","s":"PUNJAB"}},{"arcs":[[575,576,577,-487,578,579]],"type":"Polygon","properties":{"n":"Batala (90)","c":29107,"d":"Kapurthala","s":"PUNJAB"}},{"arcs":[[-335,-414,580,-423,581]],"type":"Polygon","properties":{"n":"Chuharwal (137)","c":29127,"d":"Kapurthala","s":"PUNJAB"}},{"arcs":[[582,-367,583,584]],"type":"Polygon","properties":{"n":"Chak (215)","c":29306,"d":"Kapurthala","s":"PUNJAB"}},{"arcs":[[585,586,587,-376,588]],"type":"Polygon","properties":{"n":"Chak Gajiwal (49)","c":29186,"d":"Kapurthala","s":"PUNJAB"}},{"arcs":[[-338,589,590,591]],"type":"Polygon","properties":{"n":"Chak Gopipur (102)","c":29217,"d":"Kapurthala","s":"PUNJAB"}},{"arcs":[[592,-409]],"type":"Polygon","properties":{"n":"Hussainabad (97)","c":29279,"d":"Kapurthala","s":"PUNJAB"}},{"arcs":[[593,594,595]],"type":"Polygon","properties":{"n":" ","c":0,"d":"Kapurthala","s":"PUNJAB"}},{"arcs":[[596,597,598,599]],"type":"Polygon","properties":{"n":"Qaulo Talwandi  (120)","c":29344,"d":"Kapurthala","s":"PUNJAB"}},{"arcs":[[-477,600,601]],"type":"Polygon","properties":{"n":" ","c":0,"d":"Kapurthala","s":"PUNJAB"}},{"arcs":[[602,603,604,605,-580,606,607,608]],"type":"Polygon","properties":{"n":"Chakoki (88)","c":29109,"d":"Kapurthala","s":"PUNJAB"}},{"arcs":[[609,-441,610]],"type":"Polygon","properties":{"n":"Charagpur (72)","c":29196,"d":"Kapurthala","s":"PUNJAB"}},{"arcs":[[-298,-286,611,-609,612,-257]],"type":"Polygon","properties":{"n":"Daudpur (63)","c":29102,"d":"Kapurthala","s":"PUNJAB"}},{"arcs":[[613,-448,-481,614]],"type":"Polygon","properties":{"n":"Dandupur (54)","c":29362,"d":"Kapurthala","s":"PUNJAB"}},{"arcs":[[615,-596,616,617]],"type":"Polygon","properties":{"n":"Daulatpur (121)","c":29346,"d":"Kapurthala","s":"PUNJAB"}},{"arcs":[[618,619,-327]],"type":"Polygon","properties":{"n":"Daulo Araian (156)","c":29268,"d":"Kapurthala","s":"PUNJAB"}},{"arcs":[[620,621,622,623]],"type":"Polygon","properties":{"n":"Dialpur (231)","c":29124,"d":"Kapurthala","s":"PUNJAB"}},{"arcs":[[-485,624,625,626,-514]],"type":"Polygon","properties":{"n":"Dewlanwala (91)","c":29220,"d":"Kapurthala","s":"PUNJAB"}},{"arcs":[[627,628,-569,629,-550,-542,630,-566,631,632,633,-501,634,635,636]],"type":"Polygon","properties":{"n":"Dhaliwal Bet (24)","c":29147,"d":"Kapurthala","s":"PUNJAB"}},{"arcs":[[637,638,639,-386,640,641,642,643]],"type":"Polygon","properties":{"n":"Dhaliwal Dona (148)","c":29243,"d":"Kapurthala","s":"PUNJAB"}},{"arcs":[[-424,-581,-417,-525,644,645]],"type":"Polygon","properties":{"n":"Dham (7)","c":29128,"d":"Kapurthala","s":"PUNJAB"}},{"arcs":[[-591,646,647,648,649,650,651,652,653]],"type":"Polygon","properties":{"n":"Dhabulian (105)","c":29213,"d":"Kapurthala","s":"PUNJAB"}},{"arcs":[[654,655,656,-553,657]],"type":"Polygon","properties":{"n":"Dainwind (141)","c":29231,"d":"Kapurthala","s":"PUNJAB"}},{"arcs":[[658,-458,659,660,-494]],"type":"Polygon","properties":{"n":"Dhandal (207)","c":29262,"d":"Kapurthala","s":"PUNJAB"}},{"arcs":[[661,662,663,-382,-640,664]],"type":"Polygon","properties":{"n":"Dhapai (192)","c":29251,"d":"Kapurthala","s":"PUNJAB"}},{"arcs":[[665,666,667,668,-637,669,670,-488,-578,671,672]],"type":"Polygon","properties":{"n":"Dhilwan (NP)","c":800156,"d":"Kapurthala","s":"PUNJAB"}},{"arcs":[[673,-644,674,675,676]],"type":"Polygon","properties":{"n":"Dhawankhan Jagir (147)","c":29242,"d":"Kapurthala","s":"PUNJAB"}},{"arcs":[[-559,677,678,679,680,-531,-593,-413,681,682,-483]],"type":"Polygon","properties":{"n":"Dhudianwala (130)","c":29286,"d":"Kapurthala","s":"PUNJAB"}},{"arcs":[[683,684,-421,685,686,-554,-657]],"type":"Polygon","properties":{"n":"Daburji  (142)","c":29232,"d":"Kapurthala","s":"PUNJAB"}},{"arcs":[[687,688,689,-651]],"type":"Polygon","properties":{"n":"Dulowal (103)","c":29212,"d":"Kapurthala","s":"PUNJAB"}},{"arcs":[[690,-638,-674,691]],"type":"Polygon","properties":{"n":"Dhawakhan Nishan (146)","c":29241,"d":"Kapurthala","s":"PUNJAB"}},{"arcs":[[692,-499,693,694,-504]],"type":"Polygon","properties":{"n":"Fatehpur (38)","c":29164,"d":"Kapurthala","s":"PUNJAB"}},{"arcs":[[695,696,697,-570,-629,698,-668]],"type":"Polygon","properties":{"n":"Fattu Chak  (21)","c":29141,"d":"Kapurthala","s":"PUNJAB"}},{"arcs":[[699,700,701,702,703,704,705,706,707,-391,708]],"type":"Polygon","properties":{"n":"Fattu Dhinga (83)","c":29210,"d":"Kapurthala","s":"PUNJAB"}},{"arcs":[[709,710,711,-436,-610]],"type":"Polygon","properties":{"n":"Fazlabad (74)","c":29203,"d":"Kapurthala","s":"PUNJAB"}},{"arcs":[[712,713,714,715,-696,-667]],"type":"Polygon","properties":{"n":"Gaji  Gudana (104)","c":29139,"d":"Kapurthala","s":"PUNJAB"}},{"arcs":[[716,717,718,719,720,721]],"type":"Polygon","properties":{"n":"Gudani  (99)","c":29115,"d":"Kapurthala","s":"PUNJAB"}},{"arcs":[[722,-434,723,724]],"type":"Polygon","properties":{"n":"Gaunspur (177)","c":29322,"d":"Kapurthala","s":"PUNJAB"}},{"arcs":[[725,726,727,728,729,730]],"type":"Polygon","properties":{"n":"Gaura (43)","c":29176,"d":"Kapurthala","s":"PUNJAB"}},{"arcs":[[-565,731,732,733,734,735,-632]],"type":"Polygon","properties":{"n":"Gaunswala (29)","c":29180,"d":"Kapurthala","s":"PUNJAB"}},{"arcs":[[736,737,738]],"type":"Polygon","properties":{"n":"Ghudhu Bagga  (216)","c":29307,"d":"Kapurthala","s":"PUNJAB"}},{"arcs":[[739,740,741,742,743,744]],"type":"Polygon","properties":{"n":"Ghaniaki (68)","c":29202,"d":"Kapurthala","s":"PUNJAB"}},{"arcs":[[-728,745,-518,746,-589,-375,747]],"type":"Polygon","properties":{"n":"Ghug (50)","c":29184,"d":"Kapurthala","s":"PUNJAB"}},{"arcs":[[748,749,-697,-716]],"type":"Polygon","properties":{"n":"Ghuluwal (102)","c":29140,"d":"Kapurthala","s":"PUNJAB"}},{"arcs":[[750,751]],"type":"Polygon","properties":{"n":"Gokalpur (197)","c":29254,"d":"Kapurthala","s":"PUNJAB"}},{"arcs":[[-337,-515,752,-647,-590]],"type":"Polygon","properties":{"n":"Gopipur (101)","c":29216,"d":"Kapurthala","s":"PUNJAB"}},{"arcs":[[753,754,-575,755,756]],"type":"Polygon","properties":{"n":"Gosal (158)","c":29267,"d":"Kapurthala","s":"PUNJAB"}},{"arcs":[[757,758,759,760]],"type":"Polygon","properties":{"n":"Gurmukh Singhwala (34)","c":29150,"d":"Kapurthala","s":"PUNJAB"}},{"arcs":[[761,-622,762,763,764,-408,765,766,767,768,769,-280]],"type":"Polygon","properties":{"n":"Hamira (229)","c":29122,"d":"Kapurthala","s":"PUNJAB"}},{"arcs":[[770,771,772,773]],"type":"Polygon","properties":{"n":"Hambowal (106)","c":29138,"d":"Kapurthala","s":"PUNJAB"}},{"arcs":[[774,775,-732,-567,-631,-541]],"type":"Polygon","properties":{"n":"Hothian (27)","c":29169,"d":"Kapurthala","s":"PUNJAB"}},{"arcs":[[-411,776,777,778]],"type":"Polygon","properties":{"n":"Hussainabad (97)","c":29279,"d":"Kapurthala","s":"PUNJAB"}},{"arcs":[[779,-548,780,781,-534]],"type":"Polygon","properties":{"n":"Hussainpur (CT)","c":29355,"d":"Kapurthala","s":"PUNJAB"}},{"arcs":[[-563,-372,-353,782,-663,783,784]],"type":"Polygon","properties":{"n":"Ibban (202)","c":29252,"d":"Kapurthala","s":"PUNJAB"}},{"arcs":[[-498,785,786,-694]],"type":"Polygon","properties":{"n":"Jatike (55)","c":29163,"d":"Kapurthala","s":"PUNJAB"}},{"arcs":[[787,788,-283]],"type":"Polygon","properties":{"n":"Jag (82)","c":29098,"d":"Kapurthala","s":"PUNJAB"}},{"arcs":[[789,790,791,792,793,-378]],"type":"Polygon","properties":{"n":"Jahangirpur (86)","c":29187,"d":"Kapurthala","s":"PUNJAB"}},{"arcs":[[-718,794,-773,795,796]],"type":"Polygon","properties":{"n":"Jai Rampur (105)","c":29118,"d":"Kapurthala","s":"PUNJAB"}},{"arcs":[[-470,797,-361,798]],"type":"Polygon","properties":{"n":"Jai Rampur (219)","c":29310,"d":"Kapurthala","s":"PUNJAB"}},{"arcs":[[799,800,801]],"type":"Polygon","properties":{"n":"Jalowal (226)","c":29316,"d":"Kapurthala","s":"PUNJAB"}},{"arcs":[[802,-460,-453,803,804]],"type":"Polygon","properties":{"n":"Jalo Bhati (211)","c":29301,"d":"Kapurthala","s":"PUNJAB"}},{"arcs":[[805,806,807,808,-754,809,-619,-326]],"type":"Polygon","properties":{"n":"Jawalapur  (157)","c":29265,"d":"Kapurthala","s":"PUNJAB"}},{"arcs":[[-777,-530,810]],"type":"Polygon","properties":{"n":"Jhal Bibri  (98)","c":29281,"d":"Kapurthala","s":"PUNJAB"}},{"arcs":[[-484,-683,811,-314,812,-316,813,-625]],"type":"Polygon","properties":{"n":"Jhugian Gulam (93)","c":29277,"d":"Kapurthala","s":"PUNJAB"}},{"arcs":[[814,-555,-687]],"type":"Polygon","properties":{"n":"Kadupur (143)","c":29233,"d":"Kapurthala","s":"PUNJAB"}},{"arcs":[[815,816,-802,817,-363]],"type":"Polygon","properties":{"n":"Kalasanghian (224)","c":29315,"d":"Kapurthala","s":"PUNJAB"}},{"arcs":[[818,819,820,821,822,823,824,825]],"type":"Polygon","properties":{"n":"Kahna (112)","c":29348,"d":"Kapurthala","s":"PUNJAB"}},{"arcs":[[-333,826,827,828,829,-520,-415]],"type":"Polygon","properties":{"n":"Kanjli (10)","c":29225,"d":"Kapurthala","s":"PUNJAB"}},{"arcs":[[-343,830,831,-427]],"type":"Polygon","properties":{"n":"Kahlwan (172)","c":29331,"d":"Kapurthala","s":"PUNJAB"}},{"arcs":[[-419,832,-675,-643,833,834,835,-442,-614,836,-828,837]],"type":"Polygon","properties":{"n":"Kapurthala (Rural) (134)","c":29275,"d":"Kapurthala","s":"PUNJAB"}},{"arcs":[[-595,838,-478,-602,839,840,-598,841,-617]],"type":"Polygon","properties":{"n":"Karahal Kalan (119)","c":29343,"d":"Kapurthala","s":"PUNJAB"}},{"arcs":[[842,-475,843,-317,844]],"type":"Polygon","properties":{"n":"Karahal Khurd (118)","c":29342,"d":"Kapurthala","s":"PUNJAB"}},{"arcs":[[-845,-322,845,846]],"type":"Polygon","properties":{"n":"Karahal Nauabad (115)","c":29340,"d":"Kapurthala","s":"PUNJAB"}},{"arcs":[[847,848,849,850,-806,-325]],"type":"Polygon","properties":{"n":"Kasso Chahal (186)","c":29264,"d":"Kapurthala","s":"PUNJAB"}},{"arcs":[[851,-546,852,-479,-839,-594,-616]],"type":"Polygon","properties":{"n":"Qaulo Talwandi  (120)","c":29344,"d":"Kapurthala","s":"PUNJAB"}},{"arcs":[[853,854,855,856,857]],"type":"Polygon","properties":{"n":"Qualpur (170)","c":29333,"d":"Kapurthala","s":"PUNJAB"}},{"arcs":[[858,-725,859,860]],"type":"Polygon","properties":{"n":"Kesarpur (181)","c":29321,"d":"Kapurthala","s":"PUNJAB"}},{"arcs":[[861,-339,-592,-654,862,863,864,865,-791]],"type":"Polygon","properties":{"n":"Khiranwali  (87)","c":29188,"d":"Kapurthala","s":"PUNJAB"}},{"arcs":[[866,867,868,-649,869]],"type":"Polygon","properties":{"n":"Khalu (106)","c":29354,"d":"Kapurthala","s":"PUNJAB"}},{"arcs":[[870,871,872,-508,873,-807,-851]],"type":"Polygon","properties":{"n":"Khanowal (183)","c":29296,"d":"Kapurthala","s":"PUNJAB"}},{"arcs":[[874,-709,-390,875]],"type":"Polygon","properties":{"n":"Khanpur (80)","c":29207,"d":"Kapurthala","s":"PUNJAB"}},{"arcs":[[876,-730,877,878]],"type":"Polygon","properties":{"n":"Khangah (42)","c":29177,"d":"Kapurthala","s":"PUNJAB"}},{"arcs":[[-792,-866,879,880,-742,881]],"type":"Polygon","properties":{"n":"Khera Bet (67)","c":29204,"d":"Kapurthala","s":"PUNJAB"}},{"arcs":[[-547,-852,-618,-842,-597,882,-781]],"type":"Polygon","properties":{"n":"Khera Dona (122)","c":29345,"d":"Kapurthala","s":"PUNJAB"}},{"arcs":[[-751,883,-560,884,885]],"type":"Polygon","properties":{"n":"Khojewali (198)","c":29255,"d":"Kapurthala","s":"PUNJAB"}},{"arcs":[[886,887,-879,888,889,-733,-776]],"type":"Polygon","properties":{"n":"Khukhrain (28)","c":29179,"d":"Kapurthala","s":"PUNJAB"}},{"arcs":[[-432,890,891,-345,-430,892,893,894]],"type":"Polygon","properties":{"n":"Khusropur (178)","c":29327,"d":"Kapurthala","s":"PUNJAB"}},{"arcs":[[895,896,897,898,-745,899,900]],"type":"Polygon","properties":{"n":"Kishan Singhwala (59)","c":29155,"d":"Kapurthala","s":"PUNJAB"}},{"arcs":[[-830,901,902,-726,903,-521]],"type":"Polygon","properties":{"n":"Kokalpur (45)","c":29224,"d":"Kapurthala","s":"PUNJAB"}},{"arcs":[[-783,-352,904,-387,-383,-664]],"type":"Polygon","properties":{"n":"Gobindpur (191)","c":29250,"d":"Kapurthala","s":"PUNJAB"}},{"arcs":[[905,906]],"type":"Polygon","properties":{"n":"Kot Karar Khan (196)","c":29238,"d":"Kapurthala","s":"PUNJAB"}},{"arcs":[[-869,907,-688,-650]],"type":"Polygon","properties":{"n":"Kaulian Wala  (104)","c":29214,"d":"Kapurthala","s":"PUNJAB"}},{"arcs":[[-385,-389,908,909,910,911,-641]],"type":"Polygon","properties":{"n":"Kutabpur (151)","c":29247,"d":"Kapurthala","s":"PUNJAB"}},{"arcs":[[-445,912,913,-678,-558]],"type":"Polygon","properties":{"n":"Ladhewal (131)","c":29272,"d":"Kapurthala","s":"PUNJAB"}},{"arcs":[[914,915,-557,-582,-422,-404,916],[917]],"type":"Polygon","properties":{"n":"Lakhan Kalan (139)","c":29126,"d":"Kapurthala","s":"PUNJAB"}},{"arcs":[[[918,-917,-403,-765]],[[-918]]],"type":"MultiPolygon","properties":{"n":"Lakhan Khurd (138)","c":29125,"d":"Kapurthala","s":"PUNJAB"}},{"arcs":[[919,-788,-282,920,921,-722,922,923,924]],"type":"Polygon","properties":{"n":"Lakhanke Padde (98)","c":29097,"d":"Kapurthala","s":"PUNJAB"}},{"arcs":[[-832,925,-858,926,927]],"type":"Polygon","properties":{"n":"Machhipal (171)","c":29332,"d":"Kapurthala","s":"PUNJAB"}},{"arcs":[[928,-329,929,-913,-444,930]],"type":"Polygon","properties":{"n":"Madho Jhanda  (154)","c":29270,"d":"Kapurthala","s":"PUNJAB"}},{"arcs":[[-720,931,932,-673,933]],"type":"Polygon","properties":{"n":"Mangewal (95)","c":29114,"d":"Kapurthala","s":"PUNJAB"}},{"arcs":[[934,935,936,-692,-677,937,-684,-656]],"type":"Polygon","properties":{"n":"Mainwan (145)","c":29235,"d":"Kapurthala","s":"PUNJAB"}},{"arcs":[[-878,-729,-748,-374,938,-889]],"type":"Polygon","properties":{"n":"Majorwala (41)","c":29178,"d":"Kapurthala","s":"PUNJAB"}},{"arcs":[[-474,939,940,-318,-844]],"type":"Polygon","properties":{"n":"Malian (117)","c":29338,"d":"Kapurthala","s":"PUNJAB"}},{"arcs":[[941,942]],"type":"Polygon","properties":{"n":"Malu Brahamanan (213)","c":29304,"d":"Kapurthala","s":"PUNJAB"}},{"arcs":[[-455,-461,-803,943,-739,944,-585,945,-943,946,947]],"type":"Polygon","properties":{"n":"Kadrabad (212)","c":29303,"d":"Kapurthala","s":"PUNJAB"}},{"arcs":[[948,-741,949,950]],"type":"Polygon","properties":{"n":"Mand Akbarpur (64)","c":29192,"d":"Kapurthala","s":"PUNJAB"}},{"arcs":[[951,-506,952,-466,953,954]],"type":"Polygon","properties":{"n":"Mand Bhandal Bet (36)","c":29152,"d":"Kapurthala","s":"PUNJAB"}},{"arcs":[[-607,-579,-491,955,956]],"type":"Polygon","properties":{"n":"Mand Batala (91)","c":29104,"d":"Kapurthala","s":"PUNJAB"}},{"arcs":[[-258,-613,-608,-957,957]],"type":"Polygon","properties":{"n":"Mand Chakoki  (87)","c":29103,"d":"Kapurthala","s":"PUNJAB"}},{"arcs":[[-635,-952,958,-758,959,960]],"type":"Polygon","properties":{"n":"Mand Dhaliwal (33)","c":29149,"d":"Kapurthala","s":"PUNJAB"}},{"arcs":[[-671,961,962,-489]],"type":"Polygon","properties":{"n":"Mand Dhilwan (94)","c":29106,"d":"Kapurthala","s":"PUNJAB"}},{"arcs":[[-960,-761,963,964]],"type":"Polygon","properties":{"n":"Mand Rampur (23)","c":29148,"d":"Kapurthala","s":"PUNJAB"}},{"arcs":[[965,966,-896,967,-463,968]],"type":"Polygon","properties":{"n":"Mand Sangojla (54)","c":29161,"d":"Kapurthala","s":"PUNJAB"}},{"arcs":[[969,970,-359,-357,-951,971,-898]],"type":"Polygon","properties":{"n":"Mand Surakhpur  (63)","c":29189,"d":"Kapurthala","s":"PUNJAB"}},{"arcs":[[-756,-574,972,973]],"type":"Polygon","properties":{"n":"Mangaroda (128)","c":29290,"d":"Kapurthala","s":"PUNJAB"}},{"arcs":[[974,-861,975,976,977,978,-509,-873]],"type":"Polygon","properties":{"n":"Manan (182)","c":29320,"d":"Kapurthala","s":"PUNJAB"}},{"arcs":[[-699,-628,-669]],"type":"Polygon","properties":{"n":" ","c":0,"d":"Kapurthala","s":"PUNJAB"}},{"arcs":[[979,980,981,-437,-712]],"type":"Polygon","properties":{"n":"Miani Bola (76)","c":29200,"d":"Kapurthala","s":"PUNJAB"}},{"arcs":[[-285,982,983,-603,-612]],"type":"Polygon","properties":{"n":"Mirzapur (86)","c":29101,"d":"Kapurthala","s":"PUNJAB"}},{"arcs":[[-599,-841,984,-821,985]],"type":"Polygon","properties":{"n":"Mitha (113)","c":29347,"d":"Kapurthala","s":"PUNJAB"}},{"arcs":[[986,-819,987,988]],"type":"Polygon","properties":{"n":"Mithra (111)","c":29349,"d":"Kapurthala","s":"PUNJAB"}},{"arcs":[[989,-924,990,991,-605]],"type":"Polygon","properties":{"n":"Mugal Chak  (97)","c":29111,"d":"Kapurthala","s":"PUNJAB"}},{"arcs":[[-281,-770,992,-921]],"type":"Polygon","properties":{"n":"Mudowal (110)","c":29096,"d":"Kapurthala","s":"PUNJAB"}},{"arcs":[[993,-652,-690,994,-701,995,-864]],"type":"Polygon","properties":{"n":"Mehmadwal (84)","c":29211,"d":"Kapurthala","s":"PUNJAB"}},{"arcs":[[-814,-315,-813,-313,-812,-682,-412,-779,996,997,-626]],"type":"Polygon","properties":{"n":"Majahadpur (92)","c":29278,"d":"Kapurthala","s":"PUNJAB"}},{"arcs":[[998,-978]],"type":"Polygon","properties":{"n":"Moklanwala (176)","c":29325,"d":"Kapurthala","s":"PUNJAB"}},{"arcs":[[-439,-400,999,1000]],"type":"Polygon","properties":{"n":"Mand Sabik Desal (77)","c":29198,"d":"Kapurthala","s":"PUNJAB"}},{"arcs":[[1001,1002,-392,-708]],"type":"Polygon","properties":{"n":"Mundi  (82)","c":29209,"d":"Kapurthala","s":"PUNJAB"}},{"arcs":[[-883,-600,-986,-820,-987,1003,1004,-782]],"type":"Polygon","properties":{"n":"Muradpur (109)","c":29350,"d":"Kapurthala","s":"PUNJAB"}},{"arcs":[[-469,1005,1006,-362,-798]],"type":"Polygon","properties":{"n":"Muradpur Dona (222)","c":29312,"d":"Kapurthala","s":"PUNJAB"}},{"arcs":[[[-762,-279,1007,-623]],[[1008,-763,-621]]],"type":"MultiPolygon","properties":{"n":"Murar (230)","c":29123,"d":"Kapurthala","s":"PUNJAB"}},{"arcs":[[-768,1009,1010,1011]],"type":"Polygon","properties":{"n":"Mustafabad (108)","c":29121,"d":"Kapurthala","s":"PUNJAB"}},{"arcs":[[1012,-925,-990,-604,-984]],"type":"Polygon","properties":{"n":"Mazaffarpur (84)","c":29110,"d":"Kapurthala","s":"PUNJAB"}},{"arcs":[[-676,-833,-418,-685,-938]],"type":"Polygon","properties":{"n":"Nurpur Dona (144)","c":29234,"d":"Kapurthala","s":"PUNJAB"}},{"arcs":[[-633,-736,1013,-500,-693,-503,1014]],"type":"Polygon","properties":{"n":"Nurpur Januhan (31)","c":29166,"d":"Kapurthala","s":"PUNJAB"}},{"arcs":[[1015,1016,1017,-538,-551,-630,-568]],"type":"Polygon","properties":{"n":"Nurpur Jattan (18)","c":29144,"d":"Kapurthala","s":"PUNJAB"}},{"arcs":[[[1018,-340,-862,-790,-377,-588]],[[-653,-994,-863]]],"type":"MultiPolygon","properties":{"n":"Nurpur Khiranwali  (88)","c":29218,"d":"Kapurthala","s":"PUNJAB"}},{"arcs":[[1019,-539,-1018]],"type":"Polygon","properties":{"n":"Nurpur Lubhana  (17)","c":29145,"d":"Kapurthala","s":"PUNJAB"}},{"arcs":[[-522,-904,-731,-877,-888,1020,1021]],"type":"Polygon","properties":{"n":"Nurpur Rajputan (44)","c":29175,"d":"Kapurthala","s":"PUNJAB"}},{"arcs":[[-968,-901,1022,-464]],"type":"Polygon","properties":{"n":"Nabi Bakhshwala (58)","c":29154,"d":"Kapurthala","s":"PUNJAB"}},{"arcs":[[-388,-905,-351,-495,-661,1023,-323,1024,-909]],"type":"Polygon","properties":{"n":"Nangal Naraingarh (188)","c":29260,"d":"Kapurthala","s":"PUNJAB"}},{"arcs":[[1025,-381,1026,-496,-1014,-735]],"type":"Polygon","properties":{"n":"Narket  (39)","c":29182,"d":"Kapurthala","s":"PUNJAB"}},{"arcs":[[-457,1027,-848,-324,-1024,-660]],"type":"Polygon","properties":{"n":"Nathu Chahal (187)","c":29263,"d":"Kapurthala","s":"PUNJAB"}},{"arcs":[[-903,1028,-519,-746,-727]],"type":"Polygon","properties":{"n":"Nawanpind (46)","c":29223,"d":"Kapurthala","s":"PUNJAB"}},{"arcs":[[-893,-429,1029,1030]],"type":"Polygon","properties":{"n":"Nidoki (175)","c":29330,"d":"Kapurthala","s":"PUNJAB"}},{"arcs":[[-724,-433,-895,1031,-976,-860]],"type":"Polygon","properties":{"n":"Nihaluwal (180)","c":29324,"d":"Kapurthala","s":"PUNJAB"}},{"arcs":[[-284,-789,-920,-1013,-983]],"type":"Polygon","properties":{"n":"Nihalgarh  (83)","c":29100,"d":"Kapurthala","s":"PUNJAB"}},{"arcs":[[1032,-425,-646,1033,1034,-450]],"type":"Polygon","properties":{"n":"Nazampur (15)","c":29135,"d":"Kapurthala","s":"PUNJAB"}},{"arcs":[[-1015,-502,-634]],"type":"Polygon","properties":{"n":"Padda (32)","c":29167,"d":"Kapurthala","s":"PUNJAB"}},{"arcs":[[-755,-809,1035,-512,-526,1036,-572]],"type":"Polygon","properties":{"n":"Pakhowal (160)","c":29292,"d":"Kapurthala","s":"PUNJAB"}},{"arcs":[[-341,-1019,-587,1037,-516]],"type":"Polygon","properties":{"n":"Parveznagar (48)","c":29222,"d":"Kapurthala","s":"PUNJAB"}},{"arcs":[[-947,1038,1039,-871,-850,1040]],"type":"Polygon","properties":{"n":"Passan (184)","c":29297,"d":"Kapurthala","s":"PUNJAB"}},{"arcs":[[-766,-407,1041,1042,1043]],"type":"Polygon","properties":{"n":"Paharipur (2)","c":29131,"d":"Kapurthala","s":"PUNJAB"}},{"arcs":[[-906,1044,1045,1046,1047,1048]],"type":"Polygon","properties":{"n":"Phiali (195)","c":29237,"d":"Kapurthala","s":"PUNJAB"}},{"arcs":[[-658,-552,-916,1049]],"type":"Polygon","properties":{"n":"Phulewal (140)","c":29230,"d":"Kapurthala","s":"PUNJAB"}},{"arcs":[[-972,-950,-740,-899]],"type":"Polygon","properties":{"n":"Peerewal (69)","c":29193,"d":"Kapurthala","s":"PUNJAB"}},{"arcs":[[-890,-939,-373,-1026,-734]],"type":"Polygon","properties":{"n":"Rajpur (40)","c":29181,"d":"Kapurthala","s":"PUNJAB"}},{"arcs":[[-670,-636,-961,-965,1050,-962]],"type":"Polygon","properties":{"n":" ","c":0,"d":"Kapurthala","s":"PUNJAB"}},{"arcs":[[1051,1052,-1006,-468]],"type":"Polygon","properties":{"n":"Rampur (221)","c":29313,"d":"Kapurthala","s":"PUNJAB"}},{"arcs":[[1053,-532,-681]],"type":"Polygon","properties":{"n":"Rawal (129)","c":29287,"d":"Kapurthala","s":"PUNJAB"}},{"arcs":[[1054,-973,-573,-1037,-529,-549,-780,-533,-1054,-680]],"type":"Polygon","properties":{"n":" ","c":0,"d":"Kapurthala","s":"PUNJAB"}},{"arcs":[[-1011,1055,-1043,1056,-452,1057,-774,-795,1058]],"type":"Polygon","properties":{"n":"Ramidi  (107)","c":29119,"d":"Kapurthala","s":"PUNJAB"}},{"arcs":[[-1058,-451,-1035,1059,-1020,-1017,1060,-771]],"type":"Polygon","properties":{"n":"Randhawa (16)","c":29136,"d":"Kapurthala","s":"PUNJAB"}},{"arcs":[[-885,-564,-785,1061,1062]],"type":"Polygon","properties":{"n":"Rasulpur Brahmanan (200)","c":29253,"d":"Kapurthala","s":"PUNJAB"}},{"arcs":[[-456,-948,-1041,-849,-1028]],"type":"Polygon","properties":{"n":"Rasulpur Kulian (185)","c":29298,"d":"Kapurthala","s":"PUNJAB"}},{"arcs":[[1063,-876,-402,-438,-982]],"type":"Polygon","properties":{"n":"Ratra (79)","c":29206,"d":"Kapurthala","s":"PUNJAB"}},{"arcs":[[-627,-998,1064,-870,-648,-753]],"type":"Polygon","properties":{"n":"Ratta Kadim (100)","c":29215,"d":"Kapurthala","s":"PUNJAB"}},{"arcs":[[-997,-778,-811,-537,1065,-867,-1065]],"type":"Polygon","properties":{"n":"Ratta Nauabad (99)","c":29280,"d":"Kapurthala","s":"PUNJAB"}},{"arcs":[[-910,-1025,-330,-929,1066,1067]],"type":"Polygon","properties":{"n":"Razapur (152)","c":29246,"d":"Kapurthala","s":"PUNJAB"}},{"arcs":[[-1042,-406,-426,-1033,-449,-1057]],"type":"Polygon","properties":{"n":"Rupanpur (4)","c":29132,"d":"Kapurthala","s":"PUNJAB"}},{"arcs":[[-332,-556,-815,-686,-420,-838,-827]],"type":"Polygon","properties":{"n":"Seenpur (135)","c":29228,"d":"Kapurthala","s":"PUNJAB"}},{"arcs":[[-933,1068,-713,-666]],"type":"Polygon","properties":{"n":"Sangrai (101)","c":29116,"d":"Kapurthala","s":"PUNJAB"}},{"arcs":[[-930,-328,-620,-810,-757,-974,-1055,-679,-914]],"type":"Polygon","properties":{"n":"Saidowal (155)","c":29271,"d":"Kapurthala","s":"PUNJAB"}},{"arcs":[[-881,1069,-980,-711,1070,-743]],"type":"Polygon","properties":{"n":"Saiflabad (75)","c":29201,"d":"Kapurthala","s":"PUNJAB"}},{"arcs":[[-1053,1071,-816,-1007]],"type":"Polygon","properties":{"n":"Samailpur (223)","c":29314,"d":"Kapurthala","s":"PUNJAB"}},{"arcs":[[1072,-1004,-989,1073,1074,1075,1076]],"type":"Polygon","properties":{"n":"Sandhar Jagir (110)","c":29351,"d":"Kapurthala","s":"PUNJAB"}},{"arcs":[[-818,-801,1077,-891,-431,1078,-364]],"type":"Polygon","properties":{"n":"Sandhu Chatha (227)","c":29318,"d":"Kapurthala","s":"PUNJAB"}},{"arcs":[[-497,-1027,-380,1079,1080,1081,-966,-786]],"type":"Polygon","properties":{"n":"Sangojla (52)","c":29159,"d":"Kapurthala","s":"PUNJAB"}},{"arcs":[[-719,-797,-714,-1069,-932]],"type":"Polygon","properties":{"n":"Sangowal  (100)","c":29117,"d":"Kapurthala","s":"PUNJAB"}},{"arcs":[[-1066,-536,1082,1083,-868]],"type":"Polygon","properties":{"n":" Shahpur Dogran(107)","c":29353,"d":"Kapurthala","s":"PUNJAB"}},{"arcs":[[-796,-772,1084,-749,-715]],"type":"Polygon","properties":{"n":"Shahpur Pira (103)","c":29137,"d":"Kapurthala","s":"PUNJAB"}},{"arcs":[[[1085,-1067,-931,-443,-836]],[[-615,-480,-513,-1029,-902,-829,-837]]],"type":"MultiPolygon","properties":{"n":"Sheikhupur (133)","c":29274,"d":"Kapurthala","s":"PUNJAB"}},{"arcs":[[[-379,-794,1086,-355,1087,1088,-1080]],[[1089,1090,-970,-897,-967,-1082]]],"type":"MultiPolygon","properties":{"n":"Sheikhanwala (53)","c":29157,"d":"Kapurthala","s":"PUNJAB"}},{"arcs":[[1091,1092,-471,-853,-545]],"type":"Polygon","properties":{"n":"Sial (166)","c":29335,"d":"Kapurthala","s":"PUNJAB"}},{"arcs":[[-804,-459,-659,-493,1093]],"type":"Polygon","properties":{"n":"Sidhpur (210)","c":29300,"d":"Kapurthala","s":"PUNJAB"}},{"arcs":[[-979,-999,-977,-1032,-894,-1031,1094,-1092,-544,-527,-510]],"type":"Polygon","properties":{"n":"Sidhwan Dona (163)","c":29326,"d":"Kapurthala","s":"PUNJAB"}},{"arcs":[[-368,-583,-945,-738,1095]],"type":"Polygon","properties":{"n":"Sukhani  (217)","c":29308,"d":"Kapurthala","s":"PUNJAB"}},{"arcs":[[-767,-1044,-1056,-1010]],"type":"Polygon","properties":{"n":"Subhanpur (1)","c":29133,"d":"Kapurthala","s":"PUNJAB"}},{"arcs":[[-535,-1005,-1073,1096,-1083]],"type":"Polygon","properties":{"n":"Sukhia Nangal (108)","c":29352,"d":"Kapurthala","s":"PUNJAB"}},{"arcs":[[-584,-366,1097,-1039,-942,-946]],"type":"Polygon","properties":{"n":"Sunranwala (214)","c":29305,"d":"Kapurthala","s":"PUNJAB"}},{"arcs":[[-1087,-793,-882,-949,-356]],"type":"Polygon","properties":{"n":"Surakhpur (65)","c":29190,"d":"Kapurthala","s":"PUNJAB"}},{"arcs":[[-769,-1012,-1059,-717,-922,-993]],"type":"Polygon","properties":{"n":"Tajpur (109)","c":29120,"d":"Kapurthala","s":"PUNJAB"}},{"arcs":[[-517,-1038,-586,-747]],"type":"Polygon","properties":{"n":"Tayabpur (47)","c":29185,"d":"Kapurthala","s":"PUNJAB"}},{"arcs":[[-1081,-1089,1098,-1090]],"type":"Polygon","properties":{"n":"Talwandi Rajputan (61)","c":29160,"d":"Kapurthala","s":"PUNJAB"}},{"arcs":[[-1048,1099,-936,1100]],"type":"Polygon","properties":{"n":"Talwandi Bakha (194)","c":29236,"d":"Kapurthala","s":"PUNJAB"}},{"arcs":[[-911,-1068,-1086,-835,1101]],"type":"Polygon","properties":{"n":"Talwandi Mehma (150)","c":29245,"d":"Kapurthala","s":"PUNJAB"}},{"arcs":[[-985,-840,-601,-476,-843,-847,1102,-822]],"type":"Polygon","properties":{"n":"Talwandi Pain (114)","c":29341,"d":"Kapurthala","s":"PUNJAB"}},{"arcs":[[-1099,-1088,-354,-360,-971,-1091]],"type":"Polygon","properties":{"n":"Tarkhanawali (60)","c":29156,"d":"Kapurthala","s":"PUNJAB"}},{"arcs":[[-645,-524,1103,-1021,-887,-775,-540,-1060,-1034]],"type":"Polygon","properties":{"n":"Jhal Thikriwala (13)","c":29171,"d":"Kapurthala","s":"PUNJAB"}},{"arcs":[[-523,-1022,-1104]],"type":"Polygon","properties":{"n":"Theh Kanjla (12)","c":29173,"d":"Kapurthala","s":"PUNJAB"}},{"arcs":[[-1030,-428,-928,1104,-472,-1093,-1095]],"type":"Polygon","properties":{"n":"Thigli (169)","c":29334,"d":"Kapurthala","s":"PUNJAB"}},{"arcs":[[-473,-1105,-927,-857,1105,1106,-940]],"type":"Polygon","properties":{"n":"Toganwala (168)","c":29337,"d":"Kapurthala","s":"PUNJAB"}},{"arcs":[[-959,-955,1107,-759]],"type":"Polygon","properties":{"n":"Tukra No.3 (35)","c":29151,"d":"Kapurthala","s":"PUNJAB"}},{"arcs":[[-880,-865,-996,-700,-875,-1064,-981,-1070]],"type":"Polygon","properties":{"n":"Ucha (85)","c":29205,"d":"Kapurthala","s":"PUNJAB"}},{"arcs":[[-1100,-1047,1108,-665,-639,-691,-937]],"type":"Polygon","properties":{"n":"Wadala Kalan (193)","c":29240,"d":"Kapurthala","s":"PUNJAB"}},{"arcs":[[1109,-1062,-784,-662,-1109,-1046]],"type":"Polygon","properties":{"n":"Wadala Khurd (201)","c":29239,"d":"Kapurthala","s":"PUNJAB"}},{"arcs":[[-874,-507,-1036,-808]],"type":"Polygon","properties":{"n":"Waryah  Dona (161)","c":29266,"d":"Kapurthala","s":"PUNJAB"}},{"arcs":[[-505,-695,-787,-969,-462,-953]],"type":"Polygon","properties":{"n":"Mand Jatike (56)","c":29162,"d":"Kapurthala","s":"PUNJAB"}},{"arcs":[[1110,1111,1112,1113,1114,1115]],"type":"Polygon","properties":{"n":"Akalgarh (56)","c":29619,"d":"Kapurthala","s":"PUNJAB"}},{"arcs":[[1116,1117,1118,1119,1120,1121,1122]],"type":"Polygon","properties":{"n":"Atholi (94)","c":29660,"d":"Kapurthala","s":"PUNJAB"}},{"arcs":[[1123,1124,1125,1126,1127,1128,1129,1130,1131]],"type":"Polygon","properties":{"n":"Bir Dhandoli (48)","c":29604,"d":"Kapurthala","s":"PUNJAB"}},{"arcs":[[1132,1133,1134,1135,-1113]],"type":"Polygon","properties":{"n":"Bir Pwahad (67)","c":29620,"d":"Kapurthala","s":"PUNJAB"}},{"arcs":[[1136,1137,1138,1139,1140]],"type":"Polygon","properties":{"n":"Babeli  (6)","c":29601,"d":"Kapurthala","s":"PUNJAB"}},{"arcs":[[1141,1142]],"type":"Polygon","properties":{"n":"Balaloan (36)","c":29610,"d":"Kapurthala","s":"PUNJAB"}},{"arcs":[[1143,1144,1145,1146]],"type":"Polygon","properties":{"n":"Barn (77)","c":29651,"d":"Kapurthala","s":"PUNJAB"}},{"arcs":[[1147,1148,1149,1150,-1137,1151,1152]],"type":"Polygon","properties":{"n":"Bhabiana (7)","c":29599,"d":"Kapurthala","s":"PUNJAB"}},{"arcs":[[1153,1154,1155,1156,1157,1158,1159]],"type":"Polygon","properties":{"n":"Bhagana (21)","c":29575,"d":"Kapurthala","s":"PUNJAB"}},{"arcs":[[-1146,1160,1161,1162,1163]],"type":"Polygon","properties":{"n":"Bhagwan Pur  (80)","c":29647,"d":"Kapurthala","s":"PUNJAB"}},{"arcs":[[1164,1165,1166,1167]],"type":"Polygon","properties":{"n":"Bhakhriana (1)","c":29642,"d":"Kapurthala","s":"PUNJAB"}},{"arcs":[[1168,1169,1170,1171,1172,1173,1174,1175,1176,1177,1178]],"type":"Polygon","properties":{"n":"Bhanoki  (107)","c":29671,"d":"Kapurthala","s":"PUNJAB"}},{"arcs":[[1179,1180,1181,1182]],"type":"Polygon","properties":{"n":"Bishanpur (71)","c":29614,"d":"Kapurthala","s":"PUNJAB"}},{"arcs":[[-1135,1183,1184,1185,1186]],"type":"Polygon","properties":{"n":"Bhullarai (65)","c":29623,"d":"Kapurthala","s":"PUNJAB"}},{"arcs":[[1187,1188]],"type":"Polygon","properties":{"n":"Bir Khurampur (15)","c":29586,"d":"Kapurthala","s":"PUNJAB"}},{"arcs":[[1189,1190]],"type":"Polygon","properties":{"n":"Bohani    (4)","c":29641,"d":"Kapurthala","s":"PUNJAB"}},{"arcs":[[1191,1192,1193,1194,1195]],"type":"Polygon","properties":{"n":"Brahampur (31)","c":29592,"d":"Kapurthala","s":"PUNJAB"}},{"arcs":[[1196,1197,1198,1199]],"type":"Polygon","properties":{"n":"Chachoki (CT)","c":29684,"d":"Kapurthala","s":"PUNJAB"}},{"arcs":[[1200,1201,1202,1203,1204,1205,1206]],"type":"Polygon","properties":{"n":"Chaheru  (83)","c":29645,"d":"Kapurthala","s":"PUNJAB"}},{"arcs":[[1207,1208,-1192,1209]],"type":"Polygon","properties":{"n":"Chair (32)","c":29593,"d":"Kapurthala","s":"PUNJAB"}},{"arcs":[[1210,1211,-1178]],"type":"Polygon","properties":{"n":" ","c":0,"d":"Kapurthala","s":"PUNJAB"}},{"arcs":[[1212,1213,1214,1215]],"type":"Polygon","properties":{"n":"Chak Hakim (75)","c":29654,"d":"Kapurthala","s":"PUNJAB"}},{"arcs":[[1216,-1115,1217,1218,1219,1220,1221]],"type":"Polygon","properties":{"n":"Chak Prema (53)","c":29626,"d":"Kapurthala","s":"PUNJAB"}},{"arcs":[[1222,1223,1224,1225,1226,1227]],"type":"Polygon","properties":{"n":"Drawesh Pind (110)","c":29666,"d":"Kapurthala","s":"PUNJAB"}},{"arcs":[[1228,1229,-1111,1230]],"type":"Polygon","properties":{"n":"Dewa Singhwala (40)","c":29618,"d":"Kapurthala","s":"PUNJAB"}},{"arcs":[[1231,1232,-1125,1233]],"type":"Polygon","properties":{"n":"Dhandoli (50)","c":29605,"d":"Kapurthala","s":"PUNJAB"}},{"arcs":[[-1225,1234]],"type":"Polygon","properties":{"n":"Dhak Darwesh Pind (111)","c":29667,"d":"Kapurthala","s":"PUNJAB"}},{"arcs":[[1235,-1221,1236,-1126,-1233]],"type":"Polygon","properties":{"n":"Dhadde(52)","c":29627,"d":"Kapurthala","s":"PUNJAB"}},{"arcs":[[1237,1238,-1152,-1141,1239,1240]],"type":"Polygon","properties":{"n":"Domeli (8)","c":29600,"d":"Kapurthala","s":"PUNJAB"}},{"arcs":[[-1139,1241,1242,1243,1244]],"type":"Polygon","properties":{"n":"Dug (5)","c":29602,"d":"Kapurthala","s":"PUNJAB"}},{"arcs":[[1245,-1180,1246,1247]],"type":"Polygon","properties":{"n":"Fatehgarh (70)","c":29613,"d":"Kapurthala","s":"PUNJAB"}},{"arcs":[[-1159,1248]],"type":"Polygon","properties":{"n":"Galibwal (22)","c":29574,"d":"Kapurthala","s":"PUNJAB"}},{"arcs":[[1249,-1123,1250,1251,1252]],"type":"Polygon","properties":{"n":"Gandhwan (92)","c":29661,"d":"Kapurthala","s":"PUNJAB"}},{"arcs":[[-1210,-1196,1253,1254]],"type":"Polygon","properties":{"n":"Gopalpur  (30)","c":29591,"d":"Kapurthala","s":"PUNJAB"}},{"arcs":[[-1241,1255,1256]],"type":"Polygon","properties":{"n":"Gujratan (9)","c":29571,"d":"Kapurthala","s":"PUNJAB"}},{"arcs":[[-1136,-1187,1257,1258,-1219,1259,-1114]],"type":"Polygon","properties":{"n":"Gulabgarh Zagir (54)","c":29624,"d":"Kapurthala","s":"PUNJAB"}},{"arcs":[[1260,-1148,1261]],"type":"Polygon","properties":{"n":"Gulabgarh Jattan (12)","c":29582,"d":"Kapurthala","s":"PUNJAB"}},{"arcs":[[1262,1263,-1185]],"type":"Polygon","properties":{"n":"Hajipur (62)","c":29622,"d":"Kapurthala","s":"PUNJAB"}},{"arcs":[[1264,1265,-1179,1266,-1118,1267]],"type":"Polygon","properties":{"n":" ","c":0,"d":"Kapurthala","s":"PUNJAB"}},{"arcs":[[1268,1269,1270,-1203,1271]],"type":"Polygon","properties":{"n":"Hradaspur (85)","c":29658,"d":"Kapurthala","s":"PUNJAB"}},{"arcs":[[1272,1273,1274,-1128]],"type":"Polygon","properties":{"n":"Sri Hargobindgarh  (59)","c":29635,"d":"Kapurthala","s":"PUNJAB"}},{"arcs":[[1275,1276,1277,1278,1279,-1175]],"type":"Polygon","properties":{"n":"Jagatpur Jattan (113)","c":29670,"d":"Kapurthala","s":"PUNJAB"}},{"arcs":[[1280,1281,1282,1283,-1149,-1261]],"type":"Polygon","properties":{"n":"Harbanspur (13)","c":29583,"d":"Kapurthala","s":"PUNJAB"}},{"arcs":[[1284,1285,-1129,-1275,1286,1287,1288,-1243]],"type":"Polygon","properties":{"n":"Jagpalpur (45)","c":29637,"d":"Kapurthala","s":"PUNJAB"}},{"arcs":[[1289,1290]],"type":"Polygon","properties":{"n":"Jamalpur (106)","c":29682,"d":"Kapurthala","s":"PUNJAB"}},{"arcs":[[-1211,-1177,1291,-1226,-1235,-1224,1292,1293]],"type":"Polygon","properties":{"n":"Kirpalpur (108)","c":29669,"d":"Kapurthala","s":"PUNJAB"}},{"arcs":[[1294,-1171,1295]],"type":"Polygon","properties":{"n":"Khera (101)","c":29675,"d":"Kapurthala","s":"PUNJAB"}},{"arcs":[[-1247,-1183,1296,-1133,-1112,-1230,1297]],"type":"Polygon","properties":{"n":"Khalwara (68)","c":29617,"d":"Kapurthala","s":"PUNJAB"}},{"arcs":[[1298,-1215,1299,1300,1301]],"type":"Polygon","properties":{"n":"Khangura (76)","c":29653,"d":"Kapurthala","s":"PUNJAB"}},{"arcs":[[-1237,-1220,-1259,1302,1303,-1273,-1127]],"type":"Polygon","properties":{"n":"Khati (57)","c":29630,"d":"Kapurthala","s":"PUNJAB"}},{"arcs":[[1304,-1206,1305]],"type":"Polygon","properties":{"n":"Khajurla (82)","c":29643,"d":"Kapurthala","s":"PUNJAB"}},{"arcs":[[-1174,1306,1307,1308,-1276]],"type":"Polygon","properties":{"n":"Khuni Kiar (114)","c":29676,"d":"Kapurthala","s":"PUNJAB"}},{"arcs":[[-1258,-1186,-1264,1309,-1303]],"type":"Polygon","properties":{"n":"Khurampur (63)","c":29631,"d":"Kapurthala","s":"PUNJAB"}},{"arcs":[[1310,-1302,1311,-1161,-1145]],"type":"Polygon","properties":{"n":"Kishan Pur (79)","c":29649,"d":"Kapurthala","s":"PUNJAB"}},{"arcs":[[1312,-1267]],"type":"Polygon","properties":{"n":"Kot Puransingh (97)","c":29672,"d":"Kapurthala","s":"PUNJAB"}},{"arcs":[[1313,1314,-1222,-1236,-1232,1315,1316]],"type":"Polygon","properties":{"n":"Lakhpur (42)","c":29607,"d":"Kapurthala","s":"PUNJAB"}},{"arcs":[[-1163,1317,-1207,-1305,1318,-1167,1319]],"type":"Polygon","properties":{"n":"Madhopur (81)","c":29646,"d":"Kapurthala","s":"PUNJAB"}},{"arcs":[[-1313,-1212,-1294,1320,-1119]],"type":"Polygon","properties":{"n":"Man (95)","c":29664,"d":"Kapurthala","s":"PUNJAB"}},{"arcs":[[-1271,1321,-1204]],"type":"Polygon","properties":{"n":"Maheru (84)","c":29644,"d":"Kapurthala","s":"PUNJAB"}},{"arcs":[[1322,1323,1324,1325,-1314,1326,1327,1328,1329]],"type":"Polygon","properties":{"n":"Malikpur (27)","c":29597,"d":"Kapurthala","s":"PUNJAB"}},{"arcs":[[1330,-1198,1331,-1291,1332,1333,-1307,-1173]],"type":"Polygon","properties":{"n":"Mauli (105)","c":29681,"d":"Kapurthala","s":"PUNJAB"}},{"arcs":[[-1209,1334,-1193]],"type":"Polygon","properties":{"n":"Manak (34)","c":29595,"d":"Kapurthala","s":"PUNJAB"}},{"arcs":[[1335,1336]],"type":"Polygon","properties":{"n":"Maio Patti (24)","c":29577,"d":"Kapurthala","s":"PUNJAB"}},{"arcs":[[-1214,1337,-1253,1338,1339,-1300]],"type":"Polygon","properties":{"n":"Mehat (89)","c":29656,"d":"Kapurthala","s":"PUNJAB"}},{"arcs":[[1340,1341,-1201,-1318,-1162]],"type":"Polygon","properties":{"n":"Mera (87)","c":29648,"d":"Kapurthala","s":"PUNJAB"}},{"arcs":[[1342,-1238,-1257,1343]],"type":"Polygon","properties":{"n":"Miranpur (10)","c":29572,"d":"Kapurthala","s":"PUNJAB"}},{"arcs":[[1344,1345,1346,1347,1348,1349,-1155,1350]],"type":"Polygon","properties":{"n":"Naroor (18)","c":29579,"d":"Kapurthala","s":"PUNJAB"}},{"arcs":[[1351,-1330,1352,-1346]],"type":"Polygon","properties":{"n":"Nasirabad   (26)","c":29588,"d":"Kapurthala","s":"PUNJAB"}},{"arcs":[[1353,-1268,-1117,-1250,-1338,-1213]],"type":"Polygon","properties":{"n":"Narang Shahpur (90)","c":29662,"d":"Kapurthala","s":"PUNJAB"}},{"arcs":[[-1251,-1122,1354,-1269,1355]],"type":"Polygon","properties":{"n":"Narangpur (93)","c":29659,"d":"Kapurthala","s":"PUNJAB"}},{"arcs":[[1356,-1277,-1309]],"type":"Polygon","properties":{"n":"Nihalgarh (115)","c":29677,"d":"Kapurthala","s":"PUNJAB"}},{"arcs":[[-1287,-1274,-1304,-1310,1357,-1299,-1311,-1144,1358]],"type":"Polygon","properties":{"n":"Plahi (60)","c":29634,"d":"Kapurthala","s":"PUNJAB"}},{"arcs":[[-1336,1359,-1351,-1154,1360]],"type":"Polygon","properties":{"n":"Panchhat (25)","c":29578,"d":"Kapurthala","s":"PUNJAB"}},{"arcs":[[1361,-1278,-1357,-1308,-1334]],"type":"Polygon","properties":{"n":"Parwa  (116)","c":29678,"d":"Kapurthala","s":"PUNJAB"}},{"arcs":[[-1263,-1184,-1134,-1297,-1182,1362,-1200,1363,-1296,-1170,1364,-1265,-1354,-1216,-1358]],"type":"Polygon","properties":{"n":"Phagwara (M Cl)","c":800158,"d":"Kapurthala","s":"PUNJAB"}},{"arcs":[[-1143,1365,-1248,-1298,-1229,1366,1367]],"type":"Polygon","properties":{"n":"Pandori (38)","c":29609,"d":"Kapurthala","s":"PUNJAB"}},{"arcs":[[-1188,1368,-1328,1369,-1283,1370]],"type":"Polygon","properties":{"n":"Prempur (14)","c":29587,"d":"Kapurthala","s":"PUNJAB"}},{"arcs":[[1371,-1347,-1353,-1329,-1369,-1189,-1371,-1282,1372]],"type":"Polygon","properties":{"n":"Rampur Khalian (16)","c":29584,"d":"Kapurthala","s":"PUNJAB"}},{"arcs":[[1373,-1131,1374,-1285,-1242,-1138,-1151]],"type":"Polygon","properties":{"n":"Rampur Sunran (44)","c":29603,"d":"Kapurthala","s":"PUNJAB"}},{"arcs":[[1375,-1244,-1289,1376,-1165,1377,-1190]],"type":"Polygon","properties":{"n":"Ranipur Rajputan (2)","c":29639,"d":"Kapurthala","s":"PUNJAB"}},{"arcs":[[1378,-1316,-1234,-1124]],"type":"Polygon","properties":{"n":"Rawal Pindi (49)","c":29628,"d":"Kapurthala","s":"PUNJAB"}},{"arcs":[[-1157,1379,1380,-1373,-1281,-1262,-1153,-1239,-1343,1381]],"type":"Polygon","properties":{"n":"Rehana Jattan  (11)","c":29573,"d":"Kapurthala","s":"PUNJAB"}},{"arcs":[[-1377,-1288,-1359,-1147,-1164,-1320,-1166]],"type":"Polygon","properties":{"n":"Ranipur Kamboan (3)","c":29640,"d":"Kapurthala","s":"PUNJAB"}},{"arcs":[[1382,-1348,-1372,-1381,1383]],"type":"Polygon","properties":{"n":"Randhirgarh (17)","c":29585,"d":"Kapurthala","s":"PUNJAB"}},{"arcs":[[-1327,-1317,-1379,-1132,-1374,-1150,-1284,-1370]],"type":"Polygon","properties":{"n":"Sahni (43)","c":29598,"d":"Kapurthala","s":"PUNJAB"}},{"arcs":[[1384,-1367,-1231,-1116,-1217,-1315,-1326]],"type":"Polygon","properties":{"n":"Sangatpur (41)","c":29608,"d":"Kapurthala","s":"PUNJAB"}},{"arcs":[[1385,-1339,-1252,-1356,-1272,-1202,-1342]],"type":"Polygon","properties":{"n":"Saprore (86)","c":29657,"d":"Kapurthala","s":"PUNJAB"}},{"arcs":[[-1130,-1286,-1375]],"type":"Polygon","properties":{"n":"Sikri (47)","c":29636,"d":"Kapurthala","s":"PUNJAB"}},{"arcs":[[-1321,-1293,-1223,1386,-1120]],"type":"Polygon","properties":{"n":"Sunran Rajputan  (109)","c":29665,"d":"Kapurthala","s":"PUNJAB"}},{"arcs":[[-1350,1387,-1384,-1380,-1156]],"type":"Polygon","properties":{"n":"Tanda Bhagana  (20)","c":29581,"d":"Kapurthala","s":"PUNJAB"}},{"arcs":[[-1383,-1388,-1349]],"type":"Polygon","properties":{"n":"Tanda Naroor    (19)","c":29580,"d":"Kapurthala","s":"PUNJAB"}},{"arcs":[[-1169,-1266,-1365]],"type":"Polygon","properties":{"n":"Thakar  Ki  (99)","c":29673,"d":"Kapurthala","s":"PUNJAB"}},{"arcs":[[-1280,1388,-1227,-1292,-1176]],"type":"Polygon","properties":{"n":"Ucha Pind  (112)","c":29668,"d":"Kapurthala","s":"PUNJAB"}},{"arcs":[[-1254,-1195,1389,-1324,1390]],"type":"Polygon","properties":{"n":"Wahid (29)","c":29590,"d":"Kapurthala","s":"PUNJAB"}},{"arcs":[[-1260,-1218]],"type":"Polygon","properties":{"n":"Wariah (55)","c":29625,"d":"Kapurthala","s":"PUNJAB"}},{"arcs":[[1391,1392,1393,1394]],"type":"Polygon","properties":{"n":"Alam Khanwala  (94)","c":29387,"d":"Kapurthala","s":"PUNJAB"}},{"arcs":[[1395,1396,1397,1398,1399,1400,1401,1402,1403,1404]],"type":"Polygon","properties":{"n":"Ahli Kalan (177)","c":29533,"d":"Kapurthala","s":"PUNJAB"}},{"arcs":[[1405,1406,1407,1408,1409,1410,-1402]],"type":"Polygon","properties":{"n":"Ahli Khurd ( 187)","c":29534,"d":"Kapurthala","s":"PUNJAB"}},{"arcs":[[1411,1412,1413,-1400,1414,1415,1416]],"type":"Polygon","properties":{"n":"Alluwal (157)","c":29524,"d":"Kapurthala","s":"PUNJAB"}},{"arcs":[[1417,1418,1419,1420,1421]],"type":"Polygon","properties":{"n":"Akalpur (166)","c":29447,"d":"Kapurthala","s":"PUNJAB"}},{"arcs":[[1422,1423,1424,1425,1426,1427]],"type":"Polygon","properties":{"n":"Alahdad Chak (138)","c":29476,"d":"Kapurthala","s":"PUNJAB"}},{"arcs":[[1428,1429,1430,1431,1432,1433]],"type":"Polygon","properties":{"n":"Allahditta  (3)","c":29495,"d":"Kapurthala","s":"PUNJAB"}},{"arcs":[[1434,1435,1436,1437,1438]],"type":"Polygon","properties":{"n":"Amanipur  (41)","c":29406,"d":"Kapurthala","s":"PUNJAB"}},{"arcs":[[1439,1440,1441,1442,1443,1444]],"type":"Polygon","properties":{"n":"Amarjitpur  (22)","c":29509,"d":"Kapurthala","s":"PUNJAB"}},{"arcs":[[-399,-398,1445,1446,-1000]],"type":"Polygon","properties":{"n":"Amritpur  (68)","c":29377,"d":"Kapurthala","s":"PUNJAB"}},{"arcs":[[1447,1448,1449,1450,1451,-1408]],"type":"Polygon","properties":{"n":"Indresa (188)","c":29547,"d":"Kapurthala","s":"PUNJAB"}},{"arcs":[[1452,-1074,-988,-826,1453,1454,1455,1456,1457]],"type":"Polygon","properties":{"n":"Boolpur  (47)","c":29359,"d":"Kapurthala","s":"PUNJAB"}},{"arcs":[[1458,1459,1460,-394,1461]],"type":"Polygon","properties":{"n":"Burewal (57)","c":29370,"d":"Kapurthala","s":"PUNJAB"}},{"arcs":[[-1461,1462,1463,-395]],"type":"Polygon","properties":{"n":"Baja (58)","c":29376,"d":"Kapurthala","s":"PUNJAB"}},{"arcs":[[-1452,1464,1465,-1409]],"type":"Polygon","properties":{"n":"Bakarke (198)","c":29551,"d":"Kapurthala","s":"PUNJAB"}},{"arcs":[[1466,1467,1468,1469,1470]],"type":"Polygon","properties":{"n":"Baoopur Jadid (107)","c":29442,"d":"Kapurthala","s":"PUNJAB"}},{"arcs":[[1471,1472,1473,1474,-1468]],"type":"Polygon","properties":{"n":"Baoopur Kadim, (106)","c":29451,"d":"Kapurthala","s":"PUNJAB"}},{"arcs":[[1475,1476,1477,1478]],"type":"Polygon","properties":{"n":"Bhim, Jadid (162)","c":29458,"d":"Kapurthala","s":"PUNJAB"}},{"arcs":[[1479,1480,1481,1482,1483,1484]],"type":"Polygon","properties":{"n":"Bhago Arain  (144)","c":29472,"d":"Kapurthala","s":"PUNJAB"}},{"arcs":[[1485,1486,1487,-1412,1488,1489,1490]],"type":"Polygon","properties":{"n":"Bhagobudha (153)","c":29467,"d":"Kapurthala","s":"PUNJAB"}},{"arcs":[[-1471,1491,1492,1493]],"type":"Polygon","properties":{"n":"Bhaini Bahadur (93)","c":29441,"d":"Kapurthala","s":"PUNJAB"}},{"arcs":[[1494,1495,1496,1497,1498,1499,-1449,1500]],"type":"Polygon","properties":{"n":"Bharowana (186)","c":29545,"d":"Kapurthala","s":"PUNJAB"}},{"arcs":[[-1433,1501,1502,1503,1504,1505,1506]],"type":"Polygon","properties":{"n":"Bhaur (5)","c":29490,"d":"Kapurthala","s":"PUNJAB"}},{"arcs":[[1507,-1438,1508,1509,1510]],"type":"Polygon","properties":{"n":"Bidhipur (40)","c":29405,"d":"Kapurthala","s":"PUNJAB"}},{"arcs":[[1511,1512,1513]],"type":"Polygon","properties":{"n":"Bishanpur (211)","c":29563,"d":"Kapurthala","s":"PUNJAB"}},{"arcs":[[1514,1515,1516,-1485,1517,-1486,1518,1519,1520,1521]],"type":"Polygon","properties":{"n":"Busowal (143)","c":29469,"d":"Kapurthala","s":"PUNJAB"}},{"arcs":[[1522,1523,1524,-1505]],"type":"Polygon","properties":{"n":"Chakkotla (6)","c":29487,"d":"Kapurthala","s":"PUNJAB"}},{"arcs":[[-1075,-1453,1525,1526]],"type":"Polygon","properties":{"n":"Chak Todarwal (49)","c":29357,"d":"Kapurthala","s":"PUNJAB"}},{"arcs":[[1527,1528,1529,1530,1531,1532]],"type":"Polygon","properties":{"n":"Choladha (100)","c":29439,"d":"Kapurthala","s":"PUNJAB"}},{"arcs":[[1533,1534,-1495,1535,1536]],"type":"Polygon","properties":{"n":"Chananwindi (183)","c":29538,"d":"Kapurthala","s":"PUNJAB"}},{"arcs":[[1537,1538,1539,-706]],"type":"Polygon","properties":{"n":"Dandupur (54)","c":29362,"d":"Kapurthala","s":"PUNJAB"}},{"arcs":[[-705,1540,-703,1541,1542,1543,1544]],"type":"Polygon","properties":{"n":"Dariewal  (52)","c":29361,"d":"Kapurthala","s":"PUNJAB"}},{"arcs":[[-1437,1545,1546,1547,1548,1549,1550,1551,-1509]],"type":"Polygon","properties":{"n":"Daula (38)","c":29404,"d":"Kapurthala","s":"PUNJAB"}},{"arcs":[[1552,1553,-1424,1554,1555]],"type":"Polygon","properties":{"n":"Derasaidan (134)","c":29482,"d":"Kapurthala","s":"PUNJAB"}},{"arcs":[[1556,1557,1558,-1512,1559,1560]],"type":"Polygon","properties":{"n":"Dewa Singhwala (213)","c":29565,"d":"Kapurthala","s":"PUNJAB"}},{"arcs":[[1561,1562,1563,1564,1565]],"type":"Polygon","properties":{"n":"Depewal (24)","c":29513,"d":"Kapurthala","s":"PUNJAB"}},{"arcs":[[1566,-1533,1567,-1494,1568,1569]],"type":"Polygon","properties":{"n":"Doda Sodagar (91)","c":29389,"d":"Kapurthala","s":"PUNJAB"}},{"arcs":[[1570,-1506,-1525,1571,1572,1573,-320]],"type":"Polygon","properties":{"n":"Dadwindi (32)","c":29411,"d":"Kapurthala","s":"PUNJAB"}},{"arcs":[[1574,1575,1576,1577,1578]],"type":"Polygon","properties":{"n":"Dalla (21)","c":29506,"d":"Kapurthala","s":"PUNJAB"}},{"arcs":[[1579,1580,1581]],"type":"Polygon","properties":{"n":"Fateh Ali Khanwala (75)","c":29383,"d":"Kapurthala","s":"PUNJAB"}},{"arcs":[[-1465,-1451,1582,1583,1584,1585]],"type":"Polygon","properties":{"n":"Fatehwala (197)","c":29550,"d":"Kapurthala","s":"PUNJAB"}},{"arcs":[[1586,-1520,1587,1588,1589]],"type":"Polygon","properties":{"n":"Fattowal  (113)","c":29468,"d":"Kapurthala","s":"PUNJAB"}},{"arcs":[[-1410,-1466,-1586,1590,1591,1592]],"type":"Polygon","properties":{"n":"Gamewal (199)","c":29553,"d":"Kapurthala","s":"PUNJAB"}},{"arcs":[[1593,1594,1595]],"type":"Polygon","properties":{"n":"Gatta Dalel (79)","c":34264,"d":"Kapurthala","s":"PUNJAB"}},{"arcs":[[1596,1597,1598,1599]],"type":"Polygon","properties":{"n":"Gatta Paho Windian (209)","c":29566,"d":"Kapurthala","s":"PUNJAB"}},{"arcs":[[1600,1601,1602,-1555,-1423,1603,1604,1605]],"type":"Polygon","properties":{"n":"Gajipur (133)","c":29480,"d":"Kapurthala","s":"PUNJAB"}},{"arcs":[[-1443,1606,-1566,1607,-1553,1608,1609]],"type":"Polygon","properties":{"n":"Gill (25)","c":29512,"d":"Kapurthala","s":"PUNJAB"}},{"arcs":[[-855,1610,-1429,1611,1612]],"type":"Polygon","properties":{"n":"Gobindgarh (2)","c":29494,"d":"Kapurthala","s":"PUNJAB"}},{"arcs":[[1613,1614,1615,1616,1617]],"type":"Polygon","properties":{"n":"Gudda (201)","c":29556,"d":"Kapurthala","s":"PUNJAB"}},{"arcs":[[-1519,-1491,1618,1619,1620,1621,1622,-1588]],"type":"Polygon","properties":{"n":"Hazipur (154)","c":29456,"d":"Kapurthala","s":"PUNJAB"}},{"arcs":[[-1596,1623,1624,1625]],"type":"Polygon","properties":{"n":"Hardo Jand (78)","c":34271,"d":"Kapurthala","s":"PUNJAB"}},{"arcs":[[1626,1627,-1602,1628]],"type":"Polygon","properties":{"n":"Haibatpur (30)","c":29414,"d":"Kapurthala","s":"PUNJAB"}},{"arcs":[[1629,1630,1631,-1627,1632,1633,1634]],"type":"Polygon","properties":{"n":"Haibatpur (30)","c":29414,"d":"Kapurthala","s":"PUNJAB"}},{"arcs":[[1635,-1396,1636,1637,1638,1639]],"type":"Polygon","properties":{"n":"Hazara (173)","c":29527,"d":"Kapurthala","s":"PUNJAB"}},{"arcs":[[1640,1641,1642,-1397,-1636,1643]],"type":"Polygon","properties":{"n":"Hussainpur Bulle (178)","c":29526,"d":"Kapurthala","s":"PUNJAB"}},{"arcs":[[1644,1645,1646,1647,1648,1649,1650]],"type":"Polygon","properties":{"n":"Hussainpur Dulowal (64)","c":29371,"d":"Kapurthala","s":"PUNJAB"}},{"arcs":[[1651,1652,1653]],"type":"Polygon","properties":{"n":"Haidrabad Dona (17)","c":29503,"d":"Kapurthala","s":"PUNJAB"}},{"arcs":[[1654,1655,1656,1657,1658]],"type":"Polygon","properties":{"n":"Jabo Sudhar (119)","c":29475,"d":"Kapurthala","s":"PUNJAB"}},{"arcs":[[-1585,1659,-1614,1660,1661,-1591]],"type":"Polygon","properties":{"n":"Jamewal (196)","c":29554,"d":"Kapurthala","s":"PUNJAB"}},{"arcs":[[1662,1663,1664,1665,-1455]],"type":"Polygon","properties":{"n":"Jhalleiwala (29)","c":29412,"d":"Kapurthala","s":"PUNJAB"}},{"arcs":[[1666,1667,1668,-1482,1669]],"type":"Polygon","properties":{"n":"Jabbowal (147)","c":29518,"d":"Kapurthala","s":"PUNJAB"}},{"arcs":[[1670,1671,-1651,1672,-1463]],"type":"Polygon","properties":{"n":"Jagnaik (65)","c":29374,"d":"Kapurthala","s":"PUNJAB"}},{"arcs":[[1673,-1573,1674,1675,-1630,1676]],"type":"Polygon","properties":{"n":"Jainpur (31)","c":29413,"d":"Kapurthala","s":"PUNJAB"}},{"arcs":[[-1625,1677,1678,-1615,-1660]],"type":"Polygon","properties":{"n":"Jhand (195)","c":29548,"d":"Kapurthala","s":"PUNJAB"}},{"arcs":[[1679,1680,-1496,-1535]],"type":"Polygon","properties":{"n":"Jhugian Gamun (184)","c":29539,"d":"Kapurthala","s":"PUNJAB"}},{"arcs":[[-1676,1681,-1631]],"type":"Polygon","properties":{"n":"Jhalleiwala (29)","c":29412,"d":"Kapurthala","s":"PUNJAB"}},{"arcs":[[1682,1683,-1529,1684]],"type":"Polygon","properties":{"n":"Jhanduwala Kamboan (86)","c":29433,"d":"Kapurthala","s":"PUNJAB"}},{"arcs":[[1685,-1521,-1587,1686,1687]],"type":"Polygon","properties":{"n":"Jhugian Bandu (114)","c":29430,"d":"Kapurthala","s":"PUNJAB"}},{"arcs":[[1688,-824,1689,1690,-1435,1691,-1664]],"type":"Polygon","properties":{"n":"Kalru (43)","c":29409,"d":"Kapurthala","s":"PUNJAB"}},{"arcs":[[-1545,1692,-1538]],"type":"Polygon","properties":{"n":"Kalubhatia  (53)","c":29363,"d":"Kapurthala","s":"PUNJAB"}},{"arcs":[[-1684,1693,1694,1695,1696,-1530]],"type":"Polygon","properties":{"n":"Nabipur (104)","c":29434,"d":"Kapurthala","s":"PUNJAB"}},{"arcs":[[1697,1698,-1641,1699,1700]],"type":"Polygon","properties":{"n":"Kabirpur (159)","c":29464,"d":"Kapurthala","s":"PUNJAB"}},{"arcs":[[-941,-1107,1701,-1612,-1434,-1507,-1571,-319]],"type":"Polygon","properties":{"n":"Kamalpur (4)","c":29492,"d":"Kapurthala","s":"PUNJAB"}},{"arcs":[[-1444,-1610,1702,1703]],"type":"Polygon","properties":{"n":"Karamjitpur (26)","c":29511,"d":"Kapurthala","s":"PUNJAB"}},{"arcs":[[1704,1705,-1557,1706,1707]],"type":"Polygon","properties":{"n":"Khara (207)","c":29567,"d":"Kapurthala","s":"PUNJAB"}},{"arcs":[[1708,1709,1710]],"type":"Polygon","properties":{"n":" ","c":0,"d":"Kapurthala","s":"PUNJAB"}},{"arcs":[[1711,1712,1713,-1580]],"type":"Polygon","properties":{"n":"Khijarpur (74)","c":29384,"d":"Kapurthala","s":"PUNJAB"}},{"arcs":[[1714,1715,1716,-1547,1717]],"type":"Polygon","properties":{"n":"Khokhar Kadim Jadid (36)","c":29420,"d":"Kapurthala","s":"PUNJAB"}},{"arcs":[[-1658,1718,1719,1720,1721]],"type":"Polygon","properties":{"n":"Khurd  (120)","c":29426,"d":"Kapurthala","s":"PUNJAB"}},{"arcs":[[1722,-1477,1723,1724,1725,1726]],"type":"Polygon","properties":{"n":"Kishanpur Ghurka (168)","c":29461,"d":"Kapurthala","s":"PUNJAB"}},{"arcs":[[-1499,1727,1728,1729,1730]],"type":"Polygon","properties":{"n":"Kutabpur (190)","c":29544,"d":"Kapurthala","s":"PUNJAB"}},{"arcs":[[1731,1732,-1522,-1686,1733]],"type":"Polygon","properties":{"n":"Ladwal (116)","c":29429,"d":"Kapurthala","s":"PUNJAB"}},{"arcs":[[-1431,1734,1735,1736,1737,1738]],"type":"Polygon","properties":{"n":"Latianwala (9)","c":29496,"d":"Kapurthala","s":"PUNJAB"}},{"arcs":[[-1665,-1692,-1439,-1508,1739]],"type":"Polygon","properties":{"n":" ","c":0,"d":"Kapurthala","s":"PUNJAB"}},{"arcs":[[1740,-1687,-1590,1741,-1711,1742,-1695]],"type":"Polygon","properties":{"n":"Lakh Waryah  (105)","c":29435,"d":"Kapurthala","s":"PUNJAB"}},{"arcs":[[-1717,1743,1744,-1548]],"type":"Polygon","properties":{"n":"Lau (37)","c":29418,"d":"Kapurthala","s":"PUNJAB"}},{"arcs":[[-1490,-1698,-1619]],"type":"Polygon","properties":{"n":"Lodhiwal (156)","c":29466,"d":"Kapurthala","s":"PUNJAB"}},{"arcs":[[1745,-1575,1746]],"type":"Polygon","properties":{"n":"Miranpur (19)","c":29505,"d":"Kapurthala","s":"PUNJAB"}},{"arcs":[[1747,-1427,1748,1749,1750,-1656,1751]],"type":"Polygon","properties":{"n":"Machhi Jowa (141)","c":29474,"d":"Kapurthala","s":"PUNJAB"}},{"arcs":[[-1639,1752,1753,1754]],"type":"Polygon","properties":{"n":"Mundi (170)","c":29531,"d":"Kapurthala","s":"PUNJAB"}},{"arcs":[[1755,1756,-1440,1757]],"type":"Polygon","properties":{"n":"Maniala (14)","c":29500,"d":"Kapurthala","s":"PUNJAB"}},{"arcs":[[-1403,-1411,-1593,1758,1759,-1760,1760]],"type":"Polygon","properties":{"n":"Mand Ahli Kalan  (176)","c":29552,"d":"Kapurthala","s":"PUNJAB"}},{"arcs":[[-1500,-1731,1761,-1583,-1450]],"type":"Polygon","properties":{"n":"Mand Indresa (189)","c":29546,"d":"Kapurthala","s":"PUNJAB"}},{"arcs":[[1762,-1478,-1723,-1419,1763,1764]],"type":"Polygon","properties":{"n":"Mand Bandu Kadim (163)","c":29449,"d":"Kapurthala","s":"PUNJAB"}},{"arcs":[[1765,-1764,-1418,1766,1767]],"type":"Polygon","properties":{"n":"Mand Bandu Jadid (165)","c":29460,"d":"Kapurthala","s":"PUNJAB"}},{"arcs":[[1768,1769,1770,-1622,1771,-1479,-1763,1772,-1768,1773,1774]],"type":"Polygon","properties":{"n":"Mand Bhim  Kadim (164)","c":29448,"d":"Kapurthala","s":"PUNJAB"}},{"arcs":[[-1765,-1766,-1773]],"type":"Polygon","properties":{"n":" ","c":0,"d":"Kapurthala","s":"PUNJAB"}},{"arcs":[[1775,-1708,1776,-1600,1777,1778,1779]],"type":"Polygon","properties":{"n":"Mand Fatehpur (208)","c":29561,"d":"Kapurthala","s":"PUNJAB"}},{"arcs":[[1780,1781,-1753,-1638]],"type":"Polygon","properties":{"n":"Mand Hazara (171)","c":29528,"d":"Kapurthala","s":"PUNJAB"}},{"arcs":[[-1637,-1405,1782,1783,-1781]],"type":"Polygon","properties":{"n":"Mand Hussainpur Bulle (174)","c":29529,"d":"Kapurthala","s":"PUNJAB"}},{"arcs":[[-1778,-1599,1784,1785]],"type":"Polygon","properties":{"n":"Mand Kirian (203)","c":29560,"d":"Kapurthala","s":"PUNJAB"}},{"arcs":[[-1415,-1399,1786]],"type":"Polygon","properties":{"n":" ","c":0,"d":"Kapurthala","s":"PUNJAB"}},{"arcs":[[-1727,1787,-1420]],"type":"Polygon","properties":{"n":"Mandi Kishanpur Ghurka (167)","c":29459,"d":"Kapurthala","s":"PUNJAB"}},{"arcs":[[-1404,-1761,1759,1788,-1783]],"type":"Polygon","properties":{"n":"Mand Dhun (175)","c":29532,"d":"Kapurthala","s":"PUNJAB"}},{"arcs":[[-1416,-1787,-1398,-1643,1789]],"type":"Polygon","properties":{"n":"Mandi Alluwal (179)","c":29525,"d":"Kapurthala","s":"PUNJAB"}},{"arcs":[[-1489,-1417,-1790,-1642,-1699]],"type":"Polygon","properties":{"n":"Mandi Kabirpur Kadim (180)","c":29535,"d":"Kapurthala","s":"PUNJAB"}},{"arcs":[[1790,1791,1792,-1647]],"type":"Polygon","properties":{"n":"Mangoopur (62)","c":29372,"d":"Kapurthala","s":"PUNJAB"}},{"arcs":[[1793,1794,-1712,-1582,1795]],"type":"Polygon","properties":{"n":"Miani Malahan (72)","c":29382,"d":"Kapurthala","s":"PUNJAB"}},{"arcs":[[1796,1797,-1718,-1546,-1436,-1691]],"type":"Polygon","properties":{"n":"Masit (42)","c":29417,"d":"Kapurthala","s":"PUNJAB"}},{"arcs":[[-1103,-846,-321,-1574,-1674,1798,-1797,-1690,-823]],"type":"Polygon","properties":{"n":"Jeorgepur Urf Merry Pur (33)","c":29410,"d":"Kapurthala","s":"PUNJAB"}},{"arcs":[[1799,1800,-1605,1801,1802,1803]],"type":"Polygon","properties":{"n":"Mewa Singhwala (140)","c":29484,"d":"Kapurthala","s":"PUNJAB"}},{"arcs":[[1804,-1570,1805,-1392,1806,1807]],"type":"Polygon","properties":{"n":"Maiwal (77)","c":29392,"d":"Kapurthala","s":"PUNJAB"}},{"arcs":[[1808,-1750,1809,-1516,1810]],"type":"Polygon","properties":{"n":"Miani Bahadur (142)","c":29471,"d":"Kapurthala","s":"PUNJAB"}},{"arcs":[[1811,-1472,-1467,-1568,-1532]],"type":"Polygon","properties":{"n":"Middewal (101)","c":29438,"d":"Kapurthala","s":"PUNJAB"}},{"arcs":[[-1716,1812,-1634,1813,1814,-1804,1815,1816,-1744]],"type":"Polygon","properties":{"n":"Mira (128)","c":29422,"d":"Kapurthala","s":"PUNJAB"}},{"arcs":[[-1720,1817,-1811,-1515,-1733,1818]],"type":"Polygon","properties":{"n":"Mirzapur (117)","c":29470,"d":"Kapurthala","s":"PUNJAB"}},{"arcs":[[1819,1820,-1445,-1704,1821,1822]],"type":"Polygon","properties":{"n":"Mokha (27)","c":29510,"d":"Kapurthala","s":"PUNJAB"}},{"arcs":[[-1470,1823,-1774,-1767,-1422,1824,-1492]],"type":"Polygon","properties":{"n":"Mohamadabad (95)","c":29444,"d":"Kapurthala","s":"PUNJAB"}},{"arcs":[[1825,-1769,1826]],"type":"Polygon","properties":{"n":"Mand Mubarakpur (109)","c":29454,"d":"Kapurthala","s":"PUNJAB"}},{"arcs":[[1827,-1823,1828,-1523,-1504]],"type":"Polygon","properties":{"n":"Mahablipur (7)","c":29488,"d":"Kapurthala","s":"PUNJAB"}},{"arcs":[[-1807,-1395,1829,1830]],"type":"Polygon","properties":{"n":"Muhamadali Khanwala (80)","c":29390,"d":"Kapurthala","s":"PUNJAB"}},{"arcs":[[1831,1832,-1671,-1460,1833]],"type":"Polygon","properties":{"n":"Mullan Baha (59)","c":29367,"d":"Kapurthala","s":"PUNJAB"}},{"arcs":[[-1751,-1809,-1818,-1719,-1657]],"type":"Polygon","properties":{"n":"Mullan Kala (118)","c":29478,"d":"Kapurthala","s":"PUNJAB"}},{"arcs":[[-1802,-1604,-1428,-1748,1834]],"type":"Polygon","properties":{"n":"Muketramwala  (139)","c":29477,"d":"Kapurthala","s":"PUNJAB"}},{"arcs":[[-1682,-1675,-1572,-1524,-1829,-1822,-1703,-1609,-1556,-1603,-1628,-1632]],"type":"Polygon","properties":{"n":"Randhirpur (28)","c":29486,"d":"Kapurthala","s":"PUNJAB"}},{"arcs":[[-1793,1835,1836,-1648]],"type":"Polygon","properties":{"n":"Nurowal (63)","c":29373,"d":"Kapurthala","s":"PUNJAB"}},{"arcs":[[1837,1838,-1780,1839,-1616]],"type":"Polygon","properties":{"n":"Nakki (204)","c":29558,"d":"Kapurthala","s":"PUNJAB"}},{"arcs":[[-825,-1689,-1663,-1454]],"type":"Polygon","properties":{"n":"Nasirpur (45)","c":29408,"d":"Kapurthala","s":"PUNJAB"}},{"arcs":[[1840,-1738,1841,-1820,-1828,-1503]],"type":"Polygon","properties":{"n":"Nasirewal (11)","c":29489,"d":"Kapurthala","s":"PUNJAB"}},{"arcs":[[-707,-1540,1842,-1834,-1459,1843,-1002]],"type":"Polygon","properties":{"n":"Nathupur (55)","c":29368,"d":"Kapurthala","s":"PUNJAB"}},{"arcs":[[-1558,-1706,1844]],"type":"Polygon","properties":{"n":"Nihalpur (215)","c":29569,"d":"Kapurthala","s":"PUNJAB"}},{"arcs":[[-1551,1845]],"type":"Polygon","properties":{"n":"Paman (39)","c":29419,"d":"Kapurthala","s":"PUNJAB"}},{"arcs":[[1846,1847,1848,-1685,-1528,-1567,-1805,1849]],"type":"Polygon","properties":{"n":"Paramjitpur (85)","c":29427,"d":"Kapurthala","s":"PUNJAB"}},{"arcs":[[-1473,-1812,-1531,-1697]],"type":"Polygon","properties":{"n":"Passan Kadim (103)","c":29436,"d":"Kapurthala","s":"PUNJAB"}},{"arcs":[[-1620,-1701,1850]],"type":"Polygon","properties":{"n":"Patti Bhalu Bahadur (155)","c":29465,"d":"Kapurthala","s":"PUNJAB"}},{"arcs":[[-1777,-1707,-1561,1851,-1597]],"type":"Polygon","properties":{"n":"Pattiwaras (212)","c":29564,"d":"Kapurthala","s":"PUNJAB"}},{"arcs":[[1852,-1721,-1819,-1732,1853,-1849]],"type":"Polygon","properties":{"n":"Pandori Jagir (121)","c":29428,"d":"Kapurthala","s":"PUNJAB"}},{"arcs":[[1854,-1838,-1679]],"type":"Polygon","properties":{"n":"Pippal (205)","c":29557,"d":"Kapurthala","s":"PUNJAB"}},{"arcs":[[-1854,-1734,-1688,-1741,-1694,-1683]],"type":"Polygon","properties":{"n":"Pitho Rahal (115)","c":29431,"d":"Kapurthala","s":"PUNJAB"}},{"arcs":[[-1844,-1462,-393,-1003]],"type":"Polygon","properties":{"n":"Kutbewala (56)","c":29369,"d":"Kapurthala","s":"PUNJAB"}},{"arcs":[[-1669,1855,1856,1857,-1483]],"type":"Polygon","properties":{"n":"Raman (146)","c":29519,"d":"Kapurthala","s":"PUNJAB"}},{"arcs":[[1858,1859,-1594,-1729]],"type":"Polygon","properties":{"n":"Ramgarh Daleli (192)","c":29543,"d":"Kapurthala","s":"PUNJAB"}},{"arcs":[[1860,1861,1862,-1578,-1441,-1757]],"type":"Polygon","properties":{"n":"Rampur Jagir (15)","c":29501,"d":"Kapurthala","s":"PUNJAB"}},{"arcs":[[-1475,1863,-1827,-1775,-1824,-1469]],"type":"Polygon","properties":{"n":"Rampur Gaura (98)","c":29445,"d":"Kapurthala","s":"PUNJAB"}},{"arcs":[[-1653,1864,1865,1866]],"type":"Polygon","properties":{"n":"Rawal (18)","c":29504,"d":"Kapurthala","s":"PUNJAB"}},{"arcs":[[-1725,1867,-1755,1868]],"type":"Polygon","properties":{"n":"Silla (169)","c":29463,"d":"Kapurthala","s":"PUNJAB"}},{"arcs":[[-908,-1084,-1097,-1077,1869,-1542,702,-1541,704,-705,-704,-703,-702,-995,-689]],"type":"Polygon","properties":{"n":"Sabuwal (51)","c":29356,"d":"Kapurthala","s":"PUNJAB"}},{"arcs":[[-1474,-1696,-1743,-1710,1870,-1770,-1826,-1864]],"type":"Polygon","properties":{"n":"Sangra (110)","c":29452,"d":"Kapurthala","s":"PUNJAB"}},{"arcs":[[-1742,-1589,-1623,-1771,-1871,-1709]],"type":"Polygon","properties":{"n":"Shahdullahpur  (112)","c":29455,"d":"Kapurthala","s":"PUNJAB"}},{"arcs":[[-1464,-1673,-1650,1871,-1794,1872,-396]],"type":"Polygon","properties":{"n":"Safdarpur (67)","c":29375,"d":"Kapurthala","s":"PUNJAB"}},{"arcs":[[-1457,1873,-1791,-1646,1874,1875]],"type":"Polygon","properties":{"n":"Saidpur (61)","c":29365,"d":"Kapurthala","s":"PUNJAB"}},{"arcs":[[1876,1877,1878,1879]],"type":"Polygon","properties":{"n":"Salehpur (125)","c":29401,"d":"Kapurthala","s":"PUNJAB"}},{"arcs":[[-856,-1613,-1702,-1106]],"type":"Polygon","properties":{"n":"Salehpur Dona (1)","c":29493,"d":"Kapurthala","s":"PUNJAB"}},{"arcs":[[-1414,1880,1881,-1406,-1401]],"type":"Polygon","properties":{"n":"Sarupwal (181)","c":29536,"d":"Kapurthala","s":"PUNJAB"}},{"arcs":[[-1816,-1803,-1835,-1752,-1655,1882,1883,-1878,1884]],"type":"Polygon","properties":{"n":"Sarai Jattan (124)","c":29423,"d":"Kapurthala","s":"PUNJAB"}},{"arcs":[[-1745,-1817,-1885,-1877,1885,-1549]],"type":"Polygon","properties":{"n":"Sawal (126)","c":29402,"d":"Kapurthala","s":"PUNJAB"}},{"arcs":[[-1739,-1841,-1502,-1432]],"type":"Polygon","properties":{"n":"Sech (8)","c":29491,"d":"Kapurthala","s":"PUNJAB"}},{"arcs":[[-1576,-1746,-1866,1886,1887]],"type":"Polygon","properties":{"n":"Shahjahanpur (20)","c":29507,"d":"Kapurthala","s":"PUNJAB"}},{"arcs":[[1888,-1536,-1501,-1448,-1407,-1882,1889]],"type":"Polygon","properties":{"n":"Sheikh Manga (182)","c":29537,"d":"Kapurthala","s":"PUNJAB"}},{"arcs":[[-1806,-1569,-1493,1890,-1393]],"type":"Polygon","properties":{"n":"Sherpur dogran (92)","c":29388,"d":"Kapurthala","s":"PUNJAB"}},{"arcs":[[-1736,1891,-1861,-1756,1892]],"type":"Polygon","properties":{"n":"Sherpur Dona (13)","c":29498,"d":"Kapurthala","s":"PUNJAB"}},{"arcs":[[1893,-1857,1894,1895,-1890,-1881,-1413,-1488]],"type":"Polygon","properties":{"n":"Sherpur Sadha (152)","c":29521,"d":"Kapurthala","s":"PUNJAB"}},{"arcs":[[-1799,-1677,-1635,-1813,-1715,-1798]],"type":"Polygon","properties":{"n":"Shikarpur (34)","c":29416,"d":"Kapurthala","s":"PUNJAB"}},{"arcs":[[-1564,1896,1897,-1667,1898]],"type":"Polygon","properties":{"n":"Shatabgarh (148)","c":29515,"d":"Kapurthala","s":"PUNJAB"}},{"arcs":[[-1618,1899,-1661]],"type":"Polygon","properties":{"n":"Mandi Singhpur (200)","c":29555,"d":"Kapurthala","s":"PUNJAB"}},{"arcs":[[-1785,-1598,-1852,-1560,-1514,1900]],"type":"Polygon","properties":{"n":"Sitapur (210)","c":29562,"d":"Kapurthala","s":"PUNJAB"}},{"arcs":[[-1668,-1898,1901,1902,-1895,-1856]],"type":"Polygon","properties":{"n":"Suchetgarh  (150)","c":29517,"d":"Kapurthala","s":"PUNJAB"}},{"arcs":[[1903,-1875,-1645,-1672,-1833]],"type":"Polygon","properties":{"n":"Sujo Kalia (60)","c":29366,"d":"Kapurthala","s":"PUNJAB"}},{"arcs":[[-1654,-1867,-1747,-1579,-1863,1904]],"type":"Polygon","properties":{"n":"Tashpur  (16)","c":29502,"d":"Kapurthala","s":"PUNJAB"}},{"arcs":[[-1621,-1851,-1700,-1644,-1640,-1868,-1724,-1476,-1772]],"type":"Polygon","properties":{"n":"Thakar Kaura  (160)","c":29462,"d":"Kapurthala","s":"PUNJAB"}},{"arcs":[[-1681,1905,1906,-1497]],"type":"Polygon","properties":{"n":"Takia (185)","c":29540,"d":"Kapurthala","s":"PUNJAB"}},{"arcs":[[-1659,-1722,-1853,-1848,1907,-1883]],"type":"Polygon","properties":{"n":"Haidrabad Bet (123)","c":29425,"d":"Kapurthala","s":"PUNJAB"}},{"arcs":[[-1649,-1837,1908,-1510,-1552,-1846,-1550,-1886,-1880,1909,-1850,-1808,-1831,1910,-1713,-1795,-1872]],"type":"Polygon","properties":{"n":"Talwandi Chaudhrian (73)","c":29400,"d":"Kapurthala","s":"PUNJAB"}},{"arcs":[[-1425,-1554,-1608,-1565,-1899,-1670,-1481,1911]],"type":"Polygon","properties":{"n":"Tarf Behbal Bahadur (136)","c":29514,"d":"Kapurthala","s":"PUNJAB"}},{"arcs":[[-1426,-1912,-1480,-1517,-1810,-1749]],"type":"Polygon","properties":{"n":"Tarf Hazi  (137)","c":29473,"d":"Kapurthala","s":"PUNJAB"}},{"arcs":[[-1693,-1544,1912,-1526,-1458,-1876,-1904,-1832,-1843,-1539]],"type":"Polygon","properties":{"n":"Thatta (48)","c":29364,"d":"Kapurthala","s":"PUNJAB"}},{"arcs":[[-1456,-1666,-1740,-1511,-1909,-1836,-1792,-1874]],"type":"Polygon","properties":{"n":"Tibba  (44)","c":29407,"d":"Kapurthala","s":"PUNJAB"}},{"arcs":[[-1907,1913,-1859,-1728,-1498]],"type":"Polygon","properties":{"n":"Tibbi (191)","c":29541,"d":"Kapurthala","s":"PUNJAB"}},{"arcs":[[-1076,-1527,-1913,-1543,-1870]],"type":"Polygon","properties":{"n":"Todarwal (50)","c":29360,"d":"Kapurthala","s":"PUNJAB"}},{"arcs":[[-1737,-1893,-1758,-1821,-1842]],"type":"Polygon","properties":{"n":"Toti (12)","c":29499,"d":"Kapurthala","s":"PUNJAB"}},{"arcs":[[-1879,-1884,-1908,-1847,-1910]],"type":"Polygon","properties":{"n":"Ucha (122)","c":29424,"d":"Kapurthala","s":"PUNJAB"}},{"arcs":[[-1577,-1888,1914,-1562,-1607,-1442]],"type":"Polygon","properties":{"n":"Ugrupur  (23)","c":29508,"d":"Kapurthala","s":"PUNJAB"}},{"arcs":[[1915,-1537,-1889,-1896,-1903]],"type":"Polygon","properties":{"n":"Watanwali (151)","c":29522,"d":"Kapurthala","s":"PUNJAB"}},{"arcs":[[1916,-1800,-1815]],"type":"Polygon","properties":{"n":"Wadhel Kadim (129)","c":29479,"d":"Kapurthala","s":"PUNJAB"}},{"arcs":[[-1633,-1629,-1601,1917,-1814]],"type":"Polygon","properties":{"n":"Wadhel Harnampur (131)","c":29485,"d":"Kapurthala","s":"PUNJAB"}},{"arcs":[[-1606,-1801,-1917,-1918]],"type":"Polygon","properties":{"n":"Wadhel Mauja  (130)","c":29483,"d":"Kapurthala","s":"PUNJAB"}},{"arcs":[[-397,-1873,1918,-1446]],"type":"Polygon","properties":{"n":"Jhugian Araian (70)","c":29379,"d":"Kapurthala","s":"PUNJAB"}},{"arcs":[[-1199,-1331,-1172,-1295,-1364]],"type":"Polygon","properties":{"n":"Nangal (102)","c":29680,"d":"Kapurthala","s":"PUNJAB"}},{"arcs":[[-1301,-1340,-1386,-1341,-1312]],"type":"Polygon","properties":{"n":"Nangal Majha (88)","c":29652,"d":"Kapurthala","s":"PUNJAB"}},{"arcs":[[-347,-371,-562]],"type":"Polygon","properties":{"n":"Kotli  (204)","c":29258,"d":"Kapurthala","s":"PUNJAB"}},{"arcs":[[-992,1919,-576,-606]],"type":"Polygon","properties":{"n":"Kotli  (89)","c":29108,"d":"Kapurthala","s":"PUNJAB"}},{"arcs":[[-912,-1102,-834,-642]],"type":"Polygon","properties":{"n":"Mansurwal Dona (149)","c":29244,"d":"Kapurthala","s":"PUNJAB"}},{"arcs":[[-1920,-991,-923,-721,-934,-672,-577]],"type":"Polygon","properties":{"n":"Mansurwal Bet (92)","c":29113,"d":"Kapurthala","s":"PUNJAB"}},{"arcs":[[-1040,-1098,-365,-1079,-435,-723,-859,-975,-872]],"type":"Polygon","properties":{"n":"Mander Dona (228)","c":29319,"d":"Kapurthala","s":"PUNJAB"}},{"arcs":[[-571,-698,-750,-1085,-1061,-1016]],"type":"Polygon","properties":{"n":"M ander Bet  (19)","c":29142,"d":"Kapurthala","s":"PUNJAB"}},{"arcs":[[-1626,-1584,-1762,-1730]],"type":"Polygon","properties":{"n":"Shahwala Nakki (194)","c":29549,"d":"Kapurthala","s":"PUNJAB"}},{"arcs":[[-1484,-1858,-1894,-1487,-1518]],"type":"Polygon","properties":{"n":"Shahwala Indresa (145)","c":29520,"d":"Kapurthala","s":"PUNJAB"}}]}}}