{"type":"Topology","arcs":[[[33756,36955],[35,-77],[-105,-88],[98,-171],[194,27],[-98,-160]],[[33880,36486],[108,-139],[82,-266],[110,-101]],[[34180,35980],[-49,-75],[-383,-27],[-357,68],[-1218,100]],[[32173,36046],[34,49],[28,601],[385,568]],[[32620,37264],[196,-143],[215,-22],[69,46],[249,-23],[161,-80],[167,15],[79,-102]],[[37215,35673],[-49,-52],[-352,-88],[-98,37],[-169,-84],[-309,-75],[-545,-67],[-71,35],[-271,-44],[49,-299],[-233,16],[42,-101],[-176,19],[-6,-92],[-285,13],[-120,-85],[-39,115],[-191,-20],[-55,205],[93,111],[-130,96]],[[34300,35313],[107,143],[181,31],[90,315],[-144,171],[-198,22],[-31,76],[-125,-91]],[[33880,36486],[248,72],[443,57],[580,7],[631,108],[713,216],[286,68]],[[36781,37014],[-57,-163],[24,-411],[49,-150],[352,-46],[-60,-128],[107,-220],[91,-71],[-72,-152]],[[53220,96337],[-20,-301],[53,-150]],[[53253,95886],[-104,-74],[-178,103],[-123,-18],[-35,-163],[-98,-48],[11,-155],[-327,-381]],[[52399,95150],[-173,-281],[-61,-167],[-165,-10]],[[52000,94692],[-48,89],[-1500,-304],[-561,176]],[[49891,94653],[63,249],[119,162],[58,375],[-46,145],[-235,396],[-396,292]],[[49454,96272],[182,426],[105,402],[-142,136],[69,247]],[[49668,97483],[640,-62],[71,228],[1056,-199],[63,18],[550,-97],[826,-83],[152,-33],[412,27],[245,-144],[-628,-406],[-190,-295],[355,-100]],[[45311,97643],[546,-156],[561,-17],[338,-35],[237,-92],[-171,-171],[184,-149],[339,-111],[15,-91],[239,-119],[272,-7],[341,-205],[122,-3],[266,-110],[283,43],[77,-98]],[[48960,96322],[-450,-82],[-44,-83],[-162,-4],[-83,-126],[63,-106],[-401,-38],[14,83],[-286,-49],[-23,88],[-390,-202],[-140,-5]],[[47058,95798],[-172,17],[-165,210],[-69,-49],[-573,17],[-352,65],[20,253],[-113,-38],[-269,5],[9,63],[-203,78],[-398,52],[-154,-13],[-247,146],[-324,73],[-423,129]],[[43625,96806],[241,157],[217,43],[256,204],[148,184],[436,114],[388,135]],[[47058,95798],[65,-47],[-202,-205],[-178,4],[100,-114],[-420,-15],[-199,-292],[-243,-13],[-5,-164],[-148,-143],[-246,-48],[-64,-79]],[[45518,94682],[-251,81],[-560,102],[-830,58],[-95,23],[-555,-7],[-549,73],[-315,5],[-856,-20],[115,229],[223,59],[50,103],[415,538],[93,290]],[[42403,96216],[283,81],[211,130],[327,115],[307,149],[94,115]],[[45518,94682],[-74,-59],[57,-139],[-72,-80],[9,-249]],[[45438,94155],[-85,6],[-250,-105],[-671,-213],[-188,191]],[[44244,94034],[-217,373],[-317,124],[-972,-226],[-454,-86],[-141,97],[-290,124],[-190,20],[-69,-200],[-151,-256],[-493,-387],[-328,-20],[-314,-200],[-17,-89]],[[40291,93308],[-160,487],[-132,11],[-107,195],[150,143],[17,372],[-252,128],[-606,-33],[-72,-62],[-292,33],[-157,-132],[-118,-512],[-182,-346],[52,-273],[-64,-234],[40,-213],[-78,-283],[56,-202],[-6,-428],[-61,-323],[72,-172],[908,-39],[375,75],[334,10],[189,109],[339,363],[99,290],[-168,326],[356,-27],[424,-70],[265,0],[160,84],[344,51]],[[42016,92636],[165,-126],[1587,-311],[-137,-373],[-57,-568],[-172,39],[-459,164],[-162,30],[-358,275],[-112,19],[-787,-22],[-670,-345],[-128,-255]],[[40726,91163],[-153,-35],[-259,-269],[-223,-100],[-341,-60],[-266,-84],[-206,-206],[-563,-172],[-213,-23],[-1478,6],[-341,-9]],[[36683,90211],[-60,38]],[[36623,90249],[-34,109],[-370,22],[-293,84],[-392,206],[-328,264],[-146,314],[-7,129],[-431,64],[278,285],[228,166],[168,78],[134,214],[216,147]],[[35646,92331],[664,216],[169,109],[321,570],[161,133],[26,292],[47,136],[216,61],[119,148],[-33,294]],[[37336,94290],[169,118],[-30,131],[157,64]],[[37632,94603],[9,132],[-278,223],[17,109],[125,96],[-142,44],[63,186],[-122,16],[3,136],[102,104]],[[37409,95649],[505,-26],[377,48],[1039,-33],[206,-41],[1185,934],[413,248],[442,29]],[[41576,96808],[76,-219],[31,-305],[137,33],[263,-167],[320,66]],[[48960,96322],[322,-6],[172,-44]],[[49891,94653],[-17,-110],[-171,-203],[-454,-327],[-182,-154],[-430,-237],[-812,-624],[-35,5]],[[47790,93003],[18,184],[-176,47],[-82,169],[-191,18],[-386,180],[-104,79],[-287,59]],[[46582,93739],[-590,180],[-439,80],[-115,156]],[[53253,95886],[69,27],[-78,144],[138,33],[168,-135],[20,77],[492,74],[168,-106],[169,3],[24,-113],[122,13],[63,-88],[222,103],[98,-151],[-141,-76],[25,-66],[284,29]],[[55096,95654],[-46,-478],[-330,-318],[-532,-59],[-508,28],[-138,55]],[[53542,94882],[-478,178],[-526,26],[-139,64]],[[56718,95268],[110,-52],[-455,-171],[-66,-68]],[[56307,94977],[-312,-23],[-177,-88],[-428,-148],[-835,-247],[-176,-78],[-875,-159],[-257,-105],[-17,-127],[97,-136],[348,82],[542,97],[182,87],[-39,67]],[[54360,94199],[279,-31],[559,36],[1545,-107],[613,-52],[290,-101],[439,-228],[407,-125],[546,-252],[-26,-295],[1266,-27]],[[60278,93017],[-365,-653],[27,-76]],[[59940,92288],[-361,14],[-448,-22]],[[59131,92280],[-301,23],[-459,-61],[-299,-77],[-474,-176],[-461,116],[-177,-49],[-196,218],[-75,27],[-680,-112],[-266,-79],[-239,-131],[-466,-484],[-425,-346],[272,-49],[422,-23],[578,-150],[87,-84],[514,-123],[14,-163],[301,-308],[-75,-63],[-246,-62],[-271,-115],[-547,-439],[-231,-87],[-159,-122]],[[55272,89361],[-402,-26],[-98,-34],[-528,-4],[-364,-130],[-408,-103],[-703,81],[-216,-8],[9,-165],[483,-43],[149,-52],[-130,-180]],[[53064,88697],[-300,-36],[-133,141],[-289,-190],[-200,-42],[-676,-222],[-295,-63],[1038,-516],[116,-108],[132,-226],[251,-247],[412,-89],[115,-149]],[[53235,86950],[-37,-150],[-238,-75],[-113,-267],[-43,-230]],[[52804,86228],[-318,70],[66,173],[-66,257],[-191,220],[-378,274],[-453,-58],[-324,-219],[-208,-99],[-457,-89],[-197,-98],[-249,13],[-39,-302],[-139,-266],[132,-307],[-35,-302],[578,17]],[[50526,85512],[45,-368],[-18,-298],[433,-49],[10,-76],[-38,-1197],[-312,30],[-1,-225],[44,-234],[-128,-94]],[[50561,83001],[-332,-180]],[[50229,82821],[-173,297],[29,216],[173,179],[-366,136],[-53,-26],[-673,-17]],[[49166,83606],[-272,40],[-102,-37],[-444,69],[-1134,115],[36,-490],[93,-744]],[[47343,82559],[-282,20],[-178,-156]],[[46883,82423],[-390,296],[-215,4],[-476,-53]],[[45802,82670],[-82,85],[61,254],[180,140],[-33,118],[-490,459],[-169,73],[-433,510],[-205,-48],[-193,39],[-119,-155],[-358,-204],[-4,-90],[-158,19]],[[43799,83870],[-625,121],[-557,182],[-564,54],[37,264],[-25,333],[66,416],[-425,-72],[-236,-137],[-358,-27],[-162,16]],[[40950,85020],[332,561],[372,502],[75,416],[0,192],[-1129,233],[-191,245],[-206,91]],[[40203,87260],[298,487],[75,225],[-545,-112],[-278,8],[57,193],[174,-17],[-40,270],[-125,115],[-471,151],[-156,-576],[-95,-139],[-307,-214],[-130,-269],[9,-306],[-98,-149],[-163,-139]],[[38408,86788],[-371,40],[-97,-19],[-575,67],[-395,88],[-416,62],[-21,65]],[[36533,87091],[147,-32],[-69,92],[44,101],[133,19],[-82,65],[200,8],[83,221],[180,92],[-150,140],[-277,173],[-495,423],[47,231],[146,307],[467,431],[127,74],[874,89],[32,474],[-831,-47],[-426,259]],[[40726,91163],[-11,-19],[1098,-109],[179,-415],[-117,-324],[-247,-139],[73,-456],[259,-40],[822,-34],[555,23],[722,-59],[209,123],[182,204],[7,292],[82,119],[-67,218],[-259,301],[-166,314]],[[44047,91162],[136,-39],[830,-56],[422,-45],[335,-77],[47,-170],[510,-137],[495,264],[439,103],[700,212]],[[47961,91217],[222,-227],[644,-244],[-19,-39]],[[48808,90707],[-201,-161],[-124,-281],[-240,-377]],[[48243,89888],[-230,-110],[-33,-96],[-216,-178],[-197,-276],[-150,-46],[-32,-640],[1429,-120],[-32,267],[77,173],[-78,199],[180,186],[-75,63],[87,197],[-70,147],[61,97],[421,161]],[[49385,89912],[443,-11],[324,18],[-30,-161],[-147,-423],[-147,-217],[1014,-115],[384,-13],[775,114],[211,17],[604,115],[398,17],[145,159],[-138,54],[14,119],[-112,141],[-336,-43],[-219,181],[-36,274],[-150,214],[-3,100],[258,56],[113,114],[-108,81]],[[52642,90703],[185,-113],[56,160],[103,64],[157,-135],[-18,170],[55,98],[240,22],[353,-36],[87,391],[77,112],[-265,-85],[-234,-32],[-59,230],[-236,187],[-148,190],[-184,83],[-322,53],[-60,-245],[-289,16],[-592,-79],[-52,-123],[-56,-333],[225,-480]],[[51665,90818],[-207,-204],[-116,97],[-12,134],[-118,-76],[-125,7],[-84,-104],[-192,23],[-194,-133],[-277,78]],[[50340,90640],[-110,448],[-7,300],[-1636,72],[142,383],[-945,34],[-459,-24],[90,-51]],[[47415,91802],[-166,37],[18,249],[-213,276],[-100,31],[36,130],[142,60],[52,137],[104,59],[169,-12],[20,142],[313,92]],[[52000,94692],[3,-389],[107,-221],[140,-70],[326,306],[249,308],[615,180],[102,76]],[[55096,95654],[284,-42],[274,-88],[-17,-93],[230,6],[96,-72],[-28,-107],[221,-56],[273,140],[289,-74]],[[47252,85352],[-14,25],[391,380],[-368,92],[-1063,-728],[-760,-244],[-1024,-346],[49,-226],[390,92],[1114,290],[406,93],[961,249],[-82,323]],[[33618,94492],[63,145],[214,-14],[170,143],[81,-50],[20,127],[-126,70],[-24,254],[-242,21],[11,197],[642,125],[8,64],[616,-85],[83,17],[228,-127],[120,-144],[-7,-113],[330,-24],[93,-118],[153,-37],[130,-182],[-7,-108],[229,-160],[-223,60],[84,-174],[231,37],[-42,497],[402,-112],[-16,149],[254,-64],[345,-133],[194,-150]],[[37336,94290],[-292,41],[-1107,-71],[-789,-133],[-152,-61],[-592,-53]],[[34404,94013],[-408,154],[-378,325]],[[56307,94977],[32,-49],[-268,-164],[-480,-114],[-72,31],[-149,-112],[-227,-29],[-41,-96],[-170,-12],[-572,-233]],[[31814,95174],[207,-19],[235,-185],[369,-144],[522,-67],[227,-89],[244,-178]],[[34404,94013],[584,-235],[328,-76],[356,-749],[-50,-81],[-159,-39]],[[35463,92833],[-192,-9],[-374,36],[-861,-27],[-714,-158],[-116,-6],[88,569],[-168,272],[-508,172],[-307,164],[-127,153],[11,264],[-187,112],[-43,122],[-157,52],[55,214],[5,252],[-153,15],[99,144]],[[42499,92808],[-483,-172]],[[40291,93308],[196,-88],[-6,-113],[154,-25],[31,-137],[287,58],[245,-80],[87,115],[208,75],[343,-21],[231,-70],[432,-214]],[[44244,94034],[-647,39],[-61,159],[-196,-47],[-6,-87],[-281,-143],[191,-110],[-125,-125],[-5,-91],[-145,83],[-240,-76],[-138,115],[-115,-47],[132,-113],[387,-67],[30,-91],[-149,-83],[-25,-194],[73,-168],[-62,-155],[179,-174],[-42,-65]],[[42999,92594],[-500,214]],[[35646,92331],[-96,191],[-5,270],[-82,41]],[[29238,93434],[-280,-180],[-390,-149],[-390,-49],[-349,-113],[-269,-13],[-339,128]],[[27221,93058],[-127,158],[18,95],[251,146],[124,113],[49,254],[220,93],[205,181],[515,221],[152,85]],[[28628,94404],[160,-189],[141,-59],[442,25],[9,-120],[-181,-238],[-9,-215],[-174,-103],[222,-71]],[[46582,93739],[-278,-100],[-350,-226],[-398,-405],[-240,-206],[-619,-132],[-170,21],[-410,-39],[-116,-69],[-161,-199],[124,-45],[31,-95],[-149,-44]],[[43846,92200],[-241,226],[-226,30],[-57,55],[-292,19],[-31,64]],[[70959,89291],[-92,-294],[-116,-34],[-9,-249],[-248,88],[-312,-428],[-191,-74],[-193,-278],[38,-88],[-150,-81],[173,-180],[-368,110],[-306,28],[-8,-48],[-345,79],[-98,103],[-46,-140],[-176,10],[-431,96]],[[68081,87911],[8,222],[293,223],[184,310],[143,-10],[161,155],[-124,59],[11,289],[49,80]],[[68806,89239],[98,199],[94,39],[55,199]],[[69053,89676],[311,-21],[345,-99],[124,100],[187,-116],[391,-33],[139,-43],[421,-14],[-12,-159]],[[68081,87911],[-95,-249]],[[67986,87662],[-445,187],[-174,31],[-122,-48],[-410,35],[-398,64],[-188,-66],[-145,54],[59,85],[-263,124],[-394,27],[24,113],[-256,3],[-20,-61],[-424,107]],[[64830,88317],[-23,118],[61,170],[-94,74],[116,379],[113,214]],[[65003,89272],[376,-61],[367,-140],[90,59]],[[65836,89130],[312,-90],[173,75],[112,111],[232,-6],[109,221],[224,5],[69,142]],[[67067,89588],[485,-62],[-9,-78],[287,-43],[74,51],[325,-51],[577,-166]],[[64186,89555],[216,-43],[229,-116],[372,-124]],[[64830,88317],[-287,-17],[-66,-182],[-116,13],[-49,-282],[-112,13],[-89,-318],[-318,55],[-227,-1],[-208,-67],[-268,-308],[-135,-38],[-266,26]],[[62689,87211],[-154,66],[-2,260],[-148,-4],[-243,174],[-106,-8],[-227,86]],[[61809,87785],[151,3],[217,81],[-69,111],[-119,-2],[51,108],[-117,44],[164,842]],[[62087,88972],[110,116],[151,20],[266,171],[591,10],[506,58],[260,154],[215,54]],[[39482,63643],[-26,-386],[-55,-395],[10,-216]],[[39411,62646],[-234,-56],[-445,56],[-14,-93],[-378,-22],[-26,-131],[-221,6],[-545,-124],[-457,-78],[-280,-24],[-11,-88],[-125,6]],[[36675,62098],[-844,90],[43,168]],[[35874,62356],[137,57],[49,114],[-151,404]],[[35909,62931],[-179,399],[-183,317],[-257,306],[15,90]],[[35305,64043],[196,17],[241,-67],[303,-19],[87,147],[749,-157],[-12,-69],[456,-89],[420,-9],[234,41],[424,-6],[-3,-49],[290,-52],[19,-75],[773,-13]],[[42559,62288],[-367,-264],[-411,-331]],[[41781,61693],[-565,-358],[-281,-105]],[[40935,61230],[-76,557],[-98,-12],[-83,173],[-128,47],[14,285],[-166,14],[-354,104],[18,117],[-615,42],[-36,89]],[[39482,63643],[450,-29]],[[39932,63614],[708,-12],[12,48],[552,-84],[465,-21],[414,-78],[383,18],[235,-94],[22,-79],[178,-76],[-198,-146],[-112,-282],[-237,-298],[205,-222]],[[40935,61230],[-482,-69],[-308,-90]],[[40145,61071],[-572,-94],[-560,-162],[-469,-105],[-557,-244],[-456,-146]],[[37531,60320],[-518,223],[-474,110],[-50,89],[126,433],[-68,5],[128,675],[0,243]],[[37531,60320],[-143,-76],[-265,-304]],[[37123,59940],[-472,114],[-655,41],[-49,-104],[-341,12],[-46,-114],[-201,-1],[-65,-95],[-365,-5],[-236,-104]],[[34693,59684],[-309,372],[-53,126],[-93,546]],[[34238,60728],[-74,209],[20,125],[204,330],[104,514],[183,448],[277,52],[402,-58],[520,8]],[[33426,60852],[-578,-5]],[[32848,60847],[-548,-8],[-348,19],[-314,57],[54,87],[-358,47],[-96,72]],[[31238,61121],[110,181],[153,93],[105,165],[219,37],[52,229],[341,-53],[162,312],[81,75]],[[32461,62160],[205,14],[43,-109],[458,-106],[240,25],[-102,-470],[89,-199],[-25,-322],[217,-74],[-160,-67]],[[46691,61712],[87,-97],[-97,-81],[175,-83],[172,8],[104,79],[120,-168],[-110,-205],[47,-257],[180,-147],[43,-350],[55,-66],[584,-473],[562,-181]],[[48613,59691],[-481,-278],[-221,-52],[66,-298],[26,-502],[250,-180],[-102,-202],[-308,-80],[-12,-927],[324,51],[277,-43]],[[48432,57180],[233,83],[555,109],[33,-35],[-13,-392],[-519,-223],[-587,-56],[2,-100],[111,-300],[447,36],[610,115],[215,-7],[548,-69]],[[50067,56341],[-361,-223],[-338,-65],[-448,-180],[47,-187],[182,-17],[536,88],[13,-130]],[[49698,55627],[-46,-125],[-571,-282],[-239,-37],[3,-231],[-99,-103],[44,-170],[237,-154],[99,-213],[-180,-173],[-145,-65],[78,-96],[151,137],[112,13],[195,-90],[326,135],[205,-86],[702,19],[322,-116]],[[50892,53990],[-19,-124],[-253,-103],[-202,-240],[-27,-163],[-283,-96],[-87,-197],[-236,-40],[-455,-123],[-217,-181],[151,11],[167,-87],[197,-28],[40,-59],[263,1],[105,-63],[309,23],[-67,-204],[41,-129],[194,-72]],[[50513,52116],[-49,-145],[133,-211],[88,18],[88,-145],[386,70],[119,-62],[316,14],[332,-26],[51,56]],[[51977,51685],[127,-72],[345,60],[121,-69],[151,23]],[[52721,51627],[46,-89],[-141,-269],[-97,-52],[487,-29],[68,-72]],[[53084,51116],[-338,-352],[36,-159],[-68,-198],[-153,-236],[59,-80],[372,-84],[79,-116]],[[53071,49891],[-82,-269],[-113,-131],[-72,-217]],[[52804,49274],[-242,-121],[-36,-294],[-146,-152],[-255,120],[-225,39]],[[51900,48866],[-183,-2],[-598,-97],[-584,78]],[[50535,48845],[350,145],[246,71],[277,-5],[460,223],[73,104],[355,39],[-457,297],[-472,224],[-511,290],[-662,47],[-133,-266],[-482,-595],[-104,-92]],[[49475,49327],[-29,178],[-164,578],[-1,258],[-61,126]],[[49220,50467],[315,86],[338,-22],[23,514],[-43,245],[-812,264]],[[49041,51554],[-5,115],[-329,18],[-131,-27],[-3,-118],[-228,25],[-44,-111],[-175,0],[-153,-172]],[[47973,51284],[-428,-37],[-168,-63],[-205,-5],[-73,-124],[-139,33],[29,109],[-107,-9],[-531,88],[-203,-17],[4,-82],[-648,-68]],[[45504,51109],[-191,488],[-255,47],[-254,152],[-179,6],[-285,-162],[-194,78],[-20,96]],[[44126,51814],[193,100]],[[44319,51914],[261,63],[123,143],[151,45],[60,121],[124,35],[-136,47],[87,98]],[[44989,52466],[853,-35],[220,-36],[795,315],[95,130],[41,269],[-330,127],[-275,188],[-168,-4],[-458,68],[-206,-212],[-154,-88]],[[45402,53188],[-2,120],[-784,-101],[-585,-29],[-418,-62],[-722,-19],[-187,-214],[43,-98],[-90,-63]],[[42657,52722],[-379,37],[-522,-4],[-439,31],[-318,-13]],[[40999,52773],[-21,491]],[[40978,53264],[427,120],[221,24],[129,101]],[[41755,53509],[359,183],[277,85],[211,-80],[-89,-177],[119,-45],[320,22],[405,130],[251,46],[208,206],[141,26],[139,187],[815,232],[72,71]],[[44983,54395],[579,40],[-47,219],[177,161],[616,45],[844,-3],[344,228],[100,760],[-161,158],[-362,458],[-135,269],[-182,1],[-301,90],[-223,-5],[-257,-77]],[[45975,56739],[-303,55],[-359,329]],[[45313,57123],[-48,109],[-172,77],[-196,16]],[[44897,57325],[298,439],[252,243],[311,520],[-389,31],[-712,-219],[-788,43],[-825,5],[88,337],[115,258],[-52,68]],[[43195,59050],[-76,125],[-23,208]],[[43096,59383],[865,-82],[358,202],[-11,245],[-315,402],[-506,44]],[[43487,60194],[-69,184],[16,160],[75,85],[240,113],[110,4],[165,211],[118,3],[99,128],[113,-1],[-182,226],[-232,8],[14,47],[-387,76]],[[43567,61438],[590,10],[63,90],[437,67],[-35,-151],[95,-133],[103,-9],[172,169],[275,-1],[-20,132],[428,12],[133,-79],[142,89],[348,-114],[168,78],[-31,125],[256,-11]],[[43487,60194],[-139,-158],[-265,-637]],[[43083,59399],[-596,16],[-767,90],[-234,-4],[-367,86],[-97,59],[-200,-12],[-15,79],[-425,-155],[-263,17]],[[40119,59575],[59,152]],[[40178,59727],[-53,174],[313,448],[-21,327],[-110,23],[140,186],[-93,-46],[-209,232]],[[41781,61693],[312,-210],[296,-54],[254,75],[248,29],[405,-75],[271,-20]],[[32848,60847],[-25,-165],[-176,-265],[-10,-146],[-208,69]],[[32429,60340],[-141,73],[-951,359],[-105,63],[-713,253]],[[30519,61088],[98,159],[258,-17],[363,-109]],[[40178,59727],[-208,13],[-147,-99],[-348,18],[-503,-14]],[[38972,59645],[-694,73],[-435,18],[-403,60],[-369,83]],[[37071,59879],[52,61]],[[32429,60340],[-32,-74],[-45,-604],[-52,-247]],[[32300,59415],[-49,-121],[-174,-137],[31,-91],[209,-187],[251,20],[55,-123],[-182,9],[12,-195],[-136,-70],[57,-170]],[[32374,58350],[-233,-23],[-153,33],[-178,-40],[-121,64],[-208,-50],[-211,-129],[-288,-64]],[[30982,58141],[-67,112],[-121,16]],[[30794,58269],[3,99],[-209,248],[-86,207],[-524,140],[-144,268],[-96,20],[-48,155],[-9,352],[-67,298]],[[29614,60056],[47,351]],[[29661,60407],[35,386],[-73,285]],[[29623,61078],[601,-16],[295,26]],[[21962,60475],[-114,-277],[-193,-275],[-74,-29],[-26,-170],[134,-264],[-63,-99]],[[21626,59361],[-801,147],[-228,-28],[-638,143],[-286,14],[-73,-38]],[[19600,59599],[-382,64],[0,92],[-216,422],[-2,236],[-55,14],[62,277],[-265,62]],[[18742,60766],[31,126],[487,43],[346,-22],[17,101],[414,-43],[118,148]],[[20155,61119],[211,-57],[381,-204],[399,-118],[330,-136],[486,-129]],[[34693,59684],[71,-166],[-104,-220],[-146,-172],[-240,-176]],[[34274,58950],[-172,74],[-88,134],[-197,-19],[-862,81],[-178,29],[-130,105],[-347,61]],[[33426,60852],[286,2],[257,94],[99,-79],[-99,-91],[269,-50]],[[29614,60056],[-1315,-120],[-341,-139],[-187,-116],[-550,-151]],[[27221,59530],[139,1162],[44,15],[0,1]],[[27404,60708],[214,39],[243,-32],[381,-96],[167,-113],[495,-28],[217,-59],[540,-12]],[[19600,59599],[-179,-346],[127,-51],[-118,-304],[-81,-89]],[[19349,58809],[-260,7],[-235,-91],[-612,65],[-162,-57],[-668,92],[15,115],[-141,23],[-232,126],[-318,77],[-437,-33],[-326,-83]],[[15973,59050],[264,253],[149,84],[137,258],[168,140],[92,208],[138,-24],[189,675],[161,4],[64,183],[257,16]],[[17592,60847],[814,-46],[336,-35]],[[53290,60033],[80,-138],[550,-153],[110,-369]],[[54030,59373],[272,-295],[170,-58],[-20,-119],[334,-107],[-283,-296],[-43,-171],[327,6],[401,170],[318,97],[176,-27],[1,-417]],[[55683,58156],[-17,-202],[-405,121],[-498,48],[-13,-70],[-180,8],[-52,-105],[-239,-40],[-134,45]],[[54145,57961],[-133,14],[41,118],[-147,-28],[-254,48],[-103,189],[-233,11],[73,96],[-159,89],[112,128],[-147,19],[-165,91],[51,76],[-78,157],[-88,-22],[-347,145],[-65,-75],[-71,147],[-143,47]],[[52289,59211],[522,47],[-6,354],[225,130],[-56,277]],[[52974,60019],[316,14]],[[43096,59383],[-13,16]],[[37071,59879],[-98,-342],[-27,-440],[18,-304],[-34,-215]],[[36930,58578],[-469,-81],[-173,-120],[-188,-318],[-111,-264],[10,-76],[-228,-11],[-627,69],[31,37],[-269,49],[-187,-20]],[[34719,57843],[-16,222],[-254,203],[-202,275],[-38,285],[65,122]],[[30794,58269],[-237,15],[-59,-53],[-279,31],[-371,-316],[-190,-99],[-131,55],[-169,-49],[-397,49],[-375,-15],[-105,-96],[-227,19]],[[28254,57810],[-30,55],[-479,18]],[[27745,57883],[-261,375],[70,630],[-164,80],[-267,223],[37,108],[-412,65]],[[26748,59364],[129,110],[344,56]],[[38972,59645],[-38,-352],[-407,-439],[-262,-596],[-172,1],[-62,-72],[-119,72],[-737,3]],[[37175,58262],[-245,316]],[[49062,59537],[-21,-131],[449,-402],[265,23]],[[49755,59027],[-98,-29],[-115,-156],[13,-127],[166,-38],[-147,-42],[201,-62],[191,-112],[-9,-165],[166,104],[-49,-137],[101,-126],[243,-19],[60,-93],[-112,-2],[91,-219]],[[50457,57804],[-584,27],[9,-41],[-656,-96],[-619,-178],[-104,-128],[-71,-208]],[[48613,59691],[442,-124],[7,-30]],[[40119,59575],[-69,-203],[-92,-3],[-113,-306],[-11,-326],[43,-264],[159,-118],[5,-71]],[[40041,58284],[-181,-48],[-101,-261],[-124,-48],[-55,-334],[34,-81],[-199,-95],[-23,-98]],[[39392,57319],[-321,0],[-107,50],[-107,-234],[-367,-23],[-182,-184],[-49,-143],[80,-60],[-57,-91]],[[38282,56634],[-89,83],[-454,-43],[-393,57],[-515,10]],[[36831,56741],[177,235],[265,439],[105,450],[-203,397]],[[43195,59050],[-115,-158],[-195,-22],[-51,50],[-200,-214],[-20,-93],[-124,-12],[-159,-233]],[[42331,58368],[-159,-48],[-194,40],[-320,-116],[-335,51],[60,119],[-89,43],[-432,-133],[-321,98],[-259,-171],[-241,33]],[[21626,59361],[264,-59],[254,-12],[106,-102],[322,-31],[32,-154],[130,-146],[98,-22],[-61,-237],[162,-131],[-32,-72],[280,-133]],[[23181,58262],[-70,-167],[91,-214],[-290,-449],[26,-197],[185,-31],[-5,-87]],[[23118,57117],[-110,8],[-174,-129],[-194,-5]],[[22640,56991],[-120,84],[-65,139],[-415,177],[-153,-9],[-101,69],[-290,-11],[-132,139],[-342,209],[-638,196],[-125,-81],[49,-138],[-395,-28],[-550,236]],[[19363,57973],[-152,338],[-49,292],[187,206]],[[54145,57961],[24,-182],[-127,-299],[-142,-242],[-234,-251],[-23,-127]],[[53643,56860],[-110,-83],[-500,-45],[-443,2],[-415,88]],[[52175,56822],[-1360,142],[-13,126],[123,152],[-257,42]],[[50668,57284],[-31,162],[210,327],[-140,47],[-94,-52],[-156,36]],[[49755,59027],[56,-48],[314,22],[238,171],[59,-129],[131,50],[255,-51],[20,-94],[204,12],[162,-46],[151,121],[9,98],[187,19],[102,105],[305,-8],[29,-45],[312,7]],[[26626,59199],[-150,-502],[-251,-370],[-78,-169],[-9,-156]],[[26138,58002],[-115,-156],[-241,20],[-223,-224],[-254,-390],[-187,50],[-111,-130],[-98,-286]],[[24909,56886],[-161,75],[-1102,116],[-528,40]],[[23181,58262],[235,314],[133,39],[26,167],[-143,93],[52,244],[169,64],[37,97],[340,22],[281,236]],[[24311,59538],[316,-58],[594,-59],[332,-61],[152,-61],[-33,-97],[506,-37],[448,34]],[[34719,57843],[-15,-150],[-242,-497],[95,-263]],[[34557,56933],[-117,-33],[-453,33],[-153,85],[-255,245],[-19,131],[-319,101]],[[33241,57495],[-115,114],[-401,88],[-272,176],[-69,217],[26,81],[144,0],[23,145],[-203,34]],[[27745,57883],[-515,57],[-1092,62]],[[26626,59199],[27,125],[95,40]],[[44897,57325],[-622,-95],[-427,-3],[-294,118],[-318,87],[-386,47],[-88,66],[-114,-55],[-181,19]],[[42467,57509],[61,187],[23,244],[-82,223],[-152,115],[14,90]],[[58893,58164],[56,-115],[-4,-466],[102,-351],[-153,-474]],[[58894,56758],[-93,-132],[-90,-269],[-190,-390],[-315,-484],[-119,-329],[-84,-60],[-386,-57],[-409,6],[-523,-133],[-169,-155],[-415,-186],[-721,-282],[-65,-327],[-60,-491],[-99,-486],[-80,-122],[-145,-42]],[[54931,52819],[-60,100],[-220,149],[-17,258],[-111,172],[6,182],[-68,59],[11,185],[-121,174],[-393,-12]],[[53958,54086],[-183,228],[-187,135],[-182,1],[-168,187],[-347,110],[-40,58],[-214,52],[98,67],[-295,76],[-133,116],[61,86]],[[52368,55202],[49,54],[-125,115]],[[52292,55371],[1208,-36],[55,394],[-13,186],[45,214],[-23,281],[79,450]],[[55683,58156],[249,126],[130,17],[205,108],[204,-2],[146,109],[323,115],[118,82],[289,-4],[174,54],[229,-58],[260,-3],[282,-262],[241,-132],[14,-55],[346,-87]],[[19363,57973],[-26,-86],[-382,-328],[-403,-133],[-536,-237],[-395,-50]],[[17621,57139],[-482,-108]],[[17139,57031],[-149,106],[-291,59],[-37,123],[185,191],[-12,159],[-191,126],[216,87],[-25,159],[-196,307],[-613,243],[-535,129],[41,186],[441,144]],[[36831,56741],[-29,-133],[-434,-496]],[[36368,56112],[-694,96],[-510,269],[-279,172],[-328,284]],[[42467,57509],[-4,-76],[-401,76],[-151,-23],[-305,-316],[-229,67],[-64,-60],[-214,7],[-13,-50],[-322,29],[-257,-71],[-21,45],[-358,35],[6,78],[-144,-80],[-64,61],[-271,-32],[-263,120]],[[33241,57495],[-127,-201],[-106,-12],[-269,-509],[-127,-381],[-107,8],[-95,-121],[-114,-258],[78,-70],[-57,-159],[51,-69]],[[32368,55723],[-392,-4],[-466,159],[-222,-172]],[[31288,55706],[-384,32],[-24,-148],[-266,44]],[[30614,55634],[0,572],[-35,312],[67,345],[254,-5],[64,66],[-12,291],[84,451],[-84,464],[30,11]],[[30614,55634],[-199,-47],[-335,-24],[-238,93],[-81,81],[-378,42]],[[29383,55779],[-327,92],[32,115],[-118,37],[31,131],[-354,72],[46,60],[-102,100],[-234,106],[-174,17],[-207,331],[-86,7],[117,241],[-138,21],[-75,259]],[[27794,57368],[54,284],[406,158]],[[50668,57284],[-68,-14],[-29,-214],[-177,-113],[-44,-162],[-103,-134],[133,-204],[-56,-69]],[[50324,56374],[-257,-33]],[[27794,57368],[-171,12],[-159,-243],[-292,-95],[-173,-236],[-459,-470],[-258,7],[-86,-175],[-241,-86],[-219,-11]],[[25736,56071],[121,88],[-23,118],[-262,246],[72,71],[-140,69],[-257,27],[-185,62],[-153,134]],[[22640,56991],[9,-40]],[[22649,56951],[-653,22],[-106,-58],[-388,-55],[-11,-79],[-191,-72],[-326,-273],[-42,-240],[-245,-2],[-70,-104]],[[20617,56090],[-416,52],[-22,-33],[-676,122],[-174,72],[-151,130],[-428,164],[-269,135],[-320,328],[-540,79]],[[45313,57123],[-77,-50],[-30,-224],[-112,-271],[-289,-139],[-251,-193],[-73,-161],[-165,-113],[-92,-329],[51,-106],[-126,-34],[239,-146],[101,36],[68,-97],[196,79],[77,-154]],[[44830,55221],[-54,-78],[74,-589],[133,-159]],[[41755,53509],[-407,153],[-391,219],[-218,92],[-419,104],[-272,179],[-206,23],[-516,-34]],[[39326,54245],[2,80],[-191,70],[-86,143],[-121,52],[-250,12]],[[38680,54602],[385,177],[-76,64],[156,24],[35,120],[-95,245],[11,189],[-89,19],[-26,201],[89,600],[-17,152],[-274,9],[-428,91],[-69,141]],[[36368,56112],[-490,-951]],[[35878,55161],[-139,-536],[-122,-376]],[[35617,54249],[-83,-166],[-307,-312],[-190,-235]],[[35037,53536],[-58,40],[-539,-356],[113,-56]],[[34553,53164],[-372,-196],[-751,-246],[-318,-85]],[[33112,52637],[-663,-147],[-737,-258]],[[31712,52232],[-217,-33],[-331,14]],[[31164,52213],[-52,331]],[[31112,52544],[-7,134],[182,5],[56,362],[298,49],[445,-11],[55,160]],[[32141,53243],[103,152],[179,85],[38,78],[-155,53],[540,-35],[57,319],[-190,305],[196,262],[8,329],[-270,51],[227,390],[76,330],[-199,192],[-383,-31]],[[52175,56822],[-223,-489],[72,-280],[109,-80],[-22,-212],[113,-158],[175,-27],[-107,-205]],[[52368,55202],[-188,51],[-180,-16],[-404,165],[-144,135],[-27,109],[-306,34],[-77,-128],[-238,12],[-560,125]],[[50244,55689],[15,112],[-73,169],[96,166],[132,17],[63,95],[-153,126]],[[29383,55779],[-109,-287],[-108,-445]],[[29166,55047],[-812,110],[-514,90],[-610,78],[-650,63],[-774,11],[-298,-48]],[[25508,55351],[95,129],[-90,122],[12,147],[104,44],[14,248],[93,30]],[[45975,56739],[-83,-265],[-23,-604],[256,-111],[916,218],[111,-21],[228,-167],[-258,-149],[-127,-31],[-645,-76],[-280,-380],[-421,3],[-570,29],[-249,36]],[[25508,55351],[-70,-138],[-145,101],[-178,-40]],[[25115,55274],[-376,67],[-223,-19]],[[24516,55322],[-2,163],[-313,55],[-155,129],[-235,71],[-200,160],[-555,358],[-208,262],[15,97],[-286,87],[72,247]],[[20617,56090],[-80,-310],[-112,-210]],[[20425,55570],[-244,-135],[-89,-118],[-108,-517],[67,-457],[-8,-108],[-189,-269],[-80,-39]],[[19774,53927],[-248,-51],[-503,-27],[-590,0],[-832,160],[-491,8]],[[17110,54017],[-191,206],[-87,-27],[-76,109],[130,16],[122,154],[-170,150],[-136,23],[115,186],[-96,61],[-351,-98],[-244,59],[-375,177],[-40,216],[262,333],[312,260],[261,474],[477,226],[107,166],[39,200],[-30,123]],[[24516,55322],[-275,-184],[-72,-102],[-566,12],[-54,-105],[-159,-100],[-599,56],[-144,-163],[-688,-7],[-355,85],[-498,-5]],[[21106,54809],[0,253],[-197,48],[-48,285],[-436,175]],[[38680,54602],[-71,-69],[-215,-66],[-14,202],[-154,62],[-291,35],[-286,-44],[49,168],[-379,3],[-231,83],[-295,33],[-915,152]],[[50244,55689],[-275,31],[-184,-21],[-87,-72]],[[11398,54321],[-245,11],[-21,-44],[-694,-25],[-306,25],[-655,-46],[-324,-83]],[[9153,54159],[-8,129],[-244,145],[-1054,297],[149,219],[-196,49],[98,459],[-421,76],[11,250],[-193,78],[150,236],[52,-8],[171,252],[435,-74],[744,27],[265,-87],[-5,-132],[243,-67],[162,9],[33,-144],[282,-132],[-53,-52],[167,-120],[289,-21],[56,126],[136,1],[35,-209],[115,9],[268,143],[65,245],[237,-17],[19,62],[183,-22],[-26,-109],[104,-69],[231,73],[113,-20],[49,-127],[237,40],[444,-163],[75,-120],[-133,-197],[-335,-195],[-349,24],[-102,-334],[-188,-130],[-66,-238]],[[53958,54086],[188,-287],[-142,-118]],[[54004,53681],[-994,72],[-803,90],[-1232,116],[-83,31]],[[32141,53243],[3,32],[-468,-70],[-392,-147],[-306,-47],[-461,271],[-10,174],[111,136],[-235,362],[40,257],[133,126]],[[30556,54337],[166,39],[40,331],[155,217],[-147,64],[-28,247],[410,235],[136,236]],[[30556,54337],[-447,-87],[-425,-47],[-216,39],[-425,-31]],[[29043,54211],[173,128],[-56,116],[-104,-49],[-42,102],[305,-10],[471,279],[-586,76],[-81,66],[43,128]],[[21106,54809],[43,-154],[130,-36],[-83,-202],[161,4],[278,-174],[83,-98],[267,-73],[32,-174],[-46,-132]],[[21971,53770],[-146,-54],[-347,-53],[-121,-111],[-259,-24]],[[21098,53528],[-299,23],[-785,203],[-240,173]],[[29043,54211],[-152,-161],[94,-100],[-111,-45],[-162,-181],[99,-30],[-136,-323]],[[28675,53371],[-650,61],[-131,-53],[-170,20],[-14,103],[-249,1],[-126,235],[-160,26],[-148,-63],[-259,179],[338,-6],[-15,192],[-321,149],[-19,95],[-302,175],[-159,35],[-158,-100],[-274,-32],[-73,48],[-127,-68],[-193,80]],[[25465,54448],[-73,215],[-174,-104],[-114,31],[204,266],[-188,177],[50,83],[-127,37],[72,121]],[[25465,54448],[-330,-70],[8,-206],[-84,-73],[-314,-82],[-133,18],[-92,-179],[-122,6],[-83,-100],[-48,-216],[-198,-360],[-169,-167],[-163,-15]],[[23737,53004],[-178,110],[-117,-89]],[[23442,53025],[-179,231],[28,141],[-398,103],[-272,149],[-324,-21],[-24,119],[-302,23]],[[39326,54245],[-96,-122],[-488,-23],[-821,11],[-299,-150],[15,-71],[-300,-42]],[[37337,53848],[-371,38],[-239,77],[-352,37],[-758,249]],[[28675,53371],[67,-29],[-76,-137],[-9,-183]],[[28657,53022],[-247,13],[-475,-91],[27,-59],[-246,-128],[-159,-160],[-402,-125],[-26,-496]],[[27129,51976],[-469,6],[-312,29],[-251,-11],[-262,-58],[-211,7],[-122,-52],[-150,43],[31,78],[-201,13],[-472,-92],[-40,-53]],[[24670,51886],[-192,-2],[-138,184],[121,84]],[[24461,52152],[-52,216],[-107,91],[-288,54],[77,129],[-239,72],[-40,201],[-75,89]],[[40978,53264],[-1260,-349],[-127,-78],[-258,-33],[-141,-61],[-289,-49],[-223,-1],[-256,66]],[[38424,52759],[32,157],[-82,101],[-268,20],[-769,811]],[[54931,52819],[-361,-327],[-92,-127],[5,-123],[-153,-117],[-136,-269],[-139,-62]],[[54055,51794],[-276,35]],[[53779,51829],[-414,101],[-367,279],[-32,106],[116,53],[17,163],[101,144],[-3,238],[376,249],[187,336],[244,183]],[[31112,52544],[-180,37],[-168,97],[-372,-67],[-134,-104],[-475,7],[-39,237],[-68,36],[-683,-4],[-168,45],[-168,194]],[[38424,52759],[-272,-121],[-159,7]],[[37993,52645],[-43,105],[-437,-56],[-209,141],[-303,-130],[-81,100],[-190,18],[-297,-90],[-206,68],[-303,194],[-15,123],[-237,90],[-635,328]],[[53779,51829],[-128,-77],[-291,9],[-82,87],[-127,-65],[-286,-29],[-144,-127]],[[51977,51685],[78,396],[-273,-11],[-845,11],[-424,35]],[[11398,54321],[134,-41],[332,-22],[384,-92],[-11,-36],[321,-103],[-29,-66],[234,-64],[72,-107],[574,-94],[342,2]],[[13751,53698],[-67,-133],[-9,-212],[78,-59],[-164,-305],[-26,-209]],[[13563,52780],[-158,-111],[-120,0],[-26,-106],[-494,39],[-266,-216],[-48,-273]],[[12451,52113],[-475,55],[-794,143],[-258,101],[-211,20],[-421,-97],[-96,20],[-226,-66],[-130,-168],[-312,8],[-254,-62],[34,57],[-479,89],[-136,191],[-101,9],[-86,109]],[[8506,52522],[46,17],[178,472],[197,340],[114,352],[11,210],[101,246]],[[21098,53528],[32,-227],[-29,-409],[-32,-51]],[[21069,52841],[-186,-380],[281,-198]],[[21164,52263],[-405,-176]],[[20759,52087],[-150,-161],[-286,-121],[-107,6],[-235,117],[-549,106],[16,193],[-96,144],[-186,9],[-112,-171],[-259,215],[89,48],[-41,118],[-173,61],[-134,-46],[-175,22],[-79,-76],[-242,124],[32,209],[-252,62],[-280,135],[-272,-106]],[[17268,52975],[-278,-28],[-173,76],[-12,179],[-156,275]],[[16649,53477],[154,278],[-246,-22],[-5,120],[285,102],[88,-58],[185,120]],[[17268,52975],[-103,-219],[-403,-423],[-173,6]],[[16589,52339],[-437,35],[-28,186],[-235,4],[-120,96],[-217,18],[-425,-32],[-177,-84],[-15,98],[-465,-67],[-482,7],[-217,96],[-61,81],[-147,3]],[[13751,53698],[281,79],[291,-47],[-72,-97],[69,-95],[297,211],[149,-80],[31,85],[-129,7],[164,127],[266,-116],[3,86],[647,-122],[167,69],[18,-79],[317,-92],[177,-7],[-153,-85],[84,-55],[150,37],[141,-47]],[[23442,53025],[-304,-16],[14,-74],[189,1],[5,-85],[-332,-20],[3,-97],[-133,-10],[26,-116],[-411,23],[-200,115],[-503,-19],[-22,124],[-225,32],[-35,-80],[-301,-161],[-144,199]],[[44989,52466],[6,102],[590,102],[-40,304],[-143,214]],[[37993,52645],[220,-197],[159,-260]],[[38372,52188],[-26,-157],[-175,-295],[117,-65],[-41,-105],[130,-29],[-220,-147],[23,-86],[252,-16],[-99,-177],[341,-55],[-72,-66],[-213,5],[-3,-99],[141,-169],[-9,-148]],[[38518,50579],[-1000,-163],[-247,-65]],[[37271,50351],[-178,36],[-241,-37],[-272,19],[-263,-46],[-399,139]],[[35918,50462],[-38,215],[-84,137],[-245,253]],[[35551,51067],[-95,388],[-139,189],[-176,103],[-50,151],[-257,98]],[[34834,51996],[-50,455],[180,21],[15,479],[-426,213]],[[44319,51914],[-136,275],[-156,150],[-262,79],[-154,2],[-184,79],[-149,-27],[-121,-178],[-359,114],[1,-67],[-197,28]],[[42602,52369],[116,78],[75,140],[-136,135]],[[40999,52773],[9,-314],[205,5],[559,-36],[579,-18]],[[42351,52410],[-31,-161],[-315,-122],[-71,-153],[-266,-110],[-280,-1],[-181,-93],[190,-101],[-135,-80],[-76,30],[-156,-111],[-376,-67],[-168,38],[-309,-45]],[[40177,51434],[-211,161],[-54,-138],[-404,94],[-94,112],[24,126],[-333,7],[-60,-113],[-142,128],[-49,-69],[-93,130],[-211,119],[188,143],[-366,54]],[[34834,51996],[-627,-48],[-52,-57],[-741,-67]],[[33414,51824],[-88,597],[-214,216]],[[24461,52152],[-274,10],[-928,-177],[-214,-20],[-817,-299]],[[22228,51666],[-258,-6],[-29,186],[-97,188],[-103,90],[-260,11],[-204,133],[-113,-5]],[[31164,52213],[-185,-58]],[[30979,52155],[-656,-214],[-836,-243],[-378,-57],[-374,-104],[-335,-174]],[[28400,51363],[-491,65],[-271,-34],[-92,32],[-10,125],[-346,55],[-55,106],[-6,264]],[[20759,52087],[136,-27],[-32,-102],[-95,23],[-73,-128],[102,-206],[162,-191],[-249,-37],[-231,-80],[-199,-134],[-575,-162],[-250,-104],[-551,-75],[-225,16],[-228,-124],[-316,-57],[75,-518],[167,-185],[316,-101]],[[18693,49895],[-104,-37],[-382,-252]],[[18207,49606],[-496,-19],[-402,-75]],[[17309,49512],[11,129],[-107,241],[-173,146],[-245,-51],[-417,153]],[[16378,50130],[-99,312],[-427,261],[-156,157],[47,199]],[[15743,51059],[-204,319],[128,115],[72,322],[142,71],[29,116],[165,-42],[26,109],[211,218],[277,52]],[[42602,52369],[-251,41]],[[33414,51824],[-172,-58]],[[33242,51766],[-17,-49],[-256,17],[-314,-165],[-269,4],[-248,95],[-7,48],[-276,111],[-143,405]],[[44126,51814],[-289,-45],[-125,-118],[99,-293],[-111,-11],[-87,-104],[-222,66],[-17,-104],[-119,-89],[-369,-42],[-104,-94]],[[42782,50980],[5,103],[-300,-60],[-338,-132],[-445,76],[-150,-54],[-506,25],[-275,50]],[[40773,50988],[-52,204],[-84,-40],[-269,15],[-191,267]],[[15743,51059],[-588,22],[-297,-49],[-523,-38],[-559,-20],[-190,64],[-324,41],[-162,-74],[-80,-105],[-319,1],[-176,-58],[29,168],[-103,-1],[-82,111],[-74,256],[-10,338],[30,226]],[[12315,51941],[112,43],[24,129]],[[12315,51941],[-530,-29],[-340,10],[-95,-395],[-15,-210],[52,-8],[-49,-218],[-356,66],[-9,-81],[-266,15],[-150,-61],[-153,-132],[-392,40],[-526,9]],[[9486,50947],[-126,159],[-208,57],[-479,195],[-211,-117],[-442,-21],[90,278],[-307,-67],[-263,33],[-243,156],[-326,-50],[-75,286],[75,234],[563,-16],[145,80],[333,94],[184,101],[27,121],[173,-29],[110,81]],[[40773,50988],[-119,-107],[-54,-300],[-264,-326],[-225,-194],[-57,-332],[-94,-215],[-432,122]],[[39528,49636],[66,109],[-47,98],[-208,91],[-170,-20],[-323,259],[-9,307],[-131,112],[-199,-52]],[[38507,50540],[11,39]],[[33242,51766],[263,-355],[-84,-17],[-1,-302]],[[33420,51092],[-123,-550]],[[33297,50542],[-263,-25],[-56,-73],[-324,107],[-210,-29],[-287,102],[-401,-4]],[[31756,50620],[-8,60],[-400,339],[-240,578],[-45,172],[74,44],[-121,90],[-37,252]],[[22228,51666],[123,-236],[-262,-192],[26,-101],[399,-250],[282,-31],[58,-209],[-16,-215],[236,-52],[293,160],[314,-104]],[[23681,50436],[46,-47],[-69,-167],[-200,-133],[-155,-330],[-154,-180]],[[23149,49579],[-242,-9]],[[22907,49570],[-651,52],[-317,71],[-185,219],[-202,-3],[-212,-109],[-422,0],[-895,170],[-292,-8],[-159,93],[-617,-60],[-262,-100]],[[31756,50620],[-592,-158],[-293,-24]],[[30871,50438],[-343,114],[-237,-89]],[[30291,50463],[-55,90],[-277,103],[-81,103],[-50,235],[-239,-30],[-3,-124],[-266,-46],[-275,-121],[-479,-36],[-122,-179],[-315,-40],[-89,-109],[23,-93],[-321,-65]],[[27742,50151],[-66,-55],[-253,-55],[-65,-88],[-217,27]],[[27141,49980],[149,279],[111,109],[-160,100],[383,525],[595,298],[181,72]],[[24670,51886],[109,-98],[-69,-90],[37,-281],[-191,-235],[73,-146],[-78,-4],[-54,-155],[-119,-96],[-35,-132],[-422,-187],[-240,-26]],[[35551,51067],[-578,-20],[-636,39],[-440,-14],[-477,20]],[[27141,49980],[-318,32],[-417,-259]],[[26406,49753],[-594,-288],[-324,-209],[-335,-254]],[[25153,49002],[-389,229],[-77,74],[-185,-28],[-368,34],[-140,78],[-336,48],[-9,52],[-500,90]],[[45504,51109],[-32,-325],[-226,-203],[-75,-435]],[[45171,50146],[-167,-15],[-78,-69],[-307,49],[-57,-67],[-185,-4],[-76,-231],[85,-131],[-114,-11],[-95,-252]],[[44177,49415],[-208,-136],[-184,3],[-18,-104],[-116,-15],[-230,-167],[-110,35],[-116,-153],[-254,98]],[[42941,48976],[-70,239],[-158,222],[-76,502],[66,321],[-26,49],[90,329],[15,342]],[[48573,51175],[-491,54],[-109,55]],[[49041,51554],[-379,27],[16,-167],[-105,-239]],[[49220,50467],[-314,-9],[124,-134],[-390,-10]],[[48640,50314],[-66,424],[-313,-29],[-15,70],[319,15],[8,381]],[[16378,50130],[-261,4],[-241,44],[-233,-36],[-638,48],[-291,-168],[-405,-83],[-414,-51],[-398,-7],[-206,47],[-110,-225],[-228,-195]],[[12953,49508],[-233,32],[72,99],[-133,26],[-458,-72],[-133,66],[-352,53]],[[11716,49712],[-199,75],[-330,67],[-653,2],[-93,155],[-248,55],[-12,127],[-98,60],[-152,-32],[-76,-109],[-263,-15],[-96,42],[68,132],[-261,138],[168,320],[15,218]],[[48640,50314],[-72,-102],[-238,-66],[-68,-74],[-321,-68],[-295,80],[-176,-34],[-90,-182],[-277,-19],[-154,39]],[[46949,49888],[-185,-19],[-240,136],[-29,-66],[-292,-20],[-84,33],[-91,-111],[-348,57],[-29,121],[-155,100],[-246,-49],[-79,76]],[[42941,48976],[-162,-52],[66,-72]],[[42845,48852],[-225,21],[-118,-41],[-130,71],[-19,105],[-329,-33],[-170,46],[6,-150],[-212,14]],[[41648,48885],[-381,257],[-119,121],[-432,288],[-339,-155],[-367,-128],[-291,-176]],[[39719,49092],[-125,60],[9,138],[-332,91],[68,126],[124,29],[65,100]],[[35918,50462],[-232,50],[-113,-197],[-179,-152],[-159,-1],[-141,-137],[-208,-90],[-90,-280]],[[34796,49655],[-636,29],[-124,28],[-58,254],[-300,90],[-26,228],[-379,133],[24,125]],[[30291,50463],[-179,-187],[-72,-192]],[[30040,50084],[-249,110],[277,211],[-269,166],[-543,-164],[-433,-102],[-353,-170],[-213,-150],[-203,0],[-312,166]],[[49475,49327],[156,-160],[69,-196],[6,-282],[72,-16],[-16,-196]],[[49762,48477],[-209,-172],[-118,2],[51,-95],[-16,-197]],[[49470,48015],[-139,-196],[-350,-70],[-240,115],[-124,-33],[-248,23],[-273,-145],[-150,-20]],[[47946,47689],[-106,26],[-188,-79],[-783,52],[-403,137]],[[46466,47825],[-45,47],[132,107],[171,42],[37,73],[292,207],[209,44],[-50,195],[34,212],[-54,138],[-206,73],[-217,127],[87,162],[153,130],[-45,272],[45,88],[-60,146]],[[39719,49092],[251,19],[175,-66]],[[40145,49045],[-52,-155],[74,-159],[283,-113],[-35,-112],[-131,-104],[114,-145],[-131,-26],[-70,-103],[79,-85],[-165,-139],[-15,-103],[145,-116],[41,-135]],[[40282,47550],[-209,-81],[-503,-61],[-410,-72],[-470,84],[-386,37],[-306,-11]],[[37998,47446],[-165,185],[-395,48],[61,260],[-96,270]],[[37403,48209],[297,93],[-85,225]],[[37615,48527],[170,-37],[141,51],[-17,153],[44,246],[150,15],[75,367],[170,7],[-109,157],[97,61],[-34,175],[151,101],[201,60],[-227,91],[-71,175],[-114,107],[225,82],[40,202]],[[37615,48527],[-289,41],[-258,-13],[-75,49],[2,268],[-52,282],[64,427],[271,429],[-7,341]],[[34796,49655],[-57,-190],[-124,-42],[34,-148],[265,-52],[29,-146],[298,-62],[78,-90],[-75,-278],[208,-14],[56,-61],[-142,-121],[109,-201]],[[35475,48250],[-52,-120],[-291,-199],[-682,-117],[-342,1],[6,-66],[-225,-7],[-20,-217],[69,-14]],[[33938,47511],[-320,-149],[-599,-29],[17,75],[-355,-7],[-445,64],[-15,-28]],[[32221,47437],[-522,147],[-620,34],[-6,105],[-137,75],[-234,-13],[-191,57],[-309,35],[-84,49]],[[30118,47926],[-39,8]],[[30079,47934],[119,164],[261,502],[147,59],[80,199],[94,546],[75,245],[-1,338],[-38,258],[55,193]],[[37403,48209],[-176,-77],[-1095,-31]],[[36132,48101],[-157,10],[-344,123],[-156,16]],[[30040,50084],[34,-11],[-266,-409],[-471,-559],[-109,-207],[10,-170],[425,-16],[-143,-709]],[[29520,48003],[-256,15],[-26,-86],[-565,16],[-298,-149],[-75,-109],[-174,-15],[-177,-137],[62,-74],[-338,-55],[-33,-103]],[[27640,47306],[-240,169]],[[27400,47475],[27,94],[-177,136],[-72,299],[301,207],[525,318],[270,201],[-130,89],[-191,210],[-281,130],[-152,-26],[-52,121],[-185,144],[-414,138],[-463,217]],[[30079,47934],[-559,69]],[[50535,48845],[-453,-354],[-125,-37],[-195,23]],[[46466,47825],[-171,-47],[-100,65],[-145,-44],[-136,60]],[[45914,47859],[-358,-20],[-333,116],[-184,-4],[-148,108],[64,99],[-72,96],[-154,5],[-106,103],[37,101],[-229,88],[-80,105],[58,78],[-136,50],[243,79],[19,85],[146,74],[68,281],[-494,59],[-78,53]],[[17309,49512],[-303,-86],[-285,-196],[-526,-298],[-400,-307],[-221,-88],[-373,-211],[-175,-61],[-287,-162],[188,-188],[81,-143],[187,-162],[-45,-110],[96,-95],[-67,-51],[55,-345],[188,11],[86,-99],[188,-45],[257,-1],[160,42],[97,-60]],[[16210,46857],[-2,-182],[-257,-87],[-59,-157]],[[15892,46431],[-210,39],[-260,-7],[-231,-58]],[[15191,46405],[10,226],[-1406,6],[-362,-20],[-280,111],[-20,322],[239,262],[-11,87]],[[13361,47399],[49,25],[17,634],[1,1228],[-243,3],[8,194],[-115,-35],[-125,60]],[[22907,49570],[-24,-254],[-146,-197],[20,-191],[-85,-195],[-115,-106],[-27,-232],[-265,206],[-214,-296],[-8,-262]],[[22043,48043],[-69,97],[-65,-64],[-219,98],[-225,-76],[-221,38],[-140,187],[-278,52],[-251,-14]],[[20575,48361],[-189,83],[-54,117],[-272,96],[-64,70],[-303,10],[-342,278],[-74,333],[-277,98],[-564,99],[-229,61]],[[27400,47475],[-451,95],[-28,-45],[-557,77],[-333,246],[-99,-12],[-101,121],[-317,104],[-301,-20],[-297,-231],[-154,-22],[-269,-157],[-77,63],[-116,-179],[-104,65],[-119,-70],[-222,35],[-391,186]],[[23464,47731],[593,514],[622,486],[474,271]],[[41648,48885],[-80,36],[-229,-132],[-357,129],[-233,-64],[-155,2],[-38,141],[-281,-16],[-130,64]],[[45914,47859],[-110,-92],[-153,-19],[-112,-125],[26,-114],[150,-13],[121,-161],[-123,-344]],[[45713,46991],[-585,51],[-266,-86],[-1199,-54]],[[43663,46902],[-378,148]],[[43285,47050],[-377,83],[-380,118],[-56,57]],[[42472,47308],[-3,274],[147,474],[76,170],[116,105],[35,146],[143,224],[96,11],[-237,140]],[[13361,47399],[-428,-215],[-113,49]],[[12820,47233],[-437,121],[-112,87],[-28,120],[-255,87],[-194,240],[-381,93],[-52,51],[-448,-35],[-292,39],[-174,102],[82,264],[399,474],[60,-9],[208,294],[107,-16],[110,152],[182,130],[121,285]],[[23464,47731],[-360,170],[-116,-57],[-192,214],[-127,-9],[87,-113],[-251,-39],[64,137],[-254,-6],[-67,115],[-205,-100]],[[20575,48361],[26,-266],[-23,-157],[66,-247],[208,-2],[-344,-432],[220,-17],[-36,-184],[211,-17],[-37,-369],[278,-76]],[[21144,46594],[-145,-106],[-130,-357],[-188,-154],[-51,-121]],[[20630,45856],[-842,103],[-1338,51]],[[18450,46010],[-528,27],[49,421],[-249,44],[-359,124],[-40,69],[-676,174],[-252,-36],[-185,24]],[[42472,47308],[-66,28],[-413,19],[-298,-28],[-365,47],[-162,54]],[[41168,47428],[-542,120],[-344,2]],[[51900,48866],[25,-314]],[[51925,48552],[-796,23],[-324,-194],[-78,-205],[175,-35],[6,-132],[-613,-123],[-390,-29],[-432,157]],[[49473,48014],[-3,1]],[[51925,48552],[338,-10],[-175,-367],[-166,-144]],[[51922,48031],[-104,-24],[-257,-163],[-173,-280],[-23,-135],[31,-505]],[[51396,46924],[-650,-13],[-268,-179],[297,-586],[-37,-19]],[[50738,46127],[-341,-59],[-569,22],[-56,-233],[-135,-164]],[[49637,45693],[-95,107],[-778,549],[-424,255]],[[48340,46604],[-29,29]],[[48311,46633],[2,94],[167,188],[125,65],[202,368],[263,244],[637,233],[-234,189]],[[36132,48101],[-67,-217],[21,-415],[201,-71],[79,-394],[90,-112],[25,-255],[-37,-80]],[[36444,46557],[-79,-272],[62,-390],[279,-373]],[[36706,45522],[-285,-30],[-413,199],[-367,57],[-714,417],[-124,88],[-402,501],[-12,148],[-205,182],[115,257],[-265,91],[-96,79]],[[37998,47446],[263,-152],[153,-46],[-45,-110],[139,-173],[-35,-106],[97,-123],[-422,88],[-123,-32],[29,-250],[-218,-15]],[[37836,46527],[-1083,2],[-309,28]],[[23464,47731],[-246,-215],[-97,-163],[120,-196],[169,-175],[251,-330]],[[23661,46652],[-593,-202],[-448,77],[-584,37],[-213,31],[-434,-27],[-245,26]],[[48311,46633],[-354,347],[-60,238],[46,233],[3,238]],[[48340,46604],[-87,-5],[-273,-166],[-152,28],[-30,-156]],[[47798,46305],[-351,12],[-238,75],[-6,73],[-223,72],[-831,65],[-399,67]],[[45750,46669],[40,294],[-77,28]],[[27640,47306],[38,-7]],[[27678,47299],[-96,-63],[-192,-431],[-519,-72],[-123,-183],[-333,-1],[-113,-65],[333,-63],[61,-99],[-69,-54],[124,-338],[-56,-55],[-237,-49],[-178,-200],[-139,-262],[-101,-31]],[[26040,45333],[-263,-45],[-313,30],[-407,122],[-242,-12],[-279,-219],[-312,-129],[-64,83],[-390,46]],[[23770,45209],[6,458],[-121,289],[-87,70],[136,404],[-43,222]],[[30118,47926],[-180,-227],[-185,-128],[-89,-262],[-237,-351],[-66,-40],[-227,-470],[-110,-109],[-588,-116],[-180,-128],[-249,-13],[-350,135],[-80,259],[28,382],[140,113],[49,221],[-116,107]],[[32221,47437],[-86,-174],[-107,-510],[-93,-283],[73,-13],[19,-231]],[[32027,46226],[-139,-26],[-100,-234],[-153,3]],[[31635,45969],[-225,11],[-290,-93],[-352,-38],[-101,-190],[-307,36],[-118,-102],[135,-89],[-60,-118],[-134,-13],[-39,-281],[-91,-85],[-239,-84],[90,-152],[164,-129],[-222,-50],[-128,-131],[-113,33],[-3,-105],[149,-29],[-58,-60]],[[29693,44300],[-140,29],[-947,-27],[-454,27],[-369,-60],[-782,-65],[-71,-28],[-625,-10]],[[26305,44166],[-20,229],[-176,477],[-69,461]],[[41168,47428],[-14,-190],[130,-81],[183,9],[54,-88],[-152,-133],[34,-109],[-99,-19],[-29,-183],[-346,-93]],[[40929,46541],[-211,-282],[284,-229],[513,-538],[-1430,23],[-598,-22],[-205,-412],[-815,-134],[-84,-136]],[[38383,44811],[-116,85],[-294,87],[-229,189]],[[37744,45172],[-52,54],[-69,378],[125,86],[49,295],[72,90],[-81,329],[48,123]],[[36706,45522],[39,-106],[-42,-241],[177,-184],[-262,-68],[0,-194],[-145,-180]],[[36473,44549],[-73,40],[-558,2],[1,115],[-706,158],[-314,138],[-515,148],[-518,6],[-375,126],[-225,234],[-202,94],[-136,-21],[0,140],[-264,98],[-119,-28],[-33,93],[-174,39],[6,173],[-241,122]],[[43285,47050],[-539,-206],[-265,122],[-636,179],[-228,-304],[-115,-505],[-185,-196],[-194,133],[-194,268]],[[43663,46902],[-184,-169],[-252,-459],[-217,-250]],[[43010,46024],[-443,-35],[-363,-194],[-220,-299],[-550,-232],[-181,-168],[162,-89],[-61,-101],[153,-109]],[[41507,44797],[-165,-269],[-497,-157],[-396,-244],[-379,-115],[-554,-31],[-29,-55]],[[39487,43926],[-414,-4],[-294,-97]],[[38779,43825],[-55,165],[310,194],[-26,128],[-258,120],[-255,214],[-112,165]],[[15191,46405],[-299,-130],[-436,-122]],[[14456,46153],[-292,-63],[-508,-26],[-131,-36],[-156,35],[-182,118],[-335,332],[-341,276],[-132,59],[-189,1]],[[12190,46849],[465,144],[185,145],[-20,95]],[[45750,46669],[-124,-73],[-82,-321],[-11,-181],[60,-7],[-86,-244],[-102,-42]],[[45405,45801],[-1039,57],[-238,40],[-181,90],[-507,-21],[-430,57]],[[47798,46305],[-109,-264],[69,-275],[-106,-189],[2,-125],[133,-64],[20,-303]],[[47807,45085],[-138,-58],[-165,23],[-147,-124],[-1133,102],[-607,158],[-174,-9]],[[45443,45177],[-67,52],[64,215],[-5,182],[-67,7],[37,168]],[[49637,45693],[17,-213],[-125,-373]],[[49529,45107],[-144,-372]],[[49385,44735],[-213,46],[-417,29],[-28,-79],[-390,56],[-324,-29]],[[48013,44758],[-188,42],[44,245],[-62,40]],[[18450,46010],[-23,-142],[-379,-6],[-277,25],[-209,-109],[-282,12],[-95,-126],[-191,-123]],[[16994,45541],[-183,120],[-295,265],[-147,192],[-234,212],[-243,101]],[[14456,46153],[-46,-120],[-482,-312],[-128,-61],[-778,-260],[-404,-65],[-512,64],[-369,193],[-226,221],[-466,579],[-117,97],[493,136],[47,72],[194,-16],[259,122],[269,46]],[[37744,45172],[-384,-11],[-214,35],[-139,-38],[-147,-267],[69,-142],[-165,-159],[-275,-53],[97,-197],[364,84],[346,11],[-63,-319],[-35,-484],[9,-229],[-119,-67],[60,-192]],[[37148,43144],[-422,-179],[-251,-160],[-418,-104]],[[36057,42701],[97,120],[-124,201],[-57,274],[-111,131],[-156,-30]],[[35706,43397],[-32,135],[431,148],[-95,153]],[[36010,43833],[63,148],[105,41],[217,187],[-40,114],[118,226]],[[23770,45209],[-37,-135],[-193,-254],[-185,-160],[-168,-414]],[[23187,44246],[-131,263],[-348,430],[-232,140],[-425,158],[-315,72],[-410,8],[-116,-26]],[[21210,45291],[-15,251],[-173,35],[40,-75],[-135,-29],[44,123],[-405,-3],[64,263]],[[51552,45290],[-112,-215],[-31,-183]],[[51409,44892],[-325,84],[-205,-7],[-173,-109],[-469,153],[-77,-197],[-223,77],[-300,-62],[118,271],[-226,5]],[[50738,46127],[-72,-76],[95,-240],[317,-78],[474,-443]],[[36010,43833],[-205,33],[-445,-153],[-694,-128],[-522,210],[-472,50],[-370,256],[-395,66],[-616,219],[-166,38],[24,202],[-154,25],[-326,288],[-55,254],[-84,9],[23,408],[82,359]],[[45443,45177],[-251,-249],[-101,1],[-139,-298]],[[44952,44631],[-112,-129],[-192,-3],[-482,76],[-297,75],[-266,29],[-567,-99]],[[43036,44580],[-638,6]],[[42398,44586],[-67,-26],[-410,17],[-414,220]],[[35706,43397],[-130,-24],[-268,-129],[-375,-84],[-230,-125],[-591,-9],[-169,-72],[-135,37],[-122,-208]],[[33686,42783],[-448,184],[-150,20],[-392,124],[-275,204],[-425,144],[-119,-15]],[[31877,43444],[-51,196],[-192,-55],[-89,-123],[-167,-36],[-536,-15],[-20,69],[-291,-52],[-49,46],[72,237],[-170,-19],[-76,55],[-193,-42],[-446,34]],[[29669,43739],[266,408],[-242,153]],[[21210,45291],[-161,-59],[-235,-197],[-254,-383],[-238,-266],[-302,-199],[-413,-109],[-333,7],[-323,38],[-206,57],[-488,191],[-420,257],[-162,158],[-230,395],[-117,155],[-334,205]],[[26305,44166],[-48,-337]],[[26257,43829],[-7,-82],[-334,-23],[-386,-86],[-283,-104],[-156,-138],[-251,-36],[-283,17],[-167,-74],[-756,2]],[[23634,43305],[-237,367],[-210,574]],[[48013,44758],[74,-111],[120,-43],[104,-166],[-75,-127]],[[48236,44311],[-209,36],[-271,-196],[-113,-127],[-99,23],[-158,-129],[-432,-94],[-231,-95],[-117,-156],[-373,7],[-330,-232],[29,-141]],[[45932,43207],[-465,13],[-636,-175],[-475,167],[44,177],[-5,360],[71,176]],[[44466,43925],[179,88],[20,79],[162,79],[36,145],[147,177],[25,122],[-83,16]],[[51409,44892],[-36,-351],[-127,-393],[-78,15]],[[51168,44163],[-331,130],[-743,250],[-506,109],[-203,83]],[[38779,43825],[-391,-128],[-695,-267],[-243,-157],[-302,-129]],[[51168,44163],[85,-236],[441,-24],[-74,-178],[-70,-319],[-183,-119],[-97,7],[-160,-257],[-118,-448],[-20,-253],[67,-223]],[[51039,42113],[-202,-53],[-263,38],[-914,-5],[-249,-39],[-1204,80],[-93,-35],[-115,67],[-255,16]],[[47744,42182],[-58,-8],[15,253],[190,-37],[-3,62],[182,267],[-133,49],[-61,120],[101,26],[4,124],[135,51],[-190,123],[52,162],[262,320],[211,69],[-60,39],[47,141],[-122,119],[76,13],[-64,157],[-159,-27],[67,106]],[[42398,44586],[-137,-324],[-72,-537],[-125,-457],[-31,-306],[-86,-335],[-16,-325]],[[41931,42302],[-109,-542]],[[41822,41760],[-11,-2]],[[41811,41758],[-177,-11],[-532,112],[-249,33],[-326,-100],[-924,170]],[[39603,41962],[164,175],[-54,82],[179,-49],[-50,119],[58,92],[144,-50],[143,78],[-283,82],[-58,186],[-127,33],[-87,304],[-162,52],[-75,172],[43,121],[129,95],[70,295],[-150,177]],[[44466,43925],[-814,9],[-206,-95],[-323,70],[-66,211],[-21,460]],[[45932,43207],[5,-179],[-123,-163],[-160,-358],[-87,-128],[-146,-46],[-140,-142],[-185,-33],[-363,96],[-333,8],[-179,-36],[-37,-90],[39,-236],[-62,-131],[-198,-75],[-210,15],[-304,-125],[183,-100],[-19,-100],[152,-55],[185,38],[578,-163],[288,-16],[621,-135],[148,25],[656,-106]],[[46241,40972],[-18,-144],[-245,-414],[-44,-181],[237,-117],[767,1],[222,-67],[188,17],[132,-152],[-26,-216],[189,-326],[335,-15],[99,-325],[117,-131],[24,-169],[476,-242],[290,22],[220,-72],[94,81],[452,-28],[335,-72],[90,97],[254,29],[141,-107],[119,89],[148,260],[-269,175],[17,189],[-75,118],[-356,205],[-177,225],[114,96],[83,389],[205,175],[24,210],[190,251]],[[50593,40823],[306,240],[364,20],[88,44],[-61,96]],[[51290,41223],[229,-12]],[[51519,41211],[-61,-72],[9,-160],[325,-158],[383,-25]],[[52175,40796],[-101,-114],[14,-239],[-114,-329],[90,-148],[131,-93],[-9,-312],[118,-280],[-6,-192],[-74,-383],[-203,-230],[-35,-145],[163,-272]],[[52149,38059],[-279,53],[-422,-23],[-551,-158],[-604,-19],[38,-190],[170,-96]],[[50501,37626],[-243,-105],[-274,-69],[-162,-99],[-740,226],[-128,-115],[-308,-68],[-49,-116],[-793,-5],[-198,79]],[[47606,37354],[16,348],[-407,-55],[-387,-94],[-313,-118]],[[46515,37435],[-225,62],[-232,4],[-227,-80],[-384,9],[-232,-63]],[[45215,37367],[-72,82],[-720,235],[-148,173],[-112,-71]],[[44163,37786],[-23,120],[525,103],[585,86],[954,193],[89,163],[32,418],[-1124,52],[-46,-268],[-553,50],[-546,29],[-315,37]],[[43741,38769],[-109,335],[20,108],[-113,233],[-433,83],[-229,-52]],[[42877,39476],[58,317],[-326,175],[-263,71],[-746,146],[-157,95],[234,450]],[[41677,40730],[195,-70],[1002,87],[110,-217],[567,167],[254,51],[-503,453],[-243,261],[-194,159],[-227,88]],[[42638,41709],[82,67],[-46,94],[53,176],[332,14],[239,254],[169,271],[-616,26],[-73,-226],[-207,-146],[-640,63]],[[47744,42182],[-151,-532],[-130,-113],[-103,-2],[5,-123]],[[47365,41412],[-263,34],[-291,-5],[-175,-46],[-63,-236],[12,-141],[-113,-57],[-231,11]],[[29669,43739],[-110,-119],[-213,-130],[-264,-214],[163,-165],[97,-236],[186,-7],[233,92],[226,-227],[283,-1],[194,167],[-170,51],[-30,81],[191,69],[36,138],[127,72],[265,-37],[238,49],[60,-59],[168,7],[55,75],[473,99]],[[33686,42783],[122,-108],[-43,-71]],[[33765,42604],[-313,-73],[-237,-15],[-425,-130],[159,-238],[-482,-52],[-263,41],[-304,-46]],[[31900,42091],[-687,213],[-546,31],[-58,-33],[-182,99],[-425,24],[-350,-29],[-497,20],[-8,-32],[-812,-24],[-39,-27]],[[28296,42333],[-271,104],[-268,61],[-16,82],[-401,82]],[[27340,42662],[-12,151],[-182,25],[-283,240],[-112,44],[37,160],[-81,8],[44,262],[-246,7],[64,238],[-312,32]],[[39603,41962],[-189,23],[-454,-70],[-375,11],[-182,-98],[-214,-11],[-278,-93],[-479,71],[-80,-234]],[[37352,41561],[-78,10],[-348,186],[-191,1],[-236,68],[-471,-41]],[[36028,41785],[81,253],[-70,77],[-260,81],[-229,21],[42,124],[208,179],[120,10],[137,171]],[[27340,42662],[-599,14],[-74,-326],[-157,7],[-251,-543],[-122,-129],[-84,-318],[-66,-100],[-220,-44]],[[25767,41223],[-364,-161],[-421,-13]],[[24982,41049],[-148,330],[-575,1111],[-625,815]],[[36028,41785],[-134,-192],[-156,2],[62,-454],[-113,-52],[172,-112],[-4,-83]],[[35855,40894],[-73,-193],[127,-140],[-138,-38],[-351,-229],[-222,75],[-15,-54],[-667,80]],[[34516,40395],[-55,85],[-262,79],[-100,121],[-7,142],[-122,73],[93,396],[-24,168],[21,299],[-119,345],[21,270],[-197,231]],[[42638,41709],[-230,187],[-401,-209],[-185,73]],[[28296,42333],[87,-116],[-185,-207],[306,-143],[-231,-208],[-300,-163],[-87,-242]],[[27886,41254],[-164,17],[-911,-40],[-800,-110],[-241,-12],[-3,114]],[[34516,40395],[-54,-84],[-29,-448],[-178,-879]],[[34255,38984],[-478,60],[-347,187],[-295,2],[-121,101],[-344,64],[-474,26],[-695,118]],[[31501,39542],[23,139]],[[31524,39681],[123,-1],[29,540],[40,256],[-18,194],[55,-3],[-107,416],[-3,537]],[[31643,41620],[267,300],[-10,171]],[[31643,41620],[-676,-7],[-462,-123],[26,-41],[-362,-124],[-289,-59],[-823,-45],[-235,44]],[[28822,41265],[-369,57],[-358,-18],[-209,-50]],[[51039,42113],[118,-278],[-28,-356],[161,-256]],[[50593,40823],[-253,137],[-368,128],[-642,49],[-285,89],[-429,12],[-150,127],[-497,45],[-249,-19],[-355,21]],[[41811,41758],[17,-189],[-15,-523],[-136,-316]],[[42877,39476],[-483,-49],[-953,121],[-451,14],[-163,-161],[-201,45],[-237,-159]],[[40389,39287],[-333,35]],[[40056,39322],[4,355],[-100,116],[-43,222],[-334,24],[-322,56],[-705,86],[-554,32],[-131,44],[-90,-74],[-244,-23]],[[37537,40160],[-233,44],[61,138],[-399,99],[94,66],[-50,153],[101,102]],[[37111,40762],[130,34],[17,173],[111,63],[-35,140],[135,69],[88,193],[-140,31],[-65,96]],[[37111,40762],[-133,45],[-199,-41],[-274,121],[-650,7]],[[31524,39681],[-598,56],[-473,-9],[-270,37],[-676,15],[-167,-39],[-491,-28]],[[28849,39713],[-62,243],[102,194],[-95,373]],[[28794,40523],[45,322],[-37,270],[20,150]],[[28794,40523],[-475,-25],[-416,-46],[-694,-202],[-742,-175],[-266,-83],[-343,-146]],[[25858,39846],[-598,718],[-198,307],[-80,178]],[[37537,40160],[-203,-48],[44,-100],[-21,-274],[231,-178],[-113,-85],[78,-73],[-115,-43],[98,-115],[-164,-252],[121,-74]],[[37493,38918],[-92,-71],[-310,-87],[-90,-132],[-121,8],[-162,-113]],[[36718,38523],[-445,42],[-75,84],[-147,-102],[-168,2],[-118,-100],[-272,-3],[29,-74],[-133,-171],[-217,-88],[-236,46],[-152,-106],[-214,14]],[[34570,38067],[1,254],[-124,61],[81,240],[-165,79],[64,127],[-32,109],[-140,47]],[[28849,39713],[16,-259],[-56,-324],[-131,-321],[-116,-3],[-100,-146],[-504,-98],[-263,7],[-156,-41],[-448,-3]],[[27091,38525],[-551,458],[-212,319],[-470,544]],[[40056,39322],[-159,-17],[-23,-132],[-220,-65],[-207,11],[-183,-168],[-63,-134],[-231,-23],[-52,116],[-232,3],[-124,92],[-258,-11],[16,-44]],[[38320,38950],[-146,-51],[-89,49],[-329,30],[-110,-64],[-153,4]],[[31501,39542],[-114,-377],[-62,-408],[38,-124],[124,-1],[-17,-296],[47,-180],[-10,-513],[114,-321]],[[31621,37322],[-380,-47],[9,-97],[-561,62],[-782,-166],[-350,-19],[-159,-71],[-128,-184],[-162,-96],[-438,-103]],[[28670,36601],[-229,490],[-199,327],[-168,206],[-443,451],[-540,450]],[[43741,38769],[6,-66],[-131,-277],[-46,-252]],[[43570,38174],[-107,-40],[-754,11],[-185,22],[-491,-9],[-780,27]],[[41253,38185],[-604,99],[-295,76]],[[40354,38360],[5,11]],[[40359,38371],[47,96],[-27,188],[53,279],[-87,24],[44,329]],[[34570,38067],[84,-180],[-441,-164],[-32,-64],[135,-268],[-286,-206],[-112,-10],[-128,-111],[-34,-109]],[[32620,37264],[-240,95],[-759,-37]],[[40359,38371],[-175,31],[-192,-71],[-222,31],[-135,82],[-620,210],[-170,19],[-31,82],[-301,58],[-193,137]],[[44163,37786],[-118,-68],[-475,456]],[[40354,38360],[-128,-453],[-75,-148],[-10,-207]],[[40141,37552],[-160,-92],[-107,-164],[-132,-313],[-122,-61]],[[39620,36922],[-190,-31],[-74,-135],[-88,76],[-64,-74]],[[39204,36758],[-287,222],[-240,47],[-314,162],[40,92],[-203,-9],[-36,216],[-269,91],[-50,-100],[-112,-3],[-124,89],[-137,-33]],[[37472,37532],[-363,254],[32,231],[-56,102],[85,102],[-256,2],[-115,84],[93,169],[-174,47]],[[37472,37532],[-230,-350],[-180,-164],[-281,-4]],[[52149,38059],[51,-198]],[[52200,37861],[6,-164],[-154,-499]],[[52052,37198],[-458,-78],[-290,-72],[-89,-139],[-336,70],[-227,-4],[-143,120],[-17,261],[-142,101],[151,169]],[[39204,36758],[22,-192],[-40,-407],[-118,-178],[-197,-466],[-75,-107],[-26,-303],[79,-413]],[[38849,34692],[-136,-2],[-192,-127],[-132,15]],[[38389,34578],[-208,85],[43,332],[-89,264],[-240,75],[-140,121],[-540,218]],[[32173,36046],[-550,-22],[-365,5],[-546,-51],[-318,-262],[39,-58],[-87,-205]],[[30346,35453],[-818,381],[-477,285],[-304,318],[-77,164]],[[47415,91802],[240,-133],[-9,-120],[214,-89],[176,-153],[-75,-90]],[[44047,91162],[-43,128],[66,275],[-130,120],[-37,117],[119,104],[-93,75],[-83,219]],[[13740,93004],[-75,-170],[48,-120],[-161,-57],[-240,33],[-85,-115],[18,-123],[-60,-244],[28,-133],[128,-61],[-81,-187],[153,-27],[43,-178],[150,-16],[-115,-216],[61,-90],[358,-30],[-14,-142],[288,-4],[41,-112],[-113,-148],[-125,-294],[-144,-95],[-243,-65],[-1153,497],[-167,585],[-127,33],[-1179,447],[-696,245],[85,611]],[[10363,92828],[568,104],[354,201],[561,207],[214,23],[112,-85],[530,74],[147,-28],[292,-199],[75,-90],[206,-101],[262,18],[56,52]],[[59940,92288],[751,-202],[-52,-158],[12,-591],[-127,-52],[74,-110],[159,-53]],[[60757,91122],[-33,-109],[77,-69],[98,-347],[-46,-263],[32,-170],[-141,-368],[-47,8],[-159,-341]],[[60538,89463],[-159,-55],[-84,-198],[-101,10],[-132,-619],[-24,-27]],[[60038,88574],[-395,80],[-206,-42],[-898,110]],[[58539,88722],[117,233],[82,261],[115,123],[9,338],[144,185],[55,289],[-93,31],[108,143],[101,261],[-167,310],[-123,93],[-306,591],[49,185],[98,52],[-37,133],[440,330]],[[58539,88722],[-591,59],[-5,-158]],[[57943,88623],[-171,-3],[-208,121],[-174,27],[-429,2],[-203,39],[26,78],[-251,44],[28,108],[-286,102],[-664,94],[-339,126]],[[52642,90703],[-51,24],[-669,48],[-257,43]],[[50340,90640],[-253,-89],[-519,8],[-26,-63],[-195,21],[-192,195],[-195,-77],[-152,72]],[[23389,90405],[73,-33],[46,-204]],[[23508,90168],[-222,-51],[-247,-105],[-1023,-86],[-422,-323]],[[21594,89603],[-187,-2],[69,106],[-11,134],[-281,78],[-119,75],[-233,5],[188,644],[-154,63],[-263,8],[-77,66],[-214,34]],[[20312,90814],[62,37],[62,500],[0,411],[113,234],[332,59],[240,-343],[-116,-147],[174,-409],[473,-44],[186,57],[289,-27],[159,-112],[51,-324],[-11,-417],[474,78],[589,38]],[[23389,90405],[243,4],[485,83],[110,177],[27,333],[211,100],[285,29],[96,176],[301,95],[306,8],[-29,184],[63,151],[157,89],[152,-24],[87,-97],[226,-61],[216,-134],[46,-84],[-159,-153],[125,-137],[84,-376],[-174,-82],[-580,-208],[-400,-103],[186,-25],[29,-63],[-378,-103],[22,82],[-179,-9],[-40,58],[-607,-69],[-411,-73],[-381,-5]],[[33404,91187],[387,462],[-99,-300],[139,33],[714,305],[-384,-243],[-21,-349],[-363,-16],[-108,-490],[-474,-104],[154,281],[37,249]],[[33386,91015],[18,172]],[[62598,91283],[348,-499],[64,-136],[-29,-101],[305,-17],[-23,-172],[255,-109],[145,-124]],[[63663,90125],[46,-229],[477,-341]],[[62087,88972],[-144,104],[-115,197],[-305,103],[-243,-37],[-144,60],[-598,64]],[[60757,91122],[1400,179],[441,-18]],[[67452,90729],[-96,-366],[-69,6],[-58,-278],[-102,-34],[-9,-334],[-51,-135]],[[65836,89130],[239,156],[-23,191],[79,429],[-593,108],[-726,113],[67,135],[47,257],[322,22],[308,288],[201,92],[-40,64],[372,40],[181,167],[315,-159],[155,-20],[712,-284]],[[33386,91015],[-287,-311],[-49,-203],[84,-472],[561,4]],[[33695,90033],[15,-192],[-274,-6],[31,-472],[271,8],[3,-149],[-178,1],[-32,-89],[-351,86],[-98,-67],[-5,-156],[-459,114],[-212,-105],[-197,3]],[[32209,89009],[73,215],[-21,238],[32,292],[-167,351],[5,157]],[[32131,90262],[18,328],[-187,328],[28,222],[203,51],[364,168],[667,44],[275,59],[-95,-275]],[[16364,91483],[89,2],[309,-123],[-98,-263],[-327,-586],[52,-272],[402,15],[422,182],[289,54],[358,-14],[-170,-465],[-2,-77],[-672,-671],[-191,-321],[-337,6],[-352,201],[-175,314],[126,206],[-93,47],[-391,349],[159,277],[333,-37],[41,284],[-232,438],[-315,94],[416,327],[359,33]],[[49385,89912],[-675,-42],[-467,18]],[[10861,91238],[396,-36],[225,-155],[245,-116],[-48,-300],[5,-257],[-133,-26],[-690,234],[-108,17],[-981,-81],[-71,211],[97,269],[392,136],[431,111],[240,-7]],[[21594,89603],[-193,-242],[-182,4],[-1041,151],[333,541],[-546,-25],[-845,4],[16,420],[48,216],[1128,142]],[[36533,87091],[-179,-2],[-86,-58],[-90,-376],[181,32],[-46,-108],[131,-138],[-32,-122],[184,-98]],[[36596,86221],[-221,60],[-134,191],[-441,102],[-172,-5]],[[35628,86569],[75,20],[-195,180],[22,225],[-257,75],[-196,153],[3,91],[-111,74],[171,159],[-352,286]],[[34788,87832],[162,30],[-90,141],[3,247],[98,149],[390,9],[154,120],[201,279],[-13,177],[182,453],[39,207],[333,319],[231,161]],[[36478,90124],[145,125]],[[32209,89009],[-39,-431],[17,-149],[-114,-283],[21,-118]],[[32094,88028],[-202,23],[-593,129],[-133,55]],[[31166,88235],[-201,564],[-1010,-24],[-363,39],[-425,-24],[113,142],[66,223],[448,375],[300,162],[191,179],[755,291],[536,64],[555,36]],[[33695,90033],[576,28],[2207,63]],[[34788,87832],[-376,-44],[-936,232],[-263,-17],[-494,135],[-240,-72],[-328,-6],[-57,-32]],[[53914,82449],[118,-81],[-34,-211],[-145,-44],[9,-145],[-60,-283],[187,-197]],[[53989,81488],[-84,-64],[-396,-52],[-412,-16],[-6,-48]],[[53091,81308],[-333,22],[-410,-4],[-373,34],[-254,72],[-99,-183],[32,-67],[-121,-103],[107,-58],[22,-126],[-135,-5],[-24,-100],[-147,-110],[105,-111],[-99,-99],[-336,-54],[-37,-193],[-343,-24],[-21,-72]],[[50625,80127],[-173,50],[125,138],[-93,201],[-295,152],[-23,177],[-339,148],[0,189],[110,281],[56,37],[39,306],[-384,322],[-153,61],[-190,3]],[[49305,82192],[-29,169],[253,178],[700,282]],[[50561,83001],[163,55],[191,-5],[529,-78],[288,-81],[613,-94],[440,-291],[643,-1],[486,-57]],[[22182,82750],[166,-152],[204,-361],[-30,-25]],[[22522,82212],[-184,-204],[51,-147],[98,-34],[-117,-105],[-128,21],[-202,-342],[-147,11],[10,-128],[-88,4],[22,-135],[-349,-9]],[[21488,81144],[-613,59],[-151,43],[-132,142],[-171,286],[-57,178],[-156,97],[-23,312],[-152,208],[-325,-79]],[[19708,82390],[257,301],[488,264],[1017,281],[370,55]],[[21840,83291],[-28,-179],[228,-258],[142,-104]],[[64148,82773],[-6,-65],[364,4],[474,-54],[927,-69]],[[65907,82589],[152,-442],[121,-241],[12,-259],[-233,-214],[-450,-206],[-558,-188],[-875,-241],[-795,-153]],[[63281,80645],[-73,176],[-106,512],[-98,227],[120,100],[149,4],[161,218],[98,208],[32,336],[162,69],[20,159]],[[63746,82654],[43,135],[359,-16]],[[42096,81869],[12,-54],[-153,-361],[202,-52],[15,-217],[-98,-171],[-36,-382]],[[42038,80632],[30,-202],[-362,-155],[-123,26],[-185,-418],[-153,29],[-62,-109]],[[41183,79803],[-884,107],[-950,349],[-743,170],[-458,37],[-435,92],[-249,15]],[[37464,80573],[-108,169],[-158,84],[-52,117],[78,351],[80,67],[-126,120],[-82,167],[408,248]],[[37504,81896],[590,77],[159,183],[216,124],[30,78],[279,370],[163,145],[90,7]],[[39031,82880],[135,-258],[474,-203],[197,5],[32,-173],[144,15],[603,-80],[-16,-37],[694,-129],[623,-139],[179,-12]],[[46883,82423],[0,-154],[254,-212],[144,-349],[-233,-374],[-224,-58],[-162,-123],[24,-203],[-107,9],[31,-148],[-141,-134],[165,-90],[-67,-92],[75,-315],[88,-185],[-68,-17],[-40,-226],[108,-133],[-26,-94],[156,-162],[9,-107],[-97,-49],[42,-98]],[[46814,79109],[-252,-32],[-286,12],[-833,232],[-14,53],[139,303],[-49,93],[-686,192],[-298,154]],[[44535,80116],[-71,281],[-142,362],[14,95],[275,143],[139,154],[-76,72],[-312,109],[-175,175]],[[44187,81507],[49,126],[143,56],[232,298],[333,32],[179,79],[275,56],[234,138],[19,239],[151,139]],[[18245,82134],[-254,-91],[-455,50],[-739,1],[-384,118],[-887,300],[-32,275]],[[15494,82787],[347,12],[23,80],[512,-39],[54,65],[226,11],[198,-203],[279,49],[19,81],[579,-81],[202,43],[96,125],[239,49]],[[18268,82979],[-162,-192],[11,-136],[117,-194],[11,-323]],[[27666,82054],[-305,-108],[-163,-17],[-427,-160],[-303,-85],[-527,-99],[-314,-112],[-182,-187],[5,-60],[-202,-36]],[[25248,81190],[-99,209],[-208,96],[-366,-101],[-152,321],[-57,280]],[[24366,81995],[95,180],[185,-20],[361,37],[229,-84],[283,39],[167,163]],[[25686,82310],[330,94],[636,43],[197,36],[64,157],[170,163],[248,5],[66,47],[154,-209],[-17,-121],[138,-145],[-90,-166],[145,-137],[-61,-23]],[[47343,82559],[776,-151]],[[48119,82408],[400,-57],[786,-159]],[[50625,80127],[182,-91],[-80,-175]],[[50727,79861],[-93,36],[-136,-89],[-696,-52],[-186,-82],[-464,-71],[-123,-59],[-161,17],[-294,-67],[-422,-27],[-53,-122],[-249,14],[-34,-127],[-162,-73],[-337,4],[28,-180],[-86,-23]],[[47259,78960],[-226,142],[-219,7]],[[37464,80573],[101,-234],[-104,-139]],[[37461,80200],[-272,-1],[-127,207],[-138,119],[-143,40],[-514,-133],[-344,-6],[-650,93],[-743,37],[-136,-65],[-487,58]],[[33907,80549],[-76,115],[102,84],[-151,88],[-81,116],[-87,-25],[-381,276],[23,124]],[[33256,81327],[272,128],[107,253],[-23,89],[136,188],[156,85],[349,60],[170,183],[44,117]],[[34467,82430],[284,-187],[236,-81],[335,-22],[186,-71],[412,7],[119,-73],[58,-136],[182,19],[182,119],[228,63],[474,-31],[341,-141]],[[44535,80116],[-302,-42],[-304,54]],[[43929,80128],[-99,8],[-74,110],[-564,156],[-188,-26],[-124,169],[-440,-14],[-402,101]],[[42096,81869],[153,-20],[35,132],[104,61],[264,-13],[309,192],[31,82]],[[42992,82303],[104,-58],[356,-72],[70,-80],[-88,-190],[-2,-132],[124,-139],[332,26],[191,-22],[108,-129]],[[21488,81144],[-53,-115],[-6,-243],[39,-126],[-119,-333],[-183,-370],[-129,-350]],[[21037,79607],[-368,-44],[-60,-148],[20,-152],[-505,-5],[-189,100],[-312,92],[-522,99]],[[19101,79549],[-198,326]],[[18903,79875],[247,39],[-280,123],[133,69],[-56,262],[-87,-8],[-11,255],[75,194]],[[18924,80809],[67,26],[184,311],[-100,470],[60,111],[-158,412],[10,179]],[[18987,82318],[484,31],[237,41]],[[25248,81190],[-50,-326],[-184,-454],[49,-325],[-238,-434]],[[24825,79651],[-78,38],[-399,-99],[-175,12],[-367,-139],[-29,-126],[-639,30]],[[23138,79367],[-556,62],[-851,48],[-694,130]],[[22522,82212],[220,10],[618,-37],[890,-205],[116,15]],[[33907,80549],[-273,-59],[-86,-96],[101,-106],[220,-25],[176,-74],[-138,-93],[-42,-232],[-83,-39]],[[33782,79825],[-298,134],[-268,47],[-61,-83],[-712,74],[-280,13],[-409,-272]],[[31754,79738],[-214,181],[-171,391],[20,159],[-274,80],[-10,179],[-109,55],[-55,132],[-292,95],[-317,153],[-328,195],[21,118]],[[30025,81476],[11,405],[333,62],[389,30]],[[30758,81973],[186,53],[560,-112],[223,-156],[339,-81],[-12,62],[598,-105],[384,-187],[52,-76],[168,-44]],[[59617,81522],[60,-310]],[[59677,81212],[-29,-64],[-303,52],[-35,95],[-148,-114],[62,-313],[-119,95],[-214,-4],[-147,-193],[107,-115],[-174,-6],[167,-180],[-130,-41],[-69,-103],[131,-39],[42,-136],[-84,-69],[3,-120]],[[58737,79957],[-262,-125],[-339,46],[-57,-111],[-185,-46],[-53,148],[-208,63],[-91,-25],[-79,97],[-113,-60],[-144,40],[-186,-70],[148,-132],[-112,-248],[-192,-30],[-36,-104]],[[56828,79400],[-116,-44],[-186,74],[-392,-109],[-116,52],[-193,-72],[-137,71],[-184,-60],[-446,184],[-115,115]],[[54943,79611],[-102,63],[15,146],[225,25],[39,-146],[225,-6],[8,71],[157,-37],[-7,149],[215,96],[-147,88],[117,17],[78,123],[104,13],[15,124],[119,87],[106,-45],[-54,191]],[[56056,80570],[138,253],[40,347],[107,61],[640,-44],[138,-28],[122,65],[387,-84],[148,26],[22,104],[192,69],[156,110],[106,145]],[[58252,81594],[190,-93],[4,122],[263,-34],[118,94]],[[58827,81683],[790,-161]],[[53989,81488],[79,-59],[143,27],[315,-114],[221,-28],[-46,-216],[-78,-140],[100,34],[105,-81],[416,-69],[-147,-55],[164,-160],[194,-17],[188,-92],[42,71],[175,25],[196,-44]],[[54943,79611],[-90,-179],[-338,-102],[-266,-269],[-77,-231],[-23,-314],[-221,-31]],[[53928,78485],[-257,-16],[-236,105],[-148,-97],[-185,51],[-197,197],[-315,139]],[[52590,78864],[52,195],[119,30],[64,568],[-6,142],[203,390],[23,283],[-13,403],[59,433]],[[52590,78864],[-260,48],[-187,-115]],[[52143,78797],[-140,41],[-161,-16],[-35,83],[208,-32],[85,76],[-166,243],[-222,9],[-216,137],[181,17],[-213,179],[-194,-100],[-99,171],[-116,22],[100,143],[-266,20],[-162,71]],[[59677,81212],[239,13],[223,-131],[217,-59],[459,-37],[280,-89],[-14,-111],[319,-99],[254,58],[-44,-223],[284,-210]],[[61894,80324],[-772,-290],[-332,-160],[-604,-323],[-436,-186]],[[59750,79365],[-154,277],[-220,112],[-459,98],[-180,105]],[[43929,80128],[190,-351],[168,-100],[193,-260],[36,-200],[130,-245],[-95,-90],[60,-175],[-32,-159],[63,-135],[-187,-179],[47,-79],[-195,-84]],[[44307,78071],[-274,7],[-217,92],[-191,-131],[-26,83],[-168,135],[-198,52],[-91,-41],[-513,30],[-1,115],[-311,58],[-220,-93],[-93,111],[-202,15]],[[41802,78504],[-41,9],[-231,377],[95,177],[-237,213],[-22,392],[-177,20],[-6,111]],[[41802,78504],[-249,-158],[-445,-109]],[[41108,78237],[-257,35],[-755,148],[-607,60],[-208,-39],[-669,120],[-246,69],[-900,165],[-236,96],[-301,49]],[[36929,78940],[128,248],[271,767],[180,239],[-47,6]],[[59750,79365],[-440,-235],[-823,-495],[-672,-371],[-757,-340]],[[57058,77924],[-22,496],[69,275],[-160,193],[-2,160],[67,161],[-182,191]],[[47259,78960],[25,-84],[-150,-171],[55,-125],[404,-34],[299,-63],[528,26],[190,-17],[464,-362]],[[49074,78130],[-454,-14],[-174,23],[-161,-172],[-50,-261],[307,-26],[77,-95],[-75,-199],[255,-42],[78,-84],[165,-8],[-17,-190],[140,-86],[659,-23],[10,-157],[340,-35]],[[50174,76761],[-78,-266],[-5,-442],[-119,-163],[2,-126]],[[49974,75764],[-253,-167],[-355,-360]],[[49366,75237],[-122,-32],[-134,-123],[-448,23],[-280,-45],[-688,149],[-124,-146],[-194,-29]],[[47376,75034],[-815,113],[-25,-56]],[[46536,75091],[-489,78],[-254,75],[21,56],[-1018,197],[-168,-108],[-148,-25],[-484,-157],[-188,-126]],[[43808,75081],[-85,130],[-118,-7],[-12,91],[-233,66],[-136,90],[-118,-57],[-189,151],[-29,177]],[[42888,75722],[23,24],[78,906],[68,146],[244,36],[0,54],[660,-21],[101,161],[232,-20],[34,176],[234,93],[78,91],[-60,140],[-194,88],[-119,301],[40,174]],[[52143,78797],[-157,16],[-90,-57],[13,-118],[-84,-85]],[[51825,78553],[-321,-31],[-225,-100],[-249,91],[-122,-33],[9,-212],[-90,-102],[-204,-114],[-191,-51],[-182,178],[-127,-8],[3,-95],[-310,25],[-286,-18],[-182,-146],[-274,193]],[[57058,77924],[-1297,-312],[-717,-236],[-538,-199]],[[54506,77177],[-172,365],[-48,10],[-59,238],[-234,478],[-65,217]],[[54506,77177],[-404,-168],[-518,-361],[-185,-240]],[[53399,76408],[-508,-19],[-335,56],[-394,174],[-274,68],[-220,147],[-308,80],[-597,92]],[[50763,77006],[-121,216],[26,186],[208,9],[1,135],[297,-33],[137,255],[153,55],[101,196],[11,248],[378,147],[-129,133]],[[50763,77006],[-320,2],[-292,-54],[23,-193]],[[42888,75722],[-98,126],[-330,104],[-152,-2]],[[42308,75950],[-99,102],[-311,124],[28,234],[-223,1],[-303,126],[-49,134],[-157,88],[16,125],[-746,124]],[[40464,77008],[12,433],[69,219],[158,188],[145,99],[260,290]],[[80271,54549],[-77,-202],[-243,-379],[-78,-175],[-171,-219],[70,-94],[-133,-150],[22,-168],[-71,11],[8,-320],[92,-149]],[[79690,52704],[-268,-243]],[[79422,52461],[-212,146],[-40,208],[-178,101],[-67,131]],[[78925,53047],[75,141],[99,47],[48,334],[-93,48],[-65,156],[-157,218],[53,53],[-156,134],[49,49],[299,89],[125,146],[-124,46],[130,161],[-58,104],[-344,38],[139,191],[182,120],[139,-1],[-174,89],[-168,-13],[-16,-90],[-200,53],[-232,-82],[18,308],[-54,469],[25,635]],[[78465,56490],[209,25],[416,-4],[586,69],[185,-42],[60,-79],[70,-294],[-12,-193],[-83,-219],[-107,-135],[121,-63],[321,-45],[384,-129],[188,-127],[-419,-478],[-113,-227]],[[78925,53047],[-748,88],[-160,47],[-466,32],[-424,-48]],[[77127,53166],[-222,70],[-102,87],[-43,161],[84,133],[-148,10]],[[76696,53627],[122,379],[124,15],[55,222],[171,46]],[[77168,54289],[100,280],[-69,148],[-589,160],[181,325],[76,43],[-101,177],[-69,334],[-1,165],[-144,327],[86,112],[272,200],[362,14],[512,-9],[389,-58],[292,-17]],[[75067,56509],[9,-228],[296,-10],[38,-430],[290,-7],[23,-360],[181,-328],[-118,22]],[[75786,55168],[-422,63],[-833,46],[-511,61],[-197,51],[-666,86]],[[73157,55475],[-35,79],[150,61],[118,152],[-162,-51],[-77,172],[83,45],[-57,95],[-160,4]],[[73017,56032],[-57,80],[494,190],[162,100]],[[73616,56402],[179,154],[185,-72],[225,1],[24,55],[219,-44],[439,-20],[180,33]],[[65699,55867],[-355,-265],[55,-103],[283,-107],[299,-158],[357,-267]],[[66338,54967],[-35,-86],[-155,-39],[-293,60],[-291,-19],[-356,242],[-139,6],[-120,79]],[[64949,55210],[-110,114],[-168,-39],[64,90],[-91,68],[-172,-25],[31,78],[-176,-73],[-165,-10],[52,173],[-182,157],[-101,-32],[-41,123]],[[63890,55834],[-78,158]],[[63812,55992],[293,39],[517,-102],[373,-24],[279,-55],[425,17]],[[69757,55898],[150,-40],[379,-28],[543,104]],[[70829,55934],[-11,-91],[419,-234],[278,-49],[-208,-606]],[[71307,54954],[-289,98],[-591,65],[-233,56],[-899,137]],[[69295,55310],[2,98],[157,10],[-37,142],[159,10],[81,92],[-206,105],[153,138],[153,-7]],[[85991,54626],[-212,-145],[-78,-224],[68,-183],[201,-211],[44,-156],[-61,-111],[182,-301]],[[86135,53295],[-159,-56],[-396,-27],[-399,23],[-297,-69],[-344,78],[-540,21],[-572,198],[-258,6],[-194,-75]],[[82976,53394],[-118,57],[-180,206],[-216,334],[-150,119],[-113,161],[-191,169],[-20,210],[55,17]],[[82043,54667],[92,1],[391,155],[256,288],[862,283],[506,15]],[[84150,55409],[154,-27],[580,-236],[323,-82],[177,-89],[248,-217],[359,-132]],[[75786,55168],[-312,-277],[-112,-272],[808,-60],[3,-184],[572,-102],[423,16]],[[76696,53627],[-291,-29],[-304,-65],[-304,3],[-187,-42],[-492,9],[-29,-84],[-698,2],[-13,56],[-632,22],[-151,30],[-37,-86],[-645,85]],[[72913,53528],[30,89],[166,62],[-123,92],[210,56],[69,85],[-83,57],[17,126],[95,91],[-453,138],[-60,-117],[-202,235],[94,131],[143,-49],[66,78],[-235,41],[-124,86],[23,73]],[[72546,54802],[130,-2],[293,166],[195,27],[-83,66],[-37,162],[-169,32],[226,103],[56,119]],[[95407,53420],[-384,15],[-125,-69],[-333,63],[-77,-53],[-361,-49],[-423,36],[-331,-131],[-200,1],[-15,-128],[-138,-118],[-221,26],[59,-150],[-225,-88]],[[92633,52775],[-116,-108],[-177,27],[-234,-212]],[[92106,52482],[-167,27],[9,272],[101,201]],[[92049,52982],[112,272],[84,22],[17,267],[49,34],[310,-79],[159,5],[-105,169],[131,142],[-108,43],[-31,106],[205,38],[3,119],[239,45],[102,174]],[[93216,54339],[139,143],[164,19],[32,-113],[133,-23],[141,91],[-120,112],[234,37],[103,222],[319,258],[162,4],[89,110]],[[94612,55199],[176,-74],[194,-235],[338,-577],[101,-297],[-73,-157],[-7,-226],[66,-213]],[[71307,54954],[0,-6]],[[71307,54948],[-87,-177],[-8,-290],[101,-42],[-111,-263],[-9,-462],[-176,-303],[-297,-220],[-150,-155],[-280,-396],[-133,47],[-278,-60]],[[69879,52627],[-145,-20],[-87,66],[-213,3],[-89,131],[-185,126],[-33,147]],[[69127,53080],[168,146],[-34,137],[240,142],[-154,114],[-84,-41],[-96,82],[180,73],[32,106],[-141,-11],[-85,78],[-100,-29],[147,177],[-62,32],[36,151],[152,0],[-48,171],[-114,71],[209,132],[-40,88],[202,128],[-238,241],[155,102],[-157,140]],[[88485,54993],[-161,-443],[-35,-474],[409,-15],[345,-80],[271,-119]],[[89314,53862],[-78,-400],[-448,-209],[-245,321],[-556,480],[-678,18],[-165,-317],[-46,-159],[381,-276],[131,-50],[315,-31],[502,-479],[-109,-374],[19,-362]],[[88337,52024],[-176,27],[-580,30],[-364,45],[-284,70]],[[86933,52196],[-3,61],[-399,336],[-28,418],[-368,284]],[[85991,54626],[359,-131],[531,132],[220,96],[430,248],[139,30],[795,-35],[20,27]],[[72913,53528],[-63,-148],[486,-118],[155,-8],[-12,-77],[168,-45],[-61,-129],[61,-496],[-81,-243],[62,-127],[-19,-266],[24,-211],[-75,-100],[-29,-346],[292,-40],[11,-124],[147,-68],[47,64],[170,-98],[-98,-108],[211,-65],[67,-75],[-203,-131],[168,-64],[67,-127],[-133,-43],[40,-243],[-64,-90],[102,-69],[-95,-57],[136,-105]],[[74394,49771],[-357,-131],[-357,183],[-232,30],[29,307],[-26,183],[28,454],[-366,214],[-327,75],[-714,13],[-381,-44],[-488,44],[-26,104],[-484,-43],[-112,40],[-63,-116]],[[70518,51084],[-105,123]],[[70413,51207],[105,264],[-143,82],[-78,189],[81,195],[0,380],[-383,1],[-116,309]],[[71307,54948],[308,-95],[931,-51]],[[80271,54549],[237,-50],[549,-169],[446,-338],[387,-259],[246,-135],[133,-252],[-214,-9],[473,-410]],[[82528,52927],[-95,-77],[-165,52],[-126,-105],[80,-39],[-266,-79]],[[81956,52679],[-378,59],[-245,100],[-207,3],[-525,87],[-402,-54],[-51,-130],[-458,-40]],[[89314,53862],[163,1],[132,-67],[153,0],[212,-168],[204,59],[70,-144],[333,-205],[592,-32],[338,-103],[295,-32],[243,-189]],[[92106,52482],[-103,-165],[198,-68],[-39,-54],[-290,-48],[-60,-157],[43,-83],[-196,-182],[-209,-132],[-288,47],[-198,-166]],[[90964,51474],[-289,62],[-771,217],[-255,38],[-315,109],[-997,104],[0,20]],[[95407,53420],[318,-41],[433,-496],[338,-83],[202,-193],[-170,-405],[-92,-592],[-133,-82],[84,-91],[-478,-123],[-277,-44]],[[95632,51270],[-222,-25],[-226,-112]],[[95184,51133],[-434,-3],[-721,161],[-310,120],[-186,193],[-247,572],[-475,484],[-178,115]],[[77127,53166],[-139,-275],[192,-253],[-165,-19],[28,-106],[-90,-100],[186,2],[-36,-112],[-169,-50],[-137,56],[-141,-78],[50,-71],[-211,-37]],[[76495,52123],[152,-173],[-87,-48],[-182,31],[64,-95],[-116,-30],[-37,-132],[89,-186],[356,-248],[-159,-88],[18,-242],[133,-94],[-116,-9]],[[76610,50809],[-141,37],[-64,-87],[123,-202],[-429,-118],[121,-35],[179,-154],[11,-153],[-60,-108],[-254,41],[-215,-179],[-196,25],[-170,-94],[-419,-128],[-117,87],[-256,-107]],[[74723,49634],[-329,137]],[[86933,52196],[-112,-404],[16,-360],[-92,-13]],[[86745,51419],[-852,-126],[-1452,-420],[-318,-64],[-349,157]],[[83774,50966],[-151,112],[-1069,75],[-329,-12],[-297,110],[104,213],[-310,73],[-168,-102],[-259,-57],[-384,-2]],[[80911,51376],[182,113],[-32,98],[326,51],[122,128],[-68,36],[220,52],[-2,115],[-142,-12],[78,128],[99,-18],[16,131],[160,102],[-134,71],[339,91],[-200,148],[81,69]],[[82528,52927],[84,-66],[385,443],[-21,90]],[[79422,52461],[58,-150],[158,-29],[-103,-53],[-166,-260],[3,-116],[-248,-115],[24,-62]],[[79148,51676],[-146,79],[59,116],[-353,37],[-34,36],[127,198],[-177,-106],[-150,40],[-29,-212],[-237,-72],[-72,-105],[-194,-4],[24,78],[-130,15],[0,119],[-402,109],[84,214],[-619,-55],[-287,-67],[-117,27]],[[80911,51376],[-27,-94],[-153,-66],[-191,24],[-48,-57],[118,-77],[-341,-24],[-18,-94],[-196,43],[-371,-47],[-101,-89],[139,-161],[-204,-168],[80,-23],[38,-142],[-93,-41],[-170,95],[-283,-58],[-113,54],[-15,-142],[-113,-9],[-156,138],[-135,24]],[[78558,50462],[286,130],[-27,103],[108,20],[-20,225],[165,192],[74,193],[-196,148],[167,47],[33,156]],[[95184,51133],[60,-85],[-51,-206],[-131,-170],[142,-97],[-80,-104]],[[95124,50471],[-312,-113],[-383,14],[-516,-74],[-387,-36],[-660,17],[-621,-2],[-515,-90]],[[91730,50187],[-288,-25],[-117,48],[-201,-114],[-434,12],[-268,33],[-270,-47],[-181,61]],[[89971,50155],[60,234],[110,138],[115,41],[-69,166],[98,122],[397,307],[165,239],[117,72]],[[89971,50155],[-114,-80],[-123,-181],[-102,-62]],[[89632,49832],[-308,124],[-273,59],[-329,0],[-161,32],[-986,114],[-283,104]],[[87292,50265],[-192,146],[-78,299],[130,182],[-66,535],[-72,-71],[-191,-35],[-78,98]],[[78558,50462],[14,-73],[-180,-92],[-69,-158],[-77,-23]],[[78246,50116],[-208,95],[-136,198],[-108,54],[-577,113],[-332,108],[-275,125]],[[83774,50966],[-9,-250],[72,-422],[-19,-274],[-53,-188],[-159,-75],[43,-150],[-153,-254],[44,-147],[135,-95]],[[83675,49111],[-54,-72],[-323,-196]],[[83298,48843],[-396,-125],[-143,50],[-107,-118],[42,-112],[-198,-36],[-274,-144],[-142,-188],[-77,14],[-85,-139]],[[81918,48045],[-263,192],[-208,106],[-279,58],[-315,194],[-646,316],[-554,186],[-346,291],[-345,157],[-471,-2],[-343,61]],[[78148,49604],[84,186],[-64,51],[78,275]],[[87292,50265],[-122,-242],[-384,-399],[-581,-126],[-1,-187],[325,-499],[-84,-132]],[[86445,48680],[-475,109],[-825,107],[-368,83],[-558,65],[-204,60],[-340,7]],[[95632,51270],[96,-268],[-30,-521],[-357,-85],[173,-322],[-29,-358],[249,-24],[1107,86],[101,-199],[-451,-170],[-564,-106],[-602,-195],[-216,-97],[-141,-197],[-261,-459],[-815,-483],[-135,-173],[-43,-138]],[[93714,47561],[-212,125],[5,78],[145,73],[-97,49],[-9,117],[-177,-13],[-96,83]],[[93273,48073],[4,13]],[[93277,48086],[222,467],[18,184],[112,140],[641,11],[224,35],[14,135],[223,76],[-52,109],[6,221],[104,261],[137,194],[47,145],[208,4],[131,64],[-24,312],[-164,27]],[[74723,49634],[-81,-217],[-170,-192],[-65,-249],[298,-15],[694,11],[907,-72],[861,-103],[543,-47],[125,33]],[[77835,48783],[-135,-108],[172,-227],[-166,-64],[219,-61],[12,-239]],[[77937,48084],[-305,36],[-563,23],[-317,-174],[256,-1],[65,-114],[-30,-238],[95,-185],[289,-158],[391,-107],[-44,-200]],[[77774,46966],[-132,-75],[-319,-359],[-158,-354],[9,-359],[-194,-116],[37,-146],[-8,-298],[-205,-154],[346,-107],[98,-94],[264,46],[100,-103],[162,16],[130,110],[90,-165],[-80,-193],[60,-96],[-235,-114],[117,-86],[225,89],[252,-233]],[[78333,44175],[-119,-124],[-176,-92],[-440,-333],[-138,-153],[-68,-334]],[[77392,43139],[-114,184],[-298,29],[-27,872],[-37,117],[-277,69],[-812,34],[-602,-68],[-109,-373],[22,-133],[105,-178],[-9,-100],[102,-167],[-21,-110],[223,-69],[698,-165],[217,-111],[319,-97],[609,-3]],[[77381,42870],[-19,-476],[-197,-450]],[[77165,41944],[-23,-130],[83,-131],[183,-144],[376,-386],[225,-313],[8,-64]],[[78017,40776],[-754,22],[-810,103],[-1669,318],[-175,-119]],[[74609,41100],[-555,140],[226,412],[303,653],[-520,83],[35,563],[-730,23],[-65,-545],[-116,-240],[174,-377],[159,-608],[30,-275],[-99,-23],[87,-357]],[[73538,40549],[-298,85],[-208,21],[-402,113],[-343,-22],[-489,210],[-402,312],[-1283,-38],[-408,-32],[-1058,47],[-444,-10]],[[68203,41235],[16,604],[-63,67],[-31,215],[69,166],[-53,133],[99,317],[-70,102],[-147,24]],[[68023,42863],[413,93],[272,141]],[[68708,43097],[312,-275],[113,-148],[294,-16],[246,-79],[338,29],[276,-221],[236,-3],[137,-217],[328,-62],[338,21],[385,-89],[310,276],[89,198],[-105,229],[123,119],[184,30],[60,313],[-82,243],[172,201],[169,641]],[[72631,44287],[208,246],[-58,70],[363,195],[-124,90],[87,116],[309,154],[-72,68],[249,-12],[-85,118],[64,116],[-398,145],[-131,87],[-268,35],[34,-91],[-77,-245],[65,-66],[-239,-12],[-92,49],[-260,22],[-123,111],[-320,-57],[-148,-95],[-193,92]],[[71422,45423],[32,120],[-206,100],[-5,92],[-232,92],[-133,167],[-586,-116],[-595,-187],[-368,-171],[-383,-121],[-539,-62],[-247,13],[-396,-262],[-116,-201]],[[67648,44887],[-307,107],[-384,51],[-355,189]],[[66602,45234],[51,343],[59,170],[318,11],[8,130],[430,129],[668,11],[398,67],[432,5],[178,-169],[107,47],[55,169],[182,42],[114,138],[199,106],[185,13],[72,63],[261,31],[-7,60],[-327,102],[16,84]],[[70001,46786],[459,-77],[387,51],[511,-228],[377,70],[207,-290],[142,-37],[310,9],[325,225],[435,449],[245,219],[135,74],[-282,54],[-358,-8],[-374,21],[-694,-32],[-323,15],[-735,-45],[-572,91],[-158,46]],[[70038,47393],[-231,134],[-85,177],[-320,168]],[[69402,47872],[-83,221],[14,165]],[[69333,48258],[288,30],[316,262],[314,-326],[232,-298],[87,-164],[245,-1],[407,-57],[156,-63],[145,263],[240,-4],[209,155],[221,256],[328,536],[-169,432],[-247,232],[-224,53],[-557,17],[-21,105],[-338,181]],[[70965,49867],[225,-39],[191,224],[140,246],[-108,265],[-78,287],[-312,128],[-505,106]],[[74119,45715],[488,-156],[385,-61],[328,-5],[26,-224],[403,178],[-165,-321],[-43,-160],[254,170],[81,97],[399,91],[58,-50],[453,-163],[-52,149],[-217,97],[202,152],[-248,15],[-50,201],[-189,-64],[-79,109],[-202,39],[40,73],[-113,98],[-139,20],[93,204],[-173,33],[-76,102],[-288,118],[104,192],[-108,12],[-54,116],[-139,-102],[-100,87],[-186,-6],[-284,-209],[-199,57],[-164,-25],[2,-67],[-165,122],[-262,-105],[54,-59],[-121,-202],[-234,-84],[12,-127],[-162,-337],[-37,-150],[393,51],[266,87],[208,7]],[[77800,11556],[-90,-21],[-499,-421],[-361,-228],[-408,-371],[-289,-87]],[[76153,10428],[-766,-45],[-733,31],[-166,-12],[-454,54],[-523,-35],[-243,-102]],[[73268,10319],[-277,-29],[-1902,9],[131,642]],[[71220,10941],[486,45],[380,-26],[316,26],[434,90],[-175,276],[15,161],[-29,563],[-135,418],[-11,189],[43,348],[176,145],[288,383],[258,144],[515,374],[442,221],[456,336],[40,193],[-51,175],[-128,241],[-118,-20],[-1084,36],[-557,8],[-365,-79],[-327,-38],[-695,-144],[-591,-57],[-727,-120],[-440,-36],[-673,-188],[14,-146],[-69,-159],[-165,-96],[104,-220],[159,-37]],[[69006,13947],[-185,-72],[-356,-51],[-297,-163],[-185,-2],[-713,-281]],[[67270,13378],[-100,199],[-149,170],[-243,108],[-370,-82],[-388,-19]],[[66020,13754],[55,248],[428,359],[-107,570],[84,733],[-343,-36],[-555,-386],[-451,-391]],[[65131,14851],[-656,-3],[-760,-174],[-244,-31]],[[63471,14643],[-16,196],[155,209],[47,692],[-12,453],[341,131],[312,-45],[229,14],[-117,144],[-586,303],[-135,-160]],[[63689,16580],[-111,119],[-2,359],[-87,251],[-52,313],[-1164,55],[-32,617]],[[62241,18294],[97,83],[521,36],[86,79],[88,270],[-307,237],[-229,81]],[[62497,19080],[197,91],[92,343],[224,68],[348,-153],[327,-246],[296,16],[205,-51]],[[64186,19148],[173,107],[850,-385],[522,-178],[221,-149],[407,-203],[379,-250],[355,-80],[60,262]],[[67153,18272],[217,178],[1222,-20],[316,-178]],[[68908,18252],[-90,-143],[1067,-377],[165,-138],[46,-330],[-169,-688],[45,-351],[236,-53],[79,-168],[273,-239],[134,13],[0,118],[231,73],[225,20],[30,63],[430,134],[38,180],[341,174],[-79,65],[98,76],[-198,-7],[-20,137],[-227,153],[91,157],[-139,148],[-79,288],[75,54],[179,-63],[50,201],[497,7],[183,415],[75,391],[-865,3],[-362,78],[-14,511],[-586,37],[-89,-67],[-200,-11],[3,217]],[[70382,19330],[522,69],[319,-73],[263,-9]],[[71486,19317],[977,59],[303,-58],[217,504],[8,342],[-28,300],[306,214],[0,205]],[[73269,20883],[121,110],[367,225],[133,121],[304,-5],[175,-108],[250,-431],[494,-122],[-246,386],[81,341],[-64,151],[61,197],[145,171],[-298,93],[-211,-71],[-220,-191],[-766,212],[-51,188],[-408,-74],[-12,107],[-118,93],[-619,100],[-89,-142],[-459,-142]],[[71839,22092],[-278,27]],[[71561,22119],[-222,16],[-107,-73],[-234,119],[-76,-76],[-283,-55],[-228,25]],[[70411,22075],[66,111],[-64,47],[110,430],[189,182],[315,200],[277,126]],[[71304,23171],[178,-20],[463,140],[439,-38],[916,2],[388,-17],[-84,-436],[29,-309],[460,109],[-119,303],[352,133],[29,201],[789,-54],[475,-19],[601,25],[121,145],[223,61]],[[76564,23397],[126,-61],[296,-39],[286,68],[152,-49],[272,15],[108,207],[-46,252],[-27,593],[49,80],[-98,244],[0,227],[-49,111],[84,174],[-78,212],[35,219],[-64,19]],[[77610,25669],[411,34],[364,-75],[54,29],[-52,489],[89,143],[91,14],[-26,115],[-695,69],[-309,151],[-691,214],[-205,84]],[[76641,26936],[147,630],[-176,238],[-454,507]],[[76158,28311],[715,208],[676,222],[985,226]],[[78534,28967],[13,-297],[127,-227],[224,-137],[463,1],[99,-34],[357,-377],[-26,-253],[182,-418],[250,-356],[2,-468],[-194,-240],[-2,-205],[248,22],[211,97],[396,-209],[-23,-158],[-188,-231],[-260,-33],[-544,13],[-828,121],[-59,-32],[-38,-305],[19,-364],[786,0],[72,-323],[41,-352],[-48,-184],[-92,-135],[-107,26],[-133,-427],[-89,-443],[-66,-478],[-220,-382],[502,7],[200,49],[70,-146],[280,-772],[304,-691],[479,-305],[350,-109],[274,268],[417,368],[320,628],[-295,118],[-126,101],[-90,197],[-18,320],[-457,8],[206,252],[-41,315],[402,215],[70,-13],[323,-286],[-6,-165],[171,-305],[80,-51],[1111,-260],[626,-200],[-251,-623],[-704,-1099],[-285,-363],[-494,-358],[-412,-130],[-394,14],[-112,-52],[-309,91],[-391,-44],[-548,80],[-266,-233],[-679,145],[-3,552],[-250,84],[-1075,-553],[-349,-36],[-824,-6],[180,-400],[285,-265],[211,-112],[486,-419],[115,-63],[-52,-112],[-236,52],[-214,-537],[-156,-12],[-232,-160],[-531,-171],[-407,-98],[-143,109],[-306,-62],[-619,-322],[177,-1348],[1206,34],[-191,-555],[-160,-357],[942,-81],[342,269],[609,172],[877,-36],[270,8],[273,-194],[1005,-545],[637,-311],[-625,-96],[-1026,-182],[-780,-186],[-341,-100],[-374,-78],[-577,-92],[80,-290],[53,-388],[3,-294],[69,-399],[37,-14]],[[74303,10974],[18,-94],[275,-82],[769,-3],[742,127],[119,281],[543,668],[37,182],[-115,246],[-176,78],[-871,249],[-205,79],[-272,166],[-165,-316],[-129,-500],[-164,-161],[-103,-168],[-51,-188],[-122,-126],[-156,-311],[26,-127]],[[74890,27504],[-165,-385],[104,-311],[228,-15],[-104,-112],[76,-151],[-81,-51],[43,-114],[118,-1],[120,97],[130,-155],[231,-59],[236,6],[122,51],[278,-73],[231,4],[158,-76],[156,-167],[165,-28],[67,-123],[344,-76],[263,-96]],[[76564,23397],[-128,359],[-263,74],[11,71],[-423,22],[-241,129],[-89,316],[100,8],[-205,161],[-2,79],[-355,54],[-157,55],[-356,-15],[-321,45],[-245,-92],[-236,159],[-235,113],[-746,35],[-204,-26],[-402,-105],[-306,3],[-431,-109],[-258,-152],[-145,-30]],[[70927,24551],[-52,366],[-155,365],[-237,276],[-168,116],[-291,-45],[-232,90]],[[69792,25719],[249,215],[-23,305]],[[70018,26239],[-75,311],[19,327],[183,191],[343,159],[163,39]],[[70651,27266],[309,57]],[[70960,27323],[788,105],[451,94],[364,158]],[[72563,27680],[146,-63],[-91,-70],[174,-159],[220,-6],[193,58],[321,-246],[205,37],[46,-100],[238,84],[32,138],[386,210],[59,-81],[127,122],[213,-36],[58,-64]],[[51266,27798],[209,-47],[-53,-128],[588,-112],[101,61],[164,-43],[160,85],[280,-69]],[[52715,27545],[-99,-220],[121,-360],[19,-157],[-68,-275],[47,-116],[-12,-216],[-98,-244],[34,-444],[-118,-285]],[[52541,25228],[-115,-322],[-61,-266]],[[52365,24640],[-211,53],[20,109],[-450,83],[-636,67],[-472,9]],[[50616,24961],[114,755],[-76,547],[70,437],[-23,209]],[[50701,26909],[-56,107],[23,268]],[[50668,27284],[70,195],[281,312],[247,7]],[[54651,26764],[283,-164],[122,-124],[-46,-156],[187,-168]],[[55197,26152],[115,-95],[-14,-108],[111,-48],[248,22]],[[55657,25923],[-82,-194],[-263,-182],[9,-180],[-95,-167]],[[55226,25200],[-229,36],[-383,-61],[-354,7],[-299,-54],[-388,54],[-188,-27],[-511,8],[-333,65]],[[52715,27545],[51,46],[446,-91],[-60,-120],[267,-132],[189,-33],[-95,-49],[170,-31],[2,-151],[397,-88],[38,-152],[320,-21],[52,62],[159,-21]],[[50616,24961],[-139,-518]],[[50477,24443],[-927,189],[-46,-64],[-492,-20],[-924,-16],[-160,-78]],[[47928,24454],[-81,-8],[36,270]],[[47883,24716],[87,171],[299,311],[159,213],[128,313]],[[48556,25724],[220,215],[158,274],[280,316],[128,276]],[[49342,26805],[332,22],[472,80],[361,20],[194,-18]],[[61218,25478],[179,-261],[418,-498],[200,-168]],[[62015,24551],[-309,-174],[-148,-401],[-272,-152],[-438,-129],[-276,109],[-260,7],[-23,-72],[-373,34],[-297,-3],[-359,107]],[[59260,23877],[194,344],[206,855],[223,366],[343,401],[187,79]],[[60413,25922],[261,-2],[139,-70],[405,-372]],[[57500,25529],[-69,-264],[-90,-110]],[[57341,25155],[-13,-292],[-53,-362],[-129,-476],[117,-245],[-403,-72],[-324,-19],[-7,-79],[-453,-29],[-34,-128],[-509,30],[-99,48],[-346,-60]],[[55088,23471],[-107,14],[29,176],[-87,6],[-61,165],[118,450],[-57,72],[121,45],[-75,182],[272,56],[-49,127],[58,260],[-24,176]],[[55657,25923],[292,-115],[211,-163],[-47,-149],[218,0],[120,-107],[309,189],[224,4],[104,-111],[133,-9],[279,67]],[[70927,24551],[38,-482],[-101,-163],[89,-251]],[[70953,23655],[-221,-68],[-197,13],[-506,102],[-95,133],[-740,115],[-339,87],[-337,167],[-84,190],[-520,251],[-81,10],[-36,137],[-285,4],[-23,122]],[[67489,24918],[754,436],[361,144],[482,77],[409,43],[297,101]],[[67107,24811],[382,107]],[[70953,23655],[68,-177],[283,-307]],[[70411,22075],[-154,35],[-77,-63],[-150,26],[-6,-96],[-157,8],[-107,176],[-90,-33],[-2,287],[-145,-57],[-138,87],[-41,-102],[-162,-8],[-118,-172],[-313,-64]],[[68751,22099],[64,28],[-40,171],[-495,222]],[[68280,22520],[241,89],[-255,68],[-15,49],[-240,72],[-143,193],[-593,116],[-483,201],[-361,189],[-780,177],[-15,-47]],[[65636,23627],[-318,96],[-22,104],[77,118],[-96,160],[-406,111],[-21,118],[76,95],[-313,154],[-170,-37],[-46,-125],[-156,47],[-87,-65]],[[64154,24403],[104,114],[-9,133],[-168,293],[-378,71],[145,140],[685,365]],[[64533,25519],[404,-30],[425,-184],[641,-374],[263,-93],[443,-50],[398,23]],[[59260,23877],[-97,-75],[-114,-248]],[[59049,23554],[-539,0],[-221,-105],[-404,-351],[-454,-107],[-181,-374],[-260,-127],[-38,-261]],[[56952,22229],[-656,73]],[[56296,22302],[32,175],[-350,-72],[-150,91],[65,236],[-17,163],[-340,10],[-30,149],[-523,39],[-104,143]],[[54879,23236],[151,-3],[58,238]],[[57341,25155],[220,-77],[27,141],[227,-5],[151,-53],[-50,-174],[168,-56],[-72,-162],[-216,-124],[-47,-143],[81,-93],[283,-18],[-5,-125],[142,52],[312,-11],[97,-98],[-130,-116],[133,-56],[238,34],[259,-95],[101,-99]],[[54879,23236],[-503,42],[-28,-48],[-602,64]],[[53746,23294],[40,85]],[[53786,23379],[-65,270],[-122,68],[9,143],[-163,259],[1,106],[-124,17],[9,126],[-194,25],[-116,112],[-271,83],[-385,52]],[[53786,23379],[-554,61],[-633,223],[-892,164]],[[51707,23827],[-454,104],[11,82],[-115,129],[-212,-8],[3,245],[-463,64]],[[65636,23627],[-63,-82],[104,-81],[-192,-356],[71,-123],[-194,-615]],[[65362,22370],[-856,-66],[-558,27],[-249,-15]],[[63699,22316],[229,217],[38,322],[-231,212],[51,92],[-334,24],[-97,61],[-216,19],[49,86],[-135,42],[14,146],[153,185],[-187,20],[-139,-57],[19,139],[-300,56],[170,311],[140,133]],[[62923,24324],[367,115],[106,-169],[656,199],[102,-66]],[[63699,22316],[-279,-141]],[[63420,22175],[-322,100],[-176,5],[-130,97],[-337,37],[-276,-24],[-453,21],[-647,53],[-501,79],[-230,-11],[-490,53],[-144,-41],[-289,-8]],[[59425,22536],[3,162],[-69,207],[-258,500],[-52,149]],[[62015,24551],[344,-135],[564,-92]],[[51707,23827],[-211,-203],[-406,-208],[-327,-61],[-186,-78],[-295,-212],[-341,-303]],[[49941,22762],[-504,68],[-366,-2],[-220,-61]],[[48851,22767],[-49,100],[-119,18],[-358,174],[6,182],[-180,25]],[[48151,23266],[116,691],[104,72],[-35,163],[-408,262]],[[68280,22520],[-436,113],[-283,32],[-589,-69],[-287,-199],[20,-342]],[[66705,22055],[-503,217],[-237,43],[-603,55]],[[53746,23294],[-222,-126],[-147,-271],[-12,-421],[-219,-2],[-13,-176],[73,-114],[-87,-468]],[[53119,21716],[-329,38],[-459,18],[-1448,121],[-325,3],[-286,147],[76,129],[-339,45]],[[50009,22217],[36,193],[-104,352]],[[59425,22536],[-20,-295],[203,-684],[265,10],[408,-48],[567,44],[60,-174],[-226,-138]],[[60682,21251],[-357,-69],[-334,95],[-68,-47],[-215,51],[-393,-80]],[[59315,21201],[-352,15],[-98,59],[-254,45],[23,121],[-163,69],[-295,-5],[-239,70]],[[57937,21575],[-92,194],[-411,-11],[-176,69],[63,157],[-217,47],[-152,198]],[[56296,22302],[-84,-128],[-220,-168],[-165,-346],[-283,5],[-249,-78],[17,-234],[-221,-417],[-145,-37]],[[54946,20899],[-342,12],[-36,224],[-475,17],[-8,-74],[-260,-3],[-514,-52],[-18,143],[67,75],[225,56],[-59,159],[-354,-34],[-13,90]],[[53159,21512],[-40,204]],[[68751,22099],[-349,-266],[-92,-208],[-143,-79],[-265,-58],[-135,-76],[-21,-581],[-31,-3]],[[67715,20828],[-630,-124]],[[67085,20704],[-91,141],[-170,124],[-832,519]],[[65992,21488],[382,342],[331,225]],[[50009,22217],[-81,-153],[82,-679],[-303,-48],[-296,-118],[-444,-96],[-29,45],[-229,-10],[-428,67],[-121,-87]],[[48160,21138],[-60,133],[-322,46]],[[47778,21317],[99,438],[-128,137]],[[47749,21892],[134,72],[181,309],[107,278],[573,201],[107,15]],[[63420,22175],[-157,-158],[-78,-317],[10,-167],[115,-50],[-131,-180],[78,-87],[-243,-278],[58,-63],[-46,-212]],[[63026,20663],[-262,-81],[-238,33],[47,68],[-118,163],[10,99],[-117,9],[-127,-81],[-357,35]],[[61864,20908],[-60,41],[-242,-19],[-200,71],[-89,-30],[-247,44],[-68,142],[-276,94]],[[71561,22119],[-167,-287],[5,-84],[-145,-226],[-179,-548],[-46,-341],[38,-261],[126,-163],[58,-260],[72,-51],[79,-281],[84,-128],[0,-172]],[[70382,19330],[-569,-79],[-367,30]],[[69446,19281],[-246,164]],[[69200,19445],[-76,114],[-511,114],[-78,355],[-269,94],[-546,430],[-49,105],[44,171]],[[73269,20883],[-4,61],[-426,188],[-226,318],[-156,26],[-131,120],[53,67],[-111,110],[-274,119],[-54,-66],[-218,148],[117,118]],[[65992,21488],[-743,-688],[-298,-2],[-191,-152],[-479,-139],[-89,-144],[-351,-170],[-262,-1]],[[63579,20192],[-64,116],[-180,157],[-309,198]],[[57937,21575],[-162,-323],[-407,-35],[-41,-70],[-182,19],[-147,-88],[-27,-118],[-192,-136],[-15,-76],[-329,22],[-82,-241],[-222,40],[-61,-74],[-154,64],[-297,52],[-46,-49],[-365,38],[-2,-115]],[[55206,20485],[-208,49]],[[54998,20534],[41,292],[-93,73]],[[53159,21512],[-387,29],[-25,-155],[-254,11],[-73,-250],[-66,-3],[-53,-300],[-14,-525],[-161,-201],[-93,-33],[-7,-160],[-101,-142],[-69,-260],[-149,-72]],[[51707,19451],[-197,160],[-280,10],[-298,-203],[-124,-159],[-185,-394],[-26,-234],[-85,-10],[-60,-201],[-96,-1],[-28,-161],[194,-29],[-78,-93],[-125,-367]],[[50319,17769],[-134,25],[-1007,9],[0,62],[-336,35],[23,97],[-373,62],[-161,-516],[-225,-32],[-308,22],[-55,-169],[-172,-8],[78,-164],[-426,-62],[-34,-151]],[[47189,16979],[-122,28],[-191,-199]],[[46876,16808],[-369,220],[14,28],[-526,31]],[[45995,17087],[180,301],[55,-3],[-7,315],[-138,240],[2,155]],[[46087,18095],[312,17],[516,-38],[537,4],[32,143],[-98,8],[9,152],[135,10],[148,209],[236,470],[110,51],[112,357],[85,9],[124,139],[229,26],[-82,156],[-77,17]],[[48415,19825],[19,92],[-147,112],[66,91],[-55,212],[-75,26],[46,146],[-184,25],[116,171],[-156,57],[80,103],[-139,50],[46,179],[128,49]],[[67085,20704],[-422,-101],[-359,-141],[-537,-337],[-215,-285],[95,-46]],[[65647,19794],[-138,-89],[-459,-69],[-231,86],[46,41],[-295,-38],[81,-101],[-151,-13]],[[64500,19611],[-272,81],[-207,166],[-191,72],[5,133],[-256,129]],[[59315,21201],[-173,-89],[-382,-81],[-207,-182],[83,-241],[651,-298],[254,-219],[216,-231],[308,-387],[75,-130]],[[60140,19343],[-10,-24]],[[60130,19319],[-337,103],[-240,-22],[-220,97],[-416,92],[-249,8],[-17,47],[-306,2],[-1,40],[-913,33],[-84,27],[-569,-19],[-317,25]],[[56461,19752],[-120,135],[-187,26],[37,241],[-288,26],[98,218],[-544,40],[-251,47]],[[54998,20534],[-160,24],[-68,-448],[43,-94],[-31,-288],[-385,-470],[-43,-3]],[[54354,19255],[-241,79],[-268,-158],[-474,3],[-293,-307],[-372,15]],[[52706,18887],[-251,35],[-362,114],[-26,83],[89,121],[-210,63],[-239,148]],[[61864,20908],[-214,-721],[67,-181],[-35,-83],[-23,-364]],[[61659,19559],[-352,-143],[-313,-46],[-276,77],[-182,-108],[-396,4]],[[64500,19611],[-314,-463]],[[62497,19080],[-406,94],[-261,168],[-171,217]],[[69200,19445],[-92,-88],[-137,85],[-332,49],[-361,-38],[-157,-54],[-418,34],[-312,-39],[6,-90],[-266,-1]],[[67131,19303],[-116,104],[-358,24],[11,-69],[-202,-14],[-72,249],[-212,-39],[-231,17],[1,105],[-183,22],[-122,92]],[[56461,19752],[-117,-33],[6,-402],[237,-14],[-89,-183],[-53,-345],[39,-188],[289,-55],[65,-277]],[[56838,18255],[-92,-253]],[[56746,18002],[-635,80],[-148,-46],[-17,193],[-196,-42],[-33,-101],[-172,-10],[129,-65],[-116,-61],[-537,135],[-185,124],[26,64],[-174,-1],[124,109],[180,-5],[40,129],[173,-21],[-109,109],[-61,178],[-332,188],[-321,86],[-28,210]],[[67131,19303],[-33,-82],[49,-275],[101,-212],[-95,-462]],[[60130,19319],[-100,-168],[-344,-360],[-108,-257],[93,-538]],[[59671,17996],[-257,7],[-121,-42],[-105,-169],[-335,-90],[-265,81],[-120,130],[-144,58],[-337,20],[-244,129],[-369,76],[-536,59]],[[69446,19281],[-42,-178],[-496,-851]],[[62241,18294],[-422,-102],[-182,-166],[-232,-123],[-115,75],[-111,-115],[-337,41],[-195,-117],[-410,58],[-254,-148],[-211,34]],[[59772,17731],[-101,265]],[[52706,18887],[-34,-240],[-78,-26],[-189,-276],[-26,-95],[-129,11],[-18,-245],[-223,-19],[-240,-73],[-78,-139],[-340,1],[-38,-172],[-211,32]],[[51102,17646],[-265,46],[-388,16],[-130,61]],[[56746,18002],[-48,-454],[-87,-455],[-177,1],[-15,-204],[-214,-14],[7,-158],[104,-168],[11,-362],[108,-53],[-96,-148],[-60,-440]],[[56279,15547],[-408,53],[-419,19],[-38,-62],[-309,15],[-55,-224],[-179,29],[-46,-126],[-663,45],[-233,33]],[[53929,15329],[97,133],[12,128],[-812,66],[-115,-252],[-232,17],[-3,146],[-462,41],[-687,115],[-474,39],[-328,103]],[[50925,15865],[139,254],[1,169],[-95,430],[129,564],[-90,25],[-3,131],[114,42],[-18,166]],[[63689,16580],[127,-166],[-335,-89],[-276,103],[-288,-20],[-124,28],[-270,-277],[-23,-115],[-240,9],[-757,86],[-234,47]],[[61269,16186],[189,263],[68,190],[-112,278],[-107,73],[-197,-7],[-216,-109],[-121,-176],[-324,-321]],[[60449,16377],[-139,-24],[-359,40],[-223,71],[-241,139],[-119,148],[-55,257],[459,723]],[[60449,16377],[139,-105],[46,-162],[-283,-487],[-148,-156],[-815,-26],[-659,-61],[-508,56],[-364,-26],[7,-225],[-569,18],[-80,-61],[-267,-1]],[[56948,15141],[15,208],[-372,90],[34,84],[-346,24]],[[50925,15865],[-355,35]],[[50570,15900],[-424,43],[-406,-11],[-470,105],[-657,97],[-133,76],[-335,22]],[[48145,16232],[20,40],[-282,49],[-384,150],[14,33],[-301,101],[20,130],[-43,244]],[[61269,16186],[-81,-292],[46,-184],[9,-381],[-64,-420],[62,-220],[155,-255],[318,-252],[85,12]],[[61799,14194],[335,-293],[196,-240],[173,-397],[209,-739],[91,-122]],[[62803,12403],[-418,-27]],[[62385,12376],[-47,47],[177,96],[-53,63],[-126,-75],[-145,45],[-225,-70],[-14,-224],[-79,-114],[-207,127],[-230,-120],[-273,15],[-327,56],[-14,-38],[-695,48],[-43,-158],[-100,39],[-287,-10]],[[59697,12103],[-5,75],[-159,66],[-94,119],[148,150],[63,162],[-323,31],[1,64],[-174,20],[-76,149],[-554,-8],[-30,69],[-208,-53],[-254,39],[-132,-66],[-419,-6]],[[57481,12914],[-69,214],[-120,81],[43,181],[-89,89],[9,150],[-70,148],[44,398],[125,9],[58,271],[-377,75],[46,144],[-121,15],[-52,209],[40,243]],[[63471,14643],[32,-277]],[[63503,14366],[-304,11],[-169,55],[-68,-67],[-410,27],[-113,-49],[-640,-149]],[[50570,15900],[-158,-350],[-220,74],[-148,-281],[-77,5],[-94,-205],[-62,-9],[-114,-307],[183,-23]],[[49880,14804],[-82,-578],[-132,-107],[-49,-391],[-195,-277],[-143,130],[-166,-234],[-225,53],[-152,-286],[-169,-139],[85,-23],[-44,-183],[-124,-11],[-12,-139]],[[48472,12619],[-28,16],[-935,57],[-265,62],[-280,10],[-191,62],[-11,-59],[-431,-14]],[[46331,12753],[26,324],[-488,115],[-42,56],[191,194],[-107,62],[121,149]],[[46032,13653],[93,-7],[67,123],[116,-1],[213,313],[82,5],[152,175],[260,181],[137,208],[92,-16],[41,119],[225,-12],[-21,194],[104,22],[61,197],[376,-33],[60,173],[119,552],[-288,39],[63,169],[161,178]],[[53929,15329],[-87,-192],[-21,-178],[-182,-365],[-65,-513],[126,-19],[43,-97],[-80,-291],[272,-44],[86,-189],[-89,-230]],[[53932,13211],[-439,40],[4,56],[-204,6],[6,62],[-373,16],[-23,-104],[-295,-3],[-14,-57],[-833,54],[-346,75],[-550,62],[-456,117]],[[50409,13535],[106,265],[-34,332],[182,275],[-188,48],[69,122],[-476,182],[-188,45]],[[66020,13754],[-115,-33],[-388,-3],[-259,-32],[-549,81],[-182,-196],[-168,-38],[-215,57],[16,186],[199,75],[74,121],[12,191],[685,111]],[[65130,14274],[50,258],[-130,206],[81,113]],[[57481,12914],[-247,-63],[50,-73],[-203,-69]],[[57081,12709],[-355,-21],[-387,62],[11,-93],[-187,14],[58,161],[-278,42],[-32,-73],[-255,48],[-381,0],[-152,-53],[-281,-1],[-180,92],[-132,-165],[-144,-22],[-84,70]],[[54302,12770],[-307,5],[-2,334],[-61,102]],[[71220,10941],[-211,-23],[-641,78],[-59,82],[-373,-158]],[[69936,10920],[-216,308],[-225,106],[17,123],[-177,49],[-51,71],[-154,-12],[-26,85],[173,193],[-10,135],[152,9],[44,101],[-549,185],[-185,303],[132,31],[26,266],[131,165],[-20,171],[239,44],[-44,297],[-72,4],[-117,158],[88,197],[-86,38]],[[65130,14274],[-216,46],[-572,33],[-429,-56],[-404,36],[-6,33]],[[50409,13535],[-91,-16],[-225,-408],[-57,-33],[-101,-392],[43,-69],[-119,-362],[202,-6],[99,-109],[-34,-172],[233,-68],[-46,-65],[271,-47],[-60,-133],[477,-28],[46,-184]],[[51047,11443],[-78,-229],[-107,-92],[-419,33],[-61,-249],[-123,19],[-113,-220],[-105,-296],[-266,-282],[-69,-216],[-90,-121],[-74,17],[-283,-361]],[[49259,9446],[-729,180],[-734,69],[-396,14]],[[47400,9709],[-1803,-141]],[[45597,9568],[-599,-43]],[[44998,9525],[110,551],[269,336],[274,500]],[[45651,10912],[312,-69],[465,-200],[197,-44],[131,-83],[243,66],[234,17],[233,69],[472,-39],[22,270],[69,159],[454,594],[49,217],[26,358],[149,392],[-235,0]],[[67270,13378],[-155,-37],[-400,17],[-229,-124],[-113,-176],[-210,-172],[-285,-163],[-14,-62],[-378,-141],[-364,-178],[-373,-232],[-477,-4],[-213,21],[-255,-39],[-34,-115]],[[63770,11973],[-634,180],[-333,250]],[[69936,10920],[-123,-20],[-82,-136],[-220,-55],[-25,-96],[-249,39],[40,-145],[-127,-101],[113,-63],[-272,-166],[82,-110],[-32,-85],[-258,-47],[-167,-91]],[[68616,9844],[-76,86],[-326,69],[-295,146],[-266,-33],[0,139],[-474,-5],[14,-96],[-458,15],[-520,-49],[-204,39],[-247,-40]],[[65764,10115],[-122,170],[-217,186],[-414,251],[-103,108],[-44,282]],[[64864,11112],[-34,181],[-249,263],[-204,149],[-434,211],[-173,57]],[[54302,12770],[-79,-309],[3,-175],[-70,-219],[-296,-503]],[[53860,11564],[-208,79],[-123,-151],[-266,55],[-126,-200],[-223,93],[-150,-107],[-98,17],[-85,-146],[-94,35]],[[52487,11239],[-142,96],[-376,88],[-424,22],[-498,-2]],[[59697,12103],[-72,-179],[-225,-199],[-49,-186],[-283,43],[-1,-112],[-138,-283],[-18,-180]],[[58911,11007],[23,-74],[-369,-33],[-204,15],[-227,74],[-46,-165],[-512,78]],[[57576,10902],[-15,52],[-496,87],[-172,68],[-104,-26],[-406,68]],[[56383,11151],[97,207],[-121,27],[46,241],[-135,172],[-65,168],[194,294],[136,-7],[55,147],[348,71],[83,226],[60,12]],[[56383,11151],[-50,-63],[-355,85]],[[55978,11173],[72,116],[-384,30],[-226,98],[-258,-35],[-410,79],[-410,17],[-502,86]],[[45651,10912],[-55,12],[85,306],[149,297],[114,346],[89,365],[9,243],[109,280],[180,-8]],[[62385,12376],[-197,-184],[-159,-437],[108,-15],[-116,-287],[-254,3],[-104,-297],[52,-5],[52,-293]],[[61767,10861],[0,-35],[-425,-2],[-52,-81]],[[61290,10743],[-711,128],[-66,-52],[-444,105],[-620,114],[-538,-31]],[[64864,11112],[-207,48],[-397,-49],[-337,-80],[-246,-163],[-374,-83],[-265,6],[-462,119],[-267,16],[-164,-54],[-378,-11]],[[76321,9119],[-96,204],[130,138],[-156,315],[37,202],[-163,112],[94,51],[-168,76],[154,211]],[[77800,11556],[549,-57],[1,-151],[841,-199],[826,-379],[-206,-370],[-369,-479],[-194,76],[-223,32],[-370,-2],[-185,-184],[-331,-228],[-463,-268],[287,-106],[-45,-159],[-238,-193],[-165,74],[32,102],[-84,148],[-292,-199],[-388,-29],[-462,134]],[[55978,11173],[-81,-188],[-196,-264],[-126,8],[-184,-195],[-27,-169],[-193,-311],[-112,-125],[-81,-198],[-377,94]],[[54601,9825],[-702,184],[-623,78],[-365,182],[3,54],[-281,57],[-270,99]],[[52363,10479],[97,119],[-161,65],[141,102],[127,313],[-185,41],[105,120]],[[52363,10479],[-383,-309],[-117,-165],[-56,11],[-179,-221],[-92,14],[-159,-168],[-220,-140],[-185,-328],[-144,29],[-225,-294]],[[50603,8908],[-201,58],[-1051,420],[-92,60]],[[65764,10115],[88,-337],[120,-206],[250,-267]],[[66222,9305],[-164,-52],[-89,-277],[-558,-42],[-182,146],[-457,-17],[-535,146],[-493,-45],[-62,-91]],[[63682,9073],[-487,-30],[-82,57],[-347,-53],[-161,46],[-617,60],[26,112],[-348,37],[-535,98]],[[61131,9400],[136,68],[25,113],[-116,15],[38,150],[-156,8],[79,235],[-136,27],[101,221],[100,337],[82,2],[6,167]],[[73268,10319],[-320,-200],[-144,-136],[-27,-375],[292,-444]],[[73069,9164],[-323,95],[-365,-43],[-485,-223],[-671,-177],[-346,-40],[-237,-89],[-639,-83],[-242,42],[-315,146],[-368,112],[-569,279],[-376,99],[-271,-46]],[[67862,9236],[68,94],[-130,45],[535,116],[-92,67],[206,24],[-91,47],[23,122],[235,93]],[[57576,10902],[-44,-244],[50,-164],[-44,-235],[180,0],[-62,-162],[-60,12],[-20,-640],[-81,-472],[-73,-268],[-188,-251],[52,-22]],[[57286,8456],[-31,-122],[-521,18],[-578,135],[-224,126],[-237,27],[-289,116]],[[55406,8756],[-542,172],[-244,34]],[[54620,8962],[110,244],[-18,177],[-110,118],[-35,220],[34,104]],[[61131,9400],[-35,-217],[-196,-344],[-179,-177],[-64,-148],[-350,-454],[-150,20],[-38,-108],[-208,-7]],[[59911,7965],[-609,124],[-296,17],[-444,131],[-353,49]],[[58209,8286],[-677,88],[-246,82]],[[76321,9119],[17,-363],[-75,-35],[-17,-238],[-111,-65],[87,-44],[-94,-76],[-232,-13],[81,-50],[46,-173]],[[76023,8062],[-130,28],[-451,-78],[-271,116],[-240,49],[-179,-69],[-292,-19],[-12,-148],[-138,-22],[68,-192],[-247,-191],[-229,-290],[-150,6],[-220,-100],[-47,-148],[10,-183],[-127,-88],[-110,108]],[[73258,6841],[-133,151],[182,70],[31,117],[-55,135]],[[73283,7314],[78,-55],[137,75],[143,274],[-10,176],[-110,103],[89,20],[6,215],[-72,52],[87,194],[-27,270],[84,114],[-104,60],[29,81],[-93,106],[-152,-51],[-70,87],[-154,14],[-75,115]],[[54620,8962],[-33,-45],[-488,-8],[-66,-272],[-75,-53],[-468,8],[-36,-226],[-97,-231],[-94,-120],[-782,-233]],[[52481,7782],[19,262],[-406,205],[-411,252],[-437,170],[-366,186],[-277,51]],[[67862,9236],[-47,-94],[79,-60],[-88,-78],[114,-95],[404,-42],[66,-168],[-142,-142],[4,-118],[-433,-223]],[[67819,8216],[-159,65],[-893,426],[-426,309]],[[66341,9016],[-113,156],[-6,133]],[[73283,7314],[-191,40],[-89,-118],[-105,4],[102,190],[170,123],[-826,23],[-162,22],[-202,121],[-474,36],[-38,63],[-266,-128],[-358,-266],[-50,-188],[-101,-159],[331,-70],[204,28],[298,-214],[-29,-64],[147,-208],[198,-126],[16,-140],[218,-33],[-81,-114],[78,-75],[-116,-75]],[[71957,5986],[-67,-116],[-106,120],[-359,-22],[-138,-130],[-29,-203],[214,-45],[163,-82],[74,-124]],[[71709,5384],[-195,70],[-719,41],[-99,-21],[-710,11],[-231,67]],[[69755,5552],[-209,174],[-155,201],[-383,326],[-127,149]],[[68881,6402],[-274,348],[-384,336],[-55,117],[70,679],[-304,284],[-115,50]],[[63682,9073],[-242,-50],[-137,-254],[171,-49],[-89,-369],[-73,-129],[87,-134],[289,-42],[21,-173],[158,-367],[-84,-228],[-26,-352]],[[63757,6926],[-133,-353],[-389,102],[-997,113],[-356,-16],[-84,-52],[-161,112],[-446,55]],[[61191,6887],[-96,65],[68,82],[-276,45],[-65,298],[25,166],[-156,-9],[3,165],[-255,5],[-343,-46],[-60,162],[-125,145]],[[66341,9016],[-254,-112],[-791,-875],[-140,-247],[-54,-179],[-278,12],[20,-147],[-200,-99],[-132,-232],[-66,-12],[-26,-165],[-102,2],[-124,-120]],[[64194,6842],[-184,64],[-253,20]],[[68881,6402],[-126,-148],[-488,76],[-795,-117],[-356,-11],[-297,73],[-856,39]],[[65963,6314],[-295,34],[-254,67],[-703,70],[-301,9],[-19,-54],[-339,55]],[[64052,6495],[142,347]],[[55406,8756],[29,-94],[-102,-172],[-58,13],[-153,-232],[-44,-288],[-250,-350],[-36,-138],[29,-359],[-129,-368],[-140,-274],[-3,-199],[-80,-217],[50,-291]],[[54519,5787],[-604,224],[-689,388],[-347,336],[-150,278],[-101,535],[-147,234]],[[58209,8286],[-89,-155],[-78,23],[-58,-209],[-160,-325],[-49,-491],[56,-6],[-47,-492],[84,-350],[-11,-203],[62,-14],[36,-226],[-101,-216],[-163,-171],[147,-652]],[[57838,4799],[-786,272],[-1175,391],[-1098,330],[-260,-5]],[[76272,4222],[-202,277],[-49,289]],[[76021,4788],[-230,286],[-127,112],[-58,149],[90,26],[81,140],[-115,286],[-231,121],[-177,-20],[-604,146],[23,90],[-133,80],[-274,67]],[[74266,6271],[-159,-40],[-257,16],[-339,186],[-141,-2]],[[73370,6431],[18,42],[-234,199],[104,169]],[[76023,8062],[346,-109],[298,-8],[573,218],[223,19],[430,-170],[615,-189],[197,-38],[657,-26],[323,-80],[300,-422],[-164,-521],[-69,-149],[-298,-363],[-385,-390],[-72,-345],[-731,-294],[-437,-136],[-601,-222],[-402,-166],[-554,-449]],[[61191,6887],[-77,-116],[-119,-341],[-191,-325],[190,-69],[0,-91],[-268,4],[-162,-175],[44,-27],[-312,-505],[-105,-216],[-398,-658]],[[59793,4368],[-46,-78],[-437,47],[-569,171],[-680,139],[-223,152]],[[73370,6431],[-326,-135],[-137,-97],[-150,-9],[-135,-230],[16,-78],[-211,-15],[1,92],[-124,78],[-347,-51]],[[64052,6495],[-144,-247],[35,-228],[-220,-464],[46,-235],[310,-632]],[[64079,4689],[-81,-58],[-1130,-353],[-246,-60],[-743,-96],[-489,-10],[-520,75],[-1077,181]],[[74266,6271],[-79,-378],[131,-9],[-118,-282],[11,-107],[-168,-149],[159,-162],[-6,-162],[59,-310]],[[74255,4712],[57,-762],[93,-93]],[[74405,3857],[58,-57],[-81,-122],[-27,-175],[-147,-93],[0,-288],[-361,-310],[-465,160],[-1067,278],[-922,253],[-395,86]],[[70998,3589],[543,361],[-200,354],[11,200],[81,418],[200,194],[76,268]],[[65963,6314],[-82,-307],[9,-254],[59,-120],[187,-97],[-49,-96],[81,-523]],[[66168,4917],[-622,-11],[-407,-66],[-651,-47],[-409,-104]],[[69755,5552],[-442,-193],[-246,-60],[-376,-179],[-315,-469]],[[68376,4651],[-820,211],[-656,82],[-732,-27]],[[76021,4788],[-830,-72],[-936,-4]],[[70998,3589],[-295,40],[-732,59],[-174,132],[-453,202],[-613,338],[-355,291]],[[76272,4222],[-347,-11],[-303,-190],[-182,0],[-125,-58],[-185,55],[-203,-25],[-49,-62],[-213,4],[-260,-78]],[[65072,52871],[-305,4],[-139,85],[17,-123],[-124,33],[-266,-48],[-130,66],[-69,-71],[-243,46],[40,57],[-297,0],[94,64],[-234,176],[-198,103],[-185,-14],[-171,81],[-237,-2]],[[62625,53328],[-297,240],[757,-5],[110,315],[225,361],[668,-183],[262,-39],[425,27],[80,-212],[139,-198],[-104,-432],[182,-331]],[[59200,52095],[-165,-194],[-324,-233]],[[58711,51668],[-364,434],[-16,250],[-209,148],[-436,209],[-848,-47],[-254,128],[480,258],[32,506],[41,282],[558,260],[260,-171],[55,-96],[-305,-615],[383,-360],[669,-370],[443,-389]],[[65072,52871],[125,32],[179,-105],[23,-98],[326,102],[212,106],[-1,-119],[128,-33],[-6,113],[183,-41],[19,53],[194,5],[315,82],[37,83],[287,81],[297,20],[-69,-41],[196,-119],[344,0],[-29,56],[205,-32],[-265,-118],[-52,-110],[-138,2],[-29,-103],[149,-131],[-106,-102],[-240,-116],[-153,-20],[57,-128],[-165,25],[32,-86],[-135,13],[-27,-107]],[[66965,52035],[-19,-3]],[[66946,52032],[-246,17],[-7,-63],[-181,-46],[32,-69],[-283,67],[-163,-129],[-291,-47],[-286,60],[-32,-110],[-182,28],[-212,-167],[71,-14]],[[65166,51559],[-224,-88],[-25,79],[-358,123],[-357,87],[-123,-2],[-79,149],[-444,43],[-672,223],[-270,68],[-96,140],[-34,325],[48,265],[118,183],[-25,170]],[[62625,53324],[0,4]],[[65166,51559],[-237,-297]],[[64929,51262],[-214,11],[-270,-137],[-48,144],[-153,-43],[-166,-163],[-54,44],[-218,-88],[-63,-74],[-90,56],[-89,-70],[-485,2]],[[63079,50944],[-35,64],[-1245,234],[-386,51],[-236,71],[44,413],[-24,130]],[[61197,51907],[0,158],[81,355],[73,574],[280,176],[194,46],[800,108]],[[63079,50944],[-111,-58],[-143,-232],[-67,-6],[-93,-270],[-272,-283],[-65,-144]],[[62328,49951],[-501,25],[-237,-18],[-414,25]],[[61176,49983],[-432,-14],[-328,-39],[-659,7],[-513,-34],[-153,71],[-165,4],[-539,-118]],[[58387,49860],[-97,54],[11,150],[122,90],[84,226],[-26,250],[204,441],[-43,281],[27,280]],[[58669,51632],[42,36]],[[59200,52095],[187,-80],[282,-211],[237,-111],[121,196],[363,407],[218,92],[146,-7],[180,-253],[263,-221]],[[66946,52032],[263,-269],[127,-30],[43,-128],[-78,-116],[8,-131],[105,-161],[-44,-302],[-96,-186]],[[67274,50709],[-46,-60],[-643,-22],[-313,60],[-459,24],[-484,-160]],[[65329,50551],[22,107],[-201,137],[20,157],[-163,163],[-105,42],[27,105]],[[70518,51084],[-301,55],[-24,-165],[-260,-167],[53,-138],[-84,-80],[-157,-22],[-39,-275],[-431,-63]],[[69275,50229],[-336,63],[-405,109],[-331,121],[-614,108],[-315,79]],[[66965,52035],[796,-139],[442,113],[606,27],[546,-6],[24,-497],[725,-26],[309,-300]],[[54055,51794],[393,-184],[-124,-27],[163,-88],[-78,-69],[144,-26]],[[54553,51400],[-90,-90],[73,-207],[185,-79],[-24,-84],[180,-43],[187,57],[64,-78],[81,73],[80,-89],[258,-138],[246,-81],[-44,-172],[309,-48],[-68,-248],[213,20],[225,-59],[-68,-99],[121,16],[141,-168],[-98,-169],[-115,-4],[-52,-99],[62,-149],[-92,-39]],[[56327,49423],[-364,21],[-147,126],[-287,51],[-328,201],[-252,-2]],[[54949,49820],[-358,268],[-452,247],[-595,241],[-375,388],[-85,152]],[[58387,49860],[-22,-109],[-223,-376],[108,-321]],[[58250,49054],[-152,-169],[85,-14],[-347,-102],[52,-77],[-255,-73],[-87,-101],[-170,-23],[-55,-99],[-318,-22],[0,-113],[-158,1],[-64,-211],[-145,28],[-156,-62],[-393,-61],[1,-60]],[[56088,47896],[-122,177],[-159,-6]],[[55807,48067],[161,104],[319,82],[-104,68],[158,4],[-181,297],[144,191],[-98,-23],[58,125],[-76,33],[91,113],[-130,53],[-45,124],[174,-49],[49,234]],[[54553,51400],[191,213],[346,61],[1218,-113],[312,-66],[496,-36],[746,28],[807,145]],[[65329,50551],[-13,-236],[-257,-668],[221,-295],[131,-4],[323,-190],[15,-128],[159,-138]],[[65908,48892],[-295,12],[-615,134],[-49,-23],[-393,75],[-475,53],[-274,-59],[-486,23],[-194,32],[-91,91],[-341,28]],[[62695,49258],[-212,9],[-122,58],[-74,339],[41,287]],[[70965,49867],[-291,-198],[-273,-61],[-296,-13],[-117,-79],[-268,73],[-526,51],[18,-52]],[[69212,49588],[-165,68],[91,274],[214,252],[-77,47]],[[54949,49820],[-92,5],[-516,-104],[-175,1],[-457,97],[-638,72]],[[69212,49588],[-130,-400],[-140,-344]],[[68942,48844],[-482,70],[-754,180],[-723,55],[-226,-76],[-369,-335],[-79,-204]],[[66309,48534],[-115,47]],[[66194,48581],[-92,111],[-104,2],[19,98],[-109,100]],[[62695,49258],[-174,-515],[-81,-435],[-127,-411]],[[62313,47897],[-420,-37],[-575,-22],[-173,-75],[-136,2],[-101,79]],[[60908,47844],[242,125],[-103,61],[12,96],[-500,263],[74,290],[215,505],[136,170],[20,206],[75,121],[97,302]],[[60908,47844],[-38,-142],[-228,-149],[-118,9],[-156,-84],[-182,-189],[-394,-34],[-355,74],[-385,39]],[[59052,47368],[-68,167],[25,210],[269,418],[-12,116],[-113,159]],[[59153,48438],[-259,328],[-298,252],[-190,84],[-156,-48]],[[55807,48067],[-76,67],[-601,84],[-398,141],[-469,272],[-240,168],[-638,306],[-581,169]],[[66194,48581],[-145,-29],[-223,-243],[-127,-25],[18,-115],[-168,-12],[-101,-155],[-240,-183],[-40,-153]],[[65168,47666],[-44,-80],[-407,83],[-89,-61],[-142,62],[-376,53],[-122,65],[-332,-13],[-168,-86]],[[63488,47689],[-282,31],[-153,129],[-740,48]],[[68942,48844],[-20,-46],[349,-75],[59,-272],[3,-193]],[[69402,47872],[-133,-160],[49,-157],[-35,-167],[-716,70],[-408,-74],[-239,-9]],[[67920,47375],[-38,254],[-446,37],[18,118],[-313,205],[-91,179],[-391,237],[-107,-90],[-92,35],[-151,184]],[[56088,47896],[-113,-70],[-179,-8],[52,-71],[-322,-162],[169,35]],[[55695,47620],[-35,-154],[-70,2]],[[55590,47468],[-155,-4],[16,192],[-324,82],[56,-81],[-44,-139],[-231,99],[-32,115],[-305,186],[-120,0],[-51,-134],[-272,-68],[-170,83],[-217,22],[-347,-128],[-141,134],[-171,35],[-115,-76],[-269,122],[-244,40],[-294,-23],[-238,106]],[[59153,48438],[-311,33],[-46,-176],[-206,19],[6,-329],[-73,49],[-208,-5],[-20,-150],[-360,22],[-44,-92],[159,-18],[-18,-81],[-170,16],[-41,-97],[-279,25],[23,55],[-561,79],[-133,-312],[-296,28],[-11,-84],[-170,10],[-46,236],[-370,107],[-283,-153]],[[67920,47375],[-220,-74],[-52,-137],[-114,-104],[-205,-80],[-499,-106],[-390,-129]],[[66440,46745],[-248,281],[-209,79],[-251,27],[-17,79],[-185,113],[-362,342]],[[59052,47368],[-144,-385]],[[58908,46983],[-417,21],[-69,-112],[-225,24],[-151,-44],[-51,-371],[-281,21],[-705,-107],[-3,-165],[-257,-138],[-454,17],[-427,54],[-492,-12]],[[55376,46171],[23,75],[-138,58],[-3,155],[-67,67],[160,72],[-159,23],[230,86],[-60,142],[150,201],[131,8],[5,127],[-99,6],[-45,127],[86,150]],[[70038,47393],[32,-404],[-69,-203]],[[66602,45234],[-143,70],[-626,187]],[[65833,45491],[87,220],[5,308],[411,54],[147,181],[28,362],[-71,129]],[[55376,46171],[-95,-128]],[[55281,46043],[-220,-6],[-158,91],[-169,4],[-302,173],[-296,-79],[-340,-36],[-15,96],[-719,69],[-784,319],[-494,249],[-388,1]],[[63488,47689],[-65,-108],[89,-12],[-32,-527],[79,-29],[-35,-503],[-61,-448],[-144,-342]],[[63319,45720],[-394,-2],[-436,41],[-346,6],[-282,-91],[-210,39],[-170,95],[-156,-59],[-234,-1],[-171,-62],[-108,-110],[-158,31],[-214,120],[-459,100]],[[59981,45827],[25,96],[512,375],[407,391],[90,186],[161,183],[10,128],[378,99],[491,285],[90,219],[168,108]],[[59981,45827],[-101,-81],[-116,36],[42,94],[-332,50],[-31,168],[-82,37]],[[59361,46131],[113,26],[-92,155],[145,108],[-148,74],[121,123],[-389,60],[-17,107],[-201,89],[15,110]],[[65833,45491],[-549,17],[-478,-96],[-170,-228],[37,-87],[-172,-167]],[[64501,44930],[-154,108],[-223,283],[-269,87],[-216,129],[-410,20]],[[63229,45557],[90,163]],[[59361,46131],[-367,-89],[-276,-14],[-53,-201],[-372,-250],[-131,-357],[-113,-184],[-158,-7],[-32,-72]],[[57859,44957],[-508,-1],[-596,81],[-101,101],[-255,35],[-48,60],[-325,25],[-205,72]],[[55821,45330],[-113,87],[50,72],[-50,139],[-169,29],[-4,153],[-149,192],[-105,41]],[[55821,45330],[-42,-237],[-79,-48],[-81,-179]],[[55619,44866],[-647,119],[-534,58],[-601,7],[-363,-93],[-823,44],[-705,177],[-104,73],[-290,39]],[[71422,45423],[-118,21],[-70,-93],[-358,-28],[-162,-72],[-301,-269],[-115,-339],[-3,-209]],[[70295,44434],[-136,-92],[-243,-6],[-153,-61],[-431,-15],[-269,20],[-465,-123]],[[68598,44157],[-162,152],[-373,56],[-135,192],[-20,265],[-260,65]],[[63229,45557],[-167,-40],[-339,-5],[-66,-265],[-192,9],[-62,-132],[-188,11],[-12,-69],[-391,-7],[-172,-546],[-559,62],[-63,-177],[-462,12],[-46,-126],[-549,47],[-73,-13],[14,-193],[-171,-9],[-45,-93],[58,-180],[-52,-122],[166,-213],[-224,-56],[-82,-156],[139,-79]],[[59691,43217],[-159,-85],[-3,-132],[-334,-42],[-76,-132],[20,-153],[196,-104],[94,-183],[-171,-123],[-157,-281],[76,-9],[-240,-343]],[[58937,41630],[-124,15],[-24,153],[-60,-48],[-188,57],[-425,228]],[[58116,42035],[-181,97],[-336,98],[-159,-49],[-28,188],[-263,207],[-241,4]],[[56908,42580],[-84,112],[-121,-33],[-101,86],[-64,199],[-208,21],[110,444],[119,-6],[-24,117]],[[56535,43520],[79,-39],[265,98],[-14,136],[251,7],[30,-106],[81,104],[230,-11],[81,335],[144,416],[67,-25],[64,237],[205,8],[-159,277]],[[64501,44930],[100,-142],[-126,-74],[-130,-324],[-72,-26],[17,-301],[94,-83],[19,-206],[187,-152],[-83,-279]],[[64507,43343],[-720,83],[-631,38],[-110,38],[-545,20],[-194,-101],[-81,-237],[-159,-204],[-616,52],[-337,66],[-908,108],[-515,11]],[[68598,44157],[221,-63],[-33,-388],[-58,-114],[-43,-362],[23,-133]],[[68023,42863],[-155,21],[-494,-21],[-263,15],[-345,-20],[-243,39],[-814,-6],[-260,-100]],[[65449,42791],[-740,72],[-162,134],[260,130],[49,84],[-108,87],[-241,45]],[[56535,43520],[-231,52],[-11,117],[-480,37],[-32,75],[-231,99]],[[55550,43900],[-18,68],[67,333],[20,565]],[[55550,43900],[-531,72],[-285,5],[-456,-447],[-37,-376],[-194,-453],[-213,-328],[-82,-47],[-408,-40],[-141,24],[0,-73],[-216,-36],[-78,-97],[-276,-34],[-54,-97],[-550,-577],[-230,-139],[-280,-46]],[[56908,42580],[-37,-193],[-186,-90],[-201,-25],[-107,-198],[-165,-195],[-203,-168],[-208,-81],[-867,-125],[-482,-44],[-353,-120],[-346,-68],[-484,-208],[-127,-29]],[[53142,41036],[-357,-51],[-263,0],[-181,-159],[-166,-30]],[[65449,42791],[-75,-41],[-299,-411],[-225,-99]],[[64850,42240],[-895,-76],[-223,-41],[-379,95],[-206,-105],[47,-64],[-317,-73],[112,-114],[-388,-41]],[[62601,41821],[-107,201],[-29,151],[-687,103],[-131,-234],[-100,-89],[-90,-193],[-184,-222],[-38,-249],[-275,-141],[-96,-155],[-207,-14],[-90,-99],[-239,-8],[-203,72],[-35,-78],[-266,131]],[[59824,40997],[-25,99],[101,222],[-7,164],[-190,-23],[17,101],[-509,-167],[-182,118],[-123,15],[31,104]],[[68203,41235],[-98,-257]],[[68105,40978],[-189,-275]],[[67916,40703],[-219,38],[-725,-130],[-232,-155],[-367,-39],[-60,83],[-246,34],[-246,-165],[-148,39],[-196,-122],[-211,11],[-75,-201],[-170,-24],[-35,-69],[-180,32]],[[64806,40035],[169,492],[-108,182],[-71,245]],[[64796,40954],[-53,263],[-115,185],[-53,278],[24,275],[90,43],[161,242]],[[58116,42035],[206,-234],[17,-110],[-448,21],[115,-170],[-64,-124],[-144,-21],[-71,-117],[-206,-55],[-258,-195],[-114,-256],[-255,14],[-260,74],[204,-240],[-20,-52],[-231,2],[-9,-136]],[[56578,40436],[-545,75],[-501,41]],[[55532,40552],[-26,121],[-224,58],[-315,26],[-535,105],[-162,-32]],[[54270,40830],[-465,77],[-393,22],[-270,107]],[[64796,40954],[-249,43],[-541,26],[-125,78],[-138,-5],[-55,-92],[-144,48],[2,-72],[-302,-92],[-59,89],[-618,76],[158,171],[-78,136],[-124,60],[157,46],[-79,355]],[[64806,40035],[-156,-177],[-214,-2],[7,-56],[-215,-201]],[[64228,39599],[-8,-264],[66,-46],[-113,-248]],[[64173,39041],[-370,73],[-372,11],[-243,133],[15,53],[-144,195],[-296,201],[-60,-110],[-215,-116],[-33,-117],[23,-239],[75,-209],[6,-342],[256,-275],[280,-78],[-455,-198]],[[62640,38023],[-108,138],[-231,118],[-17,-47],[-212,86],[-144,-31],[-277,78]],[[61651,38365],[-115,121],[-24,181],[-106,-16],[-56,126],[179,41],[-6,147],[-115,-24],[-127,66],[116,35],[-136,169],[-180,134],[-60,-103],[-58,121],[-180,-63],[127,288],[-303,59],[-222,170]],[[60385,39817],[44,152],[-159,51],[127,119],[-130,70],[-64,240]],[[60203,40449],[-24,134],[-187,-29],[-235,204],[67,239]],[[60203,40449],[-326,15],[-44,43],[-381,111],[-27,-47],[-600,119],[-365,-36],[-168,-58],[-25,-80],[-711,7],[-324,-71],[-300,-27],[-354,11]],[[73679,39341],[-70,-175],[134,-247],[242,-614]],[[73985,38305],[-13,-279],[88,-11],[290,-648],[115,-167],[-136,-108],[87,-78],[-147,-165],[135,-281],[192,-127],[-56,-70],[70,-116],[-92,-48]],[[74518,36207],[-399,15],[-75,-240],[-535,28],[-411,45],[-439,-4]],[[72659,36051],[-268,-79],[-203,-174],[-156,-242],[-238,-224],[-100,-161],[-261,-183]],[[71433,34988],[-204,214],[-750,245],[-366,351],[306,278],[517,153],[825,45],[109,125],[6,180],[-326,403],[-460,225],[-382,136],[-390,303],[-315,14],[-873,280],[306,-532],[-294,-298],[-538,119],[-558,91]],[[68046,37320],[78,295],[127,214],[263,277]],[[68514,38106],[295,250],[361,364],[65,182],[141,220],[-142,327]],[[69234,39449],[-61,45],[-31,972],[-27,197],[-452,85],[-747,-45]],[[68105,40978],[684,21],[112,-26],[510,7],[418,-52],[397,-16],[-102,-490],[78,-185],[-87,-237],[260,-240],[597,-239],[292,-97],[516,-83],[189,42],[476,31],[216,-19],[672,3],[346,-57]],[[54270,40830],[119,-233],[63,-292],[-483,139],[-58,-195],[-6,-638],[-635,94],[-303,-20],[-244,-235],[-196,-253],[648,-47],[822,-194],[446,-175]],[[54443,38781],[-101,-36],[101,-79],[-24,-92],[-233,-7],[8,-56],[-243,-93],[101,-65],[-86,-116],[-353,-83],[-112,79],[-61,-58]],[[53440,38175],[-225,53],[-93,-72],[-323,-119],[-599,-176]],[[69234,39449],[-873,-3],[-11,-147],[107,-215],[-46,-57],[-660,15],[-62,192],[-639,-44],[-96,-166],[-396,62],[-294,-48],[-312,82],[-258,108],[-57,93],[33,142],[108,151],[-560,27],[-110,-222],[-78,44],[68,120],[-277,9],[-52,-61],[-425,28],[-116,40]],[[55532,40552],[-132,-66],[43,-139],[309,-300],[281,-366],[277,-39],[170,-239]],[[56480,39403],[-129,53],[-107,-113],[168,-78],[-53,-121],[-275,27],[-360,-507]],[[55724,38664],[-731,42],[-550,75]],[[60385,39817],[-157,20],[18,102],[-242,-112],[-160,85],[1,-108],[-295,-40],[-151,-99],[-69,116],[-38,-96],[-245,-24],[-72,51],[-243,-193],[-164,55],[-22,-83],[-170,-58],[-213,-154],[-140,61],[-283,-44],[-220,145],[-45,-57],[-280,13],[-105,60],[-315,-47],[-84,168],[-173,-118],[205,49],[-60,-108],[-183,2]],[[76723,39676],[193,-437],[26,-307]],[[76942,38932],[-361,-17],[-196,-63],[-290,-448],[-58,-292]],[[76037,38112],[-168,2],[-302,116],[-544,135],[-603,-49],[-425,46],[-10,-57]],[[73679,39341],[189,383],[126,331],[188,249]],[[74182,40304],[116,-29],[421,-7],[1059,-161],[46,-152],[289,-68],[109,-61],[-45,-123],[123,-12],[223,79],[200,-94]],[[61651,38365],[38,-251],[-136,-125],[-370,-1],[-95,-213],[-128,16],[-78,-191],[-219,-165],[-469,23],[-73,-126],[-231,-33],[-487,125],[-414,181],[-321,89]],[[58668,37694],[-297,61],[-189,109],[-262,42],[-463,-49],[-104,-37],[-434,11],[-224,-80],[-705,83],[-341,10],[-215,117]],[[55434,37961],[-104,130],[18,115],[376,458]],[[64173,39041],[-97,-308],[-194,-128],[-212,-263],[117,-184],[167,-98]],[[63954,38060],[20,-502],[-318,-76]],[[63656,37482],[-187,168],[-206,5],[-11,67],[-164,10],[4,74],[-286,70],[-166,147]],[[68514,38106],[-635,-7],[-353,33],[-581,96],[-473,-94],[-188,-151],[-110,-8],[-778,97],[-26,-64],[-460,62],[-360,-32],[-596,22]],[[55434,37961],[-148,-26],[32,-116],[-358,50],[-262,-135],[-174,71],[-83,-58]],[[54441,37747],[8,143],[-102,181],[-572,31],[-335,73]],[[76037,38112],[177,-180],[112,-207],[410,-315],[79,24]],[[76815,37434],[138,-757],[-5,-343],[-63,-303],[-110,-236],[-258,-268]],[[76517,35527],[-168,-162]],[[76349,35365],[-135,-154],[-316,-237],[-46,1]],[[75852,34975],[-329,159],[-50,63],[103,131],[-180,93],[121,48],[-103,58],[-71,-72],[-218,58],[-302,-29],[-150,60],[-112,-96],[5,223],[-280,-72],[167,231],[-91,85],[136,141],[20,151]],[[63656,37482],[1,-250],[83,-243],[165,-177],[685,-116],[86,-61],[62,-262]],[[64738,36373],[-93,-221],[291,-348],[-173,-172]],[[64763,35632],[-155,-20],[-460,56],[-20,71],[-332,42],[-409,-114],[-482,91],[-159,-63],[-477,51],[61,-86],[-197,-114]],[[62133,35546],[-129,44],[-130,-59],[-194,1],[-23,163],[-177,197],[-204,0],[-336,108]],[[60940,36000],[-55,272],[-67,113],[-350,32],[18,156],[-581,69],[-511,15],[-137,49],[-664,-10]],[[58593,36696],[-3,205],[64,157],[-15,247],[29,389]],[[68046,37320],[-155,-352],[-91,-115],[-156,-80]],[[67644,36773],[-470,9],[-381,-93],[-1386,-231],[-323,-80],[-346,-5]],[[54441,37747],[-67,-441],[-134,-672],[-46,-321],[-597,22],[204,694],[-727,108],[20,231],[-431,-16],[-278,-164],[-136,3]],[[52249,37191],[-197,7]],[[71433,34988],[-285,-196]],[[71148,34792],[-478,77],[-929,75],[-81,32],[-643,54],[-80,132],[-166,70],[-358,57]],[[68413,35289],[124,244],[186,171],[-179,152],[-324,110]],[[68220,35966],[-105,238],[-348,456],[-123,113]],[[58593,36696],[-301,-10],[-369,-125],[-630,55],[-159,41],[-332,-160],[-614,-114],[0,-112],[-104,-225],[-5,-285]],[[56079,35761],[-220,83],[-531,74],[-541,-77],[-615,-423],[-186,-343],[-25,-215],[-90,-371]],[[53871,34489],[-189,27],[-274,-40],[-538,89],[-403,86],[-215,-456],[33,-299],[120,-54],[361,-74],[411,75],[494,-29]],[[53671,33814],[315,-302],[35,-259],[248,-220]],[[54269,33033],[-263,-518],[-139,-70],[-291,-265],[-177,-595],[24,-203],[98,-238]],[[53521,31144],[685,-705],[396,-203]],[[54602,30236],[-219,7],[-336,86],[-338,44],[-674,-27],[-691,20],[-383,-17],[-532,52],[-385,10],[-554,-39],[-191,28]],[[50299,30400],[-171,86],[-187,251]],[[49941,30737],[-134,363]],[[49807,31100],[49,639],[-38,266],[-101,236],[-302,280],[-241,180],[-390,378],[-278,515],[55,294],[322,537],[142,127],[124,18],[266,124],[190,146],[239,272],[289,450],[175,174],[646,485],[312,173],[315,242],[408,261],[260,294]],[[68220,35966],[-474,-265],[-489,-121],[-511,-189],[-477,-23],[-193,25],[-200,-34],[-362,-173],[-78,-99],[-172,-80],[-275,13]],[[64989,35020],[-171,8],[40,197],[-109,185],[14,222]],[[60940,36000],[-108,-110],[35,-69],[-162,-128],[-169,-42],[22,-68],[-161,-148],[-27,-144],[-580,-83],[-61,-34]],[[59729,35174],[-431,81],[-252,8],[-224,-46],[-211,36],[-448,-48],[-567,-203],[-584,-106],[-468,22],[-265,-28],[-200,-112]],[[56079,34778],[-64,455],[72,366],[-8,162]],[[75852,34975],[-337,-168],[-307,-210],[-104,-119],[-158,-366]],[[74946,34112],[-406,-29],[-283,57],[-618,49],[-419,282],[-108,215],[-5,401],[-107,262],[29,143],[-87,349],[-89,103],[-194,107]],[[74946,34112],[-35,-115],[-41,-495]],[[74870,33502],[-174,-8],[-61,78],[-508,19],[-12,64],[-185,24],[-335,-61],[-320,-129]],[[73275,33489],[-584,-266],[-604,-105],[-92,-76]],[[71995,33042],[-546,6],[-267,60],[-523,66],[-125,50]],[[70534,33224],[-28,363],[86,280],[124,149],[-11,128],[124,191],[-13,103],[185,120],[147,234]],[[68413,35289],[-164,-90],[-142,-314],[-23,-247],[-99,-222],[-164,-130],[-54,-293],[-36,-4]],[[67731,33989],[-132,67],[-130,194],[-342,143],[-98,-44],[-321,-16],[-179,33],[-52,-48],[-167,66],[-183,0],[-165,80],[-432,-1],[-94,-54],[-233,100],[-241,-36]],[[64962,34473],[-13,38]],[[64949,34511],[94,366],[-54,143]],[[62133,35546],[-217,-175],[-71,-426],[149,-30],[-46,-112],[238,-47],[-55,-230]],[[62131,34526],[-162,-40],[-79,-84],[-136,5],[-51,-183],[-133,-121],[-145,-260],[-121,26],[-54,-113],[-114,0],[-5,-159]],[[61131,33597],[-147,-27],[-151,130],[-75,-30],[-245,77]],[[60513,33747],[69,112],[-127,99],[75,74],[-116,116],[-179,34],[-241,127],[-109,152],[-312,165],[17,167],[160,346],[-21,35]],[[56079,34778],[81,-24]],[[56160,34754],[-102,-209],[-188,-208],[-204,-82],[97,-152],[102,-280],[95,-97],[63,-545],[643,5],[464,-335],[484,-258],[393,-112],[34,-158],[242,-76],[24,-90]],[[58307,32157],[-101,-321]],[[58206,31836],[-110,-84],[26,-179],[-382,-170],[-130,-140],[-288,-166],[-180,-267],[-57,-179],[19,-435],[61,-28]],[[57165,30188],[-78,-12]],[[57087,30176],[-482,63],[-84,271],[-89,48],[158,121],[-86,207],[-101,102],[-298,96],[-408,62],[-913,187]],[[54784,31333],[66,383],[-22,118],[81,568],[-101,279],[-230,170],[-140,155],[-169,27]],[[53671,33814],[37,204],[163,471]],[[64949,34511],[-174,20],[-855,-6],[-309,-17],[-1480,18]],[[70534,33224],[-525,92]],[[70009,33316],[-876,-17],[-508,192],[-179,43],[-179,-17]],[[68267,33517],[-177,214],[-193,21],[-18,108],[-148,129]],[[60513,33747],[-58,-99],[-296,-112],[-115,-117],[-448,24],[9,113],[-142,52],[66,51],[-274,48]],[[59255,33707],[-12,114],[-337,78],[-16,96],[-188,15],[-11,81],[-190,-32],[-107,77],[-160,-127],[-166,94],[-100,-28],[-510,95],[-403,99],[-291,213],[-30,66],[-283,139],[-291,67]],[[59255,33707],[-121,-5],[-9,-194],[-234,-209],[-203,-251],[-90,-180],[-46,-594]],[[58552,32274],[-28,-62],[-217,-55]],[[64962,34473],[-188,-243],[38,-160],[-60,-130],[96,-93],[-96,-196],[83,-14],[-129,-151],[-30,-310],[-120,-151],[104,-12]],[[64660,33013],[26,-208],[-201,-201]],[[64485,32604],[-202,43],[-156,-34],[-81,-169],[-331,85],[-163,-55],[-185,16],[-315,145],[-199,157],[-158,21],[-91,90],[-172,40],[-489,8]],[[61943,32951],[-53,190],[20,156],[-224,59],[-35,91],[-336,36],[-184,114]],[[68267,33517],[-96,-61],[-495,-13],[-48,-62],[-188,-25],[-90,-180],[73,-20],[-16,-354]],[[67407,32802],[-43,-58],[-653,66],[-130,-17],[-344,140],[-32,-151],[-300,5],[-342,94],[-160,80],[-269,-27],[-125,47],[-349,32]],[[74870,33502],[60,-167],[247,-243],[147,-358]],[[75324,32734],[51,-163],[36,-421],[-30,-209],[46,-319],[85,-293],[98,-131],[398,-281],[98,-148],[90,-262]],[[76196,30507],[-178,-8],[-238,-127],[-739,35],[9,-102],[-289,2],[33,77],[-219,0],[6,-49],[-209,-11],[-210,45]],[[74162,30369],[103,272],[-20,149],[117,272],[-44,119],[28,411],[-114,248],[228,313],[-12,146],[-197,150],[-370,37],[-9,122],[-88,44],[-198,-50],[-46,291],[-184,197],[-93,190],[12,209]],[[61943,32951],[-180,-258],[-217,-157],[-149,-159],[-122,-281],[-404,-208],[-124,-171]],[[60747,31717],[-223,62],[-350,-36],[-70,-236]],[[60104,31507],[-644,-12],[-122,97],[-156,240],[-199,182],[-431,260]],[[74162,30369],[-876,97],[-372,11]],[[72914,30477],[55,155],[-201,74],[4,153],[-104,176],[234,432],[-220,-33],[-174,86],[-230,49]],[[72278,31569],[28,73],[-16,482],[-35,162],[-192,209],[-14,223],[-93,28],[84,233],[-45,63]],[[70009,33316],[25,-493],[-94,-61],[-73,-193],[-104,-118],[29,-270],[64,-12],[-101,-416]],[[69755,31753],[-33,-47],[-609,66],[-245,72]],[[68868,31844],[-174,83],[-399,37],[-350,126],[-292,12]],[[67653,32102],[-155,220],[63,133],[-154,347]],[[72278,31569],[-21,-159],[-574,31],[-13,94],[-639,-21],[-646,24],[-416,54],[2,128],[-216,33]],[[67653,32102],[-194,-31],[-120,33],[-232,-156],[-269,0],[-101,-203],[-216,-57],[-104,-234],[-235,-101],[-135,-128],[-67,-257],[-344,-4],[11,-71],[-822,29],[-334,87]],[[64491,31009],[-48,11]],[[64443,31020],[98,197],[3,439],[95,103],[-116,119],[-8,392],[144,209],[-144,-12],[-30,137]],[[64443,31020],[-549,26],[-1471,13],[-527,61]],[[61896,31120],[-17,244],[-569,39],[-191,44],[-372,270]],[[54784,31333],[-32,-160],[-294,-74],[-243,-14],[-694,59]],[[60104,31507],[-5,-147],[75,-290],[-205,-42],[122,-108],[-59,-87],[261,-47],[29,-153]],[[60322,30633],[-91,34],[-274,-108]],[[59957,30559],[-418,473],[-256,229],[-251,95],[-262,199],[-250,78],[-314,203]],[[68868,31844],[-84,-390],[-104,-142],[-4,-143],[-176,-374],[-115,-39],[-148,-146]],[[68237,30610],[-298,-9],[-237,53],[-324,28],[-306,-87],[-213,-245],[-255,-67],[-90,30],[-288,-40],[-76,47],[-242,-5],[-131,-159],[44,-51],[-138,-145],[172,-23],[67,-75],[-150,-133],[17,-178],[-178,-122],[-324,-48],[-99,-94],[-320,-37]],[[64868,29250],[-215,107],[-496,177]],[[64157,29534],[-35,54],[14,454],[-112,100]],[[64024,30142],[-20,169],[323,317],[83,294],[81,87]],[[72914,30477],[-3,-144],[-85,-166],[-202,-94],[56,-37],[-123,-300],[-123,-71],[-174,6],[-164,-194]],[[72096,29477],[-636,139],[-269,135],[-384,59],[-309,85],[-266,-97],[-110,55],[-192,-90],[-240,16]],[[69690,29779],[-115,40],[118,110],[-175,94],[168,70],[54,98],[-489,121],[-305,8],[-382,-46],[-90,109],[-193,15]],[[68281,30398],[-44,212]],[[59957,30559],[-118,-62],[-303,-11],[-183,-64],[-217,13],[-453,-98],[-286,-248],[-30,-274]],[[58367,29815],[-167,-45],[-249,76],[-83,-21],[-376,227],[-275,26],[-52,110]],[[61896,31120],[-298,-363],[-34,-295],[55,-214],[-110,-292],[-2,-120]],[[61507,29836],[-101,38],[-84,215],[-287,61],[-61,145],[43,166],[-75,94],[-354,134],[-266,-56]],[[57087,30176],[-51,-173],[254,-284],[237,-112]],[[57527,29607],[-382,117],[-310,51]],[[56835,29775],[-632,57],[-237,62],[-255,1],[-502,-81]],[[55209,29814],[-145,80],[-72,118],[-260,106],[-121,-35],[-9,153]],[[64024,30142],[-445,-73],[-221,60],[-569,10],[-68,-43],[-380,-14],[-360,-74],[-96,30],[-87,-214],[14,-176]],[[61812,29648],[-305,188]],[[68281,30398],[-517,-175],[42,-55],[-152,-291],[-98,-56],[-39,-241],[99,-178],[-95,-192],[43,-198],[99,-77],[556,-166],[126,-118],[74,-574]],[[68419,28077],[-61,-78],[-169,-18],[-125,-225],[-185,-38],[-245,27],[-162,-36],[-13,-88],[-351,-10],[-356,40],[-38,-83],[-971,39],[-57,-53],[-159,82],[-507,19]],[[65020,27655],[-107,92],[-8,218],[-116,157],[46,155],[-265,43],[122,74],[-139,33],[9,216]],[[64562,28643],[-146,171],[232,60],[3,97],[236,99],[-199,40],[180,140]],[[76153,30104],[-147,-220],[-125,-113]],[[75881,29771],[-1222,-650],[-277,-136],[-550,-324],[-184,-132]],[[73648,28529],[-452,294],[-719,210],[-362,-2],[168,189],[-178,87],[-9,170]],[[76196,30507],[10,-267],[-53,-136]],[[61812,29648],[136,-17]],[[61948,29631],[-170,-58],[55,-125],[-194,-124],[29,-74],[-81,-175],[99,-131]],[[61686,28944],[-530,51],[-329,6],[-214,74],[-222,27],[-55,55],[-364,14]],[[59972,29171],[95,337],[-217,144],[-275,-46],[4,85],[-148,-79],[-303,-11],[-180,-68],[-191,131],[93,37],[-179,138],[-304,-24]],[[69690,29779],[-85,-25],[141,-184],[12,-107],[-108,-126],[133,13],[176,-61],[232,-254],[-67,-131],[163,-103],[-41,-355],[173,11],[27,-170],[196,29],[278,-129],[-125,-56],[-3,-102],[197,-38],[-183,-165],[182,-39],[-68,-89],[-177,80],[55,-166],[158,55],[-69,-137],[73,-207]],[[70651,27266],[-110,109],[-293,105],[-181,3],[-454,284],[-105,96],[-167,49],[-439,35],[-90,61],[-393,69]],[[55209,29814],[18,-120],[-79,-39],[37,-225],[-71,-73],[214,-74],[-221,-163],[-52,-103],[-146,-12],[98,-204],[-145,-112],[-153,-28],[-20,-135],[-118,-68],[152,-108],[119,-275],[-186,-159],[149,16],[-139,-129],[193,-207],[-129,-21],[-67,-117],[-269,-54],[119,-27],[-16,-97],[178,-153],[-139,-29],[-33,-127],[165,-17],[-17,-190]],[[51266,27798],[198,16],[14,256],[-248,228],[14,69],[-286,140],[-62,88],[197,62],[-158,103],[-64,127],[-26,223]],[[50845,29110],[-87,293],[15,148],[-147,430],[-215,238],[-112,181]],[[64157,29534],[-312,12],[-194,-71],[-92,-182],[-258,-45],[0,-111],[-431,-41]],[[62870,29096],[-159,233],[-57,149],[-246,162],[-338,36],[-122,-45]],[[59972,29171],[-260,-34],[-131,-109],[-156,-11],[-35,-169],[-262,-6]],[[59128,28842],[-598,202],[-147,78],[-567,150],[-73,204],[-216,131]],[[73648,28529],[-98,-92],[-859,-644],[-128,-113]],[[56835,29775],[-328,-202],[-393,-473],[-721,50],[-152,-655],[363,-27],[1108,-47],[-111,-390],[96,-240],[63,-529]],[[56760,27262],[-1392,-1004],[-171,-106]],[[59128,28842],[69,-286],[-60,-468],[89,-167],[131,-33],[42,-196]],[[59399,27692],[-92,26],[-605,-29]],[[58702,27689],[-305,6],[-329,-149],[-521,-72],[-138,-85],[-128,-2],[-347,-113],[-174,-12]],[[62870,29096],[50,-186],[132,-43],[199,19],[-98,-65],[-22,-138],[554,-13],[234,-34],[452,-11],[191,18]],[[65020,27655],[-178,-139],[133,-90]],[[64975,27426],[-218,-44],[-170,-82],[-376,-88],[-144,28],[-350,-172],[56,-238]],[[63773,26830],[-247,-102],[36,210],[-162,-83],[-136,40],[-336,-58],[17,-263],[-211,-131],[-263,-42],[-187,46],[-137,-22],[-156,-124]],[[61991,26301],[-106,103],[-222,-54],[-73,62],[128,150],[-133,36],[127,160],[184,91],[-83,191],[-79,-210],[-101,-11],[35,155],[-216,182],[52,98],[-84,247],[-170,-26],[-10,114]],[[61240,27589],[-89,145],[8,106],[-210,46],[-43,263],[195,303],[347,58],[26,85],[142,-5],[-83,76],[-128,-10],[-8,103],[164,-38],[125,223]],[[61240,27589],[-239,-4],[-538,-104]],[[60463,27481],[-367,-5],[-326,-41],[-110,246],[-261,11]],[[70018,26239],[-130,-14],[-374,102],[-274,116],[-210,24],[-24,91],[-156,-44],[-159,93],[-196,11],[-146,109],[-490,-82],[-14,-75],[-342,-68],[-272,20]],[[67231,26522],[-63,62],[-313,30],[-172,-61],[-289,9],[-312,109],[-131,-16],[-83,145],[-361,45],[33,282],[84,122],[-306,140],[-343,37]],[[59399,27692],[-58,-199],[-113,-163],[-141,-13],[-277,194],[-108,178]],[[60463,27481],[-151,-91],[24,-247],[-352,-338]],[[59984,26805],[-789,208],[-677,389],[-174,25],[-14,-288],[-75,-184],[118,-329],[26,-210],[-118,-168],[-43,-378],[-137,-204],[-311,-127],[-290,-10]],[[61991,26301],[-163,-226],[-116,-71],[-348,59],[-6,-132],[363,-173],[-85,-129],[-127,-71],[-291,-80]],[[60413,25922],[-48,177],[40,114],[-199,5],[-396,306],[174,281]],[[67231,26522],[-188,-286],[1,-154],[75,-39],[-66,-212],[-185,-220],[170,-105],[38,-159],[-44,-147],[75,-389]],[[64533,25519],[-128,86],[118,64],[-29,299],[41,100],[-690,724],[-72,38]],[[28212,81492],[-195,-176],[-88,-187],[81,-4],[-31,-213],[43,-156],[128,-84],[-221,-43],[174,-73],[-159,-236],[29,-85],[-72,-167],[-269,-185],[-219,-57],[23,-74],[-165,-68],[49,-161]],[[27320,79523],[-55,-79],[-177,-41],[125,-46],[-37,-134],[185,-130],[-198,-108],[130,-197],[237,-123],[-202,-29],[173,-165],[-86,-60],[203,-49],[-82,-183],[-266,-157]],[[27270,78022],[-124,57],[-101,138],[-122,-116],[-317,74],[-64,-251],[-100,15],[-12,112],[-208,122],[46,146],[-365,131],[-22,126],[138,50],[-181,46],[17,75],[208,64],[-21,49],[-356,21],[-100,126],[90,48],[-183,160],[-401,90],[92,71],[271,32],[-136,172],[-248,78],[-116,-50],[-130,43]],[[27666,82054],[165,-26],[14,-136],[169,-48],[143,-185],[-56,-69],[111,-98]],[[18903,79875],[-134,31],[-345,-34],[-650,109],[-284,-15],[-150,135],[-57,133],[-321,54]],[[16962,80288],[46,166],[-275,3],[-115,75],[-186,5],[-334,101]],[[16098,80638],[5,108],[186,843],[474,41],[565,122],[729,256],[87,-325],[304,-508],[476,-366]],[[14944,79872],[76,-108],[-7,-194],[-118,-61],[21,-213],[253,-5],[131,-158]],[[15300,79133],[-133,18],[-63,-121],[-44,97],[-387,-150],[-284,7],[-68,143],[-157,-23],[-242,38],[100,-119],[-63,-131],[-78,24],[-254,-76],[-452,246],[-78,-44],[-159,45],[-40,-53],[-375,127],[6,180],[-342,148],[-242,-24],[-9,-254],[-61,-174],[-246,-13]],[[11629,79024],[-372,360]],[[11257,79384],[531,210],[240,68],[712,99],[-238,111],[-227,174],[-584,299],[-76,87],[-118,312],[-75,101],[-1,334],[217,-70],[504,208],[464,279],[88,146],[401,30],[-67,-234],[110,-468],[232,-272],[581,-532],[170,-125],[823,-269]],[[31754,79738],[34,-116]],[[31788,79622],[-119,-82],[-867,6],[-370,-41],[-138,19],[-312,-45],[-706,147],[-561,35],[-621,-148],[-248,47],[-526,-37]],[[28212,81492],[286,11],[341,100],[1186,-127]],[[10905,80176],[-198,-92],[-112,-180],[-205,-185],[-37,-199],[187,-15],[220,-262],[-21,-112],[160,-97],[-243,-283],[-130,-98],[48,-80],[-117,-212],[-128,-8],[-188,-286],[-101,-68],[-118,-466],[-180,-168],[-92,-20],[20,-139],[150,-92],[144,-234]],[[9964,76880],[51,-158],[-76,-286]],[[9939,76436],[-187,29],[-155,155],[-26,152],[-338,116],[38,158],[-112,84],[-159,22],[61,128],[-81,105],[-156,76],[-29,109],[-102,-18],[-194,122],[-167,266],[-141,286],[-114,83],[-109,238],[-109,108],[-382,35]],[[7477,78690],[193,241],[183,291],[117,101],[134,-42],[67,78],[-163,63],[46,158],[174,2],[-98,110],[-141,-2],[31,233]],[[8020,79923],[-17,113],[340,351],[269,231],[179,47],[81,245],[107,76],[188,34],[359,-82],[5,-157],[443,-326],[35,-160],[286,-104],[165,2],[230,-60],[215,43]],[[36929,78940],[-271,-280],[-101,-60],[-221,-298]],[[36336,78302],[-94,-14],[-371,175],[-187,-29],[-156,146],[-107,-84],[-69,132],[-348,-1],[-32,126],[-175,106],[45,86],[-139,196],[-282,102],[5,59],[-401,-88],[11,145],[-156,207],[194,101],[-292,158]],[[16962,80288],[-167,-332],[-279,-225],[-26,-117],[91,-121],[-23,-332],[-67,-93],[-167,8]],[[16324,79076],[-171,48],[-82,-83],[-211,95],[-380,24],[-180,-27]],[[14944,79872],[176,73],[214,485],[266,274],[368,1],[130,-67]],[[19101,79549],[-166,-214],[-195,-73],[-39,-85],[198,-217],[137,-90],[-89,-75],[-11,-141],[-134,1],[-130,-587],[-94,-4],[-272,107],[-15,-74],[-213,-17]],[[18078,78080],[-159,-12],[-260,148],[-246,51],[-457,-87],[14,98],[-225,59],[14,118],[-112,25],[159,171],[118,4],[-177,102],[-17,126],[70,80],[-154,64],[-80,-42],[-225,33],[-17,58]],[[36336,78302],[-88,-110],[-32,-193],[87,6],[-146,-167],[62,-167],[-260,-7],[-125,-128],[101,-30]],[[35935,77506],[-132,-212],[66,-112],[-244,-77],[-89,56],[-216,-212],[-107,13]],[[35213,76962],[-7,71],[-247,141],[-23,139],[-333,91],[17,104],[-453,124],[-151,-66],[-292,1],[-312,76],[-433,39],[-212,44]],[[32767,77726],[-17,231],[-159,309],[136,299],[-23,83],[-176,79],[-85,228],[78,84],[-185,187],[27,71],[-278,68],[-129,178],[-168,79]],[[11629,79024],[-65,-2],[83,-296],[203,-85],[-26,-48],[366,-30],[-29,-62],[-207,31],[8,-65],[-174,-34],[32,-152],[108,-110],[-23,-158],[149,11],[-48,-175],[88,-74],[-78,-56],[93,-68],[122,52],[29,-72],[201,-65],[-181,0],[-3,-86],[194,-22],[45,-156],[-179,-98],[52,-136]],[[12389,77068],[-294,-90],[-338,-55],[-261,46],[-153,-36],[-699,0],[-680,-53]],[[10905,80176],[-116,-154],[107,-147],[101,-332],[260,-159]],[[7477,78690],[-1362,43],[-378,-27],[-122,-49],[-167,38],[127,143],[251,-3],[298,291],[-153,133],[-107,184],[34,96]],[[5898,79539],[972,-7],[141,413],[1009,-22]],[[32767,77726],[-100,-36],[-156,-480],[-342,-12],[-255,-122],[-502,-64],[-210,-210],[-36,-236]],[[31166,76566],[-749,-13],[-409,-62],[-263,-10],[-296,-188],[-126,-10]],[[29323,76283],[-73,8],[53,162],[-212,6],[88,109],[-131,172],[-193,-15],[-367,204],[181,151],[-529,63],[7,217],[-171,153],[101,1],[-6,125],[-534,68],[-298,-13]],[[27239,77694],[54,108],[-118,72],[95,148]],[[27239,77694],[-194,-108],[125,-163],[-117,-209],[-92,-19],[-228,96],[-115,-86],[-315,-29]],[[26303,77176],[-461,6],[-334,-58],[-483,5],[-119,-61],[-318,46],[-143,-206],[-299,-189]],[[24146,76719],[-409,109],[-746,108],[-244,7],[-190,150],[-49,121]],[[22508,77214],[60,50],[166,393],[-53,272],[177,310],[214,609],[72,348],[-6,171]],[[22508,77214],[-193,6],[71,126],[-165,94],[-117,-343],[-64,5],[-273,-467],[-144,-378],[-12,-222],[-75,-264],[70,-118],[165,-120],[-34,-219]],[[21737,75314],[-489,-26],[-304,41],[-173,-61],[-128,165],[-364,-8],[-162,322],[32,138],[-315,210],[-22,160],[-93,92],[-212,18],[-329,-48],[-187,46],[-269,8],[-241,-250],[-127,-66],[110,-76],[-399,-24],[-199,18],[-133,-67],[-297,-10],[-393,65]],[[17043,75961],[182,273],[147,116],[78,-21],[116,130],[75,210],[106,7],[56,332],[78,231],[-72,2],[175,466],[100,203],[-6,170]],[[17043,75961],[-160,-156],[-43,-331],[-199,-270]],[[16641,75204],[-524,62],[-178,-3],[-11,-60],[-446,-101]],[[15482,75102],[-38,290],[-141,110],[-183,35],[-338,-64],[-95,85],[-286,89],[46,82],[-222,153],[31,115],[-95,113],[-9,219],[-262,174],[-18,134],[-168,64],[-49,119],[-161,119],[70,315],[-30,120],[-551,-103],[-365,-127],[-28,-97]],[[12590,77047],[-201,21]],[[40464,77008],[-537,29]],[[39927,77037],[-463,49],[-763,54],[-465,65],[-775,74],[-359,80],[-505,75],[-662,72]],[[35213,76962],[28,-121],[-93,-34],[96,-141],[-84,-270],[-31,60],[-263,-8],[237,-94],[225,-236],[-12,-109],[-256,-68],[-82,-310]],[[34978,75631],[-142,-109],[36,-85],[-183,-52],[-16,-172],[111,-165],[-78,-46]],[[34706,75002],[-132,-3],[-47,93],[-543,-42],[-98,30],[-661,67],[-266,-3],[-9,-150]],[[32950,74994],[-400,15]],[[32550,75009],[218,316],[-301,142],[32,122],[-404,107],[-126,95],[-410,165],[-165,384],[-228,226]],[[29323,76283],[-160,-89],[-42,-98],[-159,-121],[13,-153],[-115,137],[-125,8],[39,-105],[-163,-35],[140,-197],[121,-97],[-3,-159],[104,-7],[-11,-108],[-133,-54],[-413,-245]],[[28416,74960],[-386,311],[-36,77],[-93,-167],[-428,50],[-31,-128],[-246,16],[13,68],[-438,63],[-243,-2],[-119,49],[-321,35],[-13,-63],[-197,-34]],[[25878,75235],[-3,114],[314,210],[-120,162],[62,90],[434,167],[254,-19],[49,72],[-164,104],[50,170],[-266,25],[51,153],[-266,21],[-89,57],[141,72],[-23,214],[153,203],[-172,60],[20,66]],[[39927,77037],[52,-160],[-67,3],[-47,-370],[-144,-194],[-2,-191],[71,-161],[41,-245],[-179,-255],[12,-42],[-260,-159],[-67,-88],[-137,6],[-199,-185],[-152,-33],[-172,71],[-199,-14]],[[38478,75020],[-404,22],[-627,76],[-558,161],[-587,106],[-14,28],[-914,175],[-396,43]],[[24146,76719],[-32,-214],[133,-36],[221,-191],[375,-153],[-222,-178],[182,-59],[-7,-169],[104,-169],[130,-79],[-23,-153],[179,-164],[47,-270]],[[25233,74884],[-47,0],[-268,249],[-742,75],[-556,-13],[-285,59],[-73,-124],[-547,79],[-289,7],[-202,-45],[-269,78],[-153,-13],[-55,62]],[[21747,75298],[-10,16]],[[15482,75102],[-14,-58],[-322,-5],[-80,-75],[-281,-119],[-366,22]],[[14419,74867],[-373,54],[-176,80],[-660,135],[-405,65],[-410,192]],[[12395,75393],[108,116],[-160,85],[50,164],[130,17],[-114,138],[65,81],[-232,-1],[14,99],[211,-9],[-195,80],[210,107],[-23,76],[280,50],[-9,188],[-138,145],[-2,318]],[[25878,75235],[-58,-137],[-122,-32],[-269,-166],[-106,-16]],[[25323,74884],[-90,0]],[[12395,75393],[-129,-83],[-208,-294],[-36,-165],[-326,-158]],[[11696,74693],[-194,90],[46,46],[-169,296],[-174,-61],[20,74],[-287,93],[-130,92],[-199,-22],[-77,126],[-39,200],[62,214],[-95,-13],[-241,166],[-6,76],[-331,171],[108,157],[-51,38]],[[32550,75009],[-75,-179],[-239,26],[-508,-52],[-322,74],[-217,-7],[-412,-68],[-91,-95],[-288,1],[-64,-185],[-197,31],[-16,-97],[-128,-79],[-355,-90],[-163,-12],[-170,-162]],[[29305,74115],[-609,164],[-221,84]],[[28475,74363],[30,188],[-183,400],[94,9]],[[21747,75298],[-54,-400],[-101,-166]],[[21592,74732],[-338,-117],[-637,-97],[-156,7]],[[20461,74525],[-161,42],[-452,48],[-383,106],[-547,67],[-546,109],[-414,15],[-410,62],[-66,-72],[-252,-58]],[[17230,74844],[18,225],[-61,55],[-546,80]],[[38478,75020],[-2,-97],[-139,-45],[-116,-114],[-168,-487]],[[38053,74277],[-268,-26],[-108,-61],[-120,-192],[-224,-91],[-270,42],[33,-119],[-263,-266],[178,-175],[-221,5],[-43,-55]],[[36747,73339],[-295,117],[-35,156],[72,173],[-134,77],[34,124],[-176,82],[40,122],[-488,121],[-117,139],[-132,-2],[-15,-149],[-494,189],[-77,183],[-140,190],[-123,34],[39,107]],[[28475,74363],[-77,-134],[34,-139],[-280,-476],[-307,-214]],[[27845,73400],[-1011,157],[-255,8],[-182,48],[-279,-32],[-621,79]],[[25497,73660],[-91,91],[-22,152],[309,384],[22,109],[-91,76],[-258,38],[-90,153],[47,221]],[[14419,74867],[-20,-137],[-76,-6],[-52,-415],[-47,-164],[78,-155],[-108,-249],[45,-97],[-52,-324],[-80,-178],[193,-166],[64,-308],[320,-79],[-34,-119],[130,-18],[-55,-346],[124,-126],[26,-197],[104,-95]],[[14979,71688],[-280,36],[-20,167],[-246,155],[-61,124],[-190,138],[-75,-82],[-231,125],[101,183],[-35,141],[-300,1],[-542,-99],[328,351],[167,100],[-113,109],[-185,-28],[92,127],[-201,-71],[-90,308],[-267,4],[-36,-47],[-232,108],[-214,-54],[-61,60],[-297,-28],[-47,153],[-155,39],[74,91],[-107,128],[-140,54],[26,250],[-113,193],[178,189],[-11,80]],[[25497,73660],[-188,-104],[-227,63],[-208,-10],[-107,-78],[-236,95],[-133,-174]],[[24398,73452],[-179,50],[52,75],[-243,153],[-73,110],[-112,-50],[-428,-36],[1,112],[-529,17],[-240,244],[-40,210],[-133,142],[-50,168],[-352,68],[-480,17]],[[36747,73339],[121,-90],[-149,-92]],[[36719,73157],[-117,68],[-508,89],[-908,120],[1,23],[-515,74],[-60,-227],[-139,-178],[-471,46]],[[34002,73172],[103,160],[3,121],[127,105],[-250,256],[-82,264],[-202,165],[-130,-46],[-70,135],[-143,69],[-142,284],[-59,3],[-181,186],[-26,120]],[[17230,74844],[-142,-255],[-22,-348],[139,-25],[-4,-242],[263,-26],[-92,-299],[121,-51],[-60,-227],[106,-25],[21,-135],[84,-44],[-49,-172],[-105,2],[23,-247],[73,-30]],[[17586,72720],[-255,-248],[-123,-51],[23,-106],[-85,-51],[21,-146],[-417,-124],[-94,-126],[-330,-42],[-29,-258],[-122,-14]],[[16175,71554],[-427,-113],[-193,128],[-130,-124],[-446,243]],[[34002,73172],[-27,-100],[88,-221],[40,-370],[159,-3],[97,-110],[238,-61],[185,12],[127,-52],[115,-268],[140,-73],[-12,-131],[197,-53],[-166,-137],[-126,-288]],[[35057,71317],[-17,-297],[-642,33],[5,-145],[-421,-12],[-356,-119],[-454,-94]],[[33172,70683],[-352,100],[-148,-42],[-252,70],[-185,111],[-396,42],[-351,65],[-12,80],[-235,4],[-198,96],[-38,-102],[-325,13]],[[30680,71120],[-94,-14],[-9,159],[-200,58],[73,131],[40,319],[-210,-28],[-84,77],[63,204],[-136,26],[-51,267],[-122,43],[51,239],[-155,23],[-116,361],[-142,10],[26,289],[-109,107],[-179,378],[-21,346]],[[20461,74525],[7,-514],[52,-192],[-215,-52],[-100,-169],[-104,29],[-113,-85],[-110,-199]],[[19878,73343],[-425,-159],[-417,-51],[-175,52],[-501,45],[-2,-95],[-364,-103],[-185,-95],[-119,-183],[-104,-34]],[[55449,72494],[-578,150],[-425,74],[-463,48],[-367,112],[-308,55],[-961,253]],[[52347,73186],[107,221],[133,161],[828,584],[395,258]],[[53810,74410],[446,150],[77,-101],[404,45],[191,-40],[76,-119],[407,60],[0,-212],[78,-55],[336,89],[-49,-771],[-203,-395],[-69,-410],[-55,-157]],[[24398,73452],[281,-51],[152,-96],[-17,-143],[-206,-32],[120,-147],[54,-176]],[[24782,72807],[-268,-155],[-17,-123],[-148,4],[-133,-82],[-414,-8],[-661,-107],[-189,-106],[-83,-311]],[[22869,71919],[-638,36],[-460,99],[-1034,159],[-100,30],[-591,40]],[[20046,72283],[-78,144],[-17,269],[33,446],[-106,201]],[[30680,71120],[-198,-565],[-153,-313]],[[30329,70242],[-123,61],[-300,-31],[133,173],[-144,85],[-304,105],[-101,108],[-248,100],[-220,44],[-217,-69],[-378,16],[-145,105]],[[28282,70939],[-213,150],[-26,104],[288,190],[4,91],[-234,517],[8,30]],[[28109,72021],[164,60],[-175,32],[65,116],[-132,29],[25,183],[-54,193],[90,49],[-154,172],[23,202],[-116,108],[0,235]],[[28109,72021],[-202,-8],[-367,-185],[-250,10],[-120,74]],[[27170,71912],[-173,116],[-30,189],[-81,142],[-203,-45],[-8,-229],[73,-43],[-221,-60],[-190,150],[-440,273],[-195,-51],[-169,26],[-445,216],[-34,76],[-272,135]],[[36719,73157],[94,-103],[-185,-235],[-204,-17],[-36,-96],[253,-75],[-39,-171],[195,11],[83,-50],[-174,-198],[-173,30],[49,-131],[-63,-74],[-191,-33],[-121,63],[-72,-179],[-113,-81],[-214,12],[-223,-307],[142,-113],[3,-140]],[[35730,71270],[-673,47]],[[55449,72494],[121,-187],[24,-147],[317,2],[160,-81],[-51,-211],[-10,-565],[-104,-358],[-120,-311]],[[55786,70636],[-207,-373],[-119,-159]],[[55460,70104],[-271,83],[-243,-3],[-72,-51]],[[54874,70133],[-255,-10],[-405,56],[-138,-68],[-575,60]],[[53501,70171],[260,290],[18,240],[-287,53],[78,130],[150,64],[197,9],[124,205],[-197,132],[-164,53],[-245,-30],[-188,-75],[-39,-212],[-140,23],[-53,99],[-367,10],[8,210],[195,344],[-75,38],[213,230],[212,323],[-137,235],[-356,60],[-526,196]],[[52182,72798],[165,388]],[[20046,72283],[-3,-141],[-107,-300],[-139,-228],[-99,-48],[-118,-364],[-398,-231],[-41,-159],[-197,6],[-130,-129]],[[18814,70689],[-405,-112],[-6,-87],[-210,-70],[-278,63],[-431,49],[-455,-55],[-111,-51],[-334,-54],[-87,77],[-171,20]],[[16326,70469],[101,219],[-93,123],[228,148],[-196,31],[36,67],[-247,88],[217,217],[-197,192]],[[53501,70171],[-252,-36],[11,44],[-296,30],[-1227,63],[-329,-61]],[[51408,70211],[153,980],[78,371]],[[51639,71562],[130,474],[341,589],[72,173]],[[27170,71912],[-339,-10],[-248,35],[-179,-143],[-38,-107],[-190,36],[-174,-104],[-90,-158],[-373,-345],[-106,-198],[-125,-381],[-274,21],[-95,-174],[-55,11],[-209,-316],[17,-129]],[[24692,69950],[-294,104],[-248,16],[-68,61],[16,143],[-296,30],[-37,171],[-162,85],[-228,-15],[-298,-75],[-181,-106],[-359,52],[77,101],[-225,-81],[-145,94]],[[22244,70530],[-25,100],[199,406],[428,437],[93,275],[-70,171]],[[22244,70530],[-192,-72],[-255,-221],[-228,43],[-732,-141],[-153,-132]],[[20684,70007],[-314,62],[-552,70],[-247,73],[-64,292],[-494,40],[-199,145]],[[28282,70939],[-145,-73],[-118,12],[-96,-163],[-149,21],[-117,-145],[-85,-4],[-230,-210],[-62,-106],[-344,-2],[-257,-174],[-464,-189],[-213,-123],[-277,-227]],[[25725,69556],[-151,-54],[-31,128],[-188,61],[-33,132],[-227,-15],[95,113],[-209,-24],[-289,53]],[[35730,71270],[67,-192],[94,68],[746,-89],[569,-125],[20,-75],[272,-114]],[[37498,70743],[23,-76],[-271,-146],[118,-24],[-11,-102],[-251,-215],[115,-60],[-11,-85],[-148,-151],[-151,-46],[-103,-234]],[[36808,69604],[-404,-9],[-558,28],[28,115],[-237,50],[-149,-70],[-226,-178],[-272,-127],[-358,47],[-325,163],[-354,-1],[0,48],[-425,179],[-197,238],[-251,77],[-312,47]],[[32768,70211],[38,158],[202,245],[164,69]],[[32768,70211],[-116,11],[-57,-116],[135,-145],[-20,-143],[242,-69],[-3,-126]],[[32949,69623],[-540,8],[-577,287],[-344,100],[-286,172],[-96,5],[-267,-125],[-396,18]],[[30443,70088],[-114,154]],[[58307,69858],[-115,-7],[-35,88],[-352,-22],[-12,-120],[-235,-71],[-138,13],[-168,-60],[17,-155],[-87,-99],[44,-108],[-182,-68],[-453,9],[-305,108],[-164,-27]],[[56122,69339],[-495,253],[-167,126],[-41,295],[41,91]],[[55786,70636],[327,-19],[512,-98],[46,-36],[425,-27],[443,38],[208,-36],[6,-89],[452,-314],[102,-197]],[[30443,70088],[-245,-72],[-459,-270],[-90,50],[-216,-145]],[[29433,69651],[-148,70],[-139,-110],[-433,32],[-17,-98],[-182,-7],[13,-218],[345,-31],[-1,-154],[-118,10],[-113,-375],[114,-1],[-131,-193],[-356,-21],[0,151],[-250,56],[-58,98],[58,252],[-59,81],[-118,-37],[-235,25],[-16,-65],[-218,-7],[21,-123],[265,-98],[-30,-100],[104,-16],[-178,-461],[-98,-110]],[[27455,68201],[-98,57],[160,77],[-33,114],[-217,-25],[-192,198],[-169,30]],[[26906,68652],[-274,55],[-258,-40],[23,194],[175,92],[-128,214],[67,80],[-150,-1]],[[26361,69246],[-142,167],[-194,14],[-300,129]],[[37811,70761],[499,20],[243,-33],[174,-104],[362,56],[479,-12],[281,-60],[120,-133],[564,-122],[61,84],[271,-35],[540,-14],[133,20],[362,-90]],[[41900,70338],[37,-11],[-31,-274],[-107,-182],[-24,-265],[143,-88],[-17,-155],[164,-497],[-124,-4],[6,-141]],[[41947,68721],[-133,-26],[-36,-107],[-190,-75],[34,-81],[261,-50],[-111,-56],[-181,-217],[44,-116],[-56,-133],[-233,-198],[-119,17]],[[41227,67679],[-318,189],[-298,63],[-336,33],[-571,119],[-26,-51],[-949,124],[-49,-71],[-672,92],[-388,102],[-376,-76],[-560,-21]],[[36684,68182],[-64,172],[60,203]],[[36680,68557],[218,199],[35,206],[-220,215],[139,256],[-44,171]],[[37498,70743],[35,45],[278,-27]],[[20684,70007],[-21,-201],[-400,-229],[-247,-434]],[[20016,69143],[-141,10],[-531,-71],[-26,84],[-214,-38],[-116,-173],[-631,-7],[-179,-151],[-682,-24],[-6,-87],[-214,34],[-91,-83]],[[17185,68637],[-165,121],[-390,-174],[-191,63],[181,80],[102,140],[-301,89],[-194,-25],[-107,168],[252,28],[200,83],[26,102],[-452,162],[-57,223],[-144,102],[220,133],[-104,88],[-39,145],[-202,-7],[-49,120],[167,41],[215,-127],[213,100],[-103,107],[63,70]],[[54874,70133],[-144,-144],[-243,-109],[46,-84],[-84,-145],[-134,-55],[-207,27],[-191,-141],[-297,-56],[-195,-121],[-190,-288],[-190,-200],[-62,-211]],[[52983,68606],[-129,-12],[-1,-83],[-444,12],[51,-153],[-451,9],[-101,37],[-171,-77],[10,-62],[-165,-41],[-93,117],[-756,17]],[[50733,68370],[433,873],[184,662]],[[51350,69905],[58,306]],[[56122,69339],[-113,-71],[-107,-187],[14,-261],[-397,-20],[31,-104],[-278,-129],[82,-68]],[[55354,68499],[173,-14],[40,-106],[-223,-60],[32,-141],[-139,-59],[-296,98],[-79,-110],[-294,-143],[-154,-190],[-350,-169]],[[54064,67605],[-211,45],[102,171],[-9,172],[-168,-1],[20,78],[-222,27],[17,67],[-165,63],[-280,37],[-35,331],[-130,11]],[[26361,69246],[-32,-191],[-101,-40],[-65,-128],[-309,-47],[-214,48],[-87,75],[-270,-102],[-110,-118],[-20,-171]],[[25153,68572],[-244,-21],[-626,15],[0,-79],[-593,33],[-185,-24],[-362,-203],[-123,-132],[-330,-118],[-323,-3],[-507,43],[-77,-149]],[[21783,67934],[-226,-28],[-188,141],[-214,96],[-329,-5]],[[20826,68138],[-72,249],[-47,685],[-691,71]],[[58307,69858],[-138,-86],[184,-34],[136,-126],[141,6],[-149,-189],[216,-83],[162,177],[87,-106],[5,-480],[-98,-220],[-257,-1],[-113,-283],[-341,33],[-35,-236],[88,-44],[55,-470]],[[58250,67716],[-186,29],[-376,-87],[26,71],[-153,3]],[[57561,67732],[-442,77],[-315,-56],[-437,71],[70,67],[-66,226],[-99,-99],[-245,51],[-41,183],[-234,71],[115,111],[-190,106],[-323,-41]],[[36680,68557],[-273,22],[-194,97],[-264,4],[-606,134],[-299,38],[-380,-90],[-348,167],[-17,80],[-317,99],[-241,-51],[-173,11]],[[33568,69068],[-324,23],[-101,64],[24,136],[109,74],[12,110],[-232,152],[-107,-4]],[[33568,69068],[-29,-277],[136,-277],[-9,-91],[-216,-92],[-478,3],[-326,-76],[15,-133]],[[32661,68125],[-93,38],[-57,168],[-238,22],[-63,65],[-534,94],[-573,-13],[-238,-115],[-993,84]],[[29872,68468],[-67,149],[-77,-4],[-230,133],[-193,157],[-324,47],[174,410],[278,291]],[[29872,68468],[6,-181],[78,-311],[-46,-269],[179,-180],[-78,-186],[110,-92],[-47,-219],[20,-137],[95,45],[180,-117],[165,64],[193,-184]],[[30727,66701],[-263,-47],[-222,16],[-232,-70]],[[30010,66600],[-40,166],[-534,171],[-87,-137],[-351,64],[-253,-6]],[[28745,66858],[11,153],[-362,55],[110,45],[-31,124],[-122,-18],[-6,-123],[-245,89],[-210,181],[49,238],[159,45],[-45,63],[-167,-67],[-245,167],[-58,155],[-156,0],[12,91],[218,87],[-202,58]],[[45570,69130],[64,-314],[-24,-91],[230,-140],[-53,-174],[-135,-67],[45,-300],[163,36],[71,-194],[160,-128],[262,87],[6,226],[104,-90],[133,127],[169,35],[367,-210],[-163,-54],[92,-143],[111,101],[135,-141],[-171,-130],[237,24],[-395,-194],[188,-105],[51,121],[107,42],[171,-100],[78,-137],[-12,-145],[393,-156]],[[47954,66916],[-328,-268],[-365,-389],[-25,-218],[46,-37]],[[47282,66004],[-411,1],[-220,60],[-442,-56],[-410,-117],[-53,-324],[-409,30],[-49,-114],[-379,14],[-9,-182],[-60,-31]],[[44840,65285],[-278,115],[-27,-65],[-357,60],[-653,190],[-316,63],[75,150],[-395,97],[-818,171],[6,83],[-142,72],[-428,2],[18,48],[-359,37]],[[41166,66308],[122,350],[115,484],[-385,126],[-104,-40]],[[40914,67228],[-60,130],[150,170],[223,151]],[[41947,68721],[242,-5],[456,81],[461,30],[390,-28],[517,23],[801,219],[216,92],[220,47],[320,-50]],[[26906,68652],[-115,-276],[12,-214],[-81,-106],[-358,-3],[8,226],[-131,-2],[6,109],[-196,26],[-9,-80],[-165,-32],[42,-71],[69,-514],[298,-2],[349,-106],[-23,-246],[115,12],[49,-268],[-31,-57],[-157,49],[-117,-186],[-154,34],[-6,-95],[170,-20],[-57,-80],[-12,-198],[162,16],[-80,-154],[106,-37],[-21,-137],[-204,21],[43,-155],[-41,-169],[44,-152],[-96,-43],[-236,14],[-104,-196],[285,-19],[281,-180]],[[26551,65361],[-106,-40]],[[26445,65321],[-296,80],[-34,-174],[107,-92]],[[26222,65135],[-108,-222],[-399,-119]],[[25715,64794],[-22,129],[-11,729],[91,-15],[59,180],[-87,-1],[-61,124],[-9,209],[-158,39],[46,377],[-353,35]],[[25210,66600],[44,456],[-4,311],[-35,62],[-22,338],[-78,6],[12,317],[-41,216],[67,266]],[[36684,68182],[-315,0],[-223,-263]],[[36146,67919],[-284,-36],[-2,-40],[-465,-31],[-673,-22],[-133,-36],[-194,49],[-58,-116],[-119,4],[-254,120],[-60,-45]],[[33904,67766],[-241,126],[-225,0],[-219,-90],[-211,9],[-70,182],[-277,132]],[[20826,68138],[-93,-340],[-153,-139],[-168,26],[-441,-273],[-579,-109],[-155,-54],[-162,23],[-195,-91]],[[18880,67181],[-112,231],[-43,188],[-358,-57],[-23,109],[107,111],[-125,33],[-79,160],[-267,72],[75,144],[-258,19],[-46,190],[-102,-6],[-237,-186],[-193,-15],[73,126],[3,157],[-110,180]],[[54064,67605],[121,-103],[-104,-43],[-208,-266],[221,-45],[-188,-225]],[[53906,66923],[-148,34],[-158,-100],[-102,41],[58,185],[-332,-69],[-10,-66],[149,-178],[-178,-160],[-453,112],[-43,66],[46,171],[-60,80],[-148,-66],[73,-132],[-122,-83],[-289,39],[-188,-72]],[[52001,66725],[-3,73],[-206,59],[117,150],[234,-6],[83,131],[-100,181],[51,93],[-93,80],[-228,-5],[-155,-116],[-165,47],[132,167],[-165,132],[-224,-16],[-36,-93],[-217,21],[-652,245]],[[50374,67868],[152,168],[207,334]],[[57561,67732],[-272,-186],[-329,-147],[-113,-109],[-369,-67],[-176,-107]],[[56302,67116],[-154,58],[-185,-5],[-153,125],[-472,-105],[-184,85],[-278,-55],[-72,48],[-337,-170],[75,-66],[-287,-43],[-147,-72],[-202,7]],[[28745,66858],[-130,40],[-269,-138],[-89,-102],[-148,-10],[60,91],[-190,41],[-104,-273],[-176,-67],[49,-60],[-130,-70],[-342,-46],[-204,-473],[299,-65],[140,6],[-1,-99]],[[27510,65633],[-231,-88],[-534,-117],[-194,-67]],[[33904,67766],[126,-99],[93,-230],[-9,-96],[-407,-238],[-203,5],[-130,-98],[205,-130],[205,-23],[172,-120],[266,-428],[-29,-215]],[[34193,66094],[-698,-5],[-266,-27]],[[33229,66062],[-118,406],[-115,113],[-186,53],[-271,14],[-216,-119],[-70,-146],[-180,51],[-20,-61],[166,-101],[-64,-49],[-157,43],[-242,148],[43,106],[-168,40],[-141,120],[-135,-61],[-414,-10],[-214,92]],[[25210,66600],[-278,-22],[-191,-63],[-392,-1],[-130,-57],[-318,53],[-665,-65],[-583,-118]],[[22653,66327],[-7,135],[-262,55]],[[22384,66517],[11,519],[-130,87],[-96,296],[-6,204],[-335,111],[-45,200]],[[40914,67228],[-74,-70],[-272,-6],[-125,-51],[-387,37],[-136,-78],[-19,104],[-223,-101],[34,-140],[-165,-63],[-132,-148],[-217,87],[-174,-10],[-12,-105],[-182,-292],[-77,47],[-595,40],[-69,-27],[-746,91],[-584,16]],[[36759,66559],[-40,117],[-194,-21],[-73,133],[215,120],[-116,81],[-148,-43],[-153,83],[95,244],[121,132],[-33,102],[-215,240],[32,100],[-104,72]],[[52001,66725],[-44,-380],[-132,12],[-121,-331],[-47,-277],[-445,-1],[-9,-30]],[[51203,65718],[-561,46],[-343,149],[51,271],[-230,21],[-35,248],[-324,13],[29,149],[-29,245],[-52,85],[-384,306]],[[49325,67251],[537,162],[188,101],[324,354]],[[57899,66423],[-199,86],[-144,6],[-131,150],[-376,41],[-367,98],[62,68],[-474,113],[32,131]],[[58250,67716],[34,-101],[252,38],[51,96],[572,-351],[-31,-81],[181,8],[-29,-97],[-123,22],[-145,-83],[-5,-73],[263,-43],[78,-90],[149,-26],[-54,-152],[-497,13],[-99,-181],[-453,-95],[-186,4],[-309,-101]],[[22384,66517],[-194,2],[-27,-223],[70,-53],[-295,-73],[-184,-9],[-72,-127],[-515,74],[-338,-88],[-284,43],[-635,-69],[-350,-73]],[[19560,65921],[11,49],[-175,231],[-10,101],[-199,75],[76,136],[133,67],[11,128],[-130,21],[-292,-70],[-67,104],[44,152],[-82,266]],[[36759,66559],[-78,-180],[48,-75],[-218,-245],[-123,-51],[-19,-118],[-223,-49],[-125,22]],[[36021,65863],[-101,177],[-401,47],[-644,-61],[-682,68]],[[57899,66423],[-84,-79],[-40,-291],[32,-86],[-3,-334],[416,-1],[21,-210],[219,-384],[127,-395]],[[58587,64643],[-275,-77],[-172,45],[-146,-126],[-263,-39]],[[57731,64446],[-1066,-170],[-416,-77],[-129,108],[-607,-66]],[[55513,64241],[11,98],[-242,29],[-308,-25],[-266,37],[-36,53],[-351,24],[4,55],[-760,6],[-131,53],[-436,47],[-815,14],[-350,27]],[[51833,64659],[-518,130],[-309,18]],[[51006,64807],[197,911]],[[51006,64807],[-43,-106],[-361,79],[-226,-4],[-502,120],[-151,-10],[-610,76],[-65,-30],[-958,92],[-439,-9]],[[47651,65015],[14,131],[-100,326],[-206,463],[-77,69]],[[47954,66916],[376,113],[570,115],[422,107]],[[49322,67251],[3,0]],[[41166,66308],[-471,59],[-8,-422],[-61,-144],[-156,-169],[-200,-526],[-106,5],[-145,-297],[35,-198],[-140,-178],[-43,-267],[-118,-12],[-38,-205],[209,-16],[8,-324]],[[35305,64043],[17,243]],[[35322,64286],[92,84],[663,257],[205,219],[64,260],[-68,184],[-230,245],[-75,143],[48,185]],[[30010,66600],[-132,-20],[-224,-175],[-85,-126],[88,-14],[-101,-279],[-83,-356]],[[29473,65630],[-252,36],[-173,82]],[[29048,65748],[-514,278],[-341,-6],[-413,-206],[-270,-181]],[[33229,66062],[-311,-75],[-257,-10],[-718,-223],[-202,23],[-207,136],[-194,66],[-303,41],[-397,-174],[-220,-139],[-323,-52]],[[30097,65655],[-237,-44],[-387,19]],[[25715,64794],[-187,-40],[-99,34],[-213,212],[-27,177],[-511,253],[-122,-7],[-656,-328]],[[23900,65095],[-352,-133],[-488,-92]],[[23060,64870],[-44,309],[15,307],[-105,123],[-101,7],[4,247],[-58,157],[-131,9],[-84,150],[142,47],[-45,101]],[[44840,65285],[-68,-76],[-147,-473],[38,-255],[165,8],[204,-202],[611,-75],[343,-93],[67,-109],[208,-116],[263,12],[167,142],[313,200],[260,299],[124,61],[185,177]],[[47573,64785],[399,-109],[459,-385],[292,-151],[-326,-473]],[[48397,63667],[-350,-315],[-259,-125],[-443,-56],[-772,-38],[-1035,-98],[-439,-320],[-286,-90],[-1132,-93],[-532,-78],[-590,-166]],[[23060,64870],[-287,4],[-588,57],[-362,72]],[[21823,65003],[-229,71],[-545,80],[-348,94]],[[20701,65248],[-184,90],[-408,139],[-216,30],[-287,-31],[-398,0]],[[19208,65476],[92,193],[260,252]],[[47651,65015],[-78,-230]],[[35322,64286],[-193,101],[-121,-41],[28,133],[-84,30],[-132,201],[-102,62],[-465,-31],[-73,-77],[-153,-18],[-367,-376],[-159,-447],[-6,-90],[-237,28],[-213,-80],[-183,-186],[-204,-90],[9,-454]],[[32667,62951],[2,-116],[-352,-16],[-61,-280]],[[32256,62539],[-112,-24],[-163,125],[-303,154],[-313,103],[-170,163],[-389,-17],[-489,169],[-245,137]],[[30072,63349],[-64,106],[54,392],[-75,11],[43,230],[122,257],[57,437],[13,455],[29,124],[-75,231],[-79,63]],[[29048,65748],[-242,-345],[-203,-88],[-122,-136],[81,-162],[-130,-255],[108,-53],[100,-171],[-118,-24],[2,-217],[114,-225],[-18,-125],[-207,-73],[-47,-193],[-127,-26],[-60,-228],[48,-380],[122,-216],[159,-182]],[[28508,62649],[-599,27],[-733,-24],[-1,-59],[-382,-2],[-124,-166],[-497,74]],[[26172,62499],[-785,221],[-247,160],[198,118],[39,158],[-364,60],[40,202],[-308,2],[12,329],[-419,56],[-97,68],[1,113],[-185,38],[-49,273],[87,269],[-76,9],[56,486],[-175,34]],[[26222,65135],[19,79],[204,107]],[[30072,63349],[-252,-38],[-518,16],[-291,34],[-341,-387],[-55,-184],[-107,-141]],[[20701,65248],[-90,-342],[-192,-276],[-249,-459],[-193,58],[-134,-353],[-278,5],[-126,-334],[-88,-9],[-57,-252],[-115,-3]],[[19179,63283],[-223,-19],[-219,134],[-279,-20]],[[18458,63378],[-78,266],[-150,301],[-58,338],[105,328],[179,273],[83,242],[70,375],[393,-45],[206,20]],[[51833,64659],[-200,-431]],[[51633,64228],[-137,-268],[-64,-228]],[[51432,63732],[-289,-20],[-567,4],[-86,-149],[-146,-123],[-237,27],[-207,-20],[-332,51],[-261,-6],[-311,44]],[[48996,63540],[-136,54],[-166,-24],[-297,97]],[[21823,65003],[-211,-106],[167,-105],[-97,-35],[-241,57],[-138,-26],[-6,-136],[232,-15],[-38,-133],[-124,7],[-26,-107],[192,10],[38,-327],[78,-53],[-116,-154],[7,-148],[-110,-280],[-116,-110],[-49,-140],[-141,-155],[-35,-180],[-81,-89]],[[21008,62778],[-365,-111],[-72,-85]],[[20571,62582],[-149,-65],[-344,3],[-198,106],[-398,115],[-326,23],[-98,129],[-111,30],[163,308],[69,52]],[[26172,62499],[-123,-244],[-134,-610],[127,-7],[-54,-368]],[[25988,61270],[-524,-233],[-509,-18],[0,-25],[-514,3],[-51,-48]],[[24390,60949],[-73,116],[-173,58],[-209,9],[-31,104],[-471,51],[-503,7],[-148,-76],[-439,31]],[[22343,61249],[-83,504],[-240,27],[-76,233],[-226,4],[-97,57],[-131,243],[-358,236],[-124,225]],[[59937,63630],[-771,77],[-221,89]],[[58945,63796],[-140,107],[-318,87],[-99,70],[-532,230],[-125,156]],[[58587,64643],[272,-46],[589,-39],[-39,-44],[205,-94],[909,-178],[923,-57],[697,121],[189,144],[267,-34],[278,16],[178,-194],[425,-157],[105,-466],[-6,-191],[-420,-89],[-225,124],[-924,-61],[-48,350],[-1166,51],[-720,148],[-75,-49],[-64,-268]],[[55513,64241],[34,-170],[-24,-242],[-288,-208],[-225,-1],[-183,59]],[[54827,63679],[-113,48],[-470,10],[-644,68],[-220,67],[-636,84],[23,54],[-486,147],[-648,71]],[[35909,62931],[-451,-116],[-188,84],[-509,36],[-210,-13],[-685,72],[-491,-36],[-20,75],[-368,35],[-25,-143],[-295,26]],[[58945,63796],[-129,-109],[-183,-262],[15,-165],[-69,-88],[-206,8],[-289,-108],[-185,-185],[-167,0],[-64,-105],[-38,-229],[-62,-43],[263,16],[42,-160],[-103,-8]],[[57770,62358],[-351,71],[-386,-200],[-122,49],[-320,-56],[-62,59],[-170,-31],[-194,137],[-136,-63],[-490,136],[-175,137],[-208,24],[0,169],[-166,96],[13,77],[-378,56],[-43,130],[-82,-67],[-409,92]],[[54091,63174],[-107,120]],[[53984,63294],[181,184],[-11,-91],[213,93],[287,-17],[173,216]],[[53984,63294],[-154,79],[-230,-62],[-229,7],[-12,-103],[-229,-65],[-28,-56],[-405,-3],[-298,-57],[-213,-102],[-73,46],[-228,-10],[-2,-63],[-188,16],[-81,-121],[-163,-12]],[[51451,62788],[-65,332],[110,484],[-94,15],[30,113]],[[59937,63630],[378,-25],[526,-199],[339,-171]],[[61180,63235],[-43,-90],[-255,-178],[-396,-225],[-257,-175],[-205,-244],[-150,-66],[-316,-68]],[[59558,62189],[-327,-12],[-132,44],[-173,-67],[-267,16],[-208,135],[-239,-22],[-157,31],[-250,-52],[-35,96]],[[51451,62788],[0,-130],[-351,-114],[-21,-236],[-130,-101],[-145,-28],[-22,-140]],[[50782,62039],[-180,-38],[-222,34],[-21,105],[-129,-73],[-73,-133],[-145,-92],[-181,12],[-32,112],[-90,-56],[-32,-159],[-289,-121],[-29,-79],[-171,76]],[[49188,61627],[7,107],[-151,14],[12,86],[-168,12],[-22,88],[-217,50]],[[48649,61984],[323,266],[-58,116],[200,79],[115,172],[142,88],[-355,65],[-39,348],[-130,23],[149,399]],[[48649,61984],[-78,112],[-168,-94],[-147,-15],[-21,-92],[-216,-28],[-442,138],[-319,-73],[-127,57],[18,-101],[-127,-15],[-88,73],[-147,-33],[30,-125],[-126,-76]],[[54091,63174],[-102,-92],[35,-116],[-46,-150],[275,-43],[107,-195],[277,-66]],[[54637,62512],[-111,-264],[137,-49],[58,-196],[-105,-24],[7,-151],[-241,-88],[-48,-230],[-126,-95],[36,-296],[-108,-118],[183,-275],[705,-170],[58,-59],[-85,-130],[-181,-67],[-186,-219],[53,-56]],[[54683,60025],[-231,-60],[-235,-379],[-187,-213]],[[53290,60033],[15,213],[-420,439],[-243,76],[-291,247],[-114,26],[-453,213],[-239,241],[-178,86],[-308,337],[-277,128]],[[63489,62679],[0,-185],[127,-283],[78,-87],[266,-55],[237,-173],[-8,-223],[-246,-202],[-27,-80]],[[63916,61391],[-338,70],[-1860,-95],[-1847,-500],[-588,-182],[-374,-504],[424,-112],[83,-511],[-211,-400],[-354,-832],[42,-161]],[[54683,60025],[598,-14],[220,-72],[60,-103],[-52,-135],[209,-52],[433,-7],[424,-344],[490,234],[366,279],[249,235],[358,215],[683,-34],[239,212],[138,55],[-13,113],[-555,205],[-90,180],[-90,11]],[[58350,61003],[350,212],[376,267],[233,260],[122,207],[24,135],[103,105]],[[61180,63235],[249,-173],[458,-72],[325,-256],[172,-31],[305,252],[295,32],[51,-178],[81,-63],[283,-79],[90,12]],[[58350,61003],[-454,29],[-208,-20],[-496,253],[-241,272],[-199,93],[76,55],[-308,108],[-175,-12],[-232,48],[-109,164],[-272,-6],[-3,50],[-317,-7],[-104,-47],[-55,153],[-107,44],[-26,223],[-412,16],[67,93],[-138,0]],[[32256,62539],[58,-206],[141,-62],[6,-111]],[[29623,61078],[-171,421],[-372,251],[-243,241],[-150,194],[-41,295],[-138,169]],[[20571,62582],[-75,-225],[131,-39],[-114,-461],[-268,-479],[-90,-259]],[[17592,60847],[46,181],[-43,246],[-296,5],[0,81],[-176,13],[-92,120],[14,312],[168,446],[-26,85],[150,213],[269,260],[197,96],[309,14],[349,65],[41,138],[-44,256]],[[22343,61249],[-246,-815],[-135,41]],[[27404,60708],[-87,113],[-362,63],[166,91],[-168,85],[-76,-57],[-257,-13],[-12,199],[-114,-28],[-195,69],[-311,40]],[[52974,60019],[-274,135],[-199,-30],[-173,57],[-72,-73],[-226,7],[104,125],[-442,54],[-448,161],[-194,14],[24,143],[-307,62],[-52,-118],[-96,69],[-133,-38],[-152,84],[-12,-70],[-223,-26],[-717,20]],[[49382,60595],[-60,98],[-133,-25],[-40,136],[-124,-1],[135,104],[-125,109],[91,188],[-174,100],[196,63],[-112,212],[152,48]],[[49382,60595],[79,-130],[-180,-111],[145,-170],[-21,-140],[-139,-37],[-60,-125],[112,-16],[-303,-239],[194,-22],[-147,-68]],[[24311,59538],[95,9],[70,119],[-89,127],[109,84],[-168,17],[-112,99],[112,332],[-77,129],[-46,259],[40,115],[145,121]],[[41253,38185],[-142,-434],[15,-89],[-125,-35],[-104,-297]],[[40897,37330],[-645,130],[-111,92]],[[45215,37367],[-391,-175],[-126,-84],[-572,-139],[-766,-64],[-341,-44],[-587,-11],[-439,78],[-189,-36],[-28,-175],[-278,34],[14,-124]],[[41512,36627],[-86,-26],[-401,173],[-211,57]],[[40814,36831],[-3,144],[86,355]],[[47606,37354],[59,-376],[-40,-653],[-658,-1],[-15,-219],[-145,-131]],[[46807,35974],[-491,117],[6,82],[185,451],[40,266],[-81,220],[66,129],[-17,196]],[[49807,31100],[-153,13],[-552,169],[-740,-27],[-294,10],[-258,177],[-742,11],[-283,-193],[-113,-134],[-121,-254]],[[46551,30872],[-402,29],[69,692],[463,36],[5,291],[-433,143],[-648,74]],[[45605,32137],[581,717],[116,358],[-102,220],[-136,41],[-886,17],[-217,-85]],[[44961,33405],[22,548]],[[44983,33953],[441,-90],[338,554],[49,534],[-128,16]],[[45683,34967],[593,622],[100,153]],[[46376,35742],[388,83],[43,149]],[[46376,35742],[-354,30],[-209,-96],[38,-91],[-216,-49],[97,-275],[-300,-230]],[[45432,35031],[-86,-123]],[[45346,34908],[-590,154],[-104,-115],[175,-62],[-81,-111],[-439,64],[-26,-69],[-317,56],[-66,72],[-775,149],[-105,-64]],[[43018,34982],[-109,31],[9,179],[84,150],[-224,88],[-179,-23],[-445,61]],[[42154,35468],[110,399],[-98,-9],[-225,116],[-38,169],[-124,83],[-3,126],[-238,77],[55,98],[-81,100]],[[40814,36831],[-73,-64],[-168,26],[-369,-26],[-96,154],[-103,-32],[-263,56],[-122,-23]],[[42154,35468],[-142,-233],[-273,-35],[-70,-164],[-176,-32],[-43,-127],[-455,-311],[10,-174],[109,-118],[-58,-317]],[[41056,33957],[-439,54],[-465,240],[-116,16],[-428,154],[-515,258],[-244,13]],[[34300,35313],[-382,-165],[-81,-141],[-549,-501],[-232,115],[-383,73],[-30,88],[-162,40],[-6,-216],[182,-189],[146,-223],[-65,-154],[-231,-192]],[[32507,33848],[-87,-175],[-222,-127],[-284,-54]],[[31914,33492],[-43,216],[-236,612],[-84,128],[-592,661],[-114,82],[-499,262]],[[45683,34967],[-251,64]],[[38389,34578],[-82,-153],[-153,-24],[231,-112],[87,-151],[125,-91],[9,-267],[-87,-13],[-96,-169],[-176,-37],[-249,38],[-239,-164],[23,-111],[-264,-62],[-118,-102],[-341,56],[-233,-52],[-85,62],[-280,-40],[-159,-200],[-9,-264],[-139,-74],[-172,18],[-24,-205]],[[35958,32461],[-191,-24],[-185,90],[-635,-15],[-205,24],[-269,-90],[-1,0]],[[34472,32446],[-201,137],[-70,267],[-124,72],[-226,27],[93,434],[-644,9],[89,232],[-46,73],[26,206],[-627,5],[-125,-98],[-110,38]],[[43018,34982],[26,-141],[-110,-190],[65,-216],[-120,-283],[38,-56],[-93,-211],[-169,-194],[-220,-161],[-95,-135]],[[42340,33395],[-399,127],[-200,105],[-229,45]],[[41512,33672],[-251,129],[-205,156]],[[45346,34908],[-73,-241],[-139,-150],[-139,-295],[-12,-269]],[[44961,33405],[-72,-215],[-133,-87],[-38,-236]],[[44718,32867],[-222,-128],[-220,-58],[-280,79],[-471,86],[-267,80],[-205,133]],[[43053,33059],[-320,113],[-121,131],[-272,92]],[[41512,33672],[-5,-150],[-136,-256],[122,-120],[-165,-176],[-347,-218],[-520,-223],[-20,-145],[-384,-324],[-117,-30],[-49,-164],[-100,-613],[91,-96],[347,-14],[108,-160],[-173,-186],[33,-67],[296,-57],[754,-99],[171,-56]],[[41418,30518],[-110,-321],[-217,-90],[179,-113]],[[41270,29994],[-130,-238],[121,-45],[-135,-146],[34,-179],[-142,-29]],[[41018,29357],[-707,227],[-263,31],[-1174,-70]],[[38874,29545],[-569,110]],[[38305,29655],[-73,182],[-279,45],[-58,62],[13,189],[-77,21],[-9,355],[-103,37],[126,136],[-370,74],[-256,92],[-530,34],[-312,54]],[[36377,30936],[-67,200],[-366,564],[-29,92],[9,477],[91,145],[-57,47]],[[34472,32446],[-523,-302],[-141,-108],[6,-82],[-168,-94],[-109,-169],[219,-297],[-93,-173]],[[33663,31221],[-662,19],[-708,113],[-208,-67],[-603,125]],[[31482,31411],[126,323],[143,674],[163,665],[0,419]],[[43053,33059],[-477,-411],[-110,-120],[36,-246],[-180,-61],[-15,-254],[-126,-328]],[[42181,31639],[-293,-293],[-263,-421],[-83,-265],[-124,-142]],[[45605,32137],[-494,25],[-355,-14]],[[44756,32148],[-3,199],[87,411],[-122,109]],[[44756,32148],[17,-319],[-160,-519]],[[44613,31310],[-595,4]],[[44018,31314],[-331,210],[-512,86],[-584,3],[-200,38],[-210,-12]],[[36377,30936],[-138,-117],[-1043,-348],[-264,-152]],[[34932,30319],[-421,77],[-174,252],[11,62],[-240,286],[-253,71],[-93,146],[-99,8]],[[46551,30872],[-81,-162],[-64,-287],[-329,-4],[-58,-195],[-195,8]],[[45824,30232],[-222,29],[20,179],[-178,35],[65,304],[-55,21],[-37,252],[-106,16],[45,140],[-147,24],[-100,94],[-298,11],[-198,-27]],[[44018,31314],[12,-121],[-81,-357],[-515,-702]],[[43434,30134],[-106,-17],[-127,-214],[-431,-60],[-269,-113],[-275,13],[-305,61],[6,55],[-625,104],[-32,31]],[[49941,30737],[-367,-142],[-428,-326],[-27,-173],[-433,-334],[-453,-284],[-12,-75],[-286,-25],[-295,-122],[-419,-114],[-341,-23],[-387,-128]],[[46493,28991],[-728,140],[-211,-3],[-151,-105],[-27,-90],[-233,-259],[-167,-43],[-377,-193],[-639,-189]],[[43960,28249],[-635,-17],[-353,92],[-352,46],[-674,168],[-178,72],[85,65]],[[41853,28675],[365,-42],[209,255],[453,-66],[162,209],[277,-44],[320,72],[362,142],[90,255],[83,379]],[[44174,29835],[364,-32],[523,-79],[-5,90],[575,-33],[147,84],[88,239],[-42,128]],[[44174,29835],[-271,48],[-469,251]],[[33663,31221],[81,-241],[-22,-179],[-371,6],[-17,-275],[-57,-175],[-93,-17],[-200,88],[-144,-1],[-92,-123],[-102,15],[5,-216]],[[32651,30103],[-114,68],[-420,69],[-14,301],[-271,-125],[-137,-121],[-352,-155],[-540,24]],[[30803,30164],[436,760],[243,487]],[[34932,30319],[170,-215],[-138,-306],[-104,-126],[38,-165],[427,-70]],[[35325,29437],[-141,-186],[-90,-348],[-122,-346],[-175,-393],[10,-204]],[[34807,27960],[4,-252],[-179,-125],[104,-181],[12,-252],[-139,-30],[-36,-94],[-185,-183],[-51,-239],[-154,-293],[-468,33],[-32,-160],[-355,17],[-330,-23],[-31,-75],[-410,79],[-47,-46],[-333,98],[-144,96],[-288,21]],[[31745,26351],[49,248],[-49,1],[127,285],[25,315],[113,-7],[67,249],[-313,38],[6,196],[309,-40],[70,274],[133,52],[-34,265],[69,213],[168,177],[297,164],[55,73],[41,246],[-81,365],[-61,120],[-141,62],[42,136],[-51,163],[65,157]],[[38305,29655],[-104,-350],[-769,-143],[-491,35],[-18,-75]],[[36923,29122],[-844,24],[-149,32],[-55,101],[-189,72],[-243,19],[-118,67]],[[50845,29110],[-246,92],[-225,-90],[-258,85],[-164,-47],[-52,52],[-300,-98],[-750,-584],[-81,6],[-164,-269],[-174,-139],[-84,-256]],[[48347,27862],[-192,13],[-133,-161],[-264,-117],[-300,-85],[-622,118],[-200,15]],[[46636,27645],[-215,183],[-93,536],[107,248],[58,379]],[[31745,26351],[-489,95],[5,-24],[-779,43]],[[30482,26465],[51,289],[-89,264],[84,222],[-102,184],[1,162],[-212,45],[70,157],[-127,30],[-125,141],[-283,146],[-421,80],[-570,197]],[[28759,28382],[797,523],[602,411],[277,258],[121,154],[247,436]],[[41853,28675],[-283,-11]],[[41570,28664],[-378,110],[-170,270],[-4,313]],[[38874,29545],[-63,-276],[3,-265],[-55,-432],[-81,-294],[-153,-306],[-30,-142]],[[38495,27830],[32,-65],[-363,-37],[-908,79],[-567,-13]],[[36689,27794],[0,10]],[[36689,27804],[-8,351],[-69,113],[159,392],[63,1],[89,461]],[[41570,28664],[-95,-201],[61,-63],[-307,35],[-51,-141],[-330,21],[-142,-97],[-165,-360],[101,-93],[-189,-8],[111,-101],[-83,-47],[202,-75],[-77,-78],[-159,-4]],[[40447,27452],[-443,87],[-222,4],[-290,85],[-251,38],[-746,164]],[[36689,27804],[-441,64],[-834,61],[-607,31]],[[50668,27284],[-324,236],[-323,145],[-315,46],[-304,-6],[-815,72],[-22,-14]],[[48565,27763],[-218,99]],[[46636,27645],[-433,-130],[-185,-148],[-211,-311],[-60,-163]],[[45747,26893],[-430,53],[-322,8],[-369,-24],[-705,49],[-252,44],[-524,12]],[[43145,27035],[123,198],[66,12],[38,294],[250,-8],[174,245],[23,271],[141,202]],[[43145,27035],[-89,-18],[-159,-289],[-528,12],[-10,-74],[-1036,64],[-110,79],[-330,35]],[[40883,26844],[11,163],[-71,98],[-165,62],[49,128],[-121,52],[20,87],[-159,18]],[[30482,26465],[8,-28],[-621,56],[-454,-5],[-557,53],[-55,-150],[-232,22],[6,69],[-269,96]],[[28308,26578],[66,162],[150,178],[-207,89],[-17,175],[72,46],[-67,136],[21,281],[-98,128],[19,80],[-97,215]],[[28150,28068],[247,86],[362,228]],[[48565,27763],[90,-116],[-53,-178],[326,-37],[218,-74],[315,-161],[-119,-392]],[[48556,25724],[-258,118],[-32,62],[-204,-28],[-786,219],[-459,57],[-16,37],[-750,181]],[[46051,26370],[-139,326],[-165,197]],[[28308,26578],[-104,76],[-564,-13],[-615,246]],[[27025,26887],[-485,34],[-41,287],[-187,277],[-91,47],[-176,229]],[[26045,27761],[625,170],[415,68],[1065,69]],[[36689,27794],[38,-386],[87,-267],[237,-298],[-20,-118],[-146,-324],[7,-148]],[[36892,26253],[-244,-309],[-104,15],[-155,-272],[-248,-265],[-367,44],[-293,-176],[-702,-115],[-109,-69],[23,-143],[-258,-123],[86,-206],[-155,11],[17,-142]],[[34383,24503],[-584,-60],[0,-53],[-428,-19],[-444,-74]],[[32927,24297],[-313,-28],[30,127],[-3,487],[-292,-15],[-44,148],[-121,96],[89,95],[92,249],[-86,233],[-622,73]],[[31657,25762],[36,292],[-68,22],[120,275]],[[40883,26844],[34,-162],[-190,14],[168,-162],[159,-45],[-127,-150]],[[40927,26339],[-845,1],[-278,-37],[-120,-309],[-95,-146],[-81,3],[23,-136],[-316,-11],[-25,-107],[-146,-149]],[[39044,25448],[-344,32],[-508,86],[-81,-117],[-343,-334],[-257,3],[-311,-97],[-167,-444],[-116,-135],[-181,-60],[-215,-379],[-123,-16],[-55,-196],[-67,3],[-118,-354],[80,-92],[-110,-337],[6,-209]],[[36134,22802],[-29,-76],[-314,3],[-257,-147],[-260,-22],[-321,14]],[[34953,22574],[-179,293],[40,162],[-121,23],[22,303],[-162,70],[-627,86],[-187,-28],[-804,20]],[[32935,23503],[-6,112],[119,240],[-121,442]],[[34383,24503],[121,-44],[682,29],[153,106],[307,80],[245,185],[179,-7],[84,121],[333,115],[222,21],[266,440],[125,149],[139,409],[-347,146]],[[27025,26887],[-176,-403],[135,-15],[-16,-121],[251,-77],[32,-131],[-105,-184],[-248,-107],[358,-76],[-187,-133],[-182,33],[-120,-76],[18,-86],[-303,-152]],[[26482,25359],[-388,21],[-237,-77],[-528,31],[-67,72],[-396,-14]],[[24866,25392],[47,239],[-12,338],[-86,300],[-15,290],[214,530],[246,308],[169,115],[445,201],[171,48]],[[46051,26370],[-105,-200],[-278,-392],[-49,-409]],[[45619,25369],[-540,-6],[-211,-116],[-199,-58],[-148,-123],[-142,-24]],[[44379,25042],[-312,-20],[-785,102],[-59,101],[-164,10],[3,82],[-445,21],[-245,88],[-579,10],[-20,126],[-214,6],[-46,-49],[-252,-10],[-260,70],[33,-118]],[[41034,25461],[-85,-32],[-110,129],[108,151],[-50,108],[160,141],[-214,88],[123,81],[-39,212]],[[31657,25762],[-37,-31],[-162,-458],[-323,87],[6,72],[-657,165],[-77,-70],[-186,-489],[-106,-139],[-252,23],[-21,-100]],[[29842,24822],[-829,80],[-783,114],[-14,85],[-261,-15],[0,62],[-250,10],[0,69],[-558,107],[-665,25]],[[47883,24716],[-211,-85],[-426,-102],[-338,97]],[[46908,24626],[4,56],[-669,145],[-175,72],[-73,132],[-376,338]],[[41034,25461],[-90,-77],[-119,7],[-96,-94],[388,-2],[-160,-83],[152,-81],[204,-13],[55,-225],[208,4],[202,-131],[-202,-67],[205,-58],[-110,-236],[166,-56],[-148,-65],[-99,-137],[255,-152],[84,68],[90,-92],[-139,-1],[-92,-95],[89,-44],[55,-145]],[[41932,23686],[-648,13],[-156,59],[14,-164],[-334,12],[-12,-58],[-1226,133]],[[39570,23681],[0,44],[-615,69],[-135,135],[-136,10],[31,130],[-188,135],[-32,230],[154,305],[116,-26],[170,353],[-43,78],[152,304]],[[32935,23503],[37,-139],[-540,-17],[-144,-26],[-663,-10],[-16,44],[-313,-56],[-2,-41],[-275,34]],[[31019,23292],[-12,122],[-578,90],[15,59],[-342,31],[-545,134],[2,70]],[[29559,23798],[133,398],[85,90],[95,291],[-75,5],[45,240]],[[44379,25042],[149,-139],[159,-422],[-73,-9],[15,-383],[217,-5],[78,-101],[456,-29],[87,-129]],[[45467,23825],[-56,-88],[179,-64],[-222,-38],[-81,-165],[-103,26],[-183,-173]],[[45001,23323],[-168,-28],[72,-230],[-161,-149],[-144,-45],[49,-84],[-258,-120],[15,-351],[-95,53],[-487,64],[4,-69],[-228,11],[-17,-86],[-363,60],[-31,-174],[79,-167],[-36,-467]],[[43232,21541],[-11,-38],[-240,122],[-93,-163],[-254,112],[-144,-42],[-293,-6],[-81,186]],[[42116,21712],[-40,35],[-9,286],[84,332],[140,-15],[114,117],[4,482],[90,17],[43,287],[-79,64],[35,318],[-184,-18],[-30,-65],[-283,6],[-69,128]],[[39570,23681],[-72,-105],[0,-143],[-172,-348],[106,-401]],[[39432,22684],[-116,-14],[-5,-158],[71,-32],[-2,-219],[-537,44],[-409,61]],[[38434,22366],[-45,95],[-243,59],[20,89],[-171,41],[-630,54],[-2,-41],[-1032,38],[2,71],[-199,30]],[[46908,24626],[-187,15],[-131,-103],[-153,-220],[38,-160],[-205,-17],[-75,103],[-182,8],[149,-77],[-315,-30],[230,-161],[-360,69],[15,-154],[151,-9],[-41,-95],[-375,30]],[[29559,23798],[-491,19],[-26,-97],[-366,17],[-78,-61],[-331,44],[-31,-96],[-619,-32],[-934,-10],[0,42],[-606,-77],[-240,-72],[-228,109],[-136,-145],[-263,-104]],[[25210,23335],[-419,398],[-112,142],[-237,441],[62,427],[302,493],[60,156]],[[48151,23266],[-509,62],[-147,-27],[-223,-141],[-166,-57],[-116,-176],[-166,-5]],[[46824,22922],[-409,27],[-370,53]],[[46045,23002],[-345,117],[-291,140],[-408,64]],[[42116,21712],[-43,-90],[-256,30]],[[41817,21652],[-82,75],[-280,126],[-158,-54],[-379,45],[20,67],[-160,183],[82,92],[-58,135],[-364,82],[-9,93],[-326,113],[-671,75]],[[31019,23292],[43,-353],[-52,-240],[26,-158],[-34,-313],[-3,-561],[26,-200],[-49,-188]],[[30976,21279],[-518,-77],[-782,-6],[-107,43],[-619,67],[-364,-7],[12,-52],[-292,-87],[16,-48],[-271,-28],[-521,-241]],[[27530,20843],[-106,147],[-228,542],[-376,428]],[[26820,21960],[-194,236],[-341,293],[-347,228],[-326,251],[-402,367]],[[34953,22574],[-110,-42],[28,-346],[-176,-11],[46,-169],[-25,-226],[-165,-142],[20,-296],[64,-72],[58,-454]],[[34693,20816],[-189,-26]],[[34504,20790],[-173,9],[-9,87],[-459,59],[-427,-23],[-477,4],[-250,-39],[-870,92],[-5,64],[-245,26]],[[31589,21069],[2,163],[-615,47]],[[47749,21892],[-222,56],[-196,120],[-376,138],[-379,92]],[[46576,22298],[248,624]],[[46045,23002],[-232,-271],[-41,-146],[-575,-640],[-78,3],[-132,-381],[-148,-25],[-6,-75],[-251,-17],[-98,-191],[-254,43],[-347,-47],[-186,136],[-75,-29]],[[43622,21362],[-72,87],[-318,92]],[[24617,23134],[162,-102],[-121,-304],[-229,-157]],[[24429,22571],[-1202,74],[-476,-10],[-598,82]],[[22153,22717],[178,77],[192,176],[84,174],[317,2],[-64,78],[131,50],[126,-68],[-29,-98],[110,-23],[234,126],[211,28],[127,92],[-109,68],[367,22],[86,55],[234,-106],[189,-232],[80,-4]],[[26820,21960],[-483,-202],[-32,66],[-254,-108],[-101,11],[-90,-100],[-150,-44],[-558,-68]],[[25152,21515],[-107,139],[-338,19],[-262,-45],[-417,-228],[-388,-19],[179,324],[440,115],[32,275],[64,111],[-209,123],[283,242]],[[24617,23134],[70,103],[61,-107],[124,79],[338,126]],[[46576,22298],[-115,-143],[-171,-309],[-278,-85],[-164,-95],[-110,-2],[-5,-141],[-84,-72],[-189,-24],[-237,-88],[-127,-334],[-34,-217]],[[45062,20788],[3,-241],[-64,-278]],[[45001,20269],[-145,-10],[-604,107],[24,37],[-246,77],[-359,-36]],[[43671,20444],[-77,503],[41,136],[-13,279]],[[38434,22366],[-34,-335],[9,-296],[46,-137],[-51,-120],[25,-183],[182,-218],[-112,-178],[-163,-137],[-52,-108],[-106,-13],[121,-267],[133,-29],[-9,-109]],[[38423,20236],[-493,-33],[-105,-72],[-278,25],[-612,-101],[-394,25]],[[36541,20080],[21,272],[-310,21],[-19,57],[-786,89],[-84,-8],[31,334],[-701,-29]],[[41817,21652],[-45,-226],[157,-66],[-130,-379],[-219,5],[-99,-157],[14,-153],[-81,-392],[-66,-191],[75,-250],[-176,-27],[55,-221]],[[41302,19595],[-318,-101],[-249,-22],[-40,-66],[-203,16],[-268,-31],[-460,24],[-109,-24]],[[39655,19391],[-177,247],[-838,-39],[-37,195],[109,30],[-55,279],[-245,7],[11,126]],[[25152,21515],[-690,-107],[-166,-416],[-147,-105],[-746,-128],[-361,-123],[-75,-72]],[[22967,20564],[-343,-117],[-289,-31],[-154,-210],[-12,-117],[-181,-89]],[[21988,20000],[-1,82],[-130,277],[-243,126],[-589,241],[-275,132],[-375,91],[-398,-45],[-169,115]],[[19808,21019],[191,-44],[238,26],[346,140],[317,191],[556,419],[529,476],[133,245],[35,245]],[[47778,21317],[-109,-104],[-144,30],[-76,-211],[-92,-13],[-400,94],[-421,-30],[-205,-259],[-532,-81],[-60,-110],[-189,45],[-3,60],[-171,-19],[-13,68],[-301,1]],[[18120,21167],[-282,-120],[-394,-240],[-240,-285],[-213,-27],[-754,25],[-116,-62],[-297,-9],[-351,-54],[-35,135],[-132,49],[-99,133],[-646,-103],[-70,-38]],[[14491,20571],[-271,47],[-128,211],[-217,176],[21,178],[94,276],[-80,163],[-252,276],[191,-74],[312,86],[272,-28],[924,-249],[177,18],[260,201],[219,78],[78,98],[224,91],[147,194],[234,-51],[153,-171],[338,-13],[-11,-54],[347,-94],[35,-108],[352,-109],[-160,-418],[156,-100],[214,-28]],[[27530,20843],[87,-117],[235,-516]],[[27852,20210],[-448,-307],[-836,-1],[-237,-65],[-230,76],[-310,12],[-188,277],[-795,40],[-647,132],[-538,76],[-656,114]],[[43671,20444],[-8,-397],[-58,-106],[-118,22],[-151,-253],[-23,-188],[-132,-180],[-75,-10],[-29,-159]],[[43077,19173],[-128,41],[-479,56],[-6,-22],[-714,-3],[-242,15],[-70,338],[-136,-3]],[[48415,19825],[-669,9],[-1360,282],[-431,5]],[[45955,20121],[-58,62],[-491,30],[-405,56]],[[31589,21069],[-90,-363],[74,-12],[-140,-291],[63,-130],[-61,-254],[72,-8],[24,-227],[72,-73],[-24,-150],[-6,-591]],[[31573,18970],[-89,-244]],[[31484,18726],[-791,36]],[[30693,18762],[-452,32],[21,90],[-254,-2],[-173,-78],[-449,37],[-164,-115],[-168,14],[-87,73],[-141,-11],[-84,-128],[-194,-18],[-87,77],[-519,-9]],[[27942,18724],[14,731],[-15,546],[-89,209]],[[34504,20790],[-22,-587],[-93,-538],[-82,-171],[-170,18],[-87,-431]],[[34050,19081],[-8,-42],[-453,15],[-85,-333],[-106,-82]],[[33398,18639],[-384,134],[-402,83],[-263,-8],[-116,57],[-231,8],[-274,76],[-155,-19]],[[21988,20000],[-290,-80],[-39,-164],[-607,-251],[-478,-70],[-184,27],[-250,-54],[-360,11],[-258,53],[-289,19],[-330,-27],[-793,-188],[-166,-91]],[[17944,19185],[-315,218],[-22,85],[-267,-14],[-147,-112],[-349,104],[-247,-105],[-158,84],[-211,-40],[-7,148],[-237,17],[30,70],[-154,73],[-211,-80],[-321,254],[-60,-30],[-133,113]],[[15135,19970],[9,81],[-653,520]],[[18120,21167],[636,-49],[549,7],[503,-106]],[[36541,20080],[-149,-409],[-99,-362],[-104,-197],[-106,-9]],[[36083,19103],[-309,-40],[-426,35],[-171,-29],[-205,85],[-468,12],[-101,-90],[-353,5]],[[45955,20121],[-153,-275],[-243,23],[-12,-227],[-418,-143],[114,-221],[388,108],[14,-280],[-106,-4],[37,-236],[78,-13],[-51,-207],[72,-249],[-101,-136],[-6,-175]],[[45568,18086],[-29,-103],[-257,19],[-102,-41],[-603,8],[-24,-63],[-301,9],[39,237],[-243,-7],[-231,44],[54,147],[-344,156],[-323,57],[54,304],[-175,41],[-6,279]],[[27942,18724],[-464,-10],[-684,59],[-286,-32],[-69,39],[-321,-24]],[[26118,18756],[-163,32]],[[25955,18788],[-97,157],[35,80],[-252,89],[-144,293],[-143,133],[-8,174],[-238,-40],[-262,131],[-275,29],[-312,-56],[-681,173],[-307,-22],[-608,21],[-675,50]],[[39655,19391],[22,-417],[-195,0],[54,-222],[-272,-32],[50,-95],[16,-255],[-94,-389],[22,-259],[-147,1],[-11,-192],[-238,-17]],[[38862,17514],[-852,69],[-463,-54],[-369,-5],[-512,52],[-217,-49]],[[36449,17527],[-120,281],[-181,5],[-25,84]],[[36123,17897],[-69,131],[-151,28],[-133,297],[46,226],[127,137],[140,387]],[[46087,18095],[-519,-9]],[[25955,18788],[-117,38],[-524,-16],[53,-248],[-417,-40],[14,-141],[-364,-17],[-485,139],[-293,58],[-297,107],[-37,-315],[343,-125],[830,-91],[460,-162],[-26,-126],[337,-75],[-9,-168],[157,-233],[-3,-463],[79,-271],[361,4],[268,124]],[[26285,16767],[14,-259],[-231,-55],[-275,-162],[-797,80],[-284,54]],[[24712,16425],[-289,101],[-528,245],[-217,62],[-421,171],[-111,74],[-352,331],[-1021,154],[73,-85],[528,-367],[188,-63],[110,-101],[119,-215]],[[22791,16732],[-364,-15],[-630,173],[-414,26],[-292,109],[-308,12],[-52,-271],[-472,-31]],[[20259,16735],[107,112],[-43,207],[-434,1]],[[19889,17055],[324,391],[-80,224],[-131,149],[-317,214],[-682,356],[-229,72],[-379,337],[-390,297]],[[18005,19095],[-61,90]],[[18005,19095],[-128,-132],[-325,-170],[-240,-51],[-91,-68],[-173,-277],[-242,-106],[-189,-20],[-89,-107],[-262,-53],[-145,37]],[[16121,18148],[12,140],[-166,74],[-332,241],[193,37],[39,323],[-20,235],[-290,56],[-289,20],[-237,259],[-17,88],[203,86],[37,69],[-202,97],[83,97]],[[45995,17087],[-188,-244],[-234,21],[-45,-75],[-209,54],[-486,50]],[[44833,16893],[-577,79],[-9,-54],[-301,15],[-115,-233],[-61,-469],[-209,28],[-45,-80]],[[43516,16179],[-362,27],[-162,49],[-480,-11],[-13,23],[-935,-92],[-83,188],[-177,-90],[13,-175],[-365,1],[-243,37],[-32,-135],[-629,-10]],[[40048,15991],[-928,124],[90,280],[-410,15]],[[38800,16410],[-33,222],[75,215],[-64,358],[84,309]],[[36123,17897],[-86,6],[-53,-119],[-3,-355],[-178,-235],[-165,11],[-38,-101],[-396,-20],[-27,-113],[-277,-26],[-445,4],[-40,-33],[-821,91]],[[33594,17007],[53,322],[-56,11],[93,297],[15,204],[-99,340],[-468,129],[266,329]],[[33594,17007],[-54,-95],[-183,12],[115,-315],[-367,54],[-190,-11],[-15,-111],[-286,7],[-46,-55]],[[32568,16493],[-219,12],[-64,174],[116,238],[-523,69],[97,214],[-239,-12],[-324,133],[46,277],[154,291],[3,78],[-232,29],[79,236],[-39,160],[52,145]],[[31475,18537],[9,189]],[[19889,17055],[-330,191],[-268,266],[-335,74],[-362,-78],[-404,-150],[-177,-18],[-104,-96],[-268,-88],[-586,40]],[[17055,17196],[-123,215],[-337,62],[-145,202],[60,234],[-216,-31],[-147,105],[-26,165]],[[30693,18762],[-127,-441],[46,-472],[-217,-211],[-167,17],[-68,-96],[-312,61],[-277,-354],[-6,-114],[-155,-163],[-200,-308]],[[29210,16681],[-638,326],[-305,264],[-381,803],[56,650]],[[26118,18756],[181,-187],[90,-215],[142,-28],[-182,-170],[138,-247],[-113,-49],[64,-226],[-176,-167],[-12,-229],[35,-471]],[[31475,18537],[-266,8],[-43,-409],[38,-210],[-34,-354],[75,-12],[-601,-890],[150,-186],[-215,-45],[119,-46],[-139,-294]],[[30559,16099],[-597,112],[-316,162],[-436,308]],[[30559,16099],[-116,-304],[-253,-80],[-29,-69],[243,-174],[-246,-198],[-95,4],[-38,-133],[168,-30],[-38,-140],[-330,-9],[-94,-190],[-571,98],[65,-201],[230,-26],[-42,120],[329,-69],[-170,1],[-12,-97],[260,17],[-33,-89],[-218,43],[-316,9],[-144,80],[-72,-219],[233,7],[3,-276],[-38,-187],[-273,14],[17,91],[-322,38],[-20,80],[-187,30],[-431,167],[-414,104],[-208,-16],[-11,99],[-315,113],[214,155],[-28,334]],[[27257,15196],[392,320],[-69,159],[-264,20],[-219,-50],[-820,114]],[[26277,15759],[-257,82],[-876,122],[-244,67],[-618,51],[-48,271],[-90,141],[568,-68]],[[32568,16493],[-139,-329],[-236,95],[19,-186],[-130,104],[-129,-5],[-18,-173],[37,-463]],[[31972,15536],[-511,210],[-567,187],[-335,166]],[[36449,17527],[59,-213],[-114,-499],[32,-488],[-415,-1],[-474,36],[-33,-149],[-289,23],[-304,-213],[-164,-149],[-80,-141],[-84,-317],[-197,-219],[-130,-226],[-419,-201]],[[33837,14770],[-1336,602],[-529,164]],[[38800,16410],[-322,-34],[-1199,1],[-251,26],[13,-250],[-153,-68],[-22,-111],[-92,4],[-79,-218],[-304,78],[-230,-349],[-88,-34],[-63,-157],[-135,-160],[-110,-291],[-737,-665]],[[35028,14182],[-728,342],[-463,246]],[[26277,15759],[-237,-59],[-1143,-73]],[[24897,15627],[-299,-111],[-322,-60],[-395,-25],[-462,187],[0,62]],[[23419,15680],[86,1],[-34,352],[25,115],[-165,9],[-110,240],[-211,96],[-219,239]],[[20259,16735],[-581,-46],[-693,12],[-238,-96],[-384,-16],[-249,34],[-377,99],[-30,-105]],[[17707,16617],[-538,53],[27,93],[-176,5]],[[17020,16768],[-214,182],[61,79],[187,11],[1,156]],[[46876,16808],[-52,-86],[-322,-291],[-305,-580],[-23,-143],[-80,10],[-118,-264],[-209,-332],[-387,-716],[74,-24],[-273,-429]],[[45181,13953],[-180,42],[-106,-84],[-386,118],[-299,160],[-67,-69]],[[44143,14120],[-144,53],[-357,25]],[[43642,14198],[108,196],[115,113],[118,278],[133,159],[-29,57],[96,245],[92,122],[159,43],[159,167],[232,617],[55,365],[-47,333]],[[46032,13653],[-280,54],[-499,162]],[[45253,13869],[-72,84]],[[43642,14198],[-627,82]],[[43015,14280],[58,475],[191,399],[171,299],[-55,152],[101,346],[-89,20],[124,208]],[[23419,15680],[-272,0],[3,-109],[-348,-18],[-613,22],[-695,130],[-461,253],[-473,101]],[[20560,16059],[151,196],[-328,291]],[[20383,16546],[-124,189]],[[17707,16617],[44,-2],[-32,-228],[-79,-167],[174,21],[-66,-93],[280,68],[121,-106],[180,-2],[-44,-144]],[[18285,15964],[-256,-155],[-76,-122],[124,-79],[-249,-194],[-69,-132]],[[17759,15282],[-460,28]],[[17299,15310],[26,216],[-1207,207],[-261,19],[16,78],[-299,145]],[[15574,15975],[76,253],[231,85],[-44,106],[286,100],[32,-62],[564,91],[214,104],[87,116]],[[20383,16546],[-314,-132],[-192,-153],[-97,30],[-260,-163],[-306,-102],[-105,-85],[-151,8]],[[18958,15949],[-225,-152]],[[18733,15797],[-168,-49],[-302,167],[22,49]],[[40048,15991],[-92,-139],[-105,-289],[53,-14],[-194,-307],[-15,-254],[-66,-169]],[[39629,14819],[-246,-34],[-440,39],[-87,-230],[-476,-521],[90,-96],[424,-206],[69,-61],[-175,-265],[37,-100],[-99,-176],[-343,125],[-165,-248],[-286,-309],[-479,-163]],[[37453,12574],[-607,363],[-428,363],[-431,434],[-213,121]],[[35774,13855],[-229,127],[-280,71],[-237,129]],[[43015,14280],[-75,-117],[-285,56],[-12,-56],[-182,75],[-677,99],[-19,-74]],[[41765,14263],[-416,23],[-337,61],[-173,94],[-517,135],[-37,-63],[-251,38]],[[40034,14551],[-120,26],[3,187],[-288,55]],[[20560,16059],[69,-328],[-80,-38],[-143,-448],[-34,-264]],[[20372,14981],[-106,-71],[51,-152],[188,-23],[283,-147],[142,-117],[75,-155]],[[21005,14316],[-29,-101],[116,-8],[-339,-130],[-259,114],[-33,-61],[-193,9],[-271,-87],[8,-94],[235,-48],[488,-436],[-78,-445],[-373,-239],[-1,-200]],[[20276,12590],[-98,-7],[-201,121],[-296,44],[-233,-17],[-278,42],[-199,72],[-151,-499],[-156,-153],[-190,-99],[-154,-267]],[[18320,11827],[-294,-93],[-570,-117],[-2,682],[-500,-12],[-345,97],[-255,-66]],[[16354,12318],[-193,-6],[-337,140]],[[15824,12452],[0,128],[-82,60],[-248,20],[-341,77]],[[15153,12737],[142,164],[172,124],[-315,70],[-87,249],[-236,4],[-177,127],[-320,48],[-202,126],[-140,139],[-351,44],[-197,260],[-101,26]],[[13341,14118],[-1,197],[176,203],[203,38],[463,31],[376,172],[418,238],[14,47]],[[14990,15044],[76,37],[404,-147],[186,-228],[-30,-41],[241,-226],[520,-227],[249,-159],[207,74],[92,-24],[237,344],[111,247],[61,234],[-114,97],[69,285]],[[17759,15282],[41,-176],[-55,-97],[101,-137],[179,-1],[267,69],[36,297],[94,28],[-81,190],[422,-24]],[[18763,15431],[164,-157],[508,-69],[198,123],[-386,394],[-289,227]],[[31972,15536],[56,-442],[-319,-270],[-164,-210],[-187,-367],[-15,-151],[-200,11],[-28,-407],[-46,-157],[-206,-36],[-43,-316],[-58,-99]],[[30762,13092],[-556,50],[-267,-64],[-208,135],[-180,-106],[-277,-102],[-107,8],[-50,130],[-164,94],[-95,174],[-165,11]],[[28693,13422],[-258,150],[179,243],[186,6],[-55,99],[-169,72],[-36,-69],[-217,51],[49,67],[-304,40],[18,105],[-88,58],[-160,-112],[-111,-6],[8,-147],[111,-37],[-92,-118],[-255,-12],[-69,76],[-163,25],[-3,91],[-292,117],[-276,-40],[-18,-182],[-119,2],[-92,105]],[[26467,14006],[-263,-81],[-77,56],[114,254],[-46,112],[72,126],[-236,29],[-63,108],[-374,7]],[[25594,14617],[0,159],[-453,-111],[-166,83]],[[24975,14748],[48,138],[439,-18],[366,9],[553,210],[525,89],[351,20]],[[24897,15627],[7,-118],[-163,-260],[-322,-292],[60,-65]],[[24479,14892],[-368,-26],[-86,32],[-96,-159],[-236,34],[-29,-103],[-101,-2]],[[23563,14668],[-433,185],[-324,71],[-238,100],[-178,29],[-116,-39],[-585,54],[-31,32],[-667,-96],[-619,-23]],[[18733,15797],[-78,-152],[136,-65],[-28,-149]],[[14990,15044],[-224,340],[-7,184],[136,-14],[136,76],[82,199],[410,93],[51,53]],[[24975,14748],[-282,-8],[-214,152]],[[35028,14182],[-27,-74],[-352,-331],[-315,-239],[-101,-32],[-188,43],[-151,-81],[-432,-13],[-111,102],[-155,-12],[-214,-132],[-272,-112],[80,-194],[-46,-116],[-107,-43]],[[32637,12948],[-282,-121],[-431,-36],[-111,-144],[-239,-54],[-5,-112],[-163,15],[-152,84],[-133,-93],[-253,117],[-58,145]],[[30810,12749],[331,331],[-379,12]],[[23563,14668],[57,-46],[-51,-203],[-96,20],[11,-116],[-202,-111],[-236,0]],[[23046,14212],[-64,100],[-266,-13],[-170,211],[-153,9],[-35,122],[-339,-16],[-60,-108],[-399,-57],[-119,-159],[-341,-18],[-95,33]],[[40034,14551],[-232,-410],[-174,-496],[-35,-535],[-80,-178],[125,-30],[-240,-313],[55,-45],[-204,-390],[-101,-355]],[[39148,11799],[-727,271],[-462,256],[-506,248]],[[25594,14617],[-95,-193],[-151,-60],[-135,-217],[-121,-309],[-79,-83],[-60,-196],[-99,-84],[-141,-247],[21,-56]],[[24734,13172],[-71,-101],[-578,-121],[-132,-165],[-8,-130],[-194,-56]],[[23751,12599],[-125,78],[-208,42]],[[23418,12719],[-554,94],[-455,132],[-190,198],[77,79],[0,135],[341,175],[-137,105]],[[22500,13637],[205,153],[299,19],[76,95],[-64,85],[182,-55],[154,93],[-374,134],[68,51]],[[41765,14263],[-55,-283],[-102,-222],[-32,-212],[-107,-360],[76,-13],[-137,-287],[-48,-354],[-264,-505],[140,-33],[-113,-180],[74,-304]],[[41197,11510],[-1406,147]],[[39791,11657],[-643,142]],[[22500,13637],[-221,4],[-184,-64],[-165,-145],[-124,63],[-165,-41],[-30,-226],[140,-35],[-108,-96],[-98,-185],[140,20],[-160,-95],[-147,-225]],[[21378,12612],[-23,-12]],[[21355,12600],[-362,-17],[-422,65],[-295,-58]],[[26467,14006],[-329,-332],[-130,-54],[-209,-241],[9,-96]],[[25808,13283],[-153,-54],[-210,-1],[-59,-116],[-459,0],[-193,60]],[[44143,14120],[-29,-147],[-138,-260],[-567,-811],[-145,-375],[-151,-230],[-85,-399],[-117,-168],[-273,-557]],[[42638,11173],[-599,210],[-416,88],[-426,39]],[[45253,13869],[-114,-120],[110,-169],[-32,-526],[-75,-278],[-352,-279],[-462,-416],[-431,-329],[-349,-314],[-272,-149],[-318,-284]],[[42958,11005],[-320,168]],[[35774,13855],[-243,-497],[-339,-480],[-37,-230],[-304,5],[-205,-170],[-703,6],[-1228,53]],[[32715,12542],[-78,406]],[[28693,13422],[-241,-256],[-84,71],[-354,-173],[-58,-196],[-179,-91],[74,-92],[-282,-71],[-20,-223]],[[27549,12391],[-160,-171],[-237,155],[-138,-16]],[[27014,12359],[-17,122],[196,80],[-212,202],[-150,44],[-15,142],[-241,70],[-99,-77],[-99,82],[-234,55]],[[26143,13079],[-121,121],[-214,83]],[[44998,9525],[-517,-36],[-263,89],[-287,199],[-326,415]],[[43605,10192],[-136,546],[-511,267]],[[15153,12737],[-307,-3],[-285,65],[-515,-29],[-281,90],[-233,170],[-122,-18]],[[13410,13012],[-304,242],[-191,209],[-182,368],[148,146],[460,141]],[[37453,12574],[-568,-200],[-45,-269],[-162,-230],[44,-111],[-56,-201],[-171,-359]],[[36495,11204],[-110,-320],[-494,74],[-29,-86],[-219,50],[-99,-133],[-77,-310],[3,-265]],[[35470,10214],[-107,5],[-235,-99],[-121,-148],[-80,11],[-18,-147],[-86,-45],[-232,30],[-181,-108],[-648,177],[61,132],[-36,130],[-65,582],[-319,126],[-181,168],[-125,250],[11,462],[-191,344],[-166,133],[13,182],[-49,143]],[[23418,12719],[-104,-272],[-471,-6],[-648,37],[-341,36],[-476,98]],[[30810,12749],[-72,45],[-623,29],[-312,-98],[-87,-180],[586,-37],[75,-201],[-110,-169],[-247,-172],[-301,-53],[-225,190],[-174,75],[-63,93],[-350,-62],[-454,-113],[-99,34],[235,279],[-333,29],[-213,-290],[-160,-118],[-259,-106]],[[27624,11924],[-96,162],[21,305]],[[26143,13079],[-488,-222],[-485,-384],[-88,5],[-94,-171],[-272,-11],[-179,-103],[-296,-41]],[[24241,12152],[-270,48],[-289,199]],[[23682,12399],[69,200]],[[27014,12359],[81,-152],[-235,-142],[-37,-174],[-199,-6],[-38,-71],[132,-392],[91,-74],[-310,-27],[-180,22],[29,-110],[-221,-18]],[[26127,11215],[-394,87],[-422,208],[-242,70],[-29,283],[-643,-115]],[[24397,11748],[-77,122],[-79,282]],[[35470,10214],[242,-235],[822,-25],[306,-32],[-70,-394],[-557,-132],[-301,-290],[589,-68],[463,285],[23,70]],[[36987,9393],[336,-69],[554,-61],[586,3]],[[38463,9266],[409,-13],[698,121],[188,96],[208,33],[56,153],[43,305],[174,100],[243,54],[329,8],[179,-82],[402,-15],[300,-82],[154,-111],[487,-54]],[[42333,9779],[21,-284],[-47,-268],[20,-287],[354,-406],[26,-146],[-139,-182],[152,-368]],[[42720,7838],[-325,-10],[-503,197],[-267,182],[-291,3],[-192,-102],[142,-233],[202,-246],[721,-33],[167,-61]],[[42374,7535],[122,-326],[19,-361],[383,-62],[351,-220],[486,-223],[290,-53],[795,-10],[601,175],[549,-18],[299,-36],[425,-7],[374,-38]],[[47068,6356],[-188,-168],[-52,-169],[-20,-394],[-107,-243],[-191,-190],[-179,-337],[-683,-22],[-194,-62],[-519,-29],[-766,-122],[-475,-168],[-329,34],[-626,-14],[-308,52],[-600,64],[-167,77],[-232,11],[-295,-33],[-193,63],[-478,87],[-306,-46],[-63,-47],[-64,-220],[-804,-420],[-136,-45],[-178,-137],[-651,-412],[-477,-77],[-329,-78],[-107,-568],[70,-162],[341,-308],[107,-161],[-3,-178],[257,-169],[167,-202],[-19,-358],[-122,-107],[8,-97],[361,-133],[18,-352],[-86,-147],[-269,-8],[-232,-246],[-155,-84],[-276,-31],[-398,24],[-417,250],[-768,395],[-251,175]],[[35684,844],[-134,163],[-11,227],[-81,173],[-124,137]],[[35334,1544],[343,-5],[448,-47],[397,-5],[122,418],[112,250],[-18,244],[-199,30],[-292,-65],[-726,-15]],[[35521,2349],[19,827],[172,259],[192,382],[2,139],[-284,-37],[-916,65],[-407,-110],[-300,-227],[-374,-347],[-20,-343],[36,-657],[297,-68],[687,-198],[1,-430],[-81,-350],[-384,-314]],[[34161,940],[-179,-15],[-283,74],[-522,197],[-309,137],[-176,113],[-64,155],[93,260],[-98,180],[76,103],[-45,287],[-407,281],[-433,11],[-407,112],[-374,222],[-136,28],[-629,208],[-792,114],[-604,14],[-454,41],[-521,87],[-331,4],[-411,-73],[-867,122],[-95,43],[-151,306],[-159,152],[-115,231],[-1,248],[-280,333],[-194,365],[-92,67],[-515,219],[-210,155]],[[24476,5721],[-321,21],[-181,48],[-123,189],[-254,124],[-190,187],[-275,41],[-231,242],[-99,10],[-86,199],[-124,65],[-12,129],[104,265],[-165,216],[49,167],[-149,91]],[[22419,7715],[748,0],[8,225],[-127,119],[102,537],[-85,230],[165,220],[-133,184]],[[23097,9230],[150,25],[168,-110],[365,10],[19,152],[142,-52],[257,157],[273,-77],[-56,-86],[211,-19],[196,70],[4,93],[242,168],[107,-20],[115,82],[-42,211],[-128,19],[104,138],[33,221],[110,82],[-102,110],[257,62],[78,93],[20,176],[171,164]],[[25791,10899],[616,-24],[69,-187],[226,-332],[-183,-75],[-103,-144],[-116,27],[-570,-205],[-207,-278],[85,-146],[234,-55],[56,133],[219,-7],[183,74],[197,234],[66,184],[532,90],[277,-27],[37,167],[-64,272],[44,170],[-75,113],[-229,168],[171,354],[339,-133],[192,174],[143,207],[-154,63],[-152,208]],[[32852,6760],[17,-70],[-151,-41],[-104,-244],[-126,6],[-185,-199],[-241,37],[-81,-105],[-259,-82],[-94,20],[-106,-102],[-274,-56],[-56,-102],[35,-267],[-21,-176],[52,-368],[-218,-128],[-81,-317],[1046,-6],[161,-75],[390,-26]],[[32556,4459],[-328,-134],[-35,-175],[-370,-163],[-53,-412],[365,-194],[375,12],[226,-165],[274,39],[497,146],[171,274],[29,448],[-134,210],[21,124]],[[33594,4469],[-50,136],[77,176],[-50,43],[298,149],[-12,82]],[[33857,5055],[775,17],[22,78]],[[34654,5150],[721,-32],[57,-242],[-165,-193],[471,-34],[238,-232],[149,124],[403,220],[113,30],[7,107],[-306,293],[-194,-2],[-381,54],[-450,166],[-260,-3],[-134,92],[-317,513],[-58,364]],[[34548,6375],[141,-48],[611,-82],[578,89],[352,-91],[136,233],[225,-106],[176,-31],[114,131],[-19,457]],[[36862,6927],[515,106],[867,-73],[537,-123],[90,-169],[280,-93],[16,-96],[181,-42],[168,178],[219,6],[182,219],[215,-89],[115,-95],[312,-42],[-77,-246],[51,-75],[170,-48],[105,95],[9,144],[191,246],[273,-174],[-207,458],[-321,13],[-272,47],[9,66],[-352,78],[-740,450],[-151,48],[-578,54],[139,157],[257,18],[194,54],[178,150],[487,204],[-7,155],[-135,127],[-608,49],[-23,-264],[-184,-33],[-437,-147],[-292,-12],[-491,14],[-83,-309],[-101,-115],[-374,-241],[-401,-141]],[[36788,7436],[-81,141],[-261,300],[82,201],[-587,36],[-116,-350],[-136,-154],[-280,-89],[-144,-164],[-88,-207],[-265,-64],[-145,-92],[-271,53],[-142,-65]],[[34354,6982],[-340,-5],[-67,-58],[-249,57],[-77,-69],[-258,-25],[-451,-99]],[[32912,6783],[-191,57],[14,347],[-109,191],[-222,240],[-10,326],[169,356]],[[32563,8300],[283,-99],[857,-209],[281,-14],[225,57],[73,249],[-55,187],[-167,162],[-264,195],[-303,185],[2,97],[-598,30],[-31,-148],[-136,-322],[-105,-161]],[[32625,8509],[-117,207],[-243,197],[-269,49],[-60,111],[-250,222],[-150,189],[-344,338],[-639,-59],[-141,162],[338,387],[-100,164],[-227,237],[-153,293],[-682,-51],[177,-327],[-220,-182],[-191,-370],[-153,-138],[-329,-184],[-677,-188],[-378,-164],[266,-219],[31,-112],[-257,-493],[85,-145],[345,9],[1056,-17],[714,-70],[618,-42],[96,-730],[-900,-46],[149,-515],[872,124],[203,0],[34,-71],[118,58],[133,-184],[298,70],[0,140],[356,-265],[158,-19],[49,-130],[471,-43],[140,58]],[[38079,6310],[-486,1],[-117,-629],[-171,5],[101,-185],[199,-83],[186,107],[395,-160],[174,-40],[321,-393],[205,6],[11,123],[-97,340],[-120,166],[-60,194],[80,76],[235,93],[184,2],[-77,134],[-124,21],[-439,226],[-400,-4]],[[15824,12452],[-9,-97],[-177,-155],[-323,-68],[-79,-94],[-496,83],[-62,-232],[-123,-106],[-27,-243],[-130,-378]],[[14398,11162],[-184,47],[-523,232],[-449,59],[-479,-59]],[[12763,11441],[16,163],[-52,368],[71,82],[318,82],[146,109],[33,160],[-41,209],[69,73],[150,-30],[55,156],[-118,199]],[[21355,12600],[-555,-595],[-618,-444],[-114,-116],[354,-45],[91,-384],[333,-50],[-9,-250],[-265,-138],[-416,-28],[-52,-244],[-497,126],[-143,-43],[-55,-104],[-404,-139],[32,-56]],[[19037,10090],[-234,-131],[-364,44]],[[18439,10003],[97,296],[-526,94],[-13,184],[58,453]],[[18055,11030],[182,122],[-10,210],[35,303],[58,162]],[[39791,11657],[-150,-604],[-93,-76],[-93,98],[-116,-93],[150,-16],[-42,-162],[156,-129],[78,-239],[-413,-434],[-564,-380],[-241,-356]],[[36987,9393],[226,234],[100,236],[-43,105],[-3,420],[85,125],[-93,116],[28,192],[-308,70],[74,120],[-231,44],[27,81],[-354,68]],[[23682,12399],[-324,-40],[-228,-116],[-423,-43]],[[22707,12200],[-177,-95],[-699,-96],[-198,-99],[-19,-313],[-80,-302],[-56,-407],[-57,-121],[6,-384],[-130,-162]],[[21297,10221],[-157,-103],[-91,-179],[-344,-409],[-498,113]],[[20207,9643],[-225,13],[-258,124],[23,220],[-270,158],[-139,5],[-301,-73]],[[25791,10899],[-12,92],[150,-25],[-31,86]],[[25898,11052],[20,162],[125,-59],[84,60]],[[24397,11748],[174,-213]],[[24571,11535],[-389,-47],[-131,-509],[66,-276],[-207,-173],[-121,-29],[-348,51],[-182,-315],[-243,30],[-210,221],[-119,-89],[-125,97],[212,130],[-23,284],[-592,110],[26,182],[462,41],[12,196],[164,221],[-116,540]],[[16354,12318],[-23,-207],[-140,-137],[158,-266],[-18,-165],[133,-27],[163,-121]],[[16627,11395],[-46,-163],[-341,-46],[-905,-93],[-15,-112]],[[15320,10981],[-398,50],[-354,122],[-170,9]],[[18055,11030],[-240,12],[-923,234],[-156,111],[-109,8]],[[24571,11535],[188,-275],[333,-118],[806,-90]],[[23097,9230],[-551,202],[-182,-11],[-304,255],[-295,66],[-28,105],[-198,121],[-242,253]],[[43605,10192],[-463,46],[-364,-130],[-72,-145],[-176,-58],[-197,-126]],[[15320,10981],[112,-72],[-45,-329],[-50,-146],[-68,-730],[-53,-198]],[[15216,9506],[-95,14],[-40,-116],[-270,-88],[-103,-287]],[[14708,9029],[-81,6],[-486,-102]],[[14141,8933],[-44,182],[-106,173],[-667,41],[20,200],[-497,46],[-128,34],[61,134],[-229,103],[64,144],[-304,43]],[[12311,10033],[72,121],[-71,157],[223,67],[268,651],[-81,54],[41,358]],[[18439,10003],[-79,-56],[-75,-197],[-343,-493]],[[17942,9257],[-85,40],[-424,-21],[-138,25]],[[17295,9301],[-422,117],[-177,-2],[-70,-137],[-89,-4],[-708,111],[-613,120]],[[32625,8509],[-62,-209]],[[32912,6783],[-60,-23]],[[45597,9568],[168,-421],[-143,-362],[-243,-205],[-294,-350],[49,-111]],[[45134,8119],[-23,-173],[-89,-98],[-258,19],[-58,68],[-162,-44],[-199,31],[-122,107],[-115,-120],[-136,-10],[-141,113],[-160,-40],[38,-169],[-83,-49],[-212,6],[-439,119],[-162,-34]],[[42813,7845],[-93,-7]],[[23097,9230],[-77,-136],[-140,-35],[-25,-117],[-108,81],[-228,-100],[67,-141],[-226,-74],[-165,-176],[-100,-13],[8,-153]],[[22103,8366],[-347,15],[-213,73],[-348,9],[-210,-69],[-515,-37],[-200,-62]],[[20270,8295],[-83,269],[40,178],[-60,114],[101,117],[34,154],[-172,208],[77,308]],[[20270,8295],[-530,-153],[-619,33]],[[19121,8175],[-365,155],[-175,-2],[-36,175],[-196,5],[24,257],[-143,71],[61,235],[-398,125],[49,61]],[[46738,7973],[-546,68],[-514,124],[-15,-72],[-255,34],[-274,-8]],[[47400,9709],[-43,-321],[-107,-377],[-160,-436],[-260,-362],[-92,-240]],[[14141,8933],[34,-152],[-23,-521],[-230,9]],[[13922,8269],[-613,71],[-624,103],[-9,-34],[-401,37],[-604,19],[-449,154]],[[11222,8619],[83,30],[105,182],[-188,147],[168,111],[-49,109],[149,132],[-74,73],[148,15],[-62,76],[205,59],[162,187],[134,-26],[367,107],[51,109],[-110,103]],[[17295,9301],[-29,-279],[-73,-9],[11,-199],[-110,-561]],[[17094,8253],[-269,-46],[-120,179],[-497,83],[-254,-25],[-81,94],[-162,-50],[-165,71],[-258,-58],[-176,198],[-217,46],[20,196],[-207,88]],[[19121,8175],[-69,-112],[-159,-76],[-65,-118],[-349,-70],[-216,49]],[[18263,7848],[-711,121],[2,33],[-309,23],[8,245],[-159,-17]],[[22419,7715],[-55,162],[-185,-4],[57,119],[-77,153],[-133,101],[77,120]],[[18263,7848],[-110,-270],[6,-285],[69,-179],[-130,-72],[-145,-175]],[[17953,6867],[-606,-34],[-382,-151],[-904,41],[-26,105],[-230,-39],[-199,37]],[[15606,6826],[-185,340],[-155,15],[-169,161],[-66,260],[64,90],[-566,39],[-3,182],[-509,-1],[-26,-70],[-159,6],[0,121]],[[13832,7969],[90,300]],[[36862,6927],[7,160],[-81,349]],[[13832,7969],[-131,27],[-430,-59],[-240,1],[-239,-284],[-122,12],[-43,-211],[-218,-220]],[[12409,7235],[-43,68],[-303,31],[17,70],[-337,3],[-734,121],[-328,36],[62,130],[-32,136],[191,482],[78,-17],[57,166],[164,-5],[21,163]],[[24476,5721],[-222,-101],[-78,-93],[-120,-10],[-150,-103],[-170,-46],[-375,-176],[-526,-9],[-434,14],[-524,-29],[-416,41],[-373,180],[-314,108],[-374,162],[-283,35],[-847,163],[-869,36],[-229,-107],[15,76],[-119,119],[-51,232],[-3,236],[-61,418]],[[46738,7973],[11,-151],[-103,-347],[249,-1],[11,-136],[204,-118],[316,-53],[142,30],[-41,-292],[-95,-236],[-209,-128],[-155,-185]],[[42374,7535],[388,151],[51,159]],[[34548,6375],[-70,85],[-11,290],[-113,232]],[[15606,6826],[21,-105],[-263,-11],[-88,51],[-448,38],[-33,-67],[-296,81],[-335,-60],[-375,-11],[-368,-86],[-181,68],[-168,161],[-214,29],[-60,113],[-159,-87],[-29,80],[109,98],[-310,117]],[[34654,5150],[-19,255],[-426,5],[-120,-32],[-256,-237],[24,-86]],[[33594,4469],[-618,-19],[-420,9]],[[35521,2349],[-257,1],[-190,-144],[-90,-268],[165,-145],[185,-249]],[[35684,844],[-110,47],[-547,111],[-398,32],[-468,-94]],[[77482,62152],[-146,15],[-42,-219],[-201,-262],[-67,-433],[-407,-317],[508,-267],[318,-40],[196,-59],[608,-394],[568,-107],[489,-198],[164,-108]],[[79470,59763],[152,-296],[-204,-408],[-179,-772],[9,-336],[196,-285],[29,-97],[377,-446],[95,-147],[395,-400],[152,-458],[196,-275],[-33,-184],[82,-160],[525,-417],[304,-132],[324,-102],[153,-181]],[[75067,56509],[916,46],[555,-15],[213,16],[284,241],[199,305],[-151,457],[159,53],[-147,372],[217,114],[47,75],[-293,482],[-249,91],[-633,53],[-338,-3],[-652,48],[-162,-31],[-578,114],[-188,-22],[-34,-320],[-79,-285],[-257,-718],[-196,-711],[-102,-267],[18,-202]],[[73017,56032],[-246,47],[-276,366],[2,241],[-312,37],[-411,2],[-785,-23],[-160,-768]],[[69757,55898],[96,82],[-50,74],[371,501],[69,278],[87,149],[12,412],[-365,198],[-211,211],[-274,143],[-530,103],[-493,33],[-625,3],[-213,-17],[-273,-276],[-146,-511],[-13,-245],[-107,-249],[-100,-653],[-462,38],[-267,-1],[-564,-304]],[[63812,55992],[-251,167],[-151,55],[201,209],[441,257],[295,281],[-265,314],[-542,440],[50,115],[-6,251],[-135,105],[-333,-26],[-240,-58],[-288,-3],[-285,-77],[-57,-169],[-32,-343],[-121,-719],[17,-189]],[[62110,56602],[-164,37],[34,125],[-220,85]],[[61760,56849],[-51,133],[81,46],[-231,33],[51,173],[-104,107],[-22,130],[288,216],[-312,48],[-21,96],[330,153],[-29,170],[-175,55],[-4,75],[193,75],[-207,73],[84,117],[-90,118],[73,441],[-56,283],[27,128],[-33,245],[88,183],[318,-36],[320,35],[251,66],[90,189],[343,128],[192,309],[277,279],[342,218],[179,245],[-36,11]],[[63489,62679],[271,329],[228,168],[279,52],[751,-23],[122,21],[626,215],[927,225],[441,128],[280,50],[64,-157],[-463,-129],[28,-249],[224,87],[410,100],[245,-18],[530,-84],[525,17],[518,-69],[236,-181],[-92,-128],[258,-87],[74,-253],[728,559],[695,141],[124,48],[670,372],[924,39],[316,-122],[512,-2],[299,71],[290,-6],[528,-49],[105,-39],[543,-358],[112,-102],[452,-292],[722,-334],[491,-467]],[[66367,58774],[-167,-99],[-474,-395],[-301,-332],[511,-132],[718,-147],[60,591],[67,223],[63,371],[-361,-11],[-116,-69]],[[77482,62152],[185,-174],[648,-60],[381,-143],[211,-248],[287,-90],[482,-6],[511,46],[151,-58]],[[80338,61419],[-272,-252],[-132,-253],[-293,-217],[-98,-196],[23,-88],[-96,-650]],[[84720,59955],[182,-215],[-13,-108],[-257,-180],[-123,-191],[49,-344],[-23,-191],[-188,-188],[-46,-629],[-125,-198],[-49,-180],[-127,-70],[22,-144],[-181,-203],[-1,-158],[163,-149],[-303,-552],[-27,-437],[-121,-170],[-44,-193],[321,3],[321,-49]],[[80338,61419],[890,94],[196,111],[198,6],[594,-90],[319,-10],[283,23],[123,-168],[394,-262],[182,-370],[512,-203],[450,-273],[38,-134],[203,-188]],[[61760,56849],[-2,-6]],[[61758,56843],[-683,32],[-574,70],[-200,44],[-593,46],[-222,-36],[-592,-241]],[[89984,59088],[-101,-147],[10,-100],[-93,-313],[28,-148],[-7,-403],[-273,-322],[-150,-109],[-46,-320],[84,-167]],[[89436,57059],[-445,4],[31,-69],[-161,0],[44,-98],[-108,-192],[67,-179],[-29,-208],[-326,-323],[-24,-1001]],[[84720,59955],[91,-35],[949,117],[308,70],[172,111],[1101,548],[580,247],[104,-418],[101,-163],[316,-250],[-73,-149],[-123,-79],[-55,-166],[-97,-109],[-26,-223],[104,-89],[215,-74],[431,17],[471,136],[298,-55],[248,-143],[149,-160]],[[92747,58043],[9,-281],[272,-439],[-70,-349],[73,-118],[183,-110],[25,-185],[82,-208],[257,-403],[-171,8],[-30,-64],[-178,32],[-18,-150],[-113,-74],[171,-53],[-17,-88],[155,-20],[-144,-61],[166,-225],[-157,-73],[83,-65],[-10,-121],[-125,-67],[-66,-183],[-76,6],[-103,-127],[72,-29],[-88,-138]],[[92929,54458],[-166,141],[-171,17],[-170,107],[-391,-6],[-165,-39],[-242,182],[-107,-2],[-197,213],[108,205],[-301,168],[-18,142],[-269,118],[-60,85],[-165,46],[-12,67],[147,118],[-179,104],[6,123],[-126,89],[-88,155],[-107,56],[-16,190],[-97,56],[-407,92],[-119,171],[-181,3]],[[89984,59088],[24,48],[251,-4],[247,-61],[236,51],[194,-22],[381,-133],[81,-76],[186,-24],[169,-112],[175,18],[166,-141],[-114,-28],[179,-221],[-1,-90],[391,-165],[233,-36],[-35,-49]],[[93216,54339],[-148,-3],[-139,122]],[[92747,58043],[260,-23],[568,-144],[294,-40],[451,-108],[578,-113],[-5,-86],[-130,-23],[-18,-114],[177,-120],[-122,-179],[239,1],[56,-113],[-165,-104],[240,36],[89,-88],[159,17],[-69,-112],[174,-41],[-52,-96],[-122,-17],[0,-103],[-188,-50],[-228,-157],[-30,-172],[224,-99],[-177,-81],[53,-124],[257,38],[-12,-204],[-64,-228],[-332,-48],[-240,-149]],[[63890,55834],[-117,87],[-334,22],[-315,141],[-51,125],[-350,151],[-15,127],[-135,90],[-194,-18],[52,66],[-321,-23]],[[69127,53080],[-72,77],[-453,132],[-142,-27],[-136,60],[-93,-167],[-193,-12],[151,336],[37,264],[-43,360],[-466,30],[-477,249],[-419,358],[-483,227]],[[61758,56843],[-137,-352],[-450,-138],[-355,-42],[-154,-450],[95,-689],[104,-198],[328,-307],[814,-274],[151,86],[-75,405],[216,50],[423,17],[211,-107],[266,-9],[315,67],[153,119],[292,67],[308,-98],[332,-17],[341,51],[64,103],[-51,83]],[[78148,49604],[16,-90],[-147,-39],[40,-98],[-297,-87],[-46,-150],[294,-149],[-19,-142],[98,-32],[-252,-34]],[[93277,48086],[-11,112],[-512,130],[-179,251],[-98,53],[-339,15],[-252,64],[-279,176],[-146,9]],[[91461,48896],[32,105],[-422,285],[292,57],[188,227],[58,214],[188,260],[-67,143]],[[89632,49832],[-277,-80],[-38,-111],[89,-127]],[[89406,49514],[-141,26],[-474,-2],[-220,87],[-381,-90],[-17,-208],[139,-180],[80,-193],[-101,-226],[-482,-114],[-220,-78],[-541,82],[-484,-63],[-45,39]],[[86519,48594],[-74,86]],[[91461,48896],[-415,-7],[-590,-243],[-24,-88],[-185,-173],[-124,93],[-91,-36]],[[90032,48442],[-159,147],[-310,93],[-104,131],[349,100],[-23,107],[-211,115],[-58,115],[67,96],[-177,168]],[[90032,48442],[-105,-139],[-11,-135],[119,-150],[-36,-156],[-610,-208],[-120,-128],[-192,-97],[131,-207],[-124,-153],[-298,-166],[194,-164],[-32,-111],[-231,129],[-588,-145]],[[88129,46612],[-194,85],[108,29],[-147,142],[-94,-6],[-108,253],[121,51],[5,93],[-145,-9],[-45,234],[-85,75],[-106,-60],[-167,69],[-68,96],[-276,76],[-354,-4],[-297,-155]],[[86277,47581],[69,475],[122,461],[51,77]],[[81918,48045],[-169,-56],[-26,-110],[-128,-118],[-251,102],[45,117],[-207,2],[-64,-65],[104,-266],[-145,13],[73,-88],[-112,-65],[-110,91],[-20,-227],[-136,-176],[-26,-208],[-166,-3],[85,-107],[185,0],[95,-138],[-47,-61]],[[80898,46682],[-193,-53],[-237,43],[-154,-86],[-155,67]],[[80159,46653],[-223,19],[-119,-123],[-271,227],[165,205],[-364,43],[-59,55]],[[79288,47079],[104,251],[-118,89],[93,87],[-73,74],[-277,0],[-61,57],[62,154],[-237,55],[-172,-155],[-179,74],[-329,74],[-145,127],[-19,118]],[[86277,47581],[-251,-584],[-266,-92],[-228,-215]],[[85532,46690],[-180,-9],[-275,59],[-294,139],[-287,-1],[-300,-87],[-89,53],[-287,-122],[-64,74],[-227,-12],[-150,79],[-276,68],[-222,-8],[-2,94]],[[82879,47017],[-3,134],[153,121],[72,220],[162,147],[61,170],[-24,343],[43,158],[183,352],[-228,181]],[[93273,48073],[-193,2],[-155,-62],[-26,-94],[-169,57],[1,-97],[-205,-21],[-116,-104],[-89,16],[-269,-296],[-151,67],[-49,-118],[-212,-16],[131,-116],[-107,-79],[109,-81]],[[91773,47131],[-187,-13],[-151,-115],[180,-209],[-145,-241],[38,-149],[147,-194],[140,-394],[8,-138],[-157,-15],[-626,41],[-342,168],[-292,27],[-461,-69],[-477,-156],[-278,31]],[[89170,45705],[-260,-1],[-168,-68],[14,-125],[-92,-132],[-205,49],[-115,-35],[-26,-121]],[[88318,45272],[-124,39],[-180,-129],[-3,233],[-113,325],[7,136],[146,558],[78,178]],[[82879,47017],[-197,-1],[-257,-119],[-67,-131],[-122,-52],[42,-90],[-308,-120],[-65,-82],[-171,25],[64,-77],[-206,-54],[0,96],[-252,104],[-120,127],[-177,81],[-145,-42]],[[93714,47561],[75,26],[349,-88],[252,16],[43,75],[217,3],[207,64],[254,-38],[181,-83],[112,87],[335,-64],[217,-215],[103,-332],[-34,-88]],[[96025,46924],[-566,-34],[-460,-83],[-271,-10],[-53,-86],[-80,-494],[-428,-377],[-173,-207],[-694,359],[-223,54],[-404,44],[2,885],[24,112],[-159,25],[-391,-15],[-376,34]],[[79288,47079],[-1158,-100],[-356,-13]],[[88318,45272],[98,-50],[-264,-136],[72,-225],[-138,-31],[-90,112],[-289,-155],[-191,-367]],[[87516,44420],[-123,22],[-195,130],[-156,36],[-355,-27]],[[86687,44581],[-37,219],[-563,52],[51,141],[-257,-12],[-376,40],[-381,140],[-255,189]],[[84869,45350],[-71,159],[83,183],[203,281],[199,335],[70,179],[179,203]],[[96025,46924],[-199,-148],[-300,-320],[-483,-723],[441,-103]],[[95484,45630],[-55,-309],[-19,-337],[-82,-768],[-901,-150]],[[94427,44066],[98,243],[-2,233],[158,273],[33,411],[-354,-43],[-571,166],[-240,88],[-711,104],[-124,-301],[-70,-490],[-457,-42],[112,-172],[295,4],[-8,-355],[31,-189],[472,-16],[-43,-406]],[[93046,43574],[-570,77],[-327,77],[-237,18]],[[91912,43746],[15,562],[-46,598],[-437,89],[-408,178],[-65,-22],[-591,-40],[-377,24],[-299,50]],[[89704,45185],[-211,257],[-323,263]],[[80159,46653],[12,-95],[262,-235],[-22,-94],[-255,-211],[-200,69],[-227,-94],[13,-194],[241,-5],[121,67],[191,-9],[71,-60],[-3,-161],[-66,-112],[85,-61],[123,-342],[-120,-18],[-177,116],[-237,-15],[-75,-91],[197,-124],[271,-336],[-60,-165],[-88,-54]],[[80216,44429],[-563,126],[-420,9],[-575,-76],[-259,-162],[-66,-151]],[[84869,45350],[-153,60],[-323,-75],[-134,-97],[-410,-755],[-100,-284],[-88,-101],[-112,-252],[-217,42],[-200,-175],[-91,38],[-152,-65],[-210,33]],[[82679,43719],[-185,124],[-612,114],[-509,165],[-778,178],[-379,129]],[[89704,45185],[-54,-127],[-422,-306],[-260,-339],[-527,97],[-46,63],[-205,59],[-155,-156],[-188,-1],[-62,-64]],[[87785,44411],[-269,9]],[[94968,43549],[-295,128],[-252,57]],[[94421,43734],[-31,196],[37,136]],[[95484,45630],[792,-179],[561,-222],[433,-119],[-16,-298],[-186,-36],[-45,-165],[52,-100],[-73,-130],[-90,13],[-184,-293],[-67,-217],[-109,-5],[-82,-135],[-254,23],[-355,-98],[-868,-93],[-25,-27]],[[94421,43734],[-440,-173],[-548,-45],[-387,58]],[[72631,44287],[-126,9],[-135,-86],[-370,-127],[-321,60],[-80,-73],[-241,-11],[-714,142],[-227,18],[25,143],[-147,72]],[[86687,44581],[-37,-264],[-188,-114],[-407,-58],[6,-249],[-578,-146],[-186,-90],[-113,8],[-124,105],[-110,-70],[-92,-259],[135,-129],[-138,-47],[-329,8],[-99,-37],[-6,-127],[99,-78],[-37,-262],[98,-33]],[[84581,42739],[-552,17],[-316,33],[-210,104],[-87,118]],[[83416,43011],[-292,119],[-109,99]],[[83015,43229],[-336,490]],[[91912,43746],[-78,-15],[-173,-809],[112,4],[-135,-96],[-54,-425],[-68,-285],[-240,-4],[-43,-345],[-248,-343],[-1,-107],[-263,-555],[-20,-96]],[[90701,40670],[-347,48],[-308,189],[-186,171],[-107,233],[-286,296],[-277,61],[-168,-52],[-213,-209],[-87,-168],[102,-133]],[[88824,41106],[-30,-82],[-434,-108],[-51,24],[-283,-251],[-387,-126],[-180,-27]],[[87459,40536],[-54,198],[26,412],[158,168],[81,435],[141,159],[84,-1],[105,126],[-55,67],[253,363],[333,749],[102,354],[-159,181],[-229,179],[-460,485]],[[87459,40536],[-411,50],[-242,130],[-134,223],[-462,507],[-243,148],[-245,64],[-236,123],[-119,466],[-189,252],[-256,145],[-341,95]],[[83015,43229],[-157,-163],[-732,108],[-242,105],[-34,-136],[-209,1],[-642,90],[-271,5],[24,52],[-1185,223],[-85,-213],[-20,-231],[-182,-87]],[[79280,42983],[-220,31],[-378,-25],[-919,-18],[-246,21],[-125,147]],[[79280,42983],[-40,-248],[-75,-174],[-267,48],[-29,-161],[-133,-243],[226,7]],[[78962,42212],[-271,-270],[52,-192],[-127,-22],[-64,-127]],[[78552,41601],[-102,50]],[[78450,41651],[20,76],[-127,294],[-17,275],[127,490],[-272,11],[-661,81],[-139,-8]],[[94968,43549],[-61,-66],[413,-127],[593,-109],[-50,-282],[555,-187],[-3,-73],[220,-139],[21,-213],[-45,-270],[-103,-144],[-148,-100],[-126,-187],[-154,-369],[-283,-185],[-654,-138],[-455,-127],[51,-103],[-191,-102],[-100,19],[-139,-131],[-272,-77]],[[94037,40439],[-245,59]],[[93792,40498],[-48,41],[-276,-32],[-348,12],[-603,152],[-382,9],[-277,-22],[-301,55],[-23,56],[-217,-59]],[[91317,40710],[-616,-40]],[[83416,43011],[-44,-761],[-61,-134],[-13,-400],[-36,-140]],[[83262,41576],[-364,155],[-555,168],[-1227,217],[-411,95],[-188,-47],[-223,25],[-386,-31],[-616,20],[-330,34]],[[87459,40536],[243,-105],[113,-114],[-140,-14],[-60,-106],[209,-125],[17,-144],[-168,-233],[95,-103],[-104,-111],[-11,-146],[-136,11],[-174,-123],[27,-132],[-46,-160],[-137,-122],[-64,-171],[-334,-185],[-257,-31]],[[86532,38422],[-541,64],[-586,1]],[[85405,38487],[-110,27],[-744,2],[-253,136],[-73,148],[2,259],[-638,288],[3,26],[-639,174],[-361,62]],[[82592,39609],[115,481]],[[82707,40090],[119,371],[197,336],[57,401],[117,181],[65,197]],[[74609,41100],[-46,-140],[-257,-88],[-115,-297],[55,-88],[-93,-177]],[[74153,40310],[-427,134],[-188,105]],[[78450,41651],[-603,156],[-682,137]],[[82707,40090],[-377,124],[-671,106],[-478,110]],[[81181,40430],[-253,151],[-394,131],[-259,188],[-58,147],[-128,25],[-205,187],[-156,-8],[-57,121],[-194,-29],[-459,28],[-232,-201],[-194,99],[-40,332]],[[81181,40430],[-10,-391],[-107,-219]],[[81064,39820],[-500,23],[-445,71],[-435,5],[-309,68],[-136,78],[-867,161],[-156,-17],[-442,120]],[[77774,40329],[157,196],[86,251]],[[91317,40710],[264,-44],[17,-179],[83,-4],[30,-146],[-113,-63],[-50,-204],[119,-74],[133,28],[-208,-321],[-67,-45],[-15,-171],[-115,-221],[-104,-300],[-242,-519],[-113,-518],[-37,-354]],[[90899,37575],[-350,23],[-1143,221],[-545,150],[-680,264]],[[88181,38233],[345,232],[412,142],[256,178],[121,388],[22,298],[209,93],[-38,277],[-51,56],[-33,407],[-352,123],[67,189],[11,237],[-35,217],[-291,36]],[[88181,38233],[-210,-149],[-277,-137],[-388,-279],[-260,-151],[-301,199],[102,76],[19,182],[-135,141],[-1,83],[-166,134],[-32,90]],[[74153,40310],[29,-6]],[[77774,40329],[-506,-279],[-383,-232],[-162,-142]],[[98751,38080],[-298,-42],[-1024,-13],[-205,22],[-207,-53],[-442,-26]],[[96575,37968],[-7,159],[-126,390],[28,365],[-44,398],[-7,307],[-209,559]],[[96210,40146],[90,14],[26,304],[75,47],[288,-28],[113,53],[-120,144],[62,115],[217,-17],[203,153],[277,-33],[307,-86],[93,-102],[442,-30],[159,12],[173,100],[309,-132],[121,8],[59,-179],[-169,-138],[-83,-271],[228,36],[182,-33],[116,-83],[-70,-195],[156,-55],[98,-153],[-97,-73],[68,-234],[-66,-149],[-219,-142],[77,-132],[-121,-103],[128,-114],[-35,-88],[-150,-5],[-364,-199],[39,-53],[-71,-225]],[[93792,40498],[-58,-283],[68,-331],[90,-173],[-35,-105],[-5,-526],[393,-181],[609,-193],[151,-114],[211,-39],[419,-153],[99,-93],[213,-436],[306,-166]],[[96253,37705],[-233,-274],[35,-200],[-77,-71],[-22,-241],[-245,-172],[25,-416]],[[95736,36331],[-740,13],[-193,28],[-491,-14]],[[94312,36358],[-183,213],[-396,133],[-534,-83],[-281,-15],[-150,-48]],[[92768,36558],[-313,-140],[-426,7],[-446,-68],[-846,16],[-88,141],[205,525],[-10,241],[55,295]],[[96575,37968],[-64,-111],[-258,-152]],[[94037,40439],[167,-55],[98,32],[93,136],[180,-74],[-3,-180],[248,31],[468,-88],[263,-5],[274,63],[385,-153]],[[82592,39609],[-84,-349],[-175,-573],[-71,-342],[125,-489]],[[82387,37856],[-336,-62]],[[82051,37794],[-297,304],[-324,254],[-457,97],[-406,-3],[-4,289]],[[80563,38735],[511,310],[21,168],[-31,607]],[[80563,38735],[-170,-100],[-260,-79],[-267,-141],[-55,-118],[-374,5],[-111,-78],[-332,-71],[-182,-98],[-232,46],[-43,146],[-243,121]],[[78294,38368],[-277,99],[-217,-23],[-234,68],[12,138],[-136,33],[-214,-128],[-176,-3],[-110,380]],[[85405,38487],[-730,-371],[-100,-71],[-786,-370],[294,-407],[332,-97],[602,-748],[437,-121],[468,-83],[453,42],[381,-72],[542,-175]],[[87298,36014],[-102,-189],[11,-133],[218,-221],[54,-136]],[[87479,35335],[-317,53],[-399,-27],[-530,-103],[-513,33],[-272,-67],[-544,-44],[-288,0],[-445,-181],[-587,0],[-76,-273],[66,-259],[171,-99],[-96,-209]],[[83649,34159],[-351,-165]],[[83298,33994],[-231,25],[-726,-31],[155,374],[-60,433],[-525,-150],[-296,35],[222,307],[-384,569]],[[81453,35556],[154,42],[243,253],[169,345],[333,363],[-35,157],[134,58],[40,262],[-73,160],[9,307],[-40,353]],[[78294,38368],[-49,-301],[61,-103],[-23,-447],[23,-61]],[[78306,37456],[-350,128],[-315,3],[-520,37],[-289,61],[-17,-251]],[[82051,37794],[-351,-53],[-12,-60],[-258,-75],[-214,-18],[6,-125],[-318,-107],[-22,-149],[-159,5],[-52,-71],[-484,33],[-390,-115],[23,-109],[-170,-96],[-95,-151],[34,-127],[-173,-179]],[[79416,36397],[-164,-77],[-209,93]],[[79043,36413],[0,298],[-93,177],[-101,4],[-254,169],[-20,134],[-200,5],[-69,256]],[[92768,36558],[-55,-220],[-153,-153],[-333,-223],[-537,-231],[-398,-242],[-123,-116],[-49,-300],[-289,-327],[-66,-154],[35,-143],[292,-325],[870,192],[126,16],[756,0],[150,-23]],[[92994,34309],[-154,-170],[-485,-117],[-466,40],[-20,-232],[370,-188],[252,-180],[168,-330],[-195,-262],[91,-227],[328,-233],[3,-107]],[[92886,32303],[-262,47],[-258,113],[-430,329],[-703,264],[-572,337],[-234,64],[-356,167],[85,-506],[-7,-155],[240,-83],[177,-16],[448,22],[327,-83],[-550,-422],[-402,-182],[-548,-375],[-425,-124],[-387,-139],[68,139],[411,347],[64,629],[93,113],[-322,63],[-769,-52],[-288,-56]],[[88286,32744],[-14,242],[57,547],[343,-22],[157,423],[249,412],[393,260],[-169,95],[116,239],[-350,10],[73,189],[-154,122],[-114,-174],[-591,32],[-224,-27],[-163,-100],[-399,36],[-147,70],[-115,-130],[-417,-177],[-431,-101],[-205,-102],[-254,-57],[-95,-68],[-338,-117]],[[85494,34346],[-530,-36],[-1069,-153],[-246,2]],[[87479,35335],[92,-57],[712,-17],[430,-62],[40,199],[917,229],[378,39],[325,74],[74,207],[-142,51],[-369,33],[-445,-149],[-281,-1],[-291,98],[-772,207],[-599,7],[-250,-179]],[[96063,36183],[-27,51],[-300,97]],[[98751,38080],[155,-176],[156,2],[206,-77],[28,-168],[-120,-41],[170,-106],[-12,-147],[183,-78],[-99,-80],[69,-164],[104,-41],[176,48],[4,-108],[-115,-131],[152,-51],[-129,-284],[201,-19],[119,-188],[-234,-18],[-269,96],[-257,53],[-563,15],[-639,-167],[-816,-378],[-315,65],[67,133],[105,45],[-137,47],[-878,21]],[[81453,35556],[-16,31],[-417,-84]],[[81020,35503],[-398,57]],[[80622,35560],[-357,112],[58,80],[-332,175],[-188,138],[-292,25],[-309,105],[214,202]],[[79043,36413],[-294,-69],[-232,-115],[-174,-166],[-467,62],[-113,-21],[-46,-230],[-287,-197],[-279,-151],[-201,-191],[-140,95],[-137,12],[-28,93],[-128,-8]],[[94312,36358],[-33,-65],[-318,-244],[-265,-1457],[-165,-373]],[[93531,34219],[-537,90]],[[96063,36183],[-20,-144],[250,-67],[691,-89],[-32,-297],[-273,-464],[-120,-339],[-548,-689],[-185,-452],[-618,17]],[[95208,33659],[-104,23],[-605,40],[-78,40],[-239,-37],[-142,33],[-527,335],[18,126]],[[80622,35560],[-116,-144],[-192,23],[-115,-119],[-83,99],[-191,14],[-212,-97],[-164,-339],[-101,-27],[-15,-409]],[[79433,34561],[-659,61],[-217,79],[-182,113],[-242,42],[-18,120],[-794,51],[-581,208],[-243,122],[-148,8]],[[83298,33994],[-55,-178],[-186,-126],[-25,-242],[-289,-80],[71,-151],[-130,-26],[-78,-114],[59,-276],[-154,28],[110,-129],[50,-163],[-70,-91],[80,-87],[-132,-45]],[[82549,32314],[-134,-28],[-179,43],[-6,-177],[-114,-36],[-195,141],[-230,-143],[-1,-149],[-185,-130],[-156,60],[-84,-66],[-247,14],[-211,-53],[95,121],[-95,98],[-145,-69],[-124,94],[-50,152],[-410,40],[-34,127],[-125,92],[-323,-55],[-668,45],[-257,-67]],[[78671,32368],[46,181],[-111,119]],[[78606,32668],[16,213],[155,136],[-196,129],[574,536]],[[79155,33682],[149,-77],[161,97],[456,-80],[159,34],[78,137],[208,12],[67,154],[280,127],[-16,103],[83,131],[165,661],[75,522]],[[79155,33682],[-91,392],[113,105],[256,382]],[[88286,32744],[-307,-78],[-765,-16],[-171,10],[-95,-57],[-131,36],[-129,-185],[-191,-28],[-111,-87],[-361,51],[-335,100]],[[85690,32490],[-57,14],[54,230],[-12,160],[-92,226],[-164,275],[-72,288],[5,400],[142,263]],[[78606,32668],[-286,-39],[-147,34],[-188,-53],[-1112,121],[-107,36],[-512,-91],[-930,58]],[[95208,33659],[-9,-173],[188,23],[-41,-357],[-115,-409],[-76,-43],[-379,25],[-268,125],[-875,113],[-394,-44],[112,-421],[191,-56],[169,-259],[155,-122],[11,-109],[-991,351]],[[85690,32490],[-75,-150],[-153,-72],[-375,-268],[-371,-82],[-733,176],[-65,-52],[-42,169],[-206,68],[-199,-135],[-229,63],[-168,114],[-291,-69],[-234,62]],[[78671,32368],[-101,-90],[-286,-117],[-227,27],[-129,-110],[-114,-189],[154,-187],[164,-68],[-55,-84],[-175,63],[-523,-92],[-124,-120],[48,-94],[-136,-168],[225,-217]],[[77392,30922],[-166,-139],[141,-136],[-125,-95],[24,-103],[-186,-96],[-147,-147],[-324,-60],[-146,127],[-186,-174],[-124,5]],[[76158,28311],[-120,77]],[[76038,28388],[549,488],[2,100],[-113,-1],[-111,123],[-50,211],[98,60],[-197,37],[-112,140],[-101,27],[-122,198]],[[77392,30922],[764,68],[994,3],[489,27],[19,-572],[-551,-65],[-280,-192],[-159,-596],[-46,-320],[-88,-308]],[[76038,28388],[-572,-303],[-253,-225],[-143,-226],[-180,-130]],[[76641,26936],[-311,195],[-250,72],[-484,63],[-310,79],[-194,16],[-202,143]],[[61809,87785],[-97,-75],[-685,61],[-157,-14],[-470,39]],[[60400,87796],[-73,243],[20,113],[-158,285],[-237,21],[86,116]],[[73376,88814],[-413,-557],[-318,-376],[-509,-467],[-401,-297],[-145,-68]],[[71590,87049],[-584,170],[-177,-31],[-98,52],[-153,-32],[-41,99],[-196,37],[-43,-95],[-703,-55],[-8,58],[-240,3],[-113,98],[-144,-162],[-121,-43],[-168,96],[-567,6]],[[68234,87250],[-187,253],[-61,159]],[[70959,89291],[481,-107],[-52,-132],[445,-216],[335,-29],[344,31],[864,-24]],[[57943,88623],[-64,-246],[157,-85],[-58,-153],[-266,20],[-15,-59]],[[57697,88100],[-448,46],[-428,88],[-612,83],[-263,-55],[-179,-122],[-156,6],[-403,-82],[-276,35],[-328,175],[-473,149],[-656,25],[-95,28],[23,232],[-339,-11]],[[60400,87796],[-72,-35],[-174,-503],[-81,-327]],[[60073,86931],[-573,51],[-687,129]],[[58813,87111],[-118,103],[-35,-60],[-234,129],[-819,132],[30,116]],[[57637,87531],[42,69],[-28,417],[46,83]],[[14621,86853],[124,-451],[-226,-616],[-36,-239],[-74,-140],[-123,-59],[-402,-62],[-185,-129],[-346,-176],[-272,-35],[138,-208],[-398,74],[29,622],[65,843],[-491,91],[-248,405],[-53,213],[792,1036],[857,689],[831,527],[555,-106],[-63,-266],[-185,-389],[517,-208],[812,-429],[-23,-604],[-439,-39],[-674,-140]],[[15103,87057],[-393,41],[-167,-12],[78,-233]],[[57637,87531],[-283,-10],[-105,-170],[-199,-8],[-93,-275],[-292,39],[-191,-117],[-305,23],[-283,-342],[-39,-233]],[[55847,86438],[-324,0]],[[55523,86438],[-147,-25],[-106,107],[-330,-49],[-567,-7],[-392,133],[-287,71],[-265,128],[-194,154]],[[68234,87250],[-74,-127],[-266,-49],[-46,-79],[-255,44],[-49,-202],[101,-6],[-86,-516],[-65,-126],[186,-48],[557,-83],[-15,-51],[503,-167],[524,-257]],[[69249,85583],[-735,-414],[-373,-178],[-395,-263],[-125,-145]],[[67621,84583],[-389,109],[-712,138],[-658,-11],[2,-185],[-240,32],[-8,55],[-341,-37],[-70,81],[-282,-66]],[[64923,84699],[-119,125],[-394,14],[-8,45],[-327,18],[-707,109],[-212,8]],[[63156,85018],[-38,63],[47,325],[60,18],[-181,475],[-200,129],[102,151],[-114,144],[-91,284],[150,82],[-84,158],[63,148],[-181,216]],[[40203,87260],[145,-369],[12,-122],[298,-488],[-330,-126],[-64,-260],[-303,-100],[-199,-14],[-105,-132],[40,-65]],[[39697,85584],[-461,-97],[-492,-62],[-444,26],[-498,174],[-801,210]],[[37001,85835],[-29,77],[53,261]],[[37025,86173],[132,42],[151,-32],[171,-142],[25,75],[238,117],[231,220],[435,335]],[[35628,86569],[-155,-56],[-318,77],[-168,-104],[-98,-134],[-191,-66],[-370,211],[-258,-22],[9,-125],[-109,-40],[-202,101]],[[33768,86411],[-229,-60],[-362,131],[-146,-171],[-165,-54],[-212,69],[-491,-36]],[[32163,86290],[-72,-100],[-231,18]],[[31860,86208],[-275,164],[-68,163],[-191,-41],[-33,125],[-279,67],[103,114],[-188,27],[-147,-61],[-34,133],[-195,-45],[-352,141],[-142,-11],[-165,-86],[-188,54],[-143,127],[-186,-22],[-387,19],[-248,102],[-72,148],[156,188],[-6,218],[522,98],[625,77],[381,188],[619,140],[199,0]],[[63156,85018],[-161,-116],[153,-4],[-116,-72],[-202,13],[-187,-80],[-389,69],[-470,17],[-118,-37]],[[61666,84808],[-131,224],[-35,154],[-222,38],[50,169],[-91,75],[-237,36],[-3,123],[-312,-7],[-109,200],[-417,330],[58,130],[-63,167],[18,170],[-91,42],[41,186],[-49,86]],[[19858,88173],[256,-28],[524,-162],[99,-266],[141,-221],[-830,-344],[-1135,19],[-209,82],[-25,300],[-576,84],[160,375],[614,93],[304,13],[225,48],[452,7]],[[58813,87111],[-107,-273],[-3,-306],[-93,-209],[-106,19],[-335,-394],[-469,11],[-907,90],[-647,130],[23,107],[-116,86],[-185,9],[-21,57]],[[71590,87049],[-53,-19],[-1247,-786],[-896,-553],[-145,-108]],[[5811,86671],[73,425],[-8,382],[523,365],[597,54],[515,-235],[532,-270],[29,-532]],[[8072,86860],[-740,-125],[-746,-67],[-393,45],[-382,-42]],[[52804,86228],[-40,-123],[-177,-291],[-31,-150],[-154,-135],[-60,-122]],[[52342,85407],[-208,0],[-130,-59],[-775,23],[-703,141]],[[61666,84808],[140,-36],[35,-297],[-35,-115]],[[61806,84360],[-256,6],[-52,44],[-171,-117],[-407,77],[-226,-46],[-581,6],[-552,48]],[[59561,84378],[3,68],[-225,92],[-183,28],[9,189],[-427,130],[-145,132],[-384,82],[-474,50],[-460,-31],[-225,-188],[-193,-69]],[[56857,84861],[-62,-5],[32,222],[-259,-20],[-379,62],[-385,20],[-222,293],[-255,120]],[[55327,85553],[-22,322],[75,120],[143,443]],[[40950,85020],[-240,-146],[-114,-128],[-370,-135],[-274,3],[-502,89]],[[39450,84703],[-38,126],[-188,170],[113,32],[-79,93],[313,86],[-30,139],[186,24],[40,124],[-70,87]],[[55327,85553],[-66,-546],[-254,-282],[-426,-50],[-107,-61],[-308,-39],[-306,7]],[[53860,84582],[-174,114],[6,84],[-243,71],[-188,-11],[-251,121],[-145,139],[-34,142],[-526,102],[37,63]],[[37025,86173],[-99,-26],[-330,74]],[[27328,86420],[-9,-65],[-419,-103],[-37,-140]],[[26863,86112],[-66,-125],[-40,-292],[40,-99],[-70,-185],[-124,-175],[180,-462]],[[26783,84774],[-111,-50],[-1188,-132]],[[25484,84592],[-144,333],[53,99],[348,445],[9,143],[-136,161],[-272,103],[171,362],[147,400],[391,237],[209,-9],[138,119],[148,13],[62,128],[564,-40],[318,-125],[-116,-203],[-46,-338]],[[15103,87057],[21,-181],[-503,-23]],[[30534,85729],[-41,7]],[[30493,85736],[-511,176],[-211,14],[-926,345],[-306,237],[-74,156],[11,128],[537,-141],[122,-265],[182,15],[156,88],[130,-15],[266,-317],[714,-380],[-49,-48]],[[37001,85835],[-127,-104],[-294,-452],[-12,-201],[-283,-131],[-248,20],[-35,-78],[-252,-30],[-64,-119]],[[35686,84740],[-672,124],[-767,25],[-242,66],[-145,83],[-411,117],[-441,78],[-33,370],[318,246],[169,-71],[-62,111],[52,129],[225,193],[91,200]],[[8072,86860],[-272,-854],[-265,-52],[-1018,-272],[-703,-63],[-380,579],[45,547],[332,-74]],[[27328,86420],[517,208],[-26,-1316],[-219,103],[-754,249],[17,448]],[[35686,84740],[-141,-444],[-200,-206]],[[35345,84090],[-225,-118],[-245,-83],[-133,-401],[-299,-465],[9,-268],[148,-55]],[[34600,82700],[-133,-270]],[[30758,81973],[-244,276],[5,139],[202,292],[-66,25],[93,273],[6,689],[-131,111],[-340,381],[213,288],[205,203],[257,-39],[165,398],[254,337],[422,393],[368,426],[-4,125]],[[25686,82310],[-259,425],[-130,166],[-222,421],[-419,191],[-143,-402],[-275,-222],[-231,-2],[-690,-143],[-332,2],[-419,-35],[-384,39]],[[21840,83291],[119,700],[164,39],[199,116],[295,71],[313,-29],[421,115],[191,2],[471,73],[188,83],[417,87],[866,44]],[[26783,84774],[135,173],[451,164],[748,333],[249,51],[135,150],[21,128],[462,85],[533,-74],[976,-48]],[[30534,85729],[260,225],[104,339],[159,192],[370,-194],[196,-10],[237,-73]],[[39450,84703],[-128,-30],[8,-103],[-166,-33],[78,-87],[66,-236],[178,-99],[125,-194],[235,-150],[-82,-126],[-236,-189],[-87,-19],[-403,-322],[-39,-155]],[[38999,82960],[-313,433],[-93,199]],[[38593,83592],[-46,87],[-250,-17],[-175,34],[-308,-15],[20,-214],[-284,-92],[-294,-35],[-55,74],[-180,52],[-248,-95],[-25,-84],[-221,-103],[-136,188],[-182,114],[72,147],[-273,13],[-365,227],[-66,100],[-232,117]],[[56857,84861],[-143,-378],[50,-145],[-63,-48],[-217,-374],[136,-138],[94,-18]],[[56714,83760],[49,-77],[-164,28],[-92,-111],[-283,-80],[-123,-226],[-259,-53]],[[55842,83241],[-439,30],[-458,5],[-130,-29],[-887,64]],[[53928,83311],[7,239],[-270,107],[27,108],[110,24],[34,140],[-336,-2],[1,231],[86,52],[35,163],[211,80],[27,129]],[[53928,83311],[-158,-145],[60,-104],[-178,12],[138,-154],[199,-57],[-40,-120],[-144,-47],[109,-247]],[[59561,84378],[-112,-234],[-501,-645],[-220,-46],[-33,-179]],[[58695,83274],[-75,74],[-804,157],[-477,186],[-628,98],[3,-29]],[[64923,84699],[-117,-159],[-170,-18],[-44,-91],[-121,-2],[-107,-168],[27,-126],[-66,-239],[57,-135]],[[64382,83761],[17,-294],[72,-68],[-187,-117],[-73,-150],[53,-170],[-36,-164],[-80,-25]],[[63746,82654],[-531,54],[5,139],[-174,-33],[-195,26],[-97,72],[-476,-5]],[[62278,82907],[-95,54],[-4,114],[-139,43],[39,71],[-518,146],[108,341],[-24,197],[156,219],[5,268]],[[43799,83870],[-110,-98],[-104,28],[-73,-170],[23,-141],[-94,-29],[-24,-135],[84,-51],[-288,-108],[98,-112],[-183,-53],[-40,68],[-460,-255],[202,-199],[29,-167],[133,-145]],[[39031,82880],[-32,80]],[[67621,84583],[-101,-369],[-135,-158],[-891,-729]],[[66494,83327],[-245,140],[-445,169],[-636,123],[-317,-29],[-469,31]],[[62278,82907],[-180,5],[-254,-53],[140,-70],[-73,-77],[52,-120],[-139,-17],[-90,68],[-480,-100],[-262,14],[-32,-83],[-194,-79],[140,-90],[-177,-63],[34,-116],[-159,40],[-31,-181],[-174,-46],[-41,-147],[-92,42],[-234,-25],[-141,-84],[158,-70],[15,-79],[-294,11],[-153,-65]],[[58827,81683],[-118,89],[-176,46],[29,150],[117,112],[-97,85],[90,109],[158,32],[-101,147],[0,104],[-105,43],[-14,277],[111,17],[-55,282],[143,28],[-114,70]],[[66494,83327],[-459,-387],[-128,-351]],[[38593,83592],[-326,-49],[-343,-89],[-466,-236],[-135,-143],[-289,-55],[-457,-290],[-177,183],[-448,-121],[-384,15],[-278,-237],[-196,19],[-494,111]],[[58252,81594],[-274,89],[-65,77],[-371,83],[-185,200],[10,138],[-179,27],[18,71],[-238,68],[-143,85],[40,154],[-107,64],[-212,28],[-195,103],[-221,246],[-288,214]],[[49166,83606],[127,-376],[20,-217],[81,-201],[-226,-86],[-265,-28],[51,105],[-283,-28],[-514,-367],[-38,0]],[[18494,83394],[46,-129],[-272,-286]],[[15494,82787],[46,240],[158,-38],[44,127],[203,-1],[340,428]],[[16285,83543],[56,145],[346,344],[290,-129],[425,-121],[319,-174],[773,-214]],[[13375,83468],[157,422],[328,137],[579,-57],[312,-217],[-206,-613],[-436,-194],[-566,30],[-148,269]],[[13395,83245],[-20,223]],[[13395,83245],[53,-132],[-494,-50],[-961,116],[39,293],[393,226],[704,182],[121,-184],[33,-177],[92,-51]],[[15494,82787],[-251,150],[-204,28],[-190,280],[-229,56],[266,72],[296,29],[-90,123],[-145,13],[-46,77],[234,92],[437,-16],[291,-68],[168,87],[254,-167]],[[18494,83394],[64,37],[513,119],[420,-83],[-341,-747],[-163,-402]],[[18987,82318],[-438,-71],[-304,-113]],[[63281,80645],[-1387,-321]],[[53399,76408],[-205,-302]],[[53194,76106],[-704,-126],[-701,-9],[-392,-70],[-64,139],[-272,-115],[-448,-82],[-395,-100],[-244,21]],[[42308,75950],[-260,-367],[63,-109],[-303,-342],[-166,-85],[-121,-249],[-152,-140],[-237,7],[-35,-475],[-70,-127]],[[41027,74063],[-609,30],[-82,-170],[-147,-97],[-177,35],[-159,-146]],[[39853,73715],[-744,319],[-231,35],[-134,76],[-691,132]],[[53810,74410],[-413,87],[-812,211],[-414,82],[-38,-63],[-424,36],[-17,-33],[-549,-2],[-751,92],[-645,62]],[[49747,74882],[-95,15],[-113,315],[-173,25]],[[53194,76106],[9,-271],[84,-185],[346,-423],[88,-222],[32,-366],[57,-229]],[[43808,75081],[-192,-478],[-60,-214],[35,-77],[-64,-224],[-139,-116],[-135,-186]],[[43253,73786],[-137,-9],[-118,80],[1,94],[-244,37],[-453,-3],[-79,-67],[-109,58],[-350,15],[-181,67],[-556,5]],[[46536,75091],[-1,-75],[-162,-368],[-129,-167],[-223,25],[-213,-243],[-61,-130],[-148,-21],[-74,-292],[-114,-20],[-451,42],[-196,76],[-164,-50],[-208,23],[-203,-144],[2,-58],[-262,-121],[-138,51],[-218,-38]],[[43573,73581],[-5,105],[-315,100]],[[49747,74882],[-58,-215],[-148,-77],[-37,-160],[-102,-154],[-51,-286],[-128,12],[-39,-314],[20,-218],[103,-17],[-57,-167]],[[49250,73286],[-238,0]],[[49012,73286],[-87,106],[-395,39],[-466,76],[-201,105],[-266,49],[-1,162],[-294,92],[87,260],[-70,15],[98,219],[4,134],[-136,11],[91,480]],[[49012,73286],[-572,-49],[-864,-11],[-55,135],[-259,-29],[-293,84],[-179,-108],[-217,351],[-61,-14],[52,-200],[-424,59],[-303,101],[-53,-259],[-271,-132],[-46,-168]],[[45467,73046],[-160,-123],[-503,-161],[-873,-23]],[[43931,72739],[-386,184],[-58,60],[-17,215],[-88,122],[91,190],[100,71]],[[52347,73186],[-875,135],[-448,39],[-532,83],[-23,-34],[-528,13],[-90,-228],[-601,92]],[[39853,73715],[-56,-248],[71,-405],[-89,-225]],[[39779,72837],[-89,4],[-94,-264],[125,-229],[-32,-117],[-259,-171],[-189,-221],[-288,-142],[-93,-150],[-271,-127],[-492,-428],[-223,-128],[-63,-103]],[[43931,72739],[12,-274],[116,-287],[128,-168],[182,-343]],[[44369,71667],[-47,-22],[-713,159],[-604,9],[-645,-156],[-489,60]],[[41871,71717],[-129,265],[-82,34],[-9,144],[-277,72],[-70,103],[-121,2],[-98,142],[-309,109],[-411,57],[-586,192]],[[49012,73286],[-130,-340],[-159,-229]],[[48723,72717],[-364,19],[-392,-16],[-3,49],[-486,81],[-301,72],[-350,-53],[-502,59],[-290,-22],[0,90],[-568,50]],[[51639,71562],[-792,26],[-851,80],[-85,61],[-531,89],[-443,31],[-12,-24],[-499,72]],[[48426,71897],[197,351],[22,344],[78,125]],[[48426,71897],[-148,-311],[205,-49],[-240,-486],[-31,-188],[50,-115]],[[48262,70748],[-611,63],[-25,-55],[-830,17],[-78,-35],[-578,-16],[-11,23]],[[46129,70745],[69,186],[-166,-23],[145,135],[-12,152],[-215,77],[-120,-15],[-225,106],[-130,-32],[-356,126],[-45,52],[-364,127],[-298,-21],[-43,52]],[[41871,71717],[-6,-255],[-124,-172],[148,-358],[124,-50],[-174,-175],[87,-155],[-26,-214]],[[51350,69905],[-369,21],[-546,66],[-466,17],[-480,-90],[-415,87],[-183,-114],[-78,12]],[[48813,69904],[-199,64],[-121,94],[-59,280],[-139,72],[-33,334]],[[46129,70745],[-249,-20],[89,-224],[-103,-81],[97,-78],[-116,-40],[22,-138],[199,-74],[94,-330],[157,-191],[-287,-199],[-182,7],[-190,-67],[-90,-180]],[[48813,69904],[-84,-173],[137,-32],[-183,-432],[-11,-160],[101,-15],[28,-263],[-80,-100],[14,-126],[130,-40],[-11,-163],[187,-165],[82,-180],[-38,-417],[237,-387]],[[63842,92350],[-180,-375],[-219,-184],[-423,-156],[-297,-300],[-125,-52]],[[60278,93017],[119,153],[116,307],[173,193]],[[60686,93670],[870,-224],[188,-77],[1713,-964],[385,-55]],[[15805,93799],[-16,-95],[-345,-273],[-89,-131],[-243,-547],[-433,-48],[-292,524],[-358,290]],[[14029,93519],[48,125],[221,24],[485,138],[366,33],[463,-57],[193,17]],[[65495,92142],[28,-10],[99,-416],[-157,-92],[-273,-32],[-26,-224],[-240,-74],[-345,-449],[0,-208],[-174,-258],[-45,-158],[-234,57],[-244,-26],[-221,-127]],[[63842,92350],[375,-4],[778,-72],[500,-132]],[[67497,91154],[62,-111],[-107,-314]],[[65495,92142],[884,-213],[376,-173],[280,-160],[462,-442]],[[69053,89676],[-36,154],[73,122],[-70,62],[269,304],[72,259],[-144,68],[-128,321],[6,160],[-213,350],[-7,280]],[[68875,91756],[263,0],[767,-66],[459,-101],[214,-18],[1238,170],[458,-165],[744,-838],[78,-116],[176,-619],[138,-603],[-34,-586]],[[67497,91154],[258,-59],[227,42],[157,113],[197,286],[300,202],[239,18]],[[46524,99212],[-317,-200],[-168,-523],[-78,-314],[-313,-339],[-337,-193]],[[41576,96808],[-58,151],[-236,24],[-162,104],[-315,440],[-222,180],[-23,117],[138,272],[-87,362],[31,77],[-56,228]],[[40586,98763],[704,111],[622,132],[419,156],[434,282],[346,254],[223,129],[286,114],[223,46],[309,12],[471,-30],[291,-62],[929,-439],[89,-71],[444,-110],[148,-75]],[[50203,98539],[-220,-373],[-72,4],[-161,-175],[35,-64],[-107,-178],[-10,-270]],[[46524,99212],[292,-86],[806,-46],[215,-31],[1147,-242],[815,-219],[404,-49]],[[37409,95649],[-165,48],[-23,123],[-141,75],[-124,-23],[-234,151]],[[36722,96023],[103,138],[222,-42],[205,114],[-302,259],[-507,90],[-195,-31],[-61,153],[-257,146],[502,349],[26,86],[177,43],[-44,245]],[[36591,97573],[324,44],[291,117],[544,343],[144,182],[110,352],[197,177],[271,89],[214,4],[734,-56],[596,-62],[570,0]],[[54451,97216],[13,-23],[-461,-254],[-289,-103],[-378,-211],[-116,-288]],[[50203,98539],[926,-77],[1135,-171],[327,-89],[552,-275],[1308,-711]],[[36722,96023],[-284,52],[-784,216],[-300,33],[-257,141],[-209,59],[-375,186],[-520,59],[-274,92],[-163,-20],[-1120,238]],[[32436,97079],[49,88],[846,269],[566,46],[440,97],[375,169],[406,-19],[646,-128],[252,-28],[575,0]],[[57163,95544],[-330,-167],[-115,-109]],[[54451,97216],[620,-339],[759,-530],[1333,-803]],[[31814,95174],[-165,51]],[[31649,95225],[216,186],[374,564],[123,417],[65,427],[9,260]],[[57163,95544],[211,-165],[187,-334],[338,-477],[272,-285],[411,-203],[915,-216],[701,-96],[488,-98]],[[5898,79539],[81,65],[-150,118],[-72,159],[-55,299],[21,629],[-520,816],[-293,188],[-283,23],[-557,-26],[-185,-46],[-518,-246],[-263,-9],[-99,-138],[-133,2],[-409,178],[-325,-49],[-915,269],[-194,265],[-326,156],[-229,60],[-258,141],[-173,22],[23,252],[-20,369],[-46,334],[216,400],[-77,75],[-40,203],[199,138],[-104,248],[-165,279],[115,272],[96,22],[433,-59],[206,148],[216,45],[353,167],[75,80],[-40,241],[90,249],[221,-11],[56,154],[485,553],[638,632],[235,295],[283,-52],[231,81],[107,124],[125,276],[171,191],[341,207],[176,171],[341,440],[115,187],[-180,233],[299,-14],[161,35],[157,162],[459,204],[550,197],[383,245],[240,381],[255,212],[338,75],[145,94],[300,295],[145,107],[635,581],[200,276],[262,134],[322,116],[133,205],[276,145],[185,19]],[[13740,93004],[32,73],[-108,178],[365,264]],[[15805,93799],[654,120],[479,59],[185,50]],[[17123,94028],[3,-101],[-83,-640],[29,-264],[-119,-371],[414,-40],[971,274],[268,175],[131,178],[78,298],[124,236]],[[18939,93773],[610,-204],[314,-74],[512,1],[291,56],[324,132],[506,329],[448,167],[466,107],[808,59],[550,150]],[[23768,94496],[162,-202],[40,-154],[-318,-149],[-14,-248],[112,-3],[373,173],[552,25],[289,-81],[-323,-247],[-21,-671],[12,-196],[310,-154],[384,151],[886,11],[386,122],[242,42],[381,143]],[[29238,93434],[56,30],[415,-15],[579,42],[531,1],[382,435],[139,358],[158,244],[-71,571]],[[31427,95100],[222,125]],[[29057,94731],[0,-62],[-322,-43],[-107,-222]],[[23768,94496],[930,255],[607,185],[485,175],[503,75],[333,0],[827,-227],[818,-148],[786,-80]],[[29057,94731],[219,-22],[300,34],[822,156],[583,86],[446,115]],[[17123,94028],[362,101],[544,24],[367,-97],[543,-283]]],"transform":{"scale":[6.5398653986538865e-06,9.624896248962483e-06],"translate":[79.44813,20.641409999999997]},"objects":{"villages":{"type":"GeometryCollection","geometries":[{"arcs":[[0,1,2,3,4]],"type":"Polygon","properties":{"n":"Kitadi (R)","c":537059,"d":"Bhandara","s":"MAHARASHTRA"}},{"arcs":[[5,6,-2,7,8]],"type":"Polygon","properties":{"n":"Lendezari (R)","c":537061,"d":"Bhandara","s":"MAHARASHTRA"}},{"arcs":[[9,10,11,12,13,14,15]],"type":"Polygon","properties":{"n":"Hirapur Hamesha","c":536665,"d":"Bhandara","s":"MAHARASHTRA"}},{"arcs":[[16,17,18,19]],"type":"Polygon","properties":{"n":"Naka Dongari","c":536657,"d":"Bhandara","s":"MAHARASHTRA"}},{"arcs":[[-19,20,21,22]],"type":"Polygon","properties":{"n":"Rajapur","c":536666,"d":"Bhandara","s":"MAHARASHTRA"}},{"arcs":[[-22,23,24,25,26,27,28,29,30,31,32,33,34,35]],"type":"Polygon","properties":{"n":"Pawanar khari hamesha","c":536667,"d":"Bhandara","s":"MAHARASHTRA"}},{"arcs":[[36,-14,37,38,39,-24,-21,-18]],"type":"Polygon","properties":{"n":"Chikhala (CT)","c":536793,"d":"Bhandara","s":"MAHARASHTRA"}},{"arcs":[[40,41,42,-11]],"type":"Polygon","properties":{"n":"Mohagaon Khurd","c":536661,"d":"Bhandara","s":"MAHARASHTRA"}},{"arcs":[[43,44,45,46,47,48,49,50,51,52,53,54,55,56,57,58,59,60,61,62,63,64,-29,65,66,67,68,69,70,71,72,73,74,-38,-13,75,-42,76],[77]],"type":"Polygon","properties":{"n":" ","c":0,"d":"Bhandara","s":"MAHARASHTRA"}},{"arcs":[[78,-33,79,80]],"type":"Polygon","properties":{"n":"Bajartola","c":536653,"d":"Bhandara","s":"MAHARASHTRA"}},{"arcs":[[-43,-76,-12]],"type":"Polygon","properties":{"n":"Mehandipur (Hamesha)","c":536664,"d":"Bhandara","s":"MAHARASHTRA"}},{"arcs":[[-45,81]],"type":"Polygon","properties":{"n":"Sirpur Hamesha","c":536663,"d":"Bhandara","s":"MAHARASHTRA"}},{"arcs":[[82,-81,83,84]],"type":"Polygon","properties":{"n":"Kurmuda","c":536672,"d":"Bhandara","s":"MAHARASHTRA"}},{"arcs":[[85,-27,86]],"type":"Polygon","properties":{"n":"Pawanar khari","c":536670,"d":"Bhandara","s":"MAHARASHTRA"}},{"arcs":[[-26,87,88,-87]],"type":"Polygon","properties":{"n":"Yedarbuchi","c":536669,"d":"Bhandara","s":"MAHARASHTRA"}},{"arcs":[[-32,89,-84,-80]],"type":"Polygon","properties":{"n":"Balapur Hamesha","c":536671,"d":"Bhandara","s":"MAHARASHTRA"}},{"arcs":[[90,91,92]],"type":"Polygon","properties":{"n":"Gowaritola","c":536650,"d":"Bhandara","s":"MAHARASHTRA"}},{"arcs":[[-40,93,94,-88,-25]],"type":"Polygon","properties":{"n":"Sundartola","c":536668,"d":"Bhandara","s":"MAHARASHTRA"}},{"arcs":[[95,96,97,98]],"type":"Polygon","properties":{"n":"Gonditola","c":536706,"d":"Bhandara","s":"MAHARASHTRA"}},{"arcs":[[-97,99,100,101,102,103,104]],"type":"Polygon","properties":{"n":"Binakhi","c":536707,"d":"Bhandara","s":"MAHARASHTRA"}},{"arcs":[[105,-102,106,107,108,109]],"type":"Polygon","properties":{"n":"Gondekhari","c":536712,"d":"Bhandara","s":"MAHARASHTRA"}},{"arcs":[[110,111,112,113,114,115]],"type":"Polygon","properties":{"n":"Indurkha","c":536941,"d":"Bhandara","s":"MAHARASHTRA"}},{"arcs":[[116,117,118,-111,119,120]],"type":"Polygon","properties":{"n":"Khairi","c":536942,"d":"Bhandara","s":"MAHARASHTRA"}},{"arcs":[[-119,121,122,123,-112]],"type":"Polygon","properties":{"n":"Kothurna","c":536943,"d":"Bhandara","s":"MAHARASHTRA"}},{"arcs":[[-113,-124,124,125,126,127]],"type":"Polygon","properties":{"n":"Laweshwar","c":536940,"d":"Bhandara","s":"MAHARASHTRA"}},{"arcs":[[128,129,130,131]],"type":"Polygon","properties":{"n":"Sonuli","c":536939,"d":"Bhandara","s":"MAHARASHTRA"}},{"arcs":[[132,133,134,135,136,137,138,139,140,141,142,143,144,145,146,147,148,149,150,151,152,153,154,155,156,157,158,159,160,161,162,163,164,165,166]],"type":"Polygon","properties":{"n":" ","c":0,"d":"Bhandara","s":"MAHARASHTRA"}},{"arcs":[[-166,167,168,169,170,-122,-118,171]],"type":"Polygon","properties":{"n":"Mandwi","c":536967,"d":"Bhandara","s":"MAHARASHTRA"}},{"arcs":[[-130,172,173,174]],"type":"Polygon","properties":{"n":"Sawargaon","c":536938,"d":"Bhandara","s":"MAHARASHTRA"}},{"arcs":[[175,176,177,-125,-123,-171]],"type":"Polygon","properties":{"n":"Belgaon","c":536966,"d":"Bhandara","s":"MAHARASHTRA"}},{"arcs":[[-174,178,179,180,181,182,183,184,185]],"type":"Polygon","properties":{"n":"Shirsi","c":536937,"d":"Bhandara","s":"MAHARASHTRA"}},{"arcs":[[186,187,188,189,190]],"type":"Polygon","properties":{"n":"Rohana Kh.","c":536907,"d":"Bhandara","s":"MAHARASHTRA"}},{"arcs":[[-127,191,192,-179,-173,-129,193]],"type":"Polygon","properties":{"n":"Dabha","c":536945,"d":"Bhandara","s":"MAHARASHTRA"}},{"arcs":[[-184,194,195,196]],"type":"Polygon","properties":{"n":"Khairlanji","c":536936,"d":"Bhandara","s":"MAHARASHTRA"}},{"arcs":[[-189,197,198,199,200]],"type":"Polygon","properties":{"n":"Hattidohi","c":536906,"d":"Bhandara","s":"MAHARASHTRA"}},{"arcs":[[201,202,203,204,205,206]],"type":"Polygon","properties":{"n":"Sonkund","c":536971,"d":"Bhandara","s":"MAHARASHTRA"}},{"arcs":[[-165,207,-168]],"type":"Polygon","properties":{"n":"Kitadi","c":536968,"d":"Bhandara","s":"MAHARASHTRA"}},{"arcs":[[-178,208,209,210,-192,-126]],"type":"Polygon","properties":{"n":"Khambata","c":536944,"d":"Bhandara","s":"MAHARASHTRA"}},{"arcs":[[211,212,213,214,-195,-183]],"type":"Polygon","properties":{"n":"Pandrabodi","c":536935,"d":"Bhandara","s":"MAHARASHTRA"}},{"arcs":[[215,216,-209,-177]],"type":"Polygon","properties":{"n":"Wadegaon","c":536965,"d":"Bhandara","s":"MAHARASHTRA"}},{"arcs":[[217,218,219,-134,220]],"type":"Polygon","properties":{"n":"Navegaon","c":536969,"d":"Bhandara","s":"MAHARASHTRA"}},{"arcs":[[-170,221,222,223,224,225,-216,-176]],"type":"Polygon","properties":{"n":"Khamari","c":536979,"d":"Bhandara","s":"MAHARASHTRA"}},{"arcs":[[-208,-164,226,227,-222,-169]],"type":"Polygon","properties":{"n":"Mandangaon","c":536977,"d":"Bhandara","s":"MAHARASHTRA"}},{"arcs":[[228,229,230,231,232,-198,-188]],"type":"Polygon","properties":{"n":"Mohadura","c":536908,"d":"Bhandara","s":"MAHARASHTRA"}},{"arcs":[[-205,233,234,235,236,-219,237]],"type":"Polygon","properties":{"n":"Koka","c":536970,"d":"Bhandara","s":"MAHARASHTRA"}},{"arcs":[[238,239,240,-230,241,242]],"type":"Polygon","properties":{"n":"Khurshipar","c":536909,"d":"Bhandara","s":"MAHARASHTRA"}},{"arcs":[[-211,243,244,245,-180,-193]],"type":"Polygon","properties":{"n":"Jamni","c":536946,"d":"Bhandara","s":"MAHARASHTRA"}},{"arcs":[[246,-239,247,-214]],"type":"Polygon","properties":{"n":"Raini (R)","c":536910,"d":"Bhandara","s":"MAHARASHTRA"}},{"arcs":[[-163,248,249,-227]],"type":"Polygon","properties":{"n":"Sitepar","c":536976,"d":"Bhandara","s":"MAHARASHTRA"}},{"arcs":[[250,251,252,253,254,255,-234,-204,256]],"type":"Polygon","properties":{"n":" ","c":0,"d":"Bhandara","s":"MAHARASHTRA"}},{"arcs":[[-233,257,258,259,-199]],"type":"Polygon","properties":{"n":"Sitepar","c":536905,"d":"Bhandara","s":"MAHARASHTRA"}},{"arcs":[[-226,260,261,-244,-210,-217]],"type":"Polygon","properties":{"n":"Takali","c":536947,"d":"Bhandara","s":"MAHARASHTRA"}},{"arcs":[[-250,262,-223,-228]],"type":"Polygon","properties":{"n":"Wadipar","c":536978,"d":"Bhandara","s":"MAHARASHTRA"}},{"arcs":[[-246,263,264,265,266,-181]],"type":"Polygon","properties":{"n":"Pinglai","c":943031,"d":"Bhandara","s":"MAHARASHTRA"}},{"arcs":[[-182,-267,267,268,269,-212]],"type":"Polygon","properties":{"n":"Kesalwada","c":536948,"d":"Bhandara","s":"MAHARASHTRA"}},{"arcs":[[-237,270,271,-135,-220]],"type":"Polygon","properties":{"n":"Injewada","c":536975,"d":"Bhandara","s":"MAHARASHTRA"}},{"arcs":[[-247,-213,-270,272,273,-240]],"type":"Polygon","properties":{"n":"Tawepar","c":536911,"d":"Bhandara","s":"MAHARASHTRA"}},{"arcs":[[274,275,276,-258,-232]],"type":"Polygon","properties":{"n":"Nawegaon","c":536913,"d":"Bhandara","s":"MAHARASHTRA"}},{"arcs":[[-249,-162,277,278,-159,279,280,281,-224,-263]],"type":"Polygon","properties":{"n":"Matora","c":536981,"d":"Bhandara","s":"MAHARASHTRA"}},{"arcs":[[-245,-262,282,283,284,285,286,287,288,289,290,291,-264]],"type":"Polygon","properties":{"n":" ","c":0,"d":"Bhandara","s":"MAHARASHTRA"}},{"arcs":[[292,-255,293,294,-271,-236]],"type":"Polygon","properties":{"n":"Sarpewada","c":536974,"d":"Bhandara","s":"MAHARASHTRA"}},{"arcs":[[-269,295,296,297,-273]],"type":"Polygon","properties":{"n":"Khokurala","c":536949,"d":"Bhandara","s":"MAHARASHTRA"}},{"arcs":[[-161,298,-278]],"type":"Polygon","properties":{"n":"Salehatti","c":536982,"d":"Bhandara","s":"MAHARASHTRA"}},{"arcs":[[-256,-293,-235]],"type":"Polygon","properties":{"n":"Dudhara","c":536973,"d":"Bhandara","s":"MAHARASHTRA"}},{"arcs":[[-241,-274,-298,299,300,301,-275,-231]],"type":"Polygon","properties":{"n":"Gunjepar","c":536912,"d":"Bhandara","s":"MAHARASHTRA"}},{"arcs":[[-160,-279,-299]],"type":"Polygon","properties":{"n":"Salehetti (R)","c":536983,"d":"Bhandara","s":"MAHARASHTRA"}},{"arcs":[[-277,302,303,304,305,-259]],"type":"Polygon","properties":{"n":"Gopiwada","c":536904,"d":"Bhandara","s":"MAHARASHTRA"}},{"arcs":[[-302,306,307,-303,-276]],"type":"Polygon","properties":{"n":"Jakh","c":536914,"d":"Bhandara","s":"MAHARASHTRA"}},{"arcs":[[-225,-282,308,-283,-261]],"type":"Polygon","properties":{"n":"Surewada","c":536980,"d":"Bhandara","s":"MAHARASHTRA"}},{"arcs":[[-295,309,-136,-272]],"type":"Polygon","properties":{"n":"Yetewahi","c":536984,"d":"Bhandara","s":"MAHARASHTRA"}},{"arcs":[[310,311]],"type":"Polygon","properties":{"n":"Chikhali","c":536902,"d":"Bhandara","s":"MAHARASHTRA"}},{"arcs":[[-294,-254,312,313,-137,-310]],"type":"Polygon","properties":{"n":"Ajani Hamesha","c":536985,"d":"Bhandara","s":"MAHARASHTRA"}},{"arcs":[[-292,314,315,-265]],"type":"Polygon","properties":{"n":"Bhandara (M Cl)","c":802713,"d":"Bhandara","s":"MAHARASHTRA"}},{"arcs":[[-316,316,317,-296,-268,-266]],"type":"Polygon","properties":{"n":" ","c":0,"d":"Bhandara","s":"MAHARASHTRA"}},{"arcs":[[-308,318,319,320,-304]],"type":"Polygon","properties":{"n":"Malegaon","c":536915,"d":"Bhandara","s":"MAHARASHTRA"}},{"arcs":[[-318,321,322,323,-300,-297]],"type":"Polygon","properties":{"n":" ","c":0,"d":"Bhandara","s":"MAHARASHTRA"}},{"arcs":[[-324,324,325,326,-319,-307,-301]],"type":"Polygon","properties":{"n":"Mujabi","c":536916,"d":"Bhandara","s":"MAHARASHTRA"}},{"arcs":[[-281,327,328,-284,-309]],"type":"Polygon","properties":{"n":"Berodi","c":536992,"d":"Bhandara","s":"MAHARASHTRA"}},{"arcs":[[-323,329,330,331,332,333,-325]],"type":"Polygon","properties":{"n":"Bela (CT)","c":537070,"d":"Bhandara","s":"MAHARASHTRA"}},{"arcs":[[-158,334,335,-328,-280]],"type":"Polygon","properties":{"n":"Nerodi","c":536991,"d":"Bhandara","s":"MAHARASHTRA"}},{"arcs":[[336,337,338,-313,-253]],"type":"Polygon","properties":{"n":"Chandrapur","c":536972,"d":"Bhandara","s":"MAHARASHTRA"}},{"arcs":[[-315,-291,339,-330,-322,-317]],"type":"Polygon","properties":{"n":"Ganeshpur (CT)","c":537071,"d":"Bhandara","s":"MAHARASHTRA"}},{"arcs":[[-329,-336,340,341,-285]],"type":"Polygon","properties":{"n":"Karachkheda","c":536993,"d":"Bhandara","s":"MAHARASHTRA"}},{"arcs":[[-314,-339,342,-140,343,-138]],"type":"Polygon","properties":{"n":"Ajani","c":536986,"d":"Bhandara","s":"MAHARASHTRA"}},{"arcs":[[344,345,346,347,348,-311]],"type":"Polygon","properties":{"n":"Kharbi","c":536903,"d":"Bhandara","s":"MAHARASHTRA"}},{"arcs":[[-321,349,350,351,352,353,354,-305]],"type":"Polygon","properties":{"n":"Shahapur (CT)","c":537069,"d":"Bhandara","s":"MAHARASHTRA"}},{"arcs":[[-354,355,356,-346,357]],"type":"Polygon","properties":{"n":"Thana (CT)","c":537068,"d":"Bhandara","s":"MAHARASHTRA"}},{"arcs":[[358,-350,-320,-327]],"type":"Polygon","properties":{"n":"Ashoknagar","c":536917,"d":"Bhandara","s":"MAHARASHTRA"}},{"arcs":[[359,-154]],"type":"Polygon","properties":{"n":"Rajdoh","c":536987,"d":"Bhandara","s":"MAHARASHTRA"}},{"arcs":[[-342,360,361,362,363,364,365,366,-286]],"type":"Polygon","properties":{"n":"Bhilewada","c":536994,"d":"Bhandara","s":"MAHARASHTRA"}},{"arcs":[[-360,-153,367,368,-155]],"type":"Polygon","properties":{"n":"Dedmazari","c":536988,"d":"Bhandara","s":"MAHARASHTRA"}},{"arcs":[[-157,369,370,371,-361,-341,-335]],"type":"Polygon","properties":{"n":"Usaragondi","c":536990,"d":"Bhandara","s":"MAHARASHTRA"}},{"arcs":[[372,373,-287,-367]],"type":"Polygon","properties":{"n":"Kardha","c":536953,"d":"Bhandara","s":"MAHARASHTRA"}},{"arcs":[[-334,374,375,-351,-359,-326]],"type":"Polygon","properties":{"n":"Umari","c":536918,"d":"Bhandara","s":"MAHARASHTRA"}},{"arcs":[[-340,-290,376,377,378,-331]],"type":"Polygon","properties":{"n":"Pindkepar","c":536951,"d":"Bhandara","s":"MAHARASHTRA"}},{"arcs":[[-353,379,380,381,382,383,384,-356]],"type":"Polygon","properties":{"n":"Nandora","c":536921,"d":"Bhandara","s":"MAHARASHTRA"}},{"arcs":[[-369,385,-370,-156]],"type":"Polygon","properties":{"n":" ","c":0,"d":"Bhandara","s":"MAHARASHTRA"}},{"arcs":[[-374,386,387,-288]],"type":"Polygon","properties":{"n":"Pindkepar","c":536952,"d":"Bhandara","s":"MAHARASHTRA"}},{"arcs":[[-152,388,389,390,-371,-386,-368]],"type":"Polygon","properties":{"n":"Tekepar(R)","c":536989,"d":"Bhandara","s":"MAHARASHTRA"}},{"arcs":[[-385,391,392,-347,-357]],"type":"Polygon","properties":{"n":"Parsodi","c":536922,"d":"Bhandara","s":"MAHARASHTRA"}},{"arcs":[[-344,-139]],"type":"Polygon","properties":{"n":"Kakada Gondi","c":537000,"d":"Bhandara","s":"MAHARASHTRA"}},{"arcs":[[-393,393,394,-348]],"type":"Polygon","properties":{"n":"Kharadi","c":536923,"d":"Bhandara","s":"MAHARASHTRA"}},{"arcs":[[-391,395,396,397,-362,-372]],"type":"Polygon","properties":{"n":"Paladi","c":536995,"d":"Bhandara","s":"MAHARASHTRA"}},{"arcs":[[-289,-388,398,399,400,401,-377]],"type":"Polygon","properties":{"n":"Salebadi","c":536955,"d":"Bhandara","s":"MAHARASHTRA"}},{"arcs":[[-352,-376,402,403,404,405,-380]],"type":"Polygon","properties":{"n":"Kawadshi","c":536920,"d":"Bhandara","s":"MAHARASHTRA"}},{"arcs":[[406,407,408,409,410,-378,-402]],"type":"Polygon","properties":{"n":"Sirasghat","c":536956,"d":"Bhandara","s":"MAHARASHTRA"}},{"arcs":[[-333,411,-403,-375]],"type":"Polygon","properties":{"n":"Dawadipar","c":536919,"d":"Bhandara","s":"MAHARASHTRA"}},{"arcs":[[412,-399,-387,-373,-366]],"type":"Polygon","properties":{"n":"Girola","c":536954,"d":"Bhandara","s":"MAHARASHTRA"}},{"arcs":[[-379,-411,413,414,415,-404,-412,-332]],"type":"Polygon","properties":{"n":"Korambhi","c":536958,"d":"Bhandara","s":"MAHARASHTRA"}},{"arcs":[[-151,416,417,418,419,-389]],"type":"Polygon","properties":{"n":"Amgaon","c":536997,"d":"Bhandara","s":"MAHARASHTRA"}},{"arcs":[[420,-149,421]],"type":"Polygon","properties":{"n":"Matimeta","c":536998,"d":"Bhandara","s":"MAHARASHTRA"}},{"arcs":[[-148,422,423,-422]],"type":"Polygon","properties":{"n":"Kodurli","c":536999,"d":"Bhandara","s":"MAHARASHTRA"}},{"arcs":[[-384,424,425,426,-394,-392]],"type":"Polygon","properties":{"n":"Rajedahegaon","c":536924,"d":"Bhandara","s":"MAHARASHTRA"}},{"arcs":[[-421,-424,427,428,-417,-150]],"type":"Polygon","properties":{"n":"Kawalewada","c":537002,"d":"Bhandara","s":"MAHARASHTRA"}},{"arcs":[[-420,429,430,431,432,-396,-390]],"type":"Polygon","properties":{"n":"Dighori","c":537004,"d":"Bhandara","s":"MAHARASHTRA"}},{"arcs":[[-413,-365,433,434,-400]],"type":"Polygon","properties":{"n":"Ambadi","c":536964,"d":"Bhandara","s":"MAHARASHTRA"}},{"arcs":[[435,436,-409]],"type":"Polygon","properties":{"n":"Khapa","c":536957,"d":"Bhandara","s":"MAHARASHTRA"}},{"arcs":[[-147,437,438,439,440,441,-428,-423]],"type":"Polygon","properties":{"n":"Dawwa","c":537007,"d":"Bhandara","s":"MAHARASHTRA"}},{"arcs":[[-433,442,443,444,445,446,447,-397]],"type":"Polygon","properties":{"n":"Chandori","c":537026,"d":"Bhandara","s":"MAHARASHTRA"}},{"arcs":[[-448,448,-363,-398]],"type":"Polygon","properties":{"n":"Mathadi","c":537025,"d":"Bhandara","s":"MAHARASHTRA"}},{"arcs":[[-435,449,450,451,452,453,454,-407,-401]],"type":"Polygon","properties":{"n":"Silli","c":536963,"d":"Bhandara","s":"MAHARASHTRA"}},{"arcs":[[-364,-449,-447,455,456,-450,-434]],"type":"Polygon","properties":{"n":"Palgaon","c":537024,"d":"Bhandara","s":"MAHARASHTRA"}},{"arcs":[[457,458,459,460,-414,-410,-437]],"type":"Polygon","properties":{"n":"Ajimabad","c":536960,"d":"Bhandara","s":"MAHARASHTRA"}},{"arcs":[[-455,461,-458,-436,-408]],"type":"Polygon","properties":{"n":"Hasapur","c":536962,"d":"Bhandara","s":"MAHARASHTRA"}},{"arcs":[[462,-438,-146]],"type":"Polygon","properties":{"n":"Garada Jangli","c":537001,"d":"Bhandara","s":"MAHARASHTRA"}},{"arcs":[[-429,-442,463,464,-418]],"type":"Polygon","properties":{"n":"Chintapur","c":537003,"d":"Bhandara","s":"MAHARASHTRA"}},{"arcs":[[-383,465,466,467,468,469,-425]],"type":"Polygon","properties":{"n":"Sawari Jawharnagar (CT)","c":537072,"d":"Bhandara","s":"MAHARASHTRA"}},{"arcs":[[470,471,472,-381,-406]],"type":"Polygon","properties":{"n":"Salebardi","c":536930,"d":"Bhandara","s":"MAHARASHTRA"}},{"arcs":[[473,474,-415,-461]],"type":"Polygon","properties":{"n":"Tekepar","c":536959,"d":"Bhandara","s":"MAHARASHTRA"}},{"arcs":[[475,-443,-432]],"type":"Polygon","properties":{"n":"Singori","c":537005,"d":"Bhandara","s":"MAHARASHTRA"}},{"arcs":[[-465,476,477,478,479,480,-430,-419]],"type":"Polygon","properties":{"n":"Dhargaon","c":537006,"d":"Bhandara","s":"MAHARASHTRA"}},{"arcs":[[-470,481,482,-426]],"type":"Polygon","properties":{"n":"Kondhi","c":536925,"d":"Bhandara","s":"MAHARASHTRA"}},{"arcs":[[-475,483,-471,-405,-416]],"type":"Polygon","properties":{"n":"Pandhi","c":536931,"d":"Bhandara","s":"MAHARASHTRA"}},{"arcs":[[-473,484,485,486,487,-466,-382]],"type":"Polygon","properties":{"n":"Sahuli","c":536929,"d":"Bhandara","s":"MAHARASHTRA"}},{"arcs":[[-476,-431,-481,488,489,-444]],"type":"Polygon","properties":{"n":"Koknagad","c":537027,"d":"Bhandara","s":"MAHARASHTRA"}},{"arcs":[[490,491,492,-439,-463,-145]],"type":"Polygon","properties":{"n":"Ganglewada","c":537008,"d":"Bhandara","s":"MAHARASHTRA"}},{"arcs":[[493,494,495,496,497,498,499,-492]],"type":"Polygon","properties":{"n":" ","c":0,"d":"Bhandara","s":"MAHARASHTRA"}},{"arcs":[[500,501,502,-451,-457]],"type":"Polygon","properties":{"n":"Dawadipar","c":537022,"d":"Bhandara","s":"MAHARASHTRA"}},{"arcs":[[-446,503,504,-501,-456]],"type":"Polygon","properties":{"n":"Pachkhedi","c":537023,"d":"Bhandara","s":"MAHARASHTRA"}},{"arcs":[[-484,505,506,-485,-472]],"type":"Polygon","properties":{"n":"Khairi","c":536932,"d":"Bhandara","s":"MAHARASHTRA"}},{"arcs":[[-500,507,-440,-493]],"type":"Polygon","properties":{"n":"Belgaon (R)","c":537009,"d":"Bhandara","s":"MAHARASHTRA"}},{"arcs":[[-441,-508,-499,508,509,510,-477,-464]],"type":"Polygon","properties":{"n":"Kanhadmoh","c":537010,"d":"Bhandara","s":"MAHARASHTRA"}},{"arcs":[[-460,511,512,513,514,-506,-474]],"type":"Polygon","properties":{"n":"Makar-Dhokda","c":537019,"d":"Bhandara","s":"MAHARASHTRA"}},{"arcs":[[-462,-454,515,-512,-459]],"type":"Polygon","properties":{"n":"Zabada","c":536961,"d":"Bhandara","s":"MAHARASHTRA"}},{"arcs":[[-453,516,517,518,519,520,-513,-516]],"type":"Polygon","properties":{"n":"Manegaon","c":537020,"d":"Bhandara","s":"MAHARASHTRA"}},{"arcs":[[521,522,523,524,-504,-445,-490]],"type":"Polygon","properties":{"n":"Malipar","c":537029,"d":"Bhandara","s":"MAHARASHTRA"}},{"arcs":[[525,526,-517,-452,-503]],"type":"Polygon","properties":{"n":"Garada Kh.","c":537021,"d":"Bhandara","s":"MAHARASHTRA"}},{"arcs":[[-480,527,-522,-489]],"type":"Polygon","properties":{"n":"Mahaka","c":537028,"d":"Bhandara","s":"MAHARASHTRA"}},{"arcs":[[-479,528,529,530,531,532,-523,-528]],"type":"Polygon","properties":{"n":"Khapa","c":537030,"d":"Bhandara","s":"MAHARASHTRA"}},{"arcs":[[533,534,535,-482,-469]],"type":"Polygon","properties":{"n":"Pevtha","c":536926,"d":"Bhandara","s":"MAHARASHTRA"}},{"arcs":[[-511,536,537,-529,-478]],"type":"Polygon","properties":{"n":"Kodamoti","c":537011,"d":"Bhandara","s":"MAHARASHTRA"}},{"arcs":[[-510,538,539,540,-537]],"type":"Polygon","properties":{"n":"Gunthara","c":537015,"d":"Bhandara","s":"MAHARASHTRA"}},{"arcs":[[541,542,543,544,-539,-509,-498]],"type":"Polygon","properties":{"n":"Rajegaon","c":537016,"d":"Bhandara","s":"MAHARASHTRA"}},{"arcs":[[545,546,-467,-488]],"type":"Polygon","properties":{"n":"Chicholi","c":536928,"d":"Bhandara","s":"MAHARASHTRA"}},{"arcs":[[547,-535]],"type":"Polygon","properties":{"n":"Lohara","c":536927,"d":"Bhandara","s":"MAHARASHTRA"}},{"arcs":[[-525,548,549,550,551,552,-526,-502,-505]],"type":"Polygon","properties":{"n":" ","c":0,"d":"Bhandara","s":"MAHARASHTRA"}},{"arcs":[[553,554,555,-486,-507,-515]],"type":"Polygon","properties":{"n":"Sangam","c":536933,"d":"Bhandara","s":"MAHARASHTRA"}},{"arcs":[[556,557,-542,-497,558]],"type":"Polygon","properties":{"n":"Chikhali Hamesha","c":537017,"d":"Bhandara","s":"MAHARASHTRA"}},{"arcs":[[-527,-553,559,-518]],"type":"Polygon","properties":{"n":"Basora","c":537031,"d":"Bhandara","s":"MAHARASHTRA"}},{"arcs":[[-541,560,561,562,563,-530,-538]],"type":"Polygon","properties":{"n":"Waghbodi","c":537012,"d":"Bhandara","s":"MAHARASHTRA"}},{"arcs":[[-560,-552,564,565,566,567,-519]],"type":"Polygon","properties":{"n":"Garada Bk.","c":537033,"d":"Bhandara","s":"MAHARASHTRA"}},{"arcs":[[-556,568,-546,-487]],"type":"Polygon","properties":{"n":"Pipari","c":536934,"d":"Bhandara","s":"MAHARASHTRA"}},{"arcs":[[-521,569,570,571,-554,-514]],"type":"Polygon","properties":{"n":"Tiddi","c":537035,"d":"Bhandara","s":"MAHARASHTRA"}},{"arcs":[[-545,572,573,574,575,-561,-540]],"type":"Polygon","properties":{"n":"Khurshipar","c":537014,"d":"Bhandara","s":"MAHARASHTRA"}},{"arcs":[[576,577,-543,-558]],"type":"Polygon","properties":{"n":"Chikhalabodi","c":537018,"d":"Bhandara","s":"MAHARASHTRA"}},{"arcs":[[-524,-533,578,-549]],"type":"Polygon","properties":{"n":" ","c":0,"d":"Bhandara","s":"MAHARASHTRA"}},{"arcs":[[-578,579,580,581,-573,-544]],"type":"Polygon","properties":{"n":"Sawari","c":537049,"d":"Bhandara","s":"MAHARASHTRA"}},{"arcs":[[582,583,584,585,586,-531,-564]],"type":"Polygon","properties":{"n":"Rawanwadi","c":537046,"d":"Bhandara","s":"MAHARASHTRA"}},{"arcs":[[-576,587,-562]],"type":"Polygon","properties":{"n":"Nawegaon","c":537013,"d":"Bhandara","s":"MAHARASHTRA"}},{"arcs":[[-588,-575,588,589,590,591,592,593,594,595,596,597,598,599,600,601,602,603,-583,-563]],"type":"Polygon","properties":{"n":" ","c":0,"d":"Bhandara","s":"MAHARASHTRA"}},{"arcs":[[-582,604,605,-589,-574]],"type":"Polygon","properties":{"n":"Tekepar","c":537048,"d":"Bhandara","s":"MAHARASHTRA"}},{"arcs":[[-568,606,-566,607,608,609,610,611,-570,-520]],"type":"Polygon","properties":{"n":"Borgaon Bk.","c":537034,"d":"Bhandara","s":"MAHARASHTRA"}},{"arcs":[[-532,-587,612,613,614,-550,-579]],"type":"Polygon","properties":{"n":"Borgaon Kh.","c":537045,"d":"Bhandara","s":"MAHARASHTRA"}},{"arcs":[[615,616,617,-571,-612]],"type":"Polygon","properties":{"n":"Arjuni","c":537036,"d":"Bhandara","s":"MAHARASHTRA"}},{"arcs":[[-607,-567]],"type":"Polygon","properties":{"n":"Mendha","c":537032,"d":"Bhandara","s":"MAHARASHTRA"}},{"arcs":[[-551,-615,618,619,620,-608,-565]],"type":"Polygon","properties":{"n":"Usaripar","c":537042,"d":"Bhandara","s":"MAHARASHTRA"}},{"arcs":[[-604,621,-584]],"type":"Polygon","properties":{"n":"Kodamendhi (R)","c":537047,"d":"Bhandara","s":"MAHARASHTRA"}},{"arcs":[[-611,622,623,-616]],"type":"Polygon","properties":{"n":"Jakh","c":537037,"d":"Bhandara","s":"MAHARASHTRA"}},{"arcs":[[624,625,626,627,628,-609,-621]],"type":"Polygon","properties":{"n":"Chowa","c":537041,"d":"Bhandara","s":"MAHARASHTRA"}},{"arcs":[[-629,629,630,-623,-610]],"type":"Polygon","properties":{"n":"Kholapur","c":537039,"d":"Bhandara","s":"MAHARASHTRA"}},{"arcs":[[631,-591,632,-605,-581]],"type":"Polygon","properties":{"n":"Pimpalgaon","c":537050,"d":"Bhandara","s":"MAHARASHTRA"}},{"arcs":[[-586,633,-602,634,635,636,637,638,-613]],"type":"Polygon","properties":{"n":"Wakeshwar","c":537044,"d":"Bhandara","s":"MAHARASHTRA"}},{"arcs":[[-585,-622,-603,-634]],"type":"Polygon","properties":{"n":" ","c":0,"d":"Bhandara","s":"MAHARASHTRA"}},{"arcs":[[-639,639,-619,-614]],"type":"Polygon","properties":{"n":"Shrinagar","c":537043,"d":"Bhandara","s":"MAHARASHTRA"}},{"arcs":[[-628,640,641,642,-630]],"type":"Polygon","properties":{"n":"Nawargaon","c":537040,"d":"Bhandara","s":"MAHARASHTRA"}},{"arcs":[[-633,-590,-606]],"type":"Polygon","properties":{"n":"Madgi","c":537051,"d":"Bhandara","s":"MAHARASHTRA"}},{"arcs":[[-643,643,644,-617,-624,-631]],"type":"Polygon","properties":{"n":"Maudi","c":537038,"d":"Bhandara","s":"MAHARASHTRA"}},{"arcs":[[-638,645,646,647,648,-625,-620,-640]],"type":"Polygon","properties":{"n":"Pahela","c":537054,"d":"Bhandara","s":"MAHARASHTRA"}},{"arcs":[[649,650,-644,-642]],"type":"Polygon","properties":{"n":"Jamgaon","c":537056,"d":"Bhandara","s":"MAHARASHTRA"}},{"arcs":[[651,652,-646,-637]],"type":"Polygon","properties":{"n":"Chikhal Pahela","c":537053,"d":"Bhandara","s":"MAHARASHTRA"}},{"arcs":[[-627,653,654,655,-650,-641]],"type":"Polygon","properties":{"n":"Wadad","c":537057,"d":"Bhandara","s":"MAHARASHTRA"}},{"arcs":[[-601,656,657,658,659,660,-635]],"type":"Polygon","properties":{"n":"Sonegaon","c":537065,"d":"Bhandara","s":"MAHARASHTRA"}},{"arcs":[[-626,-649,661,-5,662,-654]],"type":"Polygon","properties":{"n":"Nimgaon","c":537055,"d":"Bhandara","s":"MAHARASHTRA"}},{"arcs":[[-636,-661,663,-652]],"type":"Polygon","properties":{"n":"Singori","c":537064,"d":"Bhandara","s":"MAHARASHTRA"}},{"arcs":[[664,-657,-600]],"type":"Polygon","properties":{"n":"Yetewahi","c":537066,"d":"Bhandara","s":"MAHARASHTRA"}},{"arcs":[[-664,-660,665,666,667,668,669,-647,-653]],"type":"Polygon","properties":{"n":"Golewadi","c":537063,"d":"Bhandara","s":"MAHARASHTRA"}},{"arcs":[[-670,670,-8,-1,-662,-648]],"type":"Polygon","properties":{"n":"Pagora","c":537060,"d":"Bhandara","s":"MAHARASHTRA"}},{"arcs":[[671,672,673,-595]],"type":"Polygon","properties":{"n":"Purkabodi","c":537067,"d":"Bhandara","s":"MAHARASHTRA"}},{"arcs":[[674,675,676,-9,-671,-669]],"type":"Polygon","properties":{"n":"Dongargaon","c":537062,"d":"Bhandara","s":"MAHARASHTRA"}},{"arcs":[[-4,677,678,-655,-663]],"type":"Polygon","properties":{"n":"Itgaon","c":537058,"d":"Bhandara","s":"MAHARASHTRA"}},{"arcs":[[-39,-75,679,-67,680,-94]],"type":"Polygon","properties":{"n":"Sitasawangi","c":536693,"d":"Bhandara","s":"MAHARASHTRA"}},{"arcs":[[681,682]],"type":"Polygon","properties":{"n":"Susurdoh","c":536646,"d":"Bhandara","s":"MAHARASHTRA"}},{"arcs":[[-86,-89,-95,-681,-66,-28]],"type":"Polygon","properties":{"n":"Gobarwahi","c":536692,"d":"Bhandara","s":"MAHARASHTRA"}},{"arcs":[[683,684,685,686,687,-48]],"type":"Polygon","properties":{"n":"Temani","c":536700,"d":"Bhandara","s":"MAHARASHTRA"}},{"arcs":[[-688,688,689,-49]],"type":"Polygon","properties":{"n":"Chandpur","c":536699,"d":"Bhandara","s":"MAHARASHTRA"}},{"arcs":[[-72,690]],"type":"Polygon","properties":{"n":"Dhamlewada","c":536694,"d":"Bhandara","s":"MAHARASHTRA"}},{"arcs":[[-680,-74,691,-68]],"type":"Polygon","properties":{"n":"Gudru Kh.","c":536695,"d":"Bhandara","s":"MAHARASHTRA"}},{"arcs":[[692,693,694,695]],"type":"Polygon","properties":{"n":"Alesur","c":536675,"d":"Bhandara","s":"MAHARASHTRA"}},{"arcs":[[-693,696]],"type":"Polygon","properties":{"n":"Vitpur","c":536674,"d":"Bhandara","s":"MAHARASHTRA"}},{"arcs":[[697,698]],"type":"Polygon","properties":{"n":"Laxmipur Hamesha","c":536673,"d":"Bhandara","s":"MAHARASHTRA"}},{"arcs":[[699,700,-110,701,-685,702]],"type":"Polygon","properties":{"n":"Khapa Mohadi","c":536709,"d":"Bhandara","s":"MAHARASHTRA"}},{"arcs":[[703,-104,704]],"type":"Polygon","properties":{"n":"Brahmantola","c":536708,"d":"Bhandara","s":"MAHARASHTRA"}},{"arcs":[[-699,705,706,707,708]],"type":"Polygon","properties":{"n":"Mothagaon","c":536690,"d":"Bhandara","s":"MAHARASHTRA"}},{"arcs":[[709]],"type":"Polygon","properties":{"n":"Khapa (Lendezari)","c":536676,"d":"Bhandara","s":"MAHARASHTRA"}},{"arcs":[[-691,-71,710,-69,-692,-73]],"type":"Polygon","properties":{"n":"Khandal","c":536696,"d":"Bhandara","s":"MAHARASHTRA"}},{"arcs":[[711]],"type":"Polygon","properties":{"n":"Kamkasur","c":536645,"d":"Bhandara","s":"MAHARASHTRA"}},{"arcs":[[-695,712]],"type":"Polygon","properties":{"n":"Gonditola","c":536682,"d":"Bhandara","s":"MAHARASHTRA"}},{"arcs":[[-30,-65,713,714,715,716,717]],"type":"Polygon","properties":{"n":"Karli","c":536749,"d":"Bhandara","s":"MAHARASHTRA"}},{"arcs":[[-708,718,719,720]],"type":"Polygon","properties":{"n":"Garkabhonga","c":536689,"d":"Bhandara","s":"MAHARASHTRA"}},{"arcs":[[721,-717,722,-719,-707]],"type":"Polygon","properties":{"n":"Asalpani","c":536688,"d":"Bhandara","s":"MAHARASHTRA"}},{"arcs":[[-70,-711]],"type":"Polygon","properties":{"n":"Sodipur","c":536697,"d":"Bhandara","s":"MAHARASHTRA"}},{"arcs":[[723,724,725,726,727,-55,728]],"type":"Polygon","properties":{"n":"Mohagaon (Khadan)","c":536766,"d":"Bhandara","s":"MAHARASHTRA"}},{"arcs":[[729,730,731,732,733]],"type":"Polygon","properties":{"n":"Sorna","c":536738,"d":"Bhandara","s":"MAHARASHTRA"}},{"arcs":[[734,735,736,737]],"type":"Polygon","properties":{"n":"Mandwi (Dhabale)","c":536729,"d":"Bhandara","s":"MAHARASHTRA"}},{"arcs":[[738,739,740,741,742,743]],"type":"Polygon","properties":{"n":"Mitewani","c":536753,"d":"Bhandara","s":"MAHARASHTRA"}},{"arcs":[[744,745,746,747,-59]],"type":"Polygon","properties":{"n":"Zarli","c":536760,"d":"Bhandara","s":"MAHARASHTRA"}},{"arcs":[[748,749,750]],"type":"Polygon","properties":{"n":"Gowaritola","c":536735,"d":"Bhandara","s":"MAHARASHTRA"}},{"arcs":[[751,752,753,754]],"type":"Polygon","properties":{"n":"Sonpuri","c":536742,"d":"Bhandara","s":"MAHARASHTRA"}},{"arcs":[[755,756,-727,757,758,759,-745,-58]],"type":"Polygon","properties":{"n":"Yerli","c":536761,"d":"Bhandara","s":"MAHARASHTRA"}},{"arcs":[[-742,760,761,762,763,764]],"type":"Polygon","properties":{"n":"Hardoli (Ambagad)","c":536746,"d":"Bhandara","s":"MAHARASHTRA"}},{"arcs":[[-747,765,766,-739,767,768]],"type":"Polygon","properties":{"n":"Pipra (sakhali)","c":536759,"d":"Bhandara","s":"MAHARASHTRA"}},{"arcs":[[769,770,771,772,773,774,-732]],"type":"Polygon","properties":{"n":"Lanzera","c":536739,"d":"Bhandara","s":"MAHARASHTRA"}},{"arcs":[[-753,775,776,777,-770,-731,778]],"type":"Polygon","properties":{"n":"Lohara","c":536740,"d":"Bhandara","s":"MAHARASHTRA"}},{"arcs":[[-763,779,780,781,782,783]],"type":"Polygon","properties":{"n":"Bapera (Ambagad)","c":536745,"d":"Bhandara","s":"MAHARASHTRA"}},{"arcs":[[784,785,786,787,788,789,790,791]],"type":"Polygon","properties":{"n":"Karkapur","c":536768,"d":"Bhandara","s":"MAHARASHTRA"}},{"arcs":[[792,-789,793,794,795,-725]],"type":"Polygon","properties":{"n":"Sitepar (Khairlanji)","c":536772,"d":"Bhandara","s":"MAHARASHTRA"}},{"arcs":[[-726,-796,796,797,-758]],"type":"Polygon","properties":{"n":"Khairlanji (Dongarla)","c":536773,"d":"Bhandara","s":"MAHARASHTRA"}},{"arcs":[[798,799,800,-786]],"type":"Polygon","properties":{"n":"Rengepar (Panjara)","c":536769,"d":"Bhandara","s":"MAHARASHTRA"}},{"arcs":[[801,802,803,-740,-767]],"type":"Polygon","properties":{"n":"Mehegaon","c":536758,"d":"Bhandara","s":"MAHARASHTRA"}},{"arcs":[[-804,804,805,806,-761,-741]],"type":"Polygon","properties":{"n":"Hingana","c":536754,"d":"Bhandara","s":"MAHARASHTRA"}},{"arcs":[[-801,807,808,-787]],"type":"Polygon","properties":{"n":"Panjara (renjepar)","c":536770,"d":"Bhandara","s":"MAHARASHTRA"}},{"arcs":[[-746,-760,809,810,811,812,813,814,815,816,817,-802,-766]],"type":"Polygon","properties":{"n":"Tumsar (M Cl)","c":802712,"d":"Bhandara","s":"MAHARASHTRA"}},{"arcs":[[-798,818,819,-810,-759]],"type":"Polygon","properties":{"n":"Dongarla","c":536774,"d":"Bhandara","s":"MAHARASHTRA"}},{"arcs":[[-809,820,821,-794,-788]],"type":"Polygon","properties":{"n":"Tamaswadi (Umarwada)","c":536771,"d":"Bhandara","s":"MAHARASHTRA"}},{"arcs":[[-795,-822,822,823,824,-819,-797]],"type":"Polygon","properties":{"n":"Umar Wada","c":536776,"d":"Bhandara","s":"MAHARASHTRA"}},{"arcs":[[825,-811,-820,-825]],"type":"Polygon","properties":{"n":"Navargaon (Tumsar)","c":536775,"d":"Bhandara","s":"MAHARASHTRA"}},{"arcs":[[-818,826,827,828,-805,-803]],"type":"Polygon","properties":{"n":"Hasara","c":536757,"d":"Bhandara","s":"MAHARASHTRA"}},{"arcs":[[829,830,831,832,833]],"type":"Polygon","properties":{"n":"Ghanod","c":537080,"d":"Bhandara","s":"MAHARASHTRA"}},{"arcs":[[-833,834,835,836,837]],"type":"Polygon","properties":{"n":"Amgaon Bk.","c":537090,"d":"Bhandara","s":"MAHARASHTRA"}},{"arcs":[[838,839,840,841,842]],"type":"Polygon","properties":{"n":"Girola","c":537081,"d":"Bhandara","s":"MAHARASHTRA"}},{"arcs":[[843,844,845,846,847]],"type":"Polygon","properties":{"n":"Makkitola","c":537086,"d":"Bhandara","s":"MAHARASHTRA"}},{"arcs":[[848,849,850,851]],"type":"Polygon","properties":{"n":"Nipiyartola","c":537088,"d":"Bhandara","s":"MAHARASHTRA"}},{"arcs":[[852,853,854,855,856]],"type":"Polygon","properties":{"n":"Dongargaon","c":537092,"d":"Bhandara","s":"MAHARASHTRA"}},{"arcs":[[857,-837,858,859,860,-840]],"type":"Polygon","properties":{"n":"Bampewada","c":537089,"d":"Bhandara","s":"MAHARASHTRA"}},{"arcs":[[861,862,863,864,865,866]],"type":"Polygon","properties":{"n":"Rengepar","c":537095,"d":"Bhandara","s":"MAHARASHTRA"}},{"arcs":[[867,868,869,870,-851]],"type":"Polygon","properties":{"n":"Palaspani","c":537087,"d":"Bhandara","s":"MAHARASHTRA"}},{"arcs":[[871,872,873,874,-853,875]],"type":"Polygon","properties":{"n":" ","c":0,"d":"Bhandara","s":"MAHARASHTRA"}},{"arcs":[[-860,876,877,878,879,-869,880]],"type":"Polygon","properties":{"n":"Kinhi(Ekodi)","c":537103,"d":"Bhandara","s":"MAHARASHTRA"}},{"arcs":[[881,882,883,-830]],"type":"Polygon","properties":{"n":"Amgaon Kh.","c":537091,"d":"Bhandara","s":"MAHARASHTRA"}},{"arcs":[[884,-864,885,886,-873]],"type":"Polygon","properties":{"n":"Wadegaon","c":537097,"d":"Bhandara","s":"MAHARASHTRA"}},{"arcs":[[887,888,889,-862]],"type":"Polygon","properties":{"n":"Satalwada","c":537096,"d":"Bhandara","s":"MAHARASHTRA"}},{"arcs":[[-836,890,891,892,893,-877,-859]],"type":"Polygon","properties":{"n":"Yekodi","c":537102,"d":"Bhandara","s":"MAHARASHTRA"}},{"arcs":[[-875,894,895,896,897,-883,898,-854]],"type":"Polygon","properties":{"n":"Walmazari","c":537098,"d":"Bhandara","s":"MAHARASHTRA"}},{"arcs":[[-832,899,900,-891,-835]],"type":"Polygon","properties":{"n":"Borgaon","c":537100,"d":"Bhandara","s":"MAHARASHTRA"}},{"arcs":[[-898,901,902,-900,-831,-884]],"type":"Polygon","properties":{"n":"Khairi","c":537099,"d":"Bhandara","s":"MAHARASHTRA"}},{"arcs":[[903,904,905,906,-886,-863,-890]],"type":"Polygon","properties":{"n":"Kinhi","c":537112,"d":"Bhandara","s":"MAHARASHTRA"}},{"arcs":[[-887,-907,907,908,909,-895,-874]],"type":"Polygon","properties":{"n":"Tudmapuri","c":537111,"d":"Bhandara","s":"MAHARASHTRA"}},{"arcs":[[-903,910,911,-892,-901]],"type":"Polygon","properties":{"n":"Parastola","c":537101,"d":"Bhandara","s":"MAHARASHTRA"}},{"arcs":[[912,913,914,915,916,-911,-902,-897]],"type":"Polygon","properties":{"n":"Pindkepar","c":537109,"d":"Bhandara","s":"MAHARASHTRA"}},{"arcs":[[-910,917,918,-913,-896]],"type":"Polygon","properties":{"n":"Alebedar","c":537110,"d":"Bhandara","s":"MAHARASHTRA"}},{"arcs":[[919,920,921,922,-904,-889]],"type":"Polygon","properties":{"n":" ","c":0,"d":"Bhandara","s":"MAHARASHTRA"}},{"arcs":[[-894,923,924,925,926,927,928,929,930,931,932,933,934,935,936,937,938,939,940,941,942,943,944,945,-878],[946]],"type":"Polygon","properties":{"n":" ","c":0,"d":"Bhandara","s":"MAHARASHTRA"}},{"arcs":[[947,948,949,950,951,952,953,954,955,956,957,958,959,960,961,962,963,964,965,966,967,968,969,970,971,972,973],[974]],"type":"Polygon","properties":{"n":" ","c":0,"d":"Bhandara","s":"MAHARASHTRA"}},{"arcs":[[975,-970,976,977,978,979,980,981,982]],"type":"Polygon","properties":{"n":"Dighori (Mothi)","c":537472,"d":"Bhandara","s":"MAHARASHTRA"}},{"arcs":[[983,984,985,986,987,988,989]],"type":"Polygon","properties":{"n":"Tirkhuri","c":537430,"d":"Bhandara","s":"MAHARASHTRA"}},{"arcs":[[990,991,992,993,-985,994]],"type":"Polygon","properties":{"n":"Pendhari","c":537431,"d":"Bhandara","s":"MAHARASHTRA"}},{"arcs":[[-988,995,996,997,998,999,1000]],"type":"Polygon","properties":{"n":"Palependhari","c":537429,"d":"Bhandara","s":"MAHARASHTRA"}},{"arcs":[[1001,1002,1003,1004]],"type":"Polygon","properties":{"n":"Kholmara","c":537467,"d":"Bhandara","s":"MAHARASHTRA"}},{"arcs":[[1005,1006,1007,-993,1008]],"type":"Polygon","properties":{"n":"Hardoli","c":537432,"d":"Bhandara","s":"MAHARASHTRA"}},{"arcs":[[1009,1010,1011,-978]],"type":"Polygon","properties":{"n":"Sakara","c":537471,"d":"Bhandara","s":"MAHARASHTRA"}},{"arcs":[[1012,-1011,1013,-968,1014,1015,1016,1017,1018,1019]],"type":"Polygon","properties":{"n":"Tawasi","c":537470,"d":"Bhandara","s":"MAHARASHTRA"}},{"arcs":[[1020,1021,1022,1023,1024,-1007,1025]],"type":"Polygon","properties":{"n":"Tai Bk.","c":537439,"d":"Bhandara","s":"MAHARASHTRA"}},{"arcs":[[-1008,-1025,1026,1027,1028,-986,-994]],"type":"Polygon","properties":{"n":"Sonegaon","c":537433,"d":"Bhandara","s":"MAHARASHTRA"}},{"arcs":[[-977,-969,-1014,-1010]],"type":"Polygon","properties":{"n":"Malada","c":537473,"d":"Bhandara","s":"MAHARASHTRA"}},{"arcs":[[-987,-1029,1029,1030,-996]],"type":"Polygon","properties":{"n":"Ghodezari","c":537434,"d":"Bhandara","s":"MAHARASHTRA"}},{"arcs":[[1031,1032,1033,1034,-1018]],"type":"Polygon","properties":{"n":"Chikna","c":537469,"d":"Bhandara","s":"MAHARASHTRA"}},{"arcs":[[-1034,1035,1036,1037,-1021,-1003,1038]],"type":"Polygon","properties":{"n":"Jaitpur","c":537468,"d":"Bhandara","s":"MAHARASHTRA"}},{"arcs":[[-1031,1039,1040,1041,1042,-997]],"type":"Polygon","properties":{"n":"Pachgaon","c":537435,"d":"Bhandara","s":"MAHARASHTRA"}},{"arcs":[[1043,1044,-1032,-1017]],"type":"Polygon","properties":{"n":"Konda-mondhi","c":537474,"d":"Bhandara","s":"MAHARASHTRA"}},{"arcs":[[-1028,1045,1046,1047,-1040,-1030]],"type":"Polygon","properties":{"n":"Belati","c":537437,"d":"Bhandara","s":"MAHARASHTRA"}},{"arcs":[[-1038,1048,1049,1050,1051,-1022]],"type":"Polygon","properties":{"n":"Tai Kh.","c":537440,"d":"Bhandara","s":"MAHARASHTRA"}},{"arcs":[[-1024,1052,1053,1054,-1046,-1027]],"type":"Polygon","properties":{"n":"Pauldawana","c":537438,"d":"Bhandara","s":"MAHARASHTRA"}},{"arcs":[[-1016,1055,1056,1057,1058,-1044]],"type":"Polygon","properties":{"n":"Kodamedi (Rai)","c":537480,"d":"Bhandara","s":"MAHARASHTRA"}},{"arcs":[[-1048,1059,1060,1061,1062,-1041]],"type":"Polygon","properties":{"n":"Kondhala","c":537436,"d":"Bhandara","s":"MAHARASHTRA"}},{"arcs":[[-1037,1063,1064,1065,-1049]],"type":"Polygon","properties":{"n":"Barwha","c":537475,"d":"Bhandara","s":"MAHARASHTRA"}},{"arcs":[[1066,-963,1067,1068,1069,-1056,-1015,-967]],"type":"Polygon","properties":{"n":"Pardi","c":537481,"d":"Bhandara","s":"MAHARASHTRA"}},{"arcs":[[1070,-965]],"type":"Polygon","properties":{"n":"Zari","c":537482,"d":"Bhandara","s":"MAHARASHTRA"}},{"arcs":[[-1033,-1045,-1059,1071,1072,-1064,-1036]],"type":"Polygon","properties":{"n":"Chichal","c":537476,"d":"Bhandara","s":"MAHARASHTRA"}},{"arcs":[[-966,-1071,-964,-1067]],"type":"Polygon","properties":{"n":"Murza","c":537483,"d":"Bhandara","s":"MAHARASHTRA"}},{"arcs":[[-1052,1073,1074,1075,-1053,-1023]],"type":"Polygon","properties":{"n":"Parsodi","c":537441,"d":"Bhandara","s":"MAHARASHTRA"}},{"arcs":[[-1047,-1055,1076,1077,1078,1079,1080,1081,1082,1083,-1060]],"type":"Polygon","properties":{"n":"Masal","c":537446,"d":"Bhandara","s":"MAHARASHTRA"}},{"arcs":[[-1058,1084,1085,1086,-1072]],"type":"Polygon","properties":{"n":"Khairi (Raiyyatwari)","c":537479,"d":"Bhandara","s":"MAHARASHTRA"}},{"arcs":[[-1051,1087,1088,1089,1090,-1074]],"type":"Polygon","properties":{"n":"Bothali","c":537442,"d":"Bhandara","s":"MAHARASHTRA"}},{"arcs":[[-1054,-1076,1091,1092,1093,-1077]],"type":"Polygon","properties":{"n":"Khairi (Ghar)","c":537445,"d":"Bhandara","s":"MAHARASHTRA"}},{"arcs":[[-1066,1094,1095,-1088,-1050]],"type":"Polygon","properties":{"n":"Dharmapuri","c":537477,"d":"Bhandara","s":"MAHARASHTRA"}},{"arcs":[[-1065,-1073,-1087,1096,-959,1097,-1095]],"type":"Polygon","properties":{"n":"Borgaon","c":537478,"d":"Bhandara","s":"MAHARASHTRA"}},{"arcs":[[-1070,1098,1099,-1085,-1057]],"type":"Polygon","properties":{"n":"Murmadi","c":537484,"d":"Bhandara","s":"MAHARASHTRA"}},{"arcs":[[-1091,1100,1101,1102,-1092,-1075]],"type":"Polygon","properties":{"n":"Kinhi","c":537444,"d":"Bhandara","s":"MAHARASHTRA"}},{"arcs":[[-1100,1103,-960,-1097,-1086]],"type":"Polygon","properties":{"n":"Manegaon","c":537487,"d":"Bhandara","s":"MAHARASHTRA"}},{"arcs":[[-1090,1104,1105,-1101]],"type":"Polygon","properties":{"n":"Gunjepar","c":537443,"d":"Bhandara","s":"MAHARASHTRA"}},{"arcs":[[1106,-961,-1104,-1099,-1069]],"type":"Polygon","properties":{"n":"Piparwani","c":537485,"d":"Bhandara","s":"MAHARASHTRA"}},{"arcs":[[-1098,-958,1107,1108,-1105,-1089,-1096]],"type":"Polygon","properties":{"n":"Kochchhi","c":537488,"d":"Bhandara","s":"MAHARASHTRA"}},{"arcs":[[-1094,1109,1110,-1078]],"type":"Polygon","properties":{"n":"Ghartoda","c":537447,"d":"Bhandara","s":"MAHARASHTRA"}},{"arcs":[[-1068,-962,-1107]],"type":"Polygon","properties":{"n":"Dahegaon","c":537486,"d":"Bhandara","s":"MAHARASHTRA"}},{"arcs":[[-1103,1111,1112,1113,1114,-1110,-1093]],"type":"Polygon","properties":{"n":"Sarandi Bk.","c":537449,"d":"Bhandara","s":"MAHARASHTRA"}},{"arcs":[[-957,1115,1116,1117,-1108]],"type":"Polygon","properties":{"n":"Dandegaon","c":537489,"d":"Bhandara","s":"MAHARASHTRA"}},{"arcs":[[-1106,-1109,-1118,1118,1119,-1112,-1102]],"type":"Polygon","properties":{"n":"Mandhal","c":537450,"d":"Bhandara","s":"MAHARASHTRA"}},{"arcs":[[-1111,-1115,1120,1121,1122,-1079]],"type":"Polygon","properties":{"n":"Dholsar","c":537448,"d":"Bhandara","s":"MAHARASHTRA"}},{"arcs":[[-1117,1123,1124,1125,1126,1127,1128,-1119]],"type":"Polygon","properties":{"n":"Bhagadi","c":537490,"d":"Bhandara","s":"MAHARASHTRA"}},{"arcs":[[-956,1129,1130,-1124,-1116]],"type":"Polygon","properties":{"n":"Chicholi","c":537491,"d":"Bhandara","s":"MAHARASHTRA"}},{"arcs":[[1131,1132,1133,1134,1135,-1122]],"type":"Polygon","properties":{"n":"Irali Bk.","c":537453,"d":"Bhandara","s":"MAHARASHTRA"}},{"arcs":[[-1121,-1114,1136,1137,1138,-1132]],"type":"Polygon","properties":{"n":"Rajani","c":537452,"d":"Bhandara","s":"MAHARASHTRA"}},{"arcs":[[-954,1139,1140]],"type":"Polygon","properties":{"n":"Silli","c":537493,"d":"Bhandara","s":"MAHARASHTRA"}},{"arcs":[[-1120,-1129,1141,1142,1143,-1137,-1113]],"type":"Polygon","properties":{"n":"Opara","c":537451,"d":"Bhandara","s":"MAHARASHTRA"}},{"arcs":[[1144,1145,-951]],"type":"Polygon","properties":{"n":"Pimpalgaon","c":537498,"d":"Bhandara","s":"MAHARASHTRA"}},{"arcs":[[-955,-1141,1146,-1130]],"type":"Polygon","properties":{"n":"Antargaon (raiyyat Wari)","c":537492,"d":"Bhandara","s":"MAHARASHTRA"}},{"arcs":[[1147,1148,1149,1150,1151,1152,1153,-1133,-1139]],"type":"Polygon","properties":{"n":"Itari","c":537455,"d":"Bhandara","s":"MAHARASHTRA"}},{"arcs":[[-1147,-1140,-953,1154,1155,-1125,-1131]],"type":"Polygon","properties":{"n":"Antergaon Kha.","c":537494,"d":"Bhandara","s":"MAHARASHTRA"}},{"arcs":[[1156,1157,1158,1159,-1155,-952,-1146]],"type":"Polygon","properties":{"n":"Lakhandur","c":537497,"d":"Bhandara","s":"MAHARASHTRA"}},{"arcs":[[-1138,-1144,1160,1161,1162,-1148]],"type":"Polygon","properties":{"n":"Karandala","c":537456,"d":"Bhandara","s":"MAHARASHTRA"}},{"arcs":[[-975]],"type":"Polygon","properties":{"n":"Chichgaon","c":537499,"d":"Bhandara","s":"MAHARASHTRA"}},{"arcs":[[-1128,1163,1164,1165,1166,-1142]],"type":"Polygon","properties":{"n":"Pahungaon","c":537458,"d":"Bhandara","s":"MAHARASHTRA"}},{"arcs":[[-1167,1167,1168,-1161,-1143]],"type":"Polygon","properties":{"n":"Doke Sarandi","c":537457,"d":"Bhandara","s":"MAHARASHTRA"}},{"arcs":[[-1154,1169,-1134]],"type":"Polygon","properties":{"n":"Irali Kh.","c":537454,"d":"Bhandara","s":"MAHARASHTRA"}},{"arcs":[[1170,1171,1172,-1164,-1127]],"type":"Polygon","properties":{"n":"Parsodi","c":537495,"d":"Bhandara","s":"MAHARASHTRA"}},{"arcs":[[-1126,-1156,-1160,1173,-1171]],"type":"Polygon","properties":{"n":"Athali","c":537496,"d":"Bhandara","s":"MAHARASHTRA"}},{"arcs":[[1174,-948,1175]],"type":"Polygon","properties":{"n":"Puyar","c":537500,"d":"Bhandara","s":"MAHARASHTRA"}},{"arcs":[[1176,1177,1178,-1162,-1169]],"type":"Polygon","properties":{"n":"Kirmati","c":537461,"d":"Bhandara","s":"MAHARASHTRA"}},{"arcs":[[-1179,1179,1180,-1149,-1163]],"type":"Polygon","properties":{"n":"Nanded","c":537462,"d":"Bhandara","s":"MAHARASHTRA"}},{"arcs":[[-1159,1181,1182,1183,1184,-1172,-1174]],"type":"Polygon","properties":{"n":"Asola","c":537504,"d":"Bhandara","s":"MAHARASHTRA"}},{"arcs":[[-950,1185,1186,1187,-1157,-1145]],"type":"Polygon","properties":{"n":"Madeghat","c":537502,"d":"Bhandara","s":"MAHARASHTRA"}},{"arcs":[[-1168,-1166,1188,1189,1190,1191,-1177]],"type":"Polygon","properties":{"n":"Rohani","c":537460,"d":"Bhandara","s":"MAHARASHTRA"}},{"arcs":[[-1173,-1185,1192,1193,1194,-1189,-1165]],"type":"Polygon","properties":{"n":"Kudegaon","c":537459,"d":"Bhandara","s":"MAHARASHTRA"}},{"arcs":[[-1175,1195,1196,1197,1198,-1186,-949]],"type":"Polygon","properties":{"n":"Kanhalgaon","c":537501,"d":"Bhandara","s":"MAHARASHTRA"}},{"arcs":[[-1192,1199,1200,-1180,-1178]],"type":"Polygon","properties":{"n":"Donad","c":537463,"d":"Bhandara","s":"MAHARASHTRA"}},{"arcs":[[-1158,-1188,1201,1202,1203,-1182]],"type":"Polygon","properties":{"n":"Kinhala","c":537503,"d":"Bhandara","s":"MAHARASHTRA"}},{"arcs":[[-1199,1204,1205,1206,1207,1208,-1202,-1187]],"type":"Polygon","properties":{"n":"Chapral","c":537509,"d":"Bhandara","s":"MAHARASHTRA"}},{"arcs":[[-1184,1209,1210,1211,-1193]],"type":"Polygon","properties":{"n":"Manded","c":537505,"d":"Bhandara","s":"MAHARASHTRA"}},{"arcs":[[1212,1213,-1210,-1183,-1204]],"type":"Polygon","properties":{"n":"Sawargaon","c":537506,"d":"Bhandara","s":"MAHARASHTRA"}},{"arcs":[[-1203,-1209,1214,1215,1216,-1213]],"type":"Polygon","properties":{"n":"Khairi (Pat)","c":537507,"d":"Bhandara","s":"MAHARASHTRA"}},{"arcs":[[1217,1218,-1200,-1191]],"type":"Polygon","properties":{"n":"Khairna","c":537464,"d":"Bhandara","s":"MAHARASHTRA"}},{"arcs":[[-1195,1219,1220,-1218,-1190]],"type":"Polygon","properties":{"n":"Moharana","c":537465,"d":"Bhandara","s":"MAHARASHTRA"}},{"arcs":[[1221,1222,1223,1224,-1197,1225]],"type":"Polygon","properties":{"n":"Indora","c":537510,"d":"Bhandara","s":"MAHARASHTRA"}},{"arcs":[[-1212,1226,1227,-1220,-1194]],"type":"Polygon","properties":{"n":"Gawarala","c":537466,"d":"Bhandara","s":"MAHARASHTRA"}},{"arcs":[[-1198,-1225,1228,-1205]],"type":"Polygon","properties":{"n":"Mendha","c":537508,"d":"Bhandara","s":"MAHARASHTRA"}},{"arcs":[[-1217,1229,1230,-1227,-1211,-1214]],"type":"Polygon","properties":{"n":"Irali Dambi","c":537517,"d":"Bhandara","s":"MAHARASHTRA"}},{"arcs":[[1231,1232,1233,1234,-1206,-1229,-1224]],"type":"Polygon","properties":{"n":"Soni","c":537513,"d":"Bhandara","s":"MAHARASHTRA"}},{"arcs":[[1235,1236,-1230,-1216]],"type":"Polygon","properties":{"n":"Tembhari","c":537516,"d":"Bhandara","s":"MAHARASHTRA"}},{"arcs":[[1237,1238,-1236,-1215,-1208]],"type":"Polygon","properties":{"n":"Vihirgaon","c":537515,"d":"Bhandara","s":"MAHARASHTRA"}},{"arcs":[[1239,-1232,-1223]],"type":"Polygon","properties":{"n":"Keshori (Raiyyatwari)","c":537512,"d":"Bhandara","s":"MAHARASHTRA"}},{"arcs":[[-1235,1240,-1238,-1207]],"type":"Polygon","properties":{"n":"Awali","c":537514,"d":"Bhandara","s":"MAHARASHTRA"}},{"arcs":[[1241,-1233,-1240,-1222]],"type":"Polygon","properties":{"n":"Keshori Kh.","c":537511,"d":"Bhandara","s":"MAHARASHTRA"}},{"arcs":[[1242,1243]],"type":"Polygon","properties":{"n":"Khurshipar","c":537170,"d":"Bhandara","s":"MAHARASHTRA"}},{"arcs":[[1244,1245]],"type":"Polygon","properties":{"n":"Pauldawana","c":537169,"d":"Bhandara","s":"MAHARASHTRA"}},{"arcs":[[1246,1247,1248,1249,1250,-1243]],"type":"Polygon","properties":{"n":"Kesalwada (pawar)","c":537171,"d":"Bhandara","s":"MAHARASHTRA"}},{"arcs":[[1251,1252,1253,1254,-1250]],"type":"Polygon","properties":{"n":"Parsodi","c":537172,"d":"Bhandara","s":"MAHARASHTRA"}},{"arcs":[[-1254,1255,1256,1257,1258,1259,-1245,1260]],"type":"Polygon","properties":{"n":"Gondsawari","c":537173,"d":"Bhandara","s":"MAHARASHTRA"}},{"arcs":[[1261,1262,1263,-1252,-1249]],"type":"Polygon","properties":{"n":"Sindipar","c":537203,"d":"Bhandara","s":"MAHARASHTRA"}},{"arcs":[[-879,1264,1265,-1262,-1248,1266]],"type":"Polygon","properties":{"n":"Mundipar","c":537204,"d":"Bhandara","s":"MAHARASHTRA"}},{"arcs":[[-338,1267,1268,1269,1270,-141,-343]],"type":"Polygon","properties":{"n":"Chikhalbodi","c":537174,"d":"Bhandara","s":"MAHARASHTRA"}},{"arcs":[[-1259,1271,1272,1273,1274,-1269,1275]],"type":"Polygon","properties":{"n":"Rengepar (kotha)","c":537176,"d":"Bhandara","s":"MAHARASHTRA"}},{"arcs":[[-1264,1276,1277,1278,-1256,-1253]],"type":"Polygon","properties":{"n":"Salebhata","c":537177,"d":"Bhandara","s":"MAHARASHTRA"}},{"arcs":[[-946,1279,1280,-1265]],"type":"Polygon","properties":{"n":"Nilagondi","c":537205,"d":"Bhandara","s":"MAHARASHTRA"}},{"arcs":[[1281,-142,-1271]],"type":"Polygon","properties":{"n":" ","c":0,"d":"Bhandara","s":"MAHARASHTRA"}},{"arcs":[[-1266,-1281,1282,1283,1284,1285,-1277,-1263]],"type":"Polygon","properties":{"n":"Morgaon","c":537206,"d":"Bhandara","s":"MAHARASHTRA"}},{"arcs":[[-1279,1286,1287,1288,-1257]],"type":"Polygon","properties":{"n":"Singori","c":537180,"d":"Bhandara","s":"MAHARASHTRA"}},{"arcs":[[1289,1290,1291,-1272,-1258,-1289]],"type":"Polygon","properties":{"n":"Khedepar","c":537181,"d":"Bhandara","s":"MAHARASHTRA"}},{"arcs":[[-1270,-1275,1292,-143,-1282]],"type":"Polygon","properties":{"n":"Daitmangli","c":537175,"d":"Bhandara","s":"MAHARASHTRA"}},{"arcs":[[-1286,1293,1294,1295,-1287,-1278]],"type":"Polygon","properties":{"n":"Masalmeta","c":537179,"d":"Bhandara","s":"MAHARASHTRA"}},{"arcs":[[1296,-944,1297,1298,-1284]],"type":"Polygon","properties":{"n":"Rajegaon","c":537207,"d":"Bhandara","s":"MAHARASHTRA"}},{"arcs":[[-1274,1299,1300,1301,-494,-491,-144,-1293]],"type":"Polygon","properties":{"n":"Sonekhari","c":537183,"d":"Bhandara","s":"MAHARASHTRA"}},{"arcs":[[1302,-1300,-1273,-1292]],"type":"Polygon","properties":{"n":"Mendha (somalwada)","c":537182,"d":"Bhandara","s":"MAHARASHTRA"}},{"arcs":[[-1285,-1299,1303,1304,-1294]],"type":"Polygon","properties":{"n":"Borgaon","c":537178,"d":"Bhandara","s":"MAHARASHTRA"}},{"arcs":[[-1291,1305,1306,1307,-1301,-1303]],"type":"Polygon","properties":{"n":"Somalwada","c":537185,"d":"Bhandara","s":"MAHARASHTRA"}},{"arcs":[[1308,-941,1309,1310,-1304,-1298,-943]],"type":"Polygon","properties":{"n":"Samewada","c":537208,"d":"Bhandara","s":"MAHARASHTRA"}},{"arcs":[[-1308,1311,1312,-495,-1302]],"type":"Polygon","properties":{"n":"Kinhi (Gadegaon)","c":537184,"d":"Bhandara","s":"MAHARASHTRA"}},{"arcs":[[1313,1314,1315,-1296]],"type":"Polygon","properties":{"n":"Lakhori","c":537187,"d":"Bhandara","s":"MAHARASHTRA"}},{"arcs":[[-1316,1316,1317,-1306,-1290,-1288]],"type":"Polygon","properties":{"n":"Yetewahi","c":537186,"d":"Bhandara","s":"MAHARASHTRA"}},{"arcs":[[-1305,-1311,1318,1319,1320,-1314,-1295]],"type":"Polygon","properties":{"n":"Alesur","c":537188,"d":"Bhandara","s":"MAHARASHTRA"}},{"arcs":[[-1318,1321,1322,1323,-1312,-1307]],"type":"Polygon","properties":{"n":"Sawari","c":537191,"d":"Bhandara","s":"MAHARASHTRA"}},{"arcs":[[-1324,1324,1325,-559,-496,-1313]],"type":"Polygon","properties":{"n":"Gadegaon","c":537192,"d":"Bhandara","s":"MAHARASHTRA"}},{"arcs":[[1326,1327,1328,-939]],"type":"Polygon","properties":{"n":"Khairi","c":537209,"d":"Bhandara","s":"MAHARASHTRA"}},{"arcs":[[-1315,-1321,1329,1330,1331,1332,1333,1334,-1322,-1317]],"type":"Polygon","properties":{"n":"Lakhani","c":537190,"d":"Bhandara","s":"MAHARASHTRA"}},{"arcs":[[1335,1336,-1330,-1320]],"type":"Polygon","properties":{"n":"Manegaon","c":537189,"d":"Bhandara","s":"MAHARASHTRA"}},{"arcs":[[-1310,-940,-1329,1337,-936,1338,1339,-1336,-1319]],"type":"Polygon","properties":{"n":"Pimpalgaon","c":537210,"d":"Bhandara","s":"MAHARASHTRA"}},{"arcs":[[-1335,1340,1341,-1325,-1323]],"type":"Polygon","properties":{"n":"Murmadi (CT)","c":537272,"d":"Bhandara","s":"MAHARASHTRA"}},{"arcs":[[-1342,1342,-592,-632,-580,-577,-557,-1326]],"type":"Polygon","properties":{"n":"Kesalwada (Waghaye)","c":537193,"d":"Bhandara","s":"MAHARASHTRA"}},{"arcs":[[-1341,-1334,1343,1344,-593,-1343]],"type":"Polygon","properties":{"n":"Garada","c":537194,"d":"Bhandara","s":"MAHARASHTRA"}},{"arcs":[[-1340,1345,1346,1347,1348,-1331,-1337]],"type":"Polygon","properties":{"n":"Seloti","c":537197,"d":"Bhandara","s":"MAHARASHTRA"}},{"arcs":[[-935,1349,1350,1351,1352,1353,-1346,-1339]],"type":"Polygon","properties":{"n":"Rengepar (kohali)","c":537211,"d":"Bhandara","s":"MAHARASHTRA"}},{"arcs":[[1354,1355,1356,1357,-1344,-1333]],"type":"Polygon","properties":{"n":"Sipewada","c":537195,"d":"Bhandara","s":"MAHARASHTRA"}},{"arcs":[[1358,-1347,-1354]],"type":"Polygon","properties":{"n":"Mendha (pohara)","c":537198,"d":"Bhandara","s":"MAHARASHTRA"}},{"arcs":[[-1359,-1353,1359,1360,1361,1362,1363,1364,1365,-1348]],"type":"Polygon","properties":{"n":"Pohara","c":537213,"d":"Bhandara","s":"MAHARASHTRA"}},{"arcs":[[-1349,-1366,1366,-1355,-1332]],"type":"Polygon","properties":{"n":"Channa","c":537196,"d":"Bhandara","s":"MAHARASHTRA"}},{"arcs":[[1367,1368,1369,1370,1371,1372,1373,1374,-1351,1375]],"type":"Polygon","properties":{"n":" ","c":0,"d":"Bhandara","s":"MAHARASHTRA"}},{"arcs":[[1376,1377,1378,-672,-594,-1345,-1358]],"type":"Polygon","properties":{"n":" ","c":0,"d":"Bhandara","s":"MAHARASHTRA"}},{"arcs":[[1379,-1360,-1352,-1375]],"type":"Polygon","properties":{"n":"Dhabetekari","c":537217,"d":"Bhandara","s":"MAHARASHTRA"}},{"arcs":[[1380,1381,1382,-1377,-1357]],"type":"Polygon","properties":{"n":"Malkazari","c":537200,"d":"Bhandara","s":"MAHARASHTRA"}},{"arcs":[[-1365,1383,-1381,-1356,-1367]],"type":"Polygon","properties":{"n":"Dhanala","c":537199,"d":"Bhandara","s":"MAHARASHTRA"}},{"arcs":[[1384,1385,1386,-1368,1387,1388]],"type":"Polygon","properties":{"n":"Pardi","c":537218,"d":"Bhandara","s":"MAHARASHTRA"}},{"arcs":[[-1364,1389,1390,1391,-1382,-1384]],"type":"Polygon","properties":{"n":"Pendhari","c":537214,"d":"Bhandara","s":"MAHARASHTRA"}},{"arcs":[[1392,1393,1394,-1362]],"type":"Polygon","properties":{"n":"Gadpendhari","c":537215,"d":"Bhandara","s":"MAHARASHTRA"}},{"arcs":[[-1374,1395,-1393,-1361,-1380]],"type":"Polygon","properties":{"n":"Shivani","c":537216,"d":"Bhandara","s":"MAHARASHTRA"}},{"arcs":[[-1383,-1392,1396,1397,-1378]],"type":"Polygon","properties":{"n":"Purkabodi","c":537201,"d":"Bhandara","s":"MAHARASHTRA"}},{"arcs":[[1398,1399,1400,1401,1402,-1369,-1387]],"type":"Polygon","properties":{"n":"Miregaon","c":537219,"d":"Bhandara","s":"MAHARASHTRA"}},{"arcs":[[-1395,1403,1404,1405,1406,1407,1408,-1390,-1363]],"type":"Polygon","properties":{"n":"Kaneri","c":537224,"d":"Bhandara","s":"MAHARASHTRA"}},{"arcs":[[-1373,1409,1410,-1404,-1394,-1396]],"type":"Polygon","properties":{"n":"Mogara","c":537222,"d":"Bhandara","s":"MAHARASHTRA"}},{"arcs":[[-1398,1411,1412,-673,-1379]],"type":"Polygon","properties":{"n":"Khaurshipar","c":537202,"d":"Bhandara","s":"MAHARASHTRA"}},{"arcs":[[1413,1414,1415,1416,-1410,-1372]],"type":"Polygon","properties":{"n":"Rampuri","c":537220,"d":"Bhandara","s":"MAHARASHTRA"}},{"arcs":[[-1409,1417,1418,1419,1420,1421,1422,1423,1424,1425,1426,-1412,-1397,-1391]],"type":"Polygon","properties":{"n":" ","c":0,"d":"Bhandara","s":"MAHARASHTRA"}},{"arcs":[[-1417,1427,1428,-1405,-1411]],"type":"Polygon","properties":{"n":"Nanhori","c":537221,"d":"Bhandara","s":"MAHARASHTRA"}},{"arcs":[[1429,1430,1431,-1418,-1408]],"type":"Polygon","properties":{"n":"Dongargaon","c":537223,"d":"Bhandara","s":"MAHARASHTRA"}},{"arcs":[[-1403,1432,1433,-1370]],"type":"Polygon","properties":{"n":"Sonmala","c":537229,"d":"Bhandara","s":"MAHARASHTRA"}},{"arcs":[[1434,1435,1436,1437,1438,-1414,-1371,-1434]],"type":"Polygon","properties":{"n":"Dongargaon","c":537228,"d":"Bhandara","s":"MAHARASHTRA"}},{"arcs":[[1439,1440,1441,1442,-1428,-1416]],"type":"Polygon","properties":{"n":"Dighori","c":537225,"d":"Bhandara","s":"MAHARASHTRA"}},{"arcs":[[-1407,1443,1444,1445,1446,-1430]],"type":"Polygon","properties":{"n":"Isapur","c":537240,"d":"Bhandara","s":"MAHARASHTRA"}},{"arcs":[[-1432,1447,1448,1449,1450,1451,1452,1453,-1421,1454,-1419]],"type":"Polygon","properties":{"n":"Mangali","c":537244,"d":"Bhandara","s":"MAHARASHTRA"}},{"arcs":[[-1429,-1443,1455,-1444,-1406]],"type":"Polygon","properties":{"n":"Gondegaon","c":537241,"d":"Bhandara","s":"MAHARASHTRA"}},{"arcs":[[-1439,1456,1457,1458,-1440,-1415]],"type":"Polygon","properties":{"n":"Murmadi (Tup)","c":537227,"d":"Bhandara","s":"MAHARASHTRA"}},{"arcs":[[-1447,1459,1460,-1448,-1431]],"type":"Polygon","properties":{"n":"Kesalwada","c":537239,"d":"Bhandara","s":"MAHARASHTRA"}},{"arcs":[[1461,1462,-1449,-1461]],"type":"Polygon","properties":{"n":"Rengola","c":537238,"d":"Bhandara","s":"MAHARASHTRA"}},{"arcs":[[-1442,1463,1464,1465,1466,-1445,-1456]],"type":"Polygon","properties":{"n":"Gurdha","c":537242,"d":"Bhandara","s":"MAHARASHTRA"}},{"arcs":[[-1459,1467,1468,-1464,-1441]],"type":"Polygon","properties":{"n":"Kanhalgaon","c":537226,"d":"Bhandara","s":"MAHARASHTRA"}},{"arcs":[[-1455,-1420]],"type":"Polygon","properties":{"n":"Alesur","c":537237,"d":"Bhandara","s":"MAHARASHTRA"}},{"arcs":[[1469,1470,1471,1472,-1436]],"type":"Polygon","properties":{"n":"Bhugaon","c":537230,"d":"Bhandara","s":"MAHARASHTRA"}},{"arcs":[[-1467,1473,1474,1475,-1462,-1460,-1446]],"type":"Polygon","properties":{"n":"Macharana","c":537243,"d":"Bhandara","s":"MAHARASHTRA"}},{"arcs":[[-1473,1476,1477,1478,-1437]],"type":"Polygon","properties":{"n":"Mendha","c":537231,"d":"Bhandara","s":"MAHARASHTRA"}},{"arcs":[[1479,1480,1481,1482,-1468,-1458]],"type":"Polygon","properties":{"n":"Kolara","c":537234,"d":"Bhandara","s":"MAHARASHTRA"}},{"arcs":[[-1438,-1479,1483,-1480,-1457]],"type":"Polygon","properties":{"n":"Zarap","c":537232,"d":"Bhandara","s":"MAHARASHTRA"}},{"arcs":[[-1483,1484,1485,1486,-1465,-1469]],"type":"Polygon","properties":{"n":"Nimgaon","c":537250,"d":"Bhandara","s":"MAHARASHTRA"}},{"arcs":[[-1466,-1487,1487,1488,-1474]],"type":"Polygon","properties":{"n":"Jewanala","c":537249,"d":"Bhandara","s":"MAHARASHTRA"}},{"arcs":[[1489,-1422,-1454]],"type":"Polygon","properties":{"n":"Bandrazari","c":537245,"d":"Bhandara","s":"MAHARASHTRA"}},{"arcs":[[-1476,1490,1491,1492,-1450,-1463]],"type":"Polygon","properties":{"n":"Murmadi","c":537247,"d":"Bhandara","s":"MAHARASHTRA"}},{"arcs":[[1493,1494,1495,1496,1497,-1485,-1482]],"type":"Polygon","properties":{"n":"Ghodezari","c":537251,"d":"Bhandara","s":"MAHARASHTRA"}},{"arcs":[[-1484,-1478,1498,1499,1500,1501,-1494,-1481]],"type":"Polygon","properties":{"n":"Kolari","c":537233,"d":"Bhandara","s":"MAHARASHTRA"}},{"arcs":[[-1493,1502,1503,-1451]],"type":"Polygon","properties":{"n":"Murmadi (Hamesha)","c":537248,"d":"Bhandara","s":"MAHARASHTRA"}},{"arcs":[[-1489,1504,1505,-1491,-1475]],"type":"Polygon","properties":{"n":"Kawadsi","c":537253,"d":"Bhandara","s":"MAHARASHTRA"}},{"arcs":[[-1453,1506,1507,1508,1509,-1423,-1490]],"type":"Polygon","properties":{"n":"Saigaon","c":537246,"d":"Bhandara","s":"MAHARASHTRA"}},{"arcs":[[-1486,-1498,1510,1511,-1505,-1488]],"type":"Polygon","properties":{"n":"Khairi","c":537252,"d":"Bhandara","s":"MAHARASHTRA"}},{"arcs":[[-1502,1512,1513,1514,1515,-1495]],"type":"Polygon","properties":{"n":"Kharashi","c":537266,"d":"Bhandara","s":"MAHARASHTRA"}},{"arcs":[[1516,1517,1518,-1499,-1477,-1472,1519]],"type":"Polygon","properties":{"n":"Vihirgaon","c":537235,"d":"Bhandara","s":"MAHARASHTRA"}},{"arcs":[[-1512,1520,1521,1522,1523,-1503,-1492,-1506]],"type":"Polygon","properties":{"n":"Pahadi","c":537254,"d":"Bhandara","s":"MAHARASHTRA"}},{"arcs":[[1524,-981,1525,-1513,-1501]],"type":"Polygon","properties":{"n":"Khunari","c":537267,"d":"Bhandara","s":"MAHARASHTRA"}},{"arcs":[[-1510,1526,-995,-984,1527,1528,-1424]],"type":"Polygon","properties":{"n":"Kotali","c":537257,"d":"Bhandara","s":"MAHARASHTRA"}},{"arcs":[[-1497,1529,1530,-1521,-1511]],"type":"Polygon","properties":{"n":"Mangapur","c":537263,"d":"Bhandara","s":"MAHARASHTRA"}},{"arcs":[[-1504,-1524,1531,1532,-1507,-1452]],"type":"Polygon","properties":{"n":"Sangaon","c":537255,"d":"Bhandara","s":"MAHARASHTRA"}},{"arcs":[[-1519,1533,-982,-1525,-1500]],"type":"Polygon","properties":{"n":"Palasgaon","c":537236,"d":"Bhandara","s":"MAHARASHTRA"}},{"arcs":[[1534,1535,-991,-1527,-1509]],"type":"Polygon","properties":{"n":"Deori (Hemesha)","c":537256,"d":"Bhandara","s":"MAHARASHTRA"}},{"arcs":[[-1533,1536,1537,1538,-1535,-1508]],"type":"Polygon","properties":{"n":"Deori","c":537258,"d":"Bhandara","s":"MAHARASHTRA"}},{"arcs":[[1539,-1515,1540,1541,1542,1543,1544,-1522,-1531]],"type":"Polygon","properties":{"n":"Palandur","c":537265,"d":"Bhandara","s":"MAHARASHTRA"}},{"arcs":[[-1496,-1516,-1540,-1530]],"type":"Polygon","properties":{"n":"Kawale Wada","c":537264,"d":"Bhandara","s":"MAHARASHTRA"}},{"arcs":[[-1545,1545,1546,-1537,-1532,-1523]],"type":"Polygon","properties":{"n":"Gondi","c":537262,"d":"Bhandara","s":"MAHARASHTRA"}},{"arcs":[[-980,1547,1548,-1541,-1514,-1526]],"type":"Polygon","properties":{"n":"Lohara","c":537268,"d":"Bhandara","s":"MAHARASHTRA"}},{"arcs":[[1549,-1538]],"type":"Polygon","properties":{"n":"Rajoli","c":537261,"d":"Bhandara","s":"MAHARASHTRA"}},{"arcs":[[-1550,-1547,1550,1551,-1009,-992,-1536,-1539]],"type":"Polygon","properties":{"n":" ","c":0,"d":"Bhandara","s":"MAHARASHTRA"}},{"arcs":[[-1544,1552,-1005,1553,-1551,-1546]],"type":"Polygon","properties":{"n":"Dhwarkheda","c":537260,"d":"Bhandara","s":"MAHARASHTRA"}},{"arcs":[[1554,-1020,1555,-1542,-1549]],"type":"Polygon","properties":{"n":"Pathari","c":537270,"d":"Bhandara","s":"MAHARASHTRA"}},{"arcs":[[-1554,-1004,-1026,-1006,-1552]],"type":"Polygon","properties":{"n":"Wakal","c":537259,"d":"Bhandara","s":"MAHARASHTRA"}},{"arcs":[[-1556,-1019,-1035,-1039,-1002,-1553,-1543]],"type":"Polygon","properties":{"n":"Marhegaon","c":537271,"d":"Bhandara","s":"MAHARASHTRA"}},{"arcs":[[-979,-1012,-1013,-1555,-1548]],"type":"Polygon","properties":{"n":"Narva","c":537269,"d":"Bhandara","s":"MAHARASHTRA"}},{"arcs":[[1556,1557,1558,-776,-752,1559]],"type":"Polygon","properties":{"n":"Tadgaon","c":536801,"d":"Bhandara","s":"MAHARASHTRA"}},{"arcs":[[-773,1560,1561,1562]],"type":"Polygon","properties":{"n":"Deulgaon","c":536799,"d":"Bhandara","s":"MAHARASHTRA"}},{"arcs":[[1563,1564,1565,1566]],"type":"Polygon","properties":{"n":"Futara","c":536797,"d":"Bhandara","s":"MAHARASHTRA"}},{"arcs":[[-782,1567,1568,-1557,1569]],"type":"Polygon","properties":{"n":"Sihari","c":536802,"d":"Bhandara","s":"MAHARASHTRA"}},{"arcs":[[1570,1571,1572,1573,1574]],"type":"Polygon","properties":{"n":"Hivra","c":536795,"d":"Bhandara","s":"MAHARASHTRA"}},{"arcs":[[-807,1575,1576,-780,-762]],"type":"Polygon","properties":{"n":"Takala","c":536824,"d":"Bhandara","s":"MAHARASHTRA"}},{"arcs":[[-1562,1577,1578,-1564,1579]],"type":"Polygon","properties":{"n":"Bothali","c":536798,"d":"Bhandara","s":"MAHARASHTRA"}},{"arcs":[[-772,1580,1581,-1578,-1561]],"type":"Polygon","properties":{"n":"Bitekhari","c":536800,"d":"Bhandara","s":"MAHARASHTRA"}},{"arcs":[[-1577,1582,1583,1584,1585,-1568,-781]],"type":"Polygon","properties":{"n":"Usara","c":536825,"d":"Bhandara","s":"MAHARASHTRA"}},{"arcs":[[-1566,1586,1587,-1571,1588]],"type":"Polygon","properties":{"n":"Bacchera","c":536796,"d":"Bhandara","s":"MAHARASHTRA"}},{"arcs":[[-1574,1589,1590]],"type":"Polygon","properties":{"n":"Navegaon","c":536794,"d":"Bhandara","s":"MAHARASHTRA"}},{"arcs":[[-1586,1591,1592,1593,1594,-1558,-1569]],"type":"Polygon","properties":{"n":"Salai Kh.","c":536803,"d":"Bhandara","s":"MAHARASHTRA"}},{"arcs":[[-1559,-1595,1595,1596,1597,1598,-777]],"type":"Polygon","properties":{"n":"Dhop","c":536806,"d":"Bhandara","s":"MAHARASHTRA"}},{"arcs":[[-1599,1599,1600,1601,-1581,-771,-778]],"type":"Polygon","properties":{"n":"Jamb","c":536807,"d":"Bhandara","s":"MAHARASHTRA"}},{"arcs":[[-1579,-1582,-1602,1602,1603,1604,1605,-1587,-1565]],"type":"Polygon","properties":{"n":"Kandri","c":536808,"d":"Bhandara","s":"MAHARASHTRA"}},{"arcs":[[-829,1606,1607,-1583,-1576,-806]],"type":"Polygon","properties":{"n":"Kate Bamhani","c":536826,"d":"Bhandara","s":"MAHARASHTRA"}},{"arcs":[[-1585,1608,1609,1610,1611,1612,-1592]],"type":"Polygon","properties":{"n":"Tanga","c":536828,"d":"Bhandara","s":"MAHARASHTRA"}},{"arcs":[[-1596,-1594,1613,1614,1615]],"type":"Polygon","properties":{"n":"Nerla","c":536805,"d":"Bhandara","s":"MAHARASHTRA"}},{"arcs":[[1616,1617,-1609,-1584,-1608]],"type":"Polygon","properties":{"n":"Salai Bk","c":536827,"d":"Bhandara","s":"MAHARASHTRA"}},{"arcs":[[-1598,1618,1619,1620,-1600]],"type":"Polygon","properties":{"n":"Sakarla","c":536815,"d":"Bhandara","s":"MAHARASHTRA"}},{"arcs":[[1621,1622,1623,-1605]],"type":"Polygon","properties":{"n":"Bondri","c":536810,"d":"Bhandara","s":"MAHARASHTRA"}},{"arcs":[[-1597,-1616,1624,1625,-1619]],"type":"Polygon","properties":{"n":"Malida","c":536816,"d":"Bhandara","s":"MAHARASHTRA"}},{"arcs":[[-1624,1626,1627,-1572,-1588,-1606]],"type":"Polygon","properties":{"n":" ","c":0,"d":"Bhandara","s":"MAHARASHTRA"}},{"arcs":[[-1613,1628,1629,1630,-1614,-1593]],"type":"Polygon","properties":{"n":"Paldongari","c":536804,"d":"Bhandara","s":"MAHARASHTRA"}},{"arcs":[[-1621,1631,1632,1633,1634,-1603,-1601]],"type":"Polygon","properties":{"n":"Khairlanji","c":536813,"d":"Bhandara","s":"MAHARASHTRA"}},{"arcs":[[1635,1636,1637,-1610,-1618]],"type":"Polygon","properties":{"n":"Vihirgaon","c":536829,"d":"Bhandara","s":"MAHARASHTRA"}},{"arcs":[[-1615,-1631,1638,1639,1640,-1625]],"type":"Polygon","properties":{"n":"Andhalgaon","c":536817,"d":"Bhandara","s":"MAHARASHTRA"}},{"arcs":[[1641,1642,-1627,-1623]],"type":"Polygon","properties":{"n":"Ghorpad","c":536811,"d":"Bhandara","s":"MAHARASHTRA"}},{"arcs":[[-1626,-1641,1643,1644,-1632,-1620]],"type":"Polygon","properties":{"n":"Chicholi","c":536819,"d":"Bhandara","s":"MAHARASHTRA"}},{"arcs":[[-1638,1645,1646,1647,-1611]],"type":"Polygon","properties":{"n":"Bhikarkheda","c":536830,"d":"Bhandara","s":"MAHARASHTRA"}},{"arcs":[[-1635,1648,1649,1650,-1642,-1622,-1604]],"type":"Polygon","properties":{"n":"Dhusala","c":536812,"d":"Bhandara","s":"MAHARASHTRA"}},{"arcs":[[-1648,1651,1652,1653,1654,-1629,-1612]],"type":"Polygon","properties":{"n":"Dongargaon","c":536832,"d":"Bhandara","s":"MAHARASHTRA"}},{"arcs":[[1655,1656,-1649,-1634]],"type":"Polygon","properties":{"n":"Navegaon","c":536814,"d":"Bhandara","s":"MAHARASHTRA"}},{"arcs":[[1657,1658,1659]],"type":"Polygon","properties":{"n":"Dewhada Kh.","c":536874,"d":"Bhandara","s":"MAHARASHTRA"}},{"arcs":[[-1633,-1645,1660,1661,1662,1663,-1656]],"type":"Polygon","properties":{"n":"Siwani","c":536820,"d":"Bhandara","s":"MAHARASHTRA"}},{"arcs":[[-1630,-1655,1664,1665,1666,1667,-1639]],"type":"Polygon","properties":{"n":"Pimpalgaon","c":536833,"d":"Bhandara","s":"MAHARASHTRA"}},{"arcs":[[-1644,-1640,-1668,1668,1669,-1661]],"type":"Polygon","properties":{"n":"Akola","c":536818,"d":"Bhandara","s":"MAHARASHTRA"}},{"arcs":[[1670,1671,-1652,-1647]],"type":"Polygon","properties":{"n":"Dharmapuri","c":536831,"d":"Bhandara","s":"MAHARASHTRA"}},{"arcs":[[1672,1673,1674,1675,1676,1677,-1658]],"type":"Polygon","properties":{"n":"Narsinhatola","c":536875,"d":"Bhandara","s":"MAHARASHTRA"}},{"arcs":[[1678,1679,1680,-1650,-1657,-1664]],"type":"Polygon","properties":{"n":"Kati","c":536822,"d":"Bhandara","s":"MAHARASHTRA"}},{"arcs":[[1681,1682,1683,-1677]],"type":"Polygon","properties":{"n":"Dewhada Bk","c":536876,"d":"Bhandara","s":"MAHARASHTRA"}},{"arcs":[[1684,1685,1686,-1662,-1670]],"type":"Polygon","properties":{"n":"Wadegaon","c":536845,"d":"Bhandara","s":"MAHARASHTRA"}},{"arcs":[[-1663,-1687,1687,1688,-1679]],"type":"Polygon","properties":{"n":"Salebardi","c":536821,"d":"Bhandara","s":"MAHARASHTRA"}},{"arcs":[[-1667,1689,1690,-1685,-1669]],"type":"Polygon","properties":{"n":"Sirsoli","c":536844,"d":"Bhandara","s":"MAHARASHTRA"}},{"arcs":[[1691,1692,1693,1694,-1653,-1672]],"type":"Polygon","properties":{"n":"Wadegaon","c":536835,"d":"Bhandara","s":"MAHARASHTRA"}},{"arcs":[[-1695,1695,1696,1697,-1665,-1654]],"type":"Polygon","properties":{"n":"Mahalgaon","c":536834,"d":"Bhandara","s":"MAHARASHTRA"}},{"arcs":[[1698,1699,-1674,1700]],"type":"Polygon","properties":{"n":"Jambhalapani","c":536878,"d":"Bhandara","s":"MAHARASHTRA"}},{"arcs":[[-1698,1701,1702,1703,1704,1705,-1690,-1666]],"type":"Polygon","properties":{"n":"Kanhadgaon","c":536843,"d":"Bhandara","s":"MAHARASHTRA"}},{"arcs":[[1706,1707,1708,1709,1710,1711,-1693,1712]],"type":"Polygon","properties":{"n":"Kushari","c":536836,"d":"Bhandara","s":"MAHARASHTRA"}},{"arcs":[[-1689,1713,1714,1715,-1680]],"type":"Polygon","properties":{"n":"Pandharabodi","c":536823,"d":"Bhandara","s":"MAHARASHTRA"}},{"arcs":[[-1676,1716,1717,1718,1719,-1682]],"type":"Polygon","properties":{"n":"Nilaj Bk","c":536877,"d":"Bhandara","s":"MAHARASHTRA"}},{"arcs":[[-1675,-1700,1720,1721,1722,-1717]],"type":"Polygon","properties":{"n":"Mohgaon (Nilaj)","c":536880,"d":"Bhandara","s":"MAHARASHTRA"}},{"arcs":[[-1686,-1691,-1706,1723,1724,1725,1726,-1714,-1688]],"type":"Polygon","properties":{"n":"Hardoli","c":536846,"d":"Bhandara","s":"MAHARASHTRA"}},{"arcs":[[1727,1728,1729,-1721,-1699]],"type":"Polygon","properties":{"n":"Navegaon Bk.","c":536879,"d":"Bhandara","s":"MAHARASHTRA"}},{"arcs":[[-1694,-1712,1730,1731,-1696]],"type":"Polygon","properties":{"n":"Mohadi","c":536839,"d":"Bhandara","s":"MAHARASHTRA"}},{"arcs":[[-1732,1732,1733,1734,-1702,-1697]],"type":"Polygon","properties":{"n":"Morgaon","c":536842,"d":"Bhandara","s":"MAHARASHTRA"}},{"arcs":[[-1735,1735,1736,1737,1738,-1703]],"type":"Polygon","properties":{"n":"Chichkheda","c":536850,"d":"Bhandara","s":"MAHARASHTRA"}},{"arcs":[[1739,1740,1741,1742,1743,1744,-1709,1745]],"type":"Polygon","properties":{"n":"Roha","c":536837,"d":"Bhandara","s":"MAHARASHTRA"}},{"arcs":[[-1705,1746,1747,1748,1749,1750,1751,-1724]],"type":"Polygon","properties":{"n":"Mandesar","c":536849,"d":"Bhandara","s":"MAHARASHTRA"}},{"arcs":[[-1711,1752,1753,1754,-1733,-1731]],"type":"Polygon","properties":{"n":"Kalamna","c":536840,"d":"Bhandara","s":"MAHARASHTRA"}},{"arcs":[[-1727,1755,1756,-1715]],"type":"Polygon","properties":{"n":"Sitepar","c":536847,"d":"Bhandara","s":"MAHARASHTRA"}},{"arcs":[[1757,1758,1759,1760,-1718,-1723]],"type":"Polygon","properties":{"n":"Nilaj Kh","c":536881,"d":"Bhandara","s":"MAHARASHTRA"}},{"arcs":[[1761,1762,-1758,-1722,-1730]],"type":"Polygon","properties":{"n":"Usaripar","c":536882,"d":"Bhandara","s":"MAHARASHTRA"}},{"arcs":[[-1704,-1739,1763,1764,-1747]],"type":"Polygon","properties":{"n":"Rampur","c":536851,"d":"Bhandara","s":"MAHARASHTRA"}},{"arcs":[[-1755,1765,1766,1767,-1736,-1734]],"type":"Polygon","properties":{"n":"Pardi","c":536841,"d":"Bhandara","s":"MAHARASHTRA"}},{"arcs":[[-1725,-1752,1768,1769,1770]],"type":"Polygon","properties":{"n":"Khut Sawari","c":536848,"d":"Bhandara","s":"MAHARASHTRA"}},{"arcs":[[-1745,1771,1772,-1753,-1710]],"type":"Polygon","properties":{"n":"Yeklara","c":536838,"d":"Bhandara","s":"MAHARASHTRA"}},{"arcs":[[1773,1774,1775,-1760]],"type":"Polygon","properties":{"n":"Mundhari Kh","c":536885,"d":"Bhandara","s":"MAHARASHTRA"}},{"arcs":[[1776,-1762,-1729,1777]],"type":"Polygon","properties":{"n":"Dawadipar (kardi)","c":536883,"d":"Bhandara","s":"MAHARASHTRA"}},{"arcs":[[-1771,1778,1779,-1756,-1726]],"type":"Polygon","properties":{"n":"Chorkhamari","c":536861,"d":"Bhandara","s":"MAHARASHTRA"}},{"arcs":[[-1773,1780,1781,-1766,-1754]],"type":"Polygon","properties":{"n":"Dahegaon","c":536853,"d":"Bhandara","s":"MAHARASHTRA"}},{"arcs":[[-1777,1782,1783,1784,1785,1786,1787,-1774,-1759,-1763]],"type":"Polygon","properties":{"n":"Kardi","c":536884,"d":"Bhandara","s":"MAHARASHTRA"}},{"arcs":[[-1788,1788,1789,-1741,1790,1791,-1775]],"type":"Polygon","properties":{"n":"Mundhari Bk","c":536886,"d":"Bhandara","s":"MAHARASHTRA"}},{"arcs":[[1792,-120,-116,1793,1794,-1781,-1772,-1744]],"type":"Polygon","properties":{"n":"Rohna","c":536856,"d":"Bhandara","s":"MAHARASHTRA"}},{"arcs":[[-1738,1795,1796,1797,-1764]],"type":"Polygon","properties":{"n":"Boteshwar","c":536859,"d":"Bhandara","s":"MAHARASHTRA"}},{"arcs":[[-1768,1798,1799,-1796,-1737]],"type":"Polygon","properties":{"n":"Khodgaon","c":536852,"d":"Bhandara","s":"MAHARASHTRA"}},{"arcs":[[-1751,1800,1801,1802,-1769]],"type":"Polygon","properties":{"n":"Pimpalgaon","c":536860,"d":"Bhandara","s":"MAHARASHTRA"}},{"arcs":[[-1743,1803,1804,1805,-121,-1793]],"type":"Polygon","properties":{"n":"Betala","c":536855,"d":"Bhandara","s":"MAHARASHTRA"}},{"arcs":[[-1770,-1803,1806,1807,1808,1809,-1779]],"type":"Polygon","properties":{"n":"Khamari Bk","c":536862,"d":"Bhandara","s":"MAHARASHTRA"}},{"arcs":[[-1790,1810,-1804,-1742]],"type":"Polygon","properties":{"n":"Ghatkuroda","c":536854,"d":"Bhandara","s":"MAHARASHTRA"}},{"arcs":[[-1795,1811,1812,1813,1814,-1799,-1767,-1782]],"type":"Polygon","properties":{"n":"Mohagaon (Devi)","c":536857,"d":"Bhandara","s":"MAHARASHTRA"}},{"arcs":[[1815,1816,1817,-1801,-1750,1818,-1748,-1765,-1798]],"type":"Polygon","properties":{"n":"Pachgaon","c":536866,"d":"Bhandara","s":"MAHARASHTRA"}},{"arcs":[[-1800,-1815,1819,-1816,-1797]],"type":"Polygon","properties":{"n":"Dokepar","c":536858,"d":"Bhandara","s":"MAHARASHTRA"}},{"arcs":[[1820,1821,1822,-1809]],"type":"Polygon","properties":{"n":"Takali","c":536863,"d":"Bhandara","s":"MAHARASHTRA"}},{"arcs":[[-1819,-1749]],"type":"Polygon","properties":{"n":" ","c":0,"d":"Bhandara","s":"MAHARASHTRA"}},{"arcs":[[-1787,1823,1824,1825,1826,-1805,-1811,-1789]],"type":"Polygon","properties":{"n":"Kanhalgaon (Khadki)","c":536887,"d":"Bhandara","s":"MAHARASHTRA"}},{"arcs":[[1827,1828,1829,-1821,-1808]],"type":"Polygon","properties":{"n":"Bhosa","c":536864,"d":"Bhandara","s":"MAHARASHTRA"}},{"arcs":[[-1802,-1818,1830,1831,1832,1833,-1828,-1807]],"type":"Polygon","properties":{"n":"Neri","c":536865,"d":"Bhandara","s":"MAHARASHTRA"}},{"arcs":[[1834,1835,-1784,1836]],"type":"Polygon","properties":{"n":"Kisanpur","c":536890,"d":"Bhandara","s":"MAHARASHTRA"}},{"arcs":[[1837,1838,-1824,-1786]],"type":"Polygon","properties":{"n":"Bori","c":536888,"d":"Bhandara","s":"MAHARASHTRA"}},{"arcs":[[-1794,-115,1839,-1812]],"type":"Polygon","properties":{"n":"Bothali","c":536867,"d":"Bhandara","s":"MAHARASHTRA"}},{"arcs":[[1840,1841,1842,1843,-1838,-1785,-1836]],"type":"Polygon","properties":{"n":"Jambhora","c":536889,"d":"Bhandara","s":"MAHARASHTRA"}},{"arcs":[[-1844,1844,1845,-1825,-1839]],"type":"Polygon","properties":{"n":"Panjara (Bori)","c":536895,"d":"Bhandara","s":"MAHARASHTRA"}},{"arcs":[[1846,1847,1848,-1841,-1835]],"type":"Polygon","properties":{"n":"Lendezari (Jambhora)","c":536891,"d":"Bhandara","s":"MAHARASHTRA"}},{"arcs":[[-1846,1849,1850,1851,1852,-1826]],"type":"Polygon","properties":{"n":"Borgaon(mundhari)","c":536896,"d":"Bhandara","s":"MAHARASHTRA"}},{"arcs":[[-1853,1853,-167,-172,-117,-1806,-1827]],"type":"Polygon","properties":{"n":"Dhiwarwada","c":536897,"d":"Bhandara","s":"MAHARASHTRA"}},{"arcs":[[-1843,1854,1855,1856,-202,1857,-1850,-1845]],"type":"Polygon","properties":{"n":"Palora (Jambhora)","c":536894,"d":"Bhandara","s":"MAHARASHTRA"}},{"arcs":[[1858,1859,-257,-203,-1857,1860,1861,-1848,1862]],"type":"Polygon","properties":{"n":" ","c":0,"d":"Bhandara","s":"MAHARASHTRA"}},{"arcs":[[-1842,-1849,-1862,1863,-1855]],"type":"Polygon","properties":{"n":"Yelkazari","c":536892,"d":"Bhandara","s":"MAHARASHTRA"}},{"arcs":[[-1814,1864,-131,-175,-186,1865,-1820]],"type":"Polygon","properties":{"n":"Warthi (CT)","c":536901,"d":"Bhandara","s":"MAHARASHTRA"}},{"arcs":[[-1830,1866,-190,-201,1867,-1822]],"type":"Polygon","properties":{"n":"Pahuni","c":536873,"d":"Bhandara","s":"MAHARASHTRA"}},{"arcs":[[-114,-128,-194,-132,-1865,-1813,-1840]],"type":"Polygon","properties":{"n":"Panjara","c":536868,"d":"Bhandara","s":"MAHARASHTRA"}},{"arcs":[[-1861,-1856,-1864]],"type":"Polygon","properties":{"n":"Kesalwada (Jambhora)","c":536893,"d":"Bhandara","s":"MAHARASHTRA"}},{"arcs":[[-1834,1868,-191,-1867,-1829]],"type":"Polygon","properties":{"n":"Mehuni","c":536872,"d":"Bhandara","s":"MAHARASHTRA"}},{"arcs":[[-1866,-185,-197,1869,-1831,-1817]],"type":"Polygon","properties":{"n":"Ekalari","c":536869,"d":"Bhandara","s":"MAHARASHTRA"}},{"arcs":[[-1858,-207,1870,1871,-1851]],"type":"Polygon","properties":{"n":"Khadki","c":536899,"d":"Bhandara","s":"MAHARASHTRA"}},{"arcs":[[-1852,-1872,1872,-221,-133,-1854]],"type":"Polygon","properties":{"n":"Dongardeo","c":536898,"d":"Bhandara","s":"MAHARASHTRA"}},{"arcs":[[-196,-215,-248,-243,1873,-1832,-1870]],"type":"Polygon","properties":{"n":"Bidsitepar","c":536870,"d":"Bhandara","s":"MAHARASHTRA"}},{"arcs":[[-1874,-242,-229,-187,-1869,-1833]],"type":"Polygon","properties":{"n":"Satona","c":536871,"d":"Bhandara","s":"MAHARASHTRA"}},{"arcs":[[-206,-238,-218,-1873,-1871]],"type":"Polygon","properties":{"n":"Bonde","c":536900,"d":"Bhandara","s":"MAHARASHTRA"}},{"arcs":[[1874,1875,-666,-659]],"type":"Polygon","properties":{"n":"Bhikarminsi","c":537277,"d":"Bhandara","s":"MAHARASHTRA"}},{"arcs":[[-665,-599,1876,1877,1878,-1875,-658]],"type":"Polygon","properties":{"n":"Minsi","c":537278,"d":"Bhandara","s":"MAHARASHTRA"}},{"arcs":[[1879,1880,-597]],"type":"Polygon","properties":{"n":"Segaon","c":537280,"d":"Bhandara","s":"MAHARASHTRA"}},{"arcs":[[-1413,-1427,1881,1882,1883,1884,1885,1886,1887,-1880,-596,-674]],"type":"Polygon","properties":{"n":" ","c":0,"d":"Bhandara","s":"MAHARASHTRA"}},{"arcs":[[-1881,-1888,1888,1889,1890,1891,1892,-1877,-598]],"type":"Polygon","properties":{"n":"Tirri","c":537279,"d":"Bhandara","s":"MAHARASHTRA"}},{"arcs":[[-1879,1893,-667,-1876]],"type":"Polygon","properties":{"n":"Pannasi","c":537276,"d":"Bhandara","s":"MAHARASHTRA"}},{"arcs":[[-1878,-1893,1894,1895,-675,-668,-1894]],"type":"Polygon","properties":{"n":"Kalewada","c":537275,"d":"Bhandara","s":"MAHARASHTRA"}},{"arcs":[[1896,1897,1898,-678,-3,-7]],"type":"Polygon","properties":{"n":"Sawargaon (Nerala)","c":537273,"d":"Bhandara","s":"MAHARASHTRA"}},{"arcs":[[-1887,1899,-1889]],"type":"Polygon","properties":{"n":"Rengepar (Tirri)","c":537281,"d":"Bhandara","s":"MAHARASHTRA"}},{"arcs":[[1900,1901,1902,-1897,-6,-677]],"type":"Polygon","properties":{"n":"Nerala","c":537274,"d":"Bhandara","s":"MAHARASHTRA"}},{"arcs":[[1903,1904,1905,-1895,-1892]],"type":"Polygon","properties":{"n":"Kamkazari","c":537284,"d":"Bhandara","s":"MAHARASHTRA"}},{"arcs":[[1906,-1885,1907,1908,1909,-1904,-1891]],"type":"Polygon","properties":{"n":"Khairi (Tirri)","c":537283,"d":"Bhandara","s":"MAHARASHTRA"}},{"arcs":[[-1900,-1886,-1907,-1890]],"type":"Polygon","properties":{"n":"Tambekhani","c":537282,"d":"Bhandara","s":"MAHARASHTRA"}},{"arcs":[[-1906,1910,1911,1912,1913,1914,1915,1916,-1901,-676,-1896]],"type":"Polygon","properties":{"n":"Adyal","c":537285,"d":"Bhandara","s":"MAHARASHTRA"}},{"arcs":[[1917,1918,1919,-1898,-1903]],"type":"Polygon","properties":{"n":"Saundal","c":537287,"d":"Bhandara","s":"MAHARASHTRA"}},{"arcs":[[-1910,1920,1921,-1911,-1905]],"type":"Polygon","properties":{"n":"Salewada","c":537301,"d":"Bhandara","s":"MAHARASHTRA"}},{"arcs":[[-1884,1922,1923,-1908]],"type":"Polygon","properties":{"n":"Bhivkhidki","c":537303,"d":"Bhandara","s":"MAHARASHTRA"}},{"arcs":[[-1909,-1924,1924,1925,1926,-1921]],"type":"Polygon","properties":{"n":"Kesalapuri","c":537305,"d":"Bhandara","s":"MAHARASHTRA"}},{"arcs":[[-1917,1927,1928,-1918,-1902]],"type":"Polygon","properties":{"n":"Surbodi","c":537286,"d":"Bhandara","s":"MAHARASHTRA"}},{"arcs":[[-1883,1929,1930,-1925,-1923]],"type":"Polygon","properties":{"n":"Telpendhari","c":537304,"d":"Bhandara","s":"MAHARASHTRA"}},{"arcs":[[1931,1932,-1912,-1922,-1927]],"type":"Polygon","properties":{"n":"Chikhali (Adyal)","c":537300,"d":"Bhandara","s":"MAHARASHTRA"}},{"arcs":[[-1426,1933,1934,1935,1936,1937,-1930,-1882]],"type":"Polygon","properties":{"n":"Katurli","c":537309,"d":"Bhandara","s":"MAHARASHTRA"}},{"arcs":[[-1938,1938,-1932,-1926,-1931]],"type":"Polygon","properties":{"n":"Kesalwada (Chikhali)","c":537302,"d":"Bhandara","s":"MAHARASHTRA"}},{"arcs":[[1939,1940,1941,-1919]],"type":"Polygon","properties":{"n":"Khapari (Saundad)","c":537288,"d":"Bhandara","s":"MAHARASHTRA"}},{"arcs":[[-1929,1942,1943,1944,1945,-1940]],"type":"Polygon","properties":{"n":"Chichal","c":537295,"d":"Bhandara","s":"MAHARASHTRA"}},{"arcs":[[-1916,1946,1947,-1943,-1928]],"type":"Polygon","properties":{"n":"Chakara","c":537296,"d":"Bhandara","s":"MAHARASHTRA"}},{"arcs":[[-1529,1948,1949,1950,-1934,-1425]],"type":"Polygon","properties":{"n":"Pilandri","c":537310,"d":"Bhandara","s":"MAHARASHTRA"}},{"arcs":[[-1946,1951,1952,1953,-1941]],"type":"Polygon","properties":{"n":"Pathari (Chichal)","c":537289,"d":"Bhandara","s":"MAHARASHTRA"}},{"arcs":[[-1937,1954,1955,-1913,-1933,-1939]],"type":"Polygon","properties":{"n":"Umari (Adyal)","c":537306,"d":"Bhandara","s":"MAHARASHTRA"}},{"arcs":[[1956,1957,1958,1959,-1947,-1915]],"type":"Polygon","properties":{"n":"Nevegaon Alias Palepar","c":537298,"d":"Bhandara","s":"MAHARASHTRA"}},{"arcs":[[-1956,1960,1961,-1957,-1914]],"type":"Polygon","properties":{"n":"Sonegaon (Virli)","c":537299,"d":"Bhandara","s":"MAHARASHTRA"}},{"arcs":[[-1960,1962,-1944,-1948]],"type":"Polygon","properties":{"n":"Chichbodi","c":537297,"d":"Bhandara","s":"MAHARASHTRA"}},{"arcs":[[-1528,-990,1963,1964,-1949]],"type":"Polygon","properties":{"n":" ","c":0,"d":"Bhandara","s":"MAHARASHTRA"}},{"arcs":[[-1951,1965,1966,1967,-1935]],"type":"Polygon","properties":{"n":"Somanala Kh.","c":537308,"d":"Bhandara","s":"MAHARASHTRA"}},{"arcs":[[-1936,-1968,1968,1969,-1961,-1955]],"type":"Polygon","properties":{"n":"Virali (Khandar)","c":537307,"d":"Bhandara","s":"MAHARASHTRA"}},{"arcs":[[1970,1971,1972,-1953]],"type":"Polygon","properties":{"n":"Pendhari","c":537290,"d":"Bhandara","s":"MAHARASHTRA"}},{"arcs":[[-1965,1973,-1000,1974,1975,-1966,-1950]],"type":"Polygon","properties":{"n":"Khambadi","c":537317,"d":"Bhandara","s":"MAHARASHTRA"}},{"arcs":[[1976,1977,1978,-1972]],"type":"Polygon","properties":{"n":"Malchi","c":537291,"d":"Bhandara","s":"MAHARASHTRA"}},{"arcs":[[-1959,1979,1980,1981,1982,1983,-1945,-1963]],"type":"Polygon","properties":{"n":"Akot","c":537312,"d":"Bhandara","s":"MAHARASHTRA"}},{"arcs":[[-989,-1001,-1974,-1964]],"type":"Polygon","properties":{"n":"Kodurli","c":537318,"d":"Bhandara","s":"MAHARASHTRA"}},{"arcs":[[-1970,1984,1985,1986,1987,1988,1989,-1982,1990,-1980,-1958,-1962]],"type":"Polygon","properties":{"n":"Kosara","c":537314,"d":"Bhandara","s":"MAHARASHTRA"}},{"arcs":[[1991,1992,1993,-1978]],"type":"Polygon","properties":{"n":"Mendha","c":537294,"d":"Bhandara","s":"MAHARASHTRA"}},{"arcs":[[-1967,-1976,1994,1995,1996,1997,-1985,-1969]],"type":"Polygon","properties":{"n":"Pimpalgaon (Nipani)","c":537316,"d":"Bhandara","s":"MAHARASHTRA"}},{"arcs":[[-1977,-1971,-1952,-1984,1998,1999,-1992]],"type":"Polygon","properties":{"n":"Gose Bk.","c":537292,"d":"Bhandara","s":"MAHARASHTRA"}},{"arcs":[[-999,2000,2001,-1995,-1975]],"type":"Polygon","properties":{"n":"Borgaon (Khambadi)","c":537319,"d":"Bhandara","s":"MAHARASHTRA"}},{"arcs":[[-1998,2002,2003,2004,-1986]],"type":"Polygon","properties":{"n":"Somanala Bk.","c":537315,"d":"Bhandara","s":"MAHARASHTRA"}},{"arcs":[[-1991,-1981]],"type":"Polygon","properties":{"n":"Nirgudi","c":537313,"d":"Bhandara","s":"MAHARASHTRA"}},{"arcs":[[-1983,-1990,2005,2006,2007,-1999]],"type":"Polygon","properties":{"n":"Wasela","c":537311,"d":"Bhandara","s":"MAHARASHTRA"}},{"arcs":[[2008,2009,2010,2011,2012,-2003,-1997]],"type":"Polygon","properties":{"n":"Bhawad","c":537322,"d":"Bhandara","s":"MAHARASHTRA"}},{"arcs":[[-2005,2013,2014,2015,-1987]],"type":"Polygon","properties":{"n":"Kondha","c":537324,"d":"Bhandara","s":"MAHARASHTRA"}},{"arcs":[[-2002,2016,-2009,-1996]],"type":"Polygon","properties":{"n":"Fanoli","c":537321,"d":"Bhandara","s":"MAHARASHTRA"}},{"arcs":[[-2000,-2008,2017,2018,-1993]],"type":"Polygon","properties":{"n":"Gose Kh.","c":537293,"d":"Bhandara","s":"MAHARASHTRA"}},{"arcs":[[-1043,2019,2020,2021,-2010,-2017,-2001,-998]],"type":"Polygon","properties":{"n":"Atri","c":537320,"d":"Bhandara","s":"MAHARASHTRA"}},{"arcs":[[-2013,2022,2023,-2014,-2004]],"type":"Polygon","properties":{"n":"Sendri Kh.","c":537323,"d":"Bhandara","s":"MAHARASHTRA"}},{"arcs":[[-2007,2024,2025,2026,2027,-2018]],"type":"Polygon","properties":{"n":"Kurza","c":537326,"d":"Bhandara","s":"MAHARASHTRA"}},{"arcs":[[2028,2029,2030,2031,-2025,-2006,-1989]],"type":"Polygon","properties":{"n":"Lonhara","c":537325,"d":"Bhandara","s":"MAHARASHTRA"}},{"arcs":[[-1042,-1063,2032,2033,-2020]],"type":"Polygon","properties":{"n":"Ambadi (Navegaon)","c":537333,"d":"Bhandara","s":"MAHARASHTRA"}},{"arcs":[[-2022,2034,2035,-2011]],"type":"Polygon","properties":{"n":"Khairi (Telota)","c":537332,"d":"Bhandara","s":"MAHARASHTRA"}},{"arcs":[[2036,2037,2038]],"type":"Polygon","properties":{"n":"Mujbi","c":537362,"d":"Bhandara","s":"MAHARASHTRA"}},{"arcs":[[2039,2040,-2037,2041,-2028]],"type":"Polygon","properties":{"n":"Thana (Korambi)","c":537363,"d":"Bhandara","s":"MAHARASHTRA"}},{"arcs":[[-2034,2042,2043,2044,2045,-2035,-2021]],"type":"Polygon","properties":{"n":"Thana (Navegal)","c":537331,"d":"Bhandara","s":"MAHARASHTRA"}},{"arcs":[[2046,2047,2048,-2029,-1988,-2016]],"type":"Polygon","properties":{"n":"Palora (Chauras)","c":537329,"d":"Bhandara","s":"MAHARASHTRA"}},{"arcs":[[2049,2050,2051,-2047,-2015,-2024]],"type":"Polygon","properties":{"n":"Sendri Bk.","c":537330,"d":"Bhandara","s":"MAHARASHTRA"}},{"arcs":[[-2041,2052,2053,2054,2055,-2038]],"type":"Polygon","properties":{"n":" ","c":0,"d":"Bhandara","s":"MAHARASHTRA"}},{"arcs":[[-1062,2056,-2043,-2033]],"type":"Polygon","properties":{"n":"Navegaon (Brahmi)","c":537334,"d":"Bhandara","s":"MAHARASHTRA"}},{"arcs":[[2057,2058]],"type":"Polygon","properties":{"n":"Parsodi (Gaidongri)","c":537359,"d":"Bhandara","s":"MAHARASHTRA"}},{"arcs":[[2059,2060,-2053,-2040,-2027]],"type":"Polygon","properties":{"n":"Korambhi (Khapri)","c":537364,"d":"Bhandara","s":"MAHARASHTRA"}},{"arcs":[[-2012,-2036,-2046,2061,2062,-2050,-2023]],"type":"Polygon","properties":{"n":"Ranala","c":537345,"d":"Bhandara","s":"MAHARASHTRA"}},{"arcs":[[-1061,-1084,2063,2064,-2044,-2057]],"type":"Polygon","properties":{"n":"Brahmi","c":537347,"d":"Bhandara","s":"MAHARASHTRA"}},{"arcs":[[2065,2066,2067,2068,2069,-2060,-2026,-2032]],"type":"Polygon","properties":{"n":"Itgaon (Kurza)","c":537327,"d":"Bhandara","s":"MAHARASHTRA"}},{"arcs":[[-2031,2070,2071,2072,-2066]],"type":"Polygon","properties":{"n":"Brahmani (Sindpuri)","c":537328,"d":"Bhandara","s":"MAHARASHTRA"}},{"arcs":[[-2055,2073,2074,2075,-2058,2076]],"type":"Polygon","properties":{"n":"Khapari (Korambhi)","c":537361,"d":"Bhandara","s":"MAHARASHTRA"}},{"arcs":[[2077,2078,-2071,-2030,-2049]],"type":"Polygon","properties":{"n":"Mokhara","c":537340,"d":"Bhandara","s":"MAHARASHTRA"}},{"arcs":[[-2065,2079,2080,-2062,-2045]],"type":"Polygon","properties":{"n":"Nighavi","c":537346,"d":"Bhandara","s":"MAHARASHTRA"}},{"arcs":[[-2070,2081,2082,2083,-2054,-2061]],"type":"Polygon","properties":{"n":"Khaksi","c":537365,"d":"Bhandara","s":"MAHARASHTRA"}},{"arcs":[[-2052,2084,2085,2086,2087,-2078,-2048]],"type":"Polygon","properties":{"n":"Khairi (Diwan)","c":537341,"d":"Bhandara","s":"MAHARASHTRA"}},{"arcs":[[-1083,2088,-2080,-2064]],"type":"Polygon","properties":{"n":"Bachewadi","c":537348,"d":"Bhandara","s":"MAHARASHTRA"}},{"arcs":[[-2084,2089,2090,2091,2092,2093,2094,2095,-2074]],"type":"Polygon","properties":{"n":" ","c":0,"d":"Bhandara","s":"MAHARASHTRA"}},{"arcs":[[-2096,2096,2097,-2075]],"type":"Polygon","properties":{"n":"Mahalgaon (Parsodi)","c":537360,"d":"Bhandara","s":"MAHARASHTRA"}},{"arcs":[[-2081,-2089,-1082,2098,2099,2100,2101,2102,-2085,-2051,-2063]],"type":"Polygon","properties":{"n":"Asgaon","c":537344,"d":"Bhandara","s":"MAHARASHTRA"}},{"arcs":[[-2088,2103,2104,-2072,-2079]],"type":"Polygon","properties":{"n":"Bhendara","c":537339,"d":"Bhandara","s":"MAHARASHTRA"}},{"arcs":[[-2105,2105,2106,2107,-2067,-2073]],"type":"Polygon","properties":{"n":"Wadegaon (Sindpuri)","c":537338,"d":"Bhandara","s":"MAHARASHTRA"}},{"arcs":[[2108,2109,-2097,-2095]],"type":"Polygon","properties":{"n":"Gaidongari","c":537369,"d":"Bhandara","s":"MAHARASHTRA"}},{"arcs":[[2110,2111,-2069]],"type":"Polygon","properties":{"n":"Sindpuri (Pauni)","c":537336,"d":"Bhandara","s":"MAHARASHTRA"}},{"arcs":[[-2083,2112,-2090]],"type":"Polygon","properties":{"n":"Nagangaon","c":537366,"d":"Bhandara","s":"MAHARASHTRA"}},{"arcs":[[-2108,2113,2114,-2111,-2068]],"type":"Polygon","properties":{"n":"Ruyad","c":537335,"d":"Bhandara","s":"MAHARASHTRA"}},{"arcs":[[-2112,-2115,2115,2116,2117,-2091,-2113,-2082]],"type":"Polygon","properties":{"n":"Pauni (M Cl)","c":802714,"d":"Bhandara","s":"MAHARASHTRA"}},{"arcs":[[-2107,2118,2119,-2114]],"type":"Polygon","properties":{"n":"Yenoda","c":537337,"d":"Bhandara","s":"MAHARASHTRA"}},{"arcs":[[-2087,2120,2121,-2119,-2106,-2104]],"type":"Polygon","properties":{"n":"Junona","c":537342,"d":"Bhandara","s":"MAHARASHTRA"}},{"arcs":[[-2103,2122,2123,-2121,-2086]],"type":"Polygon","properties":{"n":"Shivnala (Walani)","c":537343,"d":"Bhandara","s":"MAHARASHTRA"}},{"arcs":[[-2118,2124,2125,2126,-2092]],"type":"Polygon","properties":{"n":"Kosambodi","c":537367,"d":"Bhandara","s":"MAHARASHTRA"}},{"arcs":[[-2094,2127,2128,2129,-2109]],"type":"Polygon","properties":{"n":"Kawadsi (Parsodi)","c":537370,"d":"Bhandara","s":"MAHARASHTRA"}},{"arcs":[[2130,2131,2132,2133,-2099,-1081]],"type":"Polygon","properties":{"n":"Mohari","c":537350,"d":"Bhandara","s":"MAHARASHTRA"}},{"arcs":[[-1123,-1136,2134,2135,-2131,-1080]],"type":"Polygon","properties":{"n":"Dhamani","c":537349,"d":"Bhandara","s":"MAHARASHTRA"}},{"arcs":[[-2134,2136,2137,-2100]],"type":"Polygon","properties":{"n":"Lawadi","c":537351,"d":"Bhandara","s":"MAHARASHTRA"}},{"arcs":[[-2127,2138,2139,2140,-2093]],"type":"Polygon","properties":{"n":"Chichgaon","c":537368,"d":"Bhandara","s":"MAHARASHTRA"}},{"arcs":[[2141,2142,2143,2144,2145,-2129]],"type":"Polygon","properties":{"n":"Chichkheda","c":537372,"d":"Bhandara","s":"MAHARASHTRA"}},{"arcs":[[-2141,2146,2147,2148,-2142,-2128]],"type":"Polygon","properties":{"n":"Murmadi","c":537371,"d":"Bhandara","s":"MAHARASHTRA"}},{"arcs":[[2149,2150,2151,2152,-2123,-2102]],"type":"Polygon","properties":{"n":"Walani","c":537353,"d":"Bhandara","s":"MAHARASHTRA"}},{"arcs":[[-2138,2153,2154,2155,-2150,-2101]],"type":"Polygon","properties":{"n":"Borgaon (Asgaon)","c":537352,"d":"Bhandara","s":"MAHARASHTRA"}},{"arcs":[[2156,2157,2158,2159,2160,2161,2162,2163,2164,2165,-2144,2166,2167,-2147,-2140]],"type":"Polygon","properties":{"n":"Jogikheda (Hamesha)","c":537374,"d":"Bhandara","s":"MAHARASHTRA"}},{"arcs":[[2168,2169,2170,2171,2172,2173,-2116,-2120]],"type":"Polygon","properties":{"n":"Chandakapur (I)","c":537381,"d":"Bhandara","s":"MAHARASHTRA"}},{"arcs":[[-2139,-2126,2174,2175,2176,-2157]],"type":"Polygon","properties":{"n":"Naigaon","c":537378,"d":"Bhandara","s":"MAHARASHTRA"}},{"arcs":[[2177,-2167,-2143,-2149]],"type":"Polygon","properties":{"n":"Dhamangaon","c":537375,"d":"Bhandara","s":"MAHARASHTRA"}},{"arcs":[[-2168,-2178,-2148]],"type":"Polygon","properties":{"n":"Avatgaon","c":537376,"d":"Bhandara","s":"MAHARASHTRA"}},{"arcs":[[-2166,2178,-2145]],"type":"Polygon","properties":{"n":"Pahungaon","c":537373,"d":"Bhandara","s":"MAHARASHTRA"}},{"arcs":[[-2174,2179,-2175,-2125,-2117]],"type":"Polygon","properties":{"n":"Belgata (Pauni Rural)","c":537380,"d":"Bhandara","s":"MAHARASHTRA"}},{"arcs":[[-2124,2180,2181,2182,-2169,-2122]],"type":"Polygon","properties":{"n":"Kodurli (Pawani)","c":537382,"d":"Bhandara","s":"MAHARASHTRA"}},{"arcs":[[2183,2184,-2158,-2177]],"type":"Polygon","properties":{"n":"Nimgaon (Avalgaon)","c":537377,"d":"Bhandara","s":"MAHARASHTRA"}},{"arcs":[[-2156,2185,2186,-2151]],"type":"Polygon","properties":{"n":"Pauna Kh.","c":537354,"d":"Bhandara","s":"MAHARASHTRA"}},{"arcs":[[-2173,2187,2188,2189,2190,2191,-2184,-2176,-2180]],"type":"Polygon","properties":{"n":"Wahi","c":537388,"d":"Bhandara","s":"MAHARASHTRA"}},{"arcs":[[2192,2193,2194,-2186,-2155]],"type":"Polygon","properties":{"n":"Mangali (Chauras)","c":537355,"d":"Bhandara","s":"MAHARASHTRA"}},{"arcs":[[-2192,2195,2196,2197,-2159,-2185]],"type":"Polygon","properties":{"n":"Rajkota","c":537390,"d":"Bhandara","s":"MAHARASHTRA"}},{"arcs":[[2198,2199,-2188,-2172]],"type":"Polygon","properties":{"n":"Garadapur","c":537387,"d":"Bhandara","s":"MAHARASHTRA"}},{"arcs":[[-2137,-2133,2200,2201,-2193,-2154]],"type":"Polygon","properties":{"n":"Visapur","c":537356,"d":"Bhandara","s":"MAHARASHTRA"}},{"arcs":[[-2136,2202,2203,-2201,-2132]],"type":"Polygon","properties":{"n":"Umari (Visapur)","c":537357,"d":"Bhandara","s":"MAHARASHTRA"}},{"arcs":[[2204,2205,-2181,-2153]],"type":"Polygon","properties":{"n":"Rewani","c":537383,"d":"Bhandara","s":"MAHARASHTRA"}},{"arcs":[[2206,2207,2208,2209,-2199,-2171]],"type":"Polygon","properties":{"n":"Betala (Pauni)","c":537379,"d":"Bhandara","s":"MAHARASHTRA"}},{"arcs":[[-1135,-1170,-1153,2210,2211,-2203,-2135]],"type":"Polygon","properties":{"n":"Pauna Bk.","c":537358,"d":"Bhandara","s":"MAHARASHTRA"}},{"arcs":[[2212,2213,-2164]],"type":"Polygon","properties":{"n":"Jogikheda","c":537394,"d":"Bhandara","s":"MAHARASHTRA"}},{"arcs":[[-2152,2214,2215,2216,-2205]],"type":"Polygon","properties":{"n":"Dhanori","c":537413,"d":"Bhandara","s":"MAHARASHTRA"}},{"arcs":[[-2191,2217,-2196]],"type":"Polygon","properties":{"n":"Lohara (Wahi)","c":537389,"d":"Bhandara","s":"MAHARASHTRA"}},{"arcs":[[-2183,2218,2219,-2207,-2170]],"type":"Polygon","properties":{"n":"Selari","c":537384,"d":"Bhandara","s":"MAHARASHTRA"}},{"arcs":[[2220,2221,2222,-2189,-2200,-2210]],"type":"Polygon","properties":{"n":"Kachekhani","c":537386,"d":"Bhandara","s":"MAHARASHTRA"}},{"arcs":[[-2209,2223,2224,2225,-2221]],"type":"Polygon","properties":{"n":"Welwa","c":537385,"d":"Bhandara","s":"MAHARASHTRA"}},{"arcs":[[-2217,2226,2227,2228,2229,2230,2231,2232,2233,2234,2235,2236,2237,2238,2239,2240,-2219,-2182,-2206],[2241,2242,2243,2244,2245,2246,2247,2248,2249,2250,2251,2252],[2253]],"type":"Polygon","properties":{"n":" ","c":0,"d":"Bhandara","s":"MAHARASHTRA"}},{"arcs":[[-2163,2254,2255,2256,-2213]],"type":"Polygon","properties":{"n":"Ranala Alias Ahnapurna","c":537395,"d":"Bhandara","s":"MAHARASHTRA"}},{"arcs":[[-2198,2257,2258,2259,2260,-2160]],"type":"Polygon","properties":{"n":"Nishti","c":537391,"d":"Bhandara","s":"MAHARASHTRA"}},{"arcs":[[-2187,-2195,2261,-2228,2262,-2215]],"type":"Polygon","properties":{"n":"Bhojapur (Pauni)","c":537415,"d":"Bhandara","s":"MAHARASHTRA"}},{"arcs":[[-2223,2263,2264,2265,2266,-2258,-2197,-2218,-2190]],"type":"Polygon","properties":{"n":" ","c":0,"d":"Bhandara","s":"MAHARASHTRA"}},{"arcs":[[-2220,-2241,2267,2268,-2224,-2208]],"type":"Polygon","properties":{"n":"Rohana (Wahi)","c":537410,"d":"Bhandara","s":"MAHARASHTRA"}},{"arcs":[[-2222,-2226,2269,2270,-2264]],"type":"Polygon","properties":{"n":"Singori (Wahi)","c":537409,"d":"Bhandara","s":"MAHARASHTRA"}},{"arcs":[[2271,2272,2273,-2255,-2162]],"type":"Polygon","properties":{"n":"Kotalpar","c":537393,"d":"Bhandara","s":"MAHARASHTRA"}},{"arcs":[[-2261,2274,-2272,-2161]],"type":"Polygon","properties":{"n":"Salebhatti","c":537392,"d":"Bhandara","s":"MAHARASHTRA"}},{"arcs":[[-2271,2275,-2268,-2240,2276,-2265]],"type":"Polygon","properties":{"n":"Singora (Hamesha)","c":537408,"d":"Bhandara","s":"MAHARASHTRA"}},{"arcs":[[-2269,-2276,-2270,-2225]],"type":"Polygon","properties":{"n":" ","c":0,"d":"Bhandara","s":"MAHARASHTRA"}},{"arcs":[[-2194,-2202,-2204,-2212,2277,-2229,-2262]],"type":"Polygon","properties":{"n":"Gudegaon","c":537416,"d":"Bhandara","s":"MAHARASHTRA"}},{"arcs":[[-2274,2278,2279,2280,2281,2282,-2256]],"type":"Polygon","properties":{"n":"Nilaj (Amgaon)","c":537396,"d":"Bhandara","s":"MAHARASHTRA"}},{"arcs":[[-2263,-2227,-2216]],"type":"Polygon","properties":{"n":"Sindhi","c":537414,"d":"Bhandara","s":"MAHARASHTRA"}},{"arcs":[[-2260,2283,2284,2285,-2279,-2273,-2275]],"type":"Polygon","properties":{"n":"Amgaon (Adarsh)","c":537402,"d":"Bhandara","s":"MAHARASHTRA"}},{"arcs":[[2286,-2251,2287,-2253]],"type":"Polygon","properties":{"n":"Sirsala","c":537411,"d":"Bhandara","s":"MAHARASHTRA"}},{"arcs":[[-2211,-1152,2288,2289,2290,-2230,-2278]],"type":"Polygon","properties":{"n":"Khatkheda","c":537417,"d":"Bhandara","s":"MAHARASHTRA"}},{"arcs":[[-2277,2291,2292,2293,-2266]],"type":"Polygon","properties":{"n":"Waigaon","c":537405,"d":"Bhandara","s":"MAHARASHTRA"}},{"arcs":[[-2267,-2294,2294,2295,-2284,-2259]],"type":"Polygon","properties":{"n":"Thanegaon","c":537404,"d":"Bhandara","s":"MAHARASHTRA"}},{"arcs":[[2296,-2289,-1151,2297]],"type":"Polygon","properties":{"n":"Vilam","c":537418,"d":"Bhandara","s":"MAHARASHTRA"}},{"arcs":[[2298,2299,2300,-2282]],"type":"Polygon","properties":{"n":"Tekadi","c":537397,"d":"Bhandara","s":"MAHARASHTRA"}},{"arcs":[[2301,2302,-2280,-2286]],"type":"Polygon","properties":{"n":"Panjarepar","c":537401,"d":"Bhandara","s":"MAHARASHTRA"}},{"arcs":[[-2287,-2252]],"type":"Polygon","properties":{"n":"Mandavgota","c":537412,"d":"Bhandara","s":"MAHARASHTRA"}},{"arcs":[[-2296,2303,2304,-2302,-2285]],"type":"Polygon","properties":{"n":"Khapari (Bhugar)","c":537403,"d":"Bhandara","s":"MAHARASHTRA"}},{"arcs":[[2305,-2292,-2239]],"type":"Polygon","properties":{"n":"Asgaon","c":537407,"d":"Bhandara","s":"MAHARASHTRA"}},{"arcs":[[-2303,-2305,2306,2307,2308,2309,-2299,-2281]],"type":"Polygon","properties":{"n":"Mendhegaon","c":537400,"d":"Bhandara","s":"MAHARASHTRA"}},{"arcs":[[2310,-2248]],"type":"Polygon","properties":{"n":"Sedisomnala","c":537421,"d":"Bhandara","s":"MAHARASHTRA"}},{"arcs":[[-2310,2311,2312,-2300]],"type":"Polygon","properties":{"n":"Dhakundi","c":537398,"d":"Bhandara","s":"MAHARASHTRA"}},{"arcs":[[-2306,-2238,2313,-2307,-2304,-2295,-2293]],"type":"Polygon","properties":{"n":"Bhuyar","c":537406,"d":"Bhandara","s":"MAHARASHTRA"}},{"arcs":[[2314,-2232,2315,-2290,-2297]],"type":"Polygon","properties":{"n":"Savarla","c":537419,"d":"Bhandara","s":"MAHARASHTRA"}},{"arcs":[[-2291,-2316,-2231]],"type":"Polygon","properties":{"n":"Nandikheda","c":537420,"d":"Bhandara","s":"MAHARASHTRA"}},{"arcs":[[-2311,-2247,2316,-2249]],"type":"Polygon","properties":{"n":"Khokari Dhorap","c":537422,"d":"Bhandara","s":"MAHARASHTRA"}},{"arcs":[[-2309,2317,-2312]],"type":"Polygon","properties":{"n":"Kakepar","c":537399,"d":"Bhandara","s":"MAHARASHTRA"}},{"arcs":[[-2317,-2246,2318,-2244,2319,-2242,-2288,-2250]],"type":"Polygon","properties":{"n":"Kanhalgaon (Somnala)","c":537423,"d":"Bhandara","s":"MAHARASHTRA"}},{"arcs":[[-2254]],"type":"Polygon","properties":{"n":"Shivnala (Gondi)","c":537426,"d":"Bhandara","s":"MAHARASHTRA"}},{"arcs":[[-2245,-2319]],"type":"Polygon","properties":{"n":"Kisanpur (Hamesha)","c":537425,"d":"Bhandara","s":"MAHARASHTRA"}},{"arcs":[[-2243,-2320]],"type":"Polygon","properties":{"n":"Pradhan (Dhorap)","c":537424,"d":"Bhandara","s":"MAHARASHTRA"}},{"arcs":[[2320,-2234,2321,-2236]],"type":"Polygon","properties":{"n":"Chandi","c":537427,"d":"Bhandara","s":"MAHARASHTRA"}},{"arcs":[[-2321,-2235]],"type":"Polygon","properties":{"n":"Channewada","c":537428,"d":"Bhandara","s":"MAHARASHTRA"}},{"arcs":[[2322,2323,-855,-899,-882,-834,-838,-858,-839,2324,-842,2325,-849,2326,-848,2327,2328,2329,-1859,2330],[2331]],"type":"Polygon","properties":{"n":" ","c":0,"d":"Bhandara","s":"MAHARASHTRA"}},{"arcs":[[2332,2333,-2323]],"type":"Polygon","properties":{"n":"Pangadi","c":537076,"d":"Bhandara","s":"MAHARASHTRA"}},{"arcs":[[2334,-856,-2324,-2334,2335]],"type":"Polygon","properties":{"n":"Gidalpar","c":537079,"d":"Bhandara","s":"MAHARASHTRA"}},{"arcs":[[-2330,2336,2337,-251,-1860]],"type":"Polygon","properties":{"n":"Bundalghat","c":537073,"d":"Bhandara","s":"MAHARASHTRA"}},{"arcs":[[2338,2339,-876,-857,-2335,2340]],"type":"Polygon","properties":{"n":"Pitezari","c":537078,"d":"Bhandara","s":"MAHARASHTRA"}},{"arcs":[[2341,2342,-2339,2343]],"type":"Polygon","properties":{"n":"Jambhali Khamba","c":537077,"d":"Bhandara","s":"MAHARASHTRA"}},{"arcs":[[-843,-2325]],"type":"Polygon","properties":{"n":"Umarzari","c":537075,"d":"Bhandara","s":"MAHARASHTRA"}},{"arcs":[[-2332]],"type":"Polygon","properties":{"n":"Navegaon","c":537074,"d":"Bhandara","s":"MAHARASHTRA"}},{"arcs":[[-866,2344,-2342,2345]],"type":"Polygon","properties":{"n":"Malutola","c":537094,"d":"Bhandara","s":"MAHARASHTRA"}},{"arcs":[[-847,2346,-2328]],"type":"Polygon","properties":{"n":"Sonegaon","c":537084,"d":"Bhandara","s":"MAHARASHTRA"}},{"arcs":[[-852,-871,2347,-844,-2327]],"type":"Polygon","properties":{"n":"Chandori","c":537083,"d":"Bhandara","s":"MAHARASHTRA"}},{"arcs":[[-2340,-2343,-2345,-865,-885,-872]],"type":"Polygon","properties":{"n":"Khamba","c":537093,"d":"Bhandara","s":"MAHARASHTRA"}},{"arcs":[[2348,-845,-2348,-870,-880,-1267,-1247,-1244,-1251,-1255,-1261,-1246,-1260,-1276,-1268,-337,-252,-2338]],"type":"Polygon","properties":{"n":" ","c":0,"d":"Bhandara","s":"MAHARASHTRA"}},{"arcs":[[-2329,-2347,-846,-2349,-2337]],"type":"Polygon","properties":{"n":"Usgaon","c":537085,"d":"Bhandara","s":"MAHARASHTRA"}},{"arcs":[[-2326,-841,-861,-881,-868,-850]],"type":"Polygon","properties":{"n":"Ategaon","c":537082,"d":"Bhandara","s":"MAHARASHTRA"}},{"arcs":[[-912,-917,2349,-924,-893]],"type":"Polygon","properties":{"n":"Sonpuri","c":537105,"d":"Bhandara","s":"MAHARASHTRA"}},{"arcs":[[2350,2351,-905,-923]],"type":"Polygon","properties":{"n":"Mokhe","c":537114,"d":"Bhandara","s":"MAHARASHTRA"}},{"arcs":[[2352,2353,2354,-918,-909]],"type":"Polygon","properties":{"n":" ","c":0,"d":"Bhandara","s":"MAHARASHTRA"}},{"arcs":[[-2352,2355,2356,-2353,-908,-906]],"type":"Polygon","properties":{"n":"Sitepar","c":537113,"d":"Bhandara","s":"MAHARASHTRA"}},{"arcs":[[-1297,-1283,-1280,-945]],"type":"Polygon","properties":{"n":"Gudhari","c":537104,"d":"Bhandara","s":"MAHARASHTRA"}},{"arcs":[[-2357,2357,2358,2359,-2354]],"type":"Polygon","properties":{"n":"Pathari","c":537119,"d":"Bhandara","s":"MAHARASHTRA"}},{"arcs":[[-916,2360,2361,2362,2363,-925,-2350]],"type":"Polygon","properties":{"n":"Bodra","c":537106,"d":"Bhandara","s":"MAHARASHTRA"}},{"arcs":[[-914,-919,-2355,-2360,2364,2365,2366]],"type":"Polygon","properties":{"n":"Jamanapur","c":537118,"d":"Bhandara","s":"MAHARASHTRA"}},{"arcs":[[-2351,-922,2367,2368,2369,2370,-2358,-2356]],"type":"Polygon","properties":{"n":"Wirshi","c":537120,"d":"Bhandara","s":"MAHARASHTRA"}},{"arcs":[[-915,-2367,2371,-2361]],"type":"Polygon","properties":{"n":"Khairlanji","c":537117,"d":"Bhandara","s":"MAHARASHTRA"}},{"arcs":[[-921,2372,2373,-2368]],"type":"Polygon","properties":{"n":"Ukara","c":537121,"d":"Bhandara","s":"MAHARASHTRA"}},{"arcs":[[-2364,2374,-926]],"type":"Polygon","properties":{"n":"Makardhokada","c":537107,"d":"Bhandara","s":"MAHARASHTRA"}},{"arcs":[[-2365,-2359,-2371,2375,2376,2377,2378]],"type":"Polygon","properties":{"n":"Sendurwafa","c":537122,"d":"Bhandara","s":"MAHARASHTRA"}},{"arcs":[[2379,2380,2381,2382,2383,2384,-2369,-2374]],"type":"Polygon","properties":{"n":" ","c":0,"d":"Bhandara","s":"MAHARASHTRA"}},{"arcs":[[-1309,-942]],"type":"Polygon","properties":{"n":"Chichgaon","c":537115,"d":"Bhandara","s":"MAHARASHTRA"}},{"arcs":[[-2363,2385,2386,-927,-2375]],"type":"Polygon","properties":{"n":"Jambhali","c":537108,"d":"Bhandara","s":"MAHARASHTRA"}},{"arcs":[[-2366,-2379,2387,2388,-2386,-2362,-2372]],"type":"Polygon","properties":{"n":"Sakoli (CT)","c":537168,"d":"Bhandara","s":"MAHARASHTRA"}},{"arcs":[[-947]],"type":"Polygon","properties":{"n":"Sarati","c":537116,"d":"Bhandara","s":"MAHARASHTRA"}},{"arcs":[[-2385,2389,2390,-2376,-2370]],"type":"Polygon","properties":{"n":"Sawargaon","c":537131,"d":"Bhandara","s":"MAHARASHTRA"}},{"arcs":[[2391,2392,-2381,2393]],"type":"Polygon","properties":{"n":"Sundari","c":537133,"d":"Bhandara","s":"MAHARASHTRA"}},{"arcs":[[-2393,2394,-2382]],"type":"Polygon","properties":{"n":"Chargaon","c":537132,"d":"Bhandara","s":"MAHARASHTRA"}},{"arcs":[[2395,-1327,-938]],"type":"Polygon","properties":{"n":"Bamhani","c":537126,"d":"Bhandara","s":"MAHARASHTRA"}},{"arcs":[[-2378,2396,2397,2398,2399,-2388]],"type":"Polygon","properties":{"n":"Gadkumbhali","c":537123,"d":"Bhandara","s":"MAHARASHTRA"}},{"arcs":[[2400,2401,2402,2403,-2390,-2384]],"type":"Polygon","properties":{"n":"Umari","c":537135,"d":"Bhandara","s":"MAHARASHTRA"}},{"arcs":[[-2391,-2404,2404,-2397,-2377]],"type":"Polygon","properties":{"n":"Lawari","c":537130,"d":"Bhandara","s":"MAHARASHTRA"}},{"arcs":[[-2389,-2400,2405,2406,-928,-2387]],"type":"Polygon","properties":{"n":"Dharmapuri","c":537124,"d":"Bhandara","s":"MAHARASHTRA"}},{"arcs":[[-2407,2407,2408,2409,2410,-929]],"type":"Polygon","properties":{"n":"Mohgata","c":537125,"d":"Bhandara","s":"MAHARASHTRA"}},{"arcs":[[-937,-1338,-1328,-2396]],"type":"Polygon","properties":{"n":"Mundipar","c":537127,"d":"Bhandara","s":"MAHARASHTRA"}},{"arcs":[[-2395,-2392,2411,2412,2413,2414,-2401,-2383]],"type":"Polygon","properties":{"n":"Parsodi","c":537134,"d":"Bhandara","s":"MAHARASHTRA"}},{"arcs":[[-2399,2415,2416,-2408,-2406]],"type":"Polygon","properties":{"n":"Kumbhali","c":537129,"d":"Bhandara","s":"MAHARASHTRA"}},{"arcs":[[-2398,-2405,2417,2418,2419,2420,2421,-2416]],"type":"Polygon","properties":{"n":"Wadad","c":537141,"d":"Bhandara","s":"MAHARASHTRA"}},{"arcs":[[-933,2422,2423]],"type":"Polygon","properties":{"n":"Kitadi","c":537137,"d":"Bhandara","s":"MAHARASHTRA"}},{"arcs":[[-2411,2424,-930]],"type":"Polygon","properties":{"n":"Mohgata Rayyt.","c":537128,"d":"Bhandara","s":"MAHARASHTRA"}},{"arcs":[[-2422,2425,2426,-2409,-2417]],"type":"Polygon","properties":{"n":"Sawarbandh","c":537136,"d":"Bhandara","s":"MAHARASHTRA"}},{"arcs":[[-2410,-2427,2427,2428,2429,-931,-2425]],"type":"Polygon","properties":{"n":"Bonde","c":537140,"d":"Bhandara","s":"MAHARASHTRA"}},{"arcs":[[-2415,2430,2431,2432,-2402]],"type":"Polygon","properties":{"n":"Mahalgaon","c":537143,"d":"Bhandara","s":"MAHARASHTRA"}},{"arcs":[[-2433,2433,-2418,-2403]],"type":"Polygon","properties":{"n":"Sukali","c":537142,"d":"Bhandara","s":"MAHARASHTRA"}},{"arcs":[[-2424,2434,-1388,-1376,-1350,-934]],"type":"Polygon","properties":{"n":"Baradkinhi","c":537138,"d":"Bhandara","s":"MAHARASHTRA"}},{"arcs":[[-2430,2435,-1389,-2435,-2423,-932]],"type":"Polygon","properties":{"n":"Girola","c":537139,"d":"Bhandara","s":"MAHARASHTRA"}},{"arcs":[[2436,2437,2438]],"type":"Polygon","properties":{"n":"Gondumari","c":537145,"d":"Bhandara","s":"MAHARASHTRA"}},{"arcs":[[-2414,2439,2440,2441,2442,2443,-2431]],"type":"Polygon","properties":{"n":"Palasgaon","c":537146,"d":"Bhandara","s":"MAHARASHTRA"}},{"arcs":[[-2438,2444,-2440,-2413,2445]],"type":"Polygon","properties":{"n":"Nilaj","c":537144,"d":"Bhandara","s":"MAHARASHTRA"}},{"arcs":[[-2421,2446,2447,2448,2449,-2428,-2426]],"type":"Polygon","properties":{"n":" ","c":0,"d":"Bhandara","s":"MAHARASHTRA"}},{"arcs":[[-2450,2450,2451,-1385,-2436,-2429]],"type":"Polygon","properties":{"n":"Khandala","c":537148,"d":"Bhandara","s":"MAHARASHTRA"}},{"arcs":[[-2420,2452,2453,2454,2455,2456,2457,-2447]],"type":"Polygon","properties":{"n":"Zadgaon","c":537152,"d":"Bhandara","s":"MAHARASHTRA"}},{"arcs":[[-2452,2458,2459,-1399,-1386]],"type":"Polygon","properties":{"n":"Watetekar","c":537149,"d":"Bhandara","s":"MAHARASHTRA"}},{"arcs":[[-2449,2460,2461,2462,-2459,-2451]],"type":"Polygon","properties":{"n":"Sakara","c":537147,"d":"Bhandara","s":"MAHARASHTRA"}},{"arcs":[[-2434,-2432,-2444,2463,2464,2465,2466,2467,-2455,2468,-2453,-2419]],"type":"Polygon","properties":{"n":" ","c":0,"d":"Bhandara","s":"MAHARASHTRA"}},{"arcs":[[2469,-2441,-2445,-2437,2470]],"type":"Polygon","properties":{"n":"Wangi","c":537154,"d":"Bhandara","s":"MAHARASHTRA"}},{"arcs":[[-2448,-2458,2471,2472,2473,-2461]],"type":"Polygon","properties":{"n":"Sivanibandh","c":537151,"d":"Bhandara","s":"MAHARASHTRA"}},{"arcs":[[-2463,2474,-1400,-2460]],"type":"Polygon","properties":{"n":"Nyaharwani","c":537150,"d":"Bhandara","s":"MAHARASHTRA"}},{"arcs":[[2475,2476,-2464,-2443]],"type":"Polygon","properties":{"n":"Papala Bk.","c":537156,"d":"Bhandara","s":"MAHARASHTRA"}},{"arcs":[[-2470,2477,2478,-2476,-2442]],"type":"Polygon","properties":{"n":"Bolde","c":537155,"d":"Bhandara","s":"MAHARASHTRA"}},{"arcs":[[-2462,-2474,2479,2480,-1401,-2475]],"type":"Polygon","properties":{"n":"Katangdhara","c":537161,"d":"Bhandara","s":"MAHARASHTRA"}},{"arcs":[[-2454,-2469]],"type":"Polygon","properties":{"n":"Papala Kh.","c":537153,"d":"Bhandara","s":"MAHARASHTRA"}},{"arcs":[[-2457,2481,2482,2483,2484,2485,-2472]],"type":"Polygon","properties":{"n":"Sangadi","c":537166,"d":"Bhandara","s":"MAHARASHTRA"}},{"arcs":[[-2486,2486,-2480,-2473]],"type":"Polygon","properties":{"n":"Sangaon","c":537160,"d":"Bhandara","s":"MAHARASHTRA"}},{"arcs":[[2487,2488,-2467]],"type":"Polygon","properties":{"n":"Kesalwada","c":537158,"d":"Bhandara","s":"MAHARASHTRA"}},{"arcs":[[-2487,-2485,2489,-1470,-1435,-1433,-1402,-2481]],"type":"Polygon","properties":{"n":"Sasara","c":537162,"d":"Bhandara","s":"MAHARASHTRA"}},{"arcs":[[-2479,2490,-2465,-2477]],"type":"Polygon","properties":{"n":"Salai Bk.","c":537157,"d":"Bhandara","s":"MAHARASHTRA"}},{"arcs":[[2491,-2482,-2456,-2468,-2489]],"type":"Polygon","properties":{"n":"Salai(kh)","c":537159,"d":"Bhandara","s":"MAHARASHTRA"}},{"arcs":[[-2484,2492,2493,-1520,-1471,-2490]],"type":"Polygon","properties":{"n":"Vihirgaon","c":537163,"d":"Bhandara","s":"MAHARASHTRA"}},{"arcs":[[-973,2494,2495,-1517,-2494,2496]],"type":"Polygon","properties":{"n":" ","c":0,"d":"Bhandara","s":"MAHARASHTRA"}},{"arcs":[[2497,-983,-1534,-1518,-2496]],"type":"Polygon","properties":{"n":"Salebardi","c":537164,"d":"Bhandara","s":"MAHARASHTRA"}},{"arcs":[[-972,2498,-2498,-2495]],"type":"Polygon","properties":{"n":"Yetgaon","c":537165,"d":"Bhandara","s":"MAHARASHTRA"}},{"arcs":[[-971,-976,-2499]],"type":"Polygon","properties":{"n":" ","c":0,"d":"Bhandara","s":"MAHARASHTRA"}},{"arcs":[[-109,2499,2500,-686,-702]],"type":"Polygon","properties":{"n":"Mohadi Khapa","c":536701,"d":"Bhandara","s":"MAHARASHTRA"}},{"arcs":[[2501,2502,2503,-100,-96,2504]],"type":"Polygon","properties":{"n":"Sukali Nakul","c":536713,"d":"Bhandara","s":"MAHARASHTRA"}},{"arcs":[[-50,-690,2505,2506]],"type":"Polygon","properties":{"n":"Murali","c":536710,"d":"Bhandara","s":"MAHARASHTRA"}},{"arcs":[[-687,-2501,2507,2508,2509,2510,-2506,-689]],"type":"Polygon","properties":{"n":"Mangali (Sihora)","c":536711,"d":"Bhandara","s":"MAHARASHTRA"}},{"arcs":[[2511,2512]],"type":"Polygon","properties":{"n":"Rongha","c":536680,"d":"Bhandara","s":"MAHARASHTRA"}},{"arcs":[[-2511,2513,2514,2515,-51,-2507]],"type":"Polygon","properties":{"n":"Sonegaon","c":536718,"d":"Bhandara","s":"MAHARASHTRA"}},{"arcs":[[-2504,2516,2517,2518,2519,2520,-107,-101]],"type":"Polygon","properties":{"n":"Chulhardoh","c":536715,"d":"Bhandara","s":"MAHARASHTRA"}},{"arcs":[[-63,2521,2522,2523,2524]],"type":"Polygon","properties":{"n":"Chicholi","c":536750,"d":"Bhandara","s":"MAHARASHTRA"}},{"arcs":[[-720,-723,-716,2525,2526,2527,2528]],"type":"Polygon","properties":{"n":"Garra","c":536686,"d":"Bhandara","s":"MAHARASHTRA"}},{"arcs":[[-108,-2521,2529,2530,-2508,-2500]],"type":"Polygon","properties":{"n":"Sindpuri","c":536716,"d":"Bhandara","s":"MAHARASHTRA"}},{"arcs":[[2531]],"type":"Polygon","properties":{"n":"Lendezari(Rongha)","c":536681,"d":"Bhandara","s":"MAHARASHTRA"}},{"arcs":[[-2510,2532,-2514]],"type":"Polygon","properties":{"n":"Borgaon","c":536717,"d":"Bhandara","s":"MAHARASHTRA"}},{"arcs":[[2533,-2517,-2503]],"type":"Polygon","properties":{"n":"Deorideo","c":536714,"d":"Bhandara","s":"MAHARASHTRA"}},{"arcs":[[2534,2535]],"type":"Polygon","properties":{"n":"Lawada","c":536678,"d":"Bhandara","s":"MAHARASHTRA"}},{"arcs":[[-53,2536,2537]],"type":"Polygon","properties":{"n":"Chulhad","c":536720,"d":"Bhandara","s":"MAHARASHTRA"}},{"arcs":[[-2531,2538,2539,2540,2541,2542,-2515,-2533,-2509]],"type":"Polygon","properties":{"n":"Sihora","c":536723,"d":"Bhandara","s":"MAHARASHTRA"}},{"arcs":[[-62,2543,2544,-2522]],"type":"Polygon","properties":{"n":"Bhondki","c":536751,"d":"Bhandara","s":"MAHARASHTRA"}},{"arcs":[[-2543,2545,2546,-2537,-52,-2516]],"type":"Polygon","properties":{"n":"Dhanegaon","c":536719,"d":"Bhandara","s":"MAHARASHTRA"}},{"arcs":[[-2525,2547,-714,-64]],"type":"Polygon","properties":{"n":"Jogiwada","c":536691,"d":"Bhandara","s":"MAHARASHTRA"}},{"arcs":[[2548,2549,2550,2551]],"type":"Polygon","properties":{"n":"Pangadi","c":536684,"d":"Bhandara","s":"MAHARASHTRA"}},{"arcs":[[-2513,2552]],"type":"Polygon","properties":{"n":"Rongha Hamesha","c":536677,"d":"Bhandara","s":"MAHARASHTRA"}},{"arcs":[[2553,2554]],"type":"Polygon","properties":{"n":"Nilagondi Hamesha","c":536685,"d":"Bhandara","s":"MAHARASHTRA"}},{"arcs":[[-2526,-715,-2548,-2524,2555,2556]],"type":"Polygon","properties":{"n":"Bagheda","c":536687,"d":"Bhandara","s":"MAHARASHTRA"}},{"arcs":[[2557,-2536]],"type":"Polygon","properties":{"n":"Mangarli","c":536679,"d":"Bhandara","s":"MAHARASHTRA"}},{"arcs":[[2558,-2549]],"type":"Polygon","properties":{"n":"Pangadi Hamesha","c":536683,"d":"Bhandara","s":"MAHARASHTRA"}},{"arcs":[[-2557,2559,2560,2561,-764,-784,2562,-2527]],"type":"Polygon","properties":{"n":"Ambagad","c":536744,"d":"Bhandara","s":"MAHARASHTRA"}},{"arcs":[[-2528,-2563,-783,-1570,-1560,-755,2563,-734,2564,-2551,2565,-2554,2566]],"type":"Polygon","properties":{"n":"Rampur Hamesha","c":536743,"d":"Bhandara","s":"MAHARASHTRA"}},{"arcs":[[-78]],"type":"Polygon","properties":{"n":"Agri","c":536765,"d":"Bhandara","s":"MAHARASHTRA"}},{"arcs":[[-2545,2567,2568,2569,-2560,-2556,-2523]],"type":"Polygon","properties":{"n":"Pawanara","c":536748,"d":"Bhandara","s":"MAHARASHTRA"}},{"arcs":[[2570,2571,2572,2573,-2546,-2542]],"type":"Polygon","properties":{"n":"Rupera","c":536722,"d":"Bhandara","s":"MAHARASHTRA"}},{"arcs":[[-2547,-2574,2574,-729,-54,-2538]],"type":"Polygon","properties":{"n":"Davezari (Dhanegaon)","c":536721,"d":"Bhandara","s":"MAHARASHTRA"}},{"arcs":[[2575,2576,-2571,-2541]],"type":"Polygon","properties":{"n":"Machhera","c":536724,"d":"Bhandara","s":"MAHARASHTRA"}},{"arcs":[[-2520,2577,2578,-738,2579,2580,-2539,-2530]],"type":"Polygon","properties":{"n":"Wahani","c":536726,"d":"Bhandara","s":"MAHARASHTRA"}},{"arcs":[[-61,2581,-768,-744,2582,-2568,-2544]],"type":"Polygon","properties":{"n":"Sakali","c":536752,"d":"Bhandara","s":"MAHARASHTRA"}},{"arcs":[[2583,2584,-2578,-2519]],"type":"Polygon","properties":{"n":"Pipari chunni","c":536727,"d":"Bhandara","s":"MAHARASHTRA"}},{"arcs":[[-2581,2585,-792,2586,-2576,-2540]],"type":"Polygon","properties":{"n":"Silegaon","c":536725,"d":"Bhandara","s":"MAHARASHTRA"}},{"arcs":[[-60,-748,-769,-2582]],"type":"Polygon","properties":{"n":"Zanzeria","c":536762,"d":"Bhandara","s":"MAHARASHTRA"}},{"arcs":[[2587,-735,-2579,-2585]],"type":"Polygon","properties":{"n":"Wangi","c":536728,"d":"Bhandara","s":"MAHARASHTRA"}},{"arcs":[[2588,-2561,-2570]],"type":"Polygon","properties":{"n":" ","c":0,"d":"Bhandara","s":"MAHARASHTRA"}},{"arcs":[[-2587,-791,2589,-2572,-2577]],"type":"Polygon","properties":{"n":"Ranera","c":536731,"d":"Bhandara","s":"MAHARASHTRA"}},{"arcs":[[-57,2590,-756]],"type":"Polygon","properties":{"n":"Pachara","c":536763,"d":"Bhandara","s":"MAHARASHTRA"}},{"arcs":[[2591,-750,2592,2593]],"type":"Polygon","properties":{"n":"Pipriya","c":536736,"d":"Bhandara","s":"MAHARASHTRA"}},{"arcs":[[-56,-728,-757,-2591]],"type":"Polygon","properties":{"n":"Nawegaon","c":536764,"d":"Bhandara","s":"MAHARASHTRA"}},{"arcs":[[2594,2595]],"type":"Polygon","properties":{"n":"Mandekasa (Hamesha)","c":536732,"d":"Bhandara","s":"MAHARASHTRA"}},{"arcs":[[-2596,2596]],"type":"Polygon","properties":{"n":"Mandekasa","c":536733,"d":"Bhandara","s":"MAHARASHTRA"}},{"arcs":[[-2569,-2583,-743,-765,-2562,-2589]],"type":"Polygon","properties":{"n":"Dawezari","c":536747,"d":"Bhandara","s":"MAHARASHTRA"}},{"arcs":[[-2590,-790,-793,-724,-2575,-2573]],"type":"Polygon","properties":{"n":"Hardoli (Sihora)","c":536767,"d":"Bhandara","s":"MAHARASHTRA"}},{"arcs":[[-2593,2597]],"type":"Polygon","properties":{"n":"Hattipangdi (Hamesha)","c":536734,"d":"Bhandara","s":"MAHARASHTRA"}},{"arcs":[[-2564,-754,-779,-730]],"type":"Polygon","properties":{"n":"Gaimukh","c":536741,"d":"Bhandara","s":"MAHARASHTRA"}},{"arcs":[[-2592,2598,2599,-751]],"type":"Polygon","properties":{"n":"Pitesur","c":536737,"d":"Bhandara","s":"MAHARASHTRA"}},{"arcs":[[-737,2600,-799,-785,-2586,-2580]],"type":"Polygon","properties":{"n":"Paraswada (sihora)","c":536730,"d":"Bhandara","s":"MAHARASHTRA"}},{"arcs":[[-824,2601,2602,-812,-826]],"type":"Polygon","properties":{"n":"Bori","c":536777,"d":"Bhandara","s":"MAHARASHTRA"}},{"arcs":[[-828,2603,2604,2605,-1636,-1617,-1607]],"type":"Polygon","properties":{"n":"Khapa (Tumsar)","c":536755,"d":"Bhandara","s":"MAHARASHTRA"}},{"arcs":[[2606,2607,-813,-2603,2608]],"type":"Polygon","properties":{"n":"Koshti","c":536778,"d":"Bhandara","s":"MAHARASHTRA"}},{"arcs":[[-817,2609,2610,-2604,-827]],"type":"Polygon","properties":{"n":"Mangali","c":536756,"d":"Bhandara","s":"MAHARASHTRA"}},{"arcs":[[2611,2612,-2610,-816]],"type":"Polygon","properties":{"n":"Tamaswadi (Tudka)","c":536781,"d":"Bhandara","s":"MAHARASHTRA"}},{"arcs":[[2613,2614,2615,-814,-2608]],"type":"Polygon","properties":{"n":"Shiwani","c":536780,"d":"Bhandara","s":"MAHARASHTRA"}},{"arcs":[[-2616,2616,2617,2618,-2612,-815]],"type":"Polygon","properties":{"n":"Tudka","c":536783,"d":"Bhandara","s":"MAHARASHTRA"}},{"arcs":[[-1659,2619,-2614,-2607]],"type":"Polygon","properties":{"n":"Bramhani","c":536779,"d":"Bhandara","s":"MAHARASHTRA"}},{"arcs":[[2620,2621,-1713,-1692,-1671,-1646,-1637,-2606]],"type":"Polygon","properties":{"n":"Kharabi","c":536792,"d":"Bhandara","s":"MAHARASHTRA"}},{"arcs":[[-2611,-2613,-2619,2622,2623,2624,-2621,-2605]],"type":"Polygon","properties":{"n":"Paraswada (dewhadi)","c":536790,"d":"Bhandara","s":"MAHARASHTRA"}},{"arcs":[[-2617,2625,2626]],"type":"Polygon","properties":{"n":"Stationtoli","c":536782,"d":"Bhandara","s":"MAHARASHTRA"}},{"arcs":[[-1678,-1684,2627,2628,-2626,-2615,-2620]],"type":"Polygon","properties":{"n":"Madagi (dewhadi)","c":536785,"d":"Bhandara","s":"MAHARASHTRA"}},{"arcs":[[-2629,2629,2630,2631,-2623,-2618,-2627]],"type":"Polygon","properties":{"n":"Dewhadi","c":536784,"d":"Bhandara","s":"MAHARASHTRA"}},{"arcs":[[-2625,2632,-1707,-2622]],"type":"Polygon","properties":{"n":"Panjara","c":536791,"d":"Bhandara","s":"MAHARASHTRA"}},{"arcs":[[-1683,-1720,2633,2634,-2630,-2628]],"type":"Polygon","properties":{"n":"Chargaon","c":536786,"d":"Bhandara","s":"MAHARASHTRA"}},{"arcs":[[-2632,2635,-1746,-1708,-2633,-2624]],"type":"Polygon","properties":{"n":"Mandhal","c":536789,"d":"Bhandara","s":"MAHARASHTRA"}},{"arcs":[[-2635,2636,-1791,-1740,-2636,-2631]],"type":"Polygon","properties":{"n":"Sukali","c":536788,"d":"Bhandara","s":"MAHARASHTRA"}},{"arcs":[[-1719,-1761,-1776,-1792,-2637,-2634]],"type":"Polygon","properties":{"n":"Dhorwada","c":536787,"d":"Bhandara","s":"MAHARASHTRA"}},{"arcs":[[2637,-703,-684,-47,2638,2639]],"type":"Polygon","properties":{"n":"Sondya","c":536698,"d":"Bhandara","s":"MAHARASHTRA"}},{"arcs":[[2640,2641]],"type":"Polygon","properties":{"n":"Sitekasa","c":536647,"d":"Bhandara","s":"MAHARASHTRA"}},{"arcs":[[2642,-700,-2638,2643]],"type":"Polygon","properties":{"n":"Warpindakepar","c":536702,"d":"Bhandara","s":"MAHARASHTRA"}},{"arcs":[[2644,-705,-103,-106,-701,-2643,2645]],"type":"Polygon","properties":{"n":"Mahalgaon (Sihora)","c":536703,"d":"Bhandara","s":"MAHARASHTRA"}},{"arcs":[[-2505,-99,2646,2647]],"type":"Polygon","properties":{"n":"Bapera (Sihora)","c":536705,"d":"Bhandara","s":"MAHARASHTRA"}},{"arcs":[[-2647,-98,-105,-704,-2645,2648]],"type":"Polygon","properties":{"n":"Deosarra","c":536704,"d":"Bhandara","s":"MAHARASHTRA"}},{"arcs":[[2649,-20,-23,-36,2650,2651]],"type":"Polygon","properties":{"n":"Ashti","c":536656,"d":"Bhandara","s":"MAHARASHTRA"}},{"arcs":[[2652,-15,-37,-17,-2650,2653]],"type":"Polygon","properties":{"n":"Pathari (nakadongari)","c":536658,"d":"Bhandara","s":"MAHARASHTRA"}},{"arcs":[[-2651,-35,2654,2655,2656]],"type":"Polygon","properties":{"n":"Lobhi","c":536655,"d":"Bhandara","s":"MAHARASHTRA"}},{"arcs":[[2657,-16,-2653,2658]],"type":"Polygon","properties":{"n":"Dhutera","c":536659,"d":"Bhandara","s":"MAHARASHTRA"}},{"arcs":[[-2656,2659,2660]],"type":"Polygon","properties":{"n":"Chandmara","c":536654,"d":"Bhandara","s":"MAHARASHTRA"}},{"arcs":[[2661,-77,-41,-10,-2658,2662]],"type":"Polygon","properties":{"n":"Kawalewada","c":536660,"d":"Bhandara","s":"MAHARASHTRA"}},{"arcs":[[-2655,-34,-79,-83,2663,2664,-2660]],"type":"Polygon","properties":{"n":"Dongari Bk.","c":536652,"d":"Bhandara","s":"MAHARASHTRA"}},{"arcs":[[-2639,-46,-82,-44,-2662,2665]],"type":"Polygon","properties":{"n":"Sakkardara","c":536662,"d":"Bhandara","s":"MAHARASHTRA"}},{"arcs":[[-85,-90,-31,-718,-722,-706,-698,-709,-721,-2529,-2567,-2555,-2566,-2550,-2559,-2552,-2565,-733,-775,-2599,-2594,-2598,-749,-2600,-774,-1563,-1580,-1567,-1589,-1575,-1591,2666,-682,2667,-2641,2668,2669,2670,2671,-91,2672,2673,-2664],[-713,-694,-697,-696],[-710],[-712],[-2553,-2512],[-2532],[-2535,-2558],[-2597,-2595]],"type":"Polygon","properties":{"n":" ","c":0,"d":"Bhandara","s":"MAHARASHTRA"}},{"arcs":[[2674,-92,-2672,2675]],"type":"Polygon","properties":{"n":"Chikhali (Kamkasur)","c":536649,"d":"Bhandara","s":"MAHARASHTRA"}},{"arcs":[[-93,-2675,2676,-2673]],"type":"Polygon","properties":{"n":"Deonara","c":536651,"d":"Bhandara","s":"MAHARASHTRA"}},{"arcs":[[-2670,2677]],"type":"Polygon","properties":{"n":"Mandwi(Sitekasa)","c":536648,"d":"Bhandara","s":"MAHARASHTRA"}}]}}}