{"type":"Topology","arcs":[[[58475,88481],[-571,85],[-53,-34],[-375,-15],[-237,-63]],[[57239,88454],[-103,148],[-126,315],[-183,379],[-42,177],[60,227],[670,623],[322,512],[137,109],[195,47],[238,-64],[134,-102],[576,-831],[-81,-295],[-86,-109],[-214,-380],[-78,-257],[-183,-472]],[[50896,90481],[-501,9]],[[50395,90490],[78,169],[-3,140],[225,18],[201,-336]],[[38170,89979],[-36,-547]],[[38134,89432],[28,-160],[-18,-440],[-224,-215],[-50,-106],[-192,124],[-247,-562]],[[37431,88073],[-248,-69],[-142,130],[-338,210],[-232,-149],[-261,37],[-220,-6],[-225,-118],[-140,-10]],[[35625,88098],[15,328],[92,209],[268,458],[137,526],[-31,5],[156,444],[19,268],[-40,176],[42,147],[450,-15],[358,-72],[-34,-164],[151,-25],[315,-349],[155,-46],[492,-9]],[[50896,90481],[663,16],[297,-36],[204,32]],[[52060,90493],[230,5],[-118,-681],[-236,-334],[-148,-86],[-119,-220],[-109,-78],[-654,35],[-544,-187],[-340,-49],[-684,-68]],[[49338,88830],[-8,62],[189,567],[33,323],[68,286],[98,209],[22,194]],[[49740,90471],[186,-19],[469,38]],[[44253,88616],[-54,-316],[40,-289],[-67,-565]],[[44172,87446],[-211,-104],[-143,-621],[-358,-134],[-159,-186],[-110,32],[-293,-33],[-119,-70]],[[42779,86330],[-76,106],[-187,61],[-300,21],[-9,99],[-227,-16],[-97,-88],[-171,142],[-243,74],[177,278],[-128,172],[-214,88],[-155,-170],[-231,17]],[[40918,87114],[121,465],[80,183],[-12,197],[193,152],[69,138],[214,237],[261,102],[262,218]],[[42106,88806],[110,61],[78,195],[2,171],[99,326],[117,114],[180,57],[46,99],[-9,276],[426,355]],[[43155,90460],[61,-367],[90,-286],[23,-198],[331,-164],[74,-190],[223,-441],[216,-195],[80,-3]],[[32905,89799],[228,-3],[577,-47],[239,24],[11,-107],[136,-19]],[[34096,89647],[-89,-262],[30,-221],[127,2],[182,-126],[-133,-237],[267,-103],[134,23],[144,-85],[287,-56],[146,-96],[13,-243],[185,-137],[236,-8]],[[35625,88098],[-18,-189],[-197,-68],[-78,-83],[-119,-6],[-156,72],[-371,-193],[-75,-660],[78,-188]],[[34689,86783],[-293,84],[-483,45],[-283,-32]],[[33630,86880],[-390,325],[-118,-20],[-72,-115],[-210,73],[96,116],[-1200,339]],[[31736,87598],[405,548],[207,223],[179,370],[58,398],[69,281],[230,-5],[99,62],[-65,255]],[[32918,89730],[-13,69]],[[30381,88361],[267,393],[257,71],[97,193],[72,-38],[125,374],[183,31],[73,296],[156,6],[14,60],[473,-26],[-8,-48],[194,18],[16,57],[618,-18]],[[31736,87598],[-39,-46]],[[31697,87552],[-188,-55],[-150,91],[-185,386],[-259,268],[-534,119]],[[40403,89399],[258,-45],[550,-156],[409,-91],[207,-166],[279,-135]],[[40918,87114],[-54,-262],[-69,-654],[-95,-340],[-156,-702]],[[40544,85156],[-279,40],[-204,-3]],[[40061,85193],[13,214],[-134,253],[-150,106],[-395,124],[-201,112],[-251,222],[-179,79],[-138,221],[-289,255],[-466,293],[-2,103],[-235,95]],[[37634,87270],[139,424],[-175,49],[50,159],[-241,41],[24,130]],[[38134,89432],[487,-46],[449,72],[979,26],[354,-85]],[[47855,89099],[471,-222],[212,-335]],[[48538,88542],[-651,-108],[-905,-95],[-661,-92],[8,-235],[274,-121],[-9,-408],[17,-331]],[[46611,87152],[-214,19],[-394,142],[-318,75],[-880,150],[-160,-54],[-394,-53],[-79,15]],[[44253,88616],[488,-20],[290,20],[464,-9],[111,149],[8,132],[116,379],[666,-4],[170,-47],[639,0],[650,-117]],[[58475,88481],[-41,-214],[55,-311],[170,-482],[70,-338],[116,-315],[-32,-211]],[[58813,86610],[-318,23],[-284,50],[-53,-175],[-509,-31],[-862,118],[-320,101]],[[56467,86696],[84,81],[663,493],[128,260],[31,524],[-134,400]],[[65935,86818],[-197,-77],[-442,-105],[-133,-61],[-343,-299],[-466,-115],[-391,177],[-267,-345],[-355,-148],[-92,-66],[-140,-287]],[[63109,85492],[-458,164]],[[62651,85656],[100,205],[-60,388],[-82,367],[-277,518],[-766,715],[-35,123],[145,239],[221,219],[223,132],[278,-5],[233,-114],[388,-122],[986,-138],[410,-1],[478,325],[159,56],[155,-12],[170,-221],[57,-350],[135,-459],[107,-434],[259,-269]],[[48549,88513],[-265,-257],[-172,-303],[-115,-283],[-193,-561],[-95,-183],[-140,-60]],[[47569,86866],[-216,72],[-110,81],[-365,95],[-267,38]],[[48538,88542],[11,-29]],[[31697,87552],[-153,-172],[-5,-256],[-78,-259],[-219,-373]],[[31242,86492],[-232,-549],[-144,-393]],[[30866,85550],[-607,132],[-601,79],[-285,93],[-370,73],[-25,423],[-472,117]],[[28506,86467],[-6,325],[26,390],[-31,676],[56,241],[-145,244],[4,59]],[[28410,88402],[108,40],[425,73],[510,46],[358,-179],[570,-21]],[[49154,88527],[730,-180],[116,-43],[-15,-116],[239,-113],[204,-135]],[[50428,87940],[61,-454],[154,-160],[-60,-367],[7,-167],[-92,-204],[-65,-27],[-121,-345],[-39,0],[-250,-620]],[[50023,85596],[-409,19],[-262,-231],[-57,-318],[5,-138],[-119,8],[-20,-133],[-160,25]],[[49001,84828],[-204,182],[-500,-25],[-660,96],[-294,85],[-63,84]],[[47280,85250],[34,226],[1,584],[115,267],[63,408],[76,131]],[[48549,88513],[211,-93],[394,107]],[[37634,87270],[-131,117],[-268,-57],[-207,-335],[-157,-211],[-92,-384],[-111,-94]],[[36668,86306],[-180,-72],[-77,-139],[-250,-623],[-49,-281]],[[36112,85191],[-384,70],[-475,126]],[[35253,85387],[164,320],[-410,151],[-12,49],[-243,196],[-63,266],[156,395],[-156,19]],[[54895,88304],[-18,-257],[40,-287],[145,-235],[153,-158],[205,-146],[150,-152]],[[55570,87069],[-187,-585],[-132,-338],[-48,-259]],[[55203,85887],[-142,26],[-148,178],[-82,376],[-692,255],[-52,483],[-138,127],[-96,170],[-153,505],[-17,215]],[[53683,88222],[284,-15],[166,84],[376,28],[386,-15]],[[55203,85887],[-208,-380],[-114,-147],[-409,-613],[-164,-287],[-139,-178],[-31,-253],[231,-450]],[[54369,83579],[-333,-134],[-548,-360],[-244,-107],[-8,-171],[-203,-38]],[[53033,82769],[-155,51],[-257,-65],[-54,447],[51,462],[415,1],[45,84],[-248,98],[-33,80],[29,246],[-2,457],[266,3],[17,259],[-223,35],[7,152],[-268,35],[-251,71],[-87,-227],[-228,70],[-354,71],[-86,-284],[100,-38],[-129,-122]],[[51588,84655],[-140,55],[-235,256],[-161,287],[-791,281],[-238,62]],[[50428,87940],[247,-17],[312,138],[524,102],[580,86],[409,-5],[257,-45],[254,-113],[336,-2],[179,100],[157,38]],[[33630,86880],[-184,-310],[18,-445],[-54,-480],[19,-287],[-25,-334],[-68,-233],[1,-319],[-58,-431],[-67,-249],[-26,-344]],[[33186,83448],[-185,20],[-68,215],[-383,118],[48,199],[-372,180]],[[32226,84180],[345,331],[16,159],[-341,291],[-142,252],[-9,377],[-85,187],[-3,174],[59,93],[-360,262],[-464,186]],[[47280,85250],[-261,39],[-142,-548],[40,-324],[-70,-369],[-119,-12],[-58,-94],[-184,-139],[-27,-199],[-126,43]],[[46333,83647],[-230,265],[-315,280],[-291,-4]],[[45497,84188],[-303,-40],[-782,13],[-285,26],[14,-180],[74,-201]],[[44215,83806],[-528,130],[-594,228],[-514,170],[-1020,294]],[[41559,84628],[-393,157],[254,388]],[[41420,85173],[133,66],[292,395],[134,-4],[261,226],[351,15],[183,120],[-116,145],[121,194]],[[40061,85193],[-310,-248],[-301,-513],[-378,-338],[-127,-55]],[[38945,84039],[-456,-114],[-228,-211],[-266,-121]],[[37995,83593],[-605,172]],[[37390,83765],[178,494],[167,-58],[-20,175],[121,140],[-7,123],[232,-33],[-6,97],[-528,213],[-152,83],[50,76],[336,273],[-366,170],[76,205],[-69,36],[84,203],[9,160],[-242,178],[-44,-135],[-541,141]],[[41420,85173],[-96,36],[-536,-19],[-244,-34]],[[58813,86610],[-111,-549],[52,-381]],[[58754,85680],[-119,-98],[-90,-306],[-32,-258],[-220,34],[-12,-397],[-211,38],[-62,-137],[-229,-104],[-95,-152],[-68,-350],[-675,15],[-248,78],[-477,48],[-64,124],[-381,-31],[-134,-261],[147,-199]],[[55784,83724],[-612,-29],[-187,9],[-616,-125]],[[55570,87069],[243,-249],[368,-241],[167,3],[119,114]],[[35253,85387],[-178,-237],[-95,-279],[-317,-362],[-311,-305],[-305,-339],[-137,-411],[-393,-22]],[[33517,83432],[-331,16]],[[65321,83231],[-687,30],[-860,142]],[[63774,83403],[13,54],[-248,386],[-343,201],[-170,414],[-76,80],[21,179],[-50,309],[188,466]],[[65935,86818],[213,-260],[52,-252],[116,-189],[304,-397],[-10,-186],[-100,-186],[-250,-185],[-560,-255],[-323,-218],[-183,-284],[71,-498],[12,-507],[44,-170]],[[32226,84180],[-497,267],[-294,138],[-318,198],[-328,114]],[[30789,84897],[66,259],[11,394]],[[37323,77878],[455,-210],[450,-94],[336,-39],[1011,-361]],[[39575,77174],[-171,-561],[-33,-339],[-224,-520],[-517,-53],[-5,-80],[-138,-219],[-464,166]],[[38023,75568],[-83,153],[-6,273],[-85,200],[-188,320],[-142,17],[-343,153],[-278,398],[151,454]],[[37049,77536],[38,434]],[[37087,77970],[236,-92]],[[41032,77843],[120,-58],[426,-94],[951,-337]],[[42529,77354],[-56,-609]],[[42473,76745],[-141,-975],[-91,-195]],[[42241,75575],[-353,48],[-74,39],[-416,89],[-153,-9]],[[41245,75742],[-265,17],[-3,114],[-117,554],[-41,2],[78,291],[-328,198]],[[40569,76918],[92,160],[165,388],[206,377]],[[38023,75568],[-45,-275],[-249,-279],[-136,-286],[8,-77]],[[37601,74651],[-237,-133],[-44,-77]],[[37320,74441],[-853,150],[-321,92],[-401,173],[-381,108],[-178,76]],[[35186,75040],[-38,6],[184,247],[151,464],[102,563],[79,349],[145,472]],[[35809,77141],[130,-13],[139,201],[438,341],[209,-34],[324,-100]],[[49389,77598],[64,-351],[-5,-281],[74,-609],[-3,-268],[-39,-86],[3,-311],[-73,-464],[-352,-12],[-35,74]],[[49023,75290],[-498,94],[1,158],[-634,101],[75,347]],[[47967,75990],[89,377],[193,391],[53,156],[69,422]],[[48371,77336],[259,114],[756,150]],[[49386,77600],[3,-2]],[[52347,76345],[-101,-411],[-81,-890]],[[52165,75044],[-44,-526],[13,-285],[-45,-369],[-86,-298]],[[52003,73566],[-380,126],[-116,13],[-249,175],[-743,120],[-393,-3],[-777,46],[-249,42]],[[49096,74085],[-41,194]],[[49055,74279],[-49,705],[17,306]],[[49389,77598],[176,-147],[21,-184],[272,-459],[6,-147],[763,-72],[95,-56],[680,-50],[604,-75],[341,-63]],[[46978,77545],[367,-29],[601,-125],[425,-55]],[[47967,75990],[-1055,22],[-783,77],[-10,187],[163,226],[42,136],[409,342],[-9,153]],[[46724,77133],[-42,107],[-40,346],[336,-41]],[[44873,77416],[-35,-112],[-11,-502],[-182,-466]],[[44645,76336],[-512,156],[-521,48],[-797,155],[-342,50]],[[42529,77354],[65,217],[699,-158],[244,92],[798,89],[292,-184]],[[44627,77410],[246,6]],[[52920,77395],[508,-195],[475,-111],[320,-127]],[[54223,76962],[-96,-32],[-147,-417],[-68,-313],[-46,-339],[1,-243],[45,-177],[-43,-477],[52,-10]],[[53921,74954],[4,-73],[-704,82],[-185,1],[-871,80]],[[52347,76345],[137,312],[114,516],[134,314],[188,-92]],[[49055,74279],[-572,-28],[-518,43],[-89,-29],[-603,26],[-23,-93],[-369,-5],[22,-85],[-512,-83],[-24,-76]],[[46367,73949],[-214,-64],[-571,-50],[-313,-52]],[[45269,73783],[-344,90],[-129,115],[-106,257],[-128,68],[-137,-11],[-82,190],[-407,105],[-107,198],[-35,147]],[[43794,74942],[51,-5],[14,299],[189,-14],[472,18],[59,161],[392,-51],[72,279],[18,361],[-168,233],[-248,113]],[[44873,77416],[669,-162],[341,-15],[841,-106]],[[62359,77223],[-71,-182],[-82,-384],[2,-346],[231,-114],[-32,-123],[146,-3],[173,-170]],[[62726,75901],[-15,-78],[-199,125],[-305,52],[-607,28],[-90,-176],[-712,165]],[[60798,76017],[59,322],[41,414],[-3,264]],[[60895,77017],[6,60],[484,27],[181,102],[196,181],[365,-116],[232,-48]],[[60798,76017],[-243,-412],[-98,-266],[-142,-197],[14,-112],[380,-150],[369,-111],[286,-111],[-66,-242],[-71,-53]],[[61227,74363],[-210,-268],[-150,-276],[-240,-325]],[[60627,73494],[-477,114],[-627,123],[-655,53]],[[58868,73784],[-90,16],[175,503],[123,150],[520,477],[171,3],[194,502],[94,140],[-69,297],[53,222],[125,304],[4,340],[134,491]],[[60302,77229],[255,-113],[338,-99]],[[41245,75742],[-323,-344],[-171,-528],[-27,5]],[[40724,74875],[-286,50],[-258,-424],[158,-164],[-518,-516],[-258,-313],[-162,19],[-114,90]],[[39286,73617],[-449,80],[-313,132],[-265,250],[-314,233],[-51,97],[-293,242]],[[39575,77174],[994,-256]],[[43794,74942],[-254,59],[-378,26],[-599,-168],[-573,-132]],[[41990,74727],[167,509],[84,339]],[[64613,75331],[-105,-245],[-33,-214],[-91,-176],[19,-184],[-42,-559],[-65,-277]],[[64296,73676],[-172,-534]],[[64124,73142],[-479,91],[-221,16]],[[63424,73249],[-373,247],[17,413],[-41,148]],[[63027,74057],[191,189],[95,296],[-8,356],[45,448],[-15,372],[-208,29]],[[63127,75747],[366,272],[261,241],[414,127],[244,18]],[[64412,76405],[103,-48],[79,-419],[-41,-4],[24,-484],[95,-37],[-59,-82]],[[62726,75901],[123,-136],[229,-57],[49,39]],[[63027,74057],[-546,-77],[-217,75]],[[62264,74055],[-762,307],[-275,1]],[[41990,74727],[-76,-194]],[[41914,74533],[-165,0],[-574,64],[-439,192],[-12,86]],[[65303,75203],[157,-454],[7,-584],[128,-88],[36,-118],[153,-128],[202,-36]],[[65986,73795],[-187,-232],[-56,-222],[2,-242]],[[65745,73099],[-464,164]],[[65281,73263],[-421,166],[-564,247]],[[64613,75331],[690,-128]],[[53921,74954],[224,-40]],[[54145,74914],[-212,-652],[-299,-445]],[[53634,73817],[-282,1],[-268,-196],[-119,-286],[56,3],[-69,-167],[-369,-17],[-105,-50],[-35,-331]],[[52443,72774],[-159,89],[-68,229],[-207,308],[-6,166]],[[54145,74914],[421,-133],[84,238],[278,-29],[4,-182],[-79,-168],[190,-53],[461,-39],[-70,-428],[-149,-632]],[[55285,73488],[-306,47],[-537,46],[-305,63],[22,94],[-253,69],[-272,10]],[[45269,73783],[135,-472],[7,-284]],[[45411,73027],[-155,-525],[-415,-16],[-1035,85],[-240,4]],[[43566,72575],[-194,21],[-249,118],[-263,194],[-230,32],[-257,-39],[-328,23]],[[42045,72924],[43,273],[-87,391],[28,467],[-115,478]],[[42045,72924],[-23,-148]],[[42022,72776],[-448,97],[-484,244],[-135,-69],[-570,-67],[-156,42],[-268,-39],[-68,70],[-587,184],[-334,61]],[[38972,73299],[314,318]],[[62264,74055],[-114,-350],[-22,-266],[67,-552],[64,-173],[-12,-186]],[[62247,72528],[-209,-399]],[[62038,72129],[-62,-41],[-239,-320],[-220,68]],[[61517,71836],[-376,100],[-761,250],[112,389]],[[60492,72575],[55,264],[-4,352],[84,303]],[[49096,74085],[-60,-264],[-10,-208],[-86,-256],[-175,-633],[-24,-157],[-31,-582],[-52,-261]],[[48658,71724],[-187,46]],[[48471,71770],[31,73],[8,297],[-154,101],[-352,16],[-92,63],[-313,340],[-254,61],[-20,223],[-143,170]],[[47182,73114],[60,104],[-20,129],[-113,135],[-271,11],[41,181],[-400,193],[-112,82]],[[68471,74104],[343,-80],[-69,-188],[-67,-10],[-232,-775],[-37,-180],[121,-21],[24,-304],[-1034,58],[-392,83],[-689,27],[-4,-40],[-482,33]],[[65953,72707],[-177,18],[-31,374]],[[65986,73795],[169,292],[77,-37],[715,-108],[-55,98],[676,6],[405,73],[488,-62],[10,47]],[[52443,72774],[-27,-70]],[[52416,72704],[-260,6],[-26,-239],[-500,59],[-87,-614],[-108,-254]],[[51435,71662],[-10,-37],[-226,137]],[[51199,71762],[-210,26],[-88,-33],[-276,-370],[-257,22],[-12,202],[-316,71],[-519,-243],[-164,-10],[-489,268],[-210,29]],[[80604,34378],[-9,-49],[655,-145],[1166,-140],[639,-45]],[[83055,33999],[63,-6],[-55,-784]],[[83063,33209],[-164,-124],[-403,-453]],[[82496,32632],[-344,-375],[-227,-275]],[[81925,31982],[-196,-108],[-263,4],[-339,99],[-264,146],[-308,233],[-613,375],[-413,315]],[[79529,33046],[48,526],[214,616],[91,-21],[142,409]],[[80024,34576],[208,-52],[372,-146]],[[64633,34132],[-30,-23],[7,-498],[-78,-244],[-30,-327],[-109,-5],[-34,-118],[-128,-56]],[[64231,32861],[-910,73],[-534,5]],[[62787,32939],[-43,64]],[[62744,33003],[-11,502],[55,640],[-3,377]],[[62785,34522],[411,-81],[508,-246],[149,-45],[377,-35],[403,17]],[[73431,34373],[177,-84],[203,-39],[967,-50]],[[74778,34200],[23,-347],[-92,-88],[302,-29],[-82,-343],[0,-441],[-123,-22],[215,-620]],[[75021,32310],[-1175,-41]],[[73846,32269],[-29,634],[9,263],[-302,62],[-18,309],[-208,33],[59,425],[74,378]],[[66530,34202],[-43,-330],[-13,-376],[114,-6],[-21,-233],[229,-24],[436,-98]],[[67232,33135],[-247,-570],[-70,-249]],[[66915,32316],[-33,-96],[-418,73],[-619,-20]],[[65845,32273],[-622,47],[-786,130],[-280,70],[74,341]],[[64633,34132],[450,28],[13,103],[159,9]],[[65255,34272],[163,13],[1112,-83]],[[84888,33865],[108,-66],[42,-230]],[[85038,33569],[-20,-260],[-81,-347],[-204,-432],[-150,-160]],[[84583,32370],[-268,261]],[[84315,32631],[-227,302],[-311,229]],[[83777,33162],[123,58],[290,670],[347,-48],[351,23]],[[96949,32970],[99,-452],[-32,-467],[-133,-277]],[[96883,31774],[-564,111],[-990,231],[-630,110],[-1413,337]],[[93286,32563],[64,306],[24,647],[-6,233]],[[93368,33749],[860,-139],[24,37],[432,-119],[23,81],[216,-101],[395,-121],[367,-147],[194,-160],[75,-1],[49,-138],[436,-19],[510,48]],[[86055,33138],[-248,-851],[-170,-491],[-50,-96]],[[85587,31700],[-253,138],[-393,178],[-358,354]],[[85038,33569],[468,-53],[-79,-348],[426,-37],[202,7]],[[87160,33188],[236,-301],[96,-451],[7,-332],[-55,-74]],[[87444,32030],[-227,-283],[-324,-135],[-513,-125]],[[86380,31487],[-358,54],[-435,159]],[[86055,33138],[995,-7],[110,58]],[[87160,33189],[0,-1]],[[62787,32939],[99,-272],[-47,-258],[135,-6],[21,-105],[122,1],[-29,-420],[-54,-157],[61,-12],[-211,-551]],[[62884,31159],[-103,4],[-200,-86],[-234,50],[-89,-305],[-188,47],[-86,-164],[-119,117],[-133,47],[-49,-103],[-207,52]],[[61476,30818],[-306,37],[-151,48]],[[61019,30903],[99,215],[158,-28],[120,136],[221,397],[4,272],[-118,353],[-48,369],[9,293]],[[61464,32910],[1280,93]],[[65845,32273],[-19,-551],[-284,55],[-22,-240],[142,-4],[-63,-417],[-384,60],[-38,-130],[-334,76],[-88,-217],[-239,22],[-3,93],[-224,5],[-14,105],[-265,8],[22,202],[-494,184],[-156,10],[-153,-465],[-228,106],[-117,-16]],[[78523,32582],[-245,-297],[-66,-156],[-21,-190],[129,-316]],[[78320,31623],[-242,1],[-144,-147],[-301,80],[-171,169],[-108,173],[-177,27],[-125,-61],[-317,-34],[-858,17],[-199,35],[-29,446]],[[75649,32329],[772,-13],[13,110],[94,46],[21,117],[280,9],[586,-52],[65,263],[305,-64],[579,-74],[159,-89]],[[96883,31774],[-290,-476],[-353,-479],[-357,-257],[-773,-397],[-166,-173],[7,-146],[-174,-76],[-433,-59],[-215,6],[-228,83],[-169,103],[-98,196],[-317,248],[-452,118],[-491,-108],[-288,-137]],[[92086,30220],[-110,108],[-292,191],[-182,260]],[[91502,30779],[333,383],[170,161],[372,413],[301,360],[179,251],[135,259],[294,-43]],[[78320,31623],[113,-434],[-12,-316],[-121,-111],[-362,-62],[-504,-50],[-230,-77],[-531,-305],[-935,-480]],[[75738,29788],[-395,-145],[-167,-110]],[[75176,29533],[-349,-238]],[[74827,29295],[-137,53],[-234,23],[15,167],[-309,-43],[-112,126],[66,214],[-172,231],[-172,68],[-227,264],[-2,62],[-218,136],[-24,96]],[[73301,30692],[259,29],[87,431],[20,263],[80,475],[98,374]],[[73845,32264],[1,5]],[[75021,32310],[628,19]],[[67692,31333],[-35,-219]],[[67657,31114],[-18,-87],[-432,-176],[-339,-45],[-36,-344],[-108,-345],[-11,-239],[65,-353]],[[66778,29525],[-112,-33],[-438,-271],[-236,-222],[-212,-64]],[[65780,28935],[-523,70],[-810,156],[-330,-55],[-208,-112],[-143,-223],[-189,-580],[-8,-298],[49,-772],[-238,-176],[-417,-34]],[[62963,26911],[-577,181],[-240,118]],[[62146,27210],[54,96],[167,473],[204,-30],[256,528],[-542,190],[147,620],[-141,-15],[-441,40],[24,285],[75,137],[-2,159],[-82,17],[26,173],[-165,31],[135,411],[-532,144],[147,349]],[[66915,32316],[272,-54],[631,-159],[-126,-770]],[[73301,30692],[-311,10],[-358,42],[-371,-56]],[[72261,30688],[-77,308],[-199,512],[-408,36]],[[71577,31544],[140,208],[455,39],[387,130],[443,57],[673,179],[170,107]],[[72261,30688],[11,-94]],[[72272,30594],[-428,-12],[8,-214],[64,-427],[-19,-127],[-138,-423],[-115,-719],[-96,-348],[-137,-346],[-131,-263]],[[71280,27715],[-186,78]],[[71094,27793],[-183,225],[-403,655],[-144,183],[-290,219],[-235,125],[-222,-1],[-384,-111],[-183,-90],[-198,-178]],[[68852,28820],[-164,510],[-107,275],[-86,321],[-46,355],[-98,169],[-59,522],[-637,90],[2,52]],[[67692,31333],[299,14],[360,74],[799,236],[424,79],[270,1],[579,44],[63,198]],[[70486,31979],[274,-179],[672,-380],[145,124]],[[92086,30220],[-622,-295],[-197,-143],[-606,-277],[-674,-205],[-409,234],[-261,231],[-92,174],[-84,267],[-37,245],[23,317],[101,347],[222,384],[1341,435]],[[90791,31934],[185,-304],[215,-79],[178,-245],[23,-212],[110,-315]],[[68852,28820],[-297,-386]],[[68555,28434],[-217,-85],[-321,23],[-202,117],[-130,142],[-99,184]],[[67586,28815],[-341,544],[-197,159],[-270,7]],[[62146,27210],[-407,292]],[[61739,27502],[-583,427],[-284,177],[-415,159],[-374,76]],[[60083,28341],[63,593],[29,641],[-239,203],[-204,98],[-462,153]],[[59270,30029],[-32,10],[137,521],[49,-2]],[[59424,30558],[431,-35],[971,-131],[193,511]],[[74827,29295],[-359,-229],[-670,-392],[-693,-320]],[[73105,28354],[-131,-55]],[[72974,28299],[-150,575],[-53,394],[-165,393],[-99,129],[-88,247],[-147,557]],[[72974,28299],[-169,-161],[-98,-192],[-270,-280]],[[72437,27666],[-123,-97],[-177,-46],[-422,-5],[-435,197]],[[47495,17366],[-110,-470],[-170,-912]],[[47215,15984],[-118,-470],[11,-380],[-56,-511]],[[47052,14623],[-463,2],[-149,71],[-419,41],[-118,44],[-132,167],[-629,46],[-614,65],[-286,15],[-370,87]],[[43872,15161],[79,454],[-67,455],[-42,95]],[[43842,16165],[115,49],[329,0],[130,-108],[200,457],[217,-142],[3,-190],[629,57],[247,2],[147,-140],[135,44],[-157,249],[19,129],[71,-6],[10,200],[111,393],[167,64],[-19,716],[-29,139]],[[46167,18078],[3,78],[1058,58]],[[47228,18214],[101,-570],[166,-278]],[[40796,15093],[-90,-577],[-539,-9],[-262,-50]],[[39905,14457],[-214,-63],[-449,-75],[-390,20],[-419,50],[-161,48]],[[38272,14437],[-57,121],[-50,884],[82,484]],[[38247,15926],[1214,-87],[180,-102],[271,77],[174,-50],[87,-197],[116,-65],[425,-92],[82,-317]],[[42100,15388],[218,-71],[876,-518],[168,-138],[295,-157]],[[43657,14504],[91,-382]],[[43748,14122],[-92,-203],[-74,-290],[-265,-228],[-123,-145],[-53,-249],[-18,-459],[139,-448],[1,-111]],[[43263,11989],[-65,-351],[-223,-366],[-34,-123]],[[42941,11149],[-329,10],[-577,-16],[-101,40],[45,-243]],[[41979,10940],[-422,30],[-416,67],[-538,-8],[-474,-51]],[[40129,10978],[7,108],[225,199],[127,38],[75,121],[-42,221],[49,397],[-115,279],[-128,82],[-33,174],[98,210],[161,143],[-77,58],[-542,-189]],[[39934,12819],[108,217],[145,167],[263,169],[279,78],[-24,268],[-589,26],[37,277],[-298,29],[50,407]],[[40796,15093],[199,24],[58,135],[278,398],[176,-63],[132,-97],[265,-37],[196,-65]],[[39934,12819],[-290,-241],[-387,-386],[-287,-153],[-313,-218],[203,-205],[63,-21],[0,-185],[130,-14],[199,-96],[1,-178],[-340,42],[-23,-165]],[[38890,10999],[-386,-43],[-18,219],[-103,136],[-276,98],[-103,-2],[-13,487],[-64,21],[88,352],[-43,93],[225,492],[45,149],[-21,177],[2,398],[76,383],[16,331],[-43,147]],[[40129,10978],[-964,-63],[-274,21],[-1,63]],[[42941,11149],[-23,-360],[-79,-420],[4,-198],[76,-486],[-92,-358],[-128,-222],[19,-66]],[[42718,9039],[-438,494],[-276,216],[-65,124],[-38,339],[-68,193],[48,323],[98,212]],[[57837,65843],[168,-366],[-51,-312],[267,-98],[348,-268],[477,-278],[575,-143],[517,-253]],[[60138,64125],[-238,-753],[695,-195],[-61,-194],[370,-69],[-25,-144],[325,-5],[-34,-481],[403,-110],[201,-123],[-219,-393]],[[61555,61658],[-185,35],[-196,-562],[-210,19],[-174,-442],[-296,-994],[-168,-387],[-418,-774],[-52,-270]],[[59856,58283],[-217,94],[-236,172]],[[59403,58549],[-261,114],[7,92],[-396,164],[-671,166],[-331,45]],[[57751,59130],[-2,159],[-109,183],[-672,389],[-481,19],[-342,85],[-142,-543],[-73,-189],[-54,-338]],[[55876,58895],[-228,44],[-241,117],[-312,71],[-260,-24]],[[54835,59103],[105,271]],[[54940,59374],[122,490],[72,190],[-391,17],[-414,118]],[[54329,60189],[-548,217]],[[53781,60406],[148,726]],[[53929,61132],[32,21],[339,801],[107,-3],[107,81],[199,478],[311,665],[319,534],[145,449],[-76,442]],[[55412,64600],[256,137],[294,216],[125,222],[189,495],[-6,172]],[[56270,65842],[560,9],[517,-24],[117,-34],[144,51],[229,-1]],[[71248,60410],[-399,192],[-317,298],[-542,323],[-34,155],[-118,272],[-21,603],[-242,83]],[[69575,62336],[1,277],[88,279]],[[69664,62892],[234,-44],[202,471],[222,397],[34,150],[34,549],[873,-170],[442,-48],[276,-2],[440,-40],[78,-176],[275,-189],[105,-159],[5,-249],[-206,-455],[-42,-189],[-100,-134],[-316,-92],[-198,-9],[-82,-111],[30,-119],[85,-25],[248,-292],[46,-264],[-33,-106],[-210,-116],[-202,-66],[-251,-34],[-182,-99],[-124,-154],[-23,-438],[-76,-269]],[[69575,62336],[-3,-36],[-396,42],[-209,-3],[-216,44],[-156,-32],[-194,-142],[-111,-254],[-56,-308],[-415,13],[-720,1],[-972,39],[-726,128]],[[65401,61828],[75,3],[146,283],[273,823],[182,659],[88,154]],[[66165,63750],[551,-108],[56,138]],[[66772,63780],[659,-156],[262,-104],[664,-198],[-5,-194],[168,-35],[492,-15],[4,80],[159,44],[118,-50],[188,-182],[183,-78]],[[71248,60410],[-18,-37],[-360,-235],[-94,-131],[-78,-381],[-61,-119]],[[70637,59507],[-611,100],[-275,-195],[-128,-12],[-222,-118],[21,-143],[-40,-150],[-222,-166],[-239,27],[-324,107],[-479,199],[-394,137],[-41,-69],[-190,113],[-574,28],[-535,-43],[-325,4]],[[66059,59326],[-313,682],[-164,235],[-276,157],[-109,193],[-211,76],[47,458]],[[65033,61127],[114,301],[129,250],[125,150]],[[61555,61658],[383,-78],[512,-151],[427,-90]],[[62877,61339],[9,-301],[-123,-1444],[-62,-305],[-161,-456]],[[62540,58833],[-331,67],[-201,-389],[-480,86],[-121,3],[-136,-270],[-678,186],[-149,-212],[-135,-219],[44,-9]],[[60353,58076],[-10,-11],[-121,42],[-366,176]],[[66059,59326],[40,-297],[-143,-374],[82,-54],[-106,-222],[-230,-909]],[[65702,57470],[-211,-262],[-177,-267],[-460,-899],[-240,-159],[-178,-6],[-223,-65],[-354,20]],[[63859,55832],[-54,98],[-227,141],[-66,191],[-111,75],[-324,318],[-274,191]],[[62803,56846],[20,642],[-189,47],[182,774],[-119,300],[-157,224]],[[62877,61339],[91,56],[239,-3],[154,76],[369,-46],[73,-39],[703,-177],[527,-79]],[[54329,60189],[-62,-569],[236,-44],[-14,-117],[451,-85]],[[54835,59103],[-40,-64]],[[54795,59039],[-89,10],[-42,-98],[-225,33],[-283,-4],[-26,-197],[-134,-60],[-222,38],[-626,158],[-119,-310],[224,-69],[-13,-199],[-95,-367]],[[53145,57974],[-842,84]],[[52303,58058],[39,433],[-19,26]],[[52323,58517],[43,283],[43,1233],[-46,226],[-470,61]],[[51893,60320],[-108,168],[-26,222],[108,180],[159,37]],[[52026,60927],[358,64],[113,-121],[-12,-301],[194,-2],[239,134],[288,13],[213,-97],[362,-211]],[[53897,59773],[-66,-499],[156,-4],[143,453],[-233,50]],[[45750,60439],[-40,-332],[-6,-308],[-40,-491],[174,-17],[-58,-612],[-52,-827]],[[45728,57852],[-552,-1],[-186,20]],[[44990,57871],[-127,203],[-27,387],[-175,203],[-397,-91],[0,135],[-325,109],[-212,109],[-296,92]],[[43431,59018],[-80,83],[-9,324]],[[43342,59425],[604,69],[242,78],[285,-86],[193,-2],[341,234],[356,190],[68,92],[8,207],[-158,235]],[[45281,60442],[6,116],[112,20],[351,-139]],[[47105,60420],[196,-148]],[[47301,60272],[-99,-78],[-152,-601],[-144,-487],[-68,-423]],[[46838,58683],[-424,17],[-58,-909],[-127,11]],[[46229,57802],[-501,50]],[[45750,60439],[643,-25],[341,76],[168,8],[203,-78]],[[50204,60423],[-14,-306],[-55,-483],[-79,-416],[-45,-375]],[[50011,58843],[-583,23],[-61,-410],[-142,-6],[32,-119],[-461,-38],[-277,19]],[[48519,58312],[7,39],[-566,185],[-258,65]],[[47702,58601],[-864,82]],[[47301,60272],[202,-214],[206,-34],[424,163],[127,4],[295,-75],[441,223],[382,15]],[[49378,60354],[545,71],[281,-2]],[[50767,60368],[575,-120],[127,-61],[259,-9],[174,84],[-9,58]],[[52323,58517],[-265,32],[-456,94],[-753,121],[-275,67],[-156,-13],[-407,25]],[[50204,60423],[563,-55]],[[57736,58958],[-883,41],[-119,-480]],[[56734,58519],[-527,214],[-184,57],[-147,105]],[[57751,59130],[-15,-172]],[[70637,59507],[-261,-502],[-288,-347],[-295,-81],[-194,-166],[-79,-172],[-28,-342],[56,-210]],[[69548,57687],[-770,-27],[-158,-27],[2,-63],[-385,-30],[-826,24],[-39,-217]],[[67372,57347],[-313,30],[-1074,64]],[[65985,57441],[-283,29]],[[43262,59419],[80,6]],[[43431,59018],[-33,5],[-17,-306],[43,-162],[-239,86],[-98,-81],[-137,-250],[-90,-53],[-132,-293],[-33,-356],[-72,-367],[-41,-417],[-78,-393]],[[42504,56431],[-568,3],[-359,-30]],[[41577,56404],[96,547],[97,422],[99,815],[-14,246],[95,753],[75,323],[130,104]],[[42155,59614],[414,-172],[403,-54],[290,31]],[[59403,58549],[-43,-169],[-84,-606],[-64,-161],[-127,-96],[-56,-170],[-31,-317],[90,-24]],[[59088,57006],[-221,-66],[-222,-119]],[[58645,56821],[-68,265],[11,230],[-386,83],[-11,34]],[[58191,57433],[-4,144],[-70,77],[-488,21],[85,659],[-9,180],[31,444]],[[56734,58519],[-25,-176],[84,-196],[83,0],[109,-255],[-17,-79],[60,-342],[-42,-323],[289,-203],[125,-27],[165,117]],[[57565,57035],[40,-387],[-56,-81]],[[57549,56567],[-181,88],[-140,-157]],[[57228,56498],[-234,32],[-91,-104],[-124,-269],[-486,77],[-780,26],[-345,45],[-267,92],[-113,88],[-370,136],[-138,417],[-69,753]],[[54211,57791],[29,257],[76,218],[164,279],[101,-31],[214,525]],[[54211,57791],[-657,85],[-409,98]],[[44990,57871],[10,-593],[60,-405],[-267,-60]],[[44793,56813],[-277,-94],[-77,-252],[-329,-36],[-317,-112],[-280,-9]],[[43513,56310],[-590,35],[-419,86]],[[58191,57433],[-406,93],[-118,-127],[-102,-364]],[[62803,56846],[-399,-1112],[-90,-497],[-100,-234],[-84,-31],[-219,190],[-295,88]],[[61616,55250],[-4,45],[174,286],[23,223],[-264,-101]],[[61545,55703],[-51,298],[56,290],[-584,132],[-44,65],[88,213],[-207,130],[-265,76]],[[60538,56907],[118,505],[174,499],[-477,165]],[[52303,58058],[-89,-913],[-67,-439],[-61,-220],[-204,-441],[-135,-679],[-239,-920]],[[51508,54446],[-472,68],[-191,8],[-427,137],[-639,86]],[[49779,54745],[-845,168]],[[48934,54913],[-170,23],[-470,147],[-492,66]],[[47802,55149],[49,191],[17,328]],[[47868,55668],[9,188],[108,721],[26,263],[92,447],[16,332]],[[48119,57619],[303,-3],[-16,178],[113,518]],[[47702,58601],[-47,-272],[-177,-427],[-53,-234]],[[47425,57668],[-148,-24],[-39,-466],[-224,57]],[[47014,57235],[-404,112],[-20,-70],[-476,57],[115,468]],[[48119,57619],[-184,27],[-510,22]],[[79382,49157],[-226,-298],[-391,-118],[-931,-36],[-579,-45]],[[77255,48660],[-110,115],[-517,79],[-378,25],[-71,396],[-1,141],[-978,239],[-703,43],[-341,-396],[-261,-162],[-311,-374],[-98,-201],[-471,30]],[[73015,48595],[45,438],[282,937],[-314,79],[135,317],[79,356],[-581,47]],[[72661,50769],[18,338],[-11,384],[-58,114],[30,261],[339,-36],[712,-117],[330,-73],[270,617],[484,13],[76,131],[549,103],[432,196],[188,107],[904,30],[895,-83],[542,-120],[95,107],[256,-139],[165,-265],[-35,-186],[23,-183],[-61,-177],[300,-111],[-99,-122],[-123,-294],[51,-899],[85,-289],[44,-283],[395,-1],[-10,-224],[-65,-411]],[[77255,48660],[-71,-574]],[[77184,48086],[-60,-1013],[96,-443]],[[77220,46630],[-523,4],[-804,29],[-68,-330],[-165,-41],[-277,37]],[[75383,46329],[-559,117],[-739,274],[-388,52],[-19,-222],[-246,51],[-103,-153],[-282,-186]],[[73047,46262],[-214,76],[-96,229],[-124,193],[-301,226]],[[72312,46986],[-41,34],[221,591],[119,-27],[206,466],[198,545]],[[81457,48149],[-399,-29],[-409,19],[-55,44]],[[80594,48183],[-23,170],[-60,50]],[[80511,48403],[63,374],[129,564],[304,-48],[974,193],[724,62],[28,-374],[-31,-3],[-1,-314],[-441,-99],[-557,-164],[-175,-80],[-71,-365]],[[80594,48183],[-42,-89],[-977,87],[-343,-36],[-540,-30],[-491,3],[-527,-40],[-490,8]],[[79382,49157],[455,-18],[-1,-193],[144,-332],[399,-83],[132,-128]],[[81457,48149],[58,-329],[97,-362],[32,-236],[-14,-420],[31,-156]],[[81661,46646],[-126,-314],[-141,-115]],[[81394,46217],[-98,110],[-321,55],[-599,-50],[-565,-24],[-165,21],[-482,-50],[-306,-9],[-905,24],[-31,47],[-440,-40]],[[77482,46301],[-262,329]],[[89438,45397],[-297,-80],[-191,-148],[-225,-115],[-525,-57]],[[88200,44997],[-182,43],[-625,56],[-373,85],[-216,95],[-246,40],[-158,-42],[-179,-144],[-315,-78]],[[85906,45052],[-158,147],[-298,13],[-7,228],[-111,548],[-78,252]],[[85254,46240],[92,96],[315,166],[373,94],[566,105],[372,98],[724,93],[213,76],[500,0],[164,-43],[280,-214],[189,-77],[300,-49],[81,-832],[15,-356]],[[75383,46329],[-16,-134],[-178,-492],[-362,-143],[-172,-426]],[[74655,45134],[-757,250],[-149,133]],[[73749,45517],[-276,267],[-469,383],[43,95]],[[77482,46301],[250,-439]],[[77732,45862],[-123,-226],[-146,25],[-181,-337],[-212,-473],[-69,-66],[-189,-392],[-75,-73]],[[76737,44320],[-662,205]],[[76075,44525],[-884,372]],[[75191,44897],[-536,237]],[[83273,45970],[-64,-470],[-217,-632],[-28,-320],[127,-397],[13,-118],[-41,-492]],[[83063,43541],[-587,93]],[[82476,43634],[-134,872],[-380,23],[-782,12],[-367,30]],[[80813,44571],[87,469],[39,420],[80,513],[235,109],[140,135]],[[81661,46646],[703,-119],[341,-316],[420,-203],[148,-38]],[[80813,44571],[-160,-48],[-575,-14],[-152,19],[-490,179],[-665,11]],[[78771,44718],[-274,74],[-59,90],[63,130],[-315,63],[-299,576],[-155,211]],[[85906,45052],[-34,-149],[-158,-238],[-175,-204],[-185,-421],[-218,-265]],[[85136,43775],[-257,-137],[-100,-102],[-265,-88]],[[84514,43448],[-494,36],[-539,-44],[-418,101]],[[83273,45970],[499,-62],[613,-33],[376,70],[104,105],[389,190]],[[78771,44718],[-49,-295],[54,-9]],[[78776,44414],[-269,-750],[-87,-288],[8,-247],[41,-50]],[[78469,43079],[-337,-54],[-188,34]],[[77944,43059],[-93,96],[-95,315],[-17,171],[-95,257],[-209,240],[-266,105],[-432,77]],[[90422,44985],[-4,-244],[49,-351],[365,-699],[184,-204]],[[91016,43487],[-33,-387]],[[90983,43100],[-422,36],[-667,145],[-478,13]],[[89416,43294],[-334,37],[-432,8],[-271,29],[-205,754],[-45,239],[-118,12]],[[88011,44373],[155,458],[34,166]],[[89438,45397],[329,-83],[237,-99],[-4,-58],[422,-172]],[[88011,44373],[-96,-49],[-140,-372],[-113,-496],[-163,-450]],[[87499,43006],[-341,39],[-1023,350],[-759,304],[-240,76]],[[93859,44506],[-114,-119],[-149,-305],[-239,-389]],[[93357,43693],[-856,-116],[-228,9],[-180,48],[-416,-46],[-452,-95],[-209,-6]],[[90422,44985],[348,-43],[112,131],[456,53],[306,100],[314,10],[544,-32],[724,-122],[161,-201],[278,-279],[194,-96]],[[76075,44525],[-233,-291],[-206,-92],[-320,-306],[-226,-311],[-264,-591],[-267,-350],[-352,40]],[[74207,42624],[-106,27],[45,296],[96,234],[219,283],[109,39],[138,-34],[57,211],[224,590],[29,5],[173,622]],[[82476,43634],[-144,-438],[-262,-131],[-230,-196],[-352,-242],[-922,-476],[-314,-249]],[[80252,41902],[-45,36],[-401,122],[-108,220],[28,410]],[[79726,42690],[223,61],[238,851],[-449,42],[42,341],[-181,26],[-296,95],[35,250],[-562,58]],[[98325,42688],[-340,-43],[-121,-42],[-849,-117],[-294,-18],[-258,27]],[[96463,42495],[-67,21],[-112,247],[-64,55],[-16,220],[-65,64],[-65,308],[54,270]],[[96128,43680],[29,101],[325,537],[408,128],[114,222],[340,-97],[353,-130],[312,-149],[212,-138],[393,-58],[5,-308],[-54,5],[-56,-224],[-108,-217],[-51,-265],[-25,-399]],[[96463,42495],[-51,-207],[-134,-312],[-71,-439],[33,-59]],[[96240,41478],[-45,-54],[-497,4],[-572,-18]],[[95126,41410],[-136,2],[-620,140],[-453,155],[-412,30]],[[93505,41737],[-33,351],[-100,151],[-211,463],[-3,173],[82,541],[117,277]],[[93859,44506],[214,-104],[314,-91],[35,-76],[285,-184],[308,-2],[1,-86],[703,-159],[409,-124]],[[77944,43059],[-223,24],[18,-98],[-116,-160],[-347,102],[-282,16],[-103,-370],[-489,8],[-90,-309],[-75,6],[-49,-148]],[[76188,42130],[-178,32],[-525,181],[-561,-435],[-366,-433],[-182,24]],[[74376,41499],[-386,15],[-362,160]],[[73628,41674],[357,621],[103,-20],[119,349]],[[79726,42690],[-59,186],[-272,183],[-455,91],[-229,14],[-242,-85]],[[89416,43294],[22,-216],[-27,-560],[22,-157],[-309,-15],[-664,-88],[-370,1],[-502,25]],[[87588,42284],[-89,722]],[[87588,42284],[-25,-374],[-103,-402],[-23,-364]],[[87437,41144],[-680,-80]],[[86757,41064],[-90,179],[-373,109],[-639,109],[-598,164],[-315,113],[-559,94]],[[84183,41832],[95,138],[-13,196],[29,585],[57,256],[163,441]],[[93505,41737],[-181,-60],[-674,-384],[-289,-98],[-430,-277]],[[91931,40918],[-262,-6]],[[91669,40912],[-117,267],[-23,260],[-248,385],[-137,311],[-106,169],[-41,175],[21,214],[-35,407]],[[84183,41832],[-69,-246],[-12,-601],[-60,-304],[134,-59],[175,-186],[64,-13],[126,-295],[439,-261],[183,-272],[283,-51],[-32,-97]],[[85414,39447],[-98,-302],[-66,-73]],[[85250,39072],[-175,35],[-564,257],[-248,42],[-580,57],[-790,-105],[-210,-86],[-461,20],[-249,-98],[-262,119],[-155,-213]],[[81556,39100],[-9,132],[-332,373],[-144,120],[-482,237],[-182,-9],[-343,65],[34,166]],[[80098,40184],[91,71],[451,113],[389,23],[310,76],[174,-8],[-125,317],[-259,366]],[[81129,41142],[-433,374],[-390,286],[-54,100]],[[91669,40912],[-639,-33],[-72,-31],[-457,-56],[-521,-99],[-223,73]],[[89757,40766],[-46,247],[-71,1],[-4,153],[-144,37],[27,114],[-237,35],[51,280],[-87,340],[-290,23],[-512,5],[-625,90],[-104,-525],[-51,-26],[-37,-446]],[[87627,41094],[-190,50]],[[81129,41142],[-85,-64],[-300,-10],[-634,46],[-17,-81],[-689,89],[-859,189],[-325,26],[-1143,144]],[[77077,41481],[49,207]],[[77126,41688],[252,-79],[215,84],[192,27],[45,154],[521,803],[124,343],[-6,59]],[[77126,41688],[-938,442]],[[98801,41069],[-234,19],[-471,100],[-897,135],[-217,21]],[[96982,41344],[-463,132],[-279,2]],[[98325,42688],[197,-376],[214,-305],[64,-225],[52,-494],[-51,-219]],[[71105,42665],[602,-128],[349,-149],[610,-194],[405,-145]],[[73071,42049],[-99,-266],[-136,-277],[-52,0],[-239,-512],[-40,-4]],[[72505,40990],[-621,27],[-952,154]],[[70932,41171],[-59,49],[102,734],[-133,32]],[[70842,41986],[72,228],[191,451]],[[77077,41481],[-22,-100],[-264,38],[-64,-257],[-66,7],[-14,-306]],[[76647,40863],[-97,-231],[-26,-187]],[[76524,40445],[-535,-27],[-637,31],[-404,-22],[-442,-55],[-370,3]],[[74136,40375],[176,942],[64,182]],[[89757,40766],[-706,178],[-534,57],[-689,-2]],[[87828,40999],[-201,95]],[[74136,40375],[-268,6],[-86,-438]],[[73782,39943],[-400,34],[-437,58],[-621,184],[86,268],[95,503]],[[73071,42049],[169,-93],[388,-282]],[[86757,41064],[-77,-338],[-226,-405],[-202,-292],[-178,-604],[-660,22]],[[95126,41410],[-68,-126],[-19,-204],[19,-296],[-46,-165],[-174,-396],[17,-381]],[[94855,39842],[-26,-58],[-406,71],[-199,88],[-268,69],[-305,23],[-836,94],[-2,81],[-311,38],[-511,97]],[[91991,40345],[-13,389],[-47,184]],[[96982,41344],[-109,-310],[-57,-326],[-61,-128],[34,-238],[-36,-144],[-15,-385]],[[96738,39813],[-147,30],[-590,7],[-594,-45],[-552,37]],[[80098,40184],[-556,65],[-801,209],[-660,183],[-296,32],[-1138,190]],[[98801,41069],[-146,-482],[-59,-96],[-21,-602],[15,-368],[31,-147],[-141,-357],[-53,-350]],[[98427,38667],[-367,-25],[-503,5],[-66,-180],[-138,-163]],[[97353,38304],[-728,74],[-770,-22]],[[95855,38356],[71,177],[229,139],[365,151],[164,129],[54,861]],[[73782,39943],[-64,-320],[-63,-548]],[[73655,39075],[-159,28],[-310,-672],[-139,-199]],[[73047,38232],[-334,85],[-632,396],[-91,142],[-313,124],[-293,-560],[-74,0],[-178,-270]],[[71132,38149],[-584,116],[-30,-88]],[[70518,38177],[-350,6]],[[70168,38183],[116,543],[180,415],[113,417],[85,619],[105,355],[89,382],[-34,11],[110,246]],[[87828,40999],[-12,-82],[252,-44],[-7,-212],[304,-60],[-24,-448],[579,-138],[91,-97],[-14,-349],[291,-50],[-62,-197],[436,-64],[663,-38],[62,-84]],[[90387,39136],[-23,-197],[8,-493],[-210,-454],[-69,-40],[-157,-263]],[[89936,37689],[-226,-557],[-546,63],[-148,-349],[-34,-237],[83,-613],[200,-13]],[[89265,35983],[-396,-43],[-701,-38],[-531,35]],[[87637,35937],[57,126],[207,688],[63,263]],[[87964,37014],[166,489],[-142,79],[-94,251],[-118,79],[-365,121],[-787,447],[-288,145],[-623,246],[-451,103]],[[85262,38974],[-12,98]],[[91991,40345],[1,-91],[-111,-443],[14,-292]],[[91895,39519],[-773,-91],[-309,-15],[-20,-258],[-406,-19]],[[81556,39100],[-450,-485],[-259,-248]],[[80847,38367],[-1414,101],[-161,-8]],[[79272,38460],[41,310],[157,9],[28,220],[112,-10],[6,205],[-125,82],[-15,-243],[-732,49],[-461,52],[-691,188],[13,87],[-646,144],[-533,42]],[[76426,39595],[98,850]],[[76426,39595],[46,-543],[62,-196],[-125,-338]],[[76409,38518],[-68,-87]],[[76341,38431],[-528,146]],[[75813,38577],[-182,55],[-398,59],[-12,-38],[-334,9],[-413,82],[-272,80],[10,128],[-557,123]],[[95855,38356],[-119,-87],[-182,-259],[-149,-121],[-283,-91],[-380,-93],[-662,-130],[-451,-53],[-278,-120],[-113,-4],[-133,-125],[-215,-87],[-302,-28]],[[92588,37158],[-317,188],[-343,113],[63,242]],[[91991,37701],[18,173],[-50,627],[5,493],[-26,338],[-43,187]],[[79272,38460],[-610,-54],[-533,28],[-708,-57]],[[77421,38377],[-449,104],[-563,37]],[[91991,37701],[-1863,-23],[-192,11]],[[85262,38974],[8,-602],[-88,-683]],[[85182,37689],[-123,-112],[-137,-512],[-6,-253]],[[84916,36812],[-616,-15],[-683,-162],[-650,-119],[-268,-93]],[[82699,36423],[-234,406],[-13,146],[-71,107],[-126,57],[-288,-18],[-475,-101],[-483,-156]],[[81009,36864],[-143,-38],[-137,54],[-71,125],[-41,399],[-79,273],[94,330],[215,360]],[[75813,38577],[-117,-438],[-7,-376],[88,-212],[27,-239],[-75,-267],[-353,72],[-478,315],[-114,5],[-245,-71],[-193,54],[-126,98]],[[74220,37518],[-26,91],[-148,111],[-278,-116],[-158,25],[-143,135],[-2,237],[-418,231]],[[87964,37014],[-920,104],[-414,120],[-236,40],[20,70],[-357,113],[-176,5],[-699,223]],[[73047,38232],[-146,-471],[-132,-262],[-343,-601]],[[72426,36898],[-390,-127],[-54,-91]],[[71982,36680],[-178,49],[-175,108],[-132,257],[-248,362],[-97,91],[-55,370],[35,232]],[[99869,37471],[-432,-39],[-445,-173],[-398,-232],[-322,-7],[-676,81]],[[97596,37101],[-248,16],[-31,284],[-12,599],[48,304]],[[98427,38667],[659,-126],[379,-133],[458,-86],[-43,-244],[-25,-375],[14,-232]],[[76341,38431],[-89,-430],[-76,-176],[-42,-381],[45,-58],[247,26],[261,-21],[424,-83],[210,-19],[57,374]],[[77378,37663],[543,-113],[-18,-331],[81,-21],[719,-65],[11,-903],[45,-311],[13,-294],[-103,-789]],[[78669,34836],[-100,-4],[-1520,194],[-250,38],[-232,-3],[-570,49],[-115,-380],[-111,-88],[-490,-44],[1,-141],[-394,-20],[27,-243],[-137,6]],[[73431,34373],[-564,333],[-667,240],[-594,131]],[[71606,35077],[126,560],[94,533],[156,510]],[[72426,36898],[108,12],[510,-94],[184,-54],[162,258],[196,42],[159,-18],[104,225],[308,120],[63,129]],[[77421,38377],[-43,-714]],[[81009,36864],[6,-244],[-125,-590],[-153,-548],[-27,-164],[20,-285],[-51,-463],[-75,-192]],[[80024,34576],[-174,67],[-396,63],[-337,87],[-448,43]],[[97596,37101],[-72,-316],[-140,-245],[-107,-290],[-195,-631]],[[97082,35619],[-68,-187],[-138,-203],[-391,-7],[-234,-133],[-197,-7],[-35,237],[13,352],[-33,256],[-769,62],[-87,55]],[[95143,36044],[9,225],[-33,398],[-528,137],[-866,165],[-1130,152]],[[92595,37121],[-1,5]],[[92594,37126],[-6,32]],[[71606,35077],[-358,59],[-440,-36],[-497,-19],[-85,-85],[-160,15],[-18,-158]],[[70048,34853],[-819,153],[-280,146],[-598,82],[-62,41]],[[68289,35275],[-65,414],[-69,610],[95,261]],[[68250,36560],[105,144],[207,658]],[[68562,37362],[302,-11],[523,56],[724,32],[4,113],[143,7],[151,321],[109,297]],[[92594,37126],[-963,-225],[-379,-59],[-570,-147],[-586,-121],[-36,-139],[-140,-191],[-65,-5],[-88,-307],[84,-47],[225,-20],[155,-379],[63,-36],[256,35],[47,-37],[174,-384]],[[90771,35064],[-303,-62]],[[90468,35002],[-623,-111]],[[89845,34891],[-150,994],[-424,53],[-6,45]],[[87637,35937],[-692,93],[-405,70],[-969,272],[-653,209]],[[84918,36581],[-2,231]],[[98725,35316],[-526,155],[-194,79],[-299,54],[-371,-14],[-253,29]],[[99869,37471],[30,-287],[51,-182],[49,-717],[-96,-492],[-80,16],[-65,-237],[-48,0],[-62,-205],[-259,-142],[-660,105],[-4,-14]],[[92595,37121],[62,-415],[22,-909]],[[92679,35797],[-337,-42],[-201,-261],[-223,-42],[-377,22],[-77,-121],[-9,-165],[-475,-76],[-119,-75],[-90,27]],[[95143,36044],[-118,-26],[19,-146],[-155,-27],[-148,-274],[-335,-292],[-406,26],[-143,-275],[-170,-19],[-371,66]],[[93316,35077],[-57,210],[-404,203],[-141,147],[-35,160]],[[82699,36423],[56,-140],[76,-563]],[[82831,35720],[33,-334],[123,-523],[28,-541],[40,-323]],[[67297,36713],[953,-153]],[[68289,35275],[-148,-62],[-47,-190]],[[68094,35023],[-309,31],[-135,-52],[-223,-9],[-236,-65],[-141,2],[-213,-365],[-307,-363]],[[65255,34272],[73,435],[20,304],[-23,215],[-5,530],[15,339],[-19,351]],[[65316,36446],[760,-40],[309,480]],[[66385,36886],[243,-101],[669,-72]],[[84918,36581],[-191,-788],[-111,16],[-43,-161]],[[84573,35648],[-1222,72],[-520,0]],[[89845,34891],[-213,-22],[-655,-246]],[[88977,34623],[-250,-65],[-333,-50],[-359,-20],[-774,-17],[-268,-79],[-79,-114],[6,-447],[89,-370],[151,-272]],[[84888,33865],[-29,72],[9,332],[-35,155],[-252,36],[-3,171],[84,8],[-32,515],[27,389],[-84,0],[0,105]],[[62785,34522],[52,555]],[[62837,35077],[33,195],[212,-27],[31,216],[168,-62],[37,139],[27,902]],[[63345,36440],[264,-27],[593,39]],[[64202,36452],[632,5],[394,-31],[88,20]],[[98725,35316],[-69,-221],[4,-240],[-364,-407],[-156,-87],[-333,233],[-412,-59],[-276,-226],[-179,-267],[-82,-294],[91,-778]],[[93368,33749],[8,78],[-291,336],[35,290]],[[93120,34453],[133,477],[63,147]],[[93120,34453],[-639,4],[-956,107],[-390,-36],[-82,-86]],[[91053,34442],[-469,492],[-116,68]],[[83777,33162],[-292,66],[-422,-19]],[[70048,34853],[-27,-310],[-2,-811],[62,-560],[-21,-19],[77,-617],[349,-557]],[[67232,33135],[184,316],[287,-2],[186,427],[289,531],[22,289],[-106,327]],[[79529,33046],[-263,43],[-203,-27],[-133,-61],[-122,-126]],[[78808,32875],[-285,-293]],[[90791,31934],[42,14],[156,444],[-347,846]],[[90642,33238],[37,3],[85,451],[193,351],[96,266],[0,133]],[[39414,62979],[-106,-812]],[[39308,62167],[-271,39],[-19,-349],[0,-791]],[[39018,61066],[-292,-119],[-203,-234]],[[38523,60713],[-130,-134],[-236,-151],[-217,4],[-257,89],[-168,-1],[-320,-78]],[[37195,60442],[-98,96],[47,244],[-150,-121],[-61,76],[122,181],[-17,173],[-224,197],[116,46],[36,111],[-112,95],[-94,-1],[-90,297]],[[36670,61836],[-4,184],[112,24],[660,20],[60,304],[103,701],[344,30]],[[37945,63099],[914,-46],[555,-74]],[[33153,60924],[-102,31],[-239,275],[-149,308],[-254,50],[-497,20],[-526,-201]],[[31386,61407],[-88,118],[-437,237],[-302,101],[-726,196],[44,614]],[[29877,62673],[323,-14],[497,-74],[630,23],[296,62],[362,41],[19,173]],[[32004,62884],[196,-21],[351,88],[20,-86],[151,-121],[315,-51],[330,30],[125,-53],[-26,-271],[-440,-208],[6,-143],[317,-139],[141,-143],[-13,-259],[-324,-583]],[[39308,62167],[270,-77],[46,-292],[107,-336],[344,-128],[557,-150],[340,-31]],[[40972,61153],[-46,-86],[-88,-371],[-78,-871],[-22,-66]],[[40738,59759],[-489,-37],[-352,10],[-348,39],[-84,48],[-57,185],[68,225],[87,98],[394,217],[86,193],[-80,247],[-292,125],[-351,10],[-302,-53]],[[37195,60442],[-632,-258],[-246,-129]],[[36317,60055],[-381,-220],[-74,-113],[-178,14],[-211,150],[-159,28],[-16,67],[-370,237]],[[34928,60218],[117,466],[91,676],[94,493],[-7,226]],[[35223,62079],[491,-79],[539,-138],[417,-26]],[[33153,60924],[64,-183],[190,-129],[288,-137],[222,-243]],[[33917,60232],[-352,-202],[-286,-96],[-106,-260],[-22,-185],[-345,11],[-582,-25]],[[32224,59475],[-189,-12],[-414,50]],[[31621,59513],[65,316],[-82,13],[-67,876],[15,128],[140,199],[-74,82],[-142,36],[-90,244]],[[42108,61290],[313,-48],[555,-119],[524,-58]],[[43500,61065],[-102,-408],[-33,-619],[-111,-538],[8,-81]],[[42155,59614],[-37,25],[36,220],[-61,202],[-130,67],[-420,-224],[-291,-188],[-61,-3]],[[41191,59713],[11,23],[-464,23]],[[40972,61153],[527,28],[28,150],[260,15],[321,-56]],[[41191,59713],[-190,-210],[-51,-145],[219,-122],[36,-130],[-10,-244],[-225,-95],[-267,-9],[-151,-70],[-115,-191]],[[40437,58497],[-333,14],[-852,-126],[-204,-62],[-231,15],[-348,-14]],[[38469,58324],[-114,504],[11,299],[198,1048],[8,267],[-49,271]],[[38469,58324],[-4,-161],[-332,-28],[-8,-108],[-134,-4],[-50,-291]],[[37941,57732],[-549,-56],[-849,-18],[-90,-464]],[[36453,57194],[-155,-166],[-375,45],[-180,-9],[0,97]],[[35743,57161],[65,281],[69,449],[131,492],[167,466],[58,391],[84,815]],[[35743,57161],[-457,25],[-462,-109],[-434,-30],[-585,36],[-59,-40]],[[33746,57043],[-268,-81],[-369,-55]],[[33109,56907],[-301,-105],[-105,54],[-15,155]],[[32688,57011],[-37,322],[-200,15],[-39,618],[-117,541],[-47,137],[-15,299],[17,517],[-26,15]],[[33917,60232],[47,66],[280,3],[14,77],[438,-40],[232,-120]],[[41577,56404],[-541,-15]],[[41036,56389],[-105,210]],[[40931,56599],[-28,184],[-32,808],[-21,172],[-128,224],[-199,-36],[-34,358],[-52,188]],[[32688,57011],[-455,35],[1,-93],[-201,-34],[-13,-206],[-413,53],[-50,-259],[-434,77],[-104,-318],[-54,34],[-19,-177],[412,-141],[-275,-59],[-63,-156],[-93,7],[10,-110],[-189,-54],[-71,-112],[-181,-27],[16,-231],[-285,-185],[-198,-241]],[[30029,54814],[-205,180],[-551,186],[-237,53],[-416,56]],[[28620,55289],[71,105],[17,252],[-28,255],[-40,818],[-51,281]],[[28589,57000],[69,9],[55,570],[84,287],[314,689],[65,221]],[[29176,58776],[484,-34],[21,80],[322,-19],[34,116],[585,2],[57,231],[299,-23],[54,30],[241,-32],[76,144],[108,58],[164,184]],[[40931,56599],[-597,-9],[-11,-193],[-396,-31],[-340,6],[-74,-206],[-1210,17]],[[38303,56183],[12,80],[-47,655],[-77,472],[-134,45],[-80,119],[-36,178]],[[38303,56183],[-57,-13],[-137,-353],[-145,14]],[[37964,55831],[-272,76],[-554,117],[-122,656],[-255,33],[-191,61],[18,257],[-41,115],[-94,48]],[[28620,55289],[-359,-474],[-235,-188],[-624,-580],[-201,-168],[-264,-327],[-126,-231]],[[26811,53321],[-1160,239],[-496,67],[-1007,254]],[[24148,53881],[110,484],[131,713],[8,336],[-25,235],[98,390],[10,448],[444,41],[182,-34],[149,261],[467,207],[72,578]],[[25794,57540],[594,-95],[231,-66],[257,-30],[1194,-236],[449,-118],[70,5]],[[37964,55831],[-55,-297],[3,-281],[-102,-418],[-185,-510]],[[37625,54325],[-601,54],[-14,232],[-874,30],[13,279],[-276,13],[-552,-9],[-80,355],[-206,-268],[-133,-467]],[[34902,54544],[-256,43],[-2,192],[-783,100],[-165,42]],[[33696,54921],[80,280],[253,-53],[60,185],[2,170],[453,-90],[36,208],[86,3],[14,415],[-58,32],[35,138],[-358,62],[13,81],[-239,30],[2,198],[-210,136],[-155,24],[36,303]],[[33109,56907],[-96,-476],[-119,-386],[-238,-593],[-264,-422]],[[32392,55030],[-351,37],[-181,-14],[-258,-91],[26,-37],[-452,-129],[-94,-406]],[[31082,54390],[-157,30],[-603,247],[-78,76],[-215,71]],[[33696,54921],[-202,-9],[-142,-85],[-241,74],[-719,129]],[[41036,56389],[29,-194],[-265,-944],[-36,-291],[63,-710],[55,-143],[85,-754],[-50,-587]],[[40917,52766],[5,-233]],[[40922,52533],[-565,96],[-527,126],[-483,55],[-443,133],[-790,199],[-253,36],[-354,-10]],[[37507,53168],[-258,-72]],[[37249,53096],[-8,229],[247,692],[82,0],[55,308]],[[31082,54390],[-80,-285],[-16,-274],[38,-9],[-21,-322],[598,-201],[346,-82],[682,-130],[335,-93],[812,-140],[305,109],[445,-165],[143,-22]],[[34669,52776],[15,-199],[-91,-1275],[-164,-63]],[[34429,51239],[-885,17],[-239,-369],[-110,-44],[-579,-36],[-167,-222],[-437,-418],[-109,-193],[-69,-210],[-95,-538],[-45,-19]],[[31694,49207],[-955,172],[-51,107],[-445,67],[-529,111],[1,-28],[-352,-49],[-371,13]],[[28992,49600],[5,118],[-726,280],[-208,56],[-955,173],[-452,-53],[-615,-226]],[[26041,49948],[-57,163],[-261,58],[58,194]],[[25781,50363],[103,361],[152,659],[64,427],[124,503],[77,180],[287,381],[223,447]],[[37249,53096],[-663,-103],[-651,21],[-358,-26],[-95,-53],[-558,7]],[[34924,52942],[28,923],[-93,4],[-1,297],[44,378]],[[34924,52942],[-3,-174],[-252,8]],[[40922,52533],[-72,-1062],[-121,-410],[-281,-622],[-77,-365]],[[40371,50074],[-981,149],[-1071,208],[-592,169],[-229,48]],[[37498,50648],[-29,6],[119,287],[-42,191],[-79,149],[-45,490],[54,497],[28,523],[3,377]],[[37498,50648],[-45,-126],[-176,-291],[-66,-255]],[[37211,49976],[-807,101],[-309,52],[-9,87],[-427,10],[-492,-54],[-652,-36]],[[34515,50136],[-144,15],[43,399],[28,530],[-13,159]],[[34515,50136],[-141,-489],[-13,-378],[-202,-1031]],[[34159,48238],[-66,-17],[-559,48],[-437,135],[-532,84]],[[32565,48488],[-260,295],[-615,394],[4,30]],[[40371,50074],[68,-28],[-3,-129],[86,-605],[133,-276]],[[40655,49036],[-23,-495],[-47,-140]],[[40585,48401],[-768,-52],[-612,-302]],[[39205,48047],[-269,-152],[-87,-103],[-195,-388],[-178,-412],[-463,20],[-428,47]],[[37585,47059],[-7,291],[134,366],[-75,34],[-14,201],[-98,334],[-61,352],[-270,1145],[17,194]],[[37585,47059],[-32,-112],[-279,-285],[-26,-98]],[[37248,46564],[-254,30],[-242,102],[-126,289],[45,519],[-566,73],[-327,12],[-309,77],[-482,223],[-221,50]],[[34766,47939],[-518,140],[-89,159]],[[28992,49600],[-18,-151],[-74,-85],[-491,-59],[-189,-534],[-233,-421],[-271,-49],[-104,-449]],[[27612,47852],[-535,136],[-445,74],[-346,183],[-252,95],[-570,363]],[[25464,48703],[30,85],[211,261],[273,872],[63,27]],[[32565,48488],[-33,-124],[-147,-127],[-133,-206],[-292,-146],[-314,-78],[-218,-237],[-462,-619],[-56,-169],[-93,15],[-115,-223],[-203,-590]],[[30499,45984],[-298,63],[-591,-5]],[[29610,46042],[-52,132],[-157,107],[-380,147],[-513,132],[-140,63],[-424,110]],[[27944,46733],[-260,95],[-146,16],[12,802],[62,206]],[[42529,49033],[125,-342],[35,-186],[139,-469],[157,-354]],[[42985,47682],[15,-28],[-506,-154],[-254,-392],[-99,-108]],[[42141,47000],[-911,115],[-564,20],[23,-198],[65,-93],[-42,-354],[36,-113],[-69,-48],[-201,-288],[-470,-36],[-55,-75]],[[39953,45930],[-370,23],[-391,56],[-528,119],[-270,-9],[-38,281],[-8,377],[-368,-104],[-198,-18],[-207,-68],[-316,-23]],[[37259,46564],[-11,0]],[[39205,48047],[7,-162],[346,-65],[416,19],[424,-45],[128,317],[59,290]],[[40655,49036],[558,54],[214,-4],[613,-69],[489,16]],[[34766,47939],[-106,-246],[-88,5],[-329,-716],[-142,-591],[110,-52],[-18,-228]],[[34193,46111],[14,-313],[-111,34],[-47,-129],[-113,-67],[-197,39],[-154,82],[-180,24],[-41,-195],[-133,8],[-64,-128],[-39,-281]],[[33128,45185],[-64,-387],[-49,-93]],[[33015,44705],[-382,133],[-393,226],[-1223,609],[-135,99],[-383,212]],[[37259,46564],[-18,-563]],[[37241,46001],[-919,134],[-374,-16],[-522,-69],[-431,6],[-22,-50],[-232,42],[-548,63]],[[42141,47000],[-130,-157],[-41,-284],[-22,-682],[-43,-328],[-14,-551],[-39,-376]],[[41852,44622],[-348,-59],[-89,-110],[-263,-68],[-255,-160],[-75,-135],[-434,-66],[-353,-121],[-365,-150],[-291,-74]],[[39379,43679],[34,238],[-12,362]],[[39401,44279],[70,354],[-10,108],[116,434],[93,252],[283,503]],[[39401,44279],[-427,36],[-300,61],[-460,58],[-699,55],[-234,34]],[[37281,44523],[-56,498],[31,289],[-49,322],[34,369]],[[37281,44523],[-90,-284]],[[37191,44239],[-299,100],[-623,166],[-312,40],[-363,125],[-692,193],[-327,75],[-505,59],[-198,-18],[-122,125],[-622,81]],[[33015,44705],[-222,-528],[-75,21],[-115,-245],[-174,16],[-167,-363],[-256,56],[-86,-382],[-23,-283]],[[31897,42997],[-471,12],[-595,-59],[-1115,-254],[-531,67],[-4,35]],[[29181,42798],[-104,466],[-58,129],[-44,302],[241,104],[528,361],[44,96],[-117,937],[-76,216],[-17,252],[65,156],[-33,225]],[[37191,44239],[-103,-361],[-67,-384],[-40,-396]],[[36981,43098],[-502,75],[-437,-14],[-481,16],[-114,-286],[-113,-172],[-154,-532],[71,-390],[-202,-32],[-150,31],[-488,-36],[-380,32],[-334,-2],[-620,-61],[-476,9]],[[32601,41736],[-179,279],[-76,199],[-89,108],[-176,345],[3,63],[-187,267]],[[41458,43277],[-308,-37],[-138,-187],[-141,-73],[-111,-170],[-78,-281]],[[40682,42529],[-671,3],[-268,-48],[-165,57],[-422,81]],[[39156,42622],[31,359],[67,303],[125,395]],[[41852,44622],[-46,-868],[-151,-365],[-197,-112]],[[39156,42622],[-24,-62],[-696,31],[-240,52],[-490,30],[-529,54]],[[37177,42727],[-196,371]],[[42388,42785],[171,-42],[-32,-148],[-44,-651],[26,-59],[82,235]],[[42591,42120],[45,-12],[-99,-354],[-26,-583],[-312,-1222],[-32,-286],[-156,-751]],[[42011,38912],[-370,-31],[-547,35],[-204,53]],[[40890,38969],[-282,86],[-465,43],[-13,59],[-168,52],[-241,163],[26,253],[-116,31]],[[39631,39656],[85,577],[177,569],[91,96],[130,303],[88,320],[128,277],[112,436],[79,210],[161,85]],[[41458,43277],[78,-24],[25,-172],[355,-138],[135,-130],[213,-55],[124,27]],[[37177,42727],[-33,-364],[-105,-429],[-188,-474],[-36,-194],[-97,-281]],[[36718,40985],[-46,-184],[-298,-559],[-118,-326],[-71,-321]],[[36185,39595],[-730,75],[-334,89],[-121,-25],[-171,75],[-272,178],[-441,222],[-266,175],[6,108],[-183,126],[-10,91],[-300,-41],[-49,-232],[-334,25],[-62,270],[-409,20]],[[32509,40751],[51,359],[41,626]],[[39631,39656],[-35,40],[-390,137],[4,32],[-376,206],[-54,151],[-561,107],[-370,194],[-736,304],[-115,76],[-280,82]],[[40890,38969],[45,-124],[-65,-180],[-36,-283],[229,-583]],[[41063,37799],[123,-246]],[[41186,37553],[-259,77],[-529,78],[-425,181],[-262,-471],[-122,-393],[-330,-849],[-293,14],[-420,50]],[[38546,36240],[-108,19],[-17,306],[-47,2],[37,299],[-698,213],[-754,349],[-339,124],[-56,-223],[-411,31],[17,93],[-471,70],[56,221]],[[35755,37744],[93,331],[130,609],[166,578],[41,333]],[[33301,38014],[-148,-325],[-205,-603],[-219,-481],[-90,-317],[-6,-364],[92,-358],[-21,-267]],[[32704,35299],[-470,41]],[[32234,35340],[-156,28],[-349,140],[-601,180],[-334,80],[-369,38],[-289,-3],[-685,86]],[[29451,35889],[62,190],[208,949],[172,1040]],[[29893,38068],[4,41],[243,54]],[[30140,38163],[366,40],[532,-74],[507,-29],[566,24],[847,-88],[343,-22]],[[33301,38014],[16,37],[525,-66],[473,-41],[410,-73],[679,-98]],[[35404,37773],[-38,-187],[-216,-619],[-111,-610],[-24,-469],[-91,-414]],[[34924,35474],[-194,-466],[-53,-2],[-573,-641],[-27,-90]],[[34077,34275],[-419,114],[-438,239],[-160,139],[-236,373],[43,106],[-163,53]],[[41186,37553],[32,-261],[-34,-310],[-74,-336]],[[41110,36646],[-258,48],[-167,-232],[-166,-148],[-232,-372],[-57,-229],[-24,-363],[130,-199],[17,-124],[78,-49],[36,-160],[-92,-82],[100,-111],[-40,-169],[-98,-163],[22,-308],[-40,-282],[40,1]],[[40359,33704],[44,-150],[-173,-362],[-32,-193],[-915,60],[-382,54],[-596,131],[-121,-198]],[[38184,33046],[-259,175]],[[37925,33221],[-454,199],[-190,6],[-178,-99],[-353,-380]],[[36750,32947],[-255,-203],[-335,-161],[-280,2],[-468,180]],[[35412,32765],[-214,115],[-397,161],[-406,136],[-224,51]],[[34171,33228],[-65,260],[-111,145],[-38,164],[120,478]],[[34924,35474],[238,-45],[720,-79],[56,147],[421,-32],[42,78],[274,-31],[189,581],[227,-39],[-49,-193],[350,-46],[51,174],[157,-32],[21,193],[525,24],[366,-30],[34,96]],[[35404,37773],[351,-29]],[[32234,35340],[65,-128],[-5,-250],[70,-518],[257,-291],[-101,-185],[-38,-172]],[[32482,33796],[-209,55],[-739,-67]],[[31534,33784],[-641,54],[-238,46],[-28,220],[-444,91],[-399,38]],[[29784,34233],[-477,13],[-170,719],[-256,20]],[[28881,34985],[-1,62],[133,489],[135,400],[303,-47]],[[34171,33228],[-403,68]],[[33768,33296],[-131,60],[-225,-117]],[[33412,33239],[-198,63],[-428,198],[-292,95],[-47,49],[35,152]],[[42534,34965],[10,-371]],[[42544,34594],[9,-133],[88,-13],[8,-188],[-77,-82],[16,-205],[-20,-838],[-187,11],[-93,-606],[-196,21],[-36,-308],[-132,20],[-101,-489],[-87,-227],[-215,98],[-208,-667],[400,-99],[-37,-217],[3,-300],[32,-57]],[[41711,30315],[-406,-162],[-420,50],[-367,195],[-106,186],[-36,300],[-200,379],[-250,290],[-297,226],[-487,438]],[[39142,32217],[-346,210],[-246,285],[-366,334]],[[40359,33704],[428,40],[738,503],[239,77],[319,505],[97,211],[354,-75]],[[31534,33784],[32,-422],[217,-599],[-26,-297]],[[31757,32466],[-398,138],[-445,66],[-365,-56],[-320,-323],[-234,-351]],[[29995,31940],[-50,249],[82,345],[1,169],[-126,35],[-71,739],[-57,404],[10,352]],[[33412,33239],[-142,-87],[-199,-405],[102,-89]],[[33173,32658],[-506,-293],[-229,-46],[-406,-7]],[[32032,32312],[7,80],[-282,74]],[[32509,40751],[-276,-26],[-432,-88],[-153,-180],[-146,-290],[-162,-203],[-166,-270],[-353,-640],[-64,-74],[-321,36]],[[30436,39016],[-763,4],[-660,108],[-440,145],[-264,173],[-332,450],[-27,109],[-383,195],[-70,139]],[[27497,40339],[166,667]],[[27663,41006],[87,478],[50,594],[497,148],[732,587],[152,-15]],[[30140,38163],[296,853]],[[9612,59326],[161,-20],[16,-317]],[[9789,58989],[7,-276],[-49,-468],[9,-156],[-64,-311],[-75,-554],[-15,-499],[22,-300],[-96,-392]],[[9528,56033],[-64,-167],[-334,-590]],[[9130,55276],[-538,-13],[-277,-113],[-291,-54],[-354,-162],[-9,-44]],[[7661,54890],[-538,87]],[[7123,54977],[67,155],[-169,89]],[[7021,55221],[-612,237],[-542,230],[-313,150],[-438,320],[274,389],[165,564],[89,-26],[449,-28],[919,-14],[679,-54],[12,406],[98,412],[282,573],[63,-5],[134,468],[98,526]],[[8378,59369],[905,-167],[337,-137],[-8,261]],[[18220,57599],[8,-62],[-97,-922],[3,-739],[32,-364]],[[18166,55512],[-81,-12],[-368,-186],[-478,-125],[-24,-302],[-9,-632],[54,-951],[-2,-342],[-47,-525],[46,-626]],[[17257,51811],[-754,130]],[[16503,51941],[-664,105],[-567,128],[-1265,218],[-144,40],[-385,3]],[[13478,52435],[-21,604],[-41,458],[16,120]],[[13432,53617],[72,555]],[[13504,54172],[79,330],[125,270],[201,605],[259,468],[260,346],[162,428],[293,583]],[[14883,57202],[87,-5],[456,378],[566,36]],[[15992,57611],[143,73],[1057,-114],[697,-45],[10,84],[321,-10]],[[11676,55819],[554,-86],[61,-321],[207,-426],[138,-478],[72,-138],[388,-124],[408,-74]],[[13432,53617],[-703,65],[-707,28],[-12,-49],[-510,-20],[-913,25]],[[10587,53666],[-327,485],[-204,264],[-467,537],[-215,183],[-244,141]],[[9528,56033],[554,-109],[462,-149],[121,-4],[1011,48]],[[19201,55363],[611,-183],[303,-113],[413,-121]],[[20528,54946],[-78,-494],[-6,-375],[-59,-349],[-42,-719],[-26,-93]],[[20317,52916],[-118,-342],[-184,-696],[-61,-309]],[[19954,51569],[-236,21],[-411,-41],[-379,-5],[-396,85],[-332,12],[-447,72],[-333,74]],[[17420,51787],[-163,24]],[[18166,55512],[501,22],[534,-171]],[[10587,53666],[100,-281],[6,-148],[-116,-444],[-81,1],[-87,-540],[-112,-11],[-37,-527],[107,-27],[-77,-620],[-83,-423],[-26,-247]],[[10181,50399],[-712,63]],[[9469,50462],[-23,179],[-173,823],[-163,494],[-144,-4]],[[8966,51954],[-99,544],[-130,548],[-177,177],[-206,32],[-6,199],[-130,255],[-224,214],[-343,91],[-79,165],[89,711]],[[7123,54977],[-253,-454],[-199,-558],[-120,-661],[6,-176],[-40,-309],[-148,-586]],[[6369,52233],[-70,-219],[-187,-438],[-49,-455],[23,-25],[-103,-661],[-87,-349]],[[5896,50086],[-46,4],[0,-238],[-527,0],[-54,-232],[-61,2]],[[5208,49622],[-265,28],[-103,70],[-481,143],[-90,-27]],[[4269,49836],[-412,40]],[[3857,49876],[-45,476],[-34,735],[-187,543],[-27,183],[4,652],[-426,79],[-128,115]],[[3014,52659],[-17,154],[25,388],[-96,16],[53,193],[24,288],[46,-12],[71,429],[176,185],[116,-32],[123,108],[911,-216],[331,-57],[455,-49],[46,84],[436,-86],[148,150],[342,249],[125,156],[341,150],[235,198],[116,266]],[[8966,51954],[-632,-38],[-544,37],[-1421,280]],[[39851,98984],[-159,-38],[-351,-4],[-269,-46],[-334,-102],[-437,-70]],[[38301,98724],[-308,101],[-339,74],[2,264],[41,466]],[[37697,99629],[422,-8],[225,52],[464,247],[212,79],[261,-8],[188,-153],[19,-243],[363,-611]],[[38301,98724],[-190,-184],[-88,-151],[-24,-168],[39,-194],[-179,-139],[-172,-284],[-22,-105]],[[37665,97499],[-289,-81],[-497,-342],[-264,-76],[-129,-73]],[[36486,96927],[-123,103]],[[36363,97030],[80,144],[130,377],[18,417],[-18,303],[-112,441]],[[36461,98712],[74,132],[154,566],[60,167],[82,76],[454,6],[412,-30]],[[36363,97030],[-412,41],[-211,-68],[-305,-234],[-375,-226],[-173,-62],[-202,-146],[-262,-96],[-201,-19],[-400,-213],[-480,228]],[[33342,96235],[-17,485],[-42,175],[97,280],[-678,397],[-317,106],[-407,62],[-832,11]],[[31146,97751],[54,190],[-19,443],[-46,160],[-159,139],[-127,244],[87,154],[90,332],[429,-101],[352,-135],[448,-18],[625,160],[189,7],[271,-51],[110,-63],[213,-336],[239,-22],[270,211],[359,45],[550,4],[463,-75],[273,-197],[233,-202],[215,-21],[196,93]],[[39625,97100],[-251,-76],[-553,90],[-260,59],[-573,38],[-352,187],[29,101]],[[39851,98984],[145,-211],[271,-304],[157,-320],[-73,-132],[-277,-191],[-174,-70],[-293,-227],[-84,-207],[102,-222]],[[33342,96235],[-26,-221],[27,-361],[-90,-383],[-474,-529]],[[32779,94741],[-576,-109],[-196,-284]],[[32007,94348],[-206,66],[-618,125],[-162,-4]],[[31021,94535],[-157,-1]],[[30864,94534],[35,305],[78,216],[-11,390],[40,537],[-13,384],[-64,228],[67,261],[-104,230]],[[30892,97085],[57,244],[197,422]],[[43976,95229],[-292,-56],[-227,65],[-150,-63],[-118,-192],[-567,145]],[[42622,95128],[26,408],[-97,103]],[[42551,95639],[236,242],[12,126],[-77,326],[-158,200],[-335,333],[-31,220],[29,157],[89,128],[339,185],[276,-18],[221,-70],[460,-830],[273,-426],[121,-281],[-30,-702]],[[39625,97100],[236,-195],[301,-103],[474,-114],[208,-110],[45,-154],[-133,-248],[-297,-125],[-337,-69],[-540,-66],[-341,-91],[-156,-190],[18,-267],[97,-120],[303,-182],[412,-159],[380,-36]],[[40295,94871],[-14,-176],[-87,-90],[59,-233],[-30,-181],[47,-84],[231,62],[228,-77]],[[40729,94092],[-347,-149],[-392,3],[-239,-58],[-71,-109],[-368,-121]],[[39312,93658],[-39,306],[-180,222],[-368,39],[-388,-44],[-747,89],[-253,-107],[-191,-152],[-12,-124],[-243,-195],[-602,-290],[-472,-71]],[[35817,93331],[-68,183],[18,280],[-79,309]],[[35688,94103],[155,13],[111,68],[352,360],[114,163],[352,675],[215,30],[37,377],[-57,246],[-152,83],[-121,297],[-79,357],[-129,155]],[[30864,94534],[-1295,115],[-432,138],[-226,155],[-195,224],[-340,95],[72,173],[-195,135],[-270,266],[-73,111],[-27,190],[120,443],[48,382],[102,235],[555,-7],[298,-47],[248,-91],[143,38],[411,17],[218,78],[601,-25],[265,-74]],[[35688,94103],[-227,74],[-361,197],[-226,42],[-128,-32],[-830,63],[-413,118],[-414,80],[-310,96]],[[42622,95128],[-50,-178],[44,-264],[163,-255],[-32,-321],[-69,-417],[9,-325]],[[42687,93368],[-188,100],[-126,298],[22,136],[-336,92],[-371,44],[-18,27],[-762,122],[-179,-95]],[[40295,94871],[94,4],[515,133],[543,440],[241,68],[453,-5],[205,27],[205,101]],[[43976,95229],[50,-374],[111,-108],[739,12],[197,103],[433,153],[333,52],[379,-1],[692,-154],[141,-48],[418,-227],[358,-111]],[[47827,94526],[-125,-127],[-693,-789],[-149,-584],[60,-965]],[[46920,92061],[-832,7],[-372,-92],[-182,2],[-470,117],[-571,66],[-114,-3],[-428,-174],[-149,-330],[-331,-263]],[[43471,91391],[-319,49],[22,88],[-384,408],[-476,377]],[[42314,92313],[84,150],[128,470],[-3,252],[164,183]],[[35817,93331],[-105,-324],[82,-280],[-123,-108],[-91,-308],[-16,-165]],[[35564,92146],[-319,8],[-530,-234],[-368,59]],[[34347,91979],[-1171,106],[-268,-1]],[[32908,92084],[-12,69],[-300,222],[-6,48],[-331,688],[188,474],[62,422],[-502,341]],[[49075,93035],[-110,-299],[-92,-397]],[[48873,92339],[-249,-79],[-380,-253],[-13,-116]],[[48231,91891],[-297,112],[-151,-103]],[[47783,91900],[-519,86],[-344,75]],[[47827,94526],[460,-106],[378,-208],[-22,-271],[-108,-252],[-5,-155],[78,-274],[65,-98],[402,-127]],[[32908,92084],[-141,-15],[-138,-281],[-56,-254]],[[32573,91534],[-240,-26],[-308,46],[-216,-361],[-520,-158],[-176,-13],[-291,45],[-486,-29],[-213,28],[-491,128]],[[29632,91194],[52,395],[72,1291],[-141,643],[60,319]],[[29675,93842],[213,-160],[249,-59],[348,56],[275,-123],[73,212],[188,767]],[[51580,94351],[-285,-384],[35,-195],[-90,-52],[44,-308],[-86,-166],[-390,-236],[-43,-160]],[[50765,92850],[-306,-103]],[[50459,92747],[-85,-29],[-321,-252],[-167,-70],[-510,-117],[-118,-68],[-412,19],[27,109]],[[49075,93035],[258,2],[309,104],[59,68],[109,294],[186,368],[283,247],[589,292],[240,0],[472,-59]],[[52747,91355],[-70,-389],[-638,81],[-56,-50]],[[51983,90997],[-158,327],[115,2],[-140,192],[-553,483],[-440,253],[-51,273],[9,323]],[[51580,94351],[156,-50],[72,-172],[289,-567],[145,-385],[201,-657],[-23,-264],[-230,-150],[-168,-184],[24,-191],[71,-66],[461,-258],[169,-52]],[[39312,93658],[39,-235],[206,-669],[114,-488],[-7,-262]],[[39664,92004],[-627,-197],[-426,-54],[-214,-91],[-408,-252]],[[37989,91410],[-295,-66],[-125,212],[-891,89],[-639,371],[-475,130]],[[42314,92313],[-235,-165],[-602,-183],[-336,47]],[[41141,92012],[-444,94],[-395,14],[-638,-116]],[[29632,91194],[-887,158],[-344,0]],[[28401,91352],[-139,364],[-189,363]],[[28073,92079],[106,386],[100,196],[180,201],[54,184],[-81,187],[-9,136],[112,89],[28,256],[-22,110],[461,-108],[356,-160],[152,262],[165,24]],[[51983,90997],[56,-276]],[[52039,90721],[-440,37],[101,553],[-149,259],[-242,-60],[8,-104],[-164,-85],[-17,-246],[-542,-41],[-101,245],[-391,-17],[-219,56],[-249,-117]],[[49634,91201],[-248,-107],[-173,61],[-210,7],[-208,50],[-100,107],[-419,267],[-45,305]],[[48231,91891],[533,-23],[757,-119],[422,-118],[121,224],[402,-15],[-45,313],[50,193],[-12,401]],[[43471,91391],[-81,-99],[-172,-467],[-63,-365]],[[40403,89399],[272,654],[122,139],[105,338],[61,476],[122,395],[56,611]],[[28401,91352],[-50,-793],[34,-308],[-74,-350],[-215,11]],[[28096,89912],[-517,46],[-408,111],[-341,45],[-414,110],[-807,35],[73,422],[-72,182],[-98,415],[7,277],[48,193],[58,552],[736,-66],[327,51],[569,-52],[643,-92],[173,-62]],[[47783,91900],[40,-238],[147,-595],[75,-63],[-150,-34],[-130,-142],[-65,-439],[-151,-462],[-16,-370],[55,-278],[267,-180]],[[37989,91410],[104,-596],[-30,-267],[101,-308],[6,-260]],[[34096,89647],[70,104],[120,539],[42,390],[16,489],[-11,309],[123,232],[-109,269]],[[32905,89799],[-71,232],[-220,483],[-18,293],[19,522],[-42,205]],[[49634,91201],[106,-730]],[[49338,88830],[-71,-240],[-113,-63]],[[52039,90721],[21,-228]],[[28410,88402],[13,178],[-45,245],[-123,74],[-103,272],[-5,299],[-51,442]],[[52747,91355],[912,-285],[98,-75],[213,-343],[37,-186],[-64,-142],[-300,-298],[-230,-94],[-148,-116],[-28,-84],[16,-383],[53,-103],[162,-79],[510,-2],[320,-61],[164,-129],[329,-323],[92,-158],[12,-190]],[[30789,84897],[-213,-407]],[[30576,84490],[-710,61],[-18,-219],[-337,57],[-669,79],[-409,26],[-340,58]],[[28093,84552],[15,90],[-81,233],[-127,246],[-139,60],[-78,144],[-178,196],[48,324]],[[27553,85845],[59,56],[243,-4],[21,106],[432,118],[116,55],[82,291]],[[61986,85296],[-331,-42],[-36,-65],[-469,-100],[-308,-39],[-368,-232],[-180,-240],[-370,-258],[-217,-80],[-138,-7],[-342,51],[-89,140]],[[59138,84424],[-41,148],[27,154],[212,308],[22,141]],[[59358,85175],[374,80],[227,92],[604,741],[187,192],[147,77],[177,0],[220,-89],[190,-140],[165,-264],[230,-476],[107,-92]],[[37390,83765],[-473,194]],[[36917,83959],[-99,139],[74,37],[-50,159],[-108,89],[-263,28],[-21,98],[204,245],[-58,60],[-299,-18],[-185,395]],[[59138,84424],[-295,-129],[-112,-146],[-232,-409],[-245,-164],[11,-98]],[[58265,83478],[0,-16]],[[58265,83462],[-498,-69],[-172,10],[-565,198],[-245,121],[-584,46]],[[56201,83768],[-417,-44]],[[58754,85680],[115,-179],[393,-308],[96,-18]],[[63774,83403],[-199,-357],[-143,-607],[-14,-262],[-143,-272],[-386,-229],[-308,-482],[-111,-433],[-139,-387],[-71,-133],[22,-201],[96,-278]],[[62378,79762],[-134,-276]],[[62244,79486],[-382,-50],[-325,30],[-317,106],[-396,-80],[-521,-43]],[[60303,79449],[88,116],[-831,340],[-1022,383],[-111,52]],[[58427,80340],[-76,231],[6,304],[-158,385],[21,402]],[[58220,81662],[174,16],[310,-721],[648,210],[-98,226],[270,68],[-48,310],[406,125],[-204,438],[-56,294],[178,60],[-59,89],[-182,2],[35,412],[-470,72],[-193,236],[-218,-102],[-448,81]],[[61986,85296],[106,-90],[223,12],[209,178],[127,260]],[[50023,85596],[146,-614],[316,-99],[134,94],[183,-78],[-185,28],[115,-255],[-101,-18],[-33,-144],[276,-124],[-50,-198],[743,73],[297,86]],[[51864,84347],[149,-310],[259,-265],[-104,-155],[-71,-235],[70,-233],[-39,-361],[43,-96],[239,-170]],[[52410,82522],[-122,-418]],[[52288,82104],[-1120,105],[-467,225],[-439,-56],[-379,-14],[-699,36],[-133,-11]],[[49051,82389],[-18,79],[82,233],[128,222],[76,332],[-86,286],[-89,435],[-46,72],[-51,574],[-46,206]],[[51588,84655],[150,-105],[126,-203]],[[36917,83959],[-112,-382],[-242,-390],[-660,-375],[-314,-28],[-674,39],[-191,-4],[-589,121],[-582,42],[-59,75],[39,204],[-16,171]],[[49051,82389],[-350,54],[-497,-4],[-351,37],[-71,-38]],[[47782,82438],[-141,27]],[[47641,82465],[-132,158],[-142,26],[-181,129],[62,307],[-168,-4],[-161,150],[-582,54],[-27,166],[23,196]],[[41559,84628],[135,-1064],[84,-392],[75,-136],[284,-755],[-14,-152]],[[42123,82129],[-287,9],[-415,137],[-499,300]],[[40922,82575],[-802,126],[50,201],[-132,29],[-119,134],[-144,27],[-273,511],[-125,135]],[[39377,83738],[-112,115],[-279,95],[-41,91]],[[53033,82769],[-252,-221],[-131,-35],[-240,9]],[[37995,83593],[-200,-149],[-154,-242],[-107,-397],[-12,-293]],[[37522,82512],[-18,-91],[-289,-214],[-69,-99],[-83,-274],[-7,-390],[-30,-139]],[[37026,81305],[-34,-572],[-116,-207],[-144,-468],[-98,-243]],[[36634,79815],[-228,134],[-374,322]],[[36032,80271],[-134,112],[-280,92],[-622,110],[-360,-270],[-70,-25],[-120,-439],[-95,-628]],[[34351,79223],[-406,97],[-207,-155],[-561,-139],[-211,-273]],[[32966,78753],[-247,9],[-688,104],[-490,110],[2,20]],[[31543,78996],[2,160],[67,201],[87,81],[89,237],[332,328],[99,132],[-173,51],[-39,312],[-51,169]],[[31956,80667],[-47,292],[-310,-16],[1,404],[42,201],[-21,310]],[[31621,81858],[92,387],[-58,218],[94,437],[-232,249],[-769,736],[-258,328]],[[30490,84213],[86,277]],[[44215,83806],[-118,-531],[-40,-360],[-118,-388],[43,-627],[-193,-317],[-134,-290],[-164,-485],[-313,-6],[-203,-95],[-181,22],[-366,-46],[-52,-203],[-221,-83],[-282,63]],[[41873,80460],[9,634],[47,535],[194,500]],[[30490,84213],[-49,-71],[-346,-309],[-210,-272],[-122,-398]],[[29763,83163],[-774,209],[-626,132],[-758,133]],[[27605,83637],[227,486],[261,429]],[[47641,82465],[-811,-565],[-334,-271],[-263,81],[-125,-109],[-433,162],[-38,92],[-319,74],[-141,-208],[-159,24],[20,59],[-211,23],[49,208],[105,93],[-26,116],[104,317],[-90,16],[-21,464],[73,269],[243,132],[135,-13],[31,390],[67,369]],[[31621,81858],[-414,52],[-445,105],[-218,19],[-195,84],[-245,-4],[-554,150]],[[29550,82264],[-64,49]],[[29486,82313],[277,850]],[[47782,82438],[-93,-376],[-156,-373],[-114,-353],[-279,-433],[-157,-357],[-20,-224],[-254,-522],[-205,-331],[-149,-497]],[[46355,78972],[-47,-100],[-311,30],[-214,-63],[-319,-22],[43,-224],[-6,-229],[-495,-51],[-170,110]],[[44836,78423],[-224,92],[-413,92],[-581,256],[-198,70],[-593,286],[-554,248],[-290,84]],[[41983,79551],[-20,255]],[[41963,79806],[-19,257],[-71,397]],[[39377,83738],[-177,-391],[14,-299],[132,-439],[124,-283],[12,-192],[-90,-194],[8,-228]],[[39400,81712],[-193,-20],[77,-240],[-57,-50],[-187,47],[-109,236],[-87,278],[-12,211],[-165,1],[-208,326],[-720,20],[-217,-9]],[[58265,83462],[42,-322],[-11,-679],[-51,-417]],[[58245,82044],[-649,107],[-174,-25],[-569,61],[-768,139]],[[56085,82326],[67,291],[41,389],[8,762]],[[56085,82326],[-207,-503],[-545,-82],[-156,-194],[-208,-86],[-135,-100],[-11,-238],[-347,-83],[-83,-129],[-49,-192],[-162,-274]],[[54182,80445],[-236,14]],[[53946,80459],[-320,72],[-348,225],[-362,292]],[[52916,81048],[-201,500],[-259,396],[-168,160]],[[40922,82575],[-6,-419],[-160,-519],[-86,-399],[-12,-371],[572,-151],[38,-716]],[[41268,80000],[-88,22],[-185,-94],[-290,0],[-303,-203]],[[40402,79725],[-305,49],[-385,31],[-546,68],[-304,17]],[[38862,79890],[-4,233],[57,285],[86,220],[34,223]],[[39035,80851],[74,-1],[317,262],[32,234],[-12,224],[-46,142]],[[58220,81662],[25,382]],[[65321,83231],[68,-152],[97,-63],[438,-118],[379,31],[295,76],[497,44],[210,-63],[69,-116],[7,-188],[60,-107],[248,-252],[125,-224],[-86,-177],[-407,-221],[-372,-546],[-22,-94],[126,-210]],[[67053,80851],[-156,-83],[-168,4],[-119,70],[-151,0],[-83,-222],[-96,25],[-26,-108],[-147,6],[-2,-175]],[[66105,80368],[-249,-26],[-192,146],[-572,175],[-801,-281],[-394,-195],[-509,-26],[-678,-333]],[[62710,79828],[-332,-66]],[[71599,82493],[-90,-59],[-848,-388],[-199,-396],[-334,-507],[-345,-408],[-260,-464],[-29,-164],[-315,116]],[[69179,80223],[-44,20],[121,300],[-511,237],[-301,162]],[[68444,80942],[260,182],[260,331],[144,134],[486,622],[254,220],[157,219],[121,50],[711,175],[288,-11],[290,-141],[184,-230]],[[41963,79806],[-451,23],[-109,129],[-135,42]],[[69575,77059],[-70,112],[-99,338],[-154,177],[-215,52],[-365,137],[-27,136],[30,301],[-72,74]],[[68603,78386],[106,-5],[-7,154],[188,240],[209,413],[40,148],[-9,198],[51,365],[-2,324]],[[71599,82493],[154,-165],[84,-205],[12,-190],[-67,-235],[69,-372],[-17,-168],[-111,-339],[-21,-283],[103,-236],[499,-36],[461,-113],[210,47],[389,-498],[-170,-57],[-209,71],[-142,-543],[-46,-508],[22,-151],[-860,-19],[-712,-508],[-478,-208],[-109,-528],[-232,-49],[-853,-141]],[[39035,80851],[-195,-27],[-569,200],[-130,-2],[31,96],[-223,46],[-148,88],[-775,53]],[[52916,81048],[-1352,-687],[-561,-393],[-327,-152],[-115,-284],[-57,-255],[-272,-604],[-201,-337],[-494,-592],[-151,-144]],[[46978,77545],[46,179],[-1,472],[41,294],[-37,72],[-155,41],[52,184],[-569,185]],[[58427,80340],[-429,-303],[-157,-36]],[[57841,80001],[-912,-200],[-555,-112],[-50,27]],[[56324,79716],[-670,390],[-447,114],[-218,11],[-279,98],[-528,116]],[[31956,80667],[-435,-78],[-348,-260],[-514,-185],[-271,10]],[[30388,80154],[-352,59],[-268,97]],[[29768,80310],[-63,722],[-42,1],[-78,372],[8,240],[-52,320],[9,299]],[[38862,79890],[-350,-503],[-765,-67],[-313,49],[-109,50]],[[37325,79419],[-254,130],[-437,266]],[[53946,80459],[-80,-479],[-111,-236],[-208,-565],[-284,-536],[20,-165],[-66,-74],[-152,-529],[-52,-339],[-93,-141]],[[68603,78386],[-377,56],[-441,155],[-233,7],[-578,92]],[[66974,78696],[84,362],[-239,17],[-86,273],[-33,207],[-257,494],[-113,110],[4,143],[-229,66]],[[67053,80851],[374,-189],[210,-59],[345,10],[462,329]],[[66974,78696],[-128,-560],[-88,27],[-678,70],[-467,-160],[-11,-119]],[[65602,77954],[-127,-93],[-451,-103],[-247,-78]],[[64777,77680],[-144,143],[57,153],[-66,428],[-181,32],[10,240],[254,237],[215,-11],[126,222],[151,-65],[157,31],[55,353],[-448,107],[-217,-67],[-291,63],[-50,-156],[56,-76],[-84,-139],[-213,125],[-334,34],[53,-170],[-196,-29],[-92,163],[-209,9],[-630,499],[-46,22]],[[56324,79716],[-177,-96],[-285,-455],[-156,-310],[-44,-232],[-225,-206],[-208,-234],[-90,-385],[-99,-180],[-267,-303],[-196,-101],[-354,-252]],[[60303,79449],[-226,-553],[-42,-630]],[[60035,78266],[11,-27]],[[60046,78239],[-53,-249],[-739,9]],[[59254,77999],[-406,138],[-221,107],[-547,216],[-119,-217],[-103,25],[-54,-104],[-327,122],[-271,18],[-17,-109],[-275,70],[171,437],[89,321],[84,142],[583,836]],[[37325,79419],[0,-140]],[[37325,79279],[-95,-619],[64,-417],[29,-365]],[[37087,77970],[6,108],[-326,41],[-615,213],[-32,-36],[-293,43],[-41,75],[-449,144],[-150,79],[33,356]],[[35220,78993],[57,40],[169,510],[212,185],[246,396],[128,147]],[[59254,77999],[-122,-538],[-210,-809],[-3,-268],[39,-52],[-113,-150],[-266,-232],[-193,-223],[-197,-507],[-24,-477],[-313,-722],[-85,-242]],[[57767,73779],[-161,-347],[-235,-331],[-82,-164]],[[57289,72937],[-258,51],[-583,57],[-726,101],[-386,90]],[[55336,73236],[-124,36],[73,216]],[[41983,79551],[-160,-234],[-103,-257],[-60,-282],[-110,-242],[-201,-276]],[[41349,78260],[-458,140],[-392,157],[-225,56]],[[40274,78613],[17,170],[97,409],[23,214],[-9,319]],[[40274,78613],[-493,48],[-465,-3],[-452,104],[-254,92],[-222,176],[-375,115],[-220,100],[-468,34]],[[64777,77680],[-92,-196],[-169,-120]],[[64516,77364],[-244,69],[-148,173],[-178,92],[-669,228],[-200,342],[-410,24]],[[62667,78292],[-31,130],[-157,176],[-161,377],[-74,511]],[[62667,78292],[-122,-291]],[[62545,78001],[-437,29],[-92,-91],[0,-153],[-382,46],[-508,132],[-19,-89],[-200,15],[2,-125],[-154,3],[40,153],[-387,200],[-220,53],[-153,92]],[[44836,78423],[-194,-775],[-15,-238]],[[41032,77843],[217,222],[100,195]],[[69575,77059],[-236,-462],[-21,-372],[54,-525],[-57,-279],[-124,-422],[-148,-283],[-101,-109],[-369,-290],[-102,-213]],[[65303,75203],[25,366],[60,478],[338,750],[93,319],[147,307],[-75,171],[-86,60],[15,112],[-218,188]],[[64516,77364],[-44,-629],[-60,-330]],[[62359,77223],[70,388],[116,390]],[[60302,77229],[-20,10],[-236,1000]],[[58868,73784],[-52,-101],[-143,-70],[-631,105],[-275,61]],[[63424,73249],[-28,-264],[37,-478],[-31,-139],[-249,21],[-140,-25],[-410,36],[-356,128]],[[47182,73114],[-274,20],[-434,-132],[-548,-82]],[[45926,72920],[-515,107]],[[55336,73236],[-25,-537],[19,-291],[-38,-769],[-44,-375],[-103,-483],[-66,-126]],[[55079,70655],[-21,1]],[[55058,70656],[28,143],[-41,112],[-158,84],[-155,-3],[-193,-78],[-33,-96],[-274,-193],[-220,-17],[-306,180],[-35,99],[-538,408],[-136,45],[-436,-120]],[[52561,71220],[116,878],[-39,262],[-126,140],[-96,204]],[[60492,72575],[-383,62],[-74,-67],[-365,-480],[-273,-531],[-524,-43],[-485,24]],[[58388,71540],[-6,69],[-155,23],[22,75],[-450,114],[22,83],[-662,221],[10,53]],[[57169,72178],[60,556],[60,203]],[[65281,73263],[-134,-155],[-393,-305],[-293,-319],[-254,-240]],[[64207,72244],[-291,77]],[[63916,72321],[198,550],[90,191],[-80,80]],[[65953,72707],[29,-543],[-112,-348],[-45,-250]],[[65825,71566],[-629,102],[-384,79],[-318,100]],[[64494,71847],[-135,45],[113,383],[-143,26],[-122,-57]],[[63916,72321],[-121,-366],[-82,94],[-233,19],[-105,-194],[-502,72],[-566,105],[-269,78]],[[57169,72178],[-163,-2],[-280,-488],[-88,15],[-110,-454],[-91,-292]],[[56437,70957],[-58,-253],[-131,-177],[-287,-34],[4,-104],[-309,-11],[-34,147],[-286,115],[-257,15]],[[48471,71770],[-101,-26],[-63,-130],[-153,18],[-162,-202],[-329,118],[-296,59],[-340,7]],[[47027,71614],[-19,55],[-175,42],[-193,-21],[-36,59],[-272,-29],[-53,169],[-374,41],[-16,786],[37,204]],[[47027,71614],[-3,-491],[17,-123],[-88,-245],[10,-144],[-205,0],[37,-700]],[[46795,69911],[-112,-121],[-334,-666],[-444,-110]],[[45905,69014],[-863,-366],[-149,-114],[-142,-186],[-98,-38],[-331,139],[-185,-59],[-220,47]],[[43917,68437],[-6,416],[-54,474],[-113,91],[-203,353],[-2,141]],[[43539,69912],[259,86],[-49,118],[76,16],[50,541],[-153,692],[-94,158],[-21,524],[-41,528]],[[43539,69912],[-157,85],[-303,62],[-268,99],[-745,111],[-300,6],[-104,-42],[-518,15],[-390,-68]],[[40754,70180],[8,221],[-42,107]],[[40720,70508],[26,291],[-41,27],[230,794]],[[40935,71620],[181,-37],[227,276],[384,299],[65,217],[230,401]],[[52561,71220],[-227,-61],[-441,2],[-57,229],[-85,105],[-233,92],[-83,75]],[[61517,71836],[-122,-313],[-141,-492],[-112,-205],[-308,-388],[-82,-139]],[[60752,70299],[-184,36],[-582,59],[-584,124],[-635,84],[-528,112]],[[58239,70714],[132,633],[17,193]],[[64494,71847],[-99,-160],[350,-144],[-56,-183],[-89,-102],[43,-628],[-53,-12],[-47,-226],[356,-56]],[[64899,70336],[-82,-442],[103,-7],[-45,-224],[269,-64],[-62,-290],[-409,28],[25,240],[-338,70],[23,107],[-286,33],[-28,-205],[-719,106],[3,63],[-210,101],[-16,-37],[-280,85],[-230,-272],[-7,-268],[-80,-221],[94,-22],[-67,-125],[-58,-379],[387,-72],[-71,-134],[136,-35],[-146,-262]],[[62805,68110],[-177,-319]],[[62628,67791],[-208,34],[-234,233],[-260,56],[-531,248]],[[61395,68362],[32,155],[-61,392],[-130,134],[-397,145],[-153,139],[94,304],[-111,145],[83,523]],[[58239,70714],[-102,-19],[-119,-220],[-47,-296]],[[57971,70179],[-200,26],[-8,103],[-446,14],[-354,140],[62,132],[-61,97],[-205,134],[-88,157],[-234,-25]],[[65825,71566],[-39,-470],[22,-403],[-33,-514]],[[65775,70179],[-299,31],[-577,126]],[[51199,71762],[-59,-270],[-228,-529],[-73,10],[-78,-189],[-58,18],[-73,-147],[-85,10],[-176,-189],[-96,-340],[-117,-221],[-176,-252]],[[49980,69663],[-200,68],[-635,122],[-577,41],[-356,42],[-626,-2],[-616,-19],[-120,-25]],[[46850,69890],[-55,21]],[[55058,70656],[-36,-175],[19,-250],[-34,-401],[46,-72],[25,-350],[591,-87],[322,-16],[46,-346],[-91,-447],[-218,-459],[512,-172]],[[56240,67881],[-195,-454],[-386,-565],[-5,-47]],[[55654,66815],[-520,218],[-289,41],[-455,3],[-221,-55],[-451,21]],[[53718,67043],[-941,155],[-377,88],[-134,-3]],[[52266,67283],[-614,433],[-224,280],[-227,163]],[[51201,68159],[-235,98],[38,293],[-357,27],[-1030,183]],[[49617,68760],[130,446],[233,457]],[[57971,70179],[-43,-123]],[[57928,70056],[-227,-12],[-152,47],[-398,-635],[-69,-453],[10,-383],[44,-293],[-21,-329]],[[57115,67998],[-478,77],[-89,-302],[-308,108]],[[61395,68362],[-71,-119],[-117,170],[-164,66],[-309,50],[-321,113],[-373,282],[-99,255]],[[59941,69179],[-91,128],[-90,29],[-452,-33],[-305,149],[-232,405],[-158,97],[-515,-88],[-170,190]],[[65775,70179],[24,-280],[508,-59],[-98,-274],[-189,-401],[-159,-528]],[[65861,68637],[-22,-25],[-532,41],[-120,-25],[-664,-14],[-549,-154],[-1,-115],[-275,-25],[-135,-358],[-758,148]],[[59941,69179],[-123,-187],[-127,-270],[-388,-498],[-218,-508]],[[59085,67716],[-609,159],[-720,104],[-352,12]],[[57404,67991],[-289,7]],[[49617,68760],[-21,-82],[-456,107],[-389,36],[-406,-97],[8,-30],[-438,18],[-1074,148],[47,297],[-178,45],[140,270],[0,418]],[[51201,68159],[-490,-265],[-417,-207],[52,-143],[198,-158],[119,-138],[-124,-462],[-131,-139],[-49,-151]],[[50359,66496],[-110,-468],[-74,-109],[-15,-539],[22,-280],[-41,-220],[-74,-661],[35,-361],[308,-235],[61,-178],[52,-397],[76,-7],[61,-140],[-12,-269],[361,-54]],[[51009,62578],[-48,-136],[-13,-317]],[[50948,62125],[-33,-78]],[[50915,62047],[-334,-24],[-390,96],[-374,-44],[-210,-88]],[[49607,61987],[-761,118],[-695,77],[-360,21],[-267,51]],[[47524,62254],[-217,110],[-194,53],[-452,385]],[[46661,62802],[21,327],[117,659],[60,1],[45,179],[241,13],[93,356],[17,251],[87,526],[-24,44],[-312,38],[64,169],[-303,55],[-428,45]],[[46339,65465],[-87,431],[-28,295],[32,415],[163,722],[-76,43],[-22,196],[-108,97],[-49,213],[5,351],[52,500],[-75,195],[-241,91]],[[62628,67791],[-62,-213],[-151,-334],[-194,-316],[-183,-435],[-115,-380],[-9,-107]],[[61914,66006],[-590,94]],[[61324,66100],[140,457],[-134,42],[-357,9],[-291,-21],[-574,40],[-483,-21],[-183,31],[-702,62]],[[58740,66699],[148,349],[197,668]],[[65861,68637],[88,-7],[71,-301],[277,-596],[173,-132],[179,-190],[212,-61],[-29,-422],[48,-15],[-6,-430]],[[66874,66483],[-130,-100],[-65,-338],[-112,-351]],[[66567,65694],[-172,-592],[-239,-402],[-74,-272],[-198,-15],[-402,52],[-58,-65]],[[65424,64400],[-302,81],[-447,317],[-547,300],[-706,165],[-374,180],[-143,102],[-974,378],[-17,83]],[[52266,67283],[-119,-278],[-68,-237],[-124,-200],[-148,-166]],[[51807,66402],[-901,38],[-547,56]],[[57404,67991],[-236,-791],[-19,-116],[-143,-156],[-44,-359],[10,-129],[-205,14],[-337,66],[0,96],[-675,-210]],[[55755,66406],[-46,37],[-55,372]],[[58740,66699],[14,-33],[-200,-357],[-137,-190],[-152,-293],[-428,17]],[[56270,65842],[-251,16],[-77,207],[-187,341]],[[53718,67043],[-181,-717],[-31,-562],[105,-482],[7,-304]],[[53618,64978],[-687,40],[-630,152],[-306,90],[-380,63]],[[51615,65323],[61,610],[131,469]],[[55412,64600],[-41,50],[-288,13],[-345,57],[-254,11],[-866,145]],[[53618,64876],[0,102]],[[61324,66100],[-60,-190],[-451,-891],[-376,-524],[-299,-370]],[[67055,64564],[-163,24],[7,256],[-74,36],[10,192],[59,213],[137,272],[-464,137]],[[66874,66483],[748,-151],[358,-140],[613,-184],[466,-95],[-118,-480],[-110,-17],[-459,12],[-154,-366],[-442,110],[-120,10],[-57,-511],[-223,37],[-310,-87],[-11,-57]],[[51615,65323],[-135,-691],[-5,-291],[-44,-466],[-44,-171]],[[51387,63704],[-201,-637],[-177,-489]],[[65424,64400],[-20,-150]],[[65404,64250],[-31,-152],[706,-218],[86,-130]],[[67055,64564],[77,-137],[158,-26],[-23,-112],[-382,-53]],[[66885,64236],[-78,2],[-65,120],[-171,-42],[-870,-89],[-297,23]],[[46661,62802],[-561,35],[-607,97],[-691,3]],[[44802,62937],[10,638],[-47,508],[9,496]],[[44774,64579],[-8,257],[94,524]],[[44860,65360],[190,-7],[1074,74],[215,38]],[[53618,64876],[11,-147],[-83,-763],[-112,-485],[-67,-167]],[[53367,63314],[-550,80],[-1017,207],[-413,103]],[[53929,61132],[-290,86],[-12,253],[-160,114],[-49,156],[0,201],[-265,165]],[[53153,62107],[43,472],[61,375],[110,360]],[[66885,64236],[11,-47],[-124,-409]],[[53153,62107],[-238,235],[-246,-22],[-96,-53],[-111,-175],[-358,40],[-29,-32]],[[52075,62100],[-521,24],[-145,-22],[-461,23]],[[47524,62254],[-83,-263],[-82,-687],[-99,-285],[-94,-450],[-61,-149]],[[45281,60442],[-76,-10],[-648,110],[-518,245],[-25,38],[25,406]],[[44039,61231],[97,533],[141,464],[262,686]],[[44539,62914],[263,23]],[[52026,60927],[-9,235],[58,938]],[[49607,61987],[-96,-612],[-101,-487],[-32,-534]],[[50767,60368],[19,550],[42,369],[97,550],[-10,210]],[[43500,61065],[304,-23],[55,209],[180,-20]],[[22645,54577],[206,-99],[8,-339]],[[22859,54139],[-472,-750],[-114,-220],[-131,-528]],[[22142,52641],[-587,26],[-361,51],[-877,198]],[[20528,54946],[271,-56],[794,-94],[496,-114],[406,-60],[150,-45]],[[25781,50363],[-230,31],[-1031,233],[-944,186],[-708,204],[-595,113]],[[22273,51130],[27,266],[-4,613],[28,334],[-182,298]],[[22859,54139],[375,-108],[505,-95],[409,-55]],[[13478,52435],[-30,-87],[-68,-572],[-111,-403],[-47,-256],[7,-696],[-53,-300],[9,-142],[-454,-44]],[[12731,49935],[-570,13],[-456,50]],[[11705,49998],[-874,282],[-280,74],[-370,45]],[[22273,51130],[-95,-749],[-128,10]],[[22050,50391],[-700,9],[-441,-40],[-346,-219]],[[20563,50141],[-152,509],[-29,262],[-20,606],[-408,51]],[[3857,49876],[4,-82],[-563,-26],[-15,-61]],[[3283,49707],[-676,27],[-435,50],[-479,101],[-564,164]],[[1129,50049],[57,221],[-274,141],[-150,127],[-372,137],[-312,43],[-70,186],[-8,264],[63,414],[118,497],[206,544],[65,67],[1202,-366],[602,-158],[99,-2],[215,344],[208,100],[248,-31],[-12,82]],[[16503,51941],[-343,-1163],[-425,61],[-166,-437],[-163,-598],[-37,-256],[-114,-379],[-64,-661],[337,-161]],[[15528,48347],[-217,-211],[-177,-52],[-134,-146],[-140,-78],[-355,-26]],[[14505,47834],[-269,-30],[-207,34],[-624,184],[31,126],[-198,47],[12,68],[-360,82]],[[12890,48345],[13,225],[-161,8],[-191,95],[4,389],[97,564],[79,309]],[[9469,50462],[-304,-1],[-428,-34],[58,-572]],[[8795,49855],[-458,-23],[-44,-362],[-266,-12],[-16,53],[-788,41],[-32,163],[-576,16],[-1,223],[-718,132]],[[17420,51787],[-14,-184],[54,-398],[84,-443],[-26,-393]],[[17518,50369],[-13,-254],[-154,-336],[-168,-181],[-422,-215],[-127,-4],[-212,-204],[-291,-404],[-424,-484]],[[15707,48287],[-179,60]],[[20563,50141],[-574,-307],[-261,-26]],[[19728,49808],[-810,107],[-28,-76],[-722,136],[-63,256],[-153,49],[-325,43],[-109,46]],[[25464,48703],[-83,3],[-166,-210],[-393,-25],[-62,-126],[-161,-487],[-219,-277]],[[24380,47581],[-453,15],[-158,-23]],[[23769,47573],[-440,62],[-613,179],[-455,46],[-229,78]],[[22032,47938],[4,386],[-35,288],[17,856],[63,393],[10,357],[-41,173]],[[11705,49998],[-93,-296],[-116,-503],[-201,-518],[-171,-711],[-148,-459],[-155,-192]],[[10821,47319],[-353,221],[-395,143],[-330,-56],[-172,-105],[-211,-29]],[[9360,47493],[-65,188],[40,233],[23,394],[-428,126],[-7,279],[-62,348],[-24,524],[-42,270]],[[22032,47938],[-155,29],[-314,-46]],[[21563,47921],[-257,-27],[-415,-169],[-445,-58],[-228,-56],[-425,-62],[-82,-157],[-132,48],[-521,114],[-279,38]],[[18779,47592],[3,10]],[[18782,47602],[83,98],[30,180],[12,436],[-22,172],[114,421],[137,60],[144,143],[373,72],[75,624]],[[18782,47602],[-2054,434],[-549,55],[-263,68],[-209,128]],[[9360,47493],[-159,-22],[-327,65],[-572,162],[-432,65],[-236,-45],[-442,-129],[38,-87],[-391,-183]],[[6839,47319],[-66,100],[-191,-53],[-155,3],[-42,198],[-168,8],[59,118],[-102,208],[-10,217],[-142,56],[-239,324],[-333,232],[-234,266],[-8,626]],[[3283,49707],[-60,-271],[-229,-494],[-71,-211],[-14,-207],[-87,-451],[150,-34],[9,-361],[-29,-321],[-168,-469],[-243,-379],[-255,-552],[3,-226]],[[2289,45731],[-498,-80],[-268,159],[-6,166],[423,724],[-74,284],[-226,177],[-365,93],[-458,-14],[-155,90],[-95,177],[67,206],[14,383],[-336,442],[-269,230],[69,137],[38,226],[217,36],[109,-100],[115,130],[67,155],[179,274],[103,317],[162,-6],[27,112]],[[12890,48345],[-111,-742],[-137,-300],[156,-35],[-175,-467],[-59,-384],[30,-92]],[[12594,46325],[-159,26],[-351,174],[-523,157],[-168,111],[-259,254],[-313,272]],[[4269,49836],[35,-495],[8,-882],[-32,-699],[26,-139],[12,-578],[189,-509],[331,-414],[170,-76]],[[5008,46044],[-127,-384],[-506,-184],[-476,70],[-192,215],[-305,110],[-407,15],[-369,-40],[-337,-115]],[[6839,47319],[-209,-120],[-937,-345],[-370,-219],[-315,-591]],[[27944,46733],[-123,-473],[-148,-395],[-91,-356],[-545,-21],[-334,4],[-1156,307],[-381,116],[-965,389]],[[24201,46304],[51,149],[62,413],[0,363],[66,352]],[[18779,47592],[-23,-490],[25,-582],[50,-124],[-61,-424],[-29,-357],[-31,-789],[73,-311]],[[18783,44515],[-24,-69],[-465,-72],[-552,-36],[-21,-185]],[[17721,44153],[-372,51],[-541,34],[-33,-113],[-877,66]],[[15898,44191],[4,612],[-159,314],[-300,327],[-216,135],[-534,230],[-425,254]],[[14268,46063],[71,303],[38,656],[49,387],[79,425]],[[14268,46063],[-242,155],[-536,244],[-427,-88],[-469,-49]],[[23769,47573],[30,-223],[-142,-60],[-31,-118],[-157,-141],[-74,-210],[-1,-179],[81,-52],[-92,-250],[-106,-1],[-31,-311],[-201,104],[-4,174],[-61,-156],[-187,-1],[20,106],[-298,106],[0,164],[-69,26],[-174,-86],[-90,-203],[-295,-32],[8,177],[-73,149],[-197,48],[-61,-238],[154,-74],[-6,-84],[-199,-23],[72,-54],[-37,-166],[-237,-169],[-125,-21],[12,95],[-267,-17],[13,186],[-288,26],[-26,117],[-288,29],[51,119],[-41,370],[111,-2],[12,95],[250,9],[-15,212],[236,-24],[97,358],[58,82],[133,-87],[82,99],[313,-35],[111,273],[-177,241]],[[24201,46304],[-127,-391],[-55,-431],[-5,-224]],[[24014,45258],[-619,68],[-27,-79],[-595,23],[-722,161],[7,-488]],[[22058,44943],[-400,-2],[-1254,123],[-125,-142],[-125,-64],[-138,22],[-10,-77],[-201,-4],[-33,-44],[-325,-85],[-15,-85],[-386,-77]],[[19046,44508],[-263,7]],[[27663,41006],[-535,85],[-418,111],[-648,291],[-77,59]],[[25985,41552],[-260,118],[-6,719],[-220,319],[-366,1105],[6,79],[-242,34],[-458,309],[-431,315],[-13,465],[19,243]],[[25985,41552],[-154,-286],[-96,-297],[-331,23],[-189,52]],[[25215,41044],[-413,107],[-325,128],[-293,80],[-684,91],[-513,40],[-639,79],[-337,18],[-423,62]],[[21588,41649],[-372,56]],[[21216,41705],[210,477],[249,798],[115,550],[32,247],[151,582],[85,584]],[[21216,41705],[-497,18],[-232,39],[-151,-312],[-157,-414]],[[20179,41036],[-203,82]],[[19976,41118],[179,1012],[40,340],[1,239],[-232,487],[-183,630],[-327,300],[-430,360],[22,22]],[[19976,41118],[-375,87],[-225,78],[-97,-299],[20,-67],[-569,-2],[-358,43]],[[18372,40958],[26,60],[16,411],[90,329],[-435,53]],[[18069,41811],[-572,97],[-309,112],[26,467]],[[17214,42487],[172,642],[166,302],[141,448],[28,274]],[[17214,42487],[-412,39],[-280,55],[-372,35],[-516,82]],[[15634,42698],[240,422],[49,395],[-67,427],[42,249]],[[18069,41811],[-248,-453],[-195,22],[-366,-11],[-345,-38],[-163,13],[13,142],[-394,24],[-432,82],[-290,-2],[-21,111],[-370,77]],[[15258,41778],[83,55],[157,240],[107,300],[29,325]],[[18372,40958],[-203,-328],[-119,-255],[-50,2]],[[18000,40377],[-473,28],[-186,32],[-978,60],[-1148,-43],[-150,-63]],[[15065,40391],[-16,-10],[-343,492],[-125,221],[69,238],[377,295],[231,151]],[[21588,41649],[-99,-631],[-77,-659]],[[21412,40359],[-365,64]],[[21047,40423],[-19,276],[-284,85],[-565,252]],[[25215,41044],[17,-424],[-205,-25],[30,-123],[-428,-163],[-349,-231],[-290,-135]],[[23990,39943],[-270,-29],[-646,-25],[-454,139],[-470,189],[-738,142]],[[21047,40423],[-101,-439],[-269,-846],[-95,-420],[-130,-413],[-114,-436],[-141,-791]],[[20197,37078],[-565,122],[-1232,62],[-446,6]],[[17954,37268],[-124,-2],[-612,191],[75,371],[22,229],[-80,11]],[[17235,38068],[119,440],[111,300],[128,-1],[295,483],[43,211],[33,607],[36,269]],[[17235,38068],[-370,41],[-604,5],[-609,-115],[-79,-46]],[[15573,37953],[-210,265],[-290,174],[-132,238],[91,420],[248,616],[31,226],[-31,162],[-215,337]],[[23990,39943],[6,-124],[147,-447],[1,-562],[366,-59],[506,-38]],[[25016,38713],[-138,-568]],[[24878,38145],[-102,-531],[-91,-308],[-21,-340],[9,-265],[116,-7],[-47,-202],[-117,-289]],[[24625,36203],[-712,277],[-142,27],[-427,-32],[-817,-412]],[[22527,36063],[-291,-51],[-153,306],[-989,202],[39,49]],[[21133,36569],[176,297],[-241,79],[-588,71],[-283,62]],[[28881,34985],[-443,12],[-520,-23],[-555,-91],[-391,-36],[-619,47]],[[26353,34894],[-4,306],[-145,183],[-281,184],[-309,94],[-389,223],[-361,153],[-193,130]],[[24671,36167],[-46,36]],[[24878,38145],[55,34],[568,20],[414,-14],[9,55],[456,60],[-8,82],[359,55],[418,96],[482,51],[719,-176],[585,-212],[420,-85],[538,-43]],[[17954,37268],[-75,-309],[-106,-143],[-258,-248],[-43,-2]],[[17472,36566],[-597,81],[-872,43],[-679,116],[-198,3]],[[15126,36809],[236,429],[226,355],[-15,360]],[[21133,36569],[-238,47],[-41,-152],[171,-38],[-223,-309],[299,-48],[-86,-138],[202,-49],[-37,-146],[-312,25],[-15,-70],[-292,28],[-6,-67],[211,-10],[-3,-53],[-300,26],[27,-61],[261,-14],[-41,-213],[-174,1],[-59,-300],[-75,-112],[111,9],[-84,-366]],[[20429,34559],[-761,-65],[-7,-44],[-410,-98],[-390,-152],[-261,-34]],[[18600,34166],[-25,259],[-124,317],[-613,372],[-214,99],[-202,49],[-299,-1],[-251,-83]],[[16872,35178],[-130,253],[161,73],[269,-89],[145,352],[64,639],[91,160]],[[16872,35178],[-414,-213],[-390,-377],[-245,-339],[-183,-403],[-234,-665],[-362,-394],[-688,-394],[-169,-31],[-597,-46],[-505,22],[-834,302]],[[12251,32640],[488,527],[369,341],[245,256],[81,13],[76,214],[229,-22],[174,438],[158,275],[173,234],[269,243],[130,-24],[94,224],[83,-7],[128,259],[102,-8],[23,614],[-2,339],[-48,181]],[[15023,36737],[103,72]],[[12251,32640],[-303,206],[-275,244],[-247,352],[-64,413],[149,140],[605,213],[255,212],[40,687],[343,551],[16,127],[274,192],[514,207],[550,131],[659,254],[256,168]],[[22527,36063],[366,-731],[-199,-866]],[[22694,34466],[-761,173],[-285,42],[-118,-69],[-347,44],[-33,-107],[-440,21],[-281,-11]],[[24671,36167],[-100,-236],[-61,-261],[-170,-390],[-54,0],[-95,-284],[-10,-382],[297,-93],[122,-7],[583,-180],[808,-167]],[[25991,34167],[6,-158],[-352,-1013],[-105,-9],[-62,-246],[-77,-27],[-339,3],[-229,-32],[-321,-124],[-141,-143],[-90,-194],[-315,39],[38,-134],[-208,12],[-22,-108],[49,-217],[-173,-144],[-440,-12]],[[23210,31660],[-54,110],[-536,433]],[[22620,32203],[0,646],[-21,573],[21,460],[74,584]],[[26353,34894],[-14,-307],[33,-118],[94,-9],[70,-300],[-42,0]],[[26494,34160],[-503,7]],[[29995,31940],[-107,-158],[-184,-165],[-253,-120]],[[29451,31497],[-360,-149],[-599,-21],[-226,-123]],[[28266,31204],[-393,222],[-419,180],[-227,34],[-135,465],[-282,621]],[[26810,32726],[-132,797],[-111,334],[-73,303]],[[22620,32203],[-284,74],[-216,-21],[-173,-102],[-203,-385],[-139,-143],[-214,-78],[-352,-13],[-279,76],[-317,201],[-326,258],[-391,671]],[[19726,32741],[304,166],[99,379],[146,820],[154,453]],[[19726,32741],[-151,138],[-363,398],[-383,388],[-229,501]],[[26810,32726],[-511,-32],[-471,11],[-365,-687],[-199,-501],[-115,20],[-129,-316],[-190,37],[-44,-97]],[[24786,31161],[-333,30],[-637,22],[-440,57]],[[23376,31270],[-166,390]],[[28266,31204],[-158,-118],[102,-70]],[[28210,31016],[-140,-138],[120,-394],[19,-246],[-321,-210],[-274,-105],[-349,-190],[-125,-240],[-228,-320]],[[26912,29173],[-343,-569],[-180,-176],[67,-56]],[[26456,28372],[-577,-390],[-448,-88]],[[25431,27894],[-210,-36],[-393,8]],[[24828,27866],[-146,82],[-491,357],[-438,441],[-270,477],[-158,311],[-101,82]],[[23224,29616],[984,117],[-6,29],[363,68],[-117,307],[659,-39],[-33,-281],[694,-63],[53,344],[-60,10],[111,407],[-276,58],[40,238],[-369,12],[-478,46],[42,209],[-45,83]],[[23224,29616],[-202,163],[-95,123],[5,338],[297,600],[147,430]],[[27497,40339],[-400,-123],[-380,-86],[-476,-64],[58,-290],[-13,-354],[-138,-198],[-279,-217],[-291,-155],[-31,-124],[-531,-15]],[[37925,33221],[-155,-229],[-147,-367],[-164,-499],[-92,-184],[-321,69],[-121,-181],[-82,-278]],[[36843,31552],[-148,31],[57,244],[107,807],[-9,134],[-100,179]],[[33768,33296],[-16,-237],[222,-1],[354,-46],[-107,-439],[-78,-527],[-95,-863],[-94,6],[-37,-334],[-359,4],[21,-682]],[[33579,30177],[-203,-21]],[[33376,30156],[-60,883],[20,347],[-46,943],[-34,305],[-83,24]],[[35412,32765],[-79,-111],[-287,-673],[-207,-564],[-172,-697]],[[34667,30720],[-277,40],[-69,-336],[-241,20],[-131,-299]],[[33949,30145],[-370,32]],[[39142,32217],[-387,-601],[-230,-266],[-270,-375]],[[38255,30975],[-210,121],[-94,-113],[-539,91],[-6,-313],[-370,117],[-124,-26],[-232,127]],[[36680,30979],[163,573]],[[36680,30979],[-85,-282],[-276,-750]],[[36319,29947],[-205,26]],[[36114,29973],[-1515,129]],[[34599,30102],[68,618]],[[33376,30156],[-10,-77],[-1303,1]],[[32063,30080],[37,508],[-48,428],[-41,569],[21,727]],[[32063,30080],[-19,-331],[-538,-34],[25,-239],[-700,42]],[[30831,29518],[-588,686],[-325,457],[-230,364],[-172,383],[-65,89]],[[41711,30315],[348,141]],[[42059,30456],[74,-337],[-87,-579],[8,-244],[-61,-603],[78,16]],[[42071,28709],[-107,-262],[-211,-320]],[[41753,28127],[-47,-46],[-323,-21],[-432,21],[-3,-123],[-866,-101],[-265,4],[-378,-37],[-1115,67],[-509,76],[-317,65]],[[37498,28032],[-483,40],[5,320]],[[37020,28392],[34,635],[120,456]],[[37174,29483],[389,-58],[-12,-175],[272,64],[976,314],[-13,109],[59,300],[85,112],[-243,40],[9,122],[-220,22],[5,137],[-296,38],[-134,124]],[[38051,30632],[204,343]],[[30831,29518],[72,-169],[-85,-26],[-5,-290],[-47,-192]],[[30766,28841],[-482,224],[-18,80],[-434,550],[-330,488],[-247,234],[-479,260],[-325,217],[-241,122]],[[38051,30632],[-88,3],[-152,-254],[-124,-95],[-278,-599],[-165,38]],[[37244,29725],[-536,141]],[[36708,29866],[-371,77]],[[36337,29943],[-18,4]],[[30766,28841],[20,-8]],[[30786,28833],[-190,-375]],[[30596,28458],[-1089,232],[-587,67],[24,50],[-570,49],[-566,97],[-761,163],[-135,57]],[[34599,30102],[-650,43]],[[37174,29483],[70,242]],[[43504,30189],[103,-157],[186,-460],[61,-218],[189,-418]],[[44043,28936],[-684,-81],[-904,-86],[-384,-60]],[[42059,30456],[481,80],[421,-45],[293,-136],[250,-166]],[[36114,29973],[-27,-356],[-159,-312],[-75,-72],[-300,29],[19,153],[-71,-25],[-142,-530],[58,-41],[-96,-117],[-173,-65],[109,-109],[243,-74],[-38,-105],[12,-365],[-172,12],[-55,89],[-125,-60],[-2,220],[-272,-3],[40,72],[18,463],[-93,-2],[5,106],[-231,20],[69,-316],[-265,92],[90,345],[-330,112],[-158,23],[-156,-235],[-77,15],[-76,-286],[-571,142],[83,420],[-490,65],[-31,-207],[-431,57],[-229,10],[-27,-74],[-510,99],[-19,-422],[-492,83],[-181,9]],[[36337,29943],[-113,-450],[129,-10],[28,92],[207,13],[59,84],[-86,45],[147,149]],[[37020,28392],[-273,5],[-132,-97],[-449,96],[-60,-12],[-17,-199],[50,-7],[8,-263],[41,5],[-33,-674],[-24,-191],[376,-392],[506,-627],[65,-58]],[[37078,25978],[-42,-10],[-625,256],[-37,-57]],[[36374,26167],[-144,2],[7,143],[-188,221],[-237,86],[-109,84],[69,216],[-321,83],[20,105],[-145,121],[-331,24],[-73,154],[32,281],[-226,137],[-17,-223],[-391,-165],[35,-98],[406,70],[82,-214],[361,-125],[-82,-190],[108,-596],[73,-230],[65,-470],[57,-224],[-437,-13],[-131,533],[-5,403],[91,228],[-184,12],[-19,174],[-387,90],[-269,33],[-243,69],[66,117],[-599,39],[94,333],[-699,107]],[[32703,27484],[52,294],[-517,13],[-684,130],[-364,-18],[-46,-240],[-456,-13]],[[30688,27650],[-26,233]],[[30662,27883],[-127,45],[61,530]],[[30662,27883],[-498,23],[-549,84],[-577,61],[-679,15],[-1011,59],[-725,83],[-167,164]],[[44119,28787],[198,-527],[80,-859],[-213,-605]],[[44184,26796],[-163,25],[-506,172],[-299,61],[22,74],[-224,37],[-87,-195],[-149,-1],[-77,-211],[-240,75],[61,122],[-1,162],[-201,26],[37,131],[37,376],[-537,172],[97,244],[-201,61]],[[44043,28936],[76,-149]],[[37498,28032],[-142,-643],[-31,4],[-40,-521],[5,-194]],[[37290,26678],[-2,-108],[-204,-31],[113,-260],[-10,-167],[-109,-134]],[[30688,27650],[-26,-271]],[[30662,27379],[-1163,-128],[-1240,-95],[-1033,-67],[-510,-63],[-1201,-117],[-90,-1]],[[25425,26908],[17,775],[-43,7],[32,204]],[[44184,26796],[-473,-553],[-627,-316],[-621,-213],[-73,-491],[-10,-241]],[[42380,24982],[-165,-13],[-400,32],[-455,10],[-807,114],[-737,13]],[[39816,25138],[-258,683],[-191,220],[-785,340],[-420,129],[-617,146],[-255,22]],[[32703,27484],[-49,-312],[166,-24],[-11,-157],[-185,-5],[-29,-316],[-75,-195],[-48,-455],[-45,-46],[44,-280],[-134,2],[9,-289]],[[32346,25407],[-177,14]],[[32169,25421],[-518,6],[-700,32]],[[30951,25459],[-14,309],[86,581],[37,113],[121,657],[24,278],[-106,18],[-437,-36]],[[25425,26908],[60,-180],[353,-316],[51,-116],[-295,-150],[-75,-97],[48,-126],[231,-113],[319,145],[145,23],[251,-102],[183,-298]],[[26696,25578],[108,-164],[461,-293],[48,-63]],[[27313,25058],[68,-229],[174,-27],[88,-145],[-171,-290],[99,-236],[179,-111]],[[27750,24020],[120,-106],[64,-239],[-33,-244],[-264,-332]],[[27637,23099],[-1,-5]],[[27637,23099],[38,169],[-734,57],[-341,203],[-229,95],[-502,161],[-229,54],[26,233],[-242,-48],[-156,-93],[-132,351],[8,264],[56,454],[-152,8],[8,185],[-57,245],[-115,40],[-75,-194],[-85,113],[-239,30],[80,603],[6,344],[-175,114],[-289,32],[-248,91],[-105,180],[-11,128],[-274,162],[-41,107],[32,485],[568,-97],[394,209],[183,20],[140,-109],[83,171]],[[36374,26167],[-282,-391],[-185,-534],[-57,-233]],[[35850,25009],[-404,7],[-611,-83],[-481,21],[-354,131],[-1118,188],[-314,104],[-222,30]],[[30951,25459],[-798,47],[-699,53],[-232,-5],[-261,-47],[-299,-106],[-546,-164],[-541,-137]],[[27575,25100],[-10,119],[-158,30],[-34,338],[-42,138],[-349,-13],[-286,-134]],[[39816,25138],[85,-229],[-20,-401],[-98,-539],[-107,-208],[-194,-717],[-80,-133]],[[39402,22911],[-497,-697]],[[38905,22214],[-457,60],[-343,86],[-1153,216],[-190,49]],[[36762,22625],[-27,42],[224,516],[195,547],[97,396],[-13,235],[-561,62],[-796,180],[-31,406]],[[27575,25100],[-262,-42]],[[32169,25421],[-201,-881],[-100,-361],[-172,-2]],[[31696,24177],[-971,4],[-625,92],[-606,39],[-519,-6],[-291,-24],[-709,-163],[-225,-99]],[[36762,22625],[-14,-240]],[[36748,22385],[-491,15],[-162,321],[-210,38],[-379,-129],[-223,-43],[-186,11],[-565,-42],[-663,-103],[-710,19]],[[33159,22472],[4,36],[-297,71],[-233,26],[-589,-1],[-564,33]],[[31480,22637],[0,221]],[[31480,22858],[-15,283],[94,476],[137,560]],[[42380,24982],[188,-298],[182,-110],[416,-169]],[[43166,24405],[223,-119]],[[43389,24286],[-158,-169],[-113,-217],[-167,-451],[-39,-391]],[[42912,23058],[-891,63],[-211,36],[-539,143],[-186,-434],[-117,-324],[-4,-87]],[[40964,22455],[-306,67],[-829,237],[-427,152]],[[31480,22858],[-890,1],[-211,13],[-374,68],[-1047,50],[-865,81],[-356,-15],[-100,43]],[[44910,23382],[449,-115]],[[45359,23267],[-157,-131],[-277,-61],[-129,-76],[-272,-91],[-41,-162]],[[44483,22746],[-360,107],[-539,123],[-672,82]],[[43389,24286],[1521,-904]],[[44483,22746],[-80,-376]],[[44403,22370],[-59,-343]],[[44344,22027],[-494,-62],[-492,42],[-182,-66],[-355,-291],[-158,-251]],[[42663,21399],[-500,64],[-159,51],[4,68],[-356,129],[-84,278],[-507,237],[-129,17],[32,212]],[[47013,22583],[5,-108],[-102,-128],[30,-241],[3,-322],[46,-336]],[[46995,21448],[-42,-225],[-1064,60]],[[45889,21283],[-570,94],[72,233],[-70,33],[113,382],[112,221],[-237,36],[-545,2],[-361,86]],[[45359,23267],[696,-285],[281,-170],[194,-68],[480,-100],[3,-61]],[[31480,22637],[-525,-14],[0,-32],[-290,-48],[18,-240],[-316,12],[1,-128],[-502,70],[-731,49],[-78,-95],[-454,-7],[-561,14],[-264,22],[-304,80]],[[27474,22320],[131,312],[-8,294],[39,168]],[[42663,21399],[66,-435]],[[42729,20964],[45,-244],[-11,-232],[16,-649],[-57,-384]],[[42722,19455],[-276,2],[-459,-46],[-394,-62],[-125,11]],[[41468,19360],[-70,7],[-18,676],[-58,663],[-161,-29],[-240,42],[-204,-92],[-105,3],[-170,127],[-519,-135],[-267,218],[-342,137],[-113,101],[-190,-42]],[[39011,21036],[-123,15]],[[38888,21051],[46,643],[-29,520]],[[36748,22385],[1,-82]],[[36749,22303],[-209,-17],[-370,-125],[-7,-215],[-152,2],[-129,135],[-90,-85],[-193,-429],[-75,-101],[-132,-324],[105,-19],[-51,-322],[-36,-444]],[[35410,20359],[-675,27],[-31,145],[-478,53],[-796,3],[-504,36]],[[32926,20623],[68,192],[88,682],[-26,154],[54,495],[-27,104],[76,222]],[[32926,20623],[-167,-552],[42,-179]],[[32801,19892],[-575,45],[-95,-244],[-452,33],[-261,-34],[-7,-166],[-222,2],[-79,-520],[-290,24]],[[30820,19032],[44,255],[-426,36],[66,366],[-506,100],[28,222],[-316,29],[11,163],[138,-4],[9,149],[-407,141],[-423,-39],[-44,-267],[-210,-54],[-3,79],[-288,106],[78,212],[-330,43],[-44,-137],[-413,60],[-309,187],[-125,39]],[[27350,20718],[83,157],[-778,116],[-34,-8],[-72,633],[86,-8],[75,323],[115,123],[638,41],[11,225]],[[38888,21051],[-165,-67],[-22,-232],[-107,-5]],[[38594,20747],[-108,25],[-275,-51],[-193,-91],[-369,13],[-55,76],[-211,26],[-54,76],[-357,-52]],[[36972,20769],[-195,73],[42,183],[13,265],[-27,464],[-53,303],[-3,246]],[[45889,21283],[-179,-417],[-430,32]],[[45280,20898],[-509,29],[-485,-31]],[[44286,20896],[21,900],[37,231]],[[36972,20769],[-61,-3],[26,-210],[-144,-25],[-8,-110],[-132,12],[-165,-120],[-305,21]],[[36183,20334],[-773,25]],[[44286,20896],[-313,-20],[-285,39],[-959,49]],[[47504,20783],[133,-492],[51,-96],[130,-468],[-20,-8]],[[47798,19719],[-311,-110],[-317,-60]],[[47170,19549],[-46,140],[-388,5],[-569,61],[-528,78],[-521,48]],[[45118,19881],[38,514],[48,322],[76,181]],[[46995,21448],[231,51],[6,49],[227,-27],[-14,-383],[59,-355]],[[38594,20747],[-90,-487],[-43,-64],[260,-74],[55,179],[119,-20],[-91,-306],[288,-51],[127,644],[-289,12],[36,371],[45,85]],[[41468,19360],[-26,-163],[-167,-650],[-59,-313],[-77,-243]],[[41139,17991],[-400,53],[-320,70],[-665,67],[-522,75],[-196,57]],[[39036,18313],[11,216],[-203,90],[46,367],[72,121],[-135,24],[-50,97],[-208,68],[40,85],[-68,94],[162,-70],[64,126],[-348,118],[-42,-130],[-232,57],[-32,-110],[133,-27],[7,-115],[-129,-19],[-223,66],[-135,-138],[-260,-36],[-34,-74],[-145,45],[-281,-4],[1,-110],[-288,-99],[-612,62]],[[36147,19017],[115,552],[8,210],[-87,555]],[[45118,19881],[55,-41],[-80,-194],[-282,-216],[-343,-499]],[[44468,18931],[-285,-243]],[[44183,18688],[-347,59],[-401,26],[-563,-85],[-48,148],[-55,419],[-47,200]],[[30820,19032],[-78,-593],[-693,37]],[[30049,18476],[-184,191],[-111,228],[-269,352],[-204,329]],[[29281,19576],[-39,92],[-419,70],[-401,43],[-315,69],[-419,137],[32,117],[-521,94]],[[27199,20198],[60,152],[9,213],[82,155]],[[36147,19017],[-114,-132],[-144,-456]],[[35889,18429],[-306,-11],[-236,32],[-1086,30],[-792,-40]],[[33469,18440],[-62,26],[-261,518],[-131,470],[-214,438]],[[29281,19576],[-401,14],[-873,93],[-422,31],[-236,98],[-320,24]],[[27029,19836],[170,362]],[[33469,18440],[-181,-1196],[-126,-484],[-102,-703],[86,-20],[0,-414],[196,30],[3,-89],[-141,13],[-150,-60],[-133,121],[-474,-95],[-634,50],[-527,98],[-294,125],[-288,454],[-372,668],[-99,393],[-91,587],[-148,558]],[[29994,18476],[55,0]],[[47170,19549],[55,-352],[-29,-788],[32,-195]],[[46167,18078],[-442,52],[-308,83],[130,274],[242,271],[-431,61],[-286,-24],[-1,82],[-492,28],[-111,26]],[[29994,18476],[-168,20],[-354,125],[-660,48],[-829,84],[-278,7],[-147,157],[-61,-74],[-219,433],[-260,355],[11,205]],[[39036,18313],[-102,-109],[-159,0],[19,-128],[224,-132],[-7,-290],[-538,13],[-61,-145],[-86,18]],[[38326,17540],[-155,7],[3,319],[-198,91],[-857,255],[-450,101],[-498,71],[7,39],[-289,6]],[[44183,18688],[-139,-258],[45,-230],[104,-186],[-187,-162],[-311,-327],[-46,-77],[-109,-450]],[[43540,16998],[-308,58],[-340,-27],[-752,-183],[-71,8]],[[42069,16854],[-920,88],[-91,666],[81,383]],[[43842,16165],[-79,587],[-157,98],[-112,-3],[46,151]],[[42069,16854],[2,-266],[-36,-299],[62,-4],[24,-611],[-21,-286]],[[38247,15926],[-55,174],[-73,407],[38,97],[-67,162],[83,113],[224,149],[-192,87],[-52,94],[50,200],[123,131]],[[60538,56907],[-445,63],[-124,-444],[-417,99],[-220,-157],[580,-186],[-41,-174],[-314,-71],[-185,-206],[347,-412]],[[59719,55419],[-166,-166],[-257,1],[-73,-185],[-377,-396],[-158,-289],[-263,-384],[-752,-796],[-272,-331],[-66,-151]],[[57335,52722],[-39,-61],[-181,50],[-175,-132],[-206,-24]],[[56734,52555],[46,301],[13,696],[121,640],[179,503],[86,533],[-44,61],[39,815],[31,231]],[[57205,56335],[240,-44],[104,276]],[[58645,56821],[-12,-383],[-46,-202],[385,-61],[64,137],[120,465],[4,210],[-72,19]],[[57598,56246],[-143,-359],[481,-109],[7,143],[82,174],[-427,151]],[[57869,55745],[-139,-316],[268,-88],[83,158],[33,201],[-245,45]],[[58106,55053],[-255,-507],[207,52],[225,456],[-177,-1]],[[57228,56498],[-23,-163]],[[56734,52555],[-451,-52],[-299,-142],[-83,-2]],[[55901,52359],[37,106],[-234,-113],[-262,-30],[-483,27],[-118,-44],[-112,40],[-177,-54],[-265,0],[-290,-61],[-473,-51],[-155,55],[-231,-12],[-116,91],[-346,-63],[-385,120],[-307,-13],[-699,62]],[[51285,52419],[41,977],[48,460],[134,590]],[[47014,57235],[-63,-574],[-211,19],[-81,-285],[-71,-421],[371,-17],[-15,-162]],[[46944,55795],[-112,-258],[-369,-34],[-200,21],[24,247],[-75,473],[-250,9],[5,116],[-333,14],[-36,-260],[-631,-34],[-215,7],[-101,476],[202,67],[-60,174]],[[69548,57687],[112,-499],[-12,-203],[-127,-383],[-232,-418],[-131,-166],[8,-276],[86,-180],[177,-248],[557,-553]],[[69986,54761],[-75,-35],[-657,-176],[-310,-47],[-388,-2],[-204,23],[-52,-93],[-296,-264]],[[68004,54167],[-69,-11],[2,249],[-70,-102],[-206,121],[-41,164],[-103,135],[93,67],[-15,155],[-363,176],[49,314],[-26,67],[36,419],[12,844],[69,582]],[[47868,55668],[-176,71],[-434,52],[-314,4]],[[65985,57441],[-122,-604],[-118,-974],[-80,-430],[-185,-802],[-40,-107],[-52,-392]],[[65388,54132],[-199,-41]],[[65189,54091],[-601,-144],[-549,-72]],[[64039,53875],[-304,-40],[-419,99],[-265,136],[-97,95]],[[62954,54165],[-185,98]],[[62769,54263],[16,378],[172,1],[23,54],[-194,156],[-19,89],[128,66],[250,-169],[365,65],[135,64],[168,-148],[109,-3],[66,166],[-271,181],[-58,104],[61,167],[161,246],[-22,152]],[[68004,54167],[-8,-26]],[[67996,54141],[-350,-95],[-16,-35]],[[67630,54011],[-273,28],[-230,-246],[-172,-86],[-164,11],[-107,-222],[-160,-179],[-127,-85],[-378,108],[-60,63],[21,193],[101,296],[157,198],[-302,104],[-548,-62]],[[61545,55703],[-102,-134],[-92,-375],[-290,-38],[-628,25],[-658,148],[-56,90]],[[62769,54263],[-265,114],[-8,-88],[-603,-396],[-912,-687],[-252,-396],[-138,-307]],[[60591,52503],[-108,86],[-92,-19]],[[60391,52570],[75,283]],[[60466,52853],[342,788],[237,411],[179,570],[87,67],[215,521],[90,40]],[[47802,55149],[-74,-525],[31,-159],[-74,-390],[-79,-553],[134,-353],[942,189],[-56,498],[133,-13],[3,188],[120,556]],[[48882,54587],[72,-3],[31,-159],[101,-6],[26,-117],[9,-431],[-49,-405],[230,48],[-10,-407]],[[49292,53107],[-381,61],[-23,-185],[-270,20],[-53,-37],[-306,30],[-15,-54],[-708,90],[0,124],[-702,-70],[-222,-59],[-519,-50],[-95,37],[-261,-6],[-249,54],[-339,10],[-398,-23],[-3,84],[-146,5],[-22,-104],[-162,101],[-149,27],[-2,-120],[-186,47],[-628,110],[-186,-20]],[[43267,53179],[26,175],[-462,114],[-97,-4]],[[42734,53464],[62,293],[95,105]],[[42891,53862],[-5,-29],[380,-64],[90,287],[330,-67],[302,-90],[113,305],[368,-219],[83,405],[-21,322],[-994,104]],[[43537,54816],[-14,217],[9,859],[-19,418]],[[43537,54816],[-2,-120],[-113,-240],[-254,54],[-189,-11],[-84,-112],[35,-225],[-39,-300]],[[42734,53464],[-70,-151],[-9,-442]],[[42655,52871],[-290,-6],[-703,-66],[-745,-33]],[[60466,52853],[-319,-20],[-106,130],[-173,-75],[-109,13],[-73,-122],[-91,12],[-20,99],[-215,74],[-1,163],[-176,15],[-44,-97],[122,41],[-70,-135],[-197,-130],[-268,-7],[-422,-199],[-416,-41],[-233,43],[-320,105]],[[48934,54913],[-52,-326]],[[70270,53993],[-9,81],[104,422]],[[70365,54496],[58,94],[-111,182],[13,108],[105,1],[137,-223],[286,47],[93,-171],[266,136],[204,-30],[530,-152],[-101,-188],[-97,7],[-139,-93],[-338,93],[-80,-428],[-546,52],[-375,62]],[[49779,54745],[39,-235],[148,-437],[140,-334],[469,156],[16,-185],[-43,-466],[-130,-729]],[[50418,52515],[-77,-5]],[[50341,52510],[-466,60],[-360,79],[-252,24],[29,434]],[[70270,53993],[26,-330],[117,-416],[-35,-140],[-228,-281],[-255,114],[-665,81],[-36,-235]],[[69194,52786],[-221,28],[-525,140],[-111,332]],[[68337,53286],[-146,367],[16,310],[-157,193],[-54,-15]],[[69986,54761],[379,-265]],[[51285,52419],[-96,-2]],[[51189,52417],[-504,52],[-267,46]],[[62954,54165],[-204,-360],[-276,-587],[-636,-1304]],[[61838,51914],[-106,13],[-184,192],[-193,114],[-103,-32],[-301,60],[-42,124],[-318,118]],[[67630,54011],[-265,-427],[-210,-275],[-243,20],[-100,-385],[-144,-14],[-505,-122],[-81,-112],[-230,52],[-207,-341],[-438,-491],[-173,-131],[-145,-172],[-328,-677],[-208,-342]],[[64353,50594],[-115,188],[-121,58]],[[64117,50840],[106,128],[176,304],[217,750],[296,834],[240,873],[37,362]],[[64039,53875],[-32,-327],[-267,-722],[-441,-898],[-312,-698]],[[62987,51230],[-117,110],[-195,-33],[-135,47],[-151,125],[-34,120]],[[62355,51599],[-97,82],[-140,-87],[-215,166],[-65,154]],[[68337,53286],[-532,-24],[-15,-100],[141,-248],[3,-80],[-125,-316],[-284,-155],[36,-255],[151,-507]],[[67712,51601],[-121,-1],[-12,-112],[-79,135],[-311,-45],[-152,-109],[-31,-140],[-534,-189],[-244,-409],[-289,-622],[-86,-353],[-83,41]],[[65770,49797],[-179,6],[-43,-75],[-242,-33],[-195,174],[-101,149],[-82,220],[-82,35],[-136,-118]],[[64710,50155],[-109,39],[117,234],[-141,27],[-224,139]],[[64117,50840],[-326,12],[-98,179],[-340,30],[-125,84],[-158,4],[-83,81]],[[43267,53179],[-36,-324],[78,-11],[-62,-335],[218,-19],[63,-128],[179,-140],[340,-187],[36,-86],[645,264],[20,-201],[-26,-318]],[[44722,51694],[-142,-413],[-55,-281],[141,-29],[87,-267]],[[44753,50704],[-222,0],[-377,-42],[31,-329],[0,-860]],[[44185,49473],[-653,-115],[5,153]],[[43537,49511],[-7,513],[-406,799],[-168,287],[-186,698],[16,154],[-131,909]],[[69194,52786],[-23,-217],[192,-9],[390,-108],[-241,-332],[-99,-183],[7,-276],[280,-163],[210,-47],[218,-201],[132,-188],[64,-252]],[[70324,50810],[-360,86],[-334,-54],[-174,5],[-192,83],[-58,99],[55,277],[-181,148],[-186,-17],[-219,-104],[-211,58]],[[68464,51391],[-109,169],[-109,19],[-248,-117],[-43,-197],[-188,97],[-55,239]],[[50341,52510],[-15,-234],[470,-78],[-110,-613],[-465,77],[-95,-289]],[[50126,51373],[-52,-163],[-197,58],[-330,180],[-316,219],[-230,127],[-225,186],[-54,-68],[-313,53],[-10,-82],[-381,82],[15,127],[-574,93],[-52,-91],[-199,24],[-242,116],[-150,-14],[111,-213],[382,-565],[15,-105],[142,1],[54,482],[503,-161],[244,-170],[180,-74],[449,-259],[620,-235],[81,-63],[396,-136],[-56,-140]],[[49937,50582],[-69,-70],[-377,43],[-546,24],[-330,-3],[-245,-50],[-308,5],[-293,-33],[-149,-56],[-350,-55],[-57,-332],[-116,6],[-138,-350],[-249,-2],[-60,-42],[-48,-363],[-144,-16],[-377,29]],[[46081,49317],[16,503],[22,156],[-136,312],[-26,572],[-53,183],[-13,362],[23,174],[-1192,115]],[[60391,52570],[-94,-306],[-91,-446],[-69,-212],[-52,-19],[-639,30],[-6,-180],[-1292,128],[-11,-146],[-630,24],[-1075,-46],[-318,-40],[-509,-2]],[[55605,51355],[82,270],[175,730],[39,4]],[[43537,49511],[-170,-39],[-315,0],[-10,-259],[-510,-111],[-3,-69]],[[62355,51599],[-116,-207],[-385,-612],[-74,-143],[-443,-610],[-168,-178],[-160,-85],[-66,-232],[-66,-788],[86,-423],[-13,-326]],[[60950,47995],[-300,-4],[-497,-42],[-389,-1037],[-181,-312],[-149,-202],[-148,-139],[-12,-109],[-137,-456],[-285,-650],[298,-94],[-154,-310]],[[58996,44640],[-490,117],[-69,284],[-101,44]],[[58336,45085],[-460,68],[-227,208],[-186,16],[-345,-98],[-108,-1],[-319,143],[-153,6],[-126,143],[-177,53],[-198,127]],[[56037,45750],[-272,145],[-195,200],[-168,53],[-67,78],[62,228],[-22,91],[-141,47],[-304,-27],[-137,321],[-280,198]],[[54513,47084],[-95,172],[-12,252],[-86,152],[-267,92],[65,384],[71,585],[92,564],[97,314],[-286,246],[-262,180]],[[53830,50025],[55,315],[625,123],[565,137],[299,757],[231,-2]],[[51189,52417],[-91,-634],[-185,-554]],[[50913,51229],[-412,55],[-375,89]],[[53830,50025],[-289,3],[-243,-29],[-76,-55]],[[53222,49944],[-467,242],[-772,348],[-738,215],[-448,198]],[[50797,50947],[116,282]],[[50797,50947],[-118,-472]],[[50679,50475],[-490,49],[-252,58]],[[46081,49317],[-295,-95]],[[45786,49222],[-319,8],[-538,102]],[[44929,49332],[71,641],[4,357],[-55,371],[-196,3]],[[68464,51391],[-137,-307],[-55,-240],[-98,-241],[-49,-234],[-176,-321],[-177,-145],[-277,-359],[-153,-383]],[[67342,49161],[-181,11],[-123,-47],[-187,101],[10,190],[-204,169],[-153,34],[-262,-49],[-56,113],[-349,-18],[-67,132]],[[64710,50155],[-50,4],[-123,-275],[-100,-120],[-387,-360],[-284,-152],[-379,-238],[-189,-290],[-78,-216]],[[63120,48508],[-392,-78],[-158,-59],[-352,-291],[-203,-199],[-200,-1]],[[61815,47880],[-522,71],[-344,14],[1,30]],[[70324,50810],[128,-634],[270,-403]],[[70722,49773],[-148,-134],[-336,-79],[-476,29],[-37,-77],[-340,-133],[-453,-41],[22,-86],[37,-576],[-127,-22],[21,-433]],[[68885,48221],[-171,18],[-205,95],[-264,-115],[-20,-157],[-216,-112]],[[68009,47950],[-92,1],[-219,185],[107,240],[-268,97],[-58,210],[64,233],[-114,197],[-87,48]],[[53222,49944],[-71,-211],[-89,-432],[-242,-884],[-115,-257],[-93,-490],[-178,-18],[-94,-78],[54,-90],[-124,-189],[-319,-190],[-189,-30],[-70,-77],[-221,122],[-413,-153],[-159,-200],[-83,30]],[[50816,46797],[-121,-41]],[[50695,46756],[33,585],[-664,153],[111,692],[120,391],[62,438],[172,811],[150,649]],[[72312,46986],[-303,-3],[-533,-100],[-160,50],[-78,109],[-1,247],[200,470]],[[71437,47759],[125,421],[14,317],[-26,156],[-167,364]],[[71383,49017],[-188,385],[-473,371]],[[70324,50810],[62,-56],[493,-60],[787,37],[552,9],[443,29]],[[44929,49332],[-152,44],[-592,97]],[[50695,46756],[-16,-199],[-307,67],[-273,-61],[-201,-2],[-133,-195],[-150,48],[-73,-93],[-215,20],[-257,-132],[5,-71],[-469,-225],[-389,22],[-297,-45],[-42,-56],[-368,37],[-261,-111],[-371,-14],[-195,21]],[[46683,45767],[39,228],[-17,500],[-79,572],[13,262],[-443,140],[-397,148],[-551,134]],[[45248,47751],[21,372],[139,522],[98,262],[107,141],[67,-15],[45,182],[61,7]],[[68009,47950],[-230,-587],[-124,-592],[-195,-563],[-220,-452]],[[67240,45756],[-538,78],[-719,-4],[-347,-46],[-435,-99],[-615,-192],[-141,-25],[-258,67]],[[64187,45535],[10,16],[-431,157],[133,846],[8,342],[-156,587],[-598,270],[-162,57],[31,240],[98,458]],[[54513,47084],[-592,-38],[-187,13],[-196,-127],[-677,-535],[-396,-200],[-424,-77],[-641,-29],[-524,69]],[[50876,46160],[-44,311],[-16,326]],[[71383,49017],[-847,-147],[-473,-137],[12,-53],[-360,-105],[-162,-1],[-30,-336]],[[69523,48238],[-153,73]],[[69370,48311],[-200,-4],[-285,-86]],[[45248,47751],[-413,64],[0,69],[-299,28],[-240,-8],[-908,-128],[-403,-94]],[[71437,47759],[-208,-46],[-53,71],[-304,-24],[-127,64],[-85,137],[-181,-222],[-188,-14],[-69,53],[-231,371],[-151,-10],[-317,99]],[[64187,45535],[-295,-497],[-246,41]],[[63646,45079],[-291,47],[-616,130],[-807,256]],[[61932,45512],[-338,122],[-7,532],[-21,13],[18,484],[51,290],[81,641],[99,286]],[[69370,48311],[-44,-352],[-155,11],[-61,-343],[322,-84],[-39,-222],[-424,22],[-434,49],[-88,-199],[131,-33],[-85,-1003],[-37,-203],[9,-289],[-72,-202]],[[68393,45463],[-438,16]],[[67955,45479],[6,67],[-161,64],[-560,146]],[[73749,45517],[-94,-69],[-376,-142],[-196,-26],[-236,-159],[-483,74],[-272,-66],[-149,7]],[[71943,45136],[-178,14],[43,107],[1,318],[-115,37],[-381,40],[-586,-175],[-240,10],[-23,-40],[-1020,29],[-609,-33],[-442,20]],[[61932,45512],[-233,-572],[-209,-418],[-304,-811],[-96,-408]],[[61090,43303],[-156,19],[-79,98],[-214,137],[22,111],[-67,68],[-154,17]],[[60442,43753],[-279,98],[-203,182],[-218,64],[-107,224],[-300,99],[-142,159],[-197,61]],[[46683,45767],[-56,-234],[-111,-753]],[[46516,44780],[-449,106],[-186,-51],[-683,-263],[-324,-219],[-258,-491],[-142,-470],[48,-114]],[[44522,43278],[-26,15],[-904,181],[-522,116],[-86,-144],[-430,-82],[-369,47],[-37,-65],[134,-229],[106,-332]],[[56037,45750],[-14,-153],[-131,-309],[75,-186]],[[55967,45102],[-414,8],[-69,-36],[-173,54],[-37,-61],[-427,-158],[-221,7],[-174,-72],[-644,-98],[-257,60],[-35,-561],[37,-274],[54,-100],[17,-493]],[[53624,43378],[-704,-43]],[[52920,43335],[-640,20],[51,535],[-64,273],[-147,78],[-212,-32],[-232,17]],[[51676,44226],[-127,169],[-434,54],[-349,-1]],[[50766,44448],[-27,503],[22,310],[77,270],[35,323],[3,306]],[[50766,44448],[-560,-145],[-352,-145],[-288,-45],[-7,-568]],[[49559,43545],[-693,26],[-226,98],[-491,108],[-670,-39],[-144,-29]],[[47335,43709],[30,306],[-138,73],[-711,692]],[[67955,45479],[-20,-197],[137,-335],[40,-562]],[[68112,44385],[-233,-373],[-124,-312],[-78,-637],[46,-624],[-65,-606],[150,-74],[12,-163]],[[67820,41596],[-166,-319],[-82,-251],[-315,16],[-67,-187],[-268,-11],[-474,-236],[-674,41],[-577,-103],[-283,-34],[-312,69]],[[64602,40581],[-125,42],[-448,285],[-16,94],[-263,253],[-213,130],[-314,29]],[[63223,41414],[0,561],[-41,384],[10,165],[-80,40],[82,275],[307,779],[30,523],[-8,383],[55,357],[68,198]],[[58336,45085],[-143,-481],[-32,-313],[-132,-817],[2,-187],[-213,109],[-287,42],[-51,-35],[-298,-28],[-290,-178],[-323,-59],[-83,23]],[[56486,43161],[-43,284],[-107,294],[-192,3],[-409,-52]],[[55735,43690],[147,781],[85,631]],[[71943,45136],[6,-299],[-251,47],[-93,-71],[-368,-928],[-101,-6],[-106,-331]],[[71030,43548],[-443,85],[5,199],[-336,2],[-509,31],[-489,145],[-157,101],[-233,76],[-192,104],[-571,57],[7,37]],[[71105,42665],[-91,673],[16,210]],[[63223,41414],[-81,-6],[-87,-216]],[[63055,41192],[-288,76],[-527,92],[-269,13],[-417,80],[-483,116]],[[61071,41569],[110,581],[38,681],[69,476],[-198,-4]],[[55735,43690],[-284,-110],[-573,-67],[-173,-43],[-598,-70],[-483,-22]],[[60442,43753],[-279,-780],[-137,-281],[-300,-33],[-442,-19],[3,-100],[-189,-8],[-141,-56],[-373,-21],[-28,-115],[-99,-68],[-175,9],[12,-154]],[[58294,42127],[-904,33],[-193,-10],[-632,43]],[[56565,42193],[-70,470],[-9,498]],[[47335,43709],[79,-255],[164,-954],[126,-523],[25,-572],[27,-93]],[[47756,41312],[-209,-74],[-512,-71],[-364,-6],[-1099,105],[-400,30]],[[45172,41296],[-33,217],[-99,238],[-40,327]],[[45000,42078],[-141,650],[-108,178],[-128,123],[-101,249]],[[51676,44226],[-226,-364],[-554,-478],[-79,-334],[-34,-338],[-104,-565]],[[50679,42147],[-710,108],[-572,74]],[[49397,42329],[116,258],[22,204],[24,754]],[[70842,41986],[-514,40],[-661,81],[-129,54],[-619,21],[-437,-730],[-91,-205]],[[68391,41247],[-384,214],[-187,135]],[[52920,43335],[-195,-579],[-183,-358],[-107,-340]],[[52435,42058],[-821,8],[-935,81]],[[49397,42329],[-161,-273],[-285,-397],[-155,-314]],[[48796,41345],[-207,45],[-271,-5],[-344,-82],[-218,9]],[[61071,41569],[-139,-317],[-190,-184],[-65,-239],[-211,-1125]],[[60466,39704],[-364,41],[-240,-21],[-521,-101],[-3,-77],[-188,-13],[-196,-70],[-274,-12],[-394,16]],[[58286,39467],[72,473],[86,801],[-74,249],[-157,8],[-43,695],[124,434]],[[56565,42193],[-117,-552],[-51,-127],[-212,-196],[-265,-158],[-148,9]],[[55772,41169],[-508,36],[-490,185],[-702,19],[-352,46],[-226,74],[-161,6],[-479,-68],[-465,45]],[[52389,41512],[-19,191],[65,355]],[[45000,42078],[-665,-28],[-14,194],[-904,13],[3,138],[-255,14],[49,263],[-214,35],[-66,-286],[-305,-32],[-38,-269]],[[45172,41296],[-1,-83],[-184,-64],[-79,-205],[-30,-237],[-164,-441],[-141,-432],[-339,-411],[-123,-177]],[[44111,39246],[-67,-146],[-269,-419]],[[43775,38681],[-265,11],[-153,-396]],[[43357,38296],[-526,15],[139,384],[-360,74],[-273,92],[-326,51]],[[52389,41512],[56,-572],[-18,-245],[-115,-327],[-209,-443]],[[52103,39925],[-430,66],[-1030,229],[-169,82],[-307,64],[-396,48],[-266,69],[-147,0],[-582,-110]],[[48776,40373],[-14,83],[99,849],[-65,40]],[[58286,39467],[-104,-72],[-293,-60]],[[57889,39335],[-422,30],[-782,169],[-328,123]],[[56357,39657],[-243,276],[-192,379],[-99,349],[-51,508]],[[70168,38183],[-228,16],[32,259],[-308,24],[-1015,172],[-6,-126]],[[68643,38528],[-806,255]],[[67837,38783],[-224,78]],[[67613,38861],[171,895],[174,363],[149,154],[13,106],[125,14],[-11,203],[163,572],[-6,79]],[[67613,38861],[-572,48],[-401,-19],[-496,45],[10,-84],[-199,19],[-131,-370]],[[65824,38500],[-459,40],[-866,-17],[-290,-85]],[[64209,38438],[-44,441],[-58,244],[-59,6]],[[64048,39129],[168,508],[186,196],[95,421],[105,327]],[[63055,41192],[-63,-197],[-373,-550],[-133,-268],[-200,-223],[-247,-664]],[[62039,39290],[-404,-35],[-2,-70]],[[61633,39185],[-245,44],[-353,101],[-550,209],[-19,165]],[[56357,39657],[-248,-472],[-120,-172],[-228,-531],[-352,-599],[-291,-449],[-55,-199]],[[55063,37235],[-669,85],[-243,-11],[-1301,59],[-422,7]],[[52428,37375],[-67,514],[-113,468],[-29,391],[-144,665],[28,512]],[[64048,39129],[-4,-15],[-749,-128],[-283,1],[30,113],[-1015,153],[12,37]],[[48776,40373],[-36,-11],[64,-371],[82,-215],[2,-414],[-32,-97]],[[48856,39265],[-387,30],[-451,68],[-57,-435],[-156,-130],[-485,-70],[-328,17],[-521,74],[-331,83],[-251,17],[-980,150],[-798,177]],[[52428,37375],[-194,-559]],[[52234,36816],[-340,102],[-374,28],[-708,-54],[-391,-178],[-555,-92],[-38,-51],[-566,30],[-276,79],[-112,83],[-433,2]],[[48441,36765],[80,355],[37,382],[25,677],[115,463],[149,346],[9,277]],[[61633,39185],[56,-426],[35,-559],[-185,-518],[-74,-287],[208,-58],[-5,-297],[29,-228],[135,-27],[521,-180],[565,-121],[427,-44]],[[62837,35077],[-679,89],[-863,234]],[[61295,35400],[-168,53],[-93,93],[-5,198],[-91,42],[-561,21],[-689,91],[-605,61]],[[59083,35959],[-179,6],[-37,292],[-80,333],[-185,349],[-17,381],[-254,63]],[[58331,37383],[32,163],[-563,245]],[[57800,37791],[57,152],[58,407],[-26,985]],[[57800,37791],[-201,-425],[-388,-333],[-555,-748],[-217,-471],[-187,79]],[[56252,35893],[-859,581],[-152,217],[-131,338],[-47,206]],[[48441,36765],[-524,-21],[-53,-41],[-595,22]],[[47269,36725],[-617,163],[65,266],[-384,52],[-296,15],[-74,396],[-267,37],[3,217],[-153,89],[5,104],[-162,49],[-595,335],[-131,47],[-867,127],[-21,59]],[[64209,38438],[1,-485],[-58,-474],[-8,-596],[58,-431]],[[43357,38296],[-103,-146]],[[43254,38150],[-509,-103],[-485,-176],[-505,-161],[-406,94],[-286,-5]],[[67837,38783],[-24,-154],[-138,-220],[-35,-126],[-200,-295],[-77,-282],[-10,-681],[-56,-312]],[[66385,36886],[16,273],[-54,4],[-161,254],[-105,67],[-296,92],[230,884],[-191,40]],[[68643,38528],[-11,-229],[27,-539],[-97,-398]],[[47269,36725],[-75,-306],[50,-500],[61,-182],[97,-123],[5,-161],[-122,-517]],[[47285,34936],[-29,18],[-366,-396],[-454,-367],[-519,28],[-94,-22],[-156,-346],[-252,33],[-98,-153]],[[45317,33731],[-259,182],[-267,61]],[[44791,33974],[84,353],[1,251],[-49,654],[-3,324],[69,371],[220,521],[-141,29],[81,624],[-507,-10],[-1,-51],[-692,127],[-358,38],[47,313],[-266,18]],[[43276,37536],[10,175],[-59,328],[27,111]],[[43276,37536],[-174,3],[-313,-716],[-131,-349],[-31,-172]],[[42627,36302],[-748,161],[-769,183]],[[58331,37383],[-135,-224],[-628,-1200],[-87,-354],[-364,-668]],[[57117,34937],[-410,127],[-363,143]],[[56344,35207],[-92,686]],[[44791,33974],[-14,-50],[-398,-51],[-308,-17],[-784,464],[-281,43],[31,82],[-493,149]],[[42534,34965],[59,535],[-58,11],[47,378],[-1,240],[46,173]],[[59083,35959],[46,-219],[-10,-197]],[[59119,35543],[-446,29],[-254,-547],[-620,40],[-154,-400],[-409,105]],[[57236,34770],[-123,92],[4,75]],[[56344,35207],[-665,-3],[-379,51],[-395,-10],[-303,-67],[-15,-60],[-251,-103],[-477,-139],[-411,-74]],[[53448,34802],[-11,44],[-440,42],[-3,48],[-283,142],[-53,531],[2,389],[27,119],[4,426],[-457,273]],[[53448,34802],[0,-310],[102,-604],[14,-313],[-28,-219],[227,-81],[-10,-55],[406,-100],[98,-106]],[[54257,33014],[-145,-482],[-125,-293],[-43,-15]],[[53944,32224],[-212,20]],[[53732,32244],[-705,247],[-418,70],[-396,14],[-681,-18],[-911,67],[-205,-37],[-220,35],[-88,-105],[-337,-102],[-178,-83]],[[49593,32332],[-76,212],[-412,308],[-37,68],[130,399],[37,380],[-146,-8],[21,151],[-71,52],[-392,66],[-395,253],[-213,280],[-411,204],[-343,239]],[[61295,35400],[-123,-642],[-155,-724],[-394,25],[18,-239],[-30,-566]],[[60611,33254],[-478,54],[-166,103]],[[59967,33411],[52,286],[-101,-2],[0,936],[28,327],[-317,67],[39,340],[-440,124],[-109,54]],[[59967,33411],[-19,12],[-275,-479],[-172,-203],[-213,-438],[-426,70]],[[58862,32373],[-333,6]],[[58529,32379],[-667,53],[-53,790],[16,156],[-267,57],[-602,-5]],[[56956,33430],[174,770],[57,444],[49,126]],[[61464,32910],[-167,9],[-191,184],[-336,40],[11,108],[-170,3]],[[56956,33430],[-14,-59],[-268,29],[-581,-76],[-1108,-265],[-357,-47],[-371,2]],[[49593,32332],[-69,-21],[-170,-473],[-127,-295],[-122,-132],[-317,-64]],[[48788,31347],[-310,69],[-421,126],[5,37],[-322,44],[-219,-11],[-6,73],[-366,57],[-207,56]],[[46942,31798],[-188,345],[64,239],[-320,476],[-210,145],[-182,80],[-285,209],[-245,120],[-282,280],[23,39]],[[46942,31798],[-16,-45],[-455,-61],[-647,-178],[-247,-36],[-403,-112],[-694,-300],[-184,-99],[-279,-200],[-331,-114],[-105,-155],[-77,-309]],[[58529,32379],[-5,-263],[-452,-59],[-293,11],[-22,-149],[-134,-9],[4,-115],[-426,-127],[-323,-158],[-416,-144],[-277,-25],[-267,49]],[[55918,31390],[-416,129],[-867,149],[-508,74],[-272,70],[89,412]],[[59424,30558],[26,286],[88,383],[36,304],[-15,123],[-292,30],[-162,225],[-273,268],[30,196]],[[53732,32244],[-72,-238],[-345,-506],[-174,-333],[-95,-100],[-29,-368],[24,-299],[-42,-317],[-163,-326],[-102,-275]],[[52734,29482],[-148,-34],[21,-103]],[[52607,29345],[-462,167],[-460,12],[-260,62],[-676,-92],[-319,-5],[-472,33],[-440,4],[-201,-47],[-237,30],[-376,102]],[[48704,29611],[39,307],[1,622],[35,321],[9,486]],[[59270,30029],[-33,-115],[-621,-10],[-660,-50],[-437,-19],[-41,-243],[-397,19],[-219,-23],[-529,-243],[-83,-111],[-427,-113],[-297,-53]],[[55526,29068],[31,29],[48,412],[-20,229]],[[55585,29738],[91,331],[18,183],[224,1138]],[[55585,29738],[-550,70],[-576,205],[-663,4],[-37,-117],[-397,-4],[-248,-258],[-150,-112],[-230,-44]],[[48704,29611],[-2,-340]],[[48702,29271],[-507,-98],[-452,-110],[-583,-104],[-428,-116],[-446,-5],[-254,20],[-645,13],[-432,29],[-3,-136],[-378,36],[-378,10],[-77,-23]],[[60083,28341],[-452,15],[-419,-21],[-224,-120],[-61,-279],[-14,-410]],[[58913,27526],[-654,-59],[-383,47],[-1,-238],[-225,2],[-350,58],[3,160],[-133,27],[-66,-306],[-1118,108]],[[55986,27325],[17,540],[-20,464],[-564,81],[94,214],[-56,21]],[[55457,28645],[69,423]],[[59321,25322],[-281,-35],[-821,15],[-148,-76],[-248,46]],[[57823,25272],[-282,97],[-701,84],[-517,135],[-320,35],[33,410]],[[56036,26033],[3,775]],[[56039,26808],[-53,517]],[[58913,27526],[17,-289],[50,-273],[-24,-223],[-63,-169],[19,-509],[27,-177],[90,-235],[292,-329]],[[27605,83637],[-354,-4],[-682,-243],[-23,49],[-763,215],[-716,155],[-563,68]],[[24504,83877],[92,320],[320,633],[783,-135],[145,-70],[15,65],[366,57],[210,245],[186,444],[82,566],[294,-33],[556,-124]],[[29486,82313],[-77,-100],[-167,-448],[-29,-138],[-146,-116],[-225,-41],[-680,56]],[[28162,81526],[-106,55],[-771,150],[-183,20],[-401,101],[-353,58],[-507,135],[6,49],[-233,11],[-322,-28]],[[25292,82077],[-78,148],[-191,237],[-248,-36],[-368,1],[-69,54],[-223,-43],[26,213],[160,499],[203,727]],[[29768,80310],[-464,27],[-373,133],[-352,2],[-326,78],[-12,40]],[[28241,80590],[-74,269],[-89,12]],[[28078,80871],[84,655]],[[28078,80871],[-199,-13],[-312,-82],[-473,23],[-166,53],[-324,39],[-528,-24],[-417,47],[-235,113],[-413,105]],[[25011,81132],[137,510],[-16,104],[97,6],[63,325]],[[28241,80590],[-285,-224],[-147,-295],[-201,-330],[-56,-137],[-284,-346]],[[27268,79258],[-80,62],[-278,-246],[-366,-473],[-31,-156]],[[26513,78445],[-550,183],[-483,19]],[[25480,78647],[48,586],[19,470],[-389,52],[-426,187],[14,55]],[[24746,79997],[80,417],[185,718]],[[31543,78996],[-122,36],[-706,98],[-381,95]],[[30334,79225],[54,929]],[[30334,79225],[-46,5],[-10,-207],[140,-53],[-18,-167],[56,-320],[87,-145],[-56,-263],[-200,-270],[-114,-104]],[[30173,77701],[-189,149],[72,103],[-151,52],[-409,287]],[[29496,78292],[-5,82],[-213,50],[-334,128],[8,73],[-290,181],[-268,86],[-234,227],[-473,13],[-338,71],[-81,55]],[[35220,78993],[-429,40],[-420,90],[-20,100]],[[25480,78647],[-72,-98],[-184,-78],[-280,-421],[-146,-130],[-126,-201],[-176,-458],[-48,3]],[[24448,77264],[-380,52],[-421,109],[-360,43],[82,729],[2,225],[45,270],[-548,183],[29,84],[240,308],[301,313],[367,334],[278,87],[239,-22],[424,18]],[[35809,77141],[-361,79],[-417,22],[-830,23]],[[34201,77265],[-338,150],[-414,63]],[[33449,77478],[58,313],[-38,303],[-205,89],[-299,228],[-73,17]],[[32892,78428],[14,199],[60,126]],[[29496,78292],[-108,-216],[-237,-248],[-82,-16],[-212,-424]],[[28857,77388],[-166,153],[-282,43],[-292,4],[-715,118],[-538,110]],[[26864,77816],[-73,215],[-129,132],[-97,25],[-52,257]],[[32892,78428],[-169,-291],[-332,-476]],[[32391,77661],[-73,23],[-83,-109],[-365,43],[-353,0],[68,-171],[-35,-208],[63,-75],[-125,-252]],[[31488,76912],[-179,25],[-161,108],[-359,148]],[[30789,77193],[-616,508]],[[26864,77816],[-295,-1138]],[[26569,76678],[-422,236],[-198,-7],[-285,100],[-224,-76],[-47,-83],[-546,-3],[-436,61]],[[24411,76906],[37,358]],[[33449,77478],[8,-385],[-35,-66],[-392,55],[-616,220],[227,254],[-250,105]],[[30789,77193],[-142,-249],[-371,-552]],[[30276,76392],[-357,349],[12,112],[-208,54],[-291,32]],[[29432,76939],[-144,98],[-14,93],[-417,258]],[[29432,76939],[-124,-272],[-183,-481],[-338,-789],[-284,-1137],[-113,-309],[-59,-52],[-249,-372],[-145,-154],[-103,-38],[-117,-188],[-30,-253],[55,-10],[-28,-327]],[[27714,72557],[-337,13],[-197,36]],[[27180,72606],[-456,157],[-791,529]],[[25933,73292],[18,28]],[[25951,73320],[337,555],[59,185],[41,654]],[[26388,74714],[59,590],[2,350],[51,573],[69,451]],[[34201,77265],[-193,-304],[-184,-110],[-232,85],[-24,-181],[-99,-208],[-257,-670],[-102,-304],[-117,-194]],[[32993,75379],[-351,140]],[[32642,75519],[36,72],[-126,225],[-108,111],[-240,143],[-442,190],[-220,251],[-45,155],[-9,246]],[[35186,75040],[-306,-610],[-107,-255]],[[34773,74175],[-232,250],[-359,164]],[[34182,74589],[-267,217],[-153,214],[-521,204],[-248,155]],[[32642,75519],[-251,-438],[-184,-270]],[[32207,74811],[-1177,263],[-208,33]],[[30822,75107],[111,328],[110,203],[-699,346],[-132,123],[64,285]],[[26388,74714],[-434,70],[-546,-107],[-123,-59],[-243,11],[-1,-60],[-473,-66],[-346,-11]],[[24222,74492],[11,185],[-78,584],[-61,18],[14,302],[78,457],[231,811],[-6,57]],[[30822,75107],[-202,-449],[-79,-249],[-145,-328],[-189,-289],[-198,-404],[-309,-497],[-297,-523]],[[29403,72368],[-614,147],[-11,-62],[-507,21],[-557,83]],[[34182,74589],[-430,-496],[-232,-409],[-181,-259]],[[33339,73425],[-339,411],[-303,226],[-356,335],[-231,250],[97,164]],[[33339,73425],[570,-774],[111,-264]],[[34020,72387],[-221,-343],[-236,-121],[-329,-303],[-132,-166],[-131,-84],[-136,-226]],[[32835,71144],[-439,23],[-1325,190],[-309,9],[-1143,87]],[[29619,71453],[-160,31],[93,810],[-149,74]],[[37320,74441],[-107,-229],[-184,-255],[-202,-336],[-258,-337],[-210,-388],[-315,180],[-109,-200]],[[35935,72876],[-197,111],[-253,343],[-49,169],[-351,277],[-312,353],[0,46]],[[25951,73320],[-417,175],[-667,305],[-535,206],[-200,55]],[[24132,74061],[90,431]],[[38972,73299],[19,-323],[-173,-446],[-231,-789]],[[38587,71741],[-208,206],[-139,0],[-15,-111],[-97,-81],[-206,-297],[-406,-541]],[[37516,70917],[-281,78],[-527,200],[-608,121],[-369,21]],[[35731,71337],[-87,655],[133,504],[167,330],[-9,50]],[[35731,71337],[-65,3],[-582,316],[-985,589],[-79,142]],[[25933,73292],[-417,-493],[-232,-313],[-656,-155],[-469,-2],[-222,57]],[[23937,72386],[81,237],[72,320],[40,421],[-234,64]],[[23896,73428],[236,633]],[[23937,72386],[-86,-21],[-29,-160],[223,-38],[188,-208],[92,-523],[44,-124],[192,-62],[-28,-130],[61,-30],[69,-210],[23,-230]],[[24686,70650],[-9,-27],[-392,88]],[[24285,70711],[-271,117],[-442,78]],[[23572,70906],[30,241],[3,712],[-29,721],[-164,325],[-46,184]],[[23366,73089],[104,58],[25,138],[364,-17],[37,160]],[[40935,71620],[-317,100],[-251,0],[-433,166],[-421,86],[-206,-40],[-184,-240]],[[39123,71692],[-328,-62],[-208,111]],[[27180,72606],[-27,-150],[-168,-490],[-86,-469],[-226,-868]],[[26673,70629],[-135,-403],[-325,-775]],[[26213,69451],[-100,-160]],[[26113,69291],[-169,97],[-258,327],[-213,133],[-390,-28],[-81,30]],[[25002,69850],[-119,210],[7,293],[-76,216],[-128,81]],[[21162,72570],[121,-247],[49,-6],[207,-205],[263,-101],[289,-146],[-135,-374],[-63,-356]],[[21893,71135],[-505,138],[-257,-22],[-226,-87],[-310,-65]],[[20595,71099],[-253,64],[-411,268],[-133,271],[-435,328],[-509,293]],[[18854,72323],[-83,9]],[[18771,72332],[82,138],[136,444],[156,314],[429,-79],[627,-57],[233,-64],[385,-64],[55,-344],[177,0],[111,-50]],[[23572,70906],[-277,-71],[-82,19]],[[23213,70854],[-344,81],[-907,152]],[[21962,71087],[-69,48]],[[21162,72570],[-28,69],[133,-12],[638,30],[95,155],[329,112],[283,62],[477,53],[277,50]],[[17525,70042],[-374,29]],[[17151,70071],[-217,124],[-301,33],[-259,60],[91,208],[-14,80],[191,559],[86,414],[39,388],[326,869],[326,-71],[459,-60],[216,-73],[677,-270]],[[18854,72323],[-240,-430],[-601,-730],[-235,-482],[-253,-639]],[[29619,71453],[-155,-548],[-258,-690],[-153,15]],[[29053,70230],[-477,70],[-707,82],[-675,163],[-521,84]],[[37516,70917],[-271,-390],[472,-311],[391,-299],[687,-368]],[[38795,69549],[103,-36],[45,-615],[392,-47],[3,-124]],[[39338,68727],[-95,-441],[-79,-168],[-173,-494],[117,-43],[-184,-665]],[[38924,66916],[-471,166],[-179,34],[-739,223],[-69,-181],[-111,-149],[-174,133],[-159,-412],[-539,87],[87,-315],[105,-507],[-206,-228],[49,-9],[-116,-283],[-129,-219],[-112,6],[-101,-336]],[[36060,64926],[-327,23],[-30,-66],[-476,-23],[4,-123],[-122,-359],[-60,-341]],[[35049,64037],[-465,39],[33,211],[-414,150],[8,41]],[[34211,64478],[230,665],[20,141],[-221,35],[-659,144]],[[33581,65463],[-21,176],[39,353],[-9,321],[38,201],[-534,6],[-780,61]],[[32314,66581],[120,448],[78,-14],[55,139],[113,848],[52,288],[-558,44]],[[32174,68334],[60,324],[136,498],[164,477],[70,363],[180,496],[261,583],[-210,69]],[[20595,71099],[-226,-882],[-43,-526],[-106,-545]],[[20220,69146],[-696,65]],[[19524,69211],[-112,97],[-86,161],[-708,331],[-585,155],[-508,87]],[[40720,70508],[-476,-19],[-193,14],[-289,-71],[-573,31],[-3,43]],[[39186,70506],[-28,10],[-4,395],[29,562],[-83,111],[23,108]],[[39186,70506],[-16,-120],[-106,-199],[-67,5],[-202,-643]],[[32174,68334],[-359,33],[-463,78],[-1037,73]],[[30315,68518],[-545,65],[-414,85]],[[29356,68668],[65,190],[86,113],[2,261],[38,40],[-101,152],[-372,52]],[[29074,69476],[29,106],[-72,308],[22,340]],[[21962,71087],[-111,-315],[-192,-650],[-161,-292],[-335,-766]],[[21163,69064],[-291,6],[-652,76]],[[23213,70854],[-106,-365],[-141,-329],[-535,-1455]],[[22431,68705],[-383,108],[-358,61],[-333,146],[-194,44]],[[24285,70711],[-109,-424],[-90,-644],[-122,-378],[-106,-400],[-84,-609],[-175,-570],[-156,-619]],[[23443,67067],[-129,52],[-369,-2],[-479,94]],[[22466,67211],[71,355],[-84,18],[53,521]],[[22506,68105],[16,381],[-91,219]],[[25002,69850],[-76,-66],[-109,-293],[-208,-424],[-219,-516],[-584,-1535]],[[23806,67016],[-363,51]],[[29074,69476],[-68,-118],[-177,-157],[-294,-73],[-130,-100],[-137,-268],[-98,-30]],[[28170,68730],[-620,456],[-400,230],[-217,59],[-369,-37],[-351,13]],[[40754,70180],[-133,-398],[-47,5],[-44,-378],[-211,-831]],[[40319,68578],[-146,84],[-407,124],[-428,-59]],[[43917,68437],[-193,33],[-100,-135],[-48,-154]],[[43576,68181],[-722,80],[-280,-99],[-177,7],[-487,-113],[-327,22]],[[41583,68078],[-310,-11],[-669,29],[-360,115],[88,209],[-13,158]],[[19524,69211],[-92,-516],[-113,-348],[-124,-610],[-26,-273],[83,-33]],[[19252,67431],[-11,-270],[-871,-280],[-295,-39],[-443,7],[-54,-67],[-372,226],[17,-164],[-234,80],[-256,-499],[-385,89]],[[16348,66514],[-203,40],[20,97],[-243,73]],[[15922,66724],[31,-3],[110,369],[112,536],[83,286],[309,600],[265,977],[234,465],[85,117]],[[26113,69291],[-34,-134],[-70,21],[-114,-302],[-107,-175],[129,-55],[59,86],[246,-57],[-147,-384],[-277,83],[-148,-431],[-185,-215],[-240,-587],[-222,-410],[-71,-176]],[[24932,66555],[-718,272],[-425,137],[17,52]],[[28170,68730],[-70,-22],[-140,-629],[-62,-144],[-109,38],[-89,-181],[-339,-464]],[[27361,67328],[-111,39],[-120,-169],[-124,-258],[-169,-213],[-79,-155],[-101,-358],[18,-157]],[[26675,66057],[-1168,282],[-514,154],[-61,62]],[[29356,68668],[-96,0],[-82,-162],[-225,-103],[-260,-51],[-74,-63],[-20,-277],[149,-505]],[[28748,67507],[-319,17],[-408,79],[-263,-409],[-381,91],[-16,43]],[[22506,68105],[-792,90],[-394,24],[-518,-884],[-188,-355]],[[20614,66980],[-361,136],[-579,170],[-422,145]],[[44860,65360],[-277,83],[-512,570]],[[44071,66013],[-142,227],[-397,526],[-58,349],[73,649],[29,417]],[[41583,68078],[-62,-198],[74,-263],[47,-301],[-70,-758],[-24,-670],[-19,-9]],[[41529,65879],[-163,-21],[-26,-87],[-223,-42],[-658,45],[-969,-17],[-289,-37],[-506,32]],[[38695,65752],[8,149],[127,532],[94,483]],[[30315,68518],[161,-981],[-54,-314]],[[30422,67223],[-60,89],[-199,136],[-195,-19],[-503,-302],[-102,-23],[-325,50],[-180,159],[-110,194]],[[32314,66581],[-118,16],[-60,-376],[-180,15],[-51,-176],[-598,36],[-69,-41],[59,-268],[-35,-84]],[[31262,65703],[-286,204],[-334,130],[-397,-82],[-190,126],[-61,166]],[[29994,66247],[-12,109],[100,179],[68,25],[368,-30],[105,51],[34,207],[-235,435]],[[44071,66013],[-270,-32],[-396,-12],[-386,-104],[-667,-118],[-654,-69]],[[41698,65678],[-58,195],[-111,6]],[[22466,67211],[-40,-94],[-204,-34],[-280,-443],[-176,-373]],[[21766,66267],[-439,264],[-232,178],[-481,271]],[[29994,66247],[-137,-71],[-199,-175],[-138,-237],[-112,-317],[-157,-355],[-227,-311],[-228,-423]],[[28796,64358],[-240,45],[-603,234],[-338,111],[-442,205],[-418,139]],[[26755,65092],[-1,251],[-79,714]],[[21766,66267],[-18,-204],[65,-244],[-14,-426],[28,-380],[-18,-188],[16,-366]],[[21825,64459],[-287,68],[-500,64],[-292,-543],[-483,-178],[-27,-127],[-656,-810],[-355,-499]],[[19225,62434],[-286,127],[-350,196],[-92,-107],[-78,75],[-41,244],[-318,211]],[[18060,63180],[-94,77],[-403,106],[-252,275],[-254,73],[-306,176],[-463,229],[-246,202],[-298,48]],[[15744,64366],[-161,27],[34,528],[75,267],[304,716],[50,-15],[135,234],[167,391]],[[38695,65752],[-108,-511],[-159,41],[-96,-277],[-154,-48],[-743,89],[-25,-148]],[[37410,64898],[-234,55],[-591,-74],[-525,47]],[[26755,65092],[-134,-364],[-230,-502],[-100,-360],[-66,-85],[-160,-350],[-57,-204],[-38,-392],[18,-141]],[[25988,62694],[-335,-16],[-778,147],[-508,253]],[[24367,63078],[-808,368],[-353,112],[-293,58],[-600,161]],[[22313,63777],[-552,189],[64,493]],[[15744,64366],[-25,-308],[-324,-929],[-143,-315],[-116,-362]],[[15136,62452],[-112,-3],[-585,149],[-560,72],[-687,138],[-430,23]],[[12762,62831],[13,482],[159,336],[131,192],[252,572],[59,274],[53,490]],[[13429,65177],[200,522],[128,988],[77,190],[-52,34],[1400,-125],[231,-48],[242,13],[267,-27]],[[33581,65463],[-147,-43],[-58,-341],[-467,-35],[-407,-11],[-606,-72]],[[31896,64961],[-184,296]],[[31712,65257],[-230,251],[-220,195]],[[12762,62831],[-871,23],[-10,-20]],[[11881,62834],[-454,72],[-568,173],[-960,44]],[[9899,63123],[-318,6]],[[9581,63129],[57,228],[143,345],[134,470],[215,618],[185,472],[289,656],[120,223],[55,201],[372,-196],[-2,-45],[289,-223],[296,-418],[280,-31],[125,-108],[155,-7],[80,71],[233,32],[178,-37],[210,-207],[87,-39],[347,43]],[[31712,65257],[-162,-164],[-488,-575],[-70,-14],[-385,-213],[-566,-198],[-179,-8]],[[29862,64085],[-305,21],[-476,180],[-285,72]],[[44774,64579],[-296,26],[-429,-1],[-311,-63],[-479,-44],[-814,28],[-636,-14]],[[41809,64511],[15,164],[-50,709],[-76,294]],[[41809,64511],[-49,-536]],[[41760,63975],[-50,-632],[285,-79],[28,-161]],[[42023,63103],[-592,4],[-204,-27],[-490,-1],[-504,-24],[-488,-1],[-21,-95],[-310,20]],[[37945,63099],[-51,304]],[[37894,63403],[-113,482],[-181,358],[-173,488],[-17,167]],[[34211,64478],[-315,74],[-125,-332],[-118,-228],[-324,36],[-81,-315],[-326,36],[-106,-54]],[[32816,63695],[-180,106],[-277,-59],[-157,50]],[[32202,63792],[-199,226],[-18,247],[29,143],[-36,335],[-82,218]],[[32202,63792],[-9,-39],[-393,-154],[-170,-13],[-538,-103],[-318,-80],[-504,-53],[-586,12]],[[29684,63362],[36,233],[142,490]],[[29684,63362],[20,-65],[-45,-637]],[[29659,62660],[-134,-32],[-747,-96],[-462,-91]],[[28316,62441],[-325,55],[-383,97],[-889,143],[-320,-3]],[[26399,62733],[-411,-39]],[[37894,63403],[-548,67],[-268,15],[-327,-60],[-513,-61],[-142,-53],[-909,-104]],[[35187,63207],[-290,3],[25,267],[71,243],[56,317]],[[22313,63777],[-160,-326],[-398,-721],[-101,-292],[-183,-690],[-61,-300],[-97,-198],[-342,53],[-143,-148],[-251,10],[-185,-580]],[[20392,60585],[-360,120],[-137,126],[-270,374],[-155,310],[-643,127],[-26,208],[18,234],[128,67],[220,188],[58,95]],[[44539,62914],[-1177,129],[-63,36],[-204,270],[-158,132],[-248,145],[-181,165],[-422,131],[-326,53]],[[35187,63207],[-46,-480],[52,-642],[30,-6]],[[32004,62884],[30,144],[142,179],[398,156],[343,0],[-30,248],[-71,84]],[[18060,63180],[-140,-175],[-332,-302],[-215,-634],[-366,34],[4,92],[-244,38],[-665,160],[-24,-98]],[[16078,62295],[-942,157]],[[42108,61290],[22,61],[53,717],[-94,818],[-66,217]],[[29877,62673],[-218,-13]],[[24367,63078],[143,-449],[35,-286],[-67,-405],[-132,-326],[-194,-560],[-65,-241],[-1,-336],[54,-661],[45,-10],[-54,-430]],[[24131,59374],[-337,-3]],[[23794,59371],[-429,112],[37,224],[-12,256],[-813,269],[-478,135],[-341,64],[-282,-442]],[[21476,59989],[-649,64],[-472,130],[99,381],[-62,21]],[[9899,63123],[-104,-728],[7,-312],[51,-32],[-47,-390],[-298,-1241]],[[9508,60420],[26,-332],[-8,-261],[86,-501]],[[8378,59369],[55,500],[-580,59],[4,455],[207,857],[86,216],[65,930],[99,568],[-10,276],[729,-58],[295,-71],[253,28]],[[21476,59989],[-165,-304],[-392,63],[-114,-282],[-47,-195],[-200,43],[-226,-485],[-62,-8]],[[20270,58821],[-428,122],[-121,-30],[-235,-160],[-366,-167],[-176,-438],[-86,-34],[-52,-162],[-250,-122],[-336,-231]],[[15992,57611],[59,339],[181,622],[37,196],[9,382],[69,321],[-157,-20],[-24,600],[-266,22],[-70,333]],[[15830,60406],[11,314],[66,181],[61,753],[36,115],[74,526]],[[11881,62834],[6,-327],[57,-385],[-69,-278],[-138,-375],[-327,-591],[-106,19],[-70,-306],[-568,-16],[-671,115],[-50,-288],[-437,18]],[[26399,62733],[-187,-726],[-132,-431],[-213,-454],[-129,-371],[11,-659],[164,-32]],[[25913,60060],[-2,-111],[-160,-438],[-110,-233]],[[25641,59278],[-90,-61],[-574,119],[-846,38]],[[15830,60406],[-508,64],[-575,11],[-143,-299],[-56,-322],[-136,-490],[-474,-68],[14,-74]],[[13952,59228],[-574,-5],[-253,23],[-920,168],[-130,49],[-263,25]],[[11812,59488],[-423,13],[-84,-447],[-190,72],[-325,3],[-173,-37],[-10,-68],[-194,8],[-360,-51],[-264,8]],[[28316,62441],[-15,-388],[-58,-265],[-171,-986],[-60,-40],[-179,-352],[-39,-181]],[[27794,60229],[-4,-48],[-363,-267],[-313,-7],[-383,74],[-598,39],[-220,40]],[[29176,58776],[77,334],[-299,44],[9,319],[-203,346],[-286,44],[-161,61],[60,177],[-209,68],[-370,60]],[[14883,57202],[-202,49],[-21,92],[-486,69],[-37,203],[-39,549],[-58,78],[-85,429],[-3,557]],[[23794,59371],[-50,-292],[-95,-210],[-143,-184],[-297,-465],[-116,-391],[-20,-254],[68,-806],[-2,-639],[-155,-468],[-251,-630],[-88,-455]],[[19201,55363],[170,707],[207,655],[96,213],[230,669],[65,-10],[134,545],[140,347],[27,332]],[[25794,57540],[-165,4],[-54,245],[-2,286],[44,286],[39,471],[-15,446]],[[11812,59488],[15,-194],[69,-175],[198,-708],[-55,-668],[-56,-260],[41,-522],[-104,-640],[-36,-34],[-208,-468]],[[55457,28645],[-760,-271],[-292,-35],[-468,-133],[-146,-105],[-291,-312],[-52,-177],[31,-136]],[[53479,27476],[-342,3],[-202,28],[-296,91],[-53,74],[-36,265],[72,10],[-9,607],[51,265],[-1,246],[-56,280]],[[53479,27476],[-22,-290],[-241,-62],[-382,-35],[-874,-30],[1,-55]],[[51961,27004],[-242,17],[-202,54],[-264,127],[-625,175],[-210,74],[-482,295],[-305,150],[-908,120]],[[48723,28016],[26,358],[-18,807],[-29,90]],[[48723,28016],[-80,-342],[-156,-349],[-270,-402],[-381,-444]],[[47836,26479],[-140,-126],[-116,-246],[-81,-339]],[[47499,25768],[-292,-100],[-303,-54],[-49,-158],[-720,-25],[-651,-66],[-27,-124]],[[45457,25241],[-519,77],[-577,39],[-53,-52],[-210,37],[-29,-107],[-447,72],[-169,-405],[-287,-497]],[[56039,26808],[-594,-42],[-26,-131],[-85,-21],[-1060,-8],[-366,-87],[-262,-24],[-462,-5],[-502,27],[-5,-266]],[[52677,26251],[-740,107],[29,383],[-5,263]],[[61739,27502],[-154,-51],[-187,-404],[-50,-512],[-107,-446],[-36,-524],[196,-8]],[[61401,25557],[1,-424]],[[61402,25133],[-269,-30],[-307,4],[-599,53],[-321,-37],[-167,-101]],[[59739,25022],[-234,123],[-184,177]],[[52677,26251],[799,-138],[0,-64]],[[53476,26049],[-7,-130],[62,-378],[10,-355]],[[53541,25186],[-564,-56],[-425,-81],[-249,-23]],[[52303,25026],[-440,-113],[-181,29],[-151,182],[-52,384],[-59,76],[-203,33],[-336,-158],[-467,-300],[-180,-294]],[[50234,24865],[-113,115],[-362,140],[-556,165]],[[49203,25285],[131,480],[64,71],[-355,77],[59,226],[-848,71],[33,213],[-451,56]],[[56036,26033],[-602,39],[-404,44],[-571,-23],[-309,-50],[-395,-12],[-279,18]],[[49203,25285],[-134,-5],[-227,57],[-658,46]],[[48184,25383],[-153,4],[-12,90],[-211,66],[-288,138],[-21,87]],[[57823,25272],[-281,-671],[-75,-265],[117,-829]],[[57584,23507],[-580,-117],[-568,-148],[-275,-44],[-411,-17],[-414,-69],[-618,56],[-328,-13],[-215,30]],[[54175,23185],[96,271],[248,325],[223,369],[50,366],[-18,221],[-213,188],[-647,230],[-373,31]],[[48184,25383],[-8,-327],[-54,-233],[-30,-378],[44,-608],[-116,1],[-154,-437],[-98,-596],[49,-103]],[[47817,22702],[-425,-42],[-379,-77]],[[44910,23382],[173,508],[55,239],[208,654],[111,458]],[[52303,25026],[37,-138],[173,-275],[586,-549],[310,-271]],[[53409,23793],[-14,-107],[-590,152],[-67,-302],[-687,73],[-47,-355],[-861,60],[-270,-4],[-27,-242],[-136,23],[-44,-218],[1238,-251],[-49,-319],[78,-124]],[[51933,22179],[-219,-86],[-74,-192]],[[51640,21901],[-331,-393],[-321,15],[-144,-559],[-37,9]],[[50807,20973],[-353,73],[-494,54],[-372,20],[9,423],[-481,88]],[[49116,21631],[-241,70],[-308,37],[11,157],[-301,3],[-24,230],[-177,-43],[-122,624]],[[47954,22709],[377,128],[358,156],[270,32],[323,-70],[210,21],[172,103],[145,215],[44,194],[3,297],[42,236],[159,569],[177,275]],[[62175,25547],[200,-62],[312,-28]],[[62687,25457],[4,-308],[126,-22],[41,-484]],[[62858,24643],[-492,-92],[-307,-27],[-332,2]],[[61727,24526],[-219,3],[72,573],[-178,31]],[[61401,25557],[352,12],[422,-22]],[[47954,22709],[-137,-7]],[[59739,25022],[164,-283],[36,-128],[-39,-221],[-148,-224],[-210,-157],[-127,-16]],[[59415,23993],[-302,-37],[-656,-178],[-319,-219],[-150,-144]],[[57988,23415],[-256,100],[-148,-8]],[[54175,23185],[-174,175],[-592,433]],[[61727,24526],[-137,-788],[-135,-534],[-257,-784],[-1,-139]],[[61197,22281],[-24,-109],[-135,8],[-186,-68],[-325,-227],[-292,-165],[-22,-248],[27,-212],[80,-130]],[[60320,21130],[-262,5],[-249,-47],[-436,7],[-14,372]],[[59359,21467],[122,27],[-23,151],[-89,90],[28,176],[-45,575],[-88,396],[19,90],[-44,300],[126,349],[50,372]],[[63586,24165],[80,-102],[3,-129],[-103,-226],[-10,-327],[21,-174],[-124,-226],[-56,-293],[-213,-80],[-316,-239],[-89,-29],[-98,-193],[20,-115]],[[62701,22032],[-588,56],[-477,120],[-439,73]],[[62858,24643],[231,-27],[7,-269],[365,26],[70,-220],[55,12]],[[66498,23861],[5,-473],[28,-597]],[[66531,22791],[5,-348],[-24,-509],[-49,-507],[-26,-2]],[[66437,21425],[-297,-2],[-384,65],[-617,198],[-311,76],[-580,103],[-1290,193],[-257,-26]],[[63586,24165],[242,22],[522,-24],[1070,-96],[1078,-206]],[[59359,21467],[-602,-179]],[[58757,21288],[-187,-40],[-287,491],[-394,132],[-93,97],[-404,130],[-131,67]],[[57261,22165],[126,54],[396,334],[148,446],[57,416]],[[54175,23185],[-75,-666]],[[54100,22519],[-117,48],[-241,-11],[-621,27],[-9,-94],[-225,2],[-54,114],[-259,2],[-56,-185],[-397,-132],[-188,-111]],[[57261,22165],[-240,-105],[-325,-180],[-338,-346],[-646,-141],[-321,-163],[-564,-79],[-386,180],[-193,366],[-124,456],[-24,366]],[[49116,21631],[-184,-365],[-78,-225],[-840,-85],[-131,5],[25,-113],[-162,-51],[-242,-14]],[[58757,21288],[49,-498],[-15,-541],[-92,-540],[-1,-462],[-38,-227],[-123,-224],[-92,-254]],[[58445,18542],[-257,38]],[[58188,18580],[-36,419],[-381,23],[-231,37]],[[57540,19059],[-309,152],[-340,57],[-460,44],[-560,87],[-107,-5]],[[55764,19394],[-116,-44],[-212,-259],[-220,11],[-96,-91],[-183,-26],[-494,35],[-151,-27]],[[54292,18993],[-538,150],[-276,-23],[3,93],[-261,76],[-239,4],[-293,-78],[-218,-7],[-17,253]],[[52453,19461],[20,261],[-117,510],[-3,166]],[[52353,20398],[42,216],[-23,194],[53,524],[138,246],[-93,51],[-547,167],[2,35],[-285,70]],[[62701,22032],[295,-427],[-117,-149],[-93,-278],[-2,-278]],[[62784,20900],[-42,-263],[24,-243],[239,-344],[2,-64],[-974,6],[-476,-131]],[[61557,19861],[-342,31],[-39,100],[-569,708],[-287,430]],[[66437,21425],[-22,-225]],[[66415,21200],[-137,19],[-117,-437],[-88,-622]],[[66073,20160],[-2,-13]],[[66071,20147],[-689,173],[-550,98],[-915,212],[-565,154],[-568,116]],[[52353,20398],[-708,68],[-167,-54],[-541,82],[-220,53]],[[50717,20547],[90,426]],[[50717,20547],[-35,-137],[-96,-845],[-11,-374],[62,-94]],[[50637,19097],[-566,-101],[-442,-161],[-218,-53]],[[49411,18782],[-56,-17],[-208,361],[-246,68],[-111,239],[-16,280],[-230,40],[-225,-45],[-503,-60],[-18,71]],[[61557,19861],[119,-287],[194,-303],[438,-154],[-97,-360],[-302,-265]],[[61909,18492],[-205,-214],[-269,-79],[-86,-132],[1,-192],[-77,-171],[-208,-88]],[[61065,17616],[-643,238],[-856,290]],[[59566,18144],[-1121,398]],[[66071,20147],[85,-25],[-130,-434],[-12,-164],[-97,-15],[-69,-349],[-12,-256]],[[65836,18904],[-30,-218],[-64,-97]],[[65742,18589],[-428,44],[-420,-22],[-28,-37],[-336,13],[-301,-65],[-86,112],[-242,-113],[-29,-166],[-98,-3],[-65,-137],[115,-61],[201,10],[74,-106],[-344,-21],[-109,-167]],[[63646,17870],[-108,37],[-292,-245],[-501,131]],[[62745,17793],[26,199],[-598,197]],[[62173,18189],[60,145],[-324,158]],[[52453,19461],[-542,-116],[-336,-129],[-291,-47],[-647,-72]],[[49411,18782],[-30,-384],[-606,-145],[-246,-144],[-198,-158],[-393,-436],[-390,-154],[-53,5]],[[54292,18993],[-140,-77],[-269,-324],[-272,-513],[-307,-309],[-405,-517]],[[52899,17253],[-738,-174],[-318,-32],[-266,-238]],[[51577,16809],[-332,-49],[-64,441]],[[51181,17201],[69,-10],[-191,550],[-365,1136],[-57,220]],[[57540,19059],[-87,-126],[-200,32],[-61,-77],[47,-149],[-255,-216],[-51,-411],[29,-4],[47,-500]],[[57009,17608],[-303,-109],[-284,-179],[-63,-72]],[[56359,17248],[-66,126],[-281,1],[-12,397],[-148,5],[-4,329],[35,418],[71,10],[-75,461],[-115,399]],[[56359,17248],[-77,-27]],[[56282,17221],[-571,-48],[-386,-212],[-146,-49]],[[55179,16912],[-746,-24],[-224,15]],[[54209,16903],[-2,158],[-624,222],[-367,4],[-243,-59],[-74,25]],[[51181,17201],[-353,54],[-177,-17],[-118,-87],[-274,-111],[51,-392],[-381,-72],[-176,23],[12,56],[-237,1],[-113,-270],[-61,-18],[82,-719]],[[49436,15649],[-108,71],[-604,46],[-589,90],[-369,14],[-551,114]],[[58188,18580],[-108,-138],[-126,-418]],[[57954,18024],[-285,-54],[-460,-159],[-50,-125],[-150,-78]],[[65742,18589],[-280,-695],[-460,-118],[-150,-117]],[[64852,17659],[-416,-67],[-520,10],[-151,24],[54,185],[-173,59]],[[59566,18144],[-401,-823],[6,-108],[-91,-73],[-133,-206],[-415,247],[-211,235],[-111,265],[-110,104],[-146,239]],[[62173,18189],[-218,-387],[-169,-469],[-58,-303],[0,-315],[30,-403],[49,-306],[74,-225]],[[61881,15781],[-683,17],[-615,-112],[-308,-107],[-161,-16],[51,-208]],[[60165,15355],[-104,-30],[-417,15],[-273,-21],[-361,20],[-34,52],[154,681],[286,212],[185,89],[148,173],[48,363],[85,204],[103,108],[367,64],[178,207],[287,41],[248,83]],[[62745,17793],[-31,-398],[35,-6],[69,-347],[253,-3],[58,-146],[90,-551],[188,26],[274,-65],[-17,-219],[65,-18],[451,40],[400,-40]],[[64580,16066],[-52,-159]],[[64528,15907],[-172,-689],[-118,-368],[-97,-457],[-165,-446],[-11,-160]],[[63965,13787],[-58,-108],[-504,-19],[-7,-149],[-541,-37]],[[62855,13474],[-43,138],[-84,526],[-14,249],[-133,525],[-254,418],[-192,442],[-254,9]],[[60165,15355],[78,-193],[42,-489],[80,-338]],[[60365,14335],[-584,-23],[-569,29],[-208,-50],[48,-181],[-59,-71],[177,-119],[141,-167],[-562,-152],[210,-328],[201,-398],[68,-361]],[[59228,12514],[-568,313],[-142,42],[-282,-29],[-36,-69],[-568,-76],[25,-137]],[[57657,12558],[-385,-17],[43,187],[-91,290],[143,-250],[755,63],[-41,162],[-107,-13],[-25,311],[-83,181],[-267,48],[-72,111],[56,197],[177,54],[126,284],[218,76],[224,218],[-637,185],[-243,11],[-600,-94],[-20,-182],[-113,-23],[-188,-127],[-331,-444],[-177,-299],[-236,-229],[-7,-62],[117,-446]],[[55893,12750],[-344,75],[-257,117],[-24,60],[-310,229],[-161,211],[-10,157],[-99,177]],[[54688,13776],[801,274],[63,58],[-219,509],[-64,358],[-38,23]],[[55231,14998],[16,866]],[[55247,15864],[51,240]],[[55298,16104],[88,63],[743,-68],[558,-14],[-110,227],[-179,864],[-116,45]],[[64852,17659],[39,-321],[-18,-269],[-76,-237],[-59,-351],[-131,-418],[-27,3]],[[54209,16903],[-222,-468],[-33,-123]],[[53954,16312],[-126,-304],[-133,-215],[-162,-195],[-196,-290]],[[53337,15308],[-180,-261],[-26,-104],[17,-302]],[[53148,14641],[-50,-65],[-209,-93],[-405,-129],[-209,12]],[[52275,14366],[-240,-32],[-545,9],[-299,51],[-240,11]],[[50951,14405],[-19,188],[83,252],[-21,229],[39,46],[62,311],[-176,12]],[[50919,15443],[16,85],[187,376],[87,-13],[73,234],[219,544],[76,140]],[[50919,15443],[-781,74],[-298,99],[-362,4],[-42,29]],[[55298,16104],[-12,167],[-107,641]],[[43872,15161],[-121,-254],[-94,-403]],[[55247,15864],[-422,142],[-426,76],[1,127],[-446,103]],[[55231,14998],[-253,-55],[-198,9],[-382,135],[-121,-6],[-242,131],[-698,96]],[[50951,14405],[-577,-47],[-155,-155],[-91,-152],[-190,-127],[-163,-53],[-475,-52],[-573,-140],[-499,-291]],[[48228,13388],[-11,137],[-364,399],[-614,325]],[[47239,14249],[-103,142],[-84,232]],[[62855,13474],[-405,-352],[-104,-155],[-1,-109]],[[62345,12858],[-445,-26],[-133,-45]],[[61767,12787],[-244,-12],[-399,139],[-49,229],[-246,141],[-186,19]],[[60643,13303],[-47,23],[-110,687],[-121,322]],[[54688,13776],[-284,205],[52,172],[-312,219],[-345,171],[-594,153],[-57,-55]],[[47239,14249],[-447,61],[-648,-68],[7,-34],[-364,-91],[-259,-146],[-313,-32],[32,-497]],[[45247,13442],[-565,120],[-358,171],[-435,157],[-141,232]],[[54688,13776],[-120,-31],[-384,-289],[21,-562],[-261,-137],[-36,-71],[2,-447],[92,-225],[173,-231],[134,-607],[-24,-161],[-190,-289],[-100,-215]],[[53995,10511],[-616,44],[-315,-8],[-340,79],[-748,-113]],[[51976,10513],[-315,-34],[-241,7],[-440,176],[-29,-130]],[[50951,10532],[13,219],[-243,328],[-73,206],[-7,195],[86,375]],[[50727,11855],[291,191],[321,103],[304,-55],[422,177],[66,546],[96,347],[11,796],[37,406]],[[57657,12558],[87,-635]],[[57744,11923],[-300,27],[-176,46],[-253,7],[-706,-40]],[[56309,11963],[-312,23],[42,196],[-30,300],[-116,268]],[[50727,11855],[-415,-72],[-274,13],[-168,113],[-134,273],[-145,166],[-338,25],[-397,67],[-120,255],[-334,304],[-172,29]],[[48230,13028],[-35,54],[33,306]],[[60643,13303],[-39,-319],[-118,-451],[-92,-100],[-156,1],[-554,-192],[-240,-3]],[[59444,12239],[-26,144],[-190,131]],[[48230,13028],[-23,-141],[-403,-175],[-150,-265],[-99,-335],[-187,-177],[-328,-21],[-114,-73]],[[46926,11841],[-128,4],[-189,-120],[-191,-33],[-272,82]],[[46146,11774],[-3,162],[-77,79],[-141,296],[-177,174],[-148,95],[-192,349],[-174,28],[13,485]],[[46146,11774],[-295,-207],[-93,-408],[-138,-274]],[[45620,10885],[-253,-262]],[[45367,10623],[-163,138],[-267,349],[-214,223],[-868,444],[-414,164],[-178,48]],[[67201,13867],[63,-38],[9,-153],[-200,-32],[41,-184],[-157,27],[-13,-154],[189,-27],[-43,-108],[57,-63],[-303,-3],[-54,-37],[-391,-12],[-56,-155],[6,-154]],[[66349,12774],[-748,114],[-276,3]],[[65325,12891],[-257,306],[-296,435],[-71,156]],[[64701,13788],[1055,95],[510,143],[410,41]],[[66676,14067],[525,-200]],[[68217,13414],[37,-469],[-14,-388],[44,-260],[-21,-91]],[[68263,12206],[-116,-486]],[[68147,11720],[-252,34],[144,755],[-266,41],[-73,-265],[-26,-293],[-305,99],[-25,-98],[-154,30],[-115,-306],[-52,110],[-106,51],[-640,-29]],[[66277,11849],[37,353],[149,6],[-114,566]],[[67201,13867],[40,103],[470,33]],[[67711,14003],[49,3],[94,-530],[357,-2],[6,-60]],[[63965,13787],[274,-16],[462,17]],[[65325,12891],[-114,-464],[-133,-212],[-27,-183]],[[65051,12032],[-408,157],[-196,35],[-376,-10],[-334,49],[-621,48],[-408,81],[-239,259],[32,196],[-156,11]],[[56309,11963],[56,-169],[-114,-304],[-52,-253],[64,-7]],[[56263,11230],[-167,-278],[56,-531]],[[56152,10421],[-367,-207],[-423,32]],[[55362,10246],[-279,38],[-1088,227]],[[61767,12787],[-3,-202],[-167,-633],[-1,-213],[-64,-320],[-99,-205],[-42,-271],[82,-309],[230,-411]],[[61703,10223],[-330,-243],[-241,-101]],[[61132,9879],[-752,-180],[-680,135]],[[59700,9834],[-282,446],[-46,172],[2,507]],[[59374,10959],[59,59],[341,157],[122,270],[-251,460],[-116,146],[-85,188]],[[50951,10532],[-334,-575],[-314,-95],[-137,-144],[-220,-327]],[[49946,9391],[-287,98],[-234,45],[-647,-104]],[[48778,9430],[-106,578],[-67,151],[-334,195],[-108,148],[-425,266],[-171,-10],[-185,172],[-46,115],[-132,141],[-240,445],[-38,210]],[[66277,11849],[-79,-343],[2,-163],[-247,-7],[-384,32],[-473,160]],[[65096,11528],[148,463],[-193,41]],[[59374,10959],[-251,-11],[-190,-47],[-485,-223],[-66,29],[-281,282],[-255,361],[-50,128]],[[57796,11478],[-52,445]],[[65096,11528],[-32,16],[-190,-415],[-82,-283],[-199,-370]],[[64593,10476],[-307,-331],[-33,24]],[[64253,10169],[-9,57],[-749,186],[-337,13],[-400,45],[-584,-61],[-106,-133],[-365,-53]],[[68147,11720],[125,-27],[-8,-162],[-70,-301],[-48,-357],[22,-139],[2,-492],[-183,-8],[242,-364],[-25,-295],[31,-50],[-196,-44],[27,-39]],[[68066,9442],[-242,-40],[-88,112],[-235,-177],[-103,-141],[396,-138],[25,-193],[-89,-82],[29,-74],[-394,-134],[-75,-63],[-306,-113],[-81,-115]],[[66903,8284],[-402,204],[-229,261],[-373,44],[-27,-81],[-342,-409],[-183,186],[-69,-27],[-85,157],[12,260],[-133,177]],[[65072,9056],[111,186],[160,188],[133,243],[224,-23],[9,160],[-68,57],[146,140],[-282,-64],[-394,-129],[-336,-137],[-75,246],[52,314],[-159,239]],[[57796,11478],[-505,12],[-102,-53],[-109,47],[6,-197],[-156,-39],[-211,-276],[-206,-66],[-247,50],[157,274],[-160,0]],[[45367,10623],[-193,-460],[-26,-347],[-73,-125],[-304,-241],[-118,-144],[-173,-125],[-323,-88]],[[44157,9093],[-337,-132],[-509,-88],[-257,5],[-291,106],[-45,55]],[[48778,9430],[-151,-168],[-350,-106],[-301,-234],[-223,-359],[-245,-135],[-350,-69],[-455,-19],[-65,-113],[-165,-108]],[[46473,8119],[-152,114],[-180,29],[119,311],[8,225],[173,50],[195,-101],[-13,110],[357,474],[106,203],[-324,-85],[62,312],[175,75],[113,-1],[-41,109],[-324,20],[-212,95],[22,105],[-323,117],[-180,27],[-96,266],[-223,-44],[-115,355]],[[59700,9834],[-143,-373],[-112,-174]],[[59445,9287],[-146,97],[-351,81],[-414,-224],[-196,263],[-3,206],[-184,167],[-561,119],[-438,-16],[-158,27],[-39,246],[-95,40]],[[56860,10293],[-343,30],[-365,98]],[[46473,8119],[-259,-110],[-156,-114],[-63,-201],[-266,-300],[-160,-117],[-103,-162],[-159,-86],[-118,-149],[-113,-22],[-56,-124]],[[45020,6734],[-70,-107],[-267,2],[-456,53],[111,75],[-17,445],[-134,500],[-344,95],[-91,468],[129,247],[210,288],[66,293]],[[51976,10513],[-18,-105],[132,-65],[101,-190],[-40,-350],[152,-90],[701,-209],[-184,-196],[-169,-67],[-106,-148],[-43,-443],[-77,-63]],[[52425,8587],[-303,80],[-372,50],[-365,25],[-109,-195],[-65,-265],[-160,-276]],[[51051,8006],[-399,-424],[-70,8]],[[50582,7590],[-107,263],[-115,58],[-55,110],[-179,191],[-18,164],[82,182],[68,366],[-41,186],[-104,157],[-167,124]],[[53995,10511],[-91,-151],[-63,-364],[-334,-430],[28,-186],[81,-138]],[[53616,9242],[-42,-405]],[[53574,8837],[-338,24],[-50,-198],[-121,-210]],[[53065,8453],[-640,134]],[[55362,10246],[-103,-145],[-83,-441],[-117,-170],[103,-55],[-138,-277],[-465,68],[-308,70],[-69,-103],[-566,49]],[[65072,9056],[-121,128],[-261,49],[-186,-6]],[[64504,9227],[15,217],[-65,-7],[-50,250],[-370,-58]],[[64034,9629],[-17,359],[236,181]],[[64034,9629],[-160,-231],[-165,-164],[-302,-368],[-328,-254]],[[63079,8612],[-154,35],[-18,-198],[-491,87],[-160,173],[-13,120],[82,58],[-145,16],[34,238],[-339,-30],[-373,-62]],[[61502,9049],[106,132],[465,16],[-135,191],[-251,22],[-107,363],[-263,36],[-185,70]],[[56860,10293],[-140,-245],[-202,-155],[-59,-412],[-142,-285],[-56,98],[-253,90],[-126,-211],[228,-17],[175,-265],[-192,16],[-152,-390],[-144,-119]],[[55797,8398],[-110,9],[-619,-198]],[[55068,8209],[-19,-11],[-370,343]],[[54679,8541],[-174,31],[-304,125],[-491,132],[-136,8]],[[59445,9287],[299,-183],[135,-49],[74,-460],[58,-147]],[[60011,8448],[-5,-255]],[[60006,8193],[-154,116],[-598,-23],[-653,33],[-472,142],[-357,-18],[-39,-161],[-220,148],[37,-266],[-28,-56]],[[57522,8108],[-407,84],[34,72],[-310,299],[-200,66],[-102,-70],[-110,28],[-87,-181],[-130,45],[-141,-173],[-242,-2],[-30,122]],[[61502,9049],[-136,56],[-219,-234],[-559,-133],[-44,-246],[-533,-44]],[[64504,9227],[-38,-432],[-51,-186],[55,-408],[-22,-112],[-163,-192],[-14,-136],[109,-148]],[[64380,7613],[-36,-117],[-218,-200],[-290,-324],[20,-144],[-45,-200]],[[63811,6628],[-514,-30],[66,86],[-77,47],[-477,-32],[-477,-96],[-182,157],[73,240]],[[62223,7000],[29,43],[113,469],[275,195],[48,155],[99,123],[218,566],[74,61]],[[50582,7590],[-288,-427],[-116,-362],[-433,-455]],[[49745,6346],[-146,-244],[5,-156],[-113,-50]],[[49491,5896],[-361,77],[-223,178],[-135,365],[-67,78],[-49,223],[-334,55],[-469,2],[-347,-117],[-326,-73],[-829,-139]],[[46351,6545],[-673,-96],[-583,226],[-75,59]],[[68066,9442],[124,22],[2,-445],[412,41],[6,77],[254,-181],[52,-146],[-63,-237]],[[68853,8573],[73,-193],[-93,-495]],[[68833,7885],[-395,-99],[-98,-56],[33,-134],[-507,-51],[-343,-80],[-277,-20]],[[67246,7445],[-68,63],[-50,189],[-166,111],[-110,147],[-10,196],[61,133]],[[67246,7445],[-284,3],[-61,-197],[-160,-201],[-56,-180],[76,-247],[-147,-307],[-109,-50],[-42,65],[34,289],[-219,193],[-215,-304],[-451,-100],[-12,-28]],[[65600,6381],[-111,-26],[-14,104],[-336,-15],[-230,327],[23,233],[-76,-26],[-76,247],[-22,282],[-165,-16],[21,130],[-234,-8]],[[62223,7000],[-353,-64],[-256,-88],[-110,-131],[-284,61],[-257,-16],[-404,13],[-354,-46],[-186,-59],[-270,-154],[-101,68]],[[59648,6584],[77,16],[71,185],[-24,158],[244,182],[-89,259],[-197,342],[22,193],[254,274]],[[54679,8541],[-129,-266],[-183,-300],[39,-223],[-65,-106],[-210,-184],[-176,-239],[202,-126],[169,-161],[194,-26],[235,-118],[149,2]],[[54904,6794],[39,-98],[171,-177]],[[55114,6519],[-411,-237],[-356,-324],[-285,-156],[-214,-19],[-92,-116],[-69,-421],[89,-99],[74,-182],[117,-162],[17,-162],[-71,-119],[-289,-300],[-293,-180]],[[53331,4042],[-567,-63],[-175,-99],[-301,-54],[-81,23]],[[52207,3849],[106,51],[-145,15],[7,300],[-81,301],[-3,207],[112,485],[-81,356],[58,245],[-49,177]],[[52131,5986],[126,198],[63,291],[187,346],[72,401]],[[52579,7222],[16,97],[338,344],[28,289],[53,104],[51,397]],[[52579,7222],[-327,82],[52,177],[-35,138],[83,45],[-111,85],[-282,77],[-219,-11],[-406,69],[-283,122]],[[59648,6584],[-328,7],[10,-103],[-96,-283],[-160,-291],[22,-73]],[[59096,5841],[-370,-47],[-298,-114],[-156,-92],[-264,88],[-608,344],[13,333]],[[57413,6353],[3,274]],[[57416,6627],[118,182],[202,199],[111,302],[13,134],[110,159],[-32,150],[-334,238],[-82,117]],[[52131,5986],[-279,21],[-355,221],[-93,127],[-356,-116],[-138,93],[-560,-9],[-109,34],[-496,-11]],[[65600,6381],[-53,-156],[66,-282],[-12,-643],[-796,79],[-69,173],[-64,293],[-528,88],[-634,-67]],[[63510,5866],[31,119],[270,643]],[[63510,5866],[-457,-88],[-253,-160],[-194,-256],[-410,-31],[-261,-164],[-291,-124],[-300,-396],[-226,6],[-98,-79],[-174,4],[-399,157],[-115,146],[-371,-166],[-332,-71],[-179,54],[-242,-20]],[[59208,4678],[-102,75],[-191,516],[11,96],[170,476]],[[49491,5896],[-174,-189],[-293,-181],[-114,-160],[-104,-392]],[[48806,4974],[-406,-12],[-684,33],[-208,87],[-578,30],[1,-71]],[[46931,5041],[-27,211],[93,186],[104,467],[-131,38],[-78,135],[-205,-39],[-100,121],[13,155],[-181,12],[-68,218]],[[52207,3849],[-315,-23]],[[51892,3826],[-366,151],[-500,293],[-332,53]],[[50694,4323],[-348,139],[-201,50],[-386,300],[-405,-84],[-552,223],[4,23]],[[50694,4323],[-64,-118],[-213,147],[-270,-343],[130,-220],[10,-112],[-243,-335],[88,-56],[23,-212],[-61,-229],[-46,8],[-173,-248]],[[49875,2605],[-314,52],[-300,92],[-320,20]],[[48941,2769],[-511,35],[-260,-86]],[[48170,2718],[-104,257],[-258,132],[-341,292],[-127,46],[-88,239],[53,172],[126,212],[-30,102],[-145,71],[-47,284],[-193,117],[-84,192],[-1,207]],[[51892,3826],[28,-45],[-15,-346],[-91,-284],[-122,-207],[-162,-377],[-311,-144]],[[51219,2423],[-509,55],[-530,38],[-305,89]],[[54420,2399],[-52,8],[-81,-251],[-184,-425],[-32,-158],[-160,-273],[-122,-358],[-312,29],[-88,-23]],[[53389,948],[46,254],[-184,17],[72,84],[11,195],[-240,50],[-346,138],[-97,-218],[-412,5],[-188,69],[-101,-166],[-236,82],[-77,303],[-265,-59],[-274,47],[-274,14]],[[50824,1763],[208,235],[43,160],[144,265]],[[53331,4042],[93,-204],[-15,-166],[55,-127],[189,-5],[373,-70],[20,-227],[-62,-114],[187,-181],[288,-194],[-39,-355]],[[48941,2769],[21,-38],[255,-17],[199,-75],[-130,-179],[106,-266],[-101,-500],[-24,-201],[188,-260],[11,-110],[-226,13],[-30,-111],[-107,-87],[28,-110]],[[49131,828],[-353,15],[-477,48],[-184,-297],[-104,-374],[-237,135],[-187,256],[-140,-18],[-139,273],[12,44],[-310,345],[290,167],[144,122],[99,209],[197,162],[323,375],[105,428]],[[50824,1763],[-171,-179],[-223,-399],[-43,-167],[-129,-197],[-73,-203]],[[50185,618],[-247,96],[-140,-109],[15,302],[-161,-122],[-129,94],[-392,-51]],[[53389,948],[-13,-88],[197,-337],[4,-113],[-197,-129],[-40,-89],[-314,-35],[-55,-135],[-336,4],[-82,-26],[-590,185],[-332,44],[-375,85],[-301,20],[-142,58],[-297,22],[-143,181],[-188,23]],[[57416,6627],[-414,240],[-88,108],[-138,292],[-552,1],[-183,86],[-369,249],[-168,200],[-238,227],[-203,116],[5,63]],[[57413,6353],[-490,-17],[-273,120],[-439,-12],[-240,121],[-154,165],[55,174],[-194,-89],[-195,37],[-343,-37],[20,96],[-196,-48],[-60,-69]],[[59208,4678],[-140,-63]],[[59068,4615],[-865,-27],[-120,89],[-166,13],[-132,108],[-380,40],[-35,-201],[-262,133],[-277,32],[-262,-48],[-359,61],[38,260],[-19,118],[-108,91],[-180,60],[-9,275],[32,431],[179,131],[68,151],[-444,284],[-280,80],[-236,-76],[-137,-101]],[[59068,4615],[-131,-216],[-211,51],[-240,-92],[-440,-726],[6,-172],[76,-136],[0,-399],[-205,-276],[-51,-207],[-200,7],[-320,-48],[-188,-153],[-700,6],[-371,75],[-427,-33],[-362,37],[19,-98],[-294,10],[-146,-30],[-242,61],[-221,123]],[[90642,33238],[-536,3],[-381,20],[-358,-5],[-377,36]],[[88990,33292],[23,465],[-36,866]],[[88990,33292],[-28,-153]],[[88962,33139],[-510,3],[-530,81],[-345,-3],[-417,-32]],[[84315,32631],[-131,-169],[-284,-557],[-107,-361]],[[83793,31544],[-248,14],[-71,-199],[-343,71],[114,833],[-749,369]],[[88962,33139],[-72,-566],[-38,-120],[-349,-454],[-103,-228]],[[88400,31771],[-786,54],[-170,205]],[[81925,31982],[470,-287],[70,-20],[-15,-539],[50,-338],[125,-383],[45,-430],[-31,-360]],[[82639,29625],[-838,3],[-668,-31],[-710,70],[-401,68]],[[80022,29735],[46,278],[-7,194],[-113,574],[-89,172],[-566,778],[-173,314],[-78,329],[-234,501]],[[80022,29735],[-84,-118],[-106,-324],[-100,-449],[-104,-582]],[[79628,28262],[-287,91],[-1016,234],[-253,85],[-811,314],[-268,68],[-344,35]],[[76649,29089],[-39,128],[-382,198],[-46,-59],[-283,-24],[-46,-193],[-90,-4],[-74,196],[15,208],[111,115],[-77,134]],[[86380,31487],[-16,-322],[-164,-442],[-65,-569],[-66,4],[-153,-503],[-108,-471]],[[85808,29184],[-819,66],[-360,120],[-957,149]],[[83672,29519],[-237,53]],[[83435,29572],[27,401],[139,496],[37,495],[155,580]],[[83435,29572],[-796,53]],[[88400,31771],[-110,0],[-207,-598],[-161,-274],[-398,-253],[-280,-286],[-471,-790],[-90,-421]],[[86683,29149],[-452,-17],[-423,52]],[[76649,29089],[-503,-252],[-37,-152],[159,-108],[-33,-110],[-91,10],[-197,-322],[36,-277],[158,-6],[524,-87],[1004,-61],[389,-11],[113,-312],[59,-308]],[[78230,27093],[-11,-399],[61,-532]],[[78280,26162],[-416,63],[-273,94],[-170,95],[-667,140],[-420,104],[-234,114],[-419,84],[-640,-14]],[[75041,26842],[74,287],[83,452],[364,26],[35,502],[-129,420],[-5,104],[-219,814],[-68,86]],[[83672,29519],[-47,-201],[-142,-846],[-25,-609]],[[83458,27863],[-127,-656],[-75,-173],[-212,-654],[-193,-423],[-101,-345],[-79,-390],[-141,-536],[-125,-258]],[[82405,24428],[-361,48],[-34,-39],[-469,36]],[[81541,24473],[-127,1179],[-406,23],[-408,-16],[-402,-44]],[[80198,25615],[-180,366],[-101,293],[-14,132],[-166,632]],[[79737,27038],[-88,513],[-29,330],[8,381]],[[86683,29149],[-6,-314],[124,-379],[148,-177],[157,-526],[84,-166],[35,-264],[-76,-417],[14,-276],[-168,-531],[-482,-91],[-667,-13],[-988,60]],[[84858,26055],[-145,327],[-12,162],[-162,499],[-116,656],[-742,87],[-223,77]],[[67586,28815],[-313,-76],[-401,65],[-113,-437],[-3,-133],[180,23],[34,-435],[62,-304],[-120,-15]],[[66912,27503],[-493,32],[-669,-4],[18,397],[40,151],[-43,498],[15,358]],[[75041,26842],[-450,-91],[-607,-89],[-162,-5]],[[73822,26657],[-28,213],[-183,525],[-208,358],[-298,601]],[[71094,27793],[-301,-66],[-1127,-175],[-26,-250],[-238,-5],[-100,-107]],[[69302,27190],[-574,-148]],[[68728,27042],[-44,843],[-45,299],[-84,250]],[[66912,27503],[-51,-429],[242,-38],[-36,-240]],[[67067,26796],[-99,-207],[-62,-267],[-188,44],[-124,-40],[-67,-293],[-57,-507],[-12,-272]],[[66458,25254],[-892,25],[-552,93],[-234,13],[-815,-10],[-7,75],[-548,-10],[-10,-46],[-269,116],[-444,-53]],[[62175,25547],[-68,443],[131,244],[201,93],[6,89],[235,129],[232,27],[51,339]],[[79737,27038],[-624,48],[-429,-14],[-454,21]],[[68728,27042],[-543,-138],[-244,-100],[-510,11],[-21,-29],[-343,10]],[[73822,26657],[-405,7],[-58,41]],[[73359,26705],[-789,128],[-556,50]],[[72014,26883],[99,254],[257,86],[127,336],[-60,107]],[[84858,26055],[-115,-520],[-48,-393],[-20,-521],[-31,-167]],[[84644,24454],[-495,33],[-409,-15],[-760,-55],[-575,11]],[[72014,26883],[-54,-264],[75,-241],[-161,-266],[-105,-279]],[[71769,25833],[-52,-73],[-177,-47],[-321,87],[-347,-131],[-447,54],[-394,193],[-162,-30]],[[69869,25886],[-98,35],[-69,223],[-128,251],[-24,256],[60,307],[-287,11],[-21,221]],[[69869,25886],[-144,-181],[12,-127],[-128,-180],[-193,-106],[-108,-224],[-157,-118],[-128,-266]],[[69023,24684],[-154,18],[-92,-205],[-120,11]],[[68657,24508],[-508,68],[-565,93],[-846,116],[-226,9]],[[66512,24794],[-47,221],[-7,239]],[[80198,25615],[-162,-49],[-714,14],[-61,-264],[-213,21]],[[79048,25337],[-272,27],[-401,171],[-42,122],[-53,505]],[[73359,26705],[-6,-410],[-120,-426],[-188,-761],[-1003,58],[-247,49]],[[71795,25215],[-44,369],[18,249]],[[79048,25337],[45,-796]],[[79093,24541],[-59,-12],[-349,-515]],[[78685,24014],[-427,107],[-463,62],[-85,-255],[-592,40],[41,-307],[-12,-208],[355,-128]],[[77502,23325],[-66,-211],[-7,-338]],[[77429,22776],[-443,-17],[-640,-125],[-529,-176],[-343,-297],[-146,-214],[-114,-316]],[[75214,21631],[-640,399],[-311,319],[-114,224],[-173,216],[-154,321],[-13,141],[-517,14],[-297,-49],[-680,-80],[-375,53],[-217,-2]],[[71723,23187],[-113,665]],[[71610,23852],[65,1052],[54,323],[66,-12]],[[71610,23852],[-593,65],[-526,224],[-358,111],[-801,172],[9,55],[-282,63],[-36,142]],[[81541,24473],[-1,-153],[-841,43]],[[80699,24363],[-1012,160],[-594,18]],[[66512,24794],[-4,-430],[21,-196],[-31,-307]],[[68657,24508],[-43,-335],[94,-314],[113,-136],[-60,-77],[91,-193],[-46,-4],[-46,-323],[-106,4],[-7,-88],[-513,-110],[-273,-41],[-926,-60],[-404,-40]],[[71723,23187],[66,-507],[119,-325],[137,-269]],[[72045,22086],[-255,-48],[-621,-34],[-238,6],[-303,-32],[-192,-53],[14,-82],[-236,-16],[8,-292],[-149,-41],[30,-119],[-89,-381]],[[70014,20994],[-149,7]],[[69865,21001],[-155,36],[-661,51],[-382,-46],[-921,-27],[-318,3],[-564,114],[-449,68]],[[80699,24363],[-117,-340],[-158,-363],[-127,19],[-12,-359],[184,0],[-220,-630],[-122,11],[-87,-349]],[[80040,22352],[-380,255],[-326,189],[-316,93],[-188,130]],[[78830,23019],[-163,131],[-254,145]],[[78413,23295],[178,529],[94,190]],[[84644,24454],[138,-40],[-137,-779]],[[84645,23635],[-420,74],[-155,-430],[-156,-161],[-131,-244],[-101,-361],[-200,7],[-51,-495],[-129,-548],[-33,-302]],[[83269,21175],[-233,49],[-78,433],[-102,54],[-361,-16],[-437,12],[-278,-21],[-330,-59],[-377,61],[-177,68],[-204,195],[-71,7],[-44,174]],[[80577,22132],[-374,175],[-163,45]],[[78413,23295],[-341,159],[-71,-142],[-159,33],[31,110],[-233,51],[-138,-181]],[[84645,23635],[310,-89],[506,-204],[115,-75],[335,-127],[202,-41],[3,-293],[58,-159],[-28,-543],[44,-8],[-512,-584],[-516,-491],[-440,-326],[-483,-498]],[[84239,20197],[-95,-15],[-435,27],[-361,45],[-357,116]],[[82991,20370],[130,446],[86,-17],[62,376]],[[78830,23019],[-62,-127],[-22,-277]],[[78746,22615],[-1168,152],[-149,9]],[[75214,21631],[13,-65],[-441,-1076],[-38,-157]],[[74748,20333],[-376,26],[-517,-2],[-420,-22],[-310,30],[-468,-3]],[[72657,20362],[-110,-10],[-123,587]],[[72424,20939],[-31,164],[-197,717],[-151,266]],[[80577,22132],[-149,-20],[-67,-347],[-81,37],[-83,-151],[-99,-73],[-180,-389],[-435,94],[-548,51]],[[78935,21334],[-158,632],[-26,210],[-5,439]],[[78935,21334],[102,-385],[157,-930],[-46,-466],[-105,-265],[-38,-253],[22,-170]],[[79027,18865],[-32,-355],[43,-290],[11,-388],[-205,-31]],[[78844,17801],[-245,218],[-357,202],[-447,145],[-397,85],[-587,92],[-224,80],[-198,0],[48,82],[-11,162],[70,357],[-519,39],[-627,76],[-729,157]],[[74621,19496],[73,567],[62,115],[-8,155]],[[82991,20370],[-235,-312],[-101,-50],[-284,30],[-358,-121],[-253,-52]],[[81760,19865],[-938,-193],[-92,-293],[3,-254]],[[80733,19125],[-253,-6],[-76,-45],[4,-138],[-139,-48],[-1040,-35],[-202,12]],[[72424,20939],[-1070,15],[-532,46],[-182,-29]],[[70640,20971],[-626,23]],[[69865,21001],[-107,-246],[-203,-271],[-114,-238],[-190,-227]],[[69251,20019],[-85,-159],[-570,58],[-494,16],[-631,109],[-752,76],[-646,41]],[[72657,20362],[1,-523],[216,-25]],[[72874,19814],[-224,-792],[-42,-49]],[[72608,18973],[-322,25],[-552,96],[-588,134],[-215,65]],[[70931,19293],[-324,573]],[[70607,19866],[-30,495],[63,610]],[[70607,19866],[-343,-20],[-1013,173]],[[84239,20197],[18,-168],[-31,-401],[-63,-486],[-68,-362],[-279,117],[-43,-27],[-348,-827],[-113,-411],[-318,-33],[-100,-168],[-108,-354],[-11,-165],[-300,45]],[[82475,16957],[-32,106],[27,757],[83,208],[39,215],[-25,204],[-242,403],[-5,133],[-84,146],[-293,212],[-183,524]],[[74621,19496],[-362,59],[-214,73],[-949,167],[-222,19]],[[70931,19293],[-256,-395],[-144,-385],[148,-78],[199,-22],[275,-76],[-125,-163],[7,-114],[141,-225],[113,16],[10,-99]],[[71299,17752],[-269,-118]],[[71030,17634],[-163,149],[-563,94],[-475,57],[-549,128],[-471,70],[-479,23],[-12,-31],[-383,74],[-299,88]],[[67636,18286],[-224,69],[-1178,430],[-398,119]],[[82475,16957],[-62,-116],[-244,52],[-260,106],[-494,20],[-255,-251],[30,-112],[-113,-41],[-162,53],[-511,103]],[[80404,16771],[111,341],[179,462],[-20,120],[31,900],[28,531]],[[78844,17801],[-125,-43]],[[78719,17758],[-145,67],[-343,60],[-688,-4],[-348,24],[-478,75],[-488,50],[-105,-259],[-309,-371]],[[75815,17400],[-700,144],[-595,74],[-583,14],[-706,1]],[[73231,17633],[-31,130],[-27,639],[-682,6]],[[72491,18408],[117,565]],[[72491,18408],[-108,-22],[-95,-342],[-989,-292]],[[80404,16771],[-507,102],[-401,190],[-40,89],[-142,64]],[[79314,17216],[-125,157],[-484,129]],[[78705,17502],[14,256]],[[67636,18286],[-153,-432],[-309,44],[-51,-127],[-122,10],[-55,-179],[-168,18],[40,-180],[-67,-273],[-56,9],[-46,-299],[-91,-2],[-31,-147],[-74,6],[-19,-182],[-94,2],[-31,-274],[97,-8],[-10,-343],[89,-2],[-45,-282]],[[66440,15645],[-231,57],[-289,23],[-933,152],[-459,30]],[[73231,17633],[-21,-400],[-137,-541],[7,-141],[208,-49],[-14,-72]],[[73274,16430],[-72,-222],[-389,-564],[-155,-176],[-154,-359],[-33,-13]],[[72471,15096],[-559,17]],[[71912,15113],[5,336],[-53,93],[-451,192],[35,93],[-566,131],[-47,363]],[[70835,16321],[160,779],[131,370],[-96,164]],[[70835,16321],[-299,22],[-182,-632],[84,-11],[-298,-353],[-17,-68]],[[70123,15279],[-106,76],[-537,252],[-64,-115],[-402,-9],[22,-50],[-803,6],[-389,92],[-54,-162]],[[67790,15369],[-234,-38],[-239,18],[-216,150],[32,23],[-234,134],[-245,-92]],[[66654,15564],[-214,81]],[[78705,17502],[-350,72],[-255,1],[-11,-79],[-419,-456],[-190,-175],[-178,-221],[-29,-107]],[[77273,16537],[-64,-4],[-256,141],[-154,49],[-31,-122],[-343,54],[-55,54],[76,256],[-448,65]],[[75998,17030],[65,190],[-254,110],[6,70]],[[75998,17030],[-71,-166],[-235,32],[-50,-198],[-153,-317],[-312,79],[-61,-237],[12,-165]],[[75128,16058],[-819,180],[-179,67],[-737,89],[-119,36]],[[79314,17216],[-295,-568],[-127,-551],[-16,-231]],[[78876,15866],[-307,80],[-99,69],[-390,69],[-271,80]],[[77809,16164],[-432,205],[-118,83],[14,85]],[[75128,16058],[30,-206],[-11,-244],[-117,-346],[-58,-314],[74,-10],[88,-276],[-208,-58],[-296,-131],[-360,-127],[-105,-66],[-837,-243]],[[73328,14037],[-26,193],[-243,-22],[-127,173],[-56,246],[-422,28],[32,292],[-15,149]],[[71912,15113],[-27,-211],[-424,-20],[-659,-80]],[[70802,14802],[-103,115],[-135,62],[-305,254],[-136,46]],[[78876,15866],[17,-150],[-164,-475],[-304,-135],[-196,-48],[-288,29],[-24,248],[-93,33],[-80,434],[65,362]],[[66654,15564],[-68,-135],[68,-104],[11,-151],[-139,-323],[20,-192],[-130,-219],[32,-124],[228,-249]],[[67790,15369],[26,-446],[-61,-509],[-62,-273],[18,-138]],[[70802,14802],[-25,-89]],[[70777,14713],[-536,-143],[-341,-38],[-348,4],[-113,-403]],[[69439,14133],[-450,222],[-340,80],[-281,-627],[-151,-394]],[[73328,14037],[67,-305],[71,-133],[220,-229]],[[73686,13370],[37,-260],[-171,-846],[-59,0]],[[73493,12264],[-257,40],[-406,133],[-660,66],[-658,-14],[-459,34]],[[71053,12523],[-237,476],[-75,386],[13,811],[48,519],[-25,-2]],[[71053,12523],[-407,-18]],[[70646,12505],[-508,38]],[[70138,12543],[48,347],[-317,802],[-123,166],[-84,183],[-223,92]],[[70138,12543],[-284,92],[-391,-77],[-49,-257],[-93,-170],[-83,-44]],[[69238,12087],[-376,47],[-169,-4],[-430,76]],[[75638,11496],[-354,23],[14,-71],[-325,-40],[-162,-63],[27,112],[-64,132],[-311,-114],[9,-107],[-142,29],[-167,-58]],[[74163,11339],[-73,258],[-432,95],[-40,-21]],[[73618,11671],[-219,281],[94,312]],[[73686,13370],[177,61],[279,3],[710,-111],[291,-22],[690,-131],[-48,-35],[-92,-353],[-13,-288],[-155,-251],[49,-307],[60,-184],[4,-256]],[[70646,12505],[-1,-304],[-47,-435],[35,-197],[80,-138],[187,-451]],[[70900,10980],[61,-283],[-21,-148],[-100,-120],[-118,-51],[-22,-187],[-144,-288]],[[70556,9903],[-91,-161],[-538,209]],[[69927,9951],[-85,48],[-368,89],[-188,212],[-49,227],[-177,372],[-3,431],[40,207],[-119,115],[-16,110],[141,86],[135,239]],[[73618,11671],[-40,-257],[-180,-22],[-104,-126],[-217,-28],[-383,58],[-94,-106],[-178,7],[4,-139],[-226,-38],[-954,-37],[-346,-3]],[[80929,12085],[-76,-92],[83,-170],[-47,-26],[-5,-236],[209,-125],[7,-202],[-80,-252],[-170,-154],[69,-147],[96,-629],[-88,-92],[-30,-146],[26,-206],[-417,-262],[-122,-494],[-93,-121],[-414,-109]],[[79877,8622],[-139,145],[-117,207],[-146,110],[211,83],[252,-136],[208,238],[-315,153],[-135,-45],[-44,318],[-295,-162],[-30,157],[25,268],[-83,174],[-145,126],[-10,134],[-212,46],[-146,-29],[-195,143],[146,236],[417,462],[173,229],[-29,374],[-194,-51],[37,234]],[[79111,12036],[174,4],[488,63],[385,72],[468,22],[303,-112]],[[69927,9951],[-75,-76],[-50,-188],[73,-344],[-53,-166],[-100,-121]],[[69722,9056],[-82,-125],[-78,-243],[-97,-39],[-306,82],[-306,-158]],[[80278,7959],[-106,278],[-295,385]],[[80929,12085],[47,-27],[613,11],[390,-28],[109,-572],[79,-262],[142,-818],[102,-433],[109,-578],[-74,-682],[-1135,-54],[-243,-261],[-790,-422]],[[80278,7959],[-395,-231],[-212,-63],[-14,-153],[-198,-202],[-403,24],[-337,124],[-239,16],[-220,-23]],[[78260,7451],[-166,354],[-71,438],[-93,341]],[[77930,8584],[126,137],[-266,331],[-616,38],[-26,116],[-513,3],[-290,-30],[-210,-76],[-58,-75],[-48,-442],[17,-99],[-228,-225]],[[75818,8262],[-26,-24]],[[75792,8238],[-245,100],[-180,270],[-207,239],[-154,61],[-79,374],[109,187],[-128,272],[-39,235]],[[74869,9976],[109,330],[-73,95]],[[74905,10401],[364,-48],[274,16],[251,-39],[127,298],[3,239],[-116,173],[-4,191],[60,247]],[[75864,11478],[325,34],[679,170],[276,16],[448,93],[321,88],[490,193],[411,-4],[297,-32]],[[74163,11339],[-55,-21],[80,-292],[506,-423],[211,-202]],[[74869,9976],[-353,-14],[-229,50],[-375,-49],[-114,-433],[-146,18]],[[73652,9548],[-153,-34],[-79,67],[-378,44],[-271,-15],[-74,-167],[-185,42],[-60,-130],[-145,-124],[-50,39],[-376,-123]],[[71881,9147],[-142,236],[-17,129],[-307,246],[-351,87],[-169,-62],[-339,120]],[[75638,11496],[226,-18]],[[75792,8238],[136,-313],[-11,-118]],[[75917,7807],[-576,-51],[-751,-126],[-525,0],[-130,226]],[[73935,7856],[31,99],[-29,233],[4,280],[-37,484],[-42,146],[-135,245],[-75,205]],[[71881,9147],[59,-357],[-156,-249],[-97,-228]],[[71687,8313],[-270,45],[-125,235],[213,148],[165,-131],[193,221],[-112,239],[-149,37],[-324,343],[-237,15],[-110,-327],[-55,-23],[-151,452],[-104,-32],[-319,15],[-41,-45],[7,-239],[-106,-250],[-440,40]],[[73935,7856],[-271,-25],[-80,56],[-97,-83],[-250,-35],[-277,100],[-267,-2],[-516,76],[-280,119],[-249,-34]],[[71648,8028],[-27,198],[66,87]],[[71648,8028],[-341,171],[-298,80],[-250,0],[-236,-47],[-446,-1],[-807,-195],[-437,-151]],[[77930,8584],[-176,-7],[-378,-214],[-203,-57],[-16,99],[-415,19],[-85,-44],[-648,-64],[-191,-54]],[[78260,7451],[-256,-15],[-135,41],[-176,-110],[-78,24],[-267,-97],[-368,165],[-302,-22],[-512,151],[-173,116],[-76,103]]],"transform":{"scale":[9.855398553985653e-06,1.0807808078080756e-05],"translate":[76.207,18.74969]},"objects":{"villages":{"type":"GeometryCollection","geometries":[{"arcs":[[0,1]],"type":"Polygon","properties":{"n":"Kholgadga","c":546587,"d":"Parbhani","s":"MAHARASHTRA"}},{"arcs":[[2,3]],"type":"Polygon","properties":{"n":"Kawatha","c":546538,"d":"Parbhani","s":"MAHARASHTRA"}},{"arcs":[[4,5,6,7]],"type":"Polygon","properties":{"n":"Borgalwadi","c":546542,"d":"Parbhani","s":"MAHARASHTRA"}},{"arcs":[[8,9,10,11,-3]],"type":"Polygon","properties":{"n":"Murumkheda","c":546584,"d":"Parbhani","s":"MAHARASHTRA"}},{"arcs":[[12,13,14,15,16,17]],"type":"Polygon","properties":{"n":"Pimpalgaon Kajale","c":546547,"d":"Parbhani","s":"MAHARASHTRA"}},{"arcs":[[18,19,20,21,22,23,24]],"type":"Polygon","properties":{"n":"Hanwatkheda","c":546543,"d":"Parbhani","s":"MAHARASHTRA"}},{"arcs":[[25,-24,26,27]],"type":"Polygon","properties":{"n":"Navhati Tanda","c":546526,"d":"Parbhani","s":"MAHARASHTRA"}},{"arcs":[[28,-16,29,30,31,32,-6,33]],"type":"Polygon","properties":{"n":"Kurhadi","c":546545,"d":"Parbhani","s":"MAHARASHTRA"}},{"arcs":[[34,35,36,-13,37]],"type":"Polygon","properties":{"n":"Angalgaon","c":546548,"d":"Parbhani","s":"MAHARASHTRA"}},{"arcs":[[38,39,40,-1]],"type":"Polygon","properties":{"n":"Ghadoli","c":546588,"d":"Parbhani","s":"MAHARASHTRA"}},{"arcs":[[41,42,43]],"type":"Polygon","properties":{"n":"Digras","c":546620,"d":"Parbhani","s":"MAHARASHTRA"}},{"arcs":[[44,45,-36,46]],"type":"Polygon","properties":{"n":"Angalgaon Tanda","c":546549,"d":"Parbhani","s":"MAHARASHTRA"}},{"arcs":[[-28,47,48,49,50,51]],"type":"Polygon","properties":{"n":"Kotha","c":546550,"d":"Parbhani","s":"MAHARASHTRA"}},{"arcs":[[52,53,54,55,56,-45,57]],"type":"Polygon","properties":{"n":"Mankeshwar[P.jintur]","c":546594,"d":"Parbhani","s":"MAHARASHTRA"}},{"arcs":[[-33,58,59,60,61,-21,-7]],"type":"Polygon","properties":{"n":"Brahmangaon","c":546544,"d":"Parbhani","s":"MAHARASHTRA"}},{"arcs":[[62,63,64,65]],"type":"Polygon","properties":{"n":"Hiwar kheda (Hintur)","c":546586,"d":"Parbhani","s":"MAHARASHTRA"}},{"arcs":[[-65,66,67,68,69,-54,70]],"type":"Polygon","properties":{"n":"Kehal","c":546592,"d":"Parbhani","s":"MAHARASHTRA"}},{"arcs":[[71,72,73,-48,-27,-23]],"type":"Polygon","properties":{"n":"Mohadi","c":546551,"d":"Parbhani","s":"MAHARASHTRA"}},{"arcs":[[-37,-46,-57,74,75,76,77,78,79,-14]],"type":"Polygon","properties":{"n":"Bhosi","c":546557,"d":"Parbhani","s":"MAHARASHTRA"}},{"arcs":[[-32,80,81,82,83,-59]],"type":"Polygon","properties":{"n":"Sawargaon","c":546555,"d":"Parbhani","s":"MAHARASHTRA"}},{"arcs":[[-80,84,-30,-15]],"type":"Polygon","properties":{"n":"Pimpalgaon Kajale Tanda","c":546546,"d":"Parbhani","s":"MAHARASHTRA"}},{"arcs":[[-40,85,86,87,-67,-64,88]],"type":"Polygon","properties":{"n":"Sawali Bk","c":546590,"d":"Parbhani","s":"MAHARASHTRA"}},{"arcs":[[-62,89,90,-72,-22]],"type":"Polygon","properties":{"n":"Jambhrun","c":546552,"d":"Parbhani","s":"MAHARASHTRA"}},{"arcs":[[91,92,-42,93]],"type":"Polygon","properties":{"n":"Dabha","c":546621,"d":"Parbhani","s":"MAHARASHTRA"}},{"arcs":[[94,95,-49,-74]],"type":"Polygon","properties":{"n":"Shivachi Wadi","c":546567,"d":"Parbhani","s":"MAHARASHTRA"}},{"arcs":[[96,97,98,99,100]],"type":"Polygon","properties":{"n":"Jamb kh","c":546579,"d":"Parbhani","s":"MAHARASHTRA"}},{"arcs":[[101,102,103,104,105,106]],"type":"Polygon","properties":{"n":"Manmodi","c":546577,"d":"Parbhani","s":"MAHARASHTRA"}},{"arcs":[[-99,107,108,109,110,111]],"type":"Polygon","properties":{"n":"Saikheda (jintur Circle)","c":546580,"d":"Parbhani","s":"MAHARASHTRA"}},{"arcs":[[112,113,114,115,116]],"type":"Polygon","properties":{"n":"Mathala","c":546603,"d":"Parbhani","s":"MAHARASHTRA"}},{"arcs":[[117,118,119,120,121,-113,122]],"type":"Polygon","properties":{"n":"Pangri","c":546602,"d":"Parbhani","s":"MAHARASHTRA"}},{"arcs":[[123,-115,124,125]],"type":"Polygon","properties":{"n":"Balasa","c":546604,"d":"Parbhani","s":"MAHARASHTRA"}},{"arcs":[[126,127,-103,128,129]],"type":"Polygon","properties":{"n":"Donwada","c":546606,"d":"Parbhani","s":"MAHARASHTRA"}},{"arcs":[[130,131,132,-118,133]],"type":"Polygon","properties":{"n":"Sukali","c":546601,"d":"Parbhani","s":"MAHARASHTRA"}},{"arcs":[[-125,-114,-122,134,135,136,137,-127,138]],"type":"Polygon","properties":{"n":"Pachalegaon","c":546610,"d":"Parbhani","s":"MAHARASHTRA"}},{"arcs":[[139,140,141,142]],"type":"Polygon","properties":{"n":"Telwadi","c":546637,"d":"Parbhani","s":"MAHARASHTRA"}},{"arcs":[[-142,143,144,145,146,147]],"type":"Polygon","properties":{"n":"Pachegaon","c":546643,"d":"Parbhani","s":"MAHARASHTRA"}},{"arcs":[[-106,148,149,150,-108,-98,151]],"type":"Polygon","properties":{"n":"Jamb Bk","c":546581,"d":"Parbhani","s":"MAHARASHTRA"}},{"arcs":[[-138,152,153,-104,-128]],"type":"Polygon","properties":{"n":"Belkheda Jintur Circle","c":546607,"d":"Parbhani","s":"MAHARASHTRA"}},{"arcs":[[154,155,156,157,158,159,160]],"type":"Polygon","properties":{"n":"Chincholi Darade","c":546641,"d":"Parbhani","s":"MAHARASHTRA"}},{"arcs":[[161,-159,162,163,-144,-141]],"type":"Polygon","properties":{"n":"Chamani","c":546636,"d":"Parbhani","s":"MAHARASHTRA"}},{"arcs":[[-154,164,165,-149,-105]],"type":"Polygon","properties":{"n":"Pimprala","c":546608,"d":"Parbhani","s":"MAHARASHTRA"}},{"arcs":[[166,167,168,169,-155,170]],"type":"Polygon","properties":{"n":"Dhopatwadi","c":546651,"d":"Parbhani","s":"MAHARASHTRA"}},{"arcs":[[171,172,173,174,-119,-133]],"type":"Polygon","properties":{"n":"Tathapur","c":546612,"d":"Parbhani","s":"MAHARASHTRA"}},{"arcs":[[175,176,-173]],"type":"Polygon","properties":{"n":"Sangalewadi","c":546632,"d":"Parbhani","s":"MAHARASHTRA"}},{"arcs":[[-153,-137,177,178,179,180,-165]],"type":"Polygon","properties":{"n":"Chincholi Kale","c":546609,"d":"Parbhani","s":"MAHARASHTRA"}},{"arcs":[[-166,-181,181,182,183,-150]],"type":"Polygon","properties":{"n":"Koldandi","c":546582,"d":"Parbhani","s":"MAHARASHTRA"}},{"arcs":[[-164,184,185,186,187,188,-145]],"type":"Polygon","properties":{"n":"Limbala","c":546642,"d":"Parbhani","s":"MAHARASHTRA"}},{"arcs":[[189,190,191,192,-135,-121]],"type":"Polygon","properties":{"n":"Yesegaon","c":546657,"d":"Parbhani","s":"MAHARASHTRA"}},{"arcs":[[193,194,-168,195]],"type":"Polygon","properties":{"n":"Devsadi","c":546639,"d":"Parbhani","s":"MAHARASHTRA"}},{"arcs":[[-175,196,197,198,199,-190,-120]],"type":"Polygon","properties":{"n":"Chandaj","c":546658,"d":"Parbhani","s":"MAHARASHTRA"}},{"arcs":[[200,201,202,203,204,205,206]],"type":"Polygon","properties":{"n":"Mahagaon","c":547248,"d":"Parbhani","s":"MAHARASHTRA"}},{"arcs":[[207,208,209,210,211]],"type":"Polygon","properties":{"n":"Ithalapur mali","c":547243,"d":"Parbhani","s":"MAHARASHTRA"}},{"arcs":[[212,213,214,215]],"type":"Polygon","properties":{"n":"Hatkarwadi","c":547250,"d":"Parbhani","s":"MAHARASHTRA"}},{"arcs":[[216,217,218,219,-208,220,221]],"type":"Polygon","properties":{"n":"Limla","c":547244,"d":"Parbhani","s":"MAHARASHTRA"}},{"arcs":[[222,223,224,225,226]],"type":"Polygon","properties":{"n":"Sategaon","c":547232,"d":"Parbhani","s":"MAHARASHTRA"}},{"arcs":[[227,228,229,230]],"type":"Polygon","properties":{"n":"Kaulgaonwadi","c":547208,"d":"Parbhani","s":"MAHARASHTRA"}},{"arcs":[[231,232,-224,233]],"type":"Polygon","properties":{"n":" ","c":0,"d":"Parbhani","s":"MAHARASHTRA"}},{"arcs":[[234,235,236,-232,237,238]],"type":"Polygon","properties":{"n":"Mithapur","c":547230,"d":"Parbhani","s":"MAHARASHTRA"}},{"arcs":[[239,240,241,242,243,-210]],"type":"Polygon","properties":{"n":" ","c":0,"d":"Parbhani","s":"MAHARASHTRA"}},{"arcs":[[-220,244,-240,-209]],"type":"Polygon","properties":{"n":"Dagadwadi","c":547252,"d":"Parbhani","s":"MAHARASHTRA"}},{"arcs":[[245,246,247]],"type":"Polygon","properties":{"n":"Banegaon","c":547260,"d":"Parbhani","s":"MAHARASHTRA"}},{"arcs":[[-229,248,249,250]],"type":"Polygon","properties":{"n":"Dhanora motya","c":547211,"d":"Parbhani","s":"MAHARASHTRA"}},{"arcs":[[-247,251,252,253,254,255,256,-215,257]],"type":"Polygon","properties":{"n":"Dhanora Kale","c":547261,"d":"Parbhani","s":"MAHARASHTRA"}},{"arcs":[[258,259,260,261,262,263,-241,-245,-219,264]],"type":"Polygon","properties":{"n":"Wazur","c":547254,"d":"Parbhani","s":"MAHARASHTRA"}},{"arcs":[[-256,265,266,267]],"type":"Polygon","properties":{"n":"Maher","c":547259,"d":"Parbhani","s":"MAHARASHTRA"}},{"arcs":[[-267,268,269,270,271,272,-259,273,274]],"type":"Polygon","properties":{"n":"Deulgaon Dhudhate","c":547256,"d":"Parbhani","s":"MAHARASHTRA"}},{"arcs":[[-250,275,276]],"type":"Polygon","properties":{"n":"Penur","c":547210,"d":"Parbhani","s":"MAHARASHTRA"}},{"arcs":[[277,278,279,-260,-273]],"type":"Polygon","properties":{"n":"Devthana","c":547255,"d":"Parbhani","s":"MAHARASHTRA"}},{"arcs":[[-264,280,281,282,283,284,-242]],"type":"Polygon","properties":{"n":"Kharbada","c":547253,"d":"Parbhani","s":"MAHARASHTRA"}},{"arcs":[[-255,285,286,287,-269,-266]],"type":"Polygon","properties":{"n":"Mumber","c":547258,"d":"Parbhani","s":"MAHARASHTRA"}},{"arcs":[[288,289,-270,-288]],"type":"Polygon","properties":{"n":"Golegaon Palam","c":547257,"d":"Parbhani","s":"MAHARASHTRA"}},{"arcs":[[290,291,292,293,294,295,296]],"type":"Polygon","properties":{"n":"Margalwadi","c":546974,"d":"Parbhani","s":"MAHARASHTRA"}},{"arcs":[[297,298,299,300]],"type":"Polygon","properties":{"n":"Ukkadgaon Makta","c":546976,"d":"Parbhani","s":"MAHARASHTRA"}},{"arcs":[[301,302,303,304,305,306,307,308,-298,309]],"type":"Polygon","properties":{"n":"Ukhali Bk.","c":546977,"d":"Parbhani","s":"MAHARASHTRA"}},{"arcs":[[310,311,-299,-309]],"type":"Polygon","properties":{"n":"Ukhali Tanda","c":546980,"d":"Parbhani","s":"MAHARASHTRA"}},{"arcs":[[312,-311,-308]],"type":"Polygon","properties":{"n":"Paradhwadi","c":546978,"d":"Parbhani","s":"MAHARASHTRA"}},{"arcs":[[313,314,-306]],"type":"Polygon","properties":{"n":"Buktarwadi","c":546979,"d":"Parbhani","s":"MAHARASHTRA"}},{"arcs":[[315,316,317,318,319,320,321,322,323,324,325,326,327,328]],"type":"Polygon","properties":{"n":"Zari","c":546709,"d":"Parbhani","s":"MAHARASHTRA"}},{"arcs":[[329,330,331]],"type":"Polygon","properties":{"n":"Jodparli","c":546713,"d":"Parbhani","s":"MAHARASHTRA"}},{"arcs":[[-331,332,333,334,335]],"type":"Polygon","properties":{"n":"Pingli kothala","c":546712,"d":"Parbhani","s":"MAHARASHTRA"}},{"arcs":[[-330,336,337,338,339,-333]],"type":"Polygon","properties":{"n":"Takli Bobade","c":546714,"d":"Parbhani","s":"MAHARASHTRA"}},{"arcs":[[340,341,342,343,-318]],"type":"Polygon","properties":{"n":"Mirzapur","c":546710,"d":"Parbhani","s":"MAHARASHTRA"}},{"arcs":[[-339,344,345,346,347,-342,348]],"type":"Polygon","properties":{"n":"Sadegaon","c":546711,"d":"Parbhani","s":"MAHARASHTRA"}},{"arcs":[[-325,349,-323,350,351,352,353,354,355,356],[357]],"type":"Polygon","properties":{"n":"Mandwa","c":546708,"d":"Parbhani","s":"MAHARASHTRA"}},{"arcs":[[358,359,360,361,362,363]],"type":"Polygon","properties":{"n":"Kashtagaon","c":546685,"d":"Parbhani","s":"MAHARASHTRA"}},{"arcs":[[364,365,366,367,-359,368]],"type":"Polygon","properties":{"n":"Karla","c":546686,"d":"Parbhani","s":"MAHARASHTRA"}},{"arcs":[[369,370,371,372,-366,373,374]],"type":"Polygon","properties":{"n":"Kumbhari","c":546687,"d":"Parbhani","s":"MAHARASHTRA"}},{"arcs":[[375,-355,376,-370,377]],"type":"Polygon","properties":{"n":"Digras","c":546688,"d":"Parbhani","s":"MAHARASHTRA"}},{"arcs":[[-350,-324]],"type":"Polygon","properties":{"n":"Gokulwadi","c":546720,"d":"Parbhani","s":"MAHARASHTRA"}},{"arcs":[[378,379,-321,380]],"type":"Polygon","properties":{"n":"Khanapur Tarf Zari","c":546719,"d":"Parbhani","s":"MAHARASHTRA"}},{"arcs":[[-358]],"type":"Polygon","properties":{"n":"Gokulwadi","c":546720,"d":"Parbhani","s":"MAHARASHTRA"}},{"arcs":[[381,382,383,384,-345,-338]],"type":"Polygon","properties":{"n":"Sawangi kh.","c":546715,"d":"Parbhani","s":"MAHARASHTRA"}},{"arcs":[[385,-362,386,387,388,389]],"type":"Polygon","properties":{"n":"Wadgaon tarf takli","c":546684,"d":"Parbhani","s":"MAHARASHTRA"}},{"arcs":[[-381,-320,390,391,392,393]],"type":"Polygon","properties":{"n":"Pimpla","c":546717,"d":"Parbhani","s":"MAHARASHTRA"}},{"arcs":[[-351,-322,-380,394,395,396,397,398]],"type":"Polygon","properties":{"n":"Nandapur","c":546721,"d":"Parbhani","s":"MAHARASHTRA"}},{"arcs":[[-352,-399,399]],"type":"Polygon","properties":{"n":"Gokulwadi","c":546720,"d":"Parbhani","s":"MAHARASHTRA"}},{"arcs":[[-361,400,401,402,-387]],"type":"Polygon","properties":{"n":"Pimpalgaon sayyadmia","c":546691,"d":"Parbhani","s":"MAHARASHTRA"}},{"arcs":[[-394,403,-395,-379]],"type":"Polygon","properties":{"n":"Jalalpur","c":546718,"d":"Parbhani","s":"MAHARASHTRA"}},{"arcs":[[-343,-348,404,405,406,407]],"type":"Polygon","properties":{"n":"Wadi damai","c":546716,"d":"Parbhani","s":"MAHARASHTRA"}},{"arcs":[[-377,-354,408,409,410,411,412,413,414,-371]],"type":"Polygon","properties":{"n":"Arvi","c":546694,"d":"Parbhani","s":"MAHARASHTRA"}},{"arcs":[[-373,415,416,417,-367]],"type":"Polygon","properties":{"n":"Govindpur","c":546690,"d":"Parbhani","s":"MAHARASHTRA"}},{"arcs":[[-372,-415,418,-416]],"type":"Polygon","properties":{"n":"Sarangapur","c":546689,"d":"Parbhani","s":"MAHARASHTRA"}},{"arcs":[[419,420,421,422]],"type":"Polygon","properties":{"n":"Yerndeshwar","c":547169,"d":"Parbhani","s":"MAHARASHTRA"}},{"arcs":[[423,424,425,426,427,428,-421]],"type":"Polygon","properties":{"n":"Katneshwar","c":547173,"d":"Parbhani","s":"MAHARASHTRA"}},{"arcs":[[429,430,431]],"type":"Polygon","properties":{"n":"Wadgaon tarf navki","c":547171,"d":"Parbhani","s":"MAHARASHTRA"}},{"arcs":[[-431,432,-424,-420,433]],"type":"Polygon","properties":{"n":"Pandhari tarf Navki","c":547170,"d":"Parbhani","s":"MAHARASHTRA"}},{"arcs":[[-430,434,435,436,437,-425,-433]],"type":"Polygon","properties":{"n":"Aherwadi","c":547172,"d":"Parbhani","s":"MAHARASHTRA"}},{"arcs":[[438,439,440,441]],"type":"Polygon","properties":{"n":"Avhai","c":547182,"d":"Parbhani","s":"MAHARASHTRA"}},{"arcs":[[442,443,444,-427]],"type":"Polygon","properties":{"n":"Sandalpur","c":547174,"d":"Parbhani","s":"MAHARASHTRA"}},{"arcs":[[-438,445,446,447,448,449,-443,-426]],"type":"Polygon","properties":{"n":"Pimpalgaon balapur","c":547175,"d":"Parbhani","s":"MAHARASHTRA"}},{"arcs":[[450,451,452,453,-436,454]],"type":"Polygon","properties":{"n":"Surwadi","c":547215,"d":"Parbhani","s":"MAHARASHTRA"}},{"arcs":[[-454,455,456,-446,-437]],"type":"Polygon","properties":{"n":"Nawaki","c":547178,"d":"Parbhani","s":"MAHARASHTRA"}},{"arcs":[[457,458,459,-451,460,-441]],"type":"Polygon","properties":{"n":"Degaon","c":547179,"d":"Parbhani","s":"MAHARASHTRA"}},{"arcs":[[461,462,463,464,-447,-457]],"type":"Polygon","properties":{"n":"Laxmannagar","c":547176,"d":"Parbhani","s":"MAHARASHTRA"}},{"arcs":[[465,466,467,468,469,-439,470]],"type":"Polygon","properties":{"n":"Pimpala lokhande","c":547183,"d":"Parbhani","s":"MAHARASHTRA"}},{"arcs":[[-470,471,472,-458,-440]],"type":"Polygon","properties":{"n":"Suhagan","c":547181,"d":"Parbhani","s":"MAHARASHTRA"}},{"arcs":[[473,474,-466,475]],"type":"Polygon","properties":{"n":"Lon kh.","c":547189,"d":"Parbhani","s":"MAHARASHTRA"}},{"arcs":[[476,477,-449]],"type":"Polygon","properties":{"n":"Karjanapur","c":547212,"d":"Parbhani","s":"MAHARASHTRA"}},{"arcs":[[-453,478,479,480,-462,-456]],"type":"Polygon","properties":{"n":"Mategaon","c":547180,"d":"Parbhani","s":"MAHARASHTRA"}},{"arcs":[[481,482,483]],"type":"Polygon","properties":{"n":"Regaon","c":547191,"d":"Parbhani","s":"MAHARASHTRA"}},{"arcs":[[-483,484,485,486,487,-474,488]],"type":"Polygon","properties":{"n":"Hiwara bk.","c":547190,"d":"Parbhani","s":"MAHARASHTRA"}},{"arcs":[[-465,489,490,491,492,-477,-448]],"type":"Polygon","properties":{"n":"Suki","c":547213,"d":"Parbhani","s":"MAHARASHTRA"}},{"arcs":[[-481,493,-463]],"type":"Polygon","properties":{"n":"Kaudgaon tarf purna","c":547177,"d":"Parbhani","s":"MAHARASHTRA"}},{"arcs":[[-469,494,495,-472]],"type":"Polygon","properties":{"n":"Marsul traf lasina","c":547184,"d":"Parbhani","s":"MAHARASHTRA"}},{"arcs":[[-473,-496,496,497,498,499,-459]],"type":"Polygon","properties":{"n":"Barbadi","c":547185,"d":"Parbhani","s":"MAHARASHTRA"}},{"arcs":[[500,501,502,-467,-475,-488]],"type":"Polygon","properties":{"n":"Wai tarf lasina","c":547188,"d":"Parbhani","s":"MAHARASHTRA"}},{"arcs":[[-460,-500,503,504,505,506,507,508,-479,-452]],"type":"Polygon","properties":{"n":"Purna (M Cl)","c":802758,"d":"Parbhani","s":"MAHARASHTRA"}},{"arcs":[[-503,509,510,511,-497,-495,-468]],"type":"Polygon","properties":{"n":"Pangra tarf lasina","c":547187,"d":"Parbhani","s":"MAHARASHTRA"}},{"arcs":[[-480,-509,512,513,514,-494]],"type":"Polygon","properties":{"n":"Kanhegaon","c":547216,"d":"Parbhani","s":"MAHARASHTRA"}},{"arcs":[[-464,-515,515,-490]],"type":"Polygon","properties":{"n":"Mamdapur","c":547214,"d":"Parbhani","s":"MAHARASHTRA"}},{"arcs":[[516,517,-485,-482,518]],"type":"Polygon","properties":{"n":"Dhotra","c":547192,"d":"Parbhani","s":"MAHARASHTRA"}},{"arcs":[[519,520,521,522,523]],"type":"Polygon","properties":{"n":"Ramapur","c":547220,"d":"Parbhani","s":"MAHARASHTRA"}},{"arcs":[[-516,-514,524,525,526,527,-491]],"type":"Polygon","properties":{"n":"Ganpur","c":547218,"d":"Parbhani","s":"MAHARASHTRA"}},{"arcs":[[528,529,-511]],"type":"Polygon","properties":{"n":"Tarangal","c":547186,"d":"Parbhani","s":"MAHARASHTRA"}},{"arcs":[[-492,-528,530,531,-521,532]],"type":"Polygon","properties":{"n":"Ismailpur","c":547219,"d":"Parbhani","s":"MAHARASHTRA"}},{"arcs":[[-499,533,-504]],"type":"Polygon","properties":{"n":"Adgaon lasina","c":547225,"d":"Parbhani","s":"MAHARASHTRA"}},{"arcs":[[534,535,536,-501,-487]],"type":"Polygon","properties":{"n":"Sonkhed","c":547194,"d":"Parbhani","s":"MAHARASHTRA"}},{"arcs":[[537,538,-535,-486,-518]],"type":"Polygon","properties":{"n":"Rupla","c":547193,"d":"Parbhani","s":"MAHARASHTRA"}},{"arcs":[[-508,539,-525,-513]],"type":"Polygon","properties":{"n":"Phukatgaon","c":547217,"d":"Parbhani","s":"MAHARASHTRA"}},{"arcs":[[540,541,542,543,-538,-517]],"type":"Polygon","properties":{"n":"Pimpala bhatya","c":547200,"d":"Parbhani","s":"MAHARASHTRA"}},{"arcs":[[-522,-532,544,545,546,547,548,549]],"type":"Polygon","properties":{"n":"Balsa bk.","c":547235,"d":"Parbhani","s":"MAHARASHTRA"}},{"arcs":[[-512,-530,550,551,552,553,554,555,556,-505,-534,-498]],"type":"Polygon","properties":{"n":"Gaur","c":547197,"d":"Parbhani","s":"MAHARASHTRA"}},{"arcs":[[-510,-502,-537,557,558,-551,-529]],"type":"Polygon","properties":{"n":"Govindpur","c":547195,"d":"Parbhani","s":"MAHARASHTRA"}},{"arcs":[[-540,-507,559,560,561,562,-526]],"type":"Polygon","properties":{"n":"Khujada","c":547221,"d":"Parbhani","s":"MAHARASHTRA"}},{"arcs":[[-563,563,564,565,566,-545,-531,-527]],"type":"Polygon","properties":{"n":"Khambegaon","c":547237,"d":"Parbhani","s":"MAHARASHTRA"}},{"arcs":[[-539,-544,567,568,569,-558,-536]],"type":"Polygon","properties":{"n":"Chudawa","c":547199,"d":"Parbhani","s":"MAHARASHTRA"}},{"arcs":[[-562,570,571,-564]],"type":"Polygon","properties":{"n":"Hatkarwadi","c":547222,"d":"Parbhani","s":"MAHARASHTRA"}},{"arcs":[[-570,572,-552,-559]],"type":"Polygon","properties":{"n":"Narhapur","c":547198,"d":"Parbhani","s":"MAHARASHTRA"}},{"arcs":[[-557,573,574,575,576,577,-560,-506]],"type":"Polygon","properties":{"n":"Kanad kheda","c":547224,"d":"Parbhani","s":"MAHARASHTRA"}},{"arcs":[[-567,578,579,-546]],"type":"Polygon","properties":{"n":"Mahatpuri","c":547236,"d":"Parbhani","s":"MAHARASHTRA"}},{"arcs":[[-556,580,-574]],"type":"Polygon","properties":{"n":"Adgaon sugaon","c":547196,"d":"Parbhani","s":"MAHARASHTRA"}},{"arcs":[[581,582,583,-547]],"type":"Polygon","properties":{"n":"Sirkalas","c":547238,"d":"Parbhani","s":"MAHARASHTRA"}},{"arcs":[[584,585,-542,586]],"type":"Polygon","properties":{"n":"Kalmula","c":547201,"d":"Parbhani","s":"MAHARASHTRA"}},{"arcs":[[587,588,589,-213,590,591,-583,592,-579,-566]],"type":"Polygon","properties":{"n":"Tadkalas","c":547247,"d":"Parbhani","s":"MAHARASHTRA"}},{"arcs":[[-572,593,-588,-565]],"type":"Polygon","properties":{"n":"Ekrukha tarf gangakhed","c":547223,"d":"Parbhani","s":"MAHARASHTRA"}},{"arcs":[[-578,594,-207,595,-589,-594,-571,-561]],"type":"Polygon","properties":{"n":" ","c":0,"d":"Parbhani","s":"MAHARASHTRA"}},{"arcs":[[-586,596,597,598,599,600,-568,-543]],"type":"Polygon","properties":{"n":"Alegaon","c":547203,"d":"Parbhani","s":"MAHARASHTRA"}},{"arcs":[[-584,-592,601,602,603,604,605,-548]],"type":"Polygon","properties":{"n":"Makhani","c":547240,"d":"Parbhani","s":"MAHARASHTRA"}},{"arcs":[[-580,-593,-582]],"type":"Polygon","properties":{"n":"Tamkalas","c":547239,"d":"Parbhani","s":"MAHARASHTRA"}},{"arcs":[[-569,-601,606,607,608,609,-553,-573]],"type":"Polygon","properties":{"n":"Pimpalgaon likha","c":547234,"d":"Parbhani","s":"MAHARASHTRA"}},{"arcs":[[-581,-555,610,611,-575]],"type":"Polygon","properties":{"n":"Bhategaon","c":547226,"d":"Parbhani","s":"MAHARASHTRA"}},{"arcs":[[612,-597,-585,613]],"type":"Polygon","properties":{"n":"Pimpran","c":547202,"d":"Parbhani","s":"MAHARASHTRA"}},{"arcs":[[-600,614,615,-607]],"type":"Polygon","properties":{"n":"Sonna tarf kaulgaon","c":547205,"d":"Parbhani","s":"MAHARASHTRA"}},{"arcs":[[-599,616,617,-615]],"type":"Polygon","properties":{"n":"Changephal","c":547204,"d":"Parbhani","s":"MAHARASHTRA"}},{"arcs":[[618,619,-201,-595,-577]],"type":"Polygon","properties":{"n":"Nila","c":547228,"d":"Parbhani","s":"MAHARASHTRA"}},{"arcs":[[620,-604,621,622,-222,623,624,625]],"type":"Polygon","properties":{"n":"Kamlapur","c":547241,"d":"Parbhani","s":"MAHARASHTRA"}},{"arcs":[[-612,626,627,-619,-576]],"type":"Polygon","properties":{"n":"Ajdapur","c":547227,"d":"Parbhani","s":"MAHARASHTRA"}},{"arcs":[[-554,-610,628,629,-238,-234,-223,630,-627,-611]],"type":"Polygon","properties":{"n":"Dhangar takli","c":547233,"d":"Parbhani","s":"MAHARASHTRA"}},{"arcs":[[-624,-221,-212,631,632,633,634]],"type":"Polygon","properties":{"n":"Dastapur","c":547242,"d":"Parbhani","s":"MAHARASHTRA"}},{"arcs":[[-613,635,-231,636,637,-617,-598]],"type":"Polygon","properties":{"n":"Kawalgaon","c":547207,"d":"Parbhani","s":"MAHARASHTRA"}},{"arcs":[[-638,638,639,-608,-616,-618]],"type":"Polygon","properties":{"n":"Runj tarf parbhani","c":547206,"d":"Parbhani","s":"MAHARASHTRA"}},{"arcs":[[-631,-227,640,-202,-620,-628]],"type":"Polygon","properties":{"n":"Kantheshwar","c":547229,"d":"Parbhani","s":"MAHARASHTRA"}},{"arcs":[[-603,641,-274,-265,-218,642,-622]],"type":"Polygon","properties":{"n":"Khandala","c":547251,"d":"Parbhani","s":"MAHARASHTRA"}},{"arcs":[[-591,-216,-257,-268,-275,-642,-602]],"type":"Polygon","properties":{"n":"Phulkalas","c":547246,"d":"Parbhani","s":"MAHARASHTRA"}},{"arcs":[[-596,-206,643,644,-248,-258,-214,-590]],"type":"Polygon","properties":{"n":"Kalgaon","c":547249,"d":"Parbhani","s":"MAHARASHTRA"}},{"arcs":[[-643,-217,-623]],"type":"Polygon","properties":{"n":"Manjalapur","c":547245,"d":"Parbhani","s":"MAHARASHTRA"}},{"arcs":[[-637,-230,-251,-277,645,646,-639]],"type":"Polygon","properties":{"n":"Satephal tarf kaulgaon","c":547209,"d":"Parbhani","s":"MAHARASHTRA"}},{"arcs":[[647,648,649,650,651,652,653]],"type":"Polygon","properties":{"n":"Takli Nilwarne","c":546817,"d":"Parbhani","s":"MAHARASHTRA"}},{"arcs":[[654,655,656,657]],"type":"Polygon","properties":{"n":"Gogalgaon","c":546814,"d":"Parbhani","s":"MAHARASHTRA"}},{"arcs":[[658,659,660,-649]],"type":"Polygon","properties":{"n":"Pardi (p.takli)","c":546818,"d":"Parbhani","s":"MAHARASHTRA"}},{"arcs":[[-652,661,662,663,664]],"type":"Polygon","properties":{"n":"Mangrul Palampat","c":546816,"d":"Parbhani","s":"MAHARASHTRA"}},{"arcs":[[665,666,667,668,-655]],"type":"Polygon","properties":{"n":"Sawangi Magar","c":546815,"d":"Parbhani","s":"MAHARASHTRA"}},{"arcs":[[669,670,-390,671,672,-660,673]],"type":"Polygon","properties":{"n":"Dudhangaon","c":546672,"d":"Parbhani","s":"MAHARASHTRA"}},{"arcs":[[-673,674,675,676,-650,-661]],"type":"Polygon","properties":{"n":"Kothala","c":546821,"d":"Parbhani","s":"MAHARASHTRA"}},{"arcs":[[677,678,679,680,-662,-651,-677]],"type":"Polygon","properties":{"n":"Narlad","c":546822,"d":"Parbhani","s":"MAHARASHTRA"}},{"arcs":[[-663,-681,681,682,683,684,-667,685]],"type":"Polygon","properties":{"n":"Irlad","c":546823,"d":"Parbhani","s":"MAHARASHTRA"}},{"arcs":[[-389,686,687,688,-675,-672]],"type":"Polygon","properties":{"n":"Rajura","c":546820,"d":"Parbhani","s":"MAHARASHTRA"}},{"arcs":[[-685,689,690,691,692,693,-668]],"type":"Polygon","properties":{"n":"Karanji","c":546829,"d":"Parbhani","s":"MAHARASHTRA"}},{"arcs":[[-689,694,695,-678,-676]],"type":"Polygon","properties":{"n":"Somthana","c":546827,"d":"Parbhani","s":"MAHARASHTRA"}},{"arcs":[[-696,696,697,-679]],"type":"Polygon","properties":{"n":"Atola","c":546826,"d":"Parbhani","s":"MAHARASHTRA"}},{"arcs":[[-692,698,699,700,701]],"type":"Polygon","properties":{"n":"Manoli","c":546828,"d":"Parbhani","s":"MAHARASHTRA"}},{"arcs":[[-680,-698,702,703,704,705,-682]],"type":"Polygon","properties":{"n":"Kolha","c":546825,"d":"Parbhani","s":"MAHARASHTRA"}},{"arcs":[[-684,706,707,708,-690]],"type":"Polygon","properties":{"n":"Kharba","c":546830,"d":"Parbhani","s":"MAHARASHTRA"}},{"arcs":[[-706,709,-707,-683]],"type":"Polygon","properties":{"n":"Manwat Road","c":546824,"d":"Parbhani","s":"MAHARASHTRA"}},{"arcs":[[710,711,712,713,714,-703,-697,-695,-688]],"type":"Polygon","properties":{"n":"Tad Borgaon","c":546834,"d":"Parbhani","s":"MAHARASHTRA"}},{"arcs":[[-709,715,716,717,718,719,720,721,-699,-691]],"type":"Polygon","properties":{"n":"Manwath (M Cl)","c":802754,"d":"Parbhani","s":"MAHARASHTRA"}},{"arcs":[[-715,722,723,-704]],"type":"Polygon","properties":{"n":"Kolhawadi","c":546833,"d":"Parbhani","s":"MAHARASHTRA"}},{"arcs":[[-710,-705,-724,724,-716,-708]],"type":"Polygon","properties":{"n":"Rudhi","c":546832,"d":"Parbhani","s":"MAHARASHTRA"}},{"arcs":[[725,726,727,-713]],"type":"Polygon","properties":{"n":"Deulgaon Awachar","c":546835,"d":"Parbhani","s":"MAHARASHTRA"}},{"arcs":[[-728,728,729,730,-717,-725,-723,-714]],"type":"Polygon","properties":{"n":"Ambegaon Chaharun","c":546836,"d":"Parbhani","s":"MAHARASHTRA"}},{"arcs":[[-731,731,732,733,-718]],"type":"Polygon","properties":{"n":"Hattalwadi","c":546837,"d":"Parbhani","s":"MAHARASHTRA"}},{"arcs":[[734,735,736,737,738,-729,-727]],"type":"Polygon","properties":{"n":"Sawargaon Kh","c":546844,"d":"Parbhani","s":"MAHARASHTRA"}},{"arcs":[[-739,739,740,741,-732,-730]],"type":"Polygon","properties":{"n":"Sawali","c":546843,"d":"Parbhani","s":"MAHARASHTRA"}},{"arcs":[[742,743,744,-720]],"type":"Polygon","properties":{"n":"Ratnapur","c":546838,"d":"Parbhani","s":"MAHARASHTRA"}},{"arcs":[[-734,745,746,747,748,-743,-719]],"type":"Polygon","properties":{"n":"Ukkalgaon","c":546839,"d":"Parbhani","s":"MAHARASHTRA"}},{"arcs":[[749,750,751,752,753,-740,-738,754,-736,755]],"type":"Polygon","properties":{"n":"Palodi","c":546845,"d":"Parbhani","s":"MAHARASHTRA"}},{"arcs":[[-742,756,757,758,759,-746,-733]],"type":"Polygon","properties":{"n":"Nagar Jawala","c":546841,"d":"Parbhani","s":"MAHARASHTRA"}},{"arcs":[[-755,-737]],"type":"Polygon","properties":{"n":"Sonula","c":546846,"d":"Parbhani","s":"MAHARASHTRA"}},{"arcs":[[-754,760,761,-757,-741]],"type":"Polygon","properties":{"n":"Bondarwadi","c":546842,"d":"Parbhani","s":"MAHARASHTRA"}},{"arcs":[[762,763,764,765,-752]],"type":"Polygon","properties":{"n":"Pimpla","c":546847,"d":"Parbhani","s":"MAHARASHTRA"}},{"arcs":[[-766,766,767,-761,-753]],"type":"Polygon","properties":{"n":"Sonula","c":546846,"d":"Parbhani","s":"MAHARASHTRA"}},{"arcs":[[-768,768,769,-758,-762]],"type":"Polygon","properties":{"n":"Khadakwadi","c":546851,"d":"Parbhani","s":"MAHARASHTRA"}},{"arcs":[[-760,770,771,772,-747]],"type":"Polygon","properties":{"n":"Itali","c":546840,"d":"Parbhani","s":"MAHARASHTRA"}},{"arcs":[[-770,773,774,775,-771,-759]],"type":"Polygon","properties":{"n":"Kinhola Bk","c":546850,"d":"Parbhani","s":"MAHARASHTRA"}},{"arcs":[[776,777,778,-764,779]],"type":"Polygon","properties":{"n":"Jangamwadi","c":546854,"d":"Parbhani","s":"MAHARASHTRA"}},{"arcs":[[-765,-779,780,781,-774,-769,-767]],"type":"Polygon","properties":{"n":"Mandewadgaon","c":546848,"d":"Parbhani","s":"MAHARASHTRA"}},{"arcs":[[782,783,784,785,786,-777,787]],"type":"Polygon","properties":{"n":"Bhosa","c":546855,"d":"Parbhani","s":"MAHARASHTRA"}},{"arcs":[[-782,788,789,790,791,-775]],"type":"Polygon","properties":{"n":"Pohandul","c":546852,"d":"Parbhani","s":"MAHARASHTRA"}},{"arcs":[[-781,-778,-787,792,-789]],"type":"Polygon","properties":{"n":"Lohara","c":546853,"d":"Parbhani","s":"MAHARASHTRA"}},{"arcs":[[-786,793,794,795,796,797,-790,-793]],"type":"Polygon","properties":{"n":"Mangrul Bk","c":546856,"d":"Parbhani","s":"MAHARASHTRA"}},{"arcs":[[798,799,800,801,802,803]],"type":"Polygon","properties":{"n":"Wazur Bk","c":546858,"d":"Parbhani","s":"MAHARASHTRA"}},{"arcs":[[804,805,806,807,-799]],"type":"Polygon","properties":{"n":"Hamadapur","c":546863,"d":"Parbhani","s":"MAHARASHTRA"}},{"arcs":[[808,809,810,811,812,813,814,815,-807,816,-796]],"type":"Polygon","properties":{"n":"Sakharewadi","c":546865,"d":"Parbhani","s":"MAHARASHTRA"}},{"arcs":[[-817,-806,817,-797]],"type":"Polygon","properties":{"n":"Sarangapur","c":546864,"d":"Parbhani","s":"MAHARASHTRA"}},{"arcs":[[-801,818,819,820,821,822]],"type":"Polygon","properties":{"n":"Wazur Kh","c":546859,"d":"Parbhani","s":"MAHARASHTRA"}},{"arcs":[[-808,-816,823,824,825,-819,-800]],"type":"Polygon","properties":{"n":"Thar","c":546862,"d":"Parbhani","s":"MAHARASHTRA"}},{"arcs":[[826,827,828,829,-811,830]],"type":"Polygon","properties":{"n":"Rampuri Bk","c":546866,"d":"Parbhani","s":"MAHARASHTRA"}},{"arcs":[[-821,831,832,833]],"type":"Polygon","properties":{"n":"Kumbhari(Ganga Kinara)","c":546860,"d":"Parbhani","s":"MAHARASHTRA"}},{"arcs":[[-826,834,835,836,-832,-820]],"type":"Polygon","properties":{"n":"Wangi","c":546861,"d":"Parbhani","s":"MAHARASHTRA"}},{"arcs":[[-776,-792,837,838,839,840,-772]],"type":"Polygon","properties":{"n":"Kekar Jawala","c":546849,"d":"Parbhani","s":"MAHARASHTRA"}},{"arcs":[[-798,-818,-805,-804,841,-838,-791]],"type":"Polygon","properties":{"n":"Rame Takli","c":546857,"d":"Parbhani","s":"MAHARASHTRA"}},{"arcs":[[842,843,844,845,846,847,848,849]],"type":"Polygon","properties":{"n":"Dongargaon","c":546868,"d":"Parbhani","s":"MAHARASHTRA"}},{"arcs":[[850,851,852,853,854,855,856,857,858]],"type":"Polygon","properties":{"n":"Renakhali","c":546870,"d":"Parbhani","s":"MAHARASHTRA"}},{"arcs":[[859,-856,860,861,-845,862]],"type":"Polygon","properties":{"n":"Kinhola Kh","c":546869,"d":"Parbhani","s":"MAHARASHTRA"}},{"arcs":[[863,864,865,866,867,-852,868]],"type":"Polygon","properties":{"n":"Devegaon","c":546871,"d":"Parbhani","s":"MAHARASHTRA"}},{"arcs":[[-862,869,870,871,872,-846]],"type":"Polygon","properties":{"n":"Warkheda","c":546879,"d":"Parbhani","s":"MAHARASHTRA"}},{"arcs":[[873,874,875,876,877,878,879,-848]],"type":"Polygon","properties":{"n":"Kasapuri","c":546881,"d":"Parbhani","s":"MAHARASHTRA"}},{"arcs":[[-873,880,-874,-847]],"type":"Polygon","properties":{"n":"Pathargavhan Kh","c":546880,"d":"Parbhani","s":"MAHARASHTRA"}},{"arcs":[[881,882,883]],"type":"Polygon","properties":{"n":"Belkheda","c":546517,"d":"Parbhani","s":"MAHARASHTRA"}},{"arcs":[[-883,884,885,886,887,888]],"type":"Polygon","properties":{"n":"Saikheda","c":546516,"d":"Parbhani","s":"MAHARASHTRA"}},{"arcs":[[-888,889,890,891]],"type":"Polygon","properties":{"n":"Wazar Bk","c":546515,"d":"Parbhani","s":"MAHARASHTRA"}},{"arcs":[[892,-885,-882,893]],"type":"Polygon","properties":{"n":"Umarad","c":546518,"d":"Parbhani","s":"MAHARASHTRA"}},{"arcs":[[894,895,896,897,898,899,-891]],"type":"Polygon","properties":{"n":"Dhamdham","c":546514,"d":"Parbhani","s":"MAHARASHTRA"}},{"arcs":[[900,901,902]],"type":"Polygon","properties":{"n":"Kolapa","c":546532,"d":"Parbhani","s":"MAHARASHTRA"}},{"arcs":[[903,904,905,906,907,908,-886,-893]],"type":"Polygon","properties":{"n":"Sawangi Bhamble","c":546519,"d":"Parbhani","s":"MAHARASHTRA"}},{"arcs":[[-899,909]],"type":"Polygon","properties":{"n":"Handi","c":546513,"d":"Parbhani","s":"MAHARASHTRA"}},{"arcs":[[-887,-909,910,-895,-890]],"type":"Polygon","properties":{"n":"Asola","c":546520,"d":"Parbhani","s":"MAHARASHTRA"}},{"arcs":[[911,912,-905,913,-902]],"type":"Polygon","properties":{"n":"Kumbephal","c":546531,"d":"Parbhani","s":"MAHARASHTRA"}},{"arcs":[[914,915,916,917,918,-912,-901]],"type":"Polygon","properties":{"n":"Bamani Bk","c":546533,"d":"Parbhani","s":"MAHARASHTRA"}},{"arcs":[[-896,-911,-908,919,920,921,922]],"type":"Polygon","properties":{"n":"Kawada","c":546521,"d":"Parbhani","s":"MAHARASHTRA"}},{"arcs":[[923,924,925,926,-916,927]],"type":"Polygon","properties":{"n":"Chaudharni Bk","c":546534,"d":"Parbhani","s":"MAHARASHTRA"}},{"arcs":[[-923,928,929,930,931,-897]],"type":"Polygon","properties":{"n":"Dhanora Bk.","c":546522,"d":"Parbhani","s":"MAHARASHTRA"}},{"arcs":[[932,933,934,-924,935]],"type":"Polygon","properties":{"n":"Chaudharni Kh","c":546536,"d":"Parbhani","s":"MAHARASHTRA"}},{"arcs":[[936,937,-933,938]],"type":"Polygon","properties":{"n":"Limbala","c":546537,"d":"Parbhani","s":"MAHARASHTRA"}},{"arcs":[[939,940,941,-920,-907]],"type":"Polygon","properties":{"n":"Korwadi","c":546529,"d":"Parbhani","s":"MAHARASHTRA"}},{"arcs":[[-913,-919,942,943,-940,-906]],"type":"Polygon","properties":{"n":"Sankrala","c":546530,"d":"Parbhani","s":"MAHARASHTRA"}},{"arcs":[[-931,944,945,946]],"type":"Polygon","properties":{"n":"Dhanora Kh","c":546523,"d":"Parbhani","s":"MAHARASHTRA"}},{"arcs":[[-938,947,948,949,950,-934]],"type":"Polygon","properties":{"n":"Kawatha","c":546538,"d":"Parbhani","s":"MAHARASHTRA"}},{"arcs":[[-951,-925,-935]],"type":"Polygon","properties":{"n":"Badanapur","c":546535,"d":"Parbhani","s":"MAHARASHTRA"}},{"arcs":[[951,-17,-29,952,-943,-918]],"type":"Polygon","properties":{"n":"Karanji","c":546540,"d":"Parbhani","s":"MAHARASHTRA"}},{"arcs":[[-946,953,954]],"type":"Polygon","properties":{"n":"Vadi","c":546524,"d":"Parbhani","s":"MAHARASHTRA"}},{"arcs":[[-927,955,-38,-18,-952,-917]],"type":"Polygon","properties":{"n":"Ambarwadi","c":546539,"d":"Parbhani","s":"MAHARASHTRA"}},{"arcs":[[-942,956,-8,-20,957,-921]],"type":"Polygon","properties":{"n":"Kawi","c":546528,"d":"Parbhani","s":"MAHARASHTRA"}},{"arcs":[[-944,-953,-34,-5,-957,-941]],"type":"Polygon","properties":{"n":"Dahegaon","c":546541,"d":"Parbhani","s":"MAHARASHTRA"}},{"arcs":[[-958,-19,958,-929,-922]],"type":"Polygon","properties":{"n":"Ghagara","c":546527,"d":"Parbhani","s":"MAHARASHTRA"}},{"arcs":[[-926,-950,959,-11,960,-58,-47,-35,-956]],"type":"Polygon","properties":{"n":"Kinhi","c":546583,"d":"Parbhani","s":"MAHARASHTRA"}},{"arcs":[[961,-9,-4,-12,-960,-949]],"type":"Polygon","properties":{"n":"Badanapur","c":546535,"d":"Parbhani","s":"MAHARASHTRA"}},{"arcs":[[-959,-25,-26,-52,962,-954,-945,-930]],"type":"Polygon","properties":{"n":"Waghi (Dhanora)","c":546525,"d":"Parbhani","s":"MAHARASHTRA"}},{"arcs":[[-66,-71,-53,-961,-10,-962,-948,-937,963]],"type":"Polygon","properties":{"n":"Sawangi [Mhalasa)","c":546585,"d":"Parbhani","s":"MAHARASHTRA"}},{"arcs":[[-96,964,965,966,967,-50]],"type":"Polygon","properties":{"n":"Belura","c":546568,"d":"Parbhani","s":"MAHARASHTRA"}},{"arcs":[[968,969,970]],"type":"Polygon","properties":{"n":"Nilaj","c":546589,"d":"Parbhani","s":"MAHARASHTRA"}},{"arcs":[[971,972,-60,-84]],"type":"Polygon","properties":{"n":"Sawargaon Tanda","c":546554,"d":"Parbhani","s":"MAHARASHTRA"}},{"arcs":[[-970,973,974,975,976,-87,977]],"type":"Polygon","properties":{"n":"Ganeshnagar","c":546591,"d":"Parbhani","s":"MAHARASHTRA"}},{"arcs":[[-93,978,979,980,981,982,983,-974,-969,984,-43]],"type":"Polygon","properties":{"n":"Itoli","c":546618,"d":"Parbhani","s":"MAHARASHTRA"}},{"arcs":[[-55,985,986,987,988,989]],"type":"Polygon","properties":{"n":"Yenoli","c":546596,"d":"Parbhani","s":"MAHARASHTRA"}},{"arcs":[[990,-986,-70]],"type":"Polygon","properties":{"n":"Yenoli Tanda","c":546597,"d":"Parbhani","s":"MAHARASHTRA"}},{"arcs":[[-973,991,-90,-61]],"type":"Polygon","properties":{"n":"Kanha","c":546553,"d":"Parbhani","s":"MAHARASHTRA"}},{"arcs":[[-56,-990,992,993,994,-75]],"type":"Polygon","properties":{"n":"Shevadi","c":546595,"d":"Parbhani","s":"MAHARASHTRA"}},{"arcs":[[-79,995,996,997,998,-81,-31,-85]],"type":"Polygon","properties":{"n":"Garkheda","c":546556,"d":"Parbhani","s":"MAHARASHTRA"}},{"arcs":[[-69,999,-987,-991]],"type":"Polygon","properties":{"n":"Kehal Tanda","c":546593,"d":"Parbhani","s":"MAHARASHTRA"}},{"arcs":[[-73,-91,-992,-972,-83,1000,1001,1002,1003,1004,1005,1006,1007,1008,1009,1010,-965,-95]],"type":"Polygon","properties":{"n":"Charthana","c":546565,"d":"Parbhani","s":"MAHARASHTRA"}},{"arcs":[[1011,1012,-996,-78]],"type":"Polygon","properties":{"n":"Wadali","c":546560,"d":"Parbhani","s":"MAHARASHTRA"}},{"arcs":[[-966,-1011,1013,1014,1015]],"type":"Polygon","properties":{"n":"Dagadchop","c":546569,"d":"Parbhani","s":"MAHARASHTRA"}},{"arcs":[[-995,1016,-76]],"type":"Polygon","properties":{"n":"Sakhartala","c":546558,"d":"Parbhani","s":"MAHARASHTRA"}},{"arcs":[[1017,1018,1019,-1014,-1010]],"type":"Polygon","properties":{"n":"Mola","c":546570,"d":"Parbhani","s":"MAHARASHTRA"}},{"arcs":[[-1017,-994,1020,1021,1022,1023,1024,-1012,-77]],"type":"Polygon","properties":{"n":"Warud","c":546559,"d":"Parbhani","s":"MAHARASHTRA"}},{"arcs":[[1025,1026,-1001,-82,-999]],"type":"Polygon","properties":{"n":" ","c":0,"d":"Parbhani","s":"MAHARASHTRA"}},{"arcs":[[1027,1028,1029,-976]],"type":"Polygon","properties":{"n":"Kharadadi","c":546615,"d":"Parbhani","s":"MAHARASHTRA"}},{"arcs":[[-1030,1030,1031,1032,1033,-988,-1000,-68,-88,-977]],"type":"Polygon","properties":{"n":"Ghewanda","c":546598,"d":"Parbhani","s":"MAHARASHTRA"}},{"arcs":[[-998,1034,1035,1036,1037,1038,-1026]],"type":"Polygon","properties":{"n":"Jogawada","c":546562,"d":"Parbhani","s":"MAHARASHTRA"}},{"arcs":[[-984,1039,-1028,-975]],"type":"Polygon","properties":{"n":"Mandawa","c":546617,"d":"Parbhani","s":"MAHARASHTRA"}},{"arcs":[[1040,1041,1042,1043,-979,-92]],"type":"Polygon","properties":{"n":"Gadadgavhan","c":546622,"d":"Parbhani","s":"MAHARASHTRA"}},{"arcs":[[1044,1045,1046]],"type":"Polygon","properties":{"n":"Bhusakvadi","c":546626,"d":"Parbhani","s":"MAHARASHTRA"}},{"arcs":[[-997,-1013,-1025,1047,-1035]],"type":"Polygon","properties":{"n":"Pandhargala","c":546561,"d":"Parbhani","s":"MAHARASHTRA"}},{"arcs":[[1048,1049,-1045,1050]],"type":"Polygon","properties":{"n":"Takalkhopa","c":546627,"d":"Parbhani","s":"MAHARASHTRA"}},{"arcs":[[-1039,1051,-1002,-1027]],"type":"Polygon","properties":{"n":"Sos","c":546564,"d":"Parbhani","s":"MAHARASHTRA"}},{"arcs":[[-993,-989,-1034,1052,-116,-124,1053,-1021]],"type":"Polygon","properties":{"n":"Jintur (M Cl)","c":802752,"d":"Parbhani","s":"MAHARASHTRA"}},{"arcs":[[-1029,-1040,-983,1054,1055,1056,-1031]],"type":"Polygon","properties":{"n":"Dongartala","c":546616,"d":"Parbhani","s":"MAHARASHTRA"}},{"arcs":[[-1009,1057,1058,1059,-1018]],"type":"Polygon","properties":{"n":"Pimpri Kh","c":546571,"d":"Parbhani","s":"MAHARASHTRA"}},{"arcs":[[-1038,1060,1061,-1003,-1052]],"type":"Polygon","properties":{"n":"Mankeshwar (p.charthana)","c":546573,"d":"Parbhani","s":"MAHARASHTRA"}},{"arcs":[[-1033,1062,-134,-123,-117,-1053]],"type":"Polygon","properties":{"n":"Pungala","c":546599,"d":"Parbhani","s":"MAHARASHTRA"}},{"arcs":[[-1050,1063,1064,-1042,1065,-1046]],"type":"Polygon","properties":{"n":"Sorja","c":546625,"d":"Parbhani","s":"MAHARASHTRA"}},{"arcs":[[-1043,-1065,1066,1067,1068]],"type":"Polygon","properties":{"n":"Mohkhed","c":546623,"d":"Parbhani","s":"MAHARASHTRA"}},{"arcs":[[-1032,-1057,1069,-131,-1063]],"type":"Polygon","properties":{"n":"Bhilaj","c":546600,"d":"Parbhani","s":"MAHARASHTRA"}},{"arcs":[[-982,1070,1071,1072,1073,-1055]],"type":"Polygon","properties":{"n":"Jununwadi","c":546633,"d":"Parbhani","s":"MAHARASHTRA"}},{"arcs":[[-1062,1074,1075,-101,1076,1077,-1004]],"type":"Polygon","properties":{"n":"Halvira [Harli)","c":546572,"d":"Parbhani","s":"MAHARASHTRA"}},{"arcs":[[-1074,1078,1079,1080,1081,-176,-172,-132,-1070,-1056]],"type":"Polygon","properties":{"n":"Bhogaon","c":546634,"d":"Parbhani","s":"MAHARASHTRA"}},{"arcs":[[-1048,-1024,1082,1083,1084,-1036]],"type":"Polygon","properties":{"n":"Rajegaon","c":546575,"d":"Parbhani","s":"MAHARASHTRA"}},{"arcs":[[-1085,1085,-1075,-1061,-1037]],"type":"Polygon","properties":{"n":"Bhambri","c":546574,"d":"Parbhani","s":"MAHARASHTRA"}},{"arcs":[[-1069,1086,1087,1088,-980,-1044]],"type":"Polygon","properties":{"n":"Mohkhed Tanda","c":546624,"d":"Parbhani","s":"MAHARASHTRA"}},{"arcs":[[-981,-1089,1089,1090,-1071]],"type":"Polygon","properties":{"n":"Pokharni","c":546630,"d":"Parbhani","s":"MAHARASHTRA"}},{"arcs":[[-1023,1091,-129,-102,1092,-1083]],"type":"Polygon","properties":{"n":"Malegaon (jintur Circle)","c":546576,"d":"Parbhani","s":"MAHARASHTRA"}},{"arcs":[[-1084,-1093,-107,-152,-97,-1076,-1086]],"type":"Polygon","properties":{"n":"Raikheda","c":546578,"d":"Parbhani","s":"MAHARASHTRA"}},{"arcs":[[-1022,-1054,-126,-139,-130,-1092]],"type":"Polygon","properties":{"n":"Akoli","c":546605,"d":"Parbhani","s":"MAHARASHTRA"}},{"arcs":[[-1049,1093,-196,-167,1094,-1067,-1064]],"type":"Polygon","properties":{"n":"Adgaon[Khandagale.]","c":546628,"d":"Parbhani","s":"MAHARASHTRA"}},{"arcs":[[-1088,1095,-160,-162,-140,1096,-1090]],"type":"Polygon","properties":{"n":"Waddhuti","c":546629,"d":"Parbhani","s":"MAHARASHTRA"}},{"arcs":[[-1072,-1091,-1097,-143,-148,1097]],"type":"Polygon","properties":{"n":"PokharniTanda","c":546631,"d":"Parbhani","s":"MAHARASHTRA"}},{"arcs":[[-1073,-1098,-147,1098,-1079]],"type":"Polygon","properties":{"n":"Mandhani","c":546635,"d":"Parbhani","s":"MAHARASHTRA"}},{"arcs":[[-1095,-171,-161,-1096,-1087,-1068]],"type":"Polygon","properties":{"n":"Chitnarwadi","c":546640,"d":"Parbhani","s":"MAHARASHTRA"}},{"arcs":[[-163,-158,1099,-185]],"type":"Polygon","properties":{"n":"Chincholi Ghute","c":546638,"d":"Parbhani","s":"MAHARASHTRA"}},{"arcs":[[-193,1100,1101,-178,-136]],"type":"Polygon","properties":{"n":"Palaskheda","c":546611,"d":"Parbhani","s":"MAHARASHTRA"}},{"arcs":[[-1082,1102,1103,1104,1105,-197,-174,-177]],"type":"Polygon","properties":{"n":"Reedaj","c":546613,"d":"Parbhani","s":"MAHARASHTRA"}},{"arcs":[[-1099,-146,-189,1106,1107,1108,-1080]],"type":"Polygon","properties":{"n":"Repa","c":546644,"d":"Parbhani","s":"MAHARASHTRA"}},{"arcs":[[1109,1110,1111,-156,-170]],"type":"Polygon","properties":{"n":"Waghwadi","c":943622,"d":"Parbhani","s":"MAHARASHTRA"}},{"arcs":[[-195,1112,1113,1114,-1110,-169]],"type":"Polygon","properties":{"n":"Magalwadi","c":943621,"d":"Parbhani","s":"MAHARASHTRA"}},{"arcs":[[-1112,1115,-186,-1100,-157]],"type":"Polygon","properties":{"n":"Pathewadi","c":943620,"d":"Parbhani","s":"MAHARASHTRA"}},{"arcs":[[-1081,-1109,1116,1117,-1103]],"type":"Polygon","properties":{"n":"Dhanora Devgaon","c":546645,"d":"Parbhani","s":"MAHARASHTRA"}},{"arcs":[[-192,1118,1119,-1101]],"type":"Polygon","properties":{"n":"Kadsawangi","c":546656,"d":"Parbhani","s":"MAHARASHTRA"}},{"arcs":[[-1120,1120,1121,1122,1123,1124,-179,-1102]],"type":"Polygon","properties":{"n":"Niwali Bk.","c":546655,"d":"Parbhani","s":"MAHARASHTRA"}},{"arcs":[[-1125,1125,1126,1127,1128,-182,-180]],"type":"Polygon","properties":{"n":"Niwali Kh.","c":546654,"d":"Parbhani","s":"MAHARASHTRA"}},{"arcs":[[-1106,1129,-198]],"type":"Polygon","properties":{"n":"Nagapur","c":546614,"d":"Parbhani","s":"MAHARASHTRA"}},{"arcs":[[1130,1131,1132,-1107,-188]],"type":"Polygon","properties":{"n":"Nagangaon","c":546647,"d":"Parbhani","s":"MAHARASHTRA"}},{"arcs":[[-1111,-1115,1133,1134,1135,1136,1137,-1131,-187,-1116]],"type":"Polygon","properties":{"n":"Wassa","c":546649,"d":"Parbhani","s":"MAHARASHTRA"}},{"arcs":[[-1108,-1133,1138,1139,-1117]],"type":"Polygon","properties":{"n":"Devgaon (Dhanora)","c":546646,"d":"Parbhani","s":"MAHARASHTRA"}},{"arcs":[[1140,1141,-1134,-1114]],"type":"Polygon","properties":{"n":" ","c":0,"d":"Parbhani","s":"MAHARASHTRA"}},{"arcs":[[-200,1142,1143,1144,-1121,-1119,-191]],"type":"Polygon","properties":{"n":"Warna","c":546659,"d":"Parbhani","s":"MAHARASHTRA"}},{"arcs":[[-1130,-1105,1145,1146,1147,1148,1149,1150,1151,-1143,-199]],"type":"Polygon","properties":{"n":"Bori","c":546661,"d":"Parbhani","s":"MAHARASHTRA"}},{"arcs":[[-1104,-1118,-1140,1152,1153,1154,-1146]],"type":"Polygon","properties":{"n":"Muda","c":546662,"d":"Parbhani","s":"MAHARASHTRA"}},{"arcs":[[-1132,-1138,1155,1156,-1153,-1139]],"type":"Polygon","properties":{"n":"Bordi","c":546648,"d":"Parbhani","s":"MAHARASHTRA"}},{"arcs":[[1157,1158,-1135,-1142]],"type":"Polygon","properties":{"n":"Shahapurwadi","c":943623,"d":"Parbhani","s":"MAHARASHTRA"}},{"arcs":[[1159,1160,1161,-1154,-1157]],"type":"Polygon","properties":{"n":"Dohara","c":546663,"d":"Parbhani","s":"MAHARASHTRA"}},{"arcs":[[-1144,-1152,1162]],"type":"Polygon","properties":{"n":"Mangarul","c":546660,"d":"Parbhani","s":"MAHARASHTRA"}},{"arcs":[[-1163,-1151,1163,1164,1165,1166,1167,1168,1169,1170,1171,-1122,-1145]],"type":"Polygon","properties":{"n":"Kausadi","c":546669,"d":"Parbhani","s":"MAHARASHTRA"}},{"arcs":[[-1137,1172,1173,1174,1175,-1160,-1156]],"type":"Polygon","properties":{"n":"Kasar","c":546650,"d":"Parbhani","s":"MAHARASHTRA"}},{"arcs":[[1176,1177,1178,1179,-1173,-1136,-1159]],"type":"Polygon","properties":{"n":"Asegaon","c":546652,"d":"Parbhani","s":"MAHARASHTRA"}},{"arcs":[[-1150,1180,1181,-1164]],"type":"Polygon","properties":{"n":"Nagthana","c":546667,"d":"Parbhani","s":"MAHARASHTRA"}},{"arcs":[[-1162,1182,1183,-1147,-1155]],"type":"Polygon","properties":{"n":" ","c":0,"d":"Parbhani","s":"MAHARASHTRA"}},{"arcs":[[-1176,1184,-329,1185,-1183,-1161]],"type":"Polygon","properties":{"n":"Karvali","c":546664,"d":"Parbhani","s":"MAHARASHTRA"}},{"arcs":[[-1149,1186,1187,1188,-1181]],"type":"Polygon","properties":{"n":"Ganpur","c":546666,"d":"Parbhani","s":"MAHARASHTRA"}},{"arcs":[[-1184,-1186,-328,1189,1190,-1187,-1148]],"type":"Polygon","properties":{"n":"Kok","c":546665,"d":"Parbhani","s":"MAHARASHTRA"}},{"arcs":[[1191,-316,-1185,-1175]],"type":"Polygon","properties":{"n":"Pimpri (Rohila)","c":546680,"d":"Parbhani","s":"MAHARASHTRA"}},{"arcs":[[1192,-1178,1193]],"type":"Polygon","properties":{"n":"Sonna","c":546653,"d":"Parbhani","s":"MAHARASHTRA"}},{"arcs":[[-1182,-1189,1194,1195,-1165]],"type":"Polygon","properties":{"n":"Gondhala","c":546668,"d":"Parbhani","s":"MAHARASHTRA"}},{"arcs":[[-1180,1196,1197,-334,-340,-349,-341,-317,-1192,-1174]],"type":"Polygon","properties":{"n":"Dudhagaon","c":546682,"d":"Parbhani","s":"MAHARASHTRA"}},{"arcs":[[1198,1199,-1197,-1179,-1193]],"type":"Polygon","properties":{"n":"Kaudgaon P.Zari","c":546683,"d":"Parbhani","s":"MAHARASHTRA"}},{"arcs":[[1200,1201,1202,1203,-1171]],"type":"Polygon","properties":{"n":"Marwadi","c":546670,"d":"Parbhani","s":"MAHARASHTRA"}},{"arcs":[[-1188,-1191,1204,1205,-1195]],"type":"Polygon","properties":{"n":"Mak","c":546678,"d":"Parbhani","s":"MAHARASHTRA"}},{"arcs":[[-327,1206,1207,-1205,-1190]],"type":"Polygon","properties":{"n":"Sek","c":546679,"d":"Parbhani","s":"MAHARASHTRA"}},{"arcs":[[1208,-335,-1198,-1200]],"type":"Polygon","properties":{"n":"Kaudgaon Pr.Aundha","c":546681,"d":"Parbhani","s":"MAHARASHTRA"}},{"arcs":[[-1206,-1208,1209,1210,-1166,-1196]],"type":"Polygon","properties":{"n":"Waghi[Bobde]","c":546677,"d":"Parbhani","s":"MAHARASHTRA"}},{"arcs":[[-1170,1211,-369,-364,1212,1213,1214,-1201]],"type":"Polygon","properties":{"n":"Pimpalgaon[Gayake]","c":546671,"d":"Parbhani","s":"MAHARASHTRA"}},{"arcs":[[-1207,-326,-357,1215,-1210]],"type":"Polygon","properties":{"n":"Jawla kh.","c":546676,"d":"Parbhani","s":"MAHARASHTRA"}},{"arcs":[[1216,-374,-365,-1212,-1169]],"type":"Polygon","properties":{"n":"Kumbhari","c":546673,"d":"Parbhani","s":"MAHARASHTRA"}},{"arcs":[[-1216,-356,-376,1217,-1167,-1211]],"type":"Polygon","properties":{"n":"Nandgaon (E)","c":546675,"d":"Parbhani","s":"MAHARASHTRA"}},{"arcs":[[-1218,-378,-375,-1217,-1168]],"type":"Polygon","properties":{"n":"Malegaon (Bori Circle)","c":546674,"d":"Parbhani","s":"MAHARASHTRA"}},{"arcs":[[-1213,-363,-386,-671,1218]],"type":"Polygon","properties":{"n":"Shevadi Jahagir","c":546819,"d":"Parbhani","s":"MAHARASHTRA"}},{"arcs":[[1219,1220,1221,-865,1222]],"type":"Polygon","properties":{"n":"Simurgavhan","c":546872,"d":"Parbhani","s":"MAHARASHTRA"}},{"arcs":[[-700,-722,1223,1224,-1221,1225]],"type":"Polygon","properties":{"n":"Zari","c":546873,"d":"Parbhani","s":"MAHARASHTRA"}},{"arcs":[[-855,1226,1227,1228,-870,-861]],"type":"Polygon","properties":{"n":"Hadgaon Bk","c":546878,"d":"Parbhani","s":"MAHARASHTRA"}},{"arcs":[[-1225,1229,1230,1231,-866,-1222]],"type":"Polygon","properties":{"n":"Borgavhan","c":546874,"d":"Parbhani","s":"MAHARASHTRA"}},{"arcs":[[-879,1232,1233,1234]],"type":"Polygon","properties":{"n":"Jawala Zute","c":546882,"d":"Parbhani","s":"MAHARASHTRA"}},{"arcs":[[1235,1236,1237,1238,-1227,-854]],"type":"Polygon","properties":{"n":"Vadi","c":546877,"d":"Parbhani","s":"MAHARASHTRA"}},{"arcs":[[-872,1239,1240,-875,-881]],"type":"Polygon","properties":{"n":"Pathargavhan Bk","c":546887,"d":"Parbhani","s":"MAHARASHTRA"}},{"arcs":[[-868,1241,1242,1243,-1236,-853]],"type":"Polygon","properties":{"n":"Sarola Kh","c":546876,"d":"Parbhani","s":"MAHARASHTRA"}},{"arcs":[[-1232,1244,1245,-1242,-867]],"type":"Polygon","properties":{"n":"Khedula","c":546875,"d":"Parbhani","s":"MAHARASHTRA"}},{"arcs":[[-721,-745,1246,1247,1248,1249,-1230,-1224]],"type":"Polygon","properties":{"n":"Devnandra","c":546894,"d":"Parbhani","s":"MAHARASHTRA"}},{"arcs":[[-871,-1229,1250,1251,1252,-1240]],"type":"Polygon","properties":{"n":"Gopegaon","c":546888,"d":"Parbhani","s":"MAHARASHTRA"}},{"arcs":[[-1250,1253,1254,1255,1256,-1245,-1231]],"type":"Polygon","properties":{"n":"Bandar Wada","c":546893,"d":"Parbhani","s":"MAHARASHTRA"}},{"arcs":[[-1246,-1257,1257,-1243]],"type":"Polygon","properties":{"n":"Kherda","c":546892,"d":"Parbhani","s":"MAHARASHTRA"}},{"arcs":[[-1241,-1253,1258,1259,-876]],"type":"Polygon","properties":{"n":"Mardasgaon","c":546886,"d":"Parbhani","s":"MAHARASHTRA"}},{"arcs":[[1260,1261,-1234]],"type":"Polygon","properties":{"n":"Nathara","c":546883,"d":"Parbhani","s":"MAHARASHTRA"}},{"arcs":[[-1239,1262,1263,-1251,-1228]],"type":"Polygon","properties":{"n":"Patoda Ganga Kinara","c":546889,"d":"Parbhani","s":"MAHARASHTRA"}},{"arcs":[[1264,1265,-1261,-1233,-878]],"type":"Polygon","properties":{"n":"Manjarath","c":546884,"d":"Parbhani","s":"MAHARASHTRA"}},{"arcs":[[-1260,1266,-1265,-877]],"type":"Polygon","properties":{"n":"Banegaon","c":546885,"d":"Parbhani","s":"MAHARASHTRA"}},{"arcs":[[-744,-749,1267,1268,-1247]],"type":"Polygon","properties":{"n":"Pohe Takli","c":546895,"d":"Parbhani","s":"MAHARASHTRA"}},{"arcs":[[-1258,-1256,1269,1270,1271,1272,1273,-1237,-1244]],"type":"Polygon","properties":{"n":"Rampuri Kh","c":546891,"d":"Parbhani","s":"MAHARASHTRA"}},{"arcs":[[-1238,-1274,1274,-1263]],"type":"Polygon","properties":{"n":"Niwali","c":546890,"d":"Parbhani","s":"MAHARASHTRA"}},{"arcs":[[-1254,-1249,1275]],"type":"Polygon","properties":{"n":"Pathri (M Cl)","c":802755,"d":"Parbhani","s":"MAHARASHTRA"}},{"arcs":[[-1248,-1269,1276,1277,1278,1279,-1270,-1255,-1276]],"type":"Polygon","properties":{"n":" ","c":0,"d":"Parbhani","s":"MAHARASHTRA"}},{"arcs":[[-773,-841,1280,1281,-1277,-1268,-748]],"type":"Polygon","properties":{"n":"Renapur","c":546896,"d":"Parbhani","s":"MAHARASHTRA"}},{"arcs":[[-1278,-1282,1282,1283,1284,1285]],"type":"Polygon","properties":{"n":"Babultar","c":546897,"d":"Parbhani","s":"MAHARASHTRA"}},{"arcs":[[-1279,-1286,1286,1287,1288]],"type":"Polygon","properties":{"n":"Jaitapur Wadi","c":546898,"d":"Parbhani","s":"MAHARASHTRA"}},{"arcs":[[-1280,-1289,1289,1290,1291,1292,-1271]],"type":"Polygon","properties":{"n":"Tura","c":546899,"d":"Parbhani","s":"MAHARASHTRA"}},{"arcs":[[-1293,1293,1294,-1272]],"type":"Polygon","properties":{"n":"Dhalegaon","c":546900,"d":"Parbhani","s":"MAHARASHTRA"}},{"arcs":[[-1292,1295,1296,-1294]],"type":"Polygon","properties":{"n":"Masala Tanda","c":546901,"d":"Parbhani","s":"MAHARASHTRA"}},{"arcs":[[1297,1298,1299,-1296,-1291]],"type":"Polygon","properties":{"n":"Masla  Kh","c":546902,"d":"Parbhani","s":"MAHARASHTRA"}},{"arcs":[[-1285,1300,1301,1302,-1287]],"type":"Polygon","properties":{"n":"Takalgavhan Tanda","c":546904,"d":"Parbhani","s":"MAHARASHTRA"}},{"arcs":[[-1284,1303,1304,-1301]],"type":"Polygon","properties":{"n":"Takalgavhan","c":546905,"d":"Parbhani","s":"MAHARASHTRA"}},{"arcs":[[-1288,-1303,1305,1306,1307,1308,-1298,-1290]],"type":"Polygon","properties":{"n":"Loni Bk","c":546909,"d":"Parbhani","s":"MAHARASHTRA"}},{"arcs":[[-1309,1309,1310,-1299]],"type":"Polygon","properties":{"n":"Gunj Kh","c":546903,"d":"Parbhani","s":"MAHARASHTRA"}},{"arcs":[[-1302,-1305,1311,1312,1313,1314,1315,1316,-1306]],"type":"Polygon","properties":{"n":"Babhulgaon","c":546908,"d":"Parbhani","s":"MAHARASHTRA"}},{"arcs":[[-802,-823,1317,1318,1319,-1314,1320]],"type":"Polygon","properties":{"n":"Waghala","c":546920,"d":"Parbhani","s":"MAHARASHTRA"}},{"arcs":[[-1308,1321,1322,1323,-1310]],"type":"Polygon","properties":{"n":"Goundgaon","c":546910,"d":"Parbhani","s":"MAHARASHTRA"}},{"arcs":[[-1317,1324,1325,1326,1327,-1322,-1307]],"type":"Polygon","properties":{"n":"Kansur","c":546913,"d":"Parbhani","s":"MAHARASHTRA"}},{"arcs":[[-1328,1328,1329,1330,-1323]],"type":"Polygon","properties":{"n":"Umara","c":546912,"d":"Parbhani","s":"MAHARASHTRA"}},{"arcs":[[1331,-1330]],"type":"Polygon","properties":{"n":"Andhapuri","c":546911,"d":"Parbhani","s":"MAHARASHTRA"}},{"arcs":[[1332,1333,-1325,-1316]],"type":"Polygon","properties":{"n":"Kansoor Tanda","c":546914,"d":"Parbhani","s":"MAHARASHTRA"}},{"arcs":[[-1320,1334,1335,1336,1337,-1333,-1315]],"type":"Polygon","properties":{"n":"Limba","c":546917,"d":"Parbhani","s":"MAHARASHTRA"}},{"arcs":[[-1319,1338,1339,-1335]],"type":"Polygon","properties":{"n":"Phularwadi","c":546918,"d":"Parbhani","s":"MAHARASHTRA"}},{"arcs":[[-822,-834,1340,1341,1342,1343,-1339,-1318]],"type":"Polygon","properties":{"n":"Mudgal","c":546921,"d":"Parbhani","s":"MAHARASHTRA"}},{"arcs":[[-1338,1344,1345,-1334]],"type":"Polygon","properties":{"n":"Daku Pimpri","c":546915,"d":"Parbhani","s":"MAHARASHTRA"}},{"arcs":[[1346,-1326,-1346]],"type":"Polygon","properties":{"n":"Tarugavhan","c":546916,"d":"Parbhani","s":"MAHARASHTRA"}},{"arcs":[[-1344,1347,1348,1349,-1336,-1340]],"type":"Polygon","properties":{"n":"Limba Tanda","c":546919,"d":"Parbhani","s":"MAHARASHTRA"}},{"arcs":[[1350,1351,1352,1353,1354,1355,1356,-1348,-1343]],"type":"Polygon","properties":{"n":"Vita Bk","c":546922,"d":"Parbhani","s":"MAHARASHTRA"}},{"arcs":[[-1357,1357,-1349]],"type":"Polygon","properties":{"n":"Anandnagar (vitatanda)","c":546923,"d":"Parbhani","s":"MAHARASHTRA"}},{"arcs":[[-840,1358,-1312,-1304,-1283,-1281]],"type":"Polygon","properties":{"n":"Sarola Bk","c":546906,"d":"Parbhani","s":"MAHARASHTRA"}},{"arcs":[[-842,-803,-1321,-1313,-1359,-839]],"type":"Polygon","properties":{"n":"Chate Pimpalgaon","c":546907,"d":"Parbhani","s":"MAHARASHTRA"}},{"arcs":[[1359,1360,-813]],"type":"Polygon","properties":{"n":"Golegaon","c":546933,"d":"Parbhani","s":"MAHARASHTRA"}},{"arcs":[[1361,1362,1363,-835,-825]],"type":"Polygon","properties":{"n":"Wadi Pimpalgaon","c":546930,"d":"Parbhani","s":"MAHARASHTRA"}},{"arcs":[[-815,1364,1365,1366,-1362,-824]],"type":"Polygon","properties":{"n":"Thadi Pimpalgaon","c":546931,"d":"Parbhani","s":"MAHARASHTRA"}},{"arcs":[[-830,1367,1368,1369,-1360,-812]],"type":"Polygon","properties":{"n":"Lohigram","c":546934,"d":"Parbhani","s":"MAHARASHTRA"}},{"arcs":[[-1370,1370,1371,1372,1373,-1365,-814,-1361]],"type":"Polygon","properties":{"n":"Ganga Pimpri","c":546932,"d":"Parbhani","s":"MAHARASHTRA"}},{"arcs":[[1374,1375,-836,-1364]],"type":"Polygon","properties":{"n":"Thadiukkadgaon","c":546929,"d":"Parbhani","s":"MAHARASHTRA"}},{"arcs":[[-837,-1376,1376,1377,-1341,-833]],"type":"Polygon","properties":{"n":"Lasina","c":546928,"d":"Parbhani","s":"MAHARASHTRA"}},{"arcs":[[1378,1379,1380,1381,1382,1383,1384,1385,-1368,-829]],"type":"Polygon","properties":{"n":"Sirsi Bk.","c":546936,"d":"Parbhani","s":"MAHARASHTRA"}},{"arcs":[[1386,1387,-1351,-1342,-1378]],"type":"Polygon","properties":{"n":"Waghalgaon (j)","c":546927,"d":"Parbhani","s":"MAHARASHTRA"}},{"arcs":[[-1386,1388,1389,1390,1391,-1371,-1369]],"type":"Polygon","properties":{"n":"Lohigram Tanda","c":546935,"d":"Parbhani","s":"MAHARASHTRA"}},{"arcs":[[1392,1393,1394,-1352,-1388]],"type":"Polygon","properties":{"n":"Vita Kh.","c":546926,"d":"Parbhani","s":"MAHARASHTRA"}},{"arcs":[[-1374,1395,-1366]],"type":"Polygon","properties":{"n":"Wadi Pimpalgaon","c":546930,"d":"Parbhani","s":"MAHARASHTRA"}},{"arcs":[[-1385,1396,-1389]],"type":"Polygon","properties":{"n":"Sakharam Tanda","c":546937,"d":"Parbhani","s":"MAHARASHTRA"}},{"arcs":[[1397,1398,-1380,1399]],"type":"Polygon","properties":{"n":"Sirori","c":546938,"d":"Parbhani","s":"MAHARASHTRA"}},{"arcs":[[-1363,-1367,-1396,-1373,1400,-1393,-1387,-1377,-1375]],"type":"Polygon","properties":{"n":"Shelgaon Hatkar","c":546939,"d":"Parbhani","s":"MAHARASHTRA"}},{"arcs":[[-1392,1401,-1390,-1397,-1384,1402,1403,1404,1405,1406,1407,-1394,-1401,-1372]],"type":"Polygon","properties":{"n":"Shelgaon Maratha","c":546941,"d":"Parbhani","s":"MAHARASHTRA"}},{"arcs":[[-1391,-1402]],"type":"Polygon","properties":{"n":"Shelgaon Hatkar","c":546939,"d":"Parbhani","s":"MAHARASHTRA"}},{"arcs":[[-1408,1408,-1353,-1395]],"type":"Polygon","properties":{"n":"Dudhgaon","c":546925,"d":"Parbhani","s":"MAHARASHTRA"}},{"arcs":[[1409,1410,-1381,-1399,1411]],"type":"Polygon","properties":{"n":"Dobadi Tanda","c":546949,"d":"Parbhani","s":"MAHARASHTRA"}},{"arcs":[[-1383,1412,1413,-1403]],"type":"Polygon","properties":{"n":"Shelgaon Hatkar","c":546939,"d":"Parbhani","s":"MAHARASHTRA"}},{"arcs":[[-1407,1414,1415,1416,-1354,-1409]],"type":"Polygon","properties":{"n":"Wanisangam","c":546924,"d":"Parbhani","s":"MAHARASHTRA"}},{"arcs":[[1417,1418,1419,-1413,-1382,-1411]],"type":"Polygon","properties":{"n":"Kanhegaon","c":546948,"d":"Parbhani","s":"MAHARASHTRA"}},{"arcs":[[1420,1421,1422,1423,-1415,-1406]],"type":"Polygon","properties":{"n":"Bhaucha Tanda","c":546940,"d":"Parbhani","s":"MAHARASHTRA"}},{"arcs":[[-1417,1424,1425,1426,1427,1428,-1429,1429,-1355]],"type":"Polygon","properties":{"n":" ","c":0,"d":"Parbhani","s":"MAHARASHTRA"}},{"arcs":[[-1421,-1405,1430,1431]],"type":"Polygon","properties":{"n":"Shelgaon Hatkar","c":546939,"d":"Parbhani","s":"MAHARASHTRA"}},{"arcs":[[-1424,1432,1433,-1425,-1416]],"type":"Polygon","properties":{"n":"Sonpeth (M Cl)","c":943630,"d":"Parbhani","s":"MAHARASHTRA"}},{"arcs":[[-1420,1434,1435,1436,1437,-1431,-1404,-1414]],"type":"Polygon","properties":{"n":"Saikheda","c":546951,"d":"Parbhani","s":"MAHARASHTRA"}},{"arcs":[[-1434,1438,-1426]],"type":"Polygon","properties":{"n":"sonpeth","c":943629,"d":"Parbhani","s":"MAHARASHTRA"}},{"arcs":[[-1423,1439,1440,-1427,-1439,-1433]],"type":"Polygon","properties":{"n":"Gauli Pimpri","c":546942,"d":"Parbhani","s":"MAHARASHTRA"}},{"arcs":[[-1422,-1432,-1438,1441,1442,1443,1444,1445,-1440]],"type":"Polygon","properties":{"n":"Narwadi","c":546955,"d":"Parbhani","s":"MAHARASHTRA"}},{"arcs":[[1446,1447,1448,1449,1450,-1435,-1419]],"type":"Polygon","properties":{"n":"Khadka","c":546950,"d":"Parbhani","s":"MAHARASHTRA"}},{"arcs":[[-1446,1451,-1428,-1441]],"type":"Polygon","properties":{"n":"Khapat Pimpri","c":546943,"d":"Parbhani","s":"MAHARASHTRA"}},{"arcs":[[1452,1453,1454,-1449,1455]],"type":"Polygon","properties":{"n":"Mohala","c":546961,"d":"Parbhani","s":"MAHARASHTRA"}},{"arcs":[[1456,1457,1458,1459,-1450,-1455]],"type":"Polygon","properties":{"n":"Bhisegaon","c":546959,"d":"Parbhani","s":"MAHARASHTRA"}},{"arcs":[[1460,1461,1462,-1457,-1454,1463]],"type":"Polygon","properties":{"n":"Pohandul","c":546962,"d":"Parbhani","s":"MAHARASHTRA"}},{"arcs":[[-1429,-1452,-1445,1464,1465]],"type":"Polygon","properties":{"n":"Nimgaon","c":546944,"d":"Parbhani","s":"MAHARASHTRA"}},{"arcs":[[-1451,-1460,1466,1467,1468,1469,1470,1471,-1436]],"type":"Polygon","properties":{"n":"Awalgaon","c":546966,"d":"Parbhani","s":"MAHARASHTRA"}},{"arcs":[[-1443,1472,1473,1474,1475]],"type":"Polygon","properties":{"n":"Kothala","c":546956,"d":"Parbhani","s":"MAHARASHTRA"}},{"arcs":[[-1444,-1476,1476,1477,1478,1479,-1465]],"type":"Polygon","properties":{"n":"Dighol Islampur","c":546945,"d":"Parbhani","s":"MAHARASHTRA"}},{"arcs":[[-1437,-1472,1480,1481,1482,-1473,-1442]],"type":"Polygon","properties":{"n":"Chukar Pimpri","c":546958,"d":"Parbhani","s":"MAHARASHTRA"}},{"arcs":[[-1463,1483,1484,1485,-1458]],"type":"Polygon","properties":{"n":"Pohandul Tanda","c":546963,"d":"Parbhani","s":"MAHARASHTRA"}},{"arcs":[[-1483,1486,1487,-1474]],"type":"Polygon","properties":{"n":"Kothala Tanda","c":546957,"d":"Parbhani","s":"MAHARASHTRA"}},{"arcs":[[-1486,1488,-1467,-1459]],"type":"Polygon","properties":{"n":"Kortek","c":546960,"d":"Parbhani","s":"MAHARASHTRA"}},{"arcs":[[1489,1490,1491,1492,-1484,-1462,1493]],"type":"Polygon","properties":{"n":"Tiwathana","c":546964,"d":"Parbhani","s":"MAHARASHTRA"}},{"arcs":[[1494,-1470,1495,1496,1497,1498,-1487,-1482]],"type":"Polygon","properties":{"n":"Naikota","c":546967,"d":"Parbhani","s":"MAHARASHTRA"}},{"arcs":[[-1495,-1481,-1471]],"type":"Polygon","properties":{"n":"Wadi Naikata","c":546970,"d":"Parbhani","s":"MAHARASHTRA"}},{"arcs":[[-1485,-1493,1499,1500,1501,-1468,-1489]],"type":"Polygon","properties":{"n":"Wandan","c":546965,"d":"Parbhani","s":"MAHARASHTRA"}},{"arcs":[[1502,1503,1504,1505,-1479]],"type":"Polygon","properties":{"n":"Rewa Tanda","c":546946,"d":"Parbhani","s":"MAHARASHTRA"}},{"arcs":[[-1475,-1488,-1499,1506,1507,1508,-1477]],"type":"Polygon","properties":{"n":"Bondargaon","c":546968,"d":"Parbhani","s":"MAHARASHTRA"}},{"arcs":[[1509,1510,-1505]],"type":"Polygon","properties":{"n":"Dighol Islampur","c":546945,"d":"Parbhani","s":"MAHARASHTRA"}},{"arcs":[[-1509,1511,1512,-1503,-1478]],"type":"Polygon","properties":{"n":"Dhamoni","c":546969,"d":"Parbhani","s":"MAHARASHTRA"}},{"arcs":[[1513,-296,1514,-1500,-1492]],"type":"Polygon","properties":{"n":"Waitagwadi","c":546973,"d":"Parbhani","s":"MAHARASHTRA"}},{"arcs":[[-1504,-1513,1515,-1510]],"type":"Polygon","properties":{"n":"Dhardighol","c":546947,"d":"Parbhani","s":"MAHARASHTRA"}},{"arcs":[[1516,1517,-1507,-1498]],"type":"Polygon","properties":{"n":"Wadi Naikata","c":546970,"d":"Parbhani","s":"MAHARASHTRA"}},{"arcs":[[-1502,1518,1519,1520,-1496,-1469]],"type":"Polygon","properties":{"n":"Nila","c":546971,"d":"Parbhani","s":"MAHARASHTRA"}},{"arcs":[[-295,1521,-1519,-1501,-1515]],"type":"Polygon","properties":{"n":"Wadgaon","c":546972,"d":"Parbhani","s":"MAHARASHTRA"}},{"arcs":[[-1521,1522,-310,-301,1523,-1517,-1497]],"type":"Polygon","properties":{"n":"Karam","c":546975,"d":"Parbhani","s":"MAHARASHTRA"}},{"arcs":[[-319,-344,-408,1524,1525,1526,1527,1528,-396,-404,-393,1529,-391],[1530],[1531],[1532]],"type":"Polygon","properties":{"n":"Sanpuri","c":546723,"d":"Parbhani","s":"MAHARASHTRA"}},{"arcs":[[-353,-400,-398,1533,-1528,1534,1535,1536,-409]],"type":"Polygon","properties":{"n":"Takli kumbhakarna","c":546756,"d":"Parbhani","s":"MAHARASHTRA"}},{"arcs":[[-368,-418,1537,1538,-401,-360]],"type":"Polygon","properties":{"n":"Ekrukha Tarf Pedgaon","c":546692,"d":"Parbhani","s":"MAHARASHTRA"}},{"arcs":[[1539,1540,1541,-383]],"type":"Polygon","properties":{"n":"Sambar","c":546732,"d":"Parbhani","s":"MAHARASHTRA"}},{"arcs":[[-419,-414,1542,-1538,-417]],"type":"Polygon","properties":{"n":"Ismailpur tarf parbhani","c":546693,"d":"Parbhani","s":"MAHARASHTRA"}},{"arcs":[[-385,1543,1544,1545,1546,1547,1548,-346]],"type":"Polygon","properties":{"n":"Mangangaon","c":546725,"d":"Parbhani","s":"MAHARASHTRA"}},{"arcs":[[-384,-1542,1549,1550,1551,-1544]],"type":"Polygon","properties":{"n":"Matakarala","c":546731,"d":"Parbhani","s":"MAHARASHTRA"}},{"arcs":[[-392,-1530]],"type":"Polygon","properties":{"n":"Sultanpur","c":546722,"d":"Parbhani","s":"MAHARASHTRA"}},{"arcs":[[1552,-1525,-407]],"type":"Polygon","properties":{"n":"Hingla","c":546724,"d":"Parbhani","s":"MAHARASHTRA"}},{"arcs":[[-1549,1553,1554,1555,1556,-405,-347]],"type":"Polygon","properties":{"n":"Dharangaon","c":546726,"d":"Parbhani","s":"MAHARASHTRA"}},{"arcs":[[-1539,-1543,-413,1557,1558,1559,1560,1561,1562,1563,-402]],"type":"Polygon","properties":{"n":" ","c":0,"d":"Parbhani","s":"MAHARASHTRA"}},{"arcs":[[-397,-1529,-1534]],"type":"Polygon","properties":{"n":"Sultanpur","c":546722,"d":"Parbhani","s":"MAHARASHTRA"}},{"arcs":[[-403,-1564,1564,-1562,1565,1566,-711,-687,-388]],"type":"Polygon","properties":{"n":"Kinhola","c":546699,"d":"Parbhani","s":"MAHARASHTRA"}},{"arcs":[[-1531]],"type":"Polygon","properties":{"n":"Sultanpur","c":546722,"d":"Parbhani","s":"MAHARASHTRA"}},{"arcs":[[-1557,1567,-1526,-1553,-406]],"type":"Polygon","properties":{"n":"Karadgaon","c":546727,"d":"Parbhani","s":"MAHARASHTRA"}},{"arcs":[[-1532]],"type":"Polygon","properties":{"n":"Sultanpur","c":546722,"d":"Parbhani","s":"MAHARASHTRA"}},{"arcs":[[1568,-1558,-412]],"type":"Polygon","properties":{"n":"Narsapur tarf pedgaon","c":546696,"d":"Parbhani","s":"MAHARASHTRA"}},{"arcs":[[-1533]],"type":"Polygon","properties":{"n":"Sultanpur","c":546722,"d":"Parbhani","s":"MAHARASHTRA"}},{"arcs":[[1569,1570]],"type":"Polygon","properties":{"n":"Sukapurwadi","c":546733,"d":"Parbhani","s":"MAHARASHTRA"}},{"arcs":[[1571,1572,1573,-1559,-1569,-411]],"type":"Polygon","properties":{"n":"Tuljapur","c":546707,"d":"Parbhani","s":"MAHARASHTRA"}},{"arcs":[[-1563,-1565]],"type":"Polygon","properties":{"n":"Bramhapuri tarf pedgaon","c":546698,"d":"Parbhani","s":"MAHARASHTRA"}},{"arcs":[[-1570,1574,1575,1576,-1550,-1541,1577]],"type":"Polygon","properties":{"n":"Pimpalgaon tong","c":546734,"d":"Parbhani","s":"MAHARASHTRA"}},{"arcs":[[-1537,1578,1579,-1572,-410]],"type":"Polygon","properties":{"n":"Shahapur","c":546695,"d":"Parbhani","s":"MAHARASHTRA"}},{"arcs":[[-1548,1580,1581,-1554]],"type":"Polygon","properties":{"n":"Satla","c":546730,"d":"Parbhani","s":"MAHARASHTRA"}},{"arcs":[[1582,1583,1584,-1545,-1552]],"type":"Polygon","properties":{"n":"Durdi","c":546735,"d":"Parbhani","s":"MAHARASHTRA"}},{"arcs":[[1585,1586,1587,-1581,-1547]],"type":"Polygon","properties":{"n":"Samsapur","c":546729,"d":"Parbhani","s":"MAHARASHTRA"}},{"arcs":[[1588,1589,1590,1591,-1583,-1551,-1577]],"type":"Polygon","properties":{"n":"Murumba","c":546736,"d":"Parbhani","s":"MAHARASHTRA"}},{"arcs":[[-1585,1592,-1586,-1546]],"type":"Polygon","properties":{"n":"Dhar","c":546728,"d":"Parbhani","s":"MAHARASHTRA"}},{"arcs":[[-1561,1593,1594,1595,1596,1597,-1566]],"type":"Polygon","properties":{"n":"Panhera","c":546704,"d":"Parbhani","s":"MAHARASHTRA"}},{"arcs":[[1598,1599,1600,-1589,-1576]],"type":"Polygon","properties":{"n":"Deothana","c":546737,"d":"Parbhani","s":"MAHARASHTRA"}},{"arcs":[[-1560,-1574,1601,1602,1603,1604,-1594]],"type":"Polygon","properties":{"n":"Pedgaon","c":546697,"d":"Parbhani","s":"MAHARASHTRA"}},{"arcs":[[-1556,1605,1606,-1535,-1527,-1568]],"type":"Polygon","properties":{"n":"Nandkheda","c":546757,"d":"Parbhani","s":"MAHARASHTRA"}},{"arcs":[[1607,-756,-735,-726,-712,-1567,-1598]],"type":"Polygon","properties":{"n":"Bhogaon","c":546700,"d":"Parbhani","s":"MAHARASHTRA"}},{"arcs":[[-1582,-1588,1608,1609,1610,1611,1612,1613,1614,-1606,-1555]],"type":"Polygon","properties":{"n":"Parbhani (M Cl)","c":802753,"d":"Parbhani","s":"MAHARASHTRA"}},{"arcs":[[-1573,-1580,1615,1616,-1602]],"type":"Polygon","properties":{"n":" ","c":0,"d":"Parbhani","s":"MAHARASHTRA"}},{"arcs":[[-1579,-1536,-1607,-1615,1617,1618,1619,-1616]],"type":"Polygon","properties":{"n":"Dharmapuri","c":546761,"d":"Parbhani","s":"MAHARASHTRA"}},{"arcs":[[-1617,-1620,1620,1621,-1603]],"type":"Polygon","properties":{"n":"Hasnapur","c":546706,"d":"Parbhani","s":"MAHARASHTRA"}},{"arcs":[[-1605,1622,1623,1624,-1595]],"type":"Polygon","properties":{"n":"Gavha","c":546705,"d":"Parbhani","s":"MAHARASHTRA"}},{"arcs":[[1625,1626,-1590,-1601]],"type":"Polygon","properties":{"n":"Saba","c":546738,"d":"Parbhani","s":"MAHARASHTRA"}},{"arcs":[[-1587,-1593,-1584,-1592,1627,1628,1629,-1609]],"type":"Polygon","properties":{"n":"Wangi","c":546758,"d":"Parbhani","s":"MAHARASHTRA"}},{"arcs":[[1630,1631,1632,1633,-1626,-1600]],"type":"Polygon","properties":{"n":"Nandgaon bk.","c":546739,"d":"Parbhani","s":"MAHARASHTRA"}},{"arcs":[[-1619,1634,1635,1636,-1621]],"type":"Polygon","properties":{"n":"Parawa","c":546762,"d":"Parbhani","s":"MAHARASHTRA"}},{"arcs":[[-422,-429,1637,1638,1639,-1631,1640]],"type":"Polygon","properties":{"n":"Nandgaon kh.","c":546741,"d":"Parbhani","s":"MAHARASHTRA"}},{"arcs":[[-1625,1641,-1596]],"type":"Polygon","properties":{"n":"Mohapuri","c":546703,"d":"Parbhani","s":"MAHARASHTRA"}},{"arcs":[[-1622,-1637,1642,1643,1644,-1623,-1604]],"type":"Polygon","properties":{"n":"Jamb","c":546763,"d":"Parbhani","s":"MAHARASHTRA"}},{"arcs":[[-1591,-1627,-1634,1645,1646,1647,-1628]],"type":"Polygon","properties":{"n":"Asola","c":546759,"d":"Parbhani","s":"MAHARASHTRA"}},{"arcs":[[-1614,1648,1649,-1635,-1618]],"type":"Polygon","properties":{"n":"Kaudgaon tarf singanapur","c":546764,"d":"Parbhani","s":"MAHARASHTRA"}},{"arcs":[[-1640,1650,1651,1652,-1632]],"type":"Polygon","properties":{"n":"Alapur pandhari","c":546740,"d":"Parbhani","s":"MAHARASHTRA"}},{"arcs":[[-1642,-1624,-1645,1653,-750,-1608,-1597]],"type":"Polygon","properties":{"n":"Aland","c":546702,"d":"Parbhani","s":"MAHARASHTRA"}},{"arcs":[[-1639,1654,-1651]],"type":"Polygon","properties":{"n":"Rahati","c":546742,"d":"Parbhani","s":"MAHARASHTRA"}},{"arcs":[[-1648,1655,1656,1657,-1629]],"type":"Polygon","properties":{"n":"Karegaon","c":546760,"d":"Parbhani","s":"MAHARASHTRA"}},{"arcs":[[1658,1659,1660,-1646,-1633,-1653]],"type":"Polygon","properties":{"n":"Dhangarwadi","c":546743,"d":"Parbhani","s":"MAHARASHTRA"}},{"arcs":[[-1655,-1638,-428,-445,1661,1662,-1659,-1652]],"type":"Polygon","properties":{"n":"Ukhalad","c":546744,"d":"Parbhani","s":"MAHARASHTRA"}},{"arcs":[[-1658,1663,1664,1665,-1610,-1630]],"type":"Polygon","properties":{"n":" ","c":0,"d":"Parbhani","s":"MAHARASHTRA"}},{"arcs":[[-1644,1666,1667,1668,-788,-780,-763,-751,-1654]],"type":"Polygon","properties":{"n":"Mandakhali","c":546701,"d":"Parbhani","s":"MAHARASHTRA"}},{"arcs":[[-1613,1669,1670,1671,1672,1673,1674,-1649]],"type":"Polygon","properties":{"n":"Bramhangaon","c":546765,"d":"Parbhani","s":"MAHARASHTRA"}},{"arcs":[[-1636,-1650,-1675,1675,1676,1677,-1667,-1643]],"type":"Polygon","properties":{"n":"Sonna","c":546771,"d":"Parbhani","s":"MAHARASHTRA"}},{"arcs":[[-1661,1678,1679,1680,1681,1682,-1656,-1647]],"type":"Polygon","properties":{"n":"Pingali","c":546749,"d":"Parbhani","s":"MAHARASHTRA"}},{"arcs":[[-1670,-1612,1683,1684,1685]],"type":"Polygon","properties":{"n":"Raipur","c":546767,"d":"Parbhani","s":"MAHARASHTRA"}},{"arcs":[[-1660,-1663,1686,1687,-1679]],"type":"Polygon","properties":{"n":"Babhali","c":546746,"d":"Parbhani","s":"MAHARASHTRA"}},{"arcs":[[-450,-478,-493,-533,-520,1688,-1687,-1662,-444]],"type":"Polygon","properties":{"n":"Pimpari deshmukh","c":546745,"d":"Parbhani","s":"MAHARASHTRA"}},{"arcs":[[-1683,1689,1690,1691,-1664,-1657]],"type":"Polygon","properties":{"n":"Sendra","c":546750,"d":"Parbhani","s":"MAHARASHTRA"}},{"arcs":[[1692,-1671,-1686]],"type":"Polygon","properties":{"n":"Bramhapuri tarf lohgaon","c":546766,"d":"Parbhani","s":"MAHARASHTRA"}},{"arcs":[[-1666,1693,1694,1695,-1684,-1611]],"type":"Polygon","properties":{"n":"Balsa kh.","c":546768,"d":"Parbhani","s":"MAHARASHTRA"}},{"arcs":[[1696,1697,1698,1699,-1668,-1678]],"type":"Polygon","properties":{"n":"Babhulgaon","c":546770,"d":"Parbhani","s":"MAHARASHTRA"}},{"arcs":[[-1674,1700,1701,1702,-1676]],"type":"Polygon","properties":{"n":"Nagapur","c":546774,"d":"Parbhani","s":"MAHARASHTRA"}},{"arcs":[[-1689,-524,1703,1704,-1680,-1688]],"type":"Polygon","properties":{"n":"Tattu jawala","c":546747,"d":"Parbhani","s":"MAHARASHTRA"}},{"arcs":[[1705,1706,-1701,-1673]],"type":"Polygon","properties":{"n":"Narsapur tarf parbhani","c":546773,"d":"Parbhani","s":"MAHARASHTRA"}},{"arcs":[[-1677,-1703,1707,1708,-1697]],"type":"Polygon","properties":{"n":"Ujalamba","c":546772,"d":"Parbhani","s":"MAHARASHTRA"}},{"arcs":[[-1692,1709,1710,1711,-1694,-1665]],"type":"Polygon","properties":{"n":"Sayala","c":546777,"d":"Parbhani","s":"MAHARASHTRA"}},{"arcs":[[-1696,1712,1713,1714,-1706,-1672,-1693,-1685]],"type":"Polygon","properties":{"n":"Taroda","c":546775,"d":"Parbhani","s":"MAHARASHTRA"}},{"arcs":[[-1700,1715,-783,-1669]],"type":"Polygon","properties":{"n":"Dafwadi","c":546769,"d":"Parbhani","s":"MAHARASHTRA"}},{"arcs":[[-1699,1716,1717,1718,1719,-784,-1716]],"type":"Polygon","properties":{"n":"Umari","c":546786,"d":"Parbhani","s":"MAHARASHTRA"}},{"arcs":[[-1702,-1707,-1715,1720,1721,1722,-1708]],"type":"Polygon","properties":{"n":"Borwand kh.","c":546784,"d":"Parbhani","s":"MAHARASHTRA"}},{"arcs":[[-1695,-1712,1723,1724,1725,-1713]],"type":"Polygon","properties":{"n":"Ithalapur Deshmukh","c":546776,"d":"Parbhani","s":"MAHARASHTRA"}},{"arcs":[[-523,-550,1726,1727,1728,1729,-1704]],"type":"Polygon","properties":{"n":"Mirkhel","c":546748,"d":"Parbhani","s":"MAHARASHTRA"}},{"arcs":[[-1730,1730,1731,1732,1733,-1681,-1705]],"type":"Polygon","properties":{"n":"Tadlimbla","c":546751,"d":"Parbhani","s":"MAHARASHTRA"}},{"arcs":[[-1691,1734,1735,1736,-1710]],"type":"Polygon","properties":{"n":"Takalgavhan","c":546778,"d":"Parbhani","s":"MAHARASHTRA"}},{"arcs":[[-1714,-1726,1737,1738,1739,-1721]],"type":"Polygon","properties":{"n":"Singnapur","c":546783,"d":"Parbhani","s":"MAHARASHTRA"}},{"arcs":[[-1682,-1734,1740,-1735,-1690]],"type":"Polygon","properties":{"n":"Paralgavhan","c":546779,"d":"Parbhani","s":"MAHARASHTRA"}},{"arcs":[[-1723,1741,1742,-1717,-1698,-1709]],"type":"Polygon","properties":{"n":"Pimpalgaon Thombare","c":546785,"d":"Parbhani","s":"MAHARASHTRA"}},{"arcs":[[-1740,1743,1744,1745,-1742,-1722]],"type":"Polygon","properties":{"n":"Borwand bk.","c":546790,"d":"Parbhani","s":"MAHARASHTRA"}},{"arcs":[[-1737,1746,-633,1747,1748,1749,1750,1751,-1724,-1711]],"type":"Polygon","properties":{"n":"Lohagaon","c":546781,"d":"Parbhani","s":"MAHARASHTRA"}},{"arcs":[[-1752,1752,1753,-1738,-1725]],"type":"Polygon","properties":{"n":"Amadapur","c":546782,"d":"Parbhani","s":"MAHARASHTRA"}},{"arcs":[[-1746,1754,1755,-1718,-1743]],"type":"Polygon","properties":{"n":"Surpimpari","c":546789,"d":"Parbhani","s":"MAHARASHTRA"}},{"arcs":[[-1733,1756,-634,-1747,-1736,-1741]],"type":"Polygon","properties":{"n":"Zadgaon","c":546780,"d":"Parbhani","s":"MAHARASHTRA"}},{"arcs":[[-1720,1757,1758,-794,-785]],"type":"Polygon","properties":{"n":"Anandwadi","c":546787,"d":"Parbhani","s":"MAHARASHTRA"}},{"arcs":[[-1729,1759,-626,1760,-1731]],"type":"Polygon","properties":{"n":"Pandhari","c":546754,"d":"Parbhani","s":"MAHARASHTRA"}},{"arcs":[[1761,-605,-621,-1760,-1728]],"type":"Polygon","properties":{"n":" ","c":0,"d":"Parbhani","s":"MAHARASHTRA"}},{"arcs":[[-1756,1762,1763,1764,1765,1766,-1758,-1719]],"type":"Polygon","properties":{"n":"Wadgaon tarf bharaswad","c":546794,"d":"Parbhani","s":"MAHARASHTRA"}},{"arcs":[[-549,-606,-1762,-1727]],"type":"Polygon","properties":{"n":"Varpud","c":546752,"d":"Parbhani","s":"MAHARASHTRA"}},{"arcs":[[-1761,-625,-635,-1757,-1732]],"type":"Polygon","properties":{"n":"Pathra","c":546755,"d":"Parbhani","s":"MAHARASHTRA"}},{"arcs":[[1767,1768,-809,-795,-1759,-1767]],"type":"Polygon","properties":{"n":"Tamaswadi","c":546788,"d":"Parbhani","s":"MAHARASHTRA"}},{"arcs":[[-1751,1769,1770,1771,-1753]],"type":"Polygon","properties":{"n":"Sahajpur","c":546798,"d":"Parbhani","s":"MAHARASHTRA"}},{"arcs":[[-1766,1772,-827,1773,-1768]],"type":"Polygon","properties":{"n":"Bharaswad","c":546793,"d":"Parbhani","s":"MAHARASHTRA"}},{"arcs":[[1774,1775,1776,-1770,-1750]],"type":"Polygon","properties":{"n":"Jawala","c":546799,"d":"Parbhani","s":"MAHARASHTRA"}},{"arcs":[[-1739,-1754,-1772,1777,1778,-1744]],"type":"Polygon","properties":{"n":"Tadpangari","c":546791,"d":"Parbhani","s":"MAHARASHTRA"}},{"arcs":[[-1755,-1745,-1779,1779,1780,1781,1782,1783,-1763]],"type":"Polygon","properties":{"n":"Pokharni","c":546796,"d":"Parbhani","s":"MAHARASHTRA"}},{"arcs":[[-1769,-1774,-831,-810]],"type":"Polygon","properties":{"n":"Pegargavhan","c":546792,"d":"Parbhani","s":"MAHARASHTRA"}},{"arcs":[[-1749,1784,1785,1786,-1775]],"type":"Polygon","properties":{"n":"Sirsi kh.","c":546800,"d":"Parbhani","s":"MAHARASHTRA"}},{"arcs":[[-1787,1787,1788,1789,1790,-1776]],"type":"Polygon","properties":{"n":"Dampuri","c":546803,"d":"Parbhani","s":"MAHARASHTRA"}},{"arcs":[[-632,-211,-244,1791,-1785,-1748]],"type":"Polygon","properties":{"n":"Sirsi bk.","c":546801,"d":"Parbhani","s":"MAHARASHTRA"}},{"arcs":[[-1777,-1791,1792,-1780,-1778,-1771]],"type":"Polygon","properties":{"n":"Ambe takli","c":546797,"d":"Parbhani","s":"MAHARASHTRA"}},{"arcs":[[-1784,1793,1794,1795,-1764]],"type":"Polygon","properties":{"n":"Indewadi","c":546806,"d":"Parbhani","s":"MAHARASHTRA"}},{"arcs":[[-1765,-1796,1796,-1400,-1379,-828,-1773]],"type":"Polygon","properties":{"n":"Bramhapuri tarf pathri","c":546807,"d":"Parbhani","s":"MAHARASHTRA"}},{"arcs":[[-1793,-1790,1797,1798,-1781]],"type":"Polygon","properties":{"n":"Porwad","c":546804,"d":"Parbhani","s":"MAHARASHTRA"}},{"arcs":[[-1786,-1792,-243,-285,1799,-1788]],"type":"Polygon","properties":{"n":"Thola","c":546802,"d":"Parbhani","s":"MAHARASHTRA"}},{"arcs":[[1800,1801,1802,1803,-1794,-1783]],"type":"Polygon","properties":{"n":"Daithana","c":546809,"d":"Parbhani","s":"MAHARASHTRA"}},{"arcs":[[-1800,-284,1804,1805,1806,-1798,-1789]],"type":"Polygon","properties":{"n":"Malsonna","c":546811,"d":"Parbhani","s":"MAHARASHTRA"}},{"arcs":[[-1799,-1807,1807,-1801,-1782]],"type":"Polygon","properties":{"n":"Dhondi","c":546810,"d":"Parbhani","s":"MAHARASHTRA"}},{"arcs":[[-1804,1808,1809,-1412,-1398,-1797,-1795]],"type":"Polygon","properties":{"n":"Salapuri","c":546808,"d":"Parbhani","s":"MAHARASHTRA"}},{"arcs":[[1810,1811,1812,1813,-1805,-283]],"type":"Polygon","properties":{"n":"Dhasadi","c":546812,"d":"Parbhani","s":"MAHARASHTRA"}},{"arcs":[[1814,1815,1816,1817,-1812,1818]],"type":"Polygon","properties":{"n":"Angalgaon","c":546813,"d":"Parbhani","s":"MAHARASHTRA"}},{"arcs":[[-967,-1016,1819,1820]],"type":"Polygon","properties":{"n":"Narsapur","c":546419,"d":"Parbhani","s":"MAHARASHTRA"}},{"arcs":[[-1015,-1020,1821,1822,1823,-1820]],"type":"Polygon","properties":{"n":"Borkini","c":546420,"d":"Parbhani","s":"MAHARASHTRA"}},{"arcs":[[-1060,1824,1825,1826,-1822,-1019]],"type":"Polygon","properties":{"n":"Ganeshpur","c":546422,"d":"Parbhani","s":"MAHARASHTRA"}},{"arcs":[[-1827,1827,1828,-1823]],"type":"Polygon","properties":{"n":"Nandgaon (Deogaon)","c":546421,"d":"Parbhani","s":"MAHARASHTRA"}},{"arcs":[[-1826,1829,1830,1831,1832,1833,-1828]],"type":"Polygon","properties":{"n":"Devgaon (Nandgaon)","c":546431,"d":"Parbhani","s":"MAHARASHTRA"}},{"arcs":[[1834,1835,-1058,-1008]],"type":"Polygon","properties":{"n":"Arsad","c":546423,"d":"Parbhani","s":"MAHARASHTRA"}},{"arcs":[[-1059,-1836,1836,1837,1838,-1830,-1825]],"type":"Polygon","properties":{"n":"Girgaon bk","c":546430,"d":"Parbhani","s":"MAHARASHTRA"}},{"arcs":[[-1078,1839,-1005]],"type":"Polygon","properties":{"n":"Singthala","c":546425,"d":"Parbhani","s":"MAHARASHTRA"}},{"arcs":[[-1833,1840,1841]],"type":"Polygon","properties":{"n":"Kumbhari (Pargane Charthana)","c":546432,"d":"Parbhani","s":"MAHARASHTRA"}},{"arcs":[[-1840,-1077,-100,-112,1842,1843,1844,1845,-1006]],"type":"Polygon","properties":{"n":"Pimpri Bk","c":546424,"d":"Parbhani","s":"MAHARASHTRA"}},{"arcs":[[-1831,-1839,1846,1847,1848]],"type":"Polygon","properties":{"n":"Girgaon kh","c":546429,"d":"Parbhani","s":"MAHARASHTRA"}},{"arcs":[[-1835,-1007,-1846,1849,1850,1851,1852,-1837]],"type":"Polygon","properties":{"n":"Sawangi P.C.","c":546428,"d":"Parbhani","s":"MAHARASHTRA"}},{"arcs":[[-1849,1853,1854,1855,-1841,-1832]],"type":"Polygon","properties":{"n":"Nagthana","c":546433,"d":"Parbhani","s":"MAHARASHTRA"}},{"arcs":[[-1845,1856,-1850]],"type":"Polygon","properties":{"n":"Nilkanth","c":546427,"d":"Parbhani","s":"MAHARASHTRA"}},{"arcs":[[-1838,-1853,1857,1858,1859,-1847]],"type":"Polygon","properties":{"n":"Khairi","c":546434,"d":"Parbhani","s":"MAHARASHTRA"}},{"arcs":[[-1848,-1860,1860,1861,1862,1863,1864,1865,-1854]],"type":"Polygon","properties":{"n":"Chikhalthana Bk","c":546439,"d":"Parbhani","s":"MAHARASHTRA"}},{"arcs":[[-1844,1866,1867,1868,-1851,-1857]],"type":"Polygon","properties":{"n":"Nirwadi Bk","c":546436,"d":"Parbhani","s":"MAHARASHTRA"}},{"arcs":[[-111,1869,1870,1871,-1867,-1843]],"type":"Polygon","properties":{"n":"Wai","c":546426,"d":"Parbhani","s":"MAHARASHTRA"}},{"arcs":[[-1852,-1869,1872,1873,1874,-1858]],"type":"Polygon","properties":{"n":"Nirwadi Kh","c":546437,"d":"Parbhani","s":"MAHARASHTRA"}},{"arcs":[[-1866,1875,1876,-1855]],"type":"Polygon","properties":{"n":"Jawala Jivaji","c":546441,"d":"Parbhani","s":"MAHARASHTRA"}},{"arcs":[[-1875,1877,1878,-1861,-1859]],"type":"Polygon","properties":{"n":"Chikhalthana Kh","c":546440,"d":"Parbhani","s":"MAHARASHTRA"}},{"arcs":[[-1868,-1872,1879,1880,-1873]],"type":"Polygon","properties":{"n":"Both","c":546438,"d":"Parbhani","s":"MAHARASHTRA"}},{"arcs":[[-1881,1881,1882,1883,1884,-1878,-1874]],"type":"Polygon","properties":{"n":"Raipur","c":546435,"d":"Parbhani","s":"MAHARASHTRA"}},{"arcs":[[1885,1886,-1870,-110]],"type":"Polygon","properties":{"n":"Pimpalgaon (Gosai)","c":546455,"d":"Parbhani","s":"MAHARASHTRA"}},{"arcs":[[-1865,1887,1888,-1876]],"type":"Polygon","properties":{"n":"Taltumba","c":546442,"d":"Parbhani","s":"MAHARASHTRA"}},{"arcs":[[-184,1889,1890,1891,1892,-1886,-109,-151]],"type":"Polygon","properties":{"n":"Rawha","c":546456,"d":"Parbhani","s":"MAHARASHTRA"}},{"arcs":[[-1887,-1893,1893,-1882,-1880,-1871]],"type":"Polygon","properties":{"n":"Kemapur","c":546454,"d":"Parbhani","s":"MAHARASHTRA"}},{"arcs":[[-1864,1894,1895,1896,-1888]],"type":"Polygon","properties":{"n":"Sonwati","c":546443,"d":"Parbhani","s":"MAHARASHTRA"}},{"arcs":[[1897,1898,1899,1900,1901,-1896]],"type":"Polygon","properties":{"n":"Brahmangaon Paragane Partur","c":546446,"d":"Parbhani","s":"MAHARASHTRA"}},{"arcs":[[-1129,1902,1903,-1890,-183]],"type":"Polygon","properties":{"n":"Kuda","c":546457,"d":"Parbhani","s":"MAHARASHTRA"}},{"arcs":[[1904,1905,1906,1907,1908,-1898,-1895,-1863]],"type":"Polygon","properties":{"n":"Moregaon","c":546445,"d":"Parbhani","s":"MAHARASHTRA"}},{"arcs":[[1909,1910,1911,1912,1913]],"type":"Polygon","properties":{"n":"Brahmawakadi","c":546444,"d":"Parbhani","s":"MAHARASHTRA"}},{"arcs":[[1914,1915,1916,-1910,1917,-1901]],"type":"Polygon","properties":{"n":"Khadgaon","c":546447,"d":"Parbhani","s":"MAHARASHTRA"}},{"arcs":[[1918,1919,-1913,1920]],"type":"Polygon","properties":{"n":"Karajkheda","c":546477,"d":"Parbhani","s":"MAHARASHTRA"}},{"arcs":[[-1879,-1885,1921,1922,-1905,-1862]],"type":"Polygon","properties":{"n":"Salegaon","c":546451,"d":"Parbhani","s":"MAHARASHTRA"}},{"arcs":[[-1894,-1892,1923,1924,1925,1926,1927,1928,1929,1930,1931,1932,-1883]],"type":"Polygon","properties":{"n":"Walour","c":546460,"d":"Parbhani","s":"MAHARASHTRA"}},{"arcs":[[1933,1934,1935,-1921,-1912]],"type":"Polygon","properties":{"n":"Gomewakdi","c":546478,"d":"Parbhani","s":"MAHARASHTRA"}},{"arcs":[[-1128,1936,1937,-1903]],"type":"Polygon","properties":{"n":"Mapa","c":546458,"d":"Parbhani","s":"MAHARASHTRA"}},{"arcs":[[-1938,1938,-1924,-1891,-1904]],"type":"Polygon","properties":{"n":"Pardi [Kausadi]","c":546459,"d":"Parbhani","s":"MAHARASHTRA"}},{"arcs":[[-1884,-1933,1939,1940,1941,1942,-1922]],"type":"Polygon","properties":{"n":"Hatnoor","c":546453,"d":"Parbhani","s":"MAHARASHTRA"}},{"arcs":[[-1911,-1917,1943,1944,-1934]],"type":"Polygon","properties":{"n":"Sirala","c":546479,"d":"Parbhani","s":"MAHARASHTRA"}},{"arcs":[[1945,1946,-1944,-1916]],"type":"Polygon","properties":{"n":"Pimpri Kh","c":546448,"d":"Parbhani","s":"MAHARASHTRA"}},{"arcs":[[-1900,1947,1948,1949,1950,-1946,-1915]],"type":"Polygon","properties":{"n":"Pimpri Bk","c":546449,"d":"Parbhani","s":"MAHARASHTRA"}},{"arcs":[[-1909,1951,1952,-1948,-1899]],"type":"Polygon","properties":{"n":"Khupsa","c":546450,"d":"Parbhani","s":"MAHARASHTRA"}},{"arcs":[[-1923,-1943,1953,1954,-1906]],"type":"Polygon","properties":{"n":"Kherda Dudhana Kinara","c":546452,"d":"Parbhani","s":"MAHARASHTRA"}},{"arcs":[[1955,1956,-1925,-1939,-1937,-1127]],"type":"Polygon","properties":{"n":"Rajura","c":546462,"d":"Parbhani","s":"MAHARASHTRA"}},{"arcs":[[-1124,1957,1958,1959,-1956,-1126]],"type":"Polygon","properties":{"n":"Adgaon[Darade]","c":546463,"d":"Parbhani","s":"MAHARASHTRA"}},{"arcs":[[-1936,1960,1961,1962,1963,-1919]],"type":"Polygon","properties":{"n":"Hadgaon Kh","c":546482,"d":"Parbhani","s":"MAHARASHTRA"}},{"arcs":[[1964,1965,-1952,-1908]],"type":"Polygon","properties":{"n":"Digras Bk","c":546499,"d":"Parbhani","s":"MAHARASHTRA"}},{"arcs":[[-1955,1966,1967,1968,-1965,-1907]],"type":"Polygon","properties":{"n":"Digras Kh","c":546500,"d":"Parbhani","s":"MAHARASHTRA"}},{"arcs":[[-1942,1969,1970,-1967,-1954]],"type":"Polygon","properties":{"n":"Kajali Rohina","c":546501,"d":"Parbhani","s":"MAHARASHTRA"}},{"arcs":[[-1935,-1945,-1947,-1951,1971,1972,-1961]],"type":"Polygon","properties":{"n":"Pimprala Kh.","c":546480,"d":"Parbhani","s":"MAHARASHTRA"}},{"arcs":[[-1204,1973,1974,-1958,-1123,-1172]],"type":"Polygon","properties":{"n":"Kanhad","c":546464,"d":"Parbhani","s":"MAHARASHTRA"}},{"arcs":[[-1960,1975,1976,1977,-1926,-1957]],"type":"Polygon","properties":{"n":"Gulkhand","c":546467,"d":"Parbhani","s":"MAHARASHTRA"}},{"arcs":[[-1941,1978,1979,-1970]],"type":"Polygon","properties":{"n":"Raja","c":546502,"d":"Parbhani","s":"MAHARASHTRA"}},{"arcs":[[-1940,-1932,1980,1981,1982,-1979]],"type":"Polygon","properties":{"n":"Brahmangaon P.F.","c":546504,"d":"Parbhani","s":"MAHARASHTRA"}},{"arcs":[[-1975,1983,1984,-1976,-1959]],"type":"Polygon","properties":{"n":"Tandulwadi","c":546466,"d":"Parbhani","s":"MAHARASHTRA"}},{"arcs":[[1985,1986,-1972,-1950]],"type":"Polygon","properties":{"n":"Waki","c":546481,"d":"Parbhani","s":"MAHARASHTRA"}},{"arcs":[[-1980,-1983,1987,1988,1989,-1968,-1971]],"type":"Polygon","properties":{"n":"Rajewadi","c":546503,"d":"Parbhani","s":"MAHARASHTRA"}},{"arcs":[[-1987,1990,1991,1992,1993,1994,-1962,-1973]],"type":"Polygon","properties":{"n":"Ravalgaon","c":546483,"d":"Parbhani","s":"MAHARASHTRA"}},{"arcs":[[-1978,1995,1996,-1927]],"type":"Polygon","properties":{"n":"Kanherwadi","c":546461,"d":"Parbhani","s":"MAHARASHTRA"}},{"arcs":[[-1953,-1966,-1969,-1990,1997,1998,1999,2000,-1991,-1986,-1949]],"type":"Polygon","properties":{"n":"Sailu (M Cl)","c":802751,"d":"Parbhani","s":"MAHARASHTRA"}},{"arcs":[[-1963,-1995,2001,2002,2003,2004]],"type":"Polygon","properties":{"n":"Aher Borgaon","c":546488,"d":"Parbhani","s":"MAHARASHTRA"}},{"arcs":[[-1931,2005,2006,2007,-1981]],"type":"Polygon","properties":{"n":"Dugra","c":546505,"d":"Parbhani","s":"MAHARASHTRA"}},{"arcs":[[-2004,2008,2009,2010,2011]],"type":"Polygon","properties":{"n":"Siddhanath Borgaon","c":546489,"d":"Parbhani","s":"MAHARASHTRA"}},{"arcs":[[-2008,2012,2013,-1988,-1982]],"type":"Polygon","properties":{"n":"Kawaddhan","c":546507,"d":"Parbhani","s":"MAHARASHTRA"}},{"arcs":[[-1203,2014,2015,-1984,-1974]],"type":"Polygon","properties":{"n":"Hatta","c":546465,"d":"Parbhani","s":"MAHARASHTRA"}},{"arcs":[[-2016,2016,2017,2018,-654,2019,2020,-1996,-1977,-1985]],"type":"Polygon","properties":{"n":"Kupta","c":546468,"d":"Parbhani","s":"MAHARASHTRA"}},{"arcs":[[-2006,-1930,2021,2022,2023]],"type":"Polygon","properties":{"n":"Walangwadi","c":546470,"d":"Parbhani","s":"MAHARASHTRA"}},{"arcs":[[-2007,-2024,2024,2025,-2013]],"type":"Polygon","properties":{"n":"Karadgaon","c":546506,"d":"Parbhani","s":"MAHARASHTRA"}},{"arcs":[[-2014,-2026,2026,2027,2028,2029,-1998,-1989]],"type":"Polygon","properties":{"n":"Nipani Takali","c":546508,"d":"Parbhani","s":"MAHARASHTRA"}},{"arcs":[[-1997,-2021,2030,2031,-1928]],"type":"Polygon","properties":{"n":"Borgaon Jahagir","c":546469,"d":"Parbhani","s":"MAHARASHTRA"}},{"arcs":[[-2001,2032,2033,-1992]],"type":"Polygon","properties":{"n":"Mhalasapur","c":546484,"d":"Parbhani","s":"MAHARASHTRA"}},{"arcs":[[-1202,-1215,2034,-2017,-2015]],"type":"Polygon","properties":{"n":"Bhangapur","c":546475,"d":"Parbhani","s":"MAHARASHTRA"}},{"arcs":[[-1929,-2032,2035,-664,-686,-666,-658,2036,-2022]],"type":"Polygon","properties":{"n":"Sonna","c":546472,"d":"Parbhani","s":"MAHARASHTRA"}},{"arcs":[[2037,2038,-2002,-1994]],"type":"Polygon","properties":{"n":"Gohegaon","c":546487,"d":"Parbhani","s":"MAHARASHTRA"}},{"arcs":[[-1214,-1219,-670,2039,-2018,-2035]],"type":"Polygon","properties":{"n":"Simangaon","c":546476,"d":"Parbhani","s":"MAHARASHTRA"}},{"arcs":[[-2037,-657,2040,-2027,-2025,-2023]],"type":"Polygon","properties":{"n":"Ambegaon Diger","c":546471,"d":"Parbhani","s":"MAHARASHTRA"}},{"arcs":[[2041,2042,2043,2044,-2033,-2000]],"type":"Polygon","properties":{"n":"Kundi","c":546485,"d":"Parbhani","s":"MAHARASHTRA"}},{"arcs":[[-2020,-653,-665,-2036,-2031]],"type":"Polygon","properties":{"n":"Shelwadi","c":546473,"d":"Parbhani","s":"MAHARASHTRA"}},{"arcs":[[-2011,2045,2046,-850,2047]],"type":"Polygon","properties":{"n":"Shinde Takli","c":546490,"d":"Parbhani","s":"MAHARASHTRA"}},{"arcs":[[-2034,-2045,2048,2049,-859,2050,2051,-2038,-1993]],"type":"Polygon","properties":{"n":"Deulgaon Gat","c":546486,"d":"Parbhani","s":"MAHARASHTRA"}},{"arcs":[[-2010,2052,-2046]],"type":"Polygon","properties":{"n":"Male Takli","c":546491,"d":"Parbhani","s":"MAHARASHTRA"}},{"arcs":[[-2040,-674,-659,-648,-2019]],"type":"Polygon","properties":{"n":"Gavha","c":546474,"d":"Parbhani","s":"MAHARASHTRA"}},{"arcs":[[-2030,2053,2054,2055,-2042,-1999]],"type":"Polygon","properties":{"n":"Dhanegaon","c":546509,"d":"Parbhani","s":"MAHARASHTRA"}},{"arcs":[[-2003,-2039,-2052,2056,2057,2058,-843,-2047,-2053,-2009]],"type":"Polygon","properties":{"n":"Dasala","c":546492,"d":"Parbhani","s":"MAHARASHTRA"}},{"arcs":[[-2029,2059,2060,-2054]],"type":"Polygon","properties":{"n":"Digras Jahagir","c":546510,"d":"Parbhani","s":"MAHARASHTRA"}},{"arcs":[[-669,-694,2061,-2060,-2028,-2041,-656]],"type":"Polygon","properties":{"n":"Dhengli Pimpalgaon","c":546511,"d":"Parbhani","s":"MAHARASHTRA"}},{"arcs":[[-2051,-858,2062,-2057]],"type":"Polygon","properties":{"n":"Radhe Dhamangaon","c":546495,"d":"Parbhani","s":"MAHARASHTRA"}},{"arcs":[[2063,-1223,-864,2064,-2049,-2044]],"type":"Polygon","properties":{"n":"Gugli Dhamangaon","c":546497,"d":"Parbhani","s":"MAHARASHTRA"}},{"arcs":[[-693,-702,2065,-2055,-2061,-2062]],"type":"Polygon","properties":{"n":"Zodgaon","c":546512,"d":"Parbhani","s":"MAHARASHTRA"}},{"arcs":[[2066,-863,-844,-2059]],"type":"Polygon","properties":{"n":"Ladnandra","c":546493,"d":"Parbhani","s":"MAHARASHTRA"}},{"arcs":[[-2063,-857,-860,-2067,-2058]],"type":"Polygon","properties":{"n":"Khavne Pimpri","c":546494,"d":"Parbhani","s":"MAHARASHTRA"}},{"arcs":[[-2056,-2066,-701,-1226,-1220,-2064,-2043]],"type":"Polygon","properties":{"n":"Tidi Pimpalgaon","c":546498,"d":"Parbhani","s":"MAHARASHTRA"}},{"arcs":[[-2065,-869,-851,-2050]],"type":"Polygon","properties":{"n":"Hissi","c":546496,"d":"Parbhani","s":"MAHARASHTRA"}},{"arcs":[[-1806,-1814,2067,2068,-1802,-1808]],"type":"Polygon","properties":{"n":"Jawla Rumna","c":546983,"d":"Parbhani","s":"MAHARASHTRA"}},{"arcs":[[-2069,2069,2070,2071,-1809,-1803]],"type":"Polygon","properties":{"n":"Rumna Jawla","c":546982,"d":"Parbhani","s":"MAHARASHTRA"}},{"arcs":[[2072,2073,2074,2075,-1447,-1418,-1410,-1810,-2072]],"type":"Polygon","properties":{"n":"Dharasur","c":546981,"d":"Parbhani","s":"MAHARASHTRA"}},{"arcs":[[-1818,2076,2077,-2070,-2068,-1813]],"type":"Polygon","properties":{"n":"Sayala Sunegaon","c":546984,"d":"Parbhani","s":"MAHARASHTRA"}},{"arcs":[[-282,2078,2079,2080,2081,-1819,-1811]],"type":"Polygon","properties":{"n":"Masla","c":546994,"d":"Parbhani","s":"MAHARASHTRA"}},{"arcs":[[-2071,-2078,2082,2083,2084,2085,2086,2087,-2073]],"type":"Polygon","properties":{"n":"Khali","c":546986,"d":"Parbhani","s":"MAHARASHTRA"}},{"arcs":[[2088,-2083,-2077,-1817]],"type":"Polygon","properties":{"n":"Sunegaon Sayala","c":546985,"d":"Parbhani","s":"MAHARASHTRA"}},{"arcs":[[-2088,2089,2090,-2074]],"type":"Polygon","properties":{"n":"Brahmanathwadi","c":546987,"d":"Parbhani","s":"MAHARASHTRA"}},{"arcs":[[-1816,2091,2092,2093,-2084,-2089]],"type":"Polygon","properties":{"n":"Muli","c":546992,"d":"Parbhani","s":"MAHARASHTRA"}},{"arcs":[[2094,2095,-1464,-1453,2096,-2075,-2091]],"type":"Polygon","properties":{"n":"Gaundgaon","c":546989,"d":"Parbhani","s":"MAHARASHTRA"}},{"arcs":[[2097,2098,2099,2100,2101,2102,2103,-2086]],"type":"Polygon","properties":{"n":"Mahatpuri","c":547000,"d":"Parbhani","s":"MAHARASHTRA"}},{"arcs":[[2104,2105,2106,2107,-2080,2108]],"type":"Polygon","properties":{"n":"Pota","c":546995,"d":"Parbhani","s":"MAHARASHTRA"}},{"arcs":[[-2090,-2087,-2104,2109,-2095]],"type":"Polygon","properties":{"n":"Chinchtakli","c":546990,"d":"Parbhani","s":"MAHARASHTRA"}},{"arcs":[[-2097,-1456,-1448,-2076]],"type":"Polygon","properties":{"n":"Mairal Sawangi","c":546988,"d":"Parbhani","s":"MAHARASHTRA"}},{"arcs":[[2110,2111,2112,-2092,-1815,-2082]],"type":"Polygon","properties":{"n":"Nagthana","c":546993,"d":"Parbhani","s":"MAHARASHTRA"}},{"arcs":[[-2094,2113,-2098,-2085]],"type":"Polygon","properties":{"n":"Dusalgaon","c":546991,"d":"Parbhani","s":"MAHARASHTRA"}},{"arcs":[[-2108,2114,2115,2116,2117,-2111,-2081]],"type":"Polygon","properties":{"n":"Pimpri Zola","c":546996,"d":"Parbhani","s":"MAHARASHTRA"}},{"arcs":[[2118,2119,-2115,-2107,2120]],"type":"Polygon","properties":{"n":"Iralad","c":547004,"d":"Parbhani","s":"MAHARASHTRA"}},{"arcs":[[2121,2122,2123,-2119,2124]],"type":"Polygon","properties":{"n":"Narlad","c":547005,"d":"Parbhani","s":"MAHARASHTRA"}},{"arcs":[[-2118,2125,2126,2127,-2112]],"type":"Polygon","properties":{"n":"Zola","c":546997,"d":"Parbhani","s":"MAHARASHTRA"}},{"arcs":[[2128,2129,-2099,-2114]],"type":"Polygon","properties":{"n":"Bhambarwadi","c":546999,"d":"Parbhani","s":"MAHARASHTRA"}},{"arcs":[[-2128,2130,-2129,-2093,-2113]],"type":"Polygon","properties":{"n":"Dharkhed","c":546998,"d":"Parbhani","s":"MAHARASHTRA"}},{"arcs":[[2131,-1494,-1461,-2096,-2110,-2103]],"type":"Polygon","properties":{"n":"Anandwadi","c":547001,"d":"Parbhani","s":"MAHARASHTRA"}},{"arcs":[[-2131,-2127,2132,2133,2134,2135,2136,2137,2138,2139,-2100,-2130]],"type":"Polygon","properties":{"n":"Gangakhed (M Cl)","c":802757,"d":"Parbhani","s":"MAHARASHTRA"}},{"arcs":[[2140,2141,2142,-2116,-2120]],"type":"Polygon","properties":{"n":"Waghalgaon Gopa","c":547007,"d":"Parbhani","s":"MAHARASHTRA"}},{"arcs":[[2143,2144,2145,2146,-2141,-2124]],"type":"Polygon","properties":{"n":"Gopa","c":547006,"d":"Parbhani","s":"MAHARASHTRA"}},{"arcs":[[-2140,2147,2148,-2101]],"type":"Polygon","properties":{"n":"Dagadwadi","c":547013,"d":"Parbhani","s":"MAHARASHTRA"}},{"arcs":[[-2149,2149,2150,2151,-1490,-2132,-2102]],"type":"Polygon","properties":{"n":"Shankarwadi","c":547002,"d":"Parbhani","s":"MAHARASHTRA"}},{"arcs":[[-2143,2152,2153,2154,2155,-2133,-2126,-2117]],"type":"Polygon","properties":{"n":"Malewadi","c":547008,"d":"Parbhani","s":"MAHARASHTRA"}},{"arcs":[[2156,2157,2158,2159,2160,2161,-2153,-2142,-2147]],"type":"Polygon","properties":{"n":"Mardasgaon","c":547009,"d":"Parbhani","s":"MAHARASHTRA"}},{"arcs":[[-2139,2162,-2150,-2148]],"type":"Polygon","properties":{"n":"Shivaji Nagar","c":547014,"d":"Parbhani","s":"MAHARASHTRA"}},{"arcs":[[2163,-297,-1514,-1491,-2152]],"type":"Polygon","properties":{"n":"Banpimpla","c":547012,"d":"Parbhani","s":"MAHARASHTRA"}},{"arcs":[[-2138,2164,2165,2166,2167,-2163]],"type":"Polygon","properties":{"n":"Suralwadi","c":547015,"d":"Parbhani","s":"MAHARASHTRA"}},{"arcs":[[2168,2169,2170,-2136]],"type":"Polygon","properties":{"n":"Kasarwadi","c":547022,"d":"Parbhani","s":"MAHARASHTRA"}},{"arcs":[[-2171,2171,2172,2173,2174,-2165,-2137]],"type":"Polygon","properties":{"n":"Margalwadi","c":547021,"d":"Parbhani","s":"MAHARASHTRA"}},{"arcs":[[2175,2176,-291,-2164,-2151,-2168]],"type":"Polygon","properties":{"n":"Padegaon","c":547016,"d":"Parbhani","s":"MAHARASHTRA"}},{"arcs":[[-2135,2177,2178,-2169]],"type":"Polygon","properties":{"n":"Godavari Tanda","c":547023,"d":"Parbhani","s":"MAHARASHTRA"}},{"arcs":[[2179,2180,-2159]],"type":"Polygon","properties":{"n":"Vitthalwadi","c":547010,"d":"Parbhani","s":"MAHARASHTRA"}},{"arcs":[[-2134,-2156,2181,-2178]],"type":"Polygon","properties":{"n":"Dhavlkewadi","c":547049,"d":"Parbhani","s":"MAHARASHTRA"}},{"arcs":[[2182,2183,2184,-2154,-2162]],"type":"Polygon","properties":{"n":"Kaudgaon","c":547011,"d":"Parbhani","s":"MAHARASHTRA"}},{"arcs":[[2185,2186,2187,2188,2189,-2183,-2161]],"type":"Polygon","properties":{"n":"Ilegaon","c":547053,"d":"Parbhani","s":"MAHARASHTRA"}},{"arcs":[[-2185,2190,2191,2192,2193,2194,2195,2196,2197,2198,-2172,-2170,-2179,-2182,-2155]],"type":"Polygon","properties":{"n":"Isad","c":547048,"d":"Parbhani","s":"MAHARASHTRA"}},{"arcs":[[-2181,2199,-2186,-2160]],"type":"Polygon","properties":{"n":"Masanerwadi","c":547054,"d":"Parbhani","s":"MAHARASHTRA"}},{"arcs":[[2200,2201,2202,2203,2204,2205,2206,-2166,-2175]],"type":"Polygon","properties":{"n":"Akoli","c":547026,"d":"Parbhani","s":"MAHARASHTRA"}},{"arcs":[[-2167,-2207,2207,-2176]],"type":"Polygon","properties":{"n":"Umalanaik Tanda","c":547017,"d":"Parbhani","s":"MAHARASHTRA"}},{"arcs":[[-2199,2208,-2173]],"type":"Polygon","properties":{"n":"Tokwadi","c":547024,"d":"Parbhani","s":"MAHARASHTRA"}},{"arcs":[[-1522,-294,2209,-302,-1523,-1520]],"type":"Polygon","properties":{"n":"Shendga","c":547018,"d":"Parbhani","s":"MAHARASHTRA"}},{"arcs":[[-2198,2210,-2201,-2174,-2209]],"type":"Polygon","properties":{"n":"Bhendewadi","c":547025,"d":"Parbhani","s":"MAHARASHTRA"}},{"arcs":[[-2197,2211,-2202,-2211]],"type":"Polygon","properties":{"n":"Sanglewadi","c":547046,"d":"Parbhani","s":"MAHARASHTRA"}},{"arcs":[[-2208,-2206,2212,2213,2214,-292,-2177]],"type":"Polygon","properties":{"n":"Khadgaon","c":547020,"d":"Parbhani","s":"MAHARASHTRA"}},{"arcs":[[-2190,2215,2216,2217,2218,-2191,-2184]],"type":"Polygon","properties":{"n":"Khandali","c":547052,"d":"Parbhani","s":"MAHARASHTRA"}},{"arcs":[[-2196,2219,-2203,-2212]],"type":"Polygon","properties":{"n":"Maragalwadi","c":547047,"d":"Parbhani","s":"MAHARASHTRA"}},{"arcs":[[-2215,2220,2221,-303,-2210,-293]],"type":"Polygon","properties":{"n":"Harangul","c":547019,"d":"Parbhani","s":"MAHARASHTRA"}},{"arcs":[[2222,2223,2224,2225,2226,-2204,-2220]],"type":"Polygon","properties":{"n":"Makhani","c":547033,"d":"Parbhani","s":"MAHARASHTRA"}},{"arcs":[[2227,2228,2229,-2194]],"type":"Polygon","properties":{"n":"Devkatwadi","c":547050,"d":"Parbhani","s":"MAHARASHTRA"}},{"arcs":[[-2227,2230,2231,-2213,-2205]],"type":"Polygon","properties":{"n":"Pokharni Walkya","c":547027,"d":"Parbhani","s":"MAHARASHTRA"}},{"arcs":[[-2219,2232,2233,-2192]],"type":"Polygon","properties":{"n":"Arbujwadi","c":547051,"d":"Parbhani","s":"MAHARASHTRA"}},{"arcs":[[-2214,-2232,2234,2235,2236,-2221]],"type":"Polygon","properties":{"n":"Dhangar Moha","c":547028,"d":"Parbhani","s":"MAHARASHTRA"}},{"arcs":[[-2237,2237,2238,2239,-304,-2222]],"type":"Polygon","properties":{"n":"Ukhali Kh.","c":547029,"d":"Parbhani","s":"MAHARASHTRA"}},{"arcs":[[2240,2241,2242,2243,2244]],"type":"Polygon","properties":{"n":"Warvanti","c":547055,"d":"Parbhani","s":"MAHARASHTRA"}},{"arcs":[[2245,2246,2247,2248,-2241,2249,2250]],"type":"Polygon","properties":{"n":"Phugnarwadi","c":547076,"d":"Parbhani","s":"MAHARASHTRA"}},{"arcs":[[2251,-2243,2252,2253,-2216,-2189]],"type":"Polygon","properties":{"n":"Bothi","c":547057,"d":"Parbhani","s":"MAHARASHTRA"}},{"arcs":[[-2230,2254,2255,2256,2257,-2223,-2195]],"type":"Polygon","properties":{"n":"Khokalewadi","c":547063,"d":"Parbhani","s":"MAHARASHTRA"}},{"arcs":[[-2218,2258,2259,2260,2261,2262,-2233]],"type":"Polygon","properties":{"n":"Limbewadi","c":547059,"d":"Parbhani","s":"MAHARASHTRA"}},{"arcs":[[-2231,-2226,2263,2264,2265,-2235]],"type":"Polygon","properties":{"n":"Dongargaon Shelgaon","c":547032,"d":"Parbhani","s":"MAHARASHTRA"}},{"arcs":[[-2249,2266,2267,-2253,-2242]],"type":"Polygon","properties":{"n":"Jogalgaon","c":547149,"d":"Parbhani","s":"MAHARASHTRA"}},{"arcs":[[-2234,-2263,2268,2269,-2228,-2193]],"type":"Polygon","properties":{"n":"Pandhargaon","c":547061,"d":"Parbhani","s":"MAHARASHTRA"}},{"arcs":[[-2254,-2268,2270,2271,2272,-2259,-2217]],"type":"Polygon","properties":{"n":"Gunjegaon","c":547058,"d":"Parbhani","s":"MAHARASHTRA"}},{"arcs":[[2273,2274,2275,2276,-2271,-2267,-2248]],"type":"Polygon","properties":{"n":"Ranisawargaon","c":547071,"d":"Parbhani","s":"MAHARASHTRA"}},{"arcs":[[-2270,2277,-2255,-2229]],"type":"Polygon","properties":{"n":"Waghdara Tanda","c":547085,"d":"Parbhani","s":"MAHARASHTRA"}},{"arcs":[[2278,2279,-314,-305,-2240]],"type":"Polygon","properties":{"n":"Mankadevi","c":547030,"d":"Parbhani","s":"MAHARASHTRA"}},{"arcs":[[-2266,2280,2281,-2238,-2236]],"type":"Polygon","properties":{"n":"Dongarpimpla","c":547036,"d":"Parbhani","s":"MAHARASHTRA"}},{"arcs":[[-2269,-2262,2282,2283,2284,-2256,-2278]],"type":"Polygon","properties":{"n":"Wagdara","c":547062,"d":"Parbhani","s":"MAHARASHTRA"}},{"arcs":[[2285,2286,-2279,-2239,-2282]],"type":"Polygon","properties":{"n":"Dhebewadi (Thagyachiwadi)","c":547031,"d":"Parbhani","s":"MAHARASHTRA"}},{"arcs":[[2287,2288,2289,2290,-2264,-2225]],"type":"Polygon","properties":{"n":"Dongarjawla","c":547035,"d":"Parbhani","s":"MAHARASHTRA"}},{"arcs":[[2291,2292,2293,2294,-2288,-2224]],"type":"Polygon","properties":{"n":"Sirsam Shegaon","c":547034,"d":"Parbhani","s":"MAHARASHTRA"}},{"arcs":[[2295,-2292,-2258]],"type":"Polygon","properties":{"n":"Chilgarwadi","c":547066,"d":"Parbhani","s":"MAHARASHTRA"}},{"arcs":[[-2277,2296,2297,2298,-2272]],"type":"Polygon","properties":{"n":"Takalwadi","c":547074,"d":"Parbhani","s":"MAHARASHTRA"}},{"arcs":[[-2299,2299,2300,2301,-2260,-2273]],"type":"Polygon","properties":{"n":"Ghantagra","c":547070,"d":"Parbhani","s":"MAHARASHTRA"}},{"arcs":[[2302,2303,2304,2305,-2293,-2296,-2257,-2285]],"type":"Polygon","properties":{"n":"Supa (jagir)","c":547067,"d":"Parbhani","s":"MAHARASHTRA"}},{"arcs":[[2306,2307,2308,2309,-2303,-2284]],"type":"Polygon","properties":{"n":"Supa (khalsa)","c":547064,"d":"Parbhani","s":"MAHARASHTRA"}},{"arcs":[[-2302,2310,-2307,-2283,-2261]],"type":"Polygon","properties":{"n":"Ghatangra Tanda","c":547069,"d":"Parbhani","s":"MAHARASHTRA"}},{"arcs":[[2311,2312,2313,2314,-2300,-2298]],"type":"Polygon","properties":{"n":"Pangri","c":547073,"d":"Parbhani","s":"MAHARASHTRA"}},{"arcs":[[-2291,2315,2316,2317,2318,-2286,-2281,-2265]],"type":"Polygon","properties":{"n":"Kodri","c":547037,"d":"Parbhani","s":"MAHARASHTRA"}},{"arcs":[[2319,2320,2321,2322,-2275]],"type":"Polygon","properties":{"n":"Kanganewadi","c":547072,"d":"Parbhani","s":"MAHARASHTRA"}},{"arcs":[[-2276,-2323,2323,2324,-2312,-2297]],"type":"Polygon","properties":{"n":"Umbarwadi","c":547075,"d":"Parbhani","s":"MAHARASHTRA"}},{"arcs":[[-2315,2325,2326,-2308,-2311,-2301]],"type":"Polygon","properties":{"n":"Belwadi","c":547068,"d":"Parbhani","s":"MAHARASHTRA"}},{"arcs":[[-2306,2327,2328,2329,2330,2331,2332,2333,-2294]],"type":"Polygon","properties":{"n":"Borda","c":547081,"d":"Parbhani","s":"MAHARASHTRA"}},{"arcs":[[-2295,-2334,2334,-2289]],"type":"Polygon","properties":{"n":"Anand Nagar","c":547038,"d":"Parbhani","s":"MAHARASHTRA"}},{"arcs":[[-2327,2335,2336,2337,2338,-2309]],"type":"Polygon","properties":{"n":"Kundgirwadi","c":547079,"d":"Parbhani","s":"MAHARASHTRA"}},{"arcs":[[-2335,-2333,2339,-2316,-2290]],"type":"Polygon","properties":{"n":"Badwani","c":547039,"d":"Parbhani","s":"MAHARASHTRA"}},{"arcs":[[2340,2341,-2313,-2325]],"type":"Polygon","properties":{"n":"Gaulwadi","c":547077,"d":"Parbhani","s":"MAHARASHTRA"}},{"arcs":[[-2342,2342,2343,-2336,-2326,-2314]],"type":"Polygon","properties":{"n":"Dampuri","c":547078,"d":"Parbhani","s":"MAHARASHTRA"}},{"arcs":[[2344,2345,2346,-2318]],"type":"Polygon","properties":{"n":"Undegaon","c":547040,"d":"Parbhani","s":"MAHARASHTRA"}},{"arcs":[[-2332,2347,2348,2349,-2345,-2317,-2340]],"type":"Polygon","properties":{"n":"Katkarwadi","c":547042,"d":"Parbhani","s":"MAHARASHTRA"}},{"arcs":[[-2350,2350,2351,2352,2353,-2346]],"type":"Polygon","properties":{"n":"Antarweli","c":547041,"d":"Parbhani","s":"MAHARASHTRA"}},{"arcs":[[2354,2355,-2351,-2349]],"type":"Polygon","properties":{"n":"Tandulwadi","c":547043,"d":"Parbhani","s":"MAHARASHTRA"}},{"arcs":[[2356,2357,2358,-2355,-2348,-2331,2359]],"type":"Polygon","properties":{"n":"Wagdari","c":547084,"d":"Parbhani","s":"MAHARASHTRA"}},{"arcs":[[2360,2361,-2353]],"type":"Polygon","properties":{"n":"Shelmoha","c":547044,"d":"Parbhani","s":"MAHARASHTRA"}},{"arcs":[[-2356,-2359,2362,2363,-2361,-2352]],"type":"Polygon","properties":{"n":"Kadyachiwadi","c":547045,"d":"Parbhani","s":"MAHARASHTRA"}},{"arcs":[[2364,-2363,-2358]],"type":"Polygon","properties":{"n":"Anandwadi","c":547086,"d":"Parbhani","s":"MAHARASHTRA"}},{"arcs":[[-2339,2365,-2304,-2310]],"type":"Polygon","properties":{"n":"Suppa Tanda","c":547065,"d":"Parbhani","s":"MAHARASHTRA"}},{"arcs":[[-2305,-2366,-2338,2366,-2328]],"type":"Polygon","properties":{"n":"Hanuman Nagar","c":547082,"d":"Parbhani","s":"MAHARASHTRA"}},{"arcs":[[-2337,-2344,2367,2368,-2329,-2367]],"type":"Polygon","properties":{"n":"Nilanaik Tanda","c":547080,"d":"Parbhani","s":"MAHARASHTRA"}},{"arcs":[[2369,-2360,-2330,-2369]],"type":"Polygon","properties":{"n":"Pimpaldari","c":547083,"d":"Parbhani","s":"MAHARASHTRA"}},{"arcs":[[-647,2370,2371,-629,-609,-640]],"type":"Polygon","properties":{"n":"Gunj","c":547103,"d":"Parbhani","s":"MAHARASHTRA"}},{"arcs":[[2372,2373,-239,-630,-2372]],"type":"Polygon","properties":{"n":"Dutka","c":547102,"d":"Parbhani","s":"MAHARASHTRA"}},{"arcs":[[-226,2374,2375,-203,-641]],"type":"Polygon","properties":{"n":"Sawangi Thadi","c":547098,"d":"Parbhani","s":"MAHARASHTRA"}},{"arcs":[[2376,2377,-235,-2374]],"type":"Polygon","properties":{"n":"Rahati","c":547101,"d":"Parbhani","s":"MAHARASHTRA"}},{"arcs":[[-205,2378,2379,2380,-644]],"type":"Polygon","properties":{"n":"Digras","c":547096,"d":"Parbhani","s":"MAHARASHTRA"}},{"arcs":[[2381,2382,2383,-252,-246,-645,-2381]],"type":"Polygon","properties":{"n":"Pharkanda","c":547095,"d":"Parbhani","s":"MAHARASHTRA"}},{"arcs":[[-233,-237,2384,2385,2386,2387,-2375,-225]],"type":"Polygon","properties":{"n":"Pimpalgaon {M}","c":547099,"d":"Parbhani","s":"MAHARASHTRA"}},{"arcs":[[-2388,2388,-2379,-204,-2376]],"type":"Polygon","properties":{"n":"Barbadi","c":547097,"d":"Parbhani","s":"MAHARASHTRA"}},{"arcs":[[2389,2390,-2385,-236,-2378]],"type":"Polygon","properties":{"n":"Bhogaon","c":547100,"d":"Parbhani","s":"MAHARASHTRA"}},{"arcs":[[2391,2392,2393,2394,-253,-2384]],"type":"Polygon","properties":{"n":"Jawla (palam)","c":547110,"d":"Parbhani","s":"MAHARASHTRA"}},{"arcs":[[-2380,-2389,-2387,2395,2396,2397,2398,2399,2400,-2382]],"type":"Polygon","properties":{"n":"Sheikh Rajura","c":547106,"d":"Parbhani","s":"MAHARASHTRA"}},{"arcs":[[-2391,2401,2402,-2396,-2386]],"type":"Polygon","properties":{"n":"Parwa","c":547104,"d":"Parbhani","s":"MAHARASHTRA"}},{"arcs":[[2403,2404,-261,-280]],"type":"Polygon","properties":{"n":"Dhanewadi","c":547089,"d":"Parbhani","s":"MAHARASHTRA"}},{"arcs":[[2405,2406,-286,-254,-2395]],"type":"Polygon","properties":{"n":"Phala","c":547094,"d":"Parbhani","s":"MAHARASHTRA"}},{"arcs":[[2407,2408,2409,-278,-272]],"type":"Polygon","properties":{"n":"Umarthadi","c":547091,"d":"Parbhani","s":"MAHARASHTRA"}},{"arcs":[[-2405,2410,2411,2412,-2105,2413,-262]],"type":"Polygon","properties":{"n":"Raorajur","c":547088,"d":"Parbhani","s":"MAHARASHTRA"}},{"arcs":[[-2401,2414,-2392,-2383]],"type":"Polygon","properties":{"n":"Gulkhand","c":547109,"d":"Parbhani","s":"MAHARASHTRA"}},{"arcs":[[-279,-2410,2415,-2411,-2404]],"type":"Polygon","properties":{"n":"Khurlewadi","c":547090,"d":"Parbhani","s":"MAHARASHTRA"}},{"arcs":[[2416,2417,2418,-289,-287,-2407]],"type":"Polygon","properties":{"n":"Someshawar","c":547093,"d":"Parbhani","s":"MAHARASHTRA"}},{"arcs":[[2419,2420,-2397,-2403]],"type":"Polygon","properties":{"n":"Kharab Dhanora","c":547105,"d":"Parbhani","s":"MAHARASHTRA"}},{"arcs":[[-290,-2419,2421,2422,2423,-2408,-271]],"type":"Polygon","properties":{"n":"Arkhed","c":547092,"d":"Parbhani","s":"MAHARASHTRA"}},{"arcs":[[-263,-2414,-2109,-2079,-281]],"type":"Polygon","properties":{"n":"Sawangi Bhujbal","c":547087,"d":"Parbhani","s":"MAHARASHTRA"}},{"arcs":[[-2424,2424,2425,2426,2427,-2412,-2416,-2409]],"type":"Polygon","properties":{"n":"Sayala (palam)","c":547113,"d":"Parbhani","s":"MAHARASHTRA"}},{"arcs":[[-2415,-2400,2428,2429,-2393]],"type":"Polygon","properties":{"n":"Wadi (kh)","c":547108,"d":"Parbhani","s":"MAHARASHTRA"}},{"arcs":[[-2418,2430,2431,-2422]],"type":"Polygon","properties":{"n":"Ghoda","c":547111,"d":"Parbhani","s":"MAHARASHTRA"}},{"arcs":[[-2430,2432,2433,2434,2435,2436,2437,2438,2439,-2431,-2417,-2406,-2394]],"type":"Polygon","properties":{"n":"Palam","c":547119,"d":"Parbhani","s":"MAHARASHTRA"}},{"arcs":[[-2423,-2432,-2440,2440,-2425]],"type":"Polygon","properties":{"n":"Sirpur","c":547112,"d":"Parbhani","s":"MAHARASHTRA"}},{"arcs":[[2441,2442,-2433,-2429,-2399]],"type":"Polygon","properties":{"n":"Wadi {Bk}","c":547107,"d":"Parbhani","s":"MAHARASHTRA"}},{"arcs":[[-2428,2443,-2125,-2121,-2106,-2413]],"type":"Polygon","properties":{"n":"Rokadewadi","c":547114,"d":"Parbhani","s":"MAHARASHTRA"}},{"arcs":[[2444,-2122,-2444,-2427]],"type":"Polygon","properties":{"n":"Kapsi","c":547115,"d":"Parbhani","s":"MAHARASHTRA"}},{"arcs":[[-2441,-2439,2445,2446,2447,2448,-2144,-2123,-2445,-2426]],"type":"Polygon","properties":{"n":"Ajamabad","c":547116,"d":"Parbhani","s":"MAHARASHTRA"}},{"arcs":[[-2443,2449,2450,2451,2452,-2434]],"type":"Polygon","properties":{"n":"Anjanwadi","c":547120,"d":"Parbhani","s":"MAHARASHTRA"}},{"arcs":[[2453,2454,2455,2456,-2450,-2442,-2398,-2421]],"type":"Polygon","properties":{"n":"Peth Shivani","c":547121,"d":"Parbhani","s":"MAHARASHTRA"}},{"arcs":[[-2453,2457,-2435]],"type":"Polygon","properties":{"n":"Sarfrajpur","c":547127,"d":"Parbhani","s":"MAHARASHTRA"}},{"arcs":[[2458,2459,2460,-2455]],"type":"Polygon","properties":{"n":"Sategaon","c":547122,"d":"Parbhani","s":"MAHARASHTRA"}},{"arcs":[[-2452,2461,2462,-2436,-2458]],"type":"Polygon","properties":{"n":"Dhuppa","c":547128,"d":"Parbhani","s":"MAHARASHTRA"}},{"arcs":[[2463,2464,2465,2466,-2446,-2438]],"type":"Polygon","properties":{"n":"Puyani","c":547118,"d":"Parbhani","s":"MAHARASHTRA"}},{"arcs":[[-2451,-2457,2467,2468,-2462]],"type":"Polygon","properties":{"n":"Kolwadi","c":547124,"d":"Parbhani","s":"MAHARASHTRA"}},{"arcs":[[-2463,-2469,2469,2470,2471,2472,-2464,-2437]],"type":"Polygon","properties":{"n":"Peth Pimpalgaon","c":547129,"d":"Parbhani","s":"MAHARASHTRA"}},{"arcs":[[-2461,2473,2474,2475,-2470,-2468,-2456]],"type":"Polygon","properties":{"n":"Selu","c":547123,"d":"Parbhani","s":"MAHARASHTRA"}},{"arcs":[[-2467,2476,2477,-2447]],"type":"Polygon","properties":{"n":"Ganeshwadi","c":547117,"d":"Parbhani","s":"MAHARASHTRA"}},{"arcs":[[-2449,2478,2479,-2145]],"type":"Polygon","properties":{"n":"Navhalgaon","c":547133,"d":"Parbhani","s":"MAHARASHTRA"}},{"arcs":[[-2466,2480,2481,2482,2483,2484,-2477]],"type":"Polygon","properties":{"n":"Adgaon","c":547131,"d":"Parbhani","s":"MAHARASHTRA"}},{"arcs":[[-2478,-2485,2485,-2479,-2448]],"type":"Polygon","properties":{"n":"Kandalgaon","c":547132,"d":"Parbhani","s":"MAHARASHTRA"}},{"arcs":[[2486,2487,-2474,-2460]],"type":"Polygon","properties":{"n":"Pendu Bk.","c":547126,"d":"Parbhani","s":"MAHARASHTRA"}},{"arcs":[[-2473,2488,-2481,-2465]],"type":"Polygon","properties":{"n":"Teljapur","c":547130,"d":"Parbhani","s":"MAHARASHTRA"}},{"arcs":[[-2486,-2484,2489,2490,2491,2492,-2157,-2146,-2480]],"type":"Polygon","properties":{"n":"Navha","c":547137,"d":"Parbhani","s":"MAHARASHTRA"}},{"arcs":[[2493,2494,-2475,-2488]],"type":"Polygon","properties":{"n":"Pendu Kh.","c":547125,"d":"Parbhani","s":"MAHARASHTRA"}},{"arcs":[[-2489,-2472,2495,2496,2497,2498,2499,-2482]],"type":"Polygon","properties":{"n":"Khoras","c":547140,"d":"Parbhani","s":"MAHARASHTRA"}},{"arcs":[[-2500,2500,-2490,-2483]],"type":"Polygon","properties":{"n":"Vanbhujwadi","c":547134,"d":"Parbhani","s":"MAHARASHTRA"}},{"arcs":[[2501,2502,2503,-2496,-2471,-2476,-2495]],"type":"Polygon","properties":{"n":"Sadlapur","c":547142,"d":"Parbhani","s":"MAHARASHTRA"}},{"arcs":[[2504,2505,-2187,-2200,-2180,-2158,-2493]],"type":"Polygon","properties":{"n":"Anandwadi","c":547135,"d":"Parbhani","s":"MAHARASHTRA"}},{"arcs":[[2506,2507,2508,2509,2510,-2491,-2501,-2499]],"type":"Polygon","properties":{"n":"Khadi","c":547139,"d":"Parbhani","s":"MAHARASHTRA"}},{"arcs":[[-2511,2511,2512,2513,2514,-2505,-2492]],"type":"Polygon","properties":{"n":"Chatori","c":547136,"d":"Parbhani","s":"MAHARASHTRA"}},{"arcs":[[-2504,2515,2516,2517,-2497]],"type":"Polygon","properties":{"n":"Tambulgaon","c":547141,"d":"Parbhani","s":"MAHARASHTRA"}},{"arcs":[[-2518,2518,2519,-2507,-2498]],"type":"Polygon","properties":{"n":"Umra","c":547145,"d":"Parbhani","s":"MAHARASHTRA"}},{"arcs":[[-2503,2520,2521,2522,-2516]],"type":"Polygon","properties":{"n":"Mutkhed","c":547144,"d":"Parbhani","s":"MAHARASHTRA"}},{"arcs":[[2523,2524,-2508,-2520]],"type":"Polygon","properties":{"n":"Warkhed","c":547151,"d":"Parbhani","s":"MAHARASHTRA"}},{"arcs":[[-2510,2525,2526,-2512]],"type":"Polygon","properties":{"n":"Bandarwadi","c":547138,"d":"Parbhani","s":"MAHARASHTRA"}},{"arcs":[[2527,-2522]],"type":"Polygon","properties":{"n":"Sipegaon","c":547143,"d":"Parbhani","s":"MAHARASHTRA"}},{"arcs":[[-2515,2528,-2244,-2252,-2188,-2506]],"type":"Polygon","properties":{"n":"Borgaon Bk.","c":547148,"d":"Parbhani","s":"MAHARASHTRA"}},{"arcs":[[2529,-2250,-2245,-2529,-2514]],"type":"Polygon","properties":{"n":"Borgaon Kh","c":547155,"d":"Parbhani","s":"MAHARASHTRA"}},{"arcs":[[-2527,2530,2531,2532,-2251,-2530,-2513]],"type":"Polygon","properties":{"n":"Konerwadi","c":547147,"d":"Parbhani","s":"MAHARASHTRA"}},{"arcs":[[-2525,2533,2534,2535,2536,-2531,-2526,-2509]],"type":"Polygon","properties":{"n":"Chorwad","c":547153,"d":"Parbhani","s":"MAHARASHTRA"}},{"arcs":[[-2537,2537,2538,2539,-2532]],"type":"Polygon","properties":{"n":"Bhalkudki","c":547146,"d":"Parbhani","s":"MAHARASHTRA"}},{"arcs":[[-2540,2540,2541,-2246,-2533]],"type":"Polygon","properties":{"n":"Ukkadgaon Jagir","c":547150,"d":"Parbhani","s":"MAHARASHTRA"}},{"arcs":[[2542,2543,2544,-2535,2545]],"type":"Polygon","properties":{"n":"Mozamabad","c":547158,"d":"Parbhani","s":"MAHARASHTRA"}},{"arcs":[[-2539,2546,2547,2548,2549,-2541]],"type":"Polygon","properties":{"n":"Pokharni Devi","c":547154,"d":"Parbhani","s":"MAHARASHTRA"}},{"arcs":[[-2545,2550,-2547,-2538,-2536]],"type":"Polygon","properties":{"n":"Sirsam (palam)","c":547157,"d":"Parbhani","s":"MAHARASHTRA"}},{"arcs":[[2551,2552,2553]],"type":"Polygon","properties":{"n":"Girdharwadi","c":547160,"d":"Parbhani","s":"MAHARASHTRA"}},{"arcs":[[-2550,2554,2555,-2320,-2274,-2247,-2542]],"type":"Polygon","properties":{"n":"Martandwadi","c":547156,"d":"Parbhani","s":"MAHARASHTRA"}},{"arcs":[[2556,-2552,2557]],"type":"Polygon","properties":{"n":"Fattunaik Tanda","c":547161,"d":"Parbhani","s":"MAHARASHTRA"}},{"arcs":[[-2553,-2557,2558,2559,2560,2561,2562,2563,2564,2565]],"type":"Polygon","properties":{"n":"Banwas","c":547159,"d":"Parbhani","s":"MAHARASHTRA"}},{"arcs":[[2566,-2564,2567,2568,2569,-2548,-2551,-2544]],"type":"Polygon","properties":{"n":"Tandulwadi","c":547165,"d":"Parbhani","s":"MAHARASHTRA"}},{"arcs":[[2570,-2565,-2567,-2543]],"type":"Polygon","properties":{"n":"Mozmabad Tanda","c":547152,"d":"Parbhani","s":"MAHARASHTRA"}},{"arcs":[[-2563,2571,2572,2573,-2568]],"type":"Polygon","properties":{"n":"Dongargaon (palam)","c":547164,"d":"Parbhani","s":"MAHARASHTRA"}},{"arcs":[[-2549,-2570,2574,2575,-2555]],"type":"Polygon","properties":{"n":"Sadgirwadi","c":547168,"d":"Parbhani","s":"MAHARASHTRA"}},{"arcs":[[-2574,2576,2577,-2575,-2569]],"type":"Polygon","properties":{"n":"Mahadewadi","c":547166,"d":"Parbhani","s":"MAHARASHTRA"}},{"arcs":[[-2578,2578,-2321,-2556,-2576]],"type":"Polygon","properties":{"n":"Landakwadi","c":547167,"d":"Parbhani","s":"MAHARASHTRA"}},{"arcs":[[2579,-2561]],"type":"Polygon","properties":{"n":"Ramapur","c":547163,"d":"Parbhani","s":"MAHARASHTRA"}},{"arcs":[[2580,-2572,-2562,-2580,-2560]],"type":"Polygon","properties":{"n":"Ramapur Tanda","c":547162,"d":"Parbhani","s":"MAHARASHTRA"}}]}}}