{"type":"Topology","arcs":[[[59859,78962],[-207,-1298],[-721,-351],[-67,-522],[-520,-434],[30,-873]],[[58374,75484],[-452,-234]],[[57922,75250],[-513,1548],[-290,274]],[[57119,77072],[376,1151],[750,187],[395,1044]],[[58640,79454],[720,-167],[193,-428],[306,103]],[[48957,78367],[100,-1423],[-509,-60]],[[48548,76884],[-48,156],[-1278,483],[-134,-207],[-573,351]],[[46515,77667],[274,1139],[-101,1029],[1218,246],[839,1357]],[[48745,81438],[164,-1880],[-138,-824],[186,-367]],[[52417,81082],[-59,-2344],[252,-686]],[[52610,78052],[-262,47],[-225,-836],[-140,-1379]],[[51983,75884],[-437,1167],[-705,-62]],[[50841,76989],[-844,1122],[-399,62],[46,480]],[[49644,78653],[439,59],[-54,1831],[-145,30],[114,931]],[[49998,81504],[720,-585]],[[50718,80919],[410,-440],[470,1210],[279,42]],[[51877,81731],[540,-649]],[[72249,79953],[-754,-65],[83,-1203],[-567,-281],[-132,-380],[-654,91],[-254,-231],[87,-762],[303,-650],[606,-228],[131,-327]],[[71098,75917],[-161,-378]],[[70937,75539],[-594,-52],[-245,291],[-963,-270]],[[69135,75508],[-443,1026],[-732,732],[-716,427],[-105,-795],[638,-903],[-79,-597],[-395,-277]],[[67303,75121],[-1124,1628],[-560,116]],[[65619,76865],[-267,121],[-164,1891],[-10,1028]],[[65178,79905],[168,9],[323,-1301],[971,443],[325,1404],[214,-292],[1099,1105],[1870,1294],[627,213]],[[70775,82780],[792,-1390],[113,-755],[569,-682]],[[33858,78420],[181,-1008],[25,-1461]],[[34064,75951],[-1368,66],[-170,860],[-670,-350]],[[31856,76527],[-23,1482],[825,426]],[[32658,78435],[1200,-15]],[[55752,78833],[-38,-153]],[[55714,78680],[-189,-248],[-395,537],[-1286,1061]],[[53844,80030],[119,672],[419,6],[-61,1581],[114,199]],[[54435,82488],[412,-148],[-15,-682],[590,-583],[116,-1184],[-215,-432],[429,-626]],[[39722,58357],[-409,-1070]],[[39313,57287],[-556,-235]],[[38757,57052],[7,1059]],[[38764,58111],[165,918]],[[38929,59029],[764,43],[29,-715]],[[38988,59754],[-78,263]],[[38910,60017],[490,504]],[[39400,60521],[-38,-1055],[-374,288]],[[44172,63100],[-123,-615],[11,-1136],[-567,-317]],[[43493,61032],[17,440]],[[43510,61472],[212,387],[-114,1872],[594,96]],[[44202,63827],[-30,-727]],[[39872,64885],[-45,-1122],[-175,-279],[126,-1867]],[[39778,61617],[-378,-1096]],[[38910,60017],[-1671,-116],[-105,1245],[-221,156]],[[36913,61302],[678,818],[-166,450]],[[37425,62570],[489,141],[481,1345]],[[38395,64056],[333,208],[313,797],[831,-176]],[[48498,63589],[13,-675],[280,-1307]],[[48791,61607],[142,-358],[-154,-582],[-184,355]],[[48595,61022],[-186,1509],[-391,148],[-191,-982],[-301,-360]],[[47526,61337],[-89,-7]],[[47437,61330],[-157,660],[-383,135]],[[46897,62125],[181,1295]],[[47078,63420],[458,1755],[-11,397]],[[47525,65572],[577,-395],[182,-599],[225,41],[-11,-1030]],[[42732,64484],[143,-1001]],[[42875,63483],[-955,-341]],[[41920,63142],[-206,1486],[198,28],[-106,696]],[[41806,65352],[274,42],[124,-978],[528,68]],[[69757,69962],[-378,-1360],[-314,-2180]],[[69065,66422],[52,-964],[-686,-1576],[-643,-1920]],[[67788,61962],[-232,-2187],[162,-2135],[-375,-1170]],[[67343,56470],[406,-1510],[2085,-629]],[[69834,54331],[1293,572]],[[71127,54903],[215,-629],[710,-297],[1117,873],[849,1250],[237,1493]],[[74255,57593],[108,1502],[19,186],[27,50]],[[74409,59331],[-10,-32]],[[74399,59299],[335,227],[595,487],[2015,1524],[134,-75],[281,-3724],[253,-599],[-221,-213],[253,-2618]],[[78044,54308],[-282,-611],[-857,226],[-151,-779],[606,-368],[-144,-1154],[593,-597],[538,-111],[142,2633],[1010,123],[587,698]],[[80086,54368],[603,-2375],[-718,-4021]],[[79971,47972],[-461,530],[-182,-388],[24,-1389],[-88,-1278],[-250,-1464],[148,-430],[-548,-1240],[235,-1527],[-59,-228],[-433,861],[-169,-376],[-212,1150],[-771,278],[-150,-231]],[[77055,42240],[-660,-753],[-150,-648],[524,-1503],[-395,-1032],[-967,-3031],[-509,-1020],[-22,-1841],[-142,-437],[-822,288],[-240,-1313],[-256,-817],[1207,691],[358,-1089],[169,-50],[-121,-3403],[258,-516]],[[75287,25766],[-261,-355],[-419,-1549],[65,-610],[-462,-126],[-27,1483],[-624,319],[-1322,1592],[-546,329],[-1370,-238],[-317,506],[-354,-1455],[-715,-623],[-1094,-590],[-603,685],[-1034,2420],[-1371,2152],[-428,-1191],[-987,356],[-73,326],[-1492,960]],[[61853,30157],[338,1358],[433,426],[907,2139]],[[63531,34080],[313,802],[-84,653],[195,1557],[254,1217],[319,498]],[[64528,38807],[310,402],[192,1939],[-136,1841],[186,455],[-13,1239],[-426,1282]],[[64641,45965],[-54,552],[787,1215],[33,467],[407,309],[-161,253],[-137,1488],[-623,14],[-275,779],[-1207,-500],[-764,-694],[-151,161]],[[62496,50009],[-437,859],[54,779],[-142,614],[-77,3335],[101,760],[604,136],[112,-1307],[276,71]],[[62987,55256],[649,131],[-631,2965],[301,1899]],[[63306,60251],[76,460],[1021,2643]],[[64403,63354],[572,1393]],[[64975,64747],[401,16],[757,2769],[511,58],[778,1727]],[[67422,69317],[483,631],[207,595],[561,17],[1084,-598]],[[68624,50502],[-246,-547],[83,-1241],[-617,-1346],[188,-1942],[-135,-3041],[574,134],[218,1148],[-193,1172],[249,1174],[183,140],[243,1255],[496,1431],[298,177],[-108,701],[-316,-109],[-807,1203],[-110,-309]],[[72136,32701],[-15,-403],[-898,-190],[-775,92],[-878,-339],[-115,634],[-498,-186],[-44,-753],[-1590,-710],[-256,-17],[-436,878],[-197,-1505],[893,-1047],[1104,1255],[716,-1005],[641,1236],[310,-135],[731,581],[1016,463],[507,-145],[454,233],[-331,1330],[-339,-267]],[[83442,70264],[-235,125],[249,1875],[-6,1192],[547,-345],[-85,-666],[203,-1019],[-74,-529],[-408,-154],[-191,-479]],[[78759,68667],[168,-625]],[[78927,68042],[-300,-180],[-703,98],[-478,-371],[-573,-151]],[[76873,67438],[-349,233],[102,705],[-145,568]],[[76481,68944],[640,2653]],[[77121,71597],[539,-152],[-34,-413],[780,-580],[-95,-1292],[448,-493]],[[39937,70027],[-191,-814]],[[39746,69213],[-121,40],[-438,-1160]],[[39187,68093],[-553,-20],[-244,-404],[-24,656],[-558,26],[-298,-680],[-772,302]],[[36738,67973],[-625,459]],[[36113,68432],[181,2024],[315,1603]],[[36609,72059],[1257,113],[189,-696],[310,-50],[434,-960],[904,-618],[234,179]],[[41817,72492],[289,-976],[222,52],[193,-768],[-207,-2411],[16,-912]],[[42330,67477],[0,-153]],[[42330,67324],[-262,52],[-265,-746],[-64,838],[-290,76]],[[41449,67544],[-309,569]],[[41140,68113],[226,454],[-241,1225],[288,559],[-257,439],[-227,-632],[-228,551],[-339,31]],[[40362,70740],[935,1272]],[[41297,72012],[520,480]],[[45863,71973],[177,-704],[342,236],[538,-295]],[[46920,71210],[11,-1346]],[[46931,69864],[-384,95],[-426,-280],[-346,-1172],[-116,-1007]],[[45659,67500],[-782,-270]],[[44877,67230],[-142,819],[-594,-503],[-623,320],[-441,-261]],[[43077,67605],[-58,3735]],[[43019,71340],[1745,207],[464,633]],[[45228,72180],[635,-207]],[[70937,75539],[-901,-927],[-889,-2689],[-897,-512],[-16,624],[-301,1648]],[[67933,73683],[536,867],[524,-33],[142,991]],[[49715,67885],[323,-355],[717,-211]],[[50755,67319],[-14,-153]],[[50741,67166],[-27,-241],[746,-981],[535,225],[266,-299],[884,156],[1205,-800],[86,-1160],[-203,-710]],[[54233,63356],[-1499,-247]],[[52734,63109],[-276,822],[-1496,120],[-576,257],[-23,323]],[[50363,64631],[32,1193],[184,166],[-204,644],[-497,443],[-310,-25]],[[49568,67052],[-507,232],[91,454],[563,147]],[[61050,81416],[-346,-341],[-19,-846],[404,-177],[-56,-685]],[[61033,79367],[-536,432],[-328,-867],[-310,30]],[[58640,79454],[-910,190],[88,746],[-266,673]],[[57552,81063],[-128,217],[-110,1387],[790,-10],[119,276],[91,2814],[-36,933]],[[58278,86680],[227,-123],[489,1048],[402,1581],[640,1181]],[[60036,90367],[160,-2322],[370,-803],[40,-824],[575,-495],[7,-1754],[-279,-2715],[141,-38]],[[53760,89782],[-437,-52],[109,869],[299,-13],[29,-804]],[[61825,88091],[299,-857],[286,1082],[530,-957],[768,-156],[329,878],[897,-975],[183,-1246],[194,-323],[656,71]],[[65967,85608],[-457,-891],[-206,-740],[-1827,-404],[-790,-360],[-626,-1246],[-326,-200],[-172,-845],[-513,494]],[[60036,90367],[715,1816]],[[60751,92183],[714,-884],[130,-1974],[230,-1234]],[[52332,74340],[-627,277],[-621,664],[72,646],[-315,1062]],[[51983,75884],[349,-1544]],[[95741,62908],[-989,377],[-38,936],[-837,142],[-164,-1275],[219,-430],[343,79],[179,-540],[408,-40],[80,-1355]],[[94942,60802],[-793,-2318],[-391,-1804],[-946,-4019],[-291,-1587],[121,-1468],[-482,-405],[-851,105],[-388,695],[-352,-603],[-1337,-573],[-354,131],[-836,-682],[-406,-55],[-189,-573],[-785,323],[-555,-466],[-775,-55],[-1037,758],[-1159,-403],[-523,-924],[-709,194],[-721,618],[-440,-58],[-627,463],[-145,-124]],[[80086,54368],[214,1210],[-77,591],[493,2550],[427,984],[-719,668],[-528,102],[-343,-2237],[-590,-71],[-482,-3105],[-437,-752]],[[74399,59299],[394,418],[417,458],[142,199],[110,708],[568,1762]],[[76030,62844],[393,1086],[310,1539],[140,1969]],[[78927,68042],[842,399],[1046,1440],[-63,1264],[-145,427],[-575,649],[-263,-12]],[[79769,72209],[0,2524],[-312,1595],[17,743],[-412,706],[-90,765],[-1204,1453],[-1236,288]],[[76532,80283],[644,1377],[-119,1666],[479,-483],[856,1945]],[[78392,84788],[418,-94],[526,-948],[1871,-390],[802,661],[402,-114],[805,870],[1423,-1159],[264,474],[392,159],[565,-386],[1228,297],[522,795],[433,-7],[613,-838],[647,328],[403,-668],[336,-145],[1101,421],[738,-169],[873,-789],[1463,-975],[1023,-432],[777,71],[676,-399],[216,-504],[84,-955],[533,-934],[319,-1108],[8,-1641],[437,-1274],[290,-492],[799,-803],[537,-867],[83,-667],[-299,-746],[-353,-229],[-253,-803],[-625,-2942],[-1050,-1473],[-931,-873],[-747,-2132]],[[82559,80379],[-278,-1237],[649,-1456],[168,338],[39,2215],[-578,140]],[[92379,76484],[411,932],[-187,128],[-224,-1060]],[[86710,73520],[-177,-1273],[267,-248],[3,-1183],[1159,-609],[1166,182],[156,1755],[-756,714],[-106,497],[315,1791],[-648,494],[-779,54],[-322,-1451],[-278,-723]],[[81427,63937],[-89,-834],[375,-352],[89,1026],[-375,160]],[[87921,63086],[-1130,-66],[-1134,-694],[-264,-741],[75,-712],[929,-1120],[514,26],[1345,1583],[328,1251],[-276,539],[-387,-66]],[[90492,60635],[459,-168],[36,489],[-413,103],[-82,-424]],[[89333,60620],[-391,-1944],[969,-333],[136,1428],[-396,242],[-318,607]],[[91143,58402],[504,-496],[89,1086],[-471,-2],[-122,-588]],[[88565,58321],[109,694],[-671,314],[-248,-1143],[23,-773],[687,-180],[100,1088]],[[83703,57365],[-166,-369],[-87,-1177],[506,-389],[240,1540],[-493,395]],[[86789,55532],[273,909],[-226,-31],[-47,-878]],[[82825,55377],[127,898],[-408,-33],[-144,-1300],[356,-32],[69,467]],[[83558,59607],[-150,1296],[-422,-144],[-144,-595],[716,-557]],[[79973,61697],[542,1709],[-698,449],[-446,-1886],[602,-272]],[[81819,51295],[26,-356],[432,932],[-261,1506],[-292,-1185],[95,-897]],[[61479,99193],[-118,-978],[273,-749],[182,-1548],[-462,-1510],[-174,-1020],[-429,-1205]],[[58278,86680],[-720,278]],[[57558,86958],[-1222,843],[-827,-26],[-444,642],[-160,1084],[-426,-277],[186,-782],[-269,-194],[8,-932]],[[54404,87316],[-902,602],[-337,-588]],[[53165,87330],[27,636],[-548,921],[-192,756],[267,1092],[972,231],[524,295],[260,634],[824,71],[517,476],[-395,2934],[391,583],[-106,1266],[95,906],[-241,1314],[543,-124],[360,185],[844,-395],[1447,-57],[546,181],[175,-466],[397,-242],[807,936],[800,-270]],[[58296,87596],[214,1258],[709,2529],[-408,1128],[-486,461],[-428,1581],[-689,827],[-133,-805],[381,-1183],[161,-1803],[416,-545],[-121,-1920],[-381,-1451],[765,-77]],[[19867,20817],[-236,-192],[-38,-849]],[[19593,19776],[-1074,474]],[[18519,20250],[-46,1481]],[[18473,21731],[879,528]],[[19352,22259],[119,-801],[396,-641]],[[30107,22584],[311,-555],[1096,-160]],[[31514,21869],[-726,-1275]],[[30788,20594],[-453,-469],[-429,441],[-528,-382]],[[29378,20184],[-1000,1017]],[[28378,21201],[0,301]],[[28378,21502],[3,409]],[[28381,21911],[1134,147],[30,656],[562,-130]],[[33959,22885],[-242,-1463],[531,-1389],[480,-1699]],[[34728,18334],[-458,-443],[-843,-1823],[79,-785],[-396,-753]],[[33110,14530],[-4,2949]],[[33106,17479],[240,1972],[199,891],[-334,302],[-432,-92]],[[32779,20552],[48,561]],[[32827,21113],[341,802],[-104,493],[233,559]],[[33297,22967],[662,-82]],[[15452,21726],[-98,-929]],[[15354,20797],[-266,-1202],[-36,-1116]],[[15052,18479],[-1422,-421]],[[13630,18058],[297,714],[669,2235],[-158,1037]],[[14438,22044],[244,145]],[[14682,22189],[770,-463]],[[24604,19511],[-639,105]],[[23965,19616],[32,263],[-623,9]],[[23374,19888],[29,1723],[177,600]],[[23580,22211],[693,538]],[[24273,22749],[232,-1491],[233,-305],[-134,-1442]],[[16321,22293],[692,-128]],[[17013,22165],[-8,-1496],[-418,-86]],[[16587,20583],[-1233,214]],[[15452,21726],[869,567]],[[18519,20250],[-308,-438]],[[18211,19812],[-928,-164],[-292,-1601],[-655,-371],[256,883],[-633,-178]],[[15959,18381],[365,1221],[165,-43],[98,1024]],[[17013,22165],[1185,290],[275,-724]],[[34228,22966],[506,-471],[802,-1053]],[[35536,21442],[-254,-1103],[18,-1121],[-572,-884]],[[33959,22885],[23,377]],[[33982,23262],[246,-296]],[[48083,22824],[-177,384]],[[47906,23208],[576,789],[128,-543],[-527,-630]],[[24897,23067],[36,-1398],[220,-819],[916,-339]],[[26069,20511],[693,-41],[-19,659]],[[26743,21129],[174,-10]],[[26917,21119],[-81,-1729]],[[26836,19390],[-59,13]],[[26777,19403],[-444,305],[-893,-1065],[35,-723]],[[25475,17920],[-91,-112]],[[25384,17808],[-717,-4],[-12,929]],[[24655,18733],[-51,778]],[[24273,22749],[624,318]],[[32371,23492],[325,-507],[601,-18]],[[32827,21113],[-660,227],[-653,529]],[[31514,21869],[467,1049],[390,574]],[[27608,23425],[-668,-553],[-55,-403]],[[26885,22469],[-330,55]],[[26555,22524],[-145,968],[202,458],[-140,668]],[[26472,24618],[659,680]],[[27131,25298],[477,-1873]],[[32696,25426],[-77,-501],[743,-278],[455,-706]],[[33817,23941],[165,-679]],[[32371,23492],[-109,1702],[137,365]],[[32399,25559],[297,-133]],[[15986,24263],[335,-1970]],[[14682,22189],[28,1086],[383,260],[664,1339]],[[15757,24874],[229,-611]],[[29238,24991],[-150,-1722],[-593,-309]],[[28495,22960],[-80,45]],[[28415,23005],[-137,371],[71,1089],[211,293],[-100,968]],[[28460,25726],[639,-400],[139,-335]],[[52225,24722],[-371,213],[-356,-174],[100,-694]],[[51598,24067],[-589,290],[-250,852],[84,927],[312,685],[650,-146],[506,-661],[-86,-1292]],[[19353,25489],[-50,-1598]],[[19303,23891],[-370,-715],[-695,321],[-54,606]],[[18184,24103],[512,1147],[350,-392],[307,631]],[[30651,25247],[-110,-565],[617,-425],[613,1573]],[[31771,25830],[126,262],[502,-533]],[[30107,22584],[136,769],[-149,439],[-606,419],[244,571]],[[29732,24782],[386,1325],[533,-860]],[[28415,23005],[-807,420]],[[27131,25298],[689,711]],[[27820,26009],[640,-283]],[[22616,24849],[-192,-2461]],[[22424,22388],[-386,-242]],[[22038,22146],[-520,-476],[84,-515],[-524,-579]],[[21078,20576],[-503,895],[-192,21]],[[20383,21492],[-90,1588],[156,687]],[[20449,23767],[119,1179]],[[20568,24946],[323,785]],[[20891,25731],[1002,-282],[723,-600]],[[25866,53653],[22,-2405]],[[25888,51248],[-433,732],[-121,-747],[-529,665]],[[24805,51898],[43,616],[-202,865]],[[24646,53379],[-67,428]],[[24579,53807],[402,213],[885,-367]],[[25791,44897],[-106,-750],[169,-1890]],[[25854,42257],[-35,-629]],[[25819,41628],[-610,4],[-275,1102],[-308,522],[-95,1160]],[[24531,44416],[546,257]],[[25077,44673],[-3,336]],[[25074,45009],[717,-112]],[[46745,26619],[-396,-863],[-361,-1509],[-454,681],[482,1179],[54,529]],[[46070,26636],[288,-212],[-14,632],[321,184],[80,-621]],[[35921,26238],[-1018,-50],[-307,-408],[-774,200],[3,856]],[[33825,26836],[172,453]],[[33997,27289],[791,-524],[731,91],[402,-618]],[[48962,63330],[173,-1137],[553,-145],[1452,-1276]],[[51140,60772],[-661,-439],[-308,188],[-295,-526],[-182,730],[-641,150],[146,850],[-408,-118]],[[48498,63589],[464,-259]],[[62987,55256],[-328,1430],[-516,1006],[-776,714],[-366,-160]],[[61001,58246],[-472,-269],[-410,720]],[[60119,58697],[121,1336],[1118,1220]],[[61358,61253],[1018,-325],[930,-677]],[[42875,63483],[101,-511],[354,-259],[-113,-1106],[293,-135]],[[43493,61032],[-18,-434]],[[43475,60598],[-984,520],[30,195],[-762,450]],[[41759,61763],[161,1379]],[[50041,64690],[7,-834],[748,-31],[805,-996],[1133,280]],[[52734,63109],[670,-723],[-746,-2320]],[[52658,60066],[-810,756],[-708,-50]],[[48962,63330],[129,930],[-175,378],[210,1073]],[[49126,65711],[85,-175]],[[49211,65536],[91,-553],[314,272],[425,-565]],[[41759,61763],[-310,210]],[[41449,61973],[29,2544],[-46,917]],[[41432,65434],[374,-82]],[[50718,80919],[12,908],[176,451],[399,-507],[169,147],[-220,785]],[[51254,82703],[298,376]],[[51552,83079],[261,-323],[64,-1025]],[[66865,73181],[36,-1299],[378,-616],[-58,-298],[-939,-852]],[[66282,70116],[-272,-18]],[[66010,70098],[-16,773],[-509,691],[-184,629],[-129,1618],[227,583]],[[65399,74392],[921,-213],[530,188],[15,-1186]],[[50608,68772],[-343,-24],[-416,400],[-115,946],[-171,-57]],[[49563,70037],[201,736]],[[49764,70773],[508,-352],[406,-720],[-70,-929]],[[74409,59331],[78,499],[-445,588],[270,501],[-193,380],[-936,-189],[-204,278]],[[72979,61388],[482,2041]],[[73461,63429],[1239,-106],[319,-532],[644,185],[367,-132]],[[46015,62388],[358,-461],[471,40]],[[46844,61967],[-270,-1286]],[[46574,60681],[-428,67],[-229,-984],[118,-696],[-300,-689]],[[45735,58379],[-637,-1782]],[[45098,56597],[-1224,883]],[[43874,57480],[-245,1378],[242,486],[-18,540]],[[43853,59884],[425,466],[417,1136],[364,186],[-16,522]],[[45043,62194],[244,234],[728,-40]],[[48595,61022],[-290,-231],[-779,546]],[[63107,69161],[571,-485],[940,-31]],[[64618,68645],[-151,-1097],[97,-638]],[[64564,66910],[-754,-692],[-767,479],[-392,48]],[[62651,66745],[-7,1321],[178,1427]],[[62822,69493],[285,-332]],[[30417,57796],[-735,-736],[47,-504]],[[29729,56556],[-606,163],[98,775],[-53,1311]],[[29168,58805],[439,462],[111,756],[627,56],[110,-1281],[-38,-1002]],[[57558,86958],[-274,-616],[112,-412],[-392,-1303],[-949,-1301],[-532,50],[-289,366]],[[55234,83742],[-667,439]],[[54567,84181],[-163,3135]],[[35699,56130],[-331,-313],[-304,-1923],[368,-731]],[[35432,53163],[-102,-63]],[[35330,53100],[-918,-787]],[[34412,52313],[-713,412],[-566,535]],[[33133,53260],[-43,1799],[116,1000],[-219,166]],[[32987,56225],[121,1120],[1075,-298],[736,1391],[39,-1068],[162,-908],[579,-332]],[[42732,64484],[625,-45],[676,-479],[178,1392]],[[44211,65352],[-9,-1525]],[[46424,56619],[107,-267]],[[46531,56352],[-85,-291]],[[46446,56061],[-491,172],[-53,-652]],[[45902,55581],[-530,588]],[[45372,56169],[-274,428]],[[45735,58379],[178,-1167],[378,34],[133,-627]],[[45571,64589],[-238,-520],[-158,-1157],[-440,-907]],[[44735,62005],[-113,152]],[[44622,62157],[-450,943]],[[44211,65352],[872,214]],[[45083,65566],[93,-1247],[395,270]],[[37425,62570],[-134,58],[250,2940],[536,-310],[182,535]],[[38259,65793],[530,-188],[-394,-1549]],[[64403,63354],[-355,977],[-310,-55],[-112,-611],[-1325,-83]],[[62301,63582],[66,1034],[-187,374],[-43,845]],[[62137,65835],[514,910]],[[64564,66910],[197,-375],[-169,-700],[383,-1088]],[[41319,66108],[113,-674]],[[41449,61973],[-161,-330]],[[41288,61643],[-700,91]],[[40588,61734],[40,1611],[-78,1193],[411,729],[-56,915]],[[40905,66182],[414,-74]],[[59166,67003],[451,-597],[1001,501],[322,-238]],[[60940,66669],[394,242]],[[61334,66911],[6,-611],[797,-465]],[[62301,63582],[-248,-934],[-599,-676]],[[61454,61972],[-216,-120],[-1068,1330],[-814,243]],[[59356,63425],[-22,1025],[-230,274],[19,2055]],[[59123,66779],[43,224]],[[55714,78680],[-36,-1026],[104,-1012]],[[55782,76642],[-534,-196],[16,486],[-497,-142],[-291,430],[-427,-295],[-1015,293]],[[53034,77218],[468,2866]],[[53502,80084],[342,-54]],[[57119,77072],[-521,817],[-209,-29],[-278,760]],[[56111,78620],[495,-199],[401,445],[-196,894],[373,460],[38,648],[330,195]],[[53034,77218],[-141,-1]],[[52893,77217],[-283,835]],[[52417,81082],[788,-557]],[[53205,80525],[297,-441]],[[63544,76120],[-407,-282],[-938,-274],[-675,-1281],[-583,375]],[[60941,74658],[191,1901],[-647,170]],[[60485,76729],[93,832],[455,1806]],[[61033,79367],[355,-363],[176,461],[745,1120],[767,-534],[51,-3040],[417,-891]],[[44377,75402],[-844,61],[-289,-157],[-120,596],[-478,395]],[[42646,76297],[13,1537],[-99,942],[172,125],[-27,1701],[630,341],[-87,-1417],[366,-213],[26,-674],[295,-51],[534,419],[-67,-1006],[-25,-2599]],[[46574,60681],[85,-1590]],[[46659,59091],[-180,-506],[130,-558],[-185,-1408]],[[95741,62908],[-799,-2106]],[[45372,56169],[-117,-1603]],[[45255,54566],[-4,-266]],[[45251,54300],[-627,-181]],[[44624,54119],[88,1104],[-390,928],[-180,-373],[-464,266],[365,578],[-106,533],[-172,-631]],[[43765,56524],[-14,589]],[[43751,57113],[123,367]],[[44622,62157],[-117,-533],[-797,-1129]],[[43708,60495],[-233,103]],[[74448,82767],[-241,-945],[-680,-1322],[-469,-1173]],[[73058,79327],[-637,316],[-172,310]],[[70775,82780],[477,292],[265,3310],[541,1884],[263,-481],[959,442],[1168,-5460]],[[54567,84181],[-164,-979],[-1281,350],[488,890],[-860,314]],[[52750,84756],[309,557],[-47,1208],[153,809]],[[54409,72928],[534,-41],[406,-376],[1010,-2219],[-145,-364]],[[56214,69928],[-684,365],[-594,-3],[-578,496],[-935,1108],[-602,1319],[-366,455]],[[52455,73668],[-33,487]],[[52422,74155],[628,50],[244,618]],[[53294,74823],[347,-274],[-5,-466],[773,-1155]],[[36113,68432],[-275,171],[-892,-604]],[[34946,67999],[-180,2038],[-248,916],[-69,1366]],[[34449,72319],[255,269],[131,1723]],[[34835,74311],[604,187],[50,-1359],[850,219],[11,-908],[259,-391]],[[59214,74221],[-92,-1629],[815,-206]],[[59937,72386],[477,-499]],[[60414,71887],[60,-602],[-295,-829]],[[60179,70456],[-570,-95],[-276,256],[-602,-131],[254,-689],[-76,-1991],[266,-155],[-9,-648]],[[59123,66779],[-745,11],[-217,-426],[15,-1404],[-164,-1438],[29,-845],[-376,806],[81,1674],[-64,2482],[-142,1364],[-219,556],[45,568],[-233,503],[16,1841]],[[57149,72471],[402,259],[267,-518],[193,1020],[-89,2018]],[[58374,75484],[424,-813],[416,-450]],[[49415,75295],[118,-1318]],[[49533,73977],[-544,-1081],[284,-1203],[491,-920]],[[49563,70037],[-63,438],[-384,230],[-1,-919],[-274,-432],[235,-699]],[[49076,68655],[-653,-43],[-300,516],[-300,-358],[-892,1094]],[[46920,71210],[-5,1489]],[[46915,72699],[410,16],[599,1386]],[[47924,74101],[338,527],[480,170]],[[48742,74798],[467,-24],[206,521]],[[52893,77217],[136,-1216],[265,-1178]],[[52422,74155],[-90,185]],[[78845,78237],[-695,-1504],[67,-507],[-283,-1447],[-769,359],[337,722],[530,3184],[883,-516],[-70,-291]],[[52455,73668],[-309,-1663],[-124,81],[-180,-1408]],[[51842,70678],[-491,215],[-148,1794],[-1118,611],[-172,-49],[-380,728]],[[49415,75295],[300,370],[-56,860],[-194,134],[-201,900],[35,1163]],[[49299,78722],[345,-69]],[[73058,79327],[-291,-824],[-478,-2314],[-58,-1080]],[[72231,75109],[-752,1017],[-381,-209]],[[79769,72209],[-101,339],[-1011,938],[-1013,-642],[-260,-333],[-263,-914]],[[76481,68944],[-393,-1403],[-567,27],[-1297,910],[-290,-916],[-779,-51],[-691,-639],[-125,-1205]],[[72339,65667],[-15,-752],[-686,-1098],[-254,251],[-1392,-305],[-183,462],[109,1520],[411,700],[858,612]],[[71187,67057],[139,157],[204,2386],[-483,-88],[147,748]],[[71194,70260],[43,960],[716,2172],[278,1717]],[[74448,82767],[98,-533],[1767,-1021],[219,-930]],[[51842,70678],[1235,-904],[134,-1656],[236,-461],[881,-817]],[[54328,66840],[-334,-490],[-748,188],[-620,360],[-749,-91],[-735,584],[-401,-225]],[[50755,67319],[-199,639],[52,814]],[[71152,57997],[238,-1128],[-263,-1966]],[[69834,54331],[-513,826],[-44,1037],[374,1517],[-82,549],[-430,236],[-177,-309],[49,-1629],[-910,-386],[-758,298]],[[67788,61962],[458,-429],[574,-203],[440,-896],[394,-293],[-50,-850],[582,-489],[312,181],[654,-986]],[[43708,60495],[145,-611]],[[43751,57113],[-1521,224]],[[42230,57337],[-70,1918],[-218,477],[-183,2031]],[[41288,61643],[-140,-845],[-242,-100],[-136,-1031],[-447,-849],[-507,-160],[-94,-301]],[[38929,59029],[59,725]],[[39778,61617],[810,117]],[[39872,64885],[199,1258]],[[40071,66143],[834,39]],[[72339,65667],[266,-412],[732,-357],[124,-1469]],[[72979,61388],[-553,-675],[-127,-687],[241,-455],[-40,-702]],[[72500,58869],[-549,-181],[-148,-396],[-651,-295]],[[69065,66422],[869,-423],[542,1619],[143,-337],[568,-224]],[[50363,64631],[-322,59]],[[49211,65536],[205,174],[152,1342]],[[54328,66840],[145,334],[945,54]],[[55418,67228],[272,-1673],[-347,-680],[-291,-2064],[-178,-503]],[[54874,62308],[-359,-119],[-282,1167]],[[47078,63420],[-830,-37],[-226,408],[364,261],[-76,515],[-270,-146]],[[46040,64421],[-469,168]],[[45083,65566],[-309,733],[103,931]],[[45659,67500],[-21,-613],[324,-279],[765,167],[108,-699],[387,-636],[303,132]],[[42330,67324],[73,-1056],[-99,-1072],[428,-712]],[[41319,66108],[170,646],[-40,790]],[[42330,67477],[747,128]],[[49126,65711],[-10,384],[-546,879],[-59,723],[560,252],[5,706]],[[49076,68655],[469,18],[170,-788]],[[39187,68093],[-73,-1554],[957,-396]],[[38259,65793],[-11,410],[-525,-126],[-178,635],[-809,1069],[2,192]],[[36913,61302],[-32,704],[-397,123],[-287,630],[-740,348],[14,1283],[-681,-30],[-832,-375],[-104,609],[-1096,19],[44,330],[1165,127],[296,1748],[731,959],[-48,222]],[[61334,66911],[168,2292],[300,838],[965,-154],[55,-394]],[[39746,69213],[686,-415],[29,-557],[679,-128]],[[69757,69962],[580,-13],[142,607],[715,-296]],[[60179,70456],[366,-1125],[724,-618],[-274,-1103],[-55,-941]],[[78759,68667],[156,1466],[268,536],[258,1048],[328,492]],[[39937,70027],[425,713]],[[63038,72131],[-44,-819],[286,-400],[-173,-1751]],[[60414,71887],[469,587],[299,-320],[1856,-23]],[[43046,72297],[-27,-957]],[[41817,72492],[726,473],[490,-157],[13,-511]],[[56214,69928],[-239,-1430],[-557,-1270]],[[64618,68645],[534,564],[624,394],[234,495]],[[66282,70116],[966,48],[174,-847]],[[60730,74173],[-38,-1028],[222,-315],[2360,425]],[[63274,73255],[-236,-1124]],[[59937,72386],[104,923],[354,1119],[335,-255]],[[44679,74048],[482,-564],[67,-1304]],[[43046,72297],[792,21],[186,1531],[655,199]],[[65370,74456],[29,-64]],[[63274,73255],[99,561],[-27,1643],[198,661]],[[63544,76120],[969,-1071],[143,-549],[328,-215],[386,171]],[[44377,75402],[202,-462],[309,74]],[[44888,75014],[-209,-966]],[[41297,72012],[-95,1379],[472,-29],[27,1613],[439,555],[303,-28],[203,795]],[[57149,72471],[-491,36],[-661,3346]],[[55997,75853],[513,697],[555,119],[54,403]],[[67933,73683],[-223,227],[-647,25]],[[67063,73935],[240,1186]],[[55782,76642],[-341,-409],[-32,-983],[-317,190],[-550,-162],[-168,-789],[35,-1561]],[[34064,75951],[189,-205],[582,-1435]],[[34449,72319],[-704,307],[-917,-170],[-490,356],[-146,-747],[-40,757],[-561,778],[-428,1042],[-24,500],[717,1385]],[[46762,75223],[777,12],[234,-282],[151,-852]],[[46915,72699],[-410,-441],[-642,-285]],[[44888,75014],[1238,647],[142,-1503],[350,378],[144,687]],[[55997,75853],[-215,789]],[[55752,78833],[359,-213]],[[60485,76729],[-628,-1243],[-359,307],[-284,-1572]],[[49998,81504],[-261,402],[-26,964]],[[49711,82870],[975,37],[568,-204]],[[49299,78722],[-342,-355]],[[48745,81438],[646,1254],[320,178]],[[53205,80525],[35,447],[-351,42],[-546,1531]],[[52343,82545],[329,-331],[155,356],[444,-483],[730,607],[434,-206]],[[55234,83742],[-59,-446],[-568,-87],[-172,-721]],[[52343,82545],[-146,1069]],[[52197,83614],[553,1142]],[[69203,92785],[192,-641],[-47,-1449],[-687,185],[-629,-774],[195,1278],[550,1247],[426,154]],[[61825,88091],[602,2587],[435,604],[969,728],[46,865],[-176,340],[213,861],[365,-185],[-35,-1465],[1128,-3256],[655,-756],[333,-818],[155,-946],[-548,-1042]],[[65178,79905],[-434,-21],[-456,-2994],[-388,-148],[-356,-622]],[[61479,99193],[815,554],[653,252],[1165,-1016],[137,-302],[783,-330],[311,-430],[413,-35],[700,949],[667,314],[223,-243],[785,-2903],[557,-836],[491,-6],[871,638],[474,-277],[1218,-348],[1075,5],[410,277],[469,771],[437,377],[639,-354],[543,-1096],[675,-2364],[82,-1671],[560,-384],[386,149],[361,-675],[533,-99],[368,-410],[302,-1372],[-756,-2827],[232,-599],[334,-114]],[[48548,76884],[-23,-933],[217,-1153]],[[46762,75223],[-102,836],[-349,-28],[4,1207],[200,429]],[[65619,76865],[-249,-2409]],[[60730,74173],[211,485]],[[67063,73935],[-198,-754]],[[38757,57052],[-59,-187]],[[38698,56865],[-732,123],[-83,1110]],[[37883,58098],[881,13]],[[59356,63425],[-106,-1348],[-573,-1140],[-527,-1383],[3,-2416],[65,-411],[660,-111],[139,800],[801,563],[301,718]],[[61001,58246],[144,-863],[-34,-860],[312,-1193],[-191,-562],[173,-1656],[191,-564],[52,-1093],[-138,-828],[242,-795],[503,-297],[241,474]],[[64641,45965],[-276,543],[-646,286],[-362,-420]],[[63357,46374],[-1134,-1019],[11,-932],[301,-1220],[-124,-755],[166,-912],[-152,-1012],[-207,-165],[242,-1125],[-80,-668],[-295,14]],[[62085,38580],[-370,-11],[50,-720],[-266,-151],[-244,-788],[192,-1585],[393,-543]],[[61840,34782],[-155,-1374],[-532,-1709],[-204,143],[-197,-602],[-65,-1217],[-258,-966],[-389,-242],[114,-956]],[[60154,27859],[-880,-56],[-2060,-391]],[[57214,27412],[332,4423],[-663,2794],[-1018,2310],[172,832],[-184,553],[248,529],[11,1422],[-108,610]],[[56004,40885],[128,767],[57,1735],[281,2078],[-42,1548],[109,1895],[-187,1807],[161,440],[165,1716],[-116,1323],[195,898],[-339,1371],[-280,498],[182,1514],[-727,321],[-784,1696],[67,1816]],[[60774,40878],[209,-166],[315,638],[267,68],[172,814],[-896,501],[-20,-988],[-255,-700],[208,-167]],[[59495,33815],[39,-329],[710,728],[-144,1012],[-386,113],[-219,-1524]],[[41193,47903],[67,-530],[813,343]],[[42073,47716],[-209,-893],[-56,-1311]],[[41808,45512],[-159,-1994],[38,-1047]],[[41687,42471],[-807,231],[-322,294],[-92,1061]],[[40466,44057],[248,1574]],[[40714,45631],[389,-7],[48,2008],[-253,49]],[[40898,47681],[295,222]],[[26555,22524],[-339,-668],[-147,-1345]],[[24897,23067],[47,1229],[884,689]],[[25828,24985],[644,-367]],[[11338,24736],[64,-1144],[-245,-238],[-1323,369],[-555,282]],[[9279,24005],[476,-97],[725,195],[471,620],[387,13]],[[18211,19812],[319,-86],[25,-994]],[[18555,18732],[-162,-642]],[[18393,18090],[-320,28],[-231,-2941]],[[17842,15177],[-575,63],[-175,537],[-472,-417],[-1553,555]],[[15067,15915],[-716,299]],[[14351,16214],[-891,522],[-455,553]],[[13005,17289],[134,428],[491,341]],[[15052,18479],[907,-98]],[[12962,27126],[334,-298]],[[13296,26828],[-691,-530],[-174,-656],[128,-383],[-278,-497],[-506,646]],[[11775,25408],[-316,796],[-805,841],[-471,308]],[[10183,27353],[751,1224]],[[10934,28577],[515,-272],[1513,-1179]],[[21596,28886],[31,-406]],[[21627,28480],[-354,-948],[183,-658],[-552,-646],[-13,-497]],[[20568,24946],[22,922],[-267,938]],[[20323,26806],[344,1728]],[[20667,28534],[747,842],[182,-490]],[[45670,49318],[215,20]],[[45885,49338],[-101,-366],[431,-413],[112,-791],[274,-18],[-76,-868]],[[46525,46882],[-72,-313]],[[46453,46569],[-866,377]],[[45587,46946],[-675,-546]],[[44912,46400],[-16,174]],[[44896,46574],[-77,1605],[168,1151]],[[44987,49330],[683,-12]],[[34996,48257],[180,-573],[-448,-965]],[[34728,46719],[-466,31],[-134,-657],[-582,282]],[[33546,46375],[140,760],[-190,1633]],[[33496,48768],[777,81]],[[34273,48849],[333,185],[390,-777]],[[24615,48658],[99,-817]],[[24714,47841],[-592,-202],[-46,786]],[[24076,48425],[539,233]],[[16704,48370],[746,86]],[[17450,48456],[573,-899],[-188,-1403],[56,-452]],[[17891,45702],[-8,-224]],[[17883,45478],[-1294,-181],[-995,-652]],[[15594,44645],[-1061,-336],[-1568,-688],[-802,7]],[[12163,43628],[432,2017],[-459,633],[65,1122]],[[12201,47400],[1038,-444],[353,227],[1088,245],[38,-276],[1102,369],[0,1102],[884,-253]],[[42945,49320],[-87,-697],[260,-629]],[[43118,47994],[-436,127],[-609,-405]],[[41193,47903],[349,163],[215,913],[447,913]],[[42204,49892],[191,-293],[515,293],[35,-572]],[[13714,26601],[-256,-941],[-77,-969],[299,-649],[-118,-1079],[-213,-109]],[[13349,22854],[-285,62],[-984,-290],[-105,-1058]],[[11975,21568],[-1297,-221],[-563,-398]],[[10115,20949],[-233,575],[-169,1038],[-434,1443]],[[11338,24736],[437,672]],[[13296,26828],[418,-227]],[[14438,22044],[-927,-304],[-162,-2024],[-71,127],[-351,-2225]],[[12927,17618],[-884,1453]],[[12043,19071],[748,1623],[558,2160]],[[13714,26601],[783,703]],[[14497,27304],[989,-1428],[271,-1002]],[[9279,24005],[608,2725],[296,623]],[[32784,28413],[-74,-966],[221,-305]],[[32931,27142],[-46,-1156],[-189,-560]],[[31771,25830],[-847,245]],[[30924,26075],[72,1207]],[[30996,27282],[556,172],[906,-149],[-84,1009]],[[32374,28314],[410,99]],[[22190,28431],[-32,-577],[383,-670],[-191,-932],[266,-1403]],[[21627,28480],[563,-49]],[[31857,19325],[-93,-1439],[-277,7],[-233,-982]],[[31254,16911],[-595,783]],[[30659,17694],[-145,611],[213,1009],[411,954]],[[31138,20268],[729,-579],[-10,-364]],[[23368,19287],[356,66],[515,-454],[88,287],[-362,430]],[[24655,18733],[-488,55],[-322,-358],[-193,-1914]],[[23652,16516],[-182,-29]],[[23470,16487],[-266,349]],[[23204,16836],[-97,528],[-357,271],[-91,1093],[-543,406]],[[22116,19134],[208,767]],[[22324,19901],[346,-682],[698,68]],[[22116,19134],[-189,-479],[55,-730],[-283,-194]],[[21699,17731],[-732,185]],[[20967,17916],[-48,1083],[159,1577]],[[22038,22146],[-60,-731],[346,-1514]],[[20967,17916],[-548,-1258],[-179,-114],[-1168,-3143],[-512,-1933]],[[18560,11468],[-463,166]],[[18097,11634],[710,2216],[934,2544],[314,1695],[-435,526]],[[19620,18615],[234,857],[-261,304]],[[19867,20817],[274,-27],[242,702]],[[13005,17289],[-78,329]],[[32779,20552],[-209,-796],[306,-1019],[230,-1258]],[[33110,14530],[-402,-1056],[-307,-1765],[-329,-958],[-30,-542]],[[32042,10209],[-132,4977]],[[31910,15186],[-23,762]],[[31887,15948],[708,1632],[-74,1948],[-664,-203]],[[31138,20268],[-350,326]],[[19800,38027],[168,-12]],[[19968,38015],[553,-448]],[[20521,37567],[-326,-1647],[-300,133]],[[19895,36053],[-517,275]],[[19378,36328],[-26,565],[-876,650]],[[18476,37543],[-3,366]],[[18473,37909],[69,400],[1258,-282]],[[18133,36172],[13,-218]],[[18146,35954],[-1102,-151],[-1382,18]],[[15662,35821],[-14,851],[-493,454],[8,599]],[[15163,37725],[56,112]],[[15219,37837],[399,-34],[437,629]],[[16055,38432],[927,-1070],[-71,-309],[471,-842],[751,-39]],[[22510,37151],[75,-783],[247,-150]],[[22832,36218],[-146,-419]],[[22686,35799],[-911,100],[-147,458]],[[21628,36357],[-79,508],[-423,746]],[[21126,37611],[226,1054]],[[21352,38665],[382,154]],[[21734,38819],[382,-1404],[394,-264]],[[35372,38488],[139,-810],[-142,-1351]],[[35369,36327],[-463,409],[-647,-374],[-496,65]],[[33763,36427],[7,1534],[-350,188]],[[33420,38149],[35,684],[531,771]],[[33986,39604],[1386,-1116]],[[36139,39969],[666,-419]],[[36805,39550],[-393,-985],[1222,-493],[853,-495],[425,1209],[207,200]],[[39119,38986],[234,-290],[-152,-620],[422,-197]],[[39623,37879],[126,-741]],[[39749,37138],[-102,-959],[178,-288],[-331,-1374]],[[39494,34517],[-407,59],[67,-483],[-544,331]],[[38610,34424],[-309,409],[-255,-293],[-302,889],[-663,-1708]],[[37081,33721],[-862,514],[-549,-2099]],[[35670,32136],[81,-834],[-508,805]],[[35243,32107],[-1046,1208]],[[34197,33315],[158,680],[-197,346],[149,535]],[[34307,34876],[339,471],[531,97],[192,883]],[[35372,38488],[520,1347]],[[35892,39835],[247,134]],[[43160,54944],[-1256,849]],[[41904,55793],[94,1260],[232,284]],[[43765,56524],[-489,-192],[-116,-1388]],[[25619,56242],[-80,-2141],[321,-100]],[[25860,54001],[6,-348]],[[24579,53807],[-91,934]],[[24488,54741],[127,1009],[302,265],[2,614]],[[24919,56629],[700,-387]],[[39639,54549],[-59,13]],[[39580,54562],[-461,587],[-267,-121]],[[38852,55028],[23,1003],[-177,834]],[[39313,57287],[359,-600],[-277,-225],[280,-1142],[-36,-771]],[[42387,32662],[-378,-845],[-45,-757],[168,-1006]],[[42132,30054],[81,-1468],[-223,-337],[-59,-781],[-296,-511],[-162,-1087],[-232,-637],[-637,662],[-375,1327]],[[40229,27222],[498,2149]],[[40727,29371],[650,1973]],[[41377,31344],[181,626],[183,1402],[407,-603],[287,689]],[[42435,33458],[49,461]],[[42484,33919],[189,-621],[-286,-636]],[[38610,34424],[-186,-960],[356,-468],[165,-1752]],[[38945,31244],[-949,1914],[-185,-387],[-640,-166]],[[37171,32605],[265,729],[-355,387]],[[28434,15158],[392,-1077],[774,-1142]],[[29600,12939],[-329,-842],[152,-661],[-1426,-3275]],[[27997,8161],[-125,2997],[-245,117],[16,996],[-321,916],[-54,824],[697,1360],[469,-213]],[[36607,27276],[-439,-1193]],[[36168,26083],[-247,155]],[[33997,27289],[10,790]],[[34007,28079],[475,1294]],[[34482,29373],[475,-378],[1650,-1719]],[[39057,48382],[469,-293],[110,-674],[404,-93]],[[40040,47322],[259,725],[411,250],[188,-616]],[[40714,45631],[-712,-205],[-509,-1026],[-59,-580]],[[39434,43820],[-327,-725]],[[39107,43095],[-288,-79],[-557,741],[-11,266]],[[38251,44023],[-151,440]],[[38100,44463],[234,571],[-280,114],[-82,705]],[[37972,45853],[-284,-7]],[[37688,45846],[-30,268]],[[37658,46114],[89,527],[1084,-615],[176,828],[-572,206],[-471,754],[556,39]],[[38520,47853],[202,621],[335,-92]],[[43015,29774],[-883,280]],[[42387,32662],[589,-760],[39,-2128]],[[9279,24005],[302,3526],[183,3212]],[[9764,30743],[512,149],[726,-74]],[[11002,30818],[-68,-2241]],[[12043,19071],[-204,230],[-963,383],[-761,1265]],[[11975,21568],[223,2],[-155,-2499]],[[12324,33731],[-1863,629],[-645,-810]],[[9816,33550],[-161,2420],[-113,2674]],[[9542,38644],[1383,-2031]],[[10925,36613],[1399,-2882]],[[23374,19888],[-6,-601]],[[22424,22388],[702,568]],[[23126,22956],[454,-745]],[[28495,22960],[-114,-1049]],[[28378,21502],[-477,-307],[63,-307],[-447,-112],[-600,343]],[[26743,21129],[142,1340]],[[47984,41773],[-209,-774],[-454,-219],[-777,-938],[-320,382]],[[46224,40224],[-235,927]],[[45989,41151],[60,275],[630,253],[830,-296],[-18,945]],[[47491,42328],[493,-555]],[[25741,36087],[-34,-1810],[253,-5]],[[25960,34272],[54,-803],[217,48]],[[26231,33517],[-94,-1641]],[[26137,31876],[-931,40],[-202,432]],[[25004,32348],[45,245],[-746,243],[78,-473],[-367,125],[-46,-499],[-459,176]],[[23509,32165],[90,1414],[-651,114]],[[22948,33693],[40,1067],[-137,498]],[[22851,35258],[833,-50],[1086,-281],[279,849],[569,370]],[[25618,36146],[123,-59]],[[18146,35954],[23,-936],[-184,-580]],[[17985,34438],[-97,-1383],[-232,-231]],[[17656,32824],[-1684,647]],[[15972,33471],[110,1206],[-420,1144]],[[34307,34876],[-668,660]],[[33639,35536],[124,891]],[[28491,35998],[204,-1403],[201,-101],[88,-894]],[[28984,33600],[-417,-874],[-354,73],[-92,487],[-464,15],[-271,-289]],[[27386,33012],[-619,378]],[[26767,33390],[329,529],[-255,498]],[[26841,34417],[139,920],[-111,308]],[[26869,35645],[207,900]],[[27076,36545],[419,-324],[996,-223]],[[19352,22259],[-4,1613]],[[19348,23872],[388,-203],[713,98]],[[17248,23847],[697,-69],[239,325]],[[19303,23891],[45,-19]],[[15986,24263],[1262,-416]],[[36390,45775],[144,-815]],[[36534,44960],[8,-1875],[-71,-1904],[-290,-454],[-42,-758]],[[35892,39835],[-448,759],[206,3492],[-718,-11],[-70,-556],[-258,371]],[[34604,43890],[295,1465]],[[34899,45355],[393,301]],[[35292,45656],[648,421],[450,-302]],[[21888,44151],[-403,42],[8,-596],[-231,-157]],[[21262,43440],[31,1573],[-92,505]],[[21201,45518],[228,1129]],[[21429,46647],[655,-487],[-196,-2009]],[[33326,46190],[54,-999],[-266,-966]],[[33114,44225],[-343,-566],[105,-687],[-235,-499],[-291,-1334]],[[32350,41139],[-1111,648]],[[31239,41787],[-130,452],[249,1447],[387,474],[-135,1401]],[[31610,45561],[421,529],[262,802],[387,240]],[[32680,47132],[646,-942]],[[30659,17694],[-70,-727],[-343,484],[-250,-320]],[[29996,17131],[-170,550],[-655,-177]],[[29171,17504],[-64,723]],[[29107,18227],[280,1341],[-9,616]],[[19620,18615],[-343,-484]],[[19277,18131],[-722,601]],[[28378,21201],[115,-1761]],[[28493,19440],[-954,-243],[-703,193]],[[21878,31709],[-204,-565]],[[21674,31144],[-637,90],[-119,408]],[[20918,31642],[960,67]],[[19400,31753],[598,-375],[920,264]],[[21674,31144],[102,-735]],[[21776,30409],[-549,355],[-1161,29],[-616,252]],[[19450,31045],[-50,708]],[[30547,32144],[244,-65],[1196,-1276],[634,305],[417,-428]],[[33038,30680],[-288,-370],[-376,-1996]],[[30996,27282],[-921,-283],[-496,444],[335,1084],[-87,915],[114,1659],[254,1151]],[[30195,32252],[352,-108]],[[23225,32175],[113,-1684]],[[23338,30491],[-672,-362],[-40,-365],[-731,436]],[[21895,30200],[-119,209]],[[21878,31709],[62,143]],[[21940,31852],[471,-140],[256,825]],[[22667,32537],[558,-362]],[[38945,31244],[-518,-181],[-538,-1794],[-688,-1758]],[[37201,27511],[-470,281]],[[36731,27792],[-177,816],[6,1705]],[[36560,30313],[415,1348],[161,-8],[35,952]],[[31720,35404],[124,-1421]],[[31844,33983],[-461,-496]],[[31383,33487],[-150,623],[-634,392]],[[30599,34502],[-151,274]],[[30448,34776],[235,1366]],[[30683,36142],[1037,-738]],[[35902,25179],[95,-817],[-154,-1789],[-307,-1131]],[[34228,22966],[528,1281]],[[34756,24247],[286,817],[860,115]],[[29238,24991],[494,-209]],[[28984,33600],[547,-587],[314,100]],[[29845,33113],[350,-861]],[[30924,26075],[-273,-828]],[[27820,26009],[-415,1664],[262,2758],[-625,-437]],[[27042,29994],[119,827],[-239,487],[136,896],[199,27],[129,781]],[[27042,29994],[-487,100]],[[26555,30094],[-418,1782]],[[26231,33517],[536,-127]],[[21691,33145],[249,-1293]],[[19400,31753],[-18,447],[-518,622]],[[18864,32822],[440,478],[1228,96],[542,183]],[[21074,33579],[60,-519],[557,85]],[[36560,30313],[-639,1538],[-251,285]],[[21540,54015],[-274,-1189],[66,-1155]],[[21332,51671],[-332,-427],[-479,-169],[-703,70],[-135,-210]],[[19683,50935],[-324,165],[-364,1307],[-370,551],[-454,38]],[[18171,52996],[361,877],[860,426]],[[19392,54299],[140,-204],[998,81],[42,195],[937,-71],[31,-285]],[[39580,54562],[-129,-277],[-420,401],[-83,-582],[334,-242],[-167,-373],[-517,-329],[-264,-705],[-686,-535]],[[37648,51920],[171,1015],[469,1489]],[[38288,54424],[564,604]],[[17892,38562],[372,-544]],[[18264,38018],[209,-109]],[[18476,37543],[-327,-502],[-16,-869]],[[16055,38432],[-15,1143]],[[16040,39575],[194,323],[737,-227],[-62,-893],[822,59],[161,-275]],[[24874,38194],[-1164,-8]],[[23710,38186],[-47,1062],[193,1054]],[[23856,40302],[637,-393],[445,155],[-64,-1870]],[[41600,52180],[543,-213],[-35,-274]],[[42108,51693],[97,-1173]],[[42205,50520],[-1,-628]],[[40040,47322],[-160,543],[-112,1451],[80,979]],[[39848,50295],[150,346]],[[39998,50641],[388,-326],[741,311],[96,1115],[377,439]],[[46949,51130],[-609,297]],[[46340,51427],[-361,301]],[[45979,51728],[-9,749]],[[45970,52477],[539,-135],[440,-1212]],[[21722,50698],[-29,-1136],[122,-523]],[[21815,49039],[-628,-1412]],[[21187,47627],[-402,-56],[-555,-571]],[[20230,47000],[-543,2063],[73,1144]],[[19760,50207],[-77,728]],[[21332,51671],[390,-973]],[[45055,51984],[924,-256]],[[46340,51427],[-91,-892]],[[46249,50535],[-370,82],[-33,-882],[-176,-417]],[[44987,49330],[-185,31]],[[44802,49361],[-500,111],[-182,2269],[-221,-120],[-64,1287]],[[43835,52908],[676,-221],[221,-566],[323,-137]],[[35679,48210],[-683,47]],[[34273,48849],[123,2062],[16,1402]],[[35330,53100],[116,-1760],[-91,-1510],[534,-332],[-210,-1288]],[[38288,54424],[-237,298],[-298,-459],[-497,638],[-65,618],[-695,220],[-40,408]],[[36456,56147],[1049,1163],[378,788]],[[24488,54741],[-208,216],[53,1503],[-125,263]],[[24208,56723],[357,849],[384,-122],[-30,-821]],[[19741,56544],[-249,-730],[-100,-1515]],[[18171,52996],[-194,-17]],[[17977,52979],[-562,919]],[[17415,53898],[559,3406],[791,48],[773,-225],[203,-583]],[[21691,33145],[85,309]],[[21776,33454],[321,182]],[[22097,33636],[8,-1000],[562,-99]],[[46446,56061],[501,-259]],[[46947,55802],[348,-707],[33,-525]],[[47328,54570],[-485,266],[-666,-173]],[[46177,54663],[51,652],[-326,266]],[[17063,53844],[-105,-927],[229,-128],[56,-2076],[-281,-147],[10,-735],[-319,-448],[51,-1013]],[[12201,47400],[-14,597],[-751,755],[-234,421],[895,1788],[372,1091],[137,1313]],[[12606,53365],[506,-753],[573,-79],[148,548],[-111,1440]],[[13722,54521],[285,-416],[553,742],[805,231],[1698,-1234]],[[48157,55373],[-128,-750],[-255,78],[96,-693]],[[47870,54008],[-377,113],[-165,449]],[[46947,55802],[74,327]],[[47021,56129],[33,220]],[[47054,56349],[582,11],[521,-987]],[[48774,56154],[-298,-306],[-37,-668]],[[48439,55180],[-282,193]],[[47054,56349],[493,278]],[[47547,56627],[498,205],[590,-135],[139,-543]],[[44624,54119],[-8,-498],[-427,184],[-17,478],[-453,897],[-427,-767],[145,-892],[-327,-148]],[[43110,53373],[50,1571]],[[16092,42993],[4,-588]],[[16096,42405],[64,-770],[-120,-2060]],[[16040,39575],[-533,-171]],[[15507,39404],[-216,719],[-182,-282],[-465,884],[-1098,-627],[-2400,1202]],[[11146,41300],[385,1628],[632,700]],[[15594,44645],[509,-993],[-11,-659]],[[27540,42238],[205,-408],[-222,-525],[153,-1123]],[[27676,40182],[-401,-390],[21,-1116]],[[27296,38676],[-259,316],[-1193,142]],[[25844,39134],[41,2072],[-66,422]],[[25854,42257],[1497,-100],[189,81]],[[42942,43581],[-369,356],[-591,-1311]],[[41982,42626],[-295,-155]],[[41808,45512],[353,419],[563,48],[335,-870],[-117,-1528]],[[37972,45853],[-272,-367],[43,-607]],[[37743,44879],[-128,-810],[-201,-15],[-316,-3293],[-293,-1211]],[[36534,44960],[258,288],[733,145],[163,453]],[[37107,47455],[519,-673],[32,-668]],[[36390,45775],[373,1310],[8,688]],[[36771,47773],[336,-318]],[[24646,53379],[-467,-103],[-35,-305],[-1178,-106],[-123,885],[-370,451]],[[22473,54201],[366,-9],[142,803],[744,-23],[182,468],[29,1022],[272,261]],[[21956,54212],[-416,-197]],[[19741,56544],[421,-183],[1026,-14],[504,-361],[14,-873],[196,-106],[54,-795]],[[72500,58869],[333,-665],[727,-756],[695,145]],[[31521,56258],[-191,-477]],[[31330,55781],[-379,-199],[-209,-729],[-138,-1494],[171,-554]],[[30775,52805],[-381,-220],[-358,798]],[[30036,53383],[-26,2209],[-272,870]],[[29738,56462],[-9,94]],[[30417,57796],[494,-218],[388,-684],[291,-105],[-69,-531]],[[41527,40903],[-59,-986],[787,-350],[877,-1001]],[[43132,38566],[-49,-604],[239,-344]],[[43322,37618],[-114,-1385],[31,-1361],[-142,-520]],[[43097,34352],[-351,595],[-448,78],[-772,982],[-188,755],[-707,226]],[[40631,36988],[239,792],[-362,465],[292,579],[-115,559],[155,944]],[[40840,40327],[29,996]],[[40869,41323],[521,29],[137,-449]],[[14351,16214],[857,-2165],[257,-1576],[502,-832],[708,-224],[-257,566],[64,1311],[414,518]],[[16896,13812],[713,-917]],[[17609,12895],[488,-1261]],[[18560,11468],[457,132],[249,378]],[[19266,11978],[462,-1231],[66,-1064],[288,-44],[120,-808]],[[20202,8831],[-286,-3],[-517,678],[-1540,512],[-549,-1211],[431,-1403],[-394,-1244]],[[17347,6160],[-127,-2521],[84,-1166]],[[17304,2473],[-886,41],[-1123,-830],[-129,367],[-1041,48],[-65,712],[-322,404],[-656,-678],[-494,138],[-73,572],[-619,-18],[-534,895],[159,511],[-227,1343],[-352,1003],[36,1371],[-316,770],[97,1561],[-914,2390],[-888,1065]],[[8957,14138],[408,57],[903,-966],[399,623],[1259,-105],[658,104],[421,3438]],[[33825,26836],[-894,306]],[[32784,28413],[897,-377],[326,43]],[[15118,28868],[-621,-1564]],[[12962,27126],[-95,1080],[295,405],[280,1153]],[[13442,29764],[691,30]],[[14133,29794],[244,55],[741,-981]],[[25960,34272],[881,145]],[[25888,51248],[210,-507]],[[26098,50741],[-34,-1943]],[[26064,48798],[-454,-100],[-456,564],[-539,-604]],[[24076,48425],[-563,497]],[[23513,48922],[-92,1821]],[[23421,50743],[641,-60],[565,324],[178,891]],[[44602,45820],[-74,-505],[464,-228]],[[44992,45087],[247,-1369]],[[45239,43718],[-89,-1607],[121,-1414]],[[45271,40697],[1,-223]],[[45272,40474],[-165,-1367],[-264,-516]],[[44843,38591],[-138,124]],[[44705,38715],[10,788]],[[44715,39503],[106,2501],[-319,317],[-169,-1049]],[[44333,41272],[-367,-209],[-912,783],[-455,675],[-330,-322],[-287,427]],[[42942,43581],[170,229],[96,1020],[-84,1470]],[[43124,46300],[341,21],[16,-569],[289,454],[832,-386]],[[50370,47429],[-378,-603],[-68,-1575]],[[49924,45251],[-567,494],[-518,761],[-656,1449],[-530,-13]],[[47653,47942],[-323,450],[-131,-326],[-569,325],[-571,918]],[[46059,49309],[190,1226]],[[46949,51130],[352,-468]],[[47301,50662],[291,-362],[568,-228]],[[48160,50072],[2210,-2643]],[[17842,15177],[416,-78],[494,486]],[[18752,15585],[-271,-1587],[-872,-1103]],[[16896,13812],[-1758,1752],[-71,351]],[[21044,9934],[-156,-5],[-278,-1105]],[[20610,8824],[-369,-35]],[[20241,8789],[-39,42]],[[19266,11978],[867,410],[540,1602],[293,216],[383,1586],[411,504]],[[21760,16296],[474,-296],[-103,-2013],[-1087,-4053]],[[25391,15911],[-131,-632],[167,-997]],[[25427,14282],[707,-3632]],[[26134,10650],[-315,-720],[-41,-753],[-432,-1557]],[[25346,7620],[-341,-320],[-15,-590],[-591,705],[-79,507],[-226,-611],[-1021,-740],[-20,-592]],[[23053,5979],[-709,1844]],[[22344,7823],[87,1726]],[[22431,9549],[527,384],[155,635],[-584,728],[620,1414],[381,2385],[-60,1392]],[[23652,16516],[903,166],[836,-771]],[[22431,9549],[-370,298],[-722,100]],[[21339,9947],[578,1808],[541,2198],[-7,2076],[296,131],[457,676]],[[31254,16911],[633,-963]],[[31910,15186],[-892,-730],[-219,-613]],[[30799,13843],[-828,1909],[25,1379]],[[30799,13843],[-1199,-904]],[[28434,15158],[51,302]],[[28485,15460],[266,351],[420,1693]],[[27869,16864],[616,-1404]],[[27997,8161],[-360,-253],[-1958,-149],[-333,-139]],[[26134,10650],[461,761],[-311,3633],[131,2181]],[[26415,17225],[440,669]],[[26855,17894],[377,-718],[637,-312]],[[25427,14282],[471,795],[126,589],[-265,487],[-334,32]],[[25425,16185],[-172,923],[131,700]],[[25475,17920],[940,-695]],[[21699,17731],[61,-1435]],[[27869,16864],[408,1320]],[[28277,18184],[830,43]],[[18393,18090],[887,-485]],[[19280,17605],[-528,-2020]],[[25425,16185],[-34,-274]],[[19280,17605],[-3,526]],[[21339,9947],[-295,-13]],[[28493,19440],[-216,-1256]],[[26855,17894],[-78,1509]],[[19353,25489],[471,462]],[[19824,25951],[499,855]],[[23126,22956],[-38,3851],[334,264]],[[23422,27071],[525,-563],[-143,-1636],[-678,-1916]],[[19824,25951],[-367,1811]],[[19457,27762],[360,598],[850,174]],[[23570,28488],[76,-1211],[-224,-206]],[[22190,28431],[293,269],[1087,-212]],[[36168,26083],[-266,-904]],[[34756,24247],[-773,534],[-166,-840]],[[36805,39550],[125,-83],[1873,-41],[316,-440]],[[39241,43068],[-14,-217],[-671,-377],[-610,-1737]],[[37946,40737],[146,2163],[159,1123]],[[39107,43095],[134,-27]],[[30274,43887],[-27,-842],[216,-480],[365,-62],[153,-844]],[[30981,41659],[-328,-899],[-135,-1710],[146,-714],[-260,-364],[-30,-763]],[[30374,37209],[-455,93]],[[29919,37302],[-675,867]],[[29244,38169],[-188,2558],[-224,206],[109,1421],[-116,265]],[[28825,42619],[212,785]],[[29037,43404],[598,1304]],[[29635,44708],[639,-821]],[[25844,39134],[-29,-995]],[[25815,38139],[-941,55]],[[23856,40302],[-303,801]],[[23553,41103],[-48,1473],[-185,327],[496,1534]],[[23816,44437],[715,-21]],[[19857,43305],[-298,-825],[76,-727],[-146,-987]],[[19489,40766],[-573,95]],[[18916,40861],[-749,188],[-74,231]],[[18093,41280],[45,529],[-499,-187],[-699,162],[-844,621]],[[16092,42993],[692,242],[718,-13],[483,207]],[[17985,43429],[461,-28],[842,1236],[247,138]],[[19535,44775],[322,-1470]],[[42435,33458],[-1188,640],[56,1085]],[[41303,35183],[413,-31],[170,-564],[598,-669]],[[43097,34352],[263,-736]],[[43360,33616],[-232,-272],[23,-1549],[279,-576],[490,179],[405,1058]],[[44325,32456],[-255,-2111]],[[44070,30345],[-1055,-571]],[[41303,35183],[-434,313]],[[40869,35496],[-386,126]],[[40483,35622],[127,1245]],[[40610,36867],[21,121]],[[44715,39503],[-280,657],[-312,47]],[[44123,40207],[-84,572],[334,53],[-40,440]],[[44802,49361],[-180,-472],[-179,-1674]],[[44443,47215],[-1158,437]],[[43285,47652],[-167,342]],[[42945,49320],[443,80],[47,654]],[[43435,50054],[-15,1990]],[[43420,52044],[415,864]],[[15118,28868],[987,663],[724,132]],[[16829,29663],[-101,-2308],[86,-2186],[256,195],[259,-390],[-81,-1127]],[[18997,28708],[71,-781],[389,-165]],[[16829,29663],[1406,-763],[232,-328],[530,136]],[[24264,30112],[503,49],[237,-776]],[[25004,29385],[-969,-95],[-407,-260]],[[23628,29030],[-108,1088]],[[23520,30118],[744,-6]],[[25828,24985],[-81,1840],[-273,624],[120,1117]],[[25594,28566],[57,588],[742,147],[162,793]],[[33038,30680],[382,-267],[-76,-338],[815,-675],[323,-27]],[[45335,36875],[-53,-605],[-284,364],[337,241]],[[51011,54528],[267,-743]],[[51278,53785],[-239,-2648]],[[51039,51137],[-1032,765],[-405,1154]],[[49602,53056],[42,1236]],[[49644,54292],[447,1023]],[[50091,55315],[462,-94],[458,-693]],[[28054,54292],[13,-419]],[[28067,53873],[-62,-956],[-293,-166],[-19,-1631]],[[27693,51120],[-502,189],[-456,-849],[-637,281]],[[25860,54001],[529,93],[288,963]],[[26677,55057],[775,-474],[-52,-347],[654,56]],[[43110,53373],[1,-99]],[[43111,53274],[-542,237]],[[42569,53511],[-498,477]],[[42071,53988],[-240,1452],[73,353]],[[49644,54292],[-323,303],[-355,-561]],[[48966,54034],[-527,1146]],[[48774,56154],[1317,-839]],[[77055,42240],[156,-850],[-49,-1194],[-173,-571],[344,-722],[-173,-1354],[-207,-405],[181,-396],[-58,-942],[312,-391],[12,-516],[-260,-828],[-180,-1186],[-200,-290],[-402,-2329],[-167,-2368],[-232,-793],[-446,-206],[124,-731],[-350,-402]],[[41685,53369],[-85,-1189]],[[39998,50641],[46,837],[461,716],[19,1723]],[[40524,53917],[276,-320],[885,-228]],[[20742,37791],[-221,-224]],[[19968,38015],[165,515],[377,-82],[232,-657]],[[49924,45251],[-838,-1562],[-368,-1318],[-734,-598]],[[47491,42328],[-143,533]],[[47348,42861],[-290,2617],[-605,1091]],[[46525,46882],[1128,1060]],[[28122,48061],[270,-1253]],[[28392,46808],[-436,-856],[-739,-252]],[[27217,45700],[-643,-82],[-410,-321]],[[26164,45297],[10,1183],[-211,261]],[[25963,46741],[201,312],[-3,933],[174,389]],[[26335,48375],[520,0],[573,-424],[352,325],[342,-215]],[[12606,53365],[109,1289],[604,-387],[403,254]],[[30036,53383],[-676,-28],[-934,221],[-359,297]],[[28054,54292],[609,456],[32,1346]],[[28695,56094],[1043,368]],[[22686,35799],[165,-541]],[[22948,33693],[-266,-299],[-585,242]],[[21776,33454],[-115,862]],[[21661,34316],[-137,499],[104,1542]],[[28695,56094],[-165,864],[-268,89],[4,632],[538,1033],[364,93]],[[26164,45297],[-373,-400]],[[25074,45009],[35,1298],[478,498],[376,-64]],[[23628,29030],[-58,-542]],[[21596,28886],[299,1314]],[[23338,30491],[182,-373]],[[40727,29371],[-281,463],[-57,1564]],[[40389,31398],[588,-549],[400,495]],[[40229,27222],[-394,101],[-473,-551],[-876,678],[-722,-141],[-563,202]],[[38945,31244],[1444,154]],[[11002,30818],[1690,-689],[616,88],[134,-453]],[[36731,27792],[-124,-516]],[[34482,29373],[761,2734]],[[43360,33616],[952,-439],[75,-262]],[[44387,32915],[-62,-459]],[[33038,30680],[353,937],[-54,398],[441,1177]],[[33778,33192],[419,123]],[[25004,32348],[-38,-1136],[-650,-479],[-52,-621]],[[23225,32175],[284,-10]],[[18133,32665],[731,157]],[[19450,31045],[-85,-1591],[-368,-746]],[[16829,29663],[99,2249],[277,704],[451,208]],[[17656,32824],[477,-159]],[[28421,37568],[-967,273]],[[27454,37841],[-158,835]],[[27676,40182],[564,-721],[180,-926],[1,-967]],[[22805,39252],[40,-391],[-335,-1710]],[[21734,38819],[246,94],[180,1042]],[[22160,39955],[645,-703]],[[30547,32144],[836,1343]],[[31844,33983],[488,173],[177,-399],[371,56],[320,-422],[169,215],[409,-414]],[[14133,29794],[505,1649],[224,1115],[899,-379],[211,1292]],[[39494,34517],[510,-256]],[[40004,34261],[-69,-957],[-990,-2060]],[[29845,33113],[227,690],[527,699]],[[40483,35622],[-250,-148],[-229,-1213]],[[39749,37138],[861,-271]],[[19895,36053],[17,-1359],[-613,-1172],[-767,-324],[-399,-533]],[[17985,34438],[656,-51],[265,466],[217,973],[255,502]],[[32935,37372],[-37,-777],[243,-750],[498,-309]],[[31720,35404],[400,1498],[815,470]],[[30374,37209],[309,-1067]],[[30448,34776],[-327,711],[-467,13],[-445,527],[318,1192],[392,83]],[[27075,37592],[1,-1047]],[[26869,35645],[-939,595],[-189,-153]],[[25618,36146],[-4,243]],[[25614,36389],[165,1174]],[[25779,37563],[992,-174],[304,203]],[[14709,36098],[-69,-670],[-505,-1690],[-1477,86],[-334,-93]],[[10925,36613],[1208,237],[1234,459],[698,-182],[63,-1118],[581,89]],[[21661,34316],[-664,336],[77,-1073]],[[20742,37791],[384,-180]],[[28491,35998],[93,924],[-122,656]],[[28462,37578],[369,635],[413,-44]],[[9764,30743],[52,2807]],[[14709,36098],[54,1282]],[[14763,37380],[400,345]],[[24874,38194],[19,-1455],[721,-350]],[[22832,36218],[407,124],[547,1017],[-76,827]],[[25815,38139],[-36,-576]],[[19349,6559],[911,-2271]],[[20260,4288],[108,-1701]],[[20368,2587],[-863,245],[-769,-74],[-780,-268],[-652,-17]],[[17347,6160],[535,306],[1467,93]],[[61853,30157],[-222,107],[-21,-1229],[-801,-1326],[-655,150]],[[61840,34782],[1142,-213],[549,-489]],[[28421,37568],[41,10]],[[27075,37592],[379,249]],[[32935,37372],[485,777]],[[25594,28566],[-246,-236],[-318,385],[-26,670]],[[15219,37837],[-15,807],[303,760]],[[19800,38027],[251,2108]],[[20051,40135],[884,515]],[[20935,40650],[264,-506],[153,-1479]],[[19489,40766],[562,-631]],[[18264,38018],[405,954],[314,1415],[-67,474]],[[22805,39252],[407,308],[153,1534]],[[23365,41094],[188,9]],[[32350,41139],[173,-190]],[[32523,40949],[-28,-622],[222,-320],[403,353]],[[33120,40360],[616,-89]],[[33736,40271],[250,-667]],[[30981,41659],[258,128]],[[17892,38562],[201,2718]],[[14763,37380],[86,664],[-150,803],[137,426],[-777,514],[-1197,285],[-1716,1228]],[[40840,40327],[-450,-42],[-260,-852],[87,-540],[-444,-218],[-150,-796]],[[36805,39550],[918,817],[223,370]],[[39241,43068],[44,-18]],[[39285,43050],[502,-409],[281,52]],[[40068,42693],[237,-816],[468,-96],[96,-458]],[[43322,37618],[386,1299]],[[43708,38917],[212,-145],[256,642],[234,-14]],[[44410,39400],[147,-995]],[[44557,38405],[179,-524],[107,710]],[[45272,40474],[188,-22],[17,-1097],[213,-353],[49,-902],[350,-114],[-229,-1257],[27,-592],[-322,-722],[-545,-57],[-633,-2443]],[[21392,42004],[-459,-1079]],[[20933,40925],[-174,11],[-13,1780],[-365,27],[31,533]],[[20412,43276],[850,164]],[[21262,43440],[194,-822],[-64,-614]],[[33736,40271],[475,1678],[389,1920]],[[34600,43869],[4,21]],[[20933,40925],[2,-275]],[[19857,43305],[555,-29]],[[33114,44225],[960,-102],[526,-254]],[[33120,40360],[54,710],[-258,661],[-367,-315],[-26,-467]],[[37743,44879],[357,-416]],[[21888,44151],[625,-225],[-215,-2208]],[[22298,41718],[-906,286]],[[19760,50207],[-213,-447],[-442,-152]],[[19105,49608],[-759,629],[-186,490]],[[18160,50727],[-183,2252]],[[39848,50295],[-732,171]],[[39116,50466],[-12,494]],[[39104,50960],[-8,1168],[185,446],[385,-35],[-45,890],[184,550]],[[39805,53979],[719,-62]],[[45983,54148],[-13,-1671]],[[45055,51984],[196,2316]],[[45255,54566],[728,-418]],[[30775,52805],[17,11]],[[30792,52816],[229,-1226]],[[31021,51590],[-471,-2320]],[[30550,49270],[-326,1123],[-356,133]],[[29868,50526],[-763,442],[58,383],[-391,-163],[-168,-541]],[[28604,50647],[-537,86],[-374,387]],[[47870,54008],[817,-1180],[279,1206]],[[49602,53056],[-403,-994],[-492,-618]],[[48707,51444],[-694,448],[-146,-574],[-412,-26],[-154,-630]],[[45983,54148],[194,515]],[[27217,45700],[14,-346],[603,-391],[130,-492],[312,66],[155,-601],[606,-532]],[[28825,42619],[-241,220],[-745,99],[-299,-700]],[[19535,44775],[97,277]],[[19632,45052],[105,353]],[[19737,45405],[1012,-288],[52,422],[400,-21]],[[17883,45478],[-7,-1256],[109,-793]],[[45587,46946],[-68,-669],[328,-586],[64,-808],[339,-314],[-76,-596]],[[46174,43973],[-935,-255]],[[44992,45087],[-80,1313]],[[17891,45702],[534,40]],[[18425,45742],[479,-117],[728,-573]],[[47348,42861],[-205,-46],[-406,784],[-563,374]],[[35292,45656],[258,552],[153,1169]],[[35703,47377],[197,753],[654,-96],[217,-261]],[[35679,48210],[24,-833]],[[34899,45355],[-160,469],[-11,895]],[[33546,46375],[-220,-185]],[[32680,47132],[254,1440]],[[32934,48572],[562,196]],[[45885,49338],[174,-29]],[[44443,47215],[131,-593]],[[44574,46622],[28,-802]],[[43124,46300],[161,1352]],[[22012,48900],[61,-384],[775,8],[-32,-1403],[246,-352],[116,-1190],[302,-232],[336,-910]],[[23365,41094],[-351,214],[-745,36]],[[22269,41344],[29,374]],[[21429,46647],[-242,980]],[[21815,49039],[197,-139]],[[24714,47841],[21,-2166],[342,-1002]],[[22012,48900],[482,186],[1019,-164]],[[42205,50520],[828,-466],[402,0]],[[30550,49270],[-150,-197],[87,-1243],[-131,-496],[119,-935],[398,-948]],[[30873,45451],[-599,-1564]],[[29635,44708],[-319,873],[10,444],[-519,174],[-415,609]],[[28122,48061],[414,2112]],[[28536,50173],[487,-416],[-83,-559],[315,-22],[91,552],[523,409],[-1,389]],[[20230,47000],[-493,-1595]],[[18425,45742],[0,1109],[328,493],[352,2264]],[[48707,51444],[-65,-671],[-482,-701]],[[21722,50698],[1027,182],[672,-137]],[[37989,51142],[621,-774],[193,-605],[283,-34]],[[39086,49729],[-29,-1347]],[[38520,47853],[-181,553],[-831,498]],[[37508,48904],[-77,951],[-185,408],[278,1283]],[[37524,51546],[465,-404]],[[17450,48456],[438,-4],[290,966],[-129,374],[111,935]],[[28604,50647],[-68,-474]],[[26335,48375],[-271,423]],[[32265,49600],[669,-1028]],[[31610,45561],[-737,-110]],[[31021,51590],[383,-868],[515,-425],[346,-697]],[[36238,52229],[-221,-104],[-60,-1076],[477,700],[110,-599],[-285,-835],[427,-467],[20,488],[336,-100],[-2,462],[-349,-44],[-22,1307]],[[36669,51961],[855,-415]],[[37508,48904],[-401,-1449]],[[35432,53163],[806,-934]],[[32265,49600],[32,2136],[766,691],[70,833]],[[42108,51693],[534,688],[-73,1130]],[[43111,53274],[29,-1159],[280,-71]],[[39639,54549],[166,-570]],[[39104,50960],[-1115,182]],[[37524,51546],[124,374]],[[17063,53844],[352,54]],[[21956,54212],[517,-11]],[[30792,52816],[508,95],[83,596],[-53,2274]],[[31521,56258],[1466,-33]],[[40389,31398],[413,2625],[-198,483],[265,990]],[[47021,56129],[-490,223]],[[46659,59091],[235,-840],[596,140],[57,-1764]],[[23053,5979],[-20,-209],[-1885,82]],[[21148,5852],[87,895],[-92,1044]],[[21143,7791],[1201,32]],[[21148,5852],[-608,-908],[-280,-656]],[[19349,6559],[856,1067],[36,1163]],[[20610,8824],[-82,-334],[331,-771],[284,72]],[[8957,14138],[-1090,1091],[-516,-814],[-224,4],[-368,-670],[-595,-413],[-401,225],[-12,-958],[-553,-616],[-1221,-2407],[-876,54],[-200,-166],[-1022,369],[-93,521],[-521,348],[-313,-103],[-301,1533],[41,411],[-344,558],[120,681],[-87,1638],[-266,-73],[-115,802],[596,582],[130,-666],[216,929],[590,448],[200,706],[-389,1713],[-286,600],[-356,-340],[-72,1623],[182,444],[-71,948],[602,1319],[59,689],[-559,231],[81,903],[-230,508],[622,270],[-40,739],[546,-68],[-250,606],[-66,759],[-218,-226],[-571,556],[-260,590],[235,92],[656,-792],[1647,-903],[336,-35],[933,-949],[484,3686],[1744,411],[-304,2131],[55,2728],[130,561],[759,35],[2411,1663]],[[22160,39955],[109,1389]],[[10925,36613],[221,4687]],[[46224,40224],[-953,473]],[[46174,43973],[-270,-525],[97,-861],[-12,-1436]],[[52658,60066],[-265,-1186],[-408,-2417],[-423,-1180],[-228,-62],[-109,646],[172,596]],[[51397,56463],[3,571],[-554,146],[-230,778],[-1202,1600],[-883,170],[-805,694],[-289,908]],[[51397,56463],[-239,-180],[-147,-1755]],[[46844,61967],[53,158]],[[42071,53988],[-386,-619]],[[56004,40885],[-910,470],[-905,63],[-1118,1483],[-44,464],[74,3321],[-1679,1468]],[[51422,48154],[923,484],[-374,1156],[41,1560],[-264,2083],[-470,348]],[[41687,42471],[-160,-1568]],[[40068,42693],[38,483],[360,881]],[[51039,51137],[-100,-840],[197,-1259],[286,-884]],[[51422,48154],[-1052,-725]],[[39116,50466],[-30,-737]],[[36669,51961],[-431,268]],[[35699,56130],[757,17]],[[32042,10209],[-195,-1115],[-524,-1662],[305,-977],[-242,-313],[277,-600],[519,-445],[-51,-561],[313,-498],[-23,-863],[159,-350],[518,-254],[-178,-898],[58,-1155],[-619,-518],[-601,185],[-753,830],[-476,728],[-384,-468],[-606,509],[-546,-117],[-441,165],[-303,559],[-361,-129],[-861,73],[-332,467],[-392,-217],[-575,599],[-612,-612],[-890,175],[-1054,-126],[-1392,202],[-1412,-236]],[[61454,61972],[-96,-719]],[[51552,83079],[645,535]],[[64528,38807],[-636,587]],[[63892,39394],[254,1002],[-206,581],[-43,1862],[-390,435],[32,1076],[282,994],[-433,642],[-31,388]],[[47203,30033],[-125,1180],[361,-186],[-236,-994]],[[56299,34426],[166,-611],[-477,-1008],[-415,-292],[-217,431],[-16,981],[-320,408],[186,532],[412,171],[63,-656],[-146,-936],[405,-291],[275,1918],[84,-647]],[[44123,40207],[-416,241],[-615,-645],[40,-1237]],[[32658,78435],[-112,618],[-268,81],[-59,654],[522,210],[-125,1193],[291,245],[518,-53],[220,-808],[369,-96],[-156,-2059]],[[44557,38405],[148,310]],[[43708,38917],[400,648],[15,642]],[[44896,46574],[-322,48]],[[44735,62005],[308,189]],[[46040,64421],[-209,-1130],[386,-507],[-202,-396]],[[25619,56242],[898,-172],[160,-1013]],[[39285,43050],[149,770]],[[63892,39394],[-594,-149],[-633,-1496],[-562,278],[-18,553]],[[57214,27412],[-526,-863],[-2544,-613],[-656,-1290],[-546,147],[-717,-71]],[[51598,24067],[24,-1608],[-273,-411],[195,-498],[42,-1105],[209,-491],[-47,-621],[236,-476],[-190,-1294],[-714,1538],[-1806,442],[185,526],[-1376,2755]],[[47906,23208],[-365,1039],[352,855],[426,333],[193,524],[-207,822],[-289,336],[-375,-215],[-537,107],[-359,-390]],[[46070,26636],[184,961],[-443,284],[111,565],[-315,659],[-945,839],[-210,-626],[-78,1169],[-304,-142]]],"transform":{"scale":[1.3730537305373085e-05,7.185071850718495e-06],"translate":[76.40366,11.59556]},"objects":{"villages":{"type":"GeometryCollection","geometries":[{"arcs":[[0,1,2,3,4]],"type":"Polygon","properties":{"n":"Doddinduvadi","c":619828,"d":"Chamarajanagara","s":"KARNATAKA"}},{"arcs":[[5,6,7,8]],"type":"Polygon","properties":{"n":"Mullur","c":619838,"d":"Chamarajanagara","s":"KARNATAKA"}},{"arcs":[[9,10,11,12,13,14,15,16]],"type":"Polygon","properties":{"n":"KOLLEGALA","c":938741,"d":"Chamarajanagara","s":"KARNATAKA"}},{"arcs":[[17,18,19,20,21,22,23,24]],"type":"Polygon","properties":{"n":"Bandalli","c":619855,"d":"Chamarajanagara","s":"KARNATAKA"}},{"arcs":[[25,26,27,28]],"type":"Polygon","properties":{"n":"Navilur","c":619602,"d":"Chamarajanagara","s":"KARNATAKA"}},{"arcs":[[29,30,31,32]],"type":"Polygon","properties":{"n":"Gundegala","c":619824,"d":"Chamarajanagara","s":"KARNATAKA"}},{"arcs":[[[33,34,35,36,37]],[[38,39,40]]],"type":"MultiPolygon","properties":{"n":"Hanahalli","c":619644,"d":"Chamarajanagara","s":"KARNATAKA"}},{"arcs":[[41,42,43,44]],"type":"Polygon","properties":{"n":"Duggahatti","c":619801,"d":"Chamarajanagara","s":"KARNATAKA"}},{"arcs":[[45,46,-40,47,48,49,50]],"type":"Polygon","properties":{"n":"Kuderu","c":619613,"d":"Chamarajanagara","s":"KARNATAKA"}},{"arcs":[[51,52,53,54,55,56,57,58]],"type":"Polygon","properties":{"n":"Ganiganur","c":619795,"d":"Chamarajanagara","s":"KARNATAKA"}},{"arcs":[[59,60,61,62]],"type":"Polygon","properties":{"n":"Basavatti","c":619617,"d":"Chamarajanagara","s":"KARNATAKA"}},{"arcs":[[63,64,65,66,67,68,69,70,71,72,73,74,75,76,77,78,79,80,81,82,83,84,85,86],[87],[88]],"type":"Polygon","properties":{"n":"Reserved Forest","c":0,"d":"Chamarajanagara","s":"KARNATAKA"}},{"arcs":[[89]],"type":"Polygon","properties":{"n":"Changadi","c":619884,"d":"Chamarajanagara","s":"KARNATAKA"}},{"arcs":[[90,91,92,93,94]],"type":"Polygon","properties":{"n":"Bhadrayyanahalli","c":619890,"d":"Chamarajanagara","s":"KARNATAKA"}},{"arcs":[[95,96,97,98,99,100]],"type":"Polygon","properties":{"n":"Bagali","c":619605,"d":"Chamarajanagara","s":"KARNATAKA"}},{"arcs":[[101,102,103,104,105,106,107]],"type":"Polygon","properties":{"n":"Thelanur","c":619607,"d":"Chamarajanagara","s":"KARNATAKA"}},{"arcs":[[108,109,110,111,112,113,114,115]],"type":"Polygon","properties":{"n":"Kesthur","c":619785,"d":"Chamarajanagara","s":"KARNATAKA"}},{"arcs":[[116,117,-20]],"type":"Polygon","properties":{"n":"Byranatha","c":619857,"d":"Chamarajanagara","s":"KARNATAKA"}},{"arcs":[[118,119,120,121,122,123,124]],"type":"Polygon","properties":{"n":"A.Devarahalli","c":619792,"d":"Chamarajanagara","s":"KARNATAKA"}},{"arcs":[[125,126,-5,127,128,129,130]],"type":"Polygon","properties":{"n":"Ikkadahalli","c":619819,"d":"Chamarajanagara","s":"KARNATAKA"}},{"arcs":[[131]],"type":"Polygon","properties":{"n":"C.M.Samudra","c":619813,"d":"Chamarajanagara","s":"KARNATAKA"}},{"arcs":[[132,133,-131,134,135]],"type":"Polygon","properties":{"n":"Chikkilur","c":619818,"d":"Chamarajanagara","s":"KARNATAKA"}},{"arcs":[[136,-12,137]],"type":"Polygon","properties":{"n":"Basthipura","c":938739,"d":"Chamarajanagara","s":"KARNATAKA"}},{"arcs":[[138,139,-74,140,-72,141,142,-92,143,144,145,146],[-90],[147],[148],[149],[150],[151],[152],[153],[154],[155],[156],[157],[158],[159],[160],[161]],"type":"Polygon","properties":{"n":"Reserved Forest","c":0,"d":"Chamarajanagara","s":"KARNATAKA"}},{"arcs":[[162,-135,-130,163,164,165,166],[-132],[167]],"type":"Polygon","properties":{"n":"Sathegala","c":619814,"d":"Chamarajanagara","s":"KARNATAKA"}},{"arcs":[[168,169,170,171,172]],"type":"Polygon","properties":{"n":"Hangalapura","c":619573,"d":"Chamarajanagara","s":"KARNATAKA"}},{"arcs":[[173,174,175,176,177,178,179]],"type":"Polygon","properties":{"n":"Madalavadi","c":619728,"d":"Chamarajanagara","s":"KARNATAKA"}},{"arcs":[[180,181,182,183,184,185,186]],"type":"Polygon","properties":{"n":"Yanagumba","c":619731,"d":"Chamarajanagara","s":"KARNATAKA"}},{"arcs":[[187,188,189,190,191,192]],"type":"Polygon","properties":{"n":"Kallipura","c":619566,"d":"Chamarajanagara","s":"KARNATAKA"}},{"arcs":[[193,194,195,196,197]],"type":"Polygon","properties":{"n":"Vadeyanapura","c":619580,"d":"Chamarajanagara","s":"KARNATAKA"}},{"arcs":[[198,199,200,-188,201]],"type":"Polygon","properties":{"n":"Devarahalli","c":619568,"d":"Chamarajanagara","s":"KARNATAKA"}},{"arcs":[[-171,202,203,204,-200,205]],"type":"Polygon","properties":{"n":"Hangala","c":619574,"d":"Chamarajanagara","s":"KARNATAKA"}},{"arcs":[[206,207,-181,208,209]],"type":"Polygon","properties":{"n":"Vaddarahalli","c":619734,"d":"Chamarajanagara","s":"KARNATAKA"}},{"arcs":[[210,211]],"type":"Polygon","properties":{"n":"Mukanapalya","c":619784,"d":"Chamarajanagara","s":"KARNATAKA"}},{"arcs":[[212,213,214,215,216,217,218,219,220,-198,221]],"type":"Polygon","properties":{"n":"Kodasoge","c":619539,"d":"Chamarajanagara","s":"KARNATAKA"}},{"arcs":[[222,-186,223,224]],"type":"Polygon","properties":{"n":"Achattipura","c":619732,"d":"Chamarajanagara","s":"KARNATAKA"}},{"arcs":[[225,226,227,228,229]],"type":"Polygon","properties":{"n":"Sheelavanthapura","c":619537,"d":"Chamarajanagara","s":"KARNATAKA"}},{"arcs":[[230,231,-209,-187,-223,232,233]],"type":"Polygon","properties":{"n":"Yanagahalli","c":619733,"d":"Chamarajanagara","s":"KARNATAKA"}},{"arcs":[[234,-202,-193,235,236]],"type":"Polygon","properties":{"n":"Honnegowdanahalli","c":619564,"d":"Chamarajanagara","s":"KARNATAKA"}},{"arcs":[[237,238,239,240]],"type":"Polygon","properties":{"n":"Huttur","c":619535,"d":"Chamarajanagara","s":"KARNATAKA"}},{"arcs":[[241,242]],"type":"Polygon","properties":{"n":"Punajanur","c":619783,"d":"Chamarajanagara","s":"KARNATAKA"}},{"arcs":[[243,244,245]],"type":"Polygon","properties":{"n":"Basavapura","c":619570,"d":"Chamarajanagara","s":"KARNATAKA"}},{"arcs":[[246,247,-233,-225,-174,248,249]],"type":"Polygon","properties":{"n":"Kilagere","c":619727,"d":"Chamarajanagara","s":"KARNATAKA"}},{"arcs":[[-240,250,-230,251,252]],"type":"Polygon","properties":{"n":"Depapura","c":619536,"d":"Chamarajanagara","s":"KARNATAKA"}},{"arcs":[[253,254,255,256,257,258,259,260]],"type":"Polygon","properties":{"n":"Kodahalli","c":619515,"d":"Chamarajanagara","s":"KARNATAKA"}},{"arcs":[[261,262,263,264,265]],"type":"Polygon","properties":{"n":"Hirebegur","c":619682,"d":"Chamarajanagara","s":"KARNATAKA"}},{"arcs":[[266,267,268,269,270,271]],"type":"Polygon","properties":{"n":"Bettadapura","c":619694,"d":"Chamarajanagara","s":"KARNATAKA"}},{"arcs":[[272,273]],"type":"Polygon","properties":{"n":"Honnegowdanahalli","c":619779,"d":"Chamarajanagara","s":"KARNATAKA"}},{"arcs":[[274,275,276]],"type":"Polygon","properties":{"n":"Linganapura","c":619738,"d":"Chamarajanagara","s":"KARNATAKA"}},{"arcs":[[277,278,-52,279]],"type":"Polygon","properties":{"n":"Vadagere","c":619810,"d":"Chamarajanagara","s":"KARNATAKA"}},{"arcs":[[-83,280,281,282,283]],"type":"Polygon","properties":{"n":"Lokkanahalli","c":619874,"d":"Chamarajanagara","s":"KARNATAKA"}},{"arcs":[[284,-43,285,286,287,-61]],"type":"Polygon","properties":{"n":"Santhemarahalli","c":619618,"d":"Chamarajanagara","s":"KARNATAKA"}},{"arcs":[[288,289,290,-278,291,292,293]],"type":"Polygon","properties":{"n":"Gowdahalli","c":619797,"d":"Chamarajanagara","s":"KARNATAKA"}},{"arcs":[[-62,-288,294,295,296]],"type":"Polygon","properties":{"n":"Desavalli","c":619616,"d":"Chamarajanagara","s":"KARNATAKA"}},{"arcs":[[-16,297,298,299]],"type":"Polygon","properties":{"n":"Harale","c":619841,"d":"Chamarajanagara","s":"KARNATAKA"}},{"arcs":[[300,301,302,303]],"type":"Polygon","properties":{"n":"Bataguppa","c":619859,"d":"Chamarajanagara","s":"KARNATAKA"}},{"arcs":[[304,305,306]],"type":"Polygon","properties":{"n":"Bannisarige","c":619790,"d":"Chamarajanagara","s":"KARNATAKA"}},{"arcs":[[-142,-71,307,308,309]],"type":"Polygon","properties":{"n":"Doddalathur","c":619892,"d":"Chamarajanagara","s":"KARNATAKA"}},{"arcs":[[310,311,312,313,314,315,316,317]],"type":"Polygon","properties":{"n":"Ambale","c":619807,"d":"Chamarajanagara","s":"KARNATAKA"}},{"arcs":[[318,-54]],"type":"Polygon","properties":{"n":"Komaranapura","c":619809,"d":"Chamarajanagara","s":"KARNATAKA"}},{"arcs":[[319,320,321,322,323]],"type":"Polygon","properties":{"n":"Uddanur","c":619861,"d":"Chamarajanagara","s":"KARNATAKA"}},{"arcs":[[324,325,326]],"type":"Polygon","properties":{"n":"Heggavadi","c":619676,"d":"Chamarajanagara","s":"KARNATAKA"}},{"arcs":[[327,328,329,-165]],"type":"Polygon","properties":{"n":"Uganiya","c":619816,"d":"Chamarajanagara","s":"KARNATAKA"}},{"arcs":[[330,331,332,333,334,335]],"type":"Polygon","properties":{"n":"Badanaguppe","c":619649,"d":"Chamarajanagara","s":"KARNATAKA"}},{"arcs":[[-44,-285,-60,336,337]],"type":"Polygon","properties":{"n":"Jodimellahalli","c":619800,"d":"Chamarajanagara","s":"KARNATAKA"}},{"arcs":[[338,339,340,341,342,-314,343]],"type":"Polygon","properties":{"n":"Boodamballi","c":619625,"d":"Chamarajanagara","s":"KARNATAKA"}},{"arcs":[[344,345,346,-45,-338,347,348]],"type":"Polygon","properties":{"n":"Yelandur Rural","c":619802,"d":"Chamarajanagara","s":"KARNATAKA"}},{"arcs":[[-50,349,350]],"type":"Polygon","properties":{"n":"Mudala Agrahara","c":619612,"d":"Chamarajanagara","s":"KARNATAKA"}},{"arcs":[[-85,351,352,353,-322,354]],"type":"Polygon","properties":{"n":"Belathur","c":619862,"d":"Chamarajanagara","s":"KARNATAKA"}},{"arcs":[[355,-296,356,357,358,359]],"type":"Polygon","properties":{"n":"Heggavadipura","c":619615,"d":"Chamarajanagara","s":"KARNATAKA"}},{"arcs":[[360,361,362,-353,363,364,365,366]],"type":"Polygon","properties":{"n":"Chikkamalapura","c":619872,"d":"Chamarajanagara","s":"KARNATAKA"}},{"arcs":[[-31,367,368,369,370]],"type":"Polygon","properties":{"n":"Madhuvanahalli","c":619826,"d":"Chamarajanagara","s":"KARNATAKA"}},{"arcs":[[-4,371,372,-128]],"type":"Polygon","properties":{"n":"Chikkinduvadi","c":619820,"d":"Chamarajanagara","s":"KARNATAKA"}},{"arcs":[[-370,373,374,-10,375,376]],"type":"Polygon","properties":{"n":"Siddayyanapura","c":619844,"d":"Chamarajanagara","s":"KARNATAKA"}},{"arcs":[[377,378,379,380]],"type":"Polygon","properties":{"n":"Boodabalu","c":619850,"d":"Chamarajanagara","s":"KARNATAKA"}},{"arcs":[[381,382]],"type":"Polygon","properties":{"n":"Hosamalangi","c":619832,"d":"Chamarajanagara","s":"KARNATAKA"}},{"arcs":[[383,384,-344,-313]],"type":"Polygon","properties":{"n":"Erasavadi","c":619626,"d":"Chamarajanagara","s":"KARNATAKA"}},{"arcs":[[385,-139]],"type":"Polygon","properties":{"n":"Gopinatham","c":619886,"d":"Chamarajanagara","s":"KARNATAKA"}},{"arcs":[[-343,386,387,388,389,390,391,-315]],"type":"Polygon","properties":{"n":"Gulipura","c":619624,"d":"Chamarajanagara","s":"KARNATAKA"}},{"arcs":[[392,393,-286,-42,-347]],"type":"Polygon","properties":{"n":"Avalkandalli","c":619805,"d":"Chamarajanagara","s":"KARNATAKA"}},{"arcs":[[394,395,-25,396]],"type":"Polygon","properties":{"n":"Shagya","c":619853,"d":"Chamarajanagara","s":"KARNATAKA"}},{"arcs":[[-330,397,398,-166]],"type":"Polygon","properties":{"n":"Dhanagere","c":619815,"d":"Chamarajanagara","s":"KARNATAKA"}},{"arcs":[[[-149]],[[-150]]],"type":"MultiPolygon","properties":{"n":"Ponnachi","c":619885,"d":"Chamarajanagara","s":"KARNATAKA"}},{"arcs":[[399,400,401,402,403]],"type":"Polygon","properties":{"n":"Thimmarajipura","c":619849,"d":"Chamarajanagara","s":"KARNATAKA"}},{"arcs":[[-100,404,405,406,407]],"type":"Polygon","properties":{"n":"Jannur","c":619604,"d":"Chamarajanagara","s":"KARNATAKA"}},{"arcs":[[408,409,410,411,-367,412,413,-2,414]],"type":"Polygon","properties":{"n":"Modahalli","c":619867,"d":"Chamarajanagara","s":"KARNATAKA"}},{"arcs":[[415,416,-306,417,418,-110,419,420,421,422]],"type":"Polygon","properties":{"n":"Agara","c":619789,"d":"Chamarajanagara","s":"KARNATAKA"}},{"arcs":[[-11,-375,423,-403,424,-138]],"type":"Polygon","properties":{"n":"Linganapura","c":619845,"d":"Chamarajanagara","s":"KARNATAKA"}},{"arcs":[[425]],"type":"Polygon","properties":{"n":"HOSALLI","c":0,"d":"Chamarajanagara","s":"KARNATAKA"}},{"arcs":[[-13,-137,-425,-402,426,427,-416,428,429]],"type":"Polygon","properties":{"n":"MUDIGUNDAM","c":938742,"d":"Chamarajanagara","s":"KARNATAKA"}},{"arcs":[[-396,430,431,-18]],"type":"Polygon","properties":{"n":"Goreyur","c":619854,"d":"Chamarajanagara","s":"KARNATAKA"}},{"arcs":[[-145,432,-94,433,434,435,436,-431,-395,437],[-426]],"type":"Polygon","properties":{"n":" Reserved Forest","c":0,"d":"Chamarajanagara","s":"KARNATAKA"}},{"arcs":[[438,439,-120,440,-307,-417,-428]],"type":"Polygon","properties":{"n":"Kunagalli","c":619846,"d":"Chamarajanagara","s":"KARNATAKA"}},{"arcs":[[441,-68,442,-66,443]],"type":"Polygon","properties":{"n":"Suleri Palya","c":619894,"d":"Chamarajanagara","s":"KARNATAKA"}},{"arcs":[[-394,444,-316,-392,445,446,-287]],"type":"Polygon","properties":{"n":"Kempanapura","c":619619,"d":"Chamarajanagara","s":"KARNATAKA"}},{"arcs":[[447,-38,448,-41,-47,449,-358]],"type":"Polygon","properties":{"n":"Yalakkur","c":619643,"d":"Chamarajanagara","s":"KARNATAKA"}},{"arcs":[[-359,-450,-46,450,451]],"type":"Polygon","properties":{"n":"Heggavadi","c":619614,"d":"Chamarajanagara","s":"KARNATAKA"}},{"arcs":[[-435,452,-309,453,454,-444,-65,455]],"type":"Polygon","properties":{"n":"Ajjipura","c":619866,"d":"Chamarajanagara","s":"KARNATAKA"}},{"arcs":[[456,-294,457,-124]],"type":"Polygon","properties":{"n":"Malarpalya","c":619796,"d":"Chamarajanagara","s":"KARNATAKA"}},{"arcs":[[458,459,460,-121,-440]],"type":"Polygon","properties":{"n":"Arepalya","c":619847,"d":"Chamarajanagara","s":"KARNATAKA"}},{"arcs":[[-58,461,462,-349,463,-112,464]],"type":"Polygon","properties":{"n":"Yeriyur","c":619803,"d":"Chamarajanagara","s":"KARNATAKA"}},{"arcs":[[465,-63,-297,-356,466,-104]],"type":"Polygon","properties":{"n":"Kavudavadi","c":619608,"d":"Chamarajanagara","s":"KARNATAKA"}},{"arcs":[[-464,-348,-337,-466,-103,467,-113]],"type":"Polygon","properties":{"n":"Honnur","c":619799,"d":"Chamarajanagara","s":"KARNATAKA"}},{"arcs":[[[-289,-457,-123]],[[-125,-458,-293,468,469]]],"type":"MultiPolygon","properties":{"n":"Alkereagrahara","c":619794,"d":"Chamarajanagara","s":"KARNATAKA"}},{"arcs":[[470,-451,-51,-351,471,-98]],"type":"Polygon","properties":{"n":"Demahalli","c":619610,"d":"Chamarajanagara","s":"KARNATAKA"}},{"arcs":[[-99,-472,-350,-49,472,-405]],"type":"Polygon","properties":{"n":"Ummathur","c":619611,"d":"Chamarajanagara","s":"KARNATAKA"}},{"arcs":[[-323,-354,-363,473]],"type":"Polygon","properties":{"n":"Gangadharakatte","c":619870,"d":"Chamarajanagara","s":"KARNATAKA"}},{"arcs":[[474,-105,-467,-360,-452,-471,-97]],"type":"Polygon","properties":{"n":"Kamaravadi","c":619609,"d":"Chamarajanagara","s":"KARNATAKA"}},{"arcs":[[-436,-456,-64,475]],"type":"Polygon","properties":{"n":"Ellemala","c":619865,"d":"Chamarajanagara","s":"KARNATAKA"}},{"arcs":[[-469,-292,-280,-59,-465,-111,-419]],"type":"Polygon","properties":{"n":"Maddur","c":619793,"d":"Chamarajanagara","s":"KARNATAKA"}},{"arcs":[[476,-361,-412]],"type":"Polygon","properties":{"n":"Channalinganahalli","c":619871,"d":"Chamarajanagara","s":"KARNATAKA"}},{"arcs":[[-305,-441,-119,-470,-418]],"type":"Polygon","properties":{"n":"Shivakahalli","c":619791,"d":"Chamarajanagara","s":"KARNATAKA"}},{"arcs":[[-91,477,-144]],"type":"Polygon","properties":{"n":"Kurahatti Hosur","c":619888,"d":"Chamarajanagara","s":"KARNATAKA"}},{"arcs":[[-475,-96,478,-106]],"type":"Polygon","properties":{"n":"Banahalli","c":619606,"d":"Chamarajanagara","s":"KARNATAKA"}},{"arcs":[[479,-324,-474,-362,-477,-411,480]],"type":"Polygon","properties":{"n":"Kannur","c":619869,"d":"Chamarajanagara","s":"KARNATAKA"}},{"arcs":[[481,-114,-468,-102,482]],"type":"Polygon","properties":{"n":"Alahalli","c":619834,"d":"Chamarajanagara","s":"KARNATAKA"}},{"arcs":[[483,-459,-439,-427,-401]],"type":"Polygon","properties":{"n":"Jakkalli","c":619848,"d":"Chamarajanagara","s":"KARNATAKA"}},{"arcs":[[-86,-355,-321,484,-302,485]],"type":"Polygon","properties":{"n":"Hanur (TP)","c":803204,"d":"Chamarajanagara","s":"KARNATAKA"}},{"arcs":[[486,487,-481,-410,488]],"type":"Polygon","properties":{"n":"Anapura","c":619868,"d":"Chamarajanagara","s":"KARNATAKA"}},{"arcs":[[489,-115,-482,490]],"type":"Polygon","properties":{"n":"Chilakavadi","c":619835,"d":"Chamarajanagara","s":"KARNATAKA"}},{"arcs":[[491,-303,-485,-320,-480,-488,492,493]],"type":"Polygon","properties":{"n":"Hullepura","c":619860,"d":"Chamarajanagara","s":"KARNATAKA"}},{"arcs":[[494,495,-491,-483,-108,496,-382]],"type":"Polygon","properties":{"n":"Tagarapura","c":619833,"d":"Chamarajanagara","s":"KARNATAKA"}},{"arcs":[[-414,497,498,-3]],"type":"Polygon","properties":{"n":"Lakshmipura","c":619831,"d":"Chamarajanagara","s":"KARNATAKA"}},{"arcs":[[-118,499,500,-21]],"type":"Polygon","properties":{"n":"Managalli","c":619856,"d":"Chamarajanagara","s":"KARNATAKA"}},{"arcs":[[501,-404,-424,-374,-369]],"type":"Polygon","properties":{"n":"Hondarabalu","c":619825,"d":"Chamarajanagara","s":"KARNATAKA"}},{"arcs":[[502,-407,503,-27]],"type":"Polygon","properties":{"n":"Ganaganur","c":619603,"d":"Chamarajanagara","s":"KARNATAKA"}},{"arcs":[[504,-421,505,-116,-490,-496,506]],"type":"Polygon","properties":{"n":"Kunthur","c":619836,"d":"Chamarajanagara","s":"KARNATAKA"}},{"arcs":[[-372,-499,507,-368,-30,508]],"type":"Polygon","properties":{"n":"Haravanapura","c":619827,"d":"Chamarajanagara","s":"KARNATAKA"}},{"arcs":[[-148]],"type":"Polygon","properties":{"n":"Dantalli","c":619883,"d":"Chamarajanagara","s":"KARNATAKA"}},{"arcs":[[-380,509,-415,-1,-127]],"type":"Polygon","properties":{"n":"Singanallur","c":619829,"d":"Chamarajanagara","s":"KARNATAKA"}},{"arcs":[[-298,-15,510,511]],"type":"Polygon","properties":{"n":"Dasanapura","c":619840,"d":"Chamarajanagara","s":"KARNATAKA"}},{"arcs":[[-511,-14,-430,512,-9,513]],"type":"Polygon","properties":{"n":"Hampapura","c":619839,"d":"Chamarajanagara","s":"KARNATAKA"}},{"arcs":[[514,515,-32,-371,-377]],"type":"Polygon","properties":{"n":"Jinakanahalli","c":619823,"d":"Chamarajanagara","s":"KARNATAKA"}},{"arcs":[[-329,516,-516,517,518,-398]],"type":"Polygon","properties":{"n":"Saragur","c":619822,"d":"Chamarajanagara","s":"KARNATAKA"}},{"arcs":[[-129,-373,-509,-33,-517,-328,-164]],"type":"Polygon","properties":{"n":"Palya","c":619821,"d":"Chamarajanagara","s":"KARNATAKA"}},{"arcs":[[519]],"type":"Polygon","properties":{"n":"Reserved Forest","c":0,"d":"Chamarajanagara","s":"KARNATAKA"}},{"arcs":[[-133,520]],"type":"Polygon","properties":{"n":"Tellanur","c":619817,"d":"Chamarajanagara","s":"KARNATAKA"}},{"arcs":[[-146,-438,-397,-24,521,-381,-126,-134,-521,-136,-163,522],[-520]],"type":"Polygon","properties":{"n":"Reserved Forest","c":0,"d":"Chamarajanagara","s":"KARNATAKA"}},{"arcs":[[-420,-109,-506]],"type":"Polygon","properties":{"n":"Katnavadi","c":619786,"d":"Chamarajanagara","s":"KARNATAKA"}},{"arcs":[[523,-422,-505,524,-7]],"type":"Polygon","properties":{"n":"Teramballi","c":619837,"d":"Chamarajanagara","s":"KARNATAKA"}},{"arcs":[[525,-494,-522,-23]],"type":"Polygon","properties":{"n":"Alagumole","c":619852,"d":"Chamarajanagara","s":"KARNATAKA"}},{"arcs":[[-487,526,-378,-493]],"type":"Polygon","properties":{"n":"Mangala","c":619851,"d":"Chamarajanagara","s":"KARNATAKA"}},{"arcs":[[-501,527,-304,-492,-526,-22]],"type":"Polygon","properties":{"n":"Chinchalli","c":619858,"d":"Chamarajanagara","s":"KARNATAKA"}},{"arcs":[[-143,-310,-453,-434,-93]],"type":"Polygon","properties":{"n":"Cowdalli","c":619891,"d":"Chamarajanagara","s":"KARNATAKA"}},{"arcs":[[-527,-489,-409,-510,-379]],"type":"Polygon","properties":{"n":"Kongarahalli","c":619830,"d":"Chamarajanagara","s":"KARNATAKA"}},{"arcs":[[-36,528,529,530]],"type":"Polygon","properties":{"n":"K.Mookahalli","c":619620,"d":"Chamarajanagara","s":"KARNATAKA"}},{"arcs":[[-498,-413,-366,531,-282,532,-81,533,534,535,536,537,538,539,-460,-484,-400,-502,-508],[540],[541]],"type":"Polygon","properties":{"n":"Reserved Forest","c":0,"d":"Chamarajanagara","s":"KARNATAKA"}},{"arcs":[[-437,-476,-87,-486,-301,-528,-500,-117,-19,-432]],"type":"Polygon","properties":{"n":"D.M.Samudra","c":619864,"d":"Chamarajanagara","s":"KARNATAKA"}},{"arcs":[[542,543,544,545,546,547,548]],"type":"Polygon","properties":{"n":"Ramasamudra Rural","c":619674,"d":"Chamarajanagara","s":"KARNATAKA"}},{"arcs":[[-228,549,-213,550,551]],"type":"Polygon","properties":{"n":"Hullana","c":619538,"d":"Chamarajanagara","s":"KARNATAKA"}},{"arcs":[[552,553]],"type":"Polygon","properties":{"n":"Bachanahalli","c":619560,"d":"Chamarajanagara","s":"KARNATAKA"}},{"arcs":[[554,555,556,557,558,559,560,-190,561,-204]],"type":"Polygon","properties":{"n":"Siddaianapura","c":619575,"d":"Chamarajanagara","s":"KARNATAKA"}},{"arcs":[[562,563,564,565,566]],"type":"Polygon","properties":{"n":"Channamallipura","c":619558,"d":"Chamarajanagara","s":"KARNATAKA"}},{"arcs":[[567,568,-260,569,570,571]],"type":"Polygon","properties":{"n":"Vijayapura Amani","c":619510,"d":"Chamarajanagara","s":"KARNATAKA"}},{"arcs":[[572,573,574,575,576,577,578,579]],"type":"Polygon","properties":{"n":"Nagavalli","c":619759,"d":"Chamarajanagara","s":"KARNATAKA"}},{"arcs":[[580,581,582,583,584]],"type":"Polygon","properties":{"n":"Somasamudra","c":619663,"d":"Chamarajanagara","s":"KARNATAKA"}},{"arcs":[[585,586,587]],"type":"Polygon","properties":{"n":"Ballahalli","c":619461,"d":"Chamarajanagara","s":"KARNATAKA"}},{"arcs":[[588,589,590,591,592,593,594]],"type":"Polygon","properties":{"n":"Kotekere","c":619456,"d":"Chamarajanagara","s":"KARNATAKA"}},{"arcs":[[595,596,-543,597,598]],"type":"Polygon","properties":{"n":"Boodithittu","c":619672,"d":"Chamarajanagara","s":"KARNATAKA"}},{"arcs":[[599,600,601,602,-553,603,-564,604]],"type":"Polygon","properties":{"n":"Berambadi","c":619561,"d":"Chamarajanagara","s":"KARNATAKA"}},{"arcs":[[-192,605,606,607,-600,608,609,-236]],"type":"Polygon","properties":{"n":"Kannegala","c":619563,"d":"Chamarajanagara","s":"KARNATAKA"}},{"arcs":[[-604,-554,610,-565]],"type":"Polygon","properties":{"n":"Maddur","c":619559,"d":"Chamarajanagara","s":"KARNATAKA"}},{"arcs":[[611,612,-234,-248,613,614,615,616]],"type":"Polygon","properties":{"n":"Meluru","c":619726,"d":"Chamarajanagara","s":"KARNATAKA"}},{"arcs":[[617,-261,-569,618]],"type":"Polygon","properties":{"n":"Annur","c":619514,"d":"Chamarajanagara","s":"KARNATAKA"}},{"arcs":[[619,620,621,622]],"type":"Polygon","properties":{"n":"Kengavadi","c":619547,"d":"Chamarajanagara","s":"KARNATAKA"}},{"arcs":[[623,-194,-221,624,625,626,627,628,629]],"type":"Polygon","properties":{"n":"Bommalapura","c":619582,"d":"Chamarajanagara","s":"KARNATAKA"}},{"arcs":[[-629,630,631,632,-256,633]],"type":"Polygon","properties":{"n":"Hullepura","c":619578,"d":"Chamarajanagara","s":"KARNATAKA"}},{"arcs":[[-633,634,635,636,637,-169,638,-257]],"type":"Polygon","properties":{"n":"Shivapura","c":619577,"d":"Chamarajanagara","s":"KARNATAKA"}},{"arcs":[[-561,639,-606,-191]],"type":"Polygon","properties":{"n":"Kunagahalli","c":619565,"d":"Chamarajanagara","s":"KARNATAKA"}},{"arcs":[[-185,640,-183,641,642,643,644,-623,645,-175,-224]],"type":"Polygon","properties":{"n":"Yaraganhalli","c":619729,"d":"Chamarajanagara","s":"KARNATAKA"}},{"arcs":[[646,647,648,649,650,651,652]],"type":"Polygon","properties":{"n":"Bendagalli","c":619488,"d":"Chamarajanagara","s":"KARNATAKA"}},{"arcs":[[653,654,655,656,657,658]],"type":"Polygon","properties":{"n":"Devalapura","c":619484,"d":"Chamarajanagara","s":"KARNATAKA"}},{"arcs":[[659,660,661,662,663,664,665]],"type":"Polygon","properties":{"n":"Vaddarahalli","c":619490,"d":"Chamarajanagara","s":"KARNATAKA"}},{"arcs":[[666,667,668,669,670]],"type":"Polygon","properties":{"n":"Badagalapura","c":619712,"d":"Chamarajanagara","s":"KARNATAKA"}},{"arcs":[[671,672,673,674,675,676,677,678,679,680,681,682,-667,683,684]],"type":"Polygon","properties":{"n":"Amachavadi","c":619721,"d":"Chamarajanagara","s":"KARNATAKA"}},{"arcs":[[685,686,-446,-391,687]],"type":"Polygon","properties":{"n":"Singanapura","c":619622,"d":"Chamarajanagara","s":"KARNATAKA"}},{"arcs":[[688,689,-266,690,691,692]],"type":"Polygon","properties":{"n":"Chikkabegur","c":619681,"d":"Chamarajanagara","s":"KARNATAKA"}},{"arcs":[[693,694,695,-529,-35,696]],"type":"Polygon","properties":{"n":"Sappaiahnapura","c":619646,"d":"Chamarajanagara","s":"KARNATAKA"}},{"arcs":[[697,698,699,700,701,702,703]],"type":"Polygon","properties":{"n":"Bandigowdanahalli","c":619750,"d":"Chamarajanagara","s":"KARNATAKA"}},{"arcs":[[704,705,706,-678]],"type":"Polygon","properties":{"n":"Hagalabele","c":619743,"d":"Chamarajanagara","s":"KARNATAKA"}},{"arcs":[[-641,-184]],"type":"Polygon","properties":{"n":"Shindaiahanapura","c":619730,"d":"Chamarajanagara","s":"KARNATAKA"}},{"arcs":[[707,708,709]],"type":"Polygon","properties":{"n":"Kundakere","c":619555,"d":"Chamarajanagara","s":"KARNATAKA"}},{"arcs":[[710,711,-277,712,713,714]],"type":"Polygon","properties":{"n":"Chowdahalli","c":619739,"d":"Chamarajanagara","s":"KARNATAKA"}},{"arcs":[[715,716,-548,717,718,719,720,721,722,723,724,725]],"type":"Polygon","properties":{"n":"Chamarajanagar (CMC)","c":803201,"d":"Chamarajanagara","s":"KARNATAKA"}},{"arcs":[[726,-698,727]],"type":"Polygon","properties":{"n":"Bommanahalli","c":619751,"d":"Chamarajanagara","s":"KARNATAKA"}},{"arcs":[[[728,729,730,-566,-611]],[[731,-602,732]],[[733,734,735,736]]],"type":"MultiPolygon","properties":{"n":"Berambadi District Forest","c":619557,"d":"Chamarajanagara","s":"KARNATAKA"}},{"arcs":[[-196,737,-630,-634,-255,738,739]],"type":"Polygon","properties":{"n":"Maidanahalli","c":619579,"d":"Chamarajanagara","s":"KARNATAKA"}},{"arcs":[[-239,740,-179,741,-215,742,-226,-251]],"type":"Polygon","properties":{"n":"Marihosahalli","c":619541,"d":"Chamarajanagara","s":"KARNATAKA"}},{"arcs":[[743,744,745,746]],"type":"Polygon","properties":{"n":"Haradanahalli District Forest","c":619769,"d":"Chamarajanagara","s":"KARNATAKA"}},{"arcs":[[747,748,749,750,751,752,753,754,755]],"type":"Polygon","properties":{"n":"Kelasur","c":619527,"d":"Chamarajanagara","s":"KARNATAKA"}},{"arcs":[[756,757,758,759,-655]],"type":"Polygon","properties":{"n":"Nenekatte","c":619494,"d":"Chamarajanagara","s":"KARNATAKA"}},{"arcs":[[-683,760,761,-668]],"type":"Polygon","properties":{"n":"Sanegala","c":619669,"d":"Chamarajanagara","s":"KARNATAKA"}},{"arcs":[[762,763,764,765,766,767,768]],"type":"Polygon","properties":{"n":"Balachavady","c":619525,"d":"Chamarajanagara","s":"KARNATAKA"}},{"arcs":[[-733,-601,-608]],"type":"Polygon","properties":{"n":"Lakkipura","c":619562,"d":"Chamarajanagara","s":"KARNATAKA"}},{"arcs":[[-258,-639,-173,769,770]],"type":"Polygon","properties":{"n":"Bendaravadi","c":619572,"d":"Chamarajanagara","s":"KARNATAKA"}},{"arcs":[[771,-245,772,-770,-172,-206,-199,-235,773]],"type":"Polygon","properties":{"n":"Putthanapura","c":619569,"d":"Chamarajanagara","s":"KARNATAKA"}},{"arcs":[[774,775,-685,776,777,778,779]],"type":"Polygon","properties":{"n":"Yadapura","c":619667,"d":"Chamarajanagara","s":"KARNATAKA"}},{"arcs":[[780,781,782,783]],"type":"Polygon","properties":{"n":"Madapattana","c":619463,"d":"Chamarajanagara","s":"KARNATAKA"}},{"arcs":[[784,785,786,787,788,789]],"type":"Polygon","properties":{"n":"Nanjedevanapura","c":619698,"d":"Chamarajanagara","s":"KARNATAKA"}},{"arcs":[[-622,790,791,792,793,-176,-646]],"type":"Polygon","properties":{"n":"Bommanahalli","c":619546,"d":"Chamarajanagara","s":"KARNATAKA"}},{"arcs":[[-638,794,795,-555,-203,-170]],"type":"Polygon","properties":{"n":"Karle","c":619576,"d":"Chamarajanagara","s":"KARNATAKA"}},{"arcs":[[-205,-562,-189,-201]],"type":"Polygon","properties":{"n":"Hangaladahosahalli","c":619567,"d":"Chamarajanagara","s":"KARNATAKA"}},{"arcs":[[-178,796,797,-216,-742]],"type":"Polygon","properties":{"n":"Thodipura","c":619542,"d":"Chamarajanagara","s":"KARNATAKA"}},{"arcs":[[798,799,800]],"type":"Polygon","properties":{"n":"Hosur","c":619506,"d":"Chamarajanagara","s":"KARNATAKA"}},{"arcs":[[801,-800,802,803,804]],"type":"Polygon","properties":{"n":"Dumdasanapura","c":619507,"d":"Chamarajanagara","s":"KARNATAKA"}},{"arcs":[[805,806,-616,807,808]],"type":"Polygon","properties":{"n":"Kothalavadi","c":619714,"d":"Chamarajanagara","s":"KARNATAKA"}},{"arcs":[[809,810,811,-803,-799,812,813,814]],"type":"Polygon","properties":{"n":"Chikkathuppur","c":619505,"d":"Chamarajanagara","s":"KARNATAKA"}},{"arcs":[[815,816,817,818,-706]],"type":"Polygon","properties":{"n":"Yalachagere","c":619742,"d":"Chamarajanagara","s":"KARNATAKA"}},{"arcs":[[819,820,821,822,823,824]],"type":"Polygon","properties":{"n":"Maduvinabeedu","c":619709,"d":"Chamarajanagara","s":"KARNATAKA"}},{"arcs":[[825,-207,826,827]],"type":"Polygon","properties":{"n":"Mudala Hosahalli","c":619735,"d":"Chamarajanagara","s":"KARNATAKA"}},{"arcs":[[-249,-180,-741,-238,828]],"type":"Polygon","properties":{"n":"Belakuppe","c":619534,"d":"Chamarajanagara","s":"KARNATAKA"}},{"arcs":[[829,830,-808,-615,831,-250,-829,-241,-253,832,833,-764]],"type":"Polygon","properties":{"n":"Terakanambi","c":619532,"d":"Chamarajanagara","s":"KARNATAKA"}},{"arcs":[[-765,-834,834,835,-750,836]],"type":"Polygon","properties":{"n":"Beratahalli","c":619529,"d":"Chamarajanagara","s":"KARNATAKA"}},{"arcs":[[837,-813,-801,-802,838,839,840]],"type":"Polygon","properties":{"n":"Panjanahalli","c":619501,"d":"Chamarajanagara","s":"KARNATAKA"}},{"arcs":[[-707,-819,841,-679]],"type":"Polygon","properties":{"n":"Honnahalli","c":619741,"d":"Chamarajanagara","s":"KARNATAKA"}},{"arcs":[[842,843,844,845,846]],"type":"Polygon","properties":{"n":"Thondavadi","c":619449,"d":"Chamarajanagara","s":"KARNATAKA"}},{"arcs":[[847,848,849,-695]],"type":"Polygon","properties":{"n":"Bhogapura","c":619647,"d":"Chamarajanagara","s":"KARNATAKA"}},{"arcs":[[850,851,-652,852,-659,853,854]],"type":"Polygon","properties":{"n":"Honakanahalli","c":619486,"d":"Chamarajanagara","s":"KARNATAKA"}},{"arcs":[[855,856,857]],"type":"Polygon","properties":{"n":"Sampigepura","c":619479,"d":"Chamarajanagara","s":"KARNATAKA"}},{"arcs":[[858,859,860,-598,-549,-717,861,862,863]],"type":"Polygon","properties":{"n":"Kudalur","c":619659,"d":"Chamarajanagara","s":"KARNATAKA"}},{"arcs":[[864,865,866,867]],"type":"Polygon","properties":{"n":"Nanjarajapura","c":619635,"d":"Chamarajanagara","s":"KARNATAKA"}},{"arcs":[[868,869,870,871,872,-844,873]],"type":"Polygon","properties":{"n":"Kamarahalli","c":619453,"d":"Chamarajanagara","s":"KARNATAKA"}},{"arcs":[[874,-866,875,876,-580,877,878,879]],"type":"Polygon","properties":{"n":"Kagalavadi","c":619756,"d":"Chamarajanagara","s":"KARNATAKA"}},{"arcs":[[880,-585,881,-333,882]],"type":"Polygon","properties":{"n":"Bedarapura","c":619653,"d":"Chamarajanagara","s":"KARNATAKA"}},{"arcs":[[-530,-696,-850,883,884]],"type":"Polygon","properties":{"n":"Kasturu","c":619621,"d":"Chamarajanagara","s":"KARNATAKA"}},{"arcs":[[-692,885,886]],"type":"Polygon","properties":{"n":"Kebbepura","c":619680,"d":"Chamarajanagara","s":"KARNATAKA"}},{"arcs":[[887,-846,888,889,890]],"type":"Polygon","properties":{"n":"Hirikati","c":619447,"d":"Chamarajanagara","s":"KARNATAKA"}},{"arcs":[[[-73,-141]],[[-151]],[[-161]]],"type":"MultiPolygon","properties":{"n":"Martalli","c":619898,"d":"Chamarajanagara","s":"KARNATAKA"}},{"arcs":[[-814,-838,891,892,893]],"type":"Polygon","properties":{"n":"Talale","c":619502,"d":"Chamarajanagara","s":"KARNATAKA"}},{"arcs":[[894,895,896,897,-341]],"type":"Polygon","properties":{"n":"Masanapura","c":619630,"d":"Chamarajanagara","s":"KARNATAKA"}},{"arcs":[[898,-595,899,900,901]],"type":"Polygon","properties":{"n":"Yadavanahalli","c":619444,"d":"Chamarajanagara","s":"KARNATAKA"}},{"arcs":[[902,903,-896,904,905,906]],"type":"Polygon","properties":{"n":"Kallipura","c":619629,"d":"Chamarajanagara","s":"KARNATAKA"}},{"arcs":[[907,908,-907,909,910]],"type":"Polygon","properties":{"n":"Gangavadi","c":619638,"d":"Chamarajanagara","s":"KARNATAKA"}},{"arcs":[[911,912,-688,-390]],"type":"Polygon","properties":{"n":"Homma","c":619632,"d":"Chamarajanagara","s":"KARNATAKA"}},{"arcs":[[913,914,915,916,917,-593,918]],"type":"Polygon","properties":{"n":"Manchahalli","c":619466,"d":"Chamarajanagara","s":"KARNATAKA"}},{"arcs":[[919,920,921,922,-268,923]],"type":"Polygon","properties":{"n":"Kengaki","c":619706,"d":"Chamarajanagara","s":"KARNATAKA"}},{"arcs":[[924,925,-545,926]],"type":"Polygon","properties":{"n":"Basavanapura","c":619673,"d":"Chamarajanagara","s":"KARNATAKA"}},{"arcs":[[927,928,-672,-776,929,-723]],"type":"Polygon","properties":{"n":"Uthavalli","c":619670,"d":"Chamarajanagara","s":"KARNATAKA"}},{"arcs":[[930,-724,-930,-775,931,932]],"type":"Polygon","properties":{"n":"Managanahalli","c":619666,"d":"Chamarajanagara","s":"KARNATAKA"}},{"arcs":[[-691,-265,933,934,-886]],"type":"Polygon","properties":{"n":"Thoravalli","c":619450,"d":"Chamarajanagara","s":"KARNATAKA"}},{"arcs":[[935,-847,-888,936]],"type":"Polygon","properties":{"n":"Chikkati","c":619448,"d":"Chamarajanagara","s":"KARNATAKA"}},{"arcs":[[-67,-443]],"type":"Polygon","properties":{"n":"Ganganadoddi","c":619895,"d":"Chamarajanagara","s":"KARNATAKA"}},{"arcs":[[-69,-442,-455,937]],"type":"Polygon","properties":{"n":"Ramapura","c":619897,"d":"Chamarajanagara","s":"KARNATAKA"}},{"arcs":[[938,939,940,941,942,-325,943]],"type":"Polygon","properties":{"n":"Bendaravady","c":619650,"d":"Chamarajanagara","s":"KARNATAKA"}},{"arcs":[[944,945,946,947,948,949,950]],"type":"Polygon","properties":{"n":"Basavapura","c":619718,"d":"Chamarajanagara","s":"KARNATAKA"}},{"arcs":[[951,952,953,-636,954,955,956,957,958,959,-560]],"type":"Polygon","properties":{"n":"Bandipura State Forest","c":619598,"d":"Chamarajanagara","s":"KARNATAKA"}},{"arcs":[[-713,-276,960,-612,961]],"type":"Polygon","properties":{"n":"Kuthanapura","c":619725,"d":"Chamarajanagara","s":"KARNATAKA"}},{"arcs":[[962,-609,-605,-563,963,964,965]],"type":"Polygon","properties":{"n":"Masahalli","c":619497,"d":"Chamarajanagara","s":"KARNATAKA"}},{"arcs":[[-837,-749,966,-766]],"type":"Polygon","properties":{"n":"Kasavanur","c":619528,"d":"Chamarajanagara","s":"KARNATAKA"}},{"arcs":[[967,968,969,-588,970,971,972,-263]],"type":"Polygon","properties":{"n":"Kulagana","c":619690,"d":"Chamarajanagara","s":"KARNATAKA"}},{"arcs":[[973,974,975,976,977,978,979,980,981,-925,982,983]],"type":"Polygon","properties":{"n":"Hebbasur","c":619763,"d":"Chamarajanagara","s":"KARNATAKA"}},{"arcs":[[984,985,986,987,-876,-865,988,989,990]],"type":"Polygon","properties":{"n":"Jyothigowdanapura","c":619758,"d":"Chamarajanagara","s":"KARNATAKA"}},{"arcs":[[991,992,-953,993,-558]],"type":"Polygon","properties":{"n":"Maguvinahallimel Kamanahalli","c":619588,"d":"Chamarajanagara","s":"KARNATAKA"}},{"arcs":[[994,995,996,-956,997,998]],"type":"Polygon","properties":{"n":"Kebbepura","c":619590,"d":"Chamarajanagara","s":"KARNATAKA"}},{"arcs":[[999,1000,1001,1002,1003,1004,1005,-626,1006]],"type":"Polygon","properties":{"n":"Bachahalli","c":619593,"d":"Chamarajanagara","s":"KARNATAKA"}},{"arcs":[[1007,1008,-627,-1006]],"type":"Polygon","properties":{"n":"Shettahalli","c":619591,"d":"Chamarajanagara","s":"KARNATAKA"}},{"arcs":[[1009,-644,1010,1011,-791,-621]],"type":"Polygon","properties":{"n":"Kadabur","c":619549,"d":"Chamarajanagara","s":"KARNATAKA"}},{"arcs":[[-1012,1012,-708,1013,1014,-792]],"type":"Polygon","properties":{"n":"Chirakanahalli","c":619550,"d":"Chamarajanagara","s":"KARNATAKA"}},{"arcs":[[1015,-1014,-710,1016,-1002,1017,1018,1019]],"type":"Polygon","properties":{"n":"Heggavadi","c":619554,"d":"Chamarajanagara","s":"KARNATAKA"}},{"arcs":[[-1018,-1001,1020,1021,-219,1022]],"type":"Polygon","properties":{"n":"Yeriyur","c":619552,"d":"Chamarajanagara","s":"KARNATAKA"}},{"arcs":[[1023,-998,-955,-635,-632]],"type":"Polygon","properties":{"n":"Hundipura","c":619584,"d":"Chamarajanagara","s":"KARNATAKA"}},{"arcs":[[-793,-1015,-1016,1024,1025]],"type":"Polygon","properties":{"n":"Vaddagere","c":619551,"d":"Chamarajanagara","s":"KARNATAKA"}},{"arcs":[[1026,1027,-992,-557]],"type":"Polygon","properties":{"n":"Kaligowdanahalli","c":619587,"d":"Chamarajanagara","s":"KARNATAKA"}},{"arcs":[[-220,-1022,1028,-1007,-625]],"type":"Polygon","properties":{"n":"Ankahalli","c":619592,"d":"Chamarajanagara","s":"KARNATAKA"}},{"arcs":[[-954,-993,-1028,1029,-795,-637]],"type":"Polygon","properties":{"n":"Siddapura","c":619585,"d":"Chamarajanagara","s":"KARNATAKA"}},{"arcs":[[-1030,-1027,-556,-796]],"type":"Polygon","properties":{"n":"Passaiahnapura","c":619586,"d":"Chamarajanagara","s":"KARNATAKA"}},{"arcs":[[-1009,1030,-999,-1024,-631,-628]],"type":"Polygon","properties":{"n":"Belavadi","c":619583,"d":"Chamarajanagara","s":"KARNATAKA"}},{"arcs":[[-798,1031,-1025,-1020,1032,-217]],"type":"Polygon","properties":{"n":"Karakalamadahalli","c":619544,"d":"Chamarajanagara","s":"KARNATAKA"}},{"arcs":[[-1010,-620,-645]],"type":"Polygon","properties":{"n":"Ramaiahnapura","c":619548,"d":"Chamarajanagara","s":"KARNATAKA"}},{"arcs":[[-1033,-1019,-1023,-218]],"type":"Polygon","properties":{"n":"Daribegur","c":619543,"d":"Chamarajanagara","s":"KARNATAKA"}},{"arcs":[[-743,-214,-550,-227]],"type":"Polygon","properties":{"n":"Somanapura","c":619540,"d":"Chamarajanagara","s":"KARNATAKA"}},{"arcs":[[-259,-771,-773,-244,1033,1034,-570]],"type":"Polygon","properties":{"n":"Vaddana Hosahalli","c":619571,"d":"Chamarajanagara","s":"KARNATAKA"}},{"arcs":[[1035,1036]],"type":"Polygon","properties":{"n":"Kandegaladahosahalli","c":619516,"d":"Chamarajanagara","s":"KARNATAKA"}},{"arcs":[[-1035,1037,1038,-571]],"type":"Polygon","properties":{"n":"Managalli","c":619509,"d":"Chamarajanagara","s":"KARNATAKA"}},{"arcs":[[1039,-1036,-739,-254,-618,1040]],"type":"Polygon","properties":{"n":"Bettahalli","c":619513,"d":"Chamarajanagara","s":"KARNATAKA"}},{"arcs":[[-275,-712,1041,-828,1042,-231,-613,-961]],"type":"Polygon","properties":{"n":"Arakalavadi","c":619737,"d":"Chamarajanagara","s":"KARNATAKA"}},{"arcs":[[-673,1043]],"type":"Polygon","properties":{"n":"Kotaganahalli","c":619722,"d":"Chamarajanagara","s":"KARNATAKA"}},{"arcs":[[1044,1045,-720,1046]],"type":"Polygon","properties":{"n":"GALIPURA","c":938730,"d":"Chamarajanagara","s":"KARNATAKA"}},{"arcs":[[1047,1048,1049,1050,1051,1052,1053,1054]],"type":"Polygon","properties":{"n":"Thammadahalli","c":619704,"d":"Chamarajanagara","s":"KARNATAKA"}},{"arcs":[[-269,-923,1055,1056,-858,1057,1058,1059]],"type":"Polygon","properties":{"n":"Kabbahalli","c":619480,"d":"Chamarajanagara","s":"KARNATAKA"}},{"arcs":[[1060,1061,1062,1063,-914,1064,1065,1066]],"type":"Polygon","properties":{"n":"Raghavapura","c":619465,"d":"Chamarajanagara","s":"KARNATAKA"}},{"arcs":[[-703,1067,1068]],"type":"Polygon","properties":{"n":"Srirangapura","c":619747,"d":"Chamarajanagara","s":"KARNATAKA"}},{"arcs":[[1069,1070,1071,1072,-728,-704,-1069,1073,1074,1075,1076,-948]],"type":"Polygon","properties":{"n":"Ankanasettypura","c":619719,"d":"Chamarajanagara","s":"KARNATAKA"}},{"arcs":[[1077,1078,-981]],"type":"Polygon","properties":{"n":"Devarajapura","c":619772,"d":"Chamarajanagara","s":"KARNATAKA"}},{"arcs":[[1079,1080,1081,-596,1082,1083,1084,-879]],"type":"Polygon","properties":{"n":"Saraguru","c":619755,"d":"Chamarajanagara","s":"KARNATAKA"}},{"arcs":[[-774,-237,-610,-963,1085,1086]],"type":"Polygon","properties":{"n":"Bheemanabeedu","c":619498,"d":"Chamarajanagara","s":"KARNATAKA"}},{"arcs":[[1087,-1038,-1034,-246,-772,-1087,1088]],"type":"Polygon","properties":{"n":"Kuthanur","c":619499,"d":"Chamarajanagara","s":"KARNATAKA"}},{"arcs":[[1089,1090,1091,1092]],"type":"Polygon","properties":{"n":"Shindanapura","c":619512,"d":"Chamarajanagara","s":"KARNATAKA"}},{"arcs":[[-252,-229,-552,1093,1094,-835,-833]],"type":"Polygon","properties":{"n":"Triyambakapura","c":619531,"d":"Chamarajanagara","s":"KARNATAKA"}},{"arcs":[[-714,-962,-617,-807,1095]],"type":"Polygon","properties":{"n":"Narasamangala","c":619724,"d":"Chamarajanagara","s":"KARNATAKA"}},{"arcs":[[1096]],"type":"Polygon","properties":{"n":"Hongalavadi","c":619777,"d":"Chamarajanagara","s":"KARNATAKA"}},{"arcs":[[1097,1098,1099,1100,1101,1102]],"type":"Polygon","properties":{"n":"Thimmegowdanapalya","c":619640,"d":"Chamarajanagara","s":"KARNATAKA"}},{"arcs":[[1103,1104,1105,-968,-262,-690,1106,1107]],"type":"Polygon","properties":{"n":"Kilalipura","c":619683,"d":"Chamarajanagara","s":"KARNATAKA"}},{"arcs":[[-913,1108,1109,1110,1111,-686]],"type":"Polygon","properties":{"n":"Kannegala","c":619623,"d":"Chamarajanagara","s":"KARNATAKA"}},{"arcs":[[-1102,1112,1113,-908,1114]],"type":"Polygon","properties":{"n":"Hosapura","c":619639,"d":"Chamarajanagara","s":"KARNATAKA"}},{"arcs":[[-76,1115]],"type":"Polygon","properties":{"n":"Hoogya","c":619881,"d":"Chamarajanagara","s":"KARNATAKA"}},{"arcs":[[1116,-864,1117,1118]],"type":"Polygon","properties":{"n":"Handarakalli","c":619658,"d":"Chamarajanagara","s":"KARNATAKA"}},{"arcs":[[1119,-648,1120]],"type":"Polygon","properties":{"n":"Vasthilinganapura","c":619489,"d":"Chamarajanagara","s":"KARNATAKA"}},{"arcs":[[1121,-747,1122,1123,-575,1124,-986]],"type":"Polygon","properties":{"n":"Hondarabalu","c":619768,"d":"Chamarajanagara","s":"KARNATAKA"}},{"arcs":[[1125,1126,1127,1128,1129,1130]],"type":"Polygon","properties":{"n":"Mudnakodu","c":619692,"d":"Chamarajanagara","s":"KARNATAKA"}},{"arcs":[[-901,1131]],"type":"Polygon","properties":{"n":"Hosapura","c":619443,"d":"Chamarajanagara","s":"KARNATAKA"}},{"arcs":[[1132,-1104,1133,1134,-942]],"type":"Polygon","properties":{"n":"Kerehalli","c":619678,"d":"Chamarajanagara","s":"KARNATAKA"}},{"arcs":[[1135,-754,1136,-893,1137,1138,-662]],"type":"Polygon","properties":{"n":"Bannithalapura","c":619491,"d":"Chamarajanagara","s":"KARNATAKA"}},{"arcs":[[-943,-1135,1139,-326]],"type":"Polygon","properties":{"n":"Bujaganapura","c":619677,"d":"Chamarajanagara","s":"KARNATAKA"}},{"arcs":[[-1129,1140,-272,1141]],"type":"Polygon","properties":{"n":"Haraganapura","c":619693,"d":"Chamarajanagara","s":"KARNATAKA"}},{"arcs":[[-1092,1142,-1041,-619,-568,1143,-811,1144]],"type":"Polygon","properties":{"n":"Doddathuppur","c":619511,"d":"Chamarajanagara","s":"KARNATAKA"}},{"arcs":[[-701,1145,1146]],"type":"Polygon","properties":{"n":"Basthipura","c":619748,"d":"Chamarajanagara","s":"KARNATAKA"}},{"arcs":[[-1146,-700,1147,-816,1148]],"type":"Polygon","properties":{"n":"Bisalavadi","c":619749,"d":"Chamarajanagara","s":"KARNATAKA"}},{"arcs":[[-964,-567,-731,1149]],"type":"Polygon","properties":{"n":"Hongahalli","c":619496,"d":"Chamarajanagara","s":"KARNATAKA"}},{"arcs":[[-818,1150,-715,1151,-680,-842]],"type":"Polygon","properties":{"n":"Vaddagalapura","c":619740,"d":"Chamarajanagara","s":"KARNATAKA"}},{"arcs":[[1152,1153,-1071]],"type":"Polygon","properties":{"n":"Attagulipura","c":619778,"d":"Chamarajanagara","s":"KARNATAKA"}},{"arcs":[[-1152,-1096,1154,1155,-681]],"type":"Polygon","properties":{"n":"Bokkepura","c":619723,"d":"Chamarajanagara","s":"KARNATAKA"}},{"arcs":[[1156,-1093,-1145,-810,1157,-752]],"type":"Polygon","properties":{"n":"Kelasurupura","c":619504,"d":"Chamarajanagara","s":"KARNATAKA"}},{"arcs":[[1158,-839,-805,1159,-1089,1160,1161]],"type":"Polygon","properties":{"n":"Madahalli","c":619500,"d":"Chamarajanagara","s":"KARNATAKA"}},{"arcs":[[1162,1163,-921,1164]],"type":"Polygon","properties":{"n":"Kumachahalli","c":619707,"d":"Chamarajanagara","s":"KARNATAKA"}},{"arcs":[[1165,-666,1166,1167]],"type":"Polygon","properties":{"n":"Hanchipura","c":619476,"d":"Chamarajanagara","s":"KARNATAKA"}},{"arcs":[[-1158,-815,-894,-1137,-753]],"type":"Polygon","properties":{"n":"Kilagere","c":619503,"d":"Chamarajanagara","s":"KARNATAKA"}},{"arcs":[[-1155,-806,1168,-821,1169]],"type":"Polygon","properties":{"n":"Katnavadi","c":619713,"d":"Chamarajanagara","s":"KARNATAKA"}},{"arcs":[[-1161,-1086,-966,1170,-759]],"type":"Polygon","properties":{"n":"Mukha Halli","c":619495,"d":"Chamarajanagara","s":"KARNATAKA"}},{"arcs":[[1171,1172,-705,-677]],"type":"Polygon","properties":{"n":"Channappanapura","c":619744,"d":"Chamarajanagara","s":"KARNATAKA"}},{"arcs":[[-1169,-809,-831,1173,-822]],"type":"Polygon","properties":{"n":"Guruvinapura","c":619524,"d":"Chamarajanagara","s":"KARNATAKA"}},{"arcs":[[-1076,1174,-1172,-676,1175]],"type":"Polygon","properties":{"n":"Venkataiahna Chatra","c":619720,"d":"Chamarajanagara","s":"KARNATAKA"}},{"arcs":[[1176,-1162,-758,1177,-650]],"type":"Polygon","properties":{"n":"Madrahalli","c":619493,"d":"Chamarajanagara","s":"KARNATAKA"}},{"arcs":[[1178,-761,-682,-1156,-1170,-820,1179]],"type":"Polygon","properties":{"n":"Uganedahundi","c":619710,"d":"Chamarajanagara","s":"KARNATAKA"}},{"arcs":[[1180,-824,1181,-1050]],"type":"Polygon","properties":{"n":"Devalapura","c":619708,"d":"Chamarajanagara","s":"KARNATAKA"}},{"arcs":[[1182,-768,1183,-756,1184,1185,1186]],"type":"Polygon","properties":{"n":"Mudagur","c":619521,"d":"Chamarajanagara","s":"KARNATAKA"}},{"arcs":[[1187,-737,1188]],"type":"Polygon","properties":{"n":"Deshipura","c":619482,"d":"Chamarajanagara","s":"KARNATAKA"}},{"arcs":[[-1178,-757,-654,-853,-651]],"type":"Polygon","properties":{"n":"Malavalli","c":619487,"d":"Chamarajanagara","s":"KARNATAKA"}},{"arcs":[[-663,-1139,1189,-840,-1159,-1177,-649,-1120,1190]],"type":"Polygon","properties":{"n":"Veeranapura","c":619492,"d":"Chamarajanagara","s":"KARNATAKA"}},{"arcs":[[-1051,-1182,-823,-1174,-830,-763,1191,1192]],"type":"Polygon","properties":{"n":"Lakkur","c":619523,"d":"Chamarajanagara","s":"KARNATAKA"}},{"arcs":[[-760,-1171,-965,-1150,-730,1193,-734,-1188,1194,1195,-656]],"type":"Polygon","properties":{"n":"Baragi","c":619483,"d":"Chamarajanagara","s":"KARNATAKA"}},{"arcs":[[1196,-1185,-755,-1136,-661,1197,-856]],"type":"Polygon","properties":{"n":"Padagur","c":619518,"d":"Chamarajanagara","s":"KARNATAKA"}},{"arcs":[[1198,-1186,-1197,-1057]],"type":"Polygon","properties":{"n":"Paramapura","c":619519,"d":"Chamarajanagara","s":"KARNATAKA"}},{"arcs":[[1199,1200,1201,-958,1202]],"type":"Polygon","properties":{"n":"Kaniyanapura","c":619589,"d":"Chamarajanagara","s":"KARNATAKA"}},{"arcs":[[-78,1203,-537,1204]],"type":"Polygon","properties":{"n":"Bylur","c":619879,"d":"Chamarajanagara","s":"KARNATAKA"}},{"arcs":[[-994,-952,-559]],"type":"Polygon","properties":{"n":"Bandipura","c":619597,"d":"Chamarajanagara","s":"KARNATAKA"}},{"arcs":[[-1138,-892,-841,-1190]],"type":"Polygon","properties":{"n":"NALLURU AMANIKERE","c":939385,"d":"Chamarajanagara","s":"KARNATAKA"}},{"arcs":[[-767,-967,-748,-1184]],"type":"Polygon","properties":{"n":"Narayanapura","c":619526,"d":"Chamarajanagara","s":"KARNATAKA"}},{"arcs":[[1205,-1192,-769,-1183,1206,-1163]],"type":"Polygon","properties":{"n":"Shyanadrahalli","c":619522,"d":"Chamarajanagara","s":"KARNATAKA"}},{"arcs":[[-762,-1179,1207,-669]],"type":"Polygon","properties":{"n":"Kumbaragundi","c":619711,"d":"Chamarajanagara","s":"KARNATAKA"}},{"arcs":[[-836,-1095,1208,-1090,-1157,-751]],"type":"Polygon","properties":{"n":"Kaggala","c":619530,"d":"Chamarajanagara","s":"KARNATAKA"}},{"arcs":[[-1209,-1094,-551,-222,-197,-740,-1037,-1040,-1143,-1091]],"type":"Polygon","properties":{"n":"Kandegala","c":619517,"d":"Chamarajanagara","s":"KARNATAKA"}},{"arcs":[[-658,1209,-916,-854]],"type":"Polygon","properties":{"n":"Banagavadi","c":619485,"d":"Chamarajanagara","s":"KARNATAKA"}},{"arcs":[[-664,-1191,-1121,-647,1210,1211,1212]],"type":"Polygon","properties":{"n":"Heggadahalli","c":619475,"d":"Chamarajanagara","s":"KARNATAKA"}},{"arcs":[[1213,-1211,-653,-852,1214,-1062]],"type":"Polygon","properties":{"n":"Agathagowdanahalli","c":619470,"d":"Chamarajanagara","s":"KARNATAKA"}},{"arcs":[[-857,-1198,-660,-1166,1215,1216,-1058]],"type":"Polygon","properties":{"n":"Kallahalli","c":619478,"d":"Chamarajanagara","s":"KARNATAKA"}},{"arcs":[[1217,1218,1219,1220,-670,-1208,-1180,-825,-1181,-1049,1221,-787]],"type":"Polygon","properties":{"n":"Udigala","c":619703,"d":"Chamarajanagara","s":"KARNATAKA"}},{"arcs":[[-1215,-851,1222,-1063]],"type":"Polygon","properties":{"n":"Garaganahalli","c":619469,"d":"Chamarajanagara","s":"KARNATAKA"}},{"arcs":[[-1210,-657,-1196,1223,-917]],"type":"Polygon","properties":{"n":"Savakanahalli","c":619467,"d":"Chamarajanagara","s":"KARNATAKA"}},{"arcs":[[-1223,-855,-915,-1064]],"type":"Polygon","properties":{"n":"Hasaguli","c":619468,"d":"Chamarajanagara","s":"KARNATAKA"}},{"arcs":[[1224,-674,-1044,1225,-1045,1226,1227,1228,-950]],"type":"Polygon","properties":{"n":"Haradanahalli","c":619715,"d":"Chamarajanagara","s":"KARNATAKA"}},{"arcs":[[-1153,-1070,-947,1229,1230,1231,1232,-978,1233],[-1097]],"type":"Polygon","properties":{"n":"Haradanahalli District Forest Ii","c":619776,"d":"Chamarajanagara","s":"KARNATAKA"}},{"arcs":[[1234,1235,1236,1237]],"type":"Polygon","properties":{"n":"Chikanapura","c":619472,"d":"Chamarajanagara","s":"KARNATAKA"}},{"arcs":[[-684,-671,-1221,1238,1239,-777]],"type":"Polygon","properties":{"n":"Shivapura","c":619668,"d":"Chamarajanagara","s":"KARNATAKA"}},{"arcs":[[-1236,1240,-1212,-1214,-1061,1241]],"type":"Polygon","properties":{"n":"Halladamadahalli","c":619471,"d":"Chamarajanagara","s":"KARNATAKA"}},{"arcs":[[1242,-1239,-1220,1243,-1218,-786]],"type":"Polygon","properties":{"n":"Veeranapura","c":619701,"d":"Chamarajanagara","s":"KARNATAKA"}},{"arcs":[[-721,-1046,-1226,-929,1244]],"type":"Polygon","properties":{"n":"Mallaiahnapura","c":619671,"d":"Chamarajanagara","s":"KARNATAKA"}},{"arcs":[[1245,1246,-1238,-781]],"type":"Polygon","properties":{"n":"Hunasinapura","c":619473,"d":"Chamarajanagara","s":"KARNATAKA"}},{"arcs":[[-873,1247,1248,1249,-889,-845]],"type":"Polygon","properties":{"n":"Arepura","c":619446,"d":"Chamarajanagara","s":"KARNATAKA"}},{"arcs":[[-1118,-863,1250,1251,1252,1253]],"type":"Polygon","properties":{"n":"Madapura","c":619657,"d":"Chamarajanagara","s":"KARNATAKA"}},{"arcs":[[1254,-867,-875,1255,-388,1256]],"type":"Polygon","properties":{"n":"Rechamballi","c":619634,"d":"Chamarajanagara","s":"KARNATAKA"}},{"arcs":[[-941,1257,1258,1259,1260,1261,1262,-1105,-1133]],"type":"Polygon","properties":{"n":"Mukkadahalli","c":619684,"d":"Chamarajanagara","s":"KARNATAKA"}},{"arcs":[[-904,1263,-1113,-1101,1264,1265,-989,-868,-1255,1266,-897]],"type":"Polygon","properties":{"n":"Honganoor","c":619636,"d":"Chamarajanagara","s":"KARNATAKA"}},{"arcs":[[1267,-1053,1268,-924,-267,-1141,-1128]],"type":"Polygon","properties":{"n":"Sagade","c":619695,"d":"Chamarajanagara","s":"KARNATAKA"}},{"arcs":[[-782,-1237,-1242,-1067,1269,1270,1271]],"type":"Polygon","properties":{"n":"Parvathanapura","c":619464,"d":"Chamarajanagara","s":"KARNATAKA"}},{"arcs":[[1272,-1065,-919,-592]],"type":"Polygon","properties":{"n":"Bettadamadahalli","c":619457,"d":"Chamarajanagara","s":"KARNATAKA"}},{"arcs":[[1273,1274,-975,1275,-577]],"type":"Polygon","properties":{"n":"Kokkanahalli","c":619765,"d":"Chamarajanagara","s":"KARNATAKA"}},{"arcs":[[-1270,-1066,-1273,-591,1276,1277]],"type":"Polygon","properties":{"n":"Taggalur","c":619458,"d":"Chamarajanagara","s":"KARNATAKA"}},{"arcs":[[1278,-1274,-576,-1124]],"type":"Polygon","properties":{"n":"Puttanapura","c":619766,"d":"Chamarajanagara","s":"KARNATAKA"}},{"arcs":[[-932,-780,1279,1280]],"type":"Polygon","properties":{"n":"Munachanahalli","c":619665,"d":"Chamarajanagara","s":"KARNATAKA"}},{"arcs":[[1281,-1280,-779,1282,-581,-881]],"type":"Polygon","properties":{"n":"Kattepura","c":619664,"d":"Chamarajanagara","s":"KARNATAKA"}},{"arcs":[[1283,-790,1284,1285,-583]],"type":"Polygon","properties":{"n":"Kalanahundi","c":619699,"d":"Chamarajanagara","s":"KARNATAKA"}},{"arcs":[[-1125,-574,1286,-987]],"type":"Polygon","properties":{"n":"Nallur","c":619767,"d":"Chamarajanagara","s":"KARNATAKA"}},{"arcs":[[1287,1288,-984,1289,-1081]],"type":"Polygon","properties":{"n":"Chandakavadi","c":619761,"d":"Chamarajanagara","s":"KARNATAKA"}},{"arcs":[[1290,-1059,-1217,1291,1292,-1246,-784,1293,-870,1294]],"type":"Polygon","properties":{"n":"Somahalli","c":619460,"d":"Chamarajanagara","s":"KARNATAKA"}},{"arcs":[[-971,-587,1295,-270,-1060,-1291,1296]],"type":"Polygon","properties":{"n":"Seegavadi","c":619462,"d":"Chamarajanagara","s":"KARNATAKA"}},{"arcs":[[-1287,-573,-877,-988]],"type":"Polygon","properties":{"n":"Ammanapura","c":619757,"d":"Chamarajanagara","s":"KARNATAKA"}},{"arcs":[[1297,-1083,-599,-861]],"type":"Polygon","properties":{"n":"Mallupura","c":619754,"d":"Chamarajanagara","s":"KARNATAKA"}},{"arcs":[[1298,1299,-1055,1300,-1126,1301,1302,-1261]],"type":"Polygon","properties":{"n":"Harave","c":619687,"d":"Chamarajanagara","s":"KARNATAKA"}},{"arcs":[[-872,1303,-1271,-1278,1304,-1248]],"type":"Polygon","properties":{"n":"Begur","c":619454,"d":"Chamarajanagara","s":"KARNATAKA"}},{"arcs":[[-990,-1266,1305]],"type":"Polygon","properties":{"n":"Hanumanapura","c":619641,"d":"Chamarajanagara","s":"KARNATAKA"}},{"arcs":[[-972,-1297,-1295,-869,1306]],"type":"Polygon","properties":{"n":"Bhogganapura","c":619452,"d":"Chamarajanagara","s":"KARNATAKA"}},{"arcs":[[1307,1308,-726,1309,1310,1311]],"type":"Polygon","properties":{"n":"Kadahalli","c":619662,"d":"Chamarajanagara","s":"KARNATAKA"}},{"arcs":[[-1305,-1277,-590,1312,-1249]],"type":"Polygon","properties":{"n":"Belachalavadi","c":619455,"d":"Chamarajanagara","s":"KARNATAKA"}},{"arcs":[[-1263,1313,-1302,-1131,1314,-969,-1106]],"type":"Polygon","properties":{"n":"Maliyuru","c":619689,"d":"Chamarajanagara","s":"KARNATAKA"}},{"arcs":[[1315,-1285,-789,1316,-1299,-1260,1317]],"type":"Polygon","properties":{"n":"Govindavadi","c":619686,"d":"Chamarajanagara","s":"KARNATAKA"}},{"arcs":[[1318,1319,-1311,1320,-933,-1281,-1282,-883,-332,1321]],"type":"Polygon","properties":{"n":"Mariyala","c":619654,"d":"Chamarajanagara","s":"KARNATAKA"}},{"arcs":[[-882,-584,-1286,-1316,1322,-334]],"type":"Polygon","properties":{"n":"Heggotara","c":619652,"d":"Chamarajanagara","s":"KARNATAKA"}},{"arcs":[[1323,-1110,1324,-1084,-1298,-860]],"type":"Polygon","properties":{"n":"Alur","c":619753,"d":"Chamarajanagara","s":"KARNATAKA"}},{"arcs":[[-694,1325,-1253,1326,-1312,1327,-848]],"type":"Polygon","properties":{"n":"Kiragasur","c":619656,"d":"Chamarajanagara","s":"KARNATAKA"}},{"arcs":[[-1250,-1313,-589,-899,1328,-890]],"type":"Polygon","properties":{"n":"Horeyala","c":619445,"d":"Chamarajanagara","s":"KARNATAKA"}},{"arcs":[[-934,-264,-973,-1307,-874,-843,-936,1329]],"type":"Polygon","properties":{"n":"Nitre","c":619451,"d":"Chamarajanagara","s":"KARNATAKA"}},{"arcs":[[-389,-1256,-880,-1085,-1325,-1109,-912]],"type":"Polygon","properties":{"n":"Kotamballi","c":619633,"d":"Chamarajanagara","s":"KARNATAKA"}},{"arcs":[[-898,-1267,-1257,-387,-342]],"type":"Polygon","properties":{"n":"H.Mookahalli","c":619631,"d":"Chamarajanagara","s":"KARNATAKA"}},{"arcs":[[-335,-1323,-1318,-1259,1330,-939,1331]],"type":"Polygon","properties":{"n":"Muthige","c":619651,"d":"Chamarajanagara","s":"KARNATAKA"}},{"arcs":[[-1068,-702,-1147,1332,-1074]],"type":"Polygon","properties":{"n":"Bevinathalapura","c":619746,"d":"Chamarajanagara","s":"KARNATAKA"}},{"arcs":[[-1333,-1149,-1173,-1175,-1075]],"type":"Polygon","properties":{"n":"Kodiugane","c":619745,"d":"Chamarajanagara","s":"KARNATAKA"}},{"arcs":[[-910,-906,1333,-339,-385,1334]],"type":"Polygon","properties":{"n":"Suthur","c":619627,"d":"Chamarajanagara","s":"KARNATAKA"}},{"arcs":[[-1004,1335,1336,1337]],"type":"Polygon","properties":{"n":"Yelachatti","c":619599,"d":"Chamarajanagara","s":"KARNATAKA"}},{"arcs":[[-1337,1338,-1200,1339,-996,1340]],"type":"Polygon","properties":{"n":"Jakkahalli","c":619595,"d":"Chamarajanagara","s":"KARNATAKA"}},{"arcs":[[-1005,-1338,-1341,-995,-1031,-1008]],"type":"Polygon","properties":{"n":"Lokkere","c":619594,"d":"Chamarajanagara","s":"KARNATAKA"}},{"arcs":[[-997,-1340,-1203,-957]],"type":"Polygon","properties":{"n":"Mangala","c":619596,"d":"Chamarajanagara","s":"KARNATAKA"}},{"arcs":[[-1000,-1029,-1021]],"type":"Polygon","properties":{"n":"Malapura","c":619553,"d":"Chamarajanagara","s":"KARNATAKA"}},{"arcs":[[-1164,-1207,-1187,-1199,-1056,-922]],"type":"Polygon","properties":{"n":"Hooradahalli","c":619520,"d":"Chamarajanagara","s":"KARNATAKA"}},{"arcs":[[-1194,-729,-603,-732,-607,-640,-960,1341,-735]],"type":"Polygon","properties":{"n":"Berambadi State Forest","c":619556,"d":"Chamarajanagara","s":"KARNATAKA"}},{"arcs":[[-1219,-1244]],"type":"Polygon","properties":{"n":"Hangarepura","c":619702,"d":"Chamarajanagara","s":"KARNATAKA"}},{"arcs":[[-1216,-1168,1342,-1292]],"type":"Polygon","properties":{"n":"Halladapura","c":619477,"d":"Chamarajanagara","s":"KARNATAKA"}},{"arcs":[[-1195,-1189,1343,-1224]],"type":"Polygon","properties":{"n":"Alathur","c":619481,"d":"Chamarajanagara","s":"KARNATAKA"}},{"arcs":[[-1293,-1343,-1167,-665,-1213,-1241,-1235,-1247]],"type":"Polygon","properties":{"n":"Hakkalapura","c":619474,"d":"Chamarajanagara","s":"KARNATAKA"}},{"arcs":[[-1052,-1193,-1206,-1165,-920,-1269]],"type":"Polygon","properties":{"n":"Kanchanahalli","c":619705,"d":"Chamarajanagara","s":"KARNATAKA"}},{"arcs":[[-745,1344,-976,-1275,1345]],"type":"Polygon","properties":{"n":"Ayyanapura","c":619771,"d":"Chamarajanagara","s":"KARNATAKA"}},{"arcs":[[-1283,-778,-1240,-1243,-785,-1284,-582]],"type":"Polygon","properties":{"n":"Somanapura","c":619700,"d":"Chamarajanagara","s":"KARNATAKA"}},{"arcs":[[-291,1346,1347,-55,-319,-53,-279]],"type":"Polygon","properties":{"n":"Gumballi","c":619808,"d":"Chamarajanagara","s":"KARNATAKA"}},{"arcs":[[-1348,1348,-1103,-1115,-911,-1335,-384,-312,1349,-56]],"type":"Polygon","properties":{"n":"Yeragamballi","c":619811,"d":"Chamarajanagara","s":"KARNATAKA"}},{"arcs":[[-447,-687,-1112,1350,-1119,-1254,-1326,-697,-34,-448,-357,-295]],"type":"Polygon","properties":{"n":"Mangala","c":619645,"d":"Chamarajanagara","s":"KARNATAKA"}},{"arcs":[[-540,1351,1352,-1098,-1349,-1347,-290,-122,-461]],"type":"Polygon","properties":{"n":"Biligiriranganabetta","c":619798,"d":"Chamarajanagara","s":"KARNATAKA"}},{"arcs":[[-1054,-1268,-1127,-1301]],"type":"Polygon","properties":{"n":"Kethahalli","c":619696,"d":"Chamarajanagara","s":"KARNATAKA"}},{"arcs":[[-788,-1222,-1048,-1300,-1317]],"type":"Polygon","properties":{"n":"Kaggalipura","c":619697,"d":"Chamarajanagara","s":"KARNATAKA"}},{"arcs":[[-89]],"type":"Polygon","properties":{"n":"Minya","c":619880,"d":"Chamarajanagara","s":"KARNATAKA"}},{"arcs":[[-88]],"type":"Polygon","properties":{"n":"Dinnahalli","c":619896,"d":"Chamarajanagara","s":"KARNATAKA"}},{"arcs":[[1353,-951,-1229,1354,-546]],"type":"Polygon","properties":{"n":"Doddamole","c":619675,"d":"Chamarajanagara","s":"KARNATAKA"}},{"arcs":[[1355,1356,-991,-1306,-1265,-1100]],"type":"Polygon","properties":{"n":"Melmala","c":619642,"d":"Chamarajanagara","s":"KARNATAKA"}},{"arcs":[[-1252,1357,-1308,-1327]],"type":"Polygon","properties":{"n":"Masagapura","c":619661,"d":"Chamarajanagara","s":"KARNATAKA"}},{"arcs":[[-1123,-746,-1346,-1279]],"type":"Polygon","properties":{"n":"Malledevanahalli","c":619770,"d":"Chamarajanagara","s":"KARNATAKA"}},{"arcs":[[-1082,-1290,-983,-927,-544,-597]],"type":"Polygon","properties":{"n":"Kodimole","c":619762,"d":"Chamarajanagara","s":"KARNATAKA"}},{"arcs":[[-783,-1272,-1304,-871,-1294]],"type":"Polygon","properties":{"n":"Ameerahosahalli","c":619459,"d":"Chamarajanagara","s":"KARNATAKA"}},{"arcs":[[-1315,-1130,-1142,-271,-1296,-586,-970]],"type":"Polygon","properties":{"n":"Padnakuduhosahalli","c":619691,"d":"Chamarajanagara","s":"KARNATAKA"}},{"arcs":[[-1303,-1314,-1262]],"type":"Polygon","properties":{"n":"Kethanapura","c":619688,"d":"Chamarajanagara","s":"KARNATAKA"}},{"arcs":[[-1356,-1099,-1353]],"type":"Polygon","properties":{"n":"K.Devarahalli","c":619812,"d":"Chamarajanagara","s":"KARNATAKA"}},{"arcs":[[-1114,-1264,-903,-909]],"type":"Polygon","properties":{"n":"Bettahalli","c":619637,"d":"Chamarajanagara","s":"KARNATAKA"}},{"arcs":[[-884,-849,-1328,-1320,1358,-1322,-331,1359]],"type":"Polygon","properties":{"n":"Kellamballi","c":619648,"d":"Chamarajanagara","s":"KARNATAKA"}},{"arcs":[[-1331,-1258,-940]],"type":"Polygon","properties":{"n":"Nanjahalli","c":619685,"d":"Chamarajanagara","s":"KARNATAKA"}},{"arcs":[[[-716,-1309,-1358,-1251,-862]],[[-725,-931,-1321,-1310]]],"type":"MultiPolygon","properties":{"n":"Chamarajanagar [R]","c":619660,"d":"Chamarajanagara","s":"KARNATAKA"}},{"arcs":[[1360,-1201,-1339,-1336,-1003,-1017,-709,-1013,-1011,-643]],"type":"Polygon","properties":{"n":"Bandipura District Forest","c":619600,"d":"Chamarajanagara","s":"KARNATAKA"}},{"arcs":[[-794,-1026,-1032,-797,-177]],"type":"Polygon","properties":{"n":"Alavady","c":619545,"d":"Chamarajanagara","s":"KARNATAKA"}},{"arcs":[[1361,-283,-532,-365]],"type":"Polygon","properties":{"n":"Kandayyanapalya","c":619873,"d":"Chamarajanagara","s":"KARNATAKA"}},{"arcs":[[-70,-938,-454,-308]],"type":"Polygon","properties":{"n":"Changadarahalli","c":619893,"d":"Chamarajanagara","s":"KARNATAKA"}},{"arcs":[[-624,-738,-195]],"type":"Polygon","properties":{"n":"Vodeyanapura Amani","c":619581,"d":"Chamarajanagara","s":"KARNATAKA"}},{"arcs":[[-247,-832,-614]],"type":"Polygon","properties":{"n":"Mayanayakanapura","c":619533,"d":"Chamarajanagara","s":"KARNATAKA"}},{"arcs":[[-827,-210,-232,-1043]],"type":"Polygon","properties":{"n":"Manchagundipura","c":619736,"d":"Chamarajanagara","s":"KARNATAKA"}},{"arcs":[[-429,-423,-524,-6,-513]],"type":"Polygon","properties":{"n":"Uttamballi","c":619843,"d":"Chamarajanagara","s":"KARNATAKA"}},{"arcs":[[-515,-376,-17,-300,1362,-518]],"type":"Polygon","properties":{"n":"Agrahara","c":619842,"d":"Chamarajanagara","s":"KARNATAKA"}},{"arcs":[[-80,1363,1364,-534]],"type":"Polygon","properties":{"n":"P.G.Palya","c":619877,"d":"Chamarajanagara","s":"KARNATAKA"}},{"arcs":[[1365]],"type":"Polygon","properties":{"n":"Kulluru","c":619780,"d":"Chamarajanagara","s":"KARNATAKA"}},{"arcs":[[1366]],"type":"Polygon","properties":{"n":"Bedaguli","c":619782,"d":"Chamarajanagara","s":"KARNATAKA"}},{"arcs":[[-949,-1077,-1176,-675,-1225]],"type":"Polygon","properties":{"n":"Bandigere","c":619716,"d":"Chamarajanagara","s":"KARNATAKA"}},{"arcs":[[-1079,1367,-945,-1354,-926,-982]],"type":"Polygon","properties":{"n":"Byadamudlu","c":619717,"d":"Chamarajanagara","s":"KARNATAKA"}},{"arcs":[[-84,-284,-1362,-364,-352]],"type":"Polygon","properties":{"n":"Siragodu","c":619863,"d":"Chamarajanagara","s":"KARNATAKA"}},{"arcs":[[-82,-533,-281]],"type":"Polygon","properties":{"n":"Andipalya","c":619875,"d":"Chamarajanagara","s":"KARNATAKA"}},{"arcs":[[-95,-433,-478]],"type":"Polygon","properties":{"n":"Settahalli","c":619889,"d":"Chamarajanagara","s":"KARNATAKA"}},{"arcs":[[-29,1368]],"type":"Polygon","properties":{"n":"Aldur","c":619601,"d":"Chamarajanagara","s":"KARNATAKA"}},{"arcs":[[-979,-1233,1369]],"type":"Polygon","properties":{"n":"Karadihalla","c":619775,"d":"Chamarajanagara","s":"KARNATAKA"}},{"arcs":[[-980,-1370,-1232,-1231,1370,-1078]],"type":"Polygon","properties":{"n":"Kanikere","c":619774,"d":"Chamarajanagara","s":"KARNATAKA"}},{"arcs":[[1371,-1288,-1080,-878,-579]],"type":"Polygon","properties":{"n":"Vagarapura","c":619760,"d":"Chamarajanagara","s":"KARNATAKA"}},{"arcs":[[-578,-1276,-974,-1289,-1372]],"type":"Polygon","properties":{"n":"Hanchithalapura","c":619764,"d":"Chamarajanagara","s":"KARNATAKA"}},{"arcs":[[-1319,-1359]],"type":"Polygon","properties":{"n":"Gangavadi","c":619655,"d":"Chamarajanagara","s":"KARNATAKA"}},{"arcs":[[-445,-393,-346,1372,-317]],"type":"Polygon","properties":{"n":"Duyamkandalli","c":619806,"d":"Chamarajanagara","s":"KARNATAKA"}},{"arcs":[[1373,-318,-1373,-345,-463]],"type":"Polygon","properties":{"n":"Yelandur (TP)","c":803202,"d":"Chamarajanagara","s":"KARNATAKA"}},{"arcs":[[-1374,-462,-57,-1350,-311]],"type":"Polygon","properties":{"n":"Uppinamole","c":619804,"d":"Chamarajanagara","s":"KARNATAKA"}},{"arcs":[[-905,-895,-340,-1334]],"type":"Polygon","properties":{"n":"Chatipura","c":619628,"d":"Chamarajanagara","s":"KARNATAKA"}},{"arcs":[[-1107,-689,1374]],"type":"Polygon","properties":{"n":"Aralikatte","c":619679,"d":"Chamarajanagara","s":"KARNATAKA"}},{"arcs":[[-1324,-859,-1117,-1351,-1111]],"type":"Polygon","properties":{"n":"Hosahalli","c":619752,"d":"Chamarajanagara","s":"KARNATAKA"}},{"arcs":[[-812,-1144,-572,-1039,-1088,-1160,-804]],"type":"Polygon","properties":{"n":"Vijayapura","c":619508,"d":"Chamarajanagara","s":"KARNATAKA"}},{"arcs":[[-1371,-1230,-946,-1368]],"type":"Polygon","properties":{"n":"Dollipura","c":619773,"d":"Chamarajanagara","s":"KARNATAKA"}},{"arcs":[[-168]],"type":"Polygon","properties":{"n":"Sathegala Beat","c":619921,"d":"Chamarajanagara","s":"KARNATAKA"}},{"arcs":[[-547,-1355,-1228,1375,-718]],"type":"Polygon","properties":{"n":"Karinanjanapura","c":938732,"d":"Chamarajanagara","s":"KARNATAKA"}},{"arcs":[[-1227,-1047,-719,-1376]],"type":"Polygon","properties":{"n":"Somawarapete","c":938736,"d":"Chamarajanagara","s":"KARNATAKA"}},{"arcs":[[-1245,-928,-722]],"type":"Polygon","properties":{"n":"Moodlapura","c":938734,"d":"Chamarajanagara","s":"KARNATAKA"}},{"arcs":[[-162]],"type":"Polygon","properties":{"n":"Doddani Beat","c":619942,"d":"Chamarajanagara","s":"KARNATAKA"}},{"arcs":[[[-152]],[[-153]],[[-155]],[[-156]],[[-157]],[[-158]],[[-159]],[[-160]]],"type":"MultiPolygon","properties":{"n":"Mahadeshwarabetta","c":619887,"d":"Chamarajanagara","s":"KARNATAKA"}},{"arcs":[[-154]],"type":"Polygon","properties":{"n":"Indiganatha 'B' Beat","c":619943,"d":"Chamarajanagara","s":"KARNATAKA"}},{"arcs":[[1376,-535,-1365]],"type":"Polygon","properties":{"n":"Arabigere-85","c":619876,"d":"Chamarajanagara","s":"KARNATAKA"}},{"arcs":[[-541]],"type":"Polygon","properties":{"n":"Arabigere-75","c":619882,"d":"Chamarajanagara","s":"KARNATAKA"}},{"arcs":[[-1364,-79,-1205,-536,-1377]],"type":"Polygon","properties":{"n":"Huthur","c":619878,"d":"Chamarajanagara","s":"KARNATAKA"}},{"arcs":[[-542]],"type":"Polygon","properties":{"n":"Bylore 'East' Beat","c":619900,"d":"Chamarajanagara","s":"KARNATAKA"}},{"arcs":[[1377,-243,1378,-212,1379,-274,1380,-1072,-1154,-1234,-977,-1345,-744,-1122,-985,-1357,-1352,-539],[-1366],[-1367]],"type":"Polygon","properties":{"n":"Punajur State Forest","c":619781,"d":"Chamarajanagara","s":"KARNATAKA"}}]}}}