{"type":"Topology","arcs":[[[37137,12036],[680,-327]],[[37817,11709],[-363,-2025],[-1311,118],[-698,436],[-14,155]],[[35431,10393],[5,1905]],[[35436,12298],[1544,-510],[157,248]],[[32744,11467],[-8,13]],[[32736,11480],[711,755]],[[33447,12235],[234,-479],[778,-156],[475,864]],[[34934,12464],[502,-166]],[[35431,10393],[-723,70],[-592,-186],[-603,344],[-769,846]],[[34469,12555],[465,-91]],[[33447,12235],[130,757],[-15,731],[365,-319],[32,-763],[510,-86]],[[52121,14273],[-69,-296],[913,-237],[0,-582]],[[52965,13158],[201,-671],[-20,-804]],[[53146,11683],[-431,-1371],[-533,206],[-544,-1090],[-220,123],[-264,-504],[-526,-142],[-661,466],[-456,12],[75,531],[-162,208],[143,737],[-413,308]],[[49154,11167],[195,809],[855,209],[-4,233],[564,-45],[-70,496],[-327,225],[46,506],[628,-38],[393,818]],[[51434,14380],[687,-107]],[[49154,11167],[-721,405]],[[48433,11572],[310,400],[210,705],[-133,532]],[[48820,13209],[634,835]],[[49454,14044],[1753,201],[147,230]],[[51354,14475],[80,-95]],[[32834,12551],[-890,433],[-172,-471],[-387,-125],[-169,514],[271,188],[175,871],[693,523]],[[32355,14484],[269,-95],[179,-465],[31,-1373]],[[43966,14215],[757,-33],[51,175]],[[44774,14357],[337,-250],[-26,-756],[180,-205]],[[45265,13146],[-155,-616],[-48,-854],[404,-368]],[[45466,11308],[-154,-1297],[-1013,72],[-882,-985],[-176,-612],[-319,181],[-299,866],[-21,466],[-301,267],[20,344]],[[42321,10610],[112,1137],[-85,741]],[[42348,12488],[296,1078],[373,495],[95,494],[854,-340]],[[54670,14685],[293,-330],[-105,-552],[358,-229],[-33,-314],[480,-223]],[[55663,13037],[-279,-860],[-668,-895],[-195,-1057],[-997,388],[205,767],[-583,303]],[[52965,13158],[149,807],[969,434],[73,293],[514,-7]],[[44706,15337],[155,-241],[-87,-739]],[[43966,14215],[171,659],[236,0],[333,463]],[[32118,15364],[-20,-390],[257,-490]],[[32834,12551],[-98,-1071]],[[32736,11480],[-360,201],[-923,125],[-953,348],[-487,-22]],[[30013,12132],[-323,917],[404,110],[156,374],[-306,101],[41,398]],[[29985,14032],[1023,412],[416,1034],[694,-114]],[[48066,15727],[376,-573],[920,-591],[92,-519]],[[48820,13209],[-1332,464],[123,2172]],[[47611,15845],[455,-118]],[[61089,15166],[-124,-186],[269,-881],[-49,-698],[-562,-364],[-625,201],[-1050,-28],[200,1199]],[[59148,14409],[446,-73],[-23,763],[441,-133],[230,891]],[[60242,15857],[494,-352],[385,-23],[-32,-316]],[[47000,16045],[611,-200]],[[48433,11572],[-155,-474],[-244,192],[-885,241],[-498,-5],[-384,-347],[-801,129]],[[45265,13146],[356,81],[285,370],[276,728],[353,194],[219,1599],[246,-73]],[[41687,13396],[661,-908]],[[42321,10610],[-2180,530],[-1397,227],[-927,342]],[[37137,12036],[-86,553]],[[37051,12589],[294,150],[220,634],[138,1154]],[[37703,14527],[970,-237],[666,1251],[1010,218],[30,424]],[[40379,16183],[385,-239],[-54,-1113],[333,-107],[73,-792],[571,-536]],[[35208,16858],[-53,-485],[358,-4],[62,-931],[739,-884],[271,-1245],[-3,-620],[469,-100]],[[34469,12555],[66,1308],[-293,695],[19,1772],[146,639]],[[34407,16969],[801,-111]],[[42113,16310],[213,923]],[[42326,17233],[372,-160],[-115,-678],[-379,-292],[-91,207]],[[59983,17221],[269,-131],[-130,-544],[120,-689]],[[59148,14409],[-360,440],[-873,338]],[[57915,15187],[419,1121],[557,219],[155,-345],[452,29],[100,615],[385,395]],[[44706,15337],[374,1247],[800,702],[431,20]],[[46311,17306],[488,-219],[207,-477],[-6,-565]],[[61201,16791],[311,-189],[266,-494],[-263,-1057],[-426,115]],[[59983,17221],[0,405]],[[59983,17626],[505,70]],[[60488,17696],[442,-317],[-73,-441],[344,-147]],[[32118,15364],[174,471],[82,1232]],[[32374,17067],[789,214],[512,379],[667,61]],[[34342,17721],[65,-752]],[[37703,14527],[617,1264],[207,-29],[97,487],[-271,505],[254,855],[232,36]],[[38839,17645],[453,12],[180,232],[838,-474],[139,-491],[-70,-741]],[[60488,17696],[151,241]],[[60639,17937],[472,-174],[384,-431],[-294,-541]],[[28326,18012],[126,-366],[1265,-670],[255,646],[336,206],[1073,-437],[-13,-1173],[454,-108],[29,1755]],[[31851,17865],[523,-798]],[[29985,14032],[-425,1448],[-346,393],[-1196,666],[-495,154],[-171,271]],[[27352,16964],[490,704],[484,344]],[[52121,14273],[413,1147],[431,544],[281,1634]],[[53246,17598],[787,-225],[326,-480]],[[54359,16893],[219,270],[82,864],[-128,814],[768,-145],[-168,-459],[-205,-1478],[233,-84],[17,-908],[-335,-43],[273,-594],[-445,-445]],[[59309,19009],[111,-997],[563,-386]],[[57915,15187],[-550,154]],[[57365,15341],[-166,973],[13,939],[750,77],[249,603],[-111,625],[226,609]],[[58326,19167],[983,-158]],[[53912,19108],[406,-292],[132,-1119],[-91,-804]],[[53246,17598],[-389,504],[71,1119]],[[52928,19221],[984,-113]],[[37401,18893],[230,-125],[297,-843],[515,-170]],[[38443,17755],[396,-110]],[[35208,16858],[468,1530],[271,487],[392,-32]],[[36339,18843],[536,376],[526,-326]],[[51354,14475],[116,1051],[205,712],[11,604],[429,-27],[280,2751]],[[52395,19566],[533,-345]],[[60505,19646],[491,-207],[-357,-1502]],[[59309,19009],[403,281],[430,680],[363,-324]],[[46467,19257],[-231,-289],[38,-704],[278,-204],[-241,-754]],[[41687,13396],[-118,186],[96,838],[-352,39],[337,372],[463,1479]],[[42326,17233],[248,815],[-119,795],[-487,402]],[[41968,19245],[392,258],[67,403],[1195,-142],[718,10],[381,499],[558,-115],[-80,-354],[369,-127],[-67,-302],[966,-118]],[[38443,17755],[21,1294],[275,-151],[501,352],[278,-33],[323,732],[488,-66],[391,435]],[[40720,20318],[92,-2182],[454,106],[638,442],[64,561]],[[55343,20415],[-125,-979],[738,-189],[334,1220],[88,-36]],[[56378,20431],[17,-787],[809,-74],[458,-381],[664,-22]],[[57365,15341],[-395,56],[-247,-953],[-603,-1511],[-457,104]],[[53912,19108],[221,1093],[364,590],[646,-131],[200,-245]],[[56389,20740],[-11,-309]],[[55343,20415],[193,558],[853,-233]],[[36252,20945],[135,-410]],[[36387,20535],[397,-428],[-36,-375],[-322,-215],[-87,-674]],[[34342,17721],[30,701],[217,812],[388,125],[-92,574]],[[34885,19933],[133,201],[535,40],[230,779],[469,-8]],[[37704,20381],[-44,-955],[-259,-533]],[[36387,20535],[779,733],[381,20],[157,-907]],[[29227,21824],[618,-901],[370,-85],[569,-485],[84,-869],[983,-1619]],[[28326,18012],[505,918],[-147,2063],[-280,831]],[[28404,21824],[823,0]],[[51583,21286],[-201,-911],[593,-359],[420,-450]],[[48066,15727],[-13,609],[312,776],[319,259],[394,-173],[68,584],[870,-348],[264,1751],[-243,397],[156,1343],[261,973]],[[50454,21898],[1149,-514],[-20,-98]],[[34663,21585],[-66,-774]],[[34597,20811],[-154,-40],[-189,-1134],[-395,270]],[[33859,19907],[-193,42],[44,1660],[-267,321],[114,312],[604,-116],[4,265],[435,-65],[63,-741]],[[59825,21658],[330,-753],[238,-69],[112,-1190]],[[56389,20740],[297,882],[-208,331]],[[56478,21953],[274,597]],[[56752,22550],[345,-276],[1446,-351],[164,349],[677,-89],[441,-525]],[[31793,21565],[675,-642],[207,-662],[455,-359],[145,-384],[546,-94],[38,483]],[[34597,20811],[406,-174],[-118,-704]],[[29227,21824],[484,367],[710,-222],[-67,365],[317,260],[450,-39],[178,-271],[426,124],[233,-289],[-165,-554]],[[41400,22620],[15,287]],[[41415,22907],[1146,-461],[718,-493],[-126,-817],[-654,138],[-627,691],[-274,637],[-198,18]],[[54897,22600],[217,-161]],[[55114,22439],[538,-288],[826,-198]],[[51583,21286],[686,441],[301,981],[471,-70],[272,459]],[[53313,23097],[534,-247],[438,-491],[612,241]],[[47845,23110],[1287,-529],[517,-307]],[[49649,22274],[805,-376]],[[46467,19257],[-87,1324],[150,-3],[404,1752],[320,875]],[[47254,23205],[591,-95]],[[35969,22616],[630,-572]],[[36599,22044],[-70,-823],[-277,-276]],[[34663,21585],[347,1039],[-136,196],[76,763]],[[34950,23583],[342,-481],[677,-486]],[[41426,23199],[-11,-292]],[[41400,22620],[-306,-863],[-88,-623],[-286,-816]],[[37704,20381],[296,-166],[869,-47],[49,256],[640,1232],[230,613]],[[39788,22269],[129,480],[576,924]],[[40493,23673],[44,0]],[[40537,23673],[270,58],[619,-532]],[[36599,22044],[179,364],[-280,104],[193,721],[363,247],[152,399],[623,-292],[139,-551],[584,68],[1236,-835]],[[28204,22419],[200,-595]],[[27352,16964],[-625,409],[-811,-14],[-1071,974],[-490,719]],[[24355,19052],[-816,540],[-43,319],[569,848],[376,1102],[401,286],[290,760],[553,446],[433,661],[899,-338],[223,107],[643,-1054],[321,-310]],[[31793,21565],[731,88],[257,404],[-12,510],[261,442],[548,151],[162,369]],[[33740,23529],[340,465]],[[34080,23994],[577,-152],[293,-259]],[[46939,23450],[315,-245]],[[41426,23199],[1352,117],[388,-169],[417,307],[198,524],[323,22],[7,372]],[[44111,24372],[2323,-537],[505,-385]],[[59179,23948],[646,-432],[316,-419],[132,-506],[-408,-319],[-40,-614]],[[56752,22550],[247,971],[324,29],[60,343],[857,75],[139,439]],[[58379,24407],[45,81]],[[58424,24488],[380,-449],[375,-91]],[[39679,24373],[814,-700]],[[35969,22616],[78,764],[187,486],[1067,806],[240,476]],[[37541,25148],[-29,-696],[153,-250],[1771,-549],[234,265],[9,455]],[[50575,24687],[-811,-1915],[-115,-498]],[[47845,23110],[84,879],[549,1657],[311,472]],[[48789,26118],[469,-449],[729,-199],[588,-783]],[[59725,25417],[-546,-1469]],[[58424,24488],[183,1391],[550,265]],[[59157,26144],[367,-14],[201,-713]],[[35495,25978],[152,-202],[482,321],[479,-440],[525,-135],[398,131]],[[37531,25653],[10,-505]],[[34080,23994],[286,1370],[-212,186],[852,640]],[[35006,26190],[489,-212]],[[56068,26424],[278,-308],[462,-15],[423,-370],[249,65]],[[57480,25796],[469,-562],[430,-827]],[[55114,22439],[173,365],[-41,563],[331,1162],[299,1926]],[[55876,26455],[192,-31]],[[46939,23450],[569,1356],[850,1634],[216,64]],[[48574,26504],[222,31]],[[48796,26535],[-7,-417]],[[37531,25653],[340,961]],[[37871,26614],[819,-1005],[26,-372],[319,-403],[644,-461]],[[54935,26894],[941,-439]],[[54897,22600],[199,892],[128,1098],[-680,538],[245,103],[303,1134],[-293,623]],[[54799,26988],[136,-94]],[[50146,26190],[263,-196],[-51,-761],[217,-546]],[[48796,26535],[130,533],[321,25],[70,-899],[829,-4]],[[53313,23097],[-405,1272],[36,596],[283,265],[-297,1028]],[[52930,26258],[40,220]],[[52970,26478],[83,463]],[[53053,26941],[126,-188],[1146,39],[2,256]],[[54327,27048],[257,178]],[[54584,27226],[215,-238]],[[58777,27093],[376,-615],[4,-334]],[[57480,25796],[-406,719],[352,806]],[[57426,27321],[778,-307],[573,79]],[[61492,27356],[-253,-1204],[189,-34]],[[61428,26118],[-608,-1229],[-438,332],[-657,196]],[[58777,27093],[368,705]],[[59145,27798],[1672,-533],[675,91]],[[51440,25668],[841,-23],[148,677],[246,34]],[[52675,26356],[255,-98]],[[50146,26190],[-581,464],[572,433],[209,776]],[[50346,27863],[528,-763],[75,-1451],[491,19]],[[34140,26902],[-896,463],[-26,350]],[[33218,27715],[872,238],[50,-1051]],[[56068,26424],[712,1664]],[[56780,28088],[646,-767]],[[32854,28203],[364,-488]],[[34140,26902],[473,-280],[442,-41],[-49,-391]],[[33740,23529],[-662,-14],[-117,-219],[-357,514],[26,464],[-294,237],[-196,-788],[-1020,704],[-435,89],[-54,318],[-398,397],[280,1770],[743,1048],[804,288]],[[32060,28337],[739,15],[55,-149]],[[28204,22419],[0,2257]],[[28204,24676],[786,553],[210,377]],[[29200,25606],[412,574],[539,1195],[513,200],[371,850],[1025,-88]],[[61492,27356],[365,1092]],[[61857,28448],[477,-415],[1075,-570],[-94,-929],[-228,-825],[-529,-48],[-268,209],[-599,45],[-263,203]],[[44263,27984],[375,-344]],[[44638,27640],[-201,-746],[-353,-1859],[27,-663]],[[40537,23673],[396,420],[328,1478],[-305,514],[-204,-484],[-130,978],[565,252],[483,-391],[150,1246],[392,950]],[[42212,28636],[1067,-500],[984,-152]],[[47243,28570],[20,-507],[526,-190],[678,-519],[-71,-401],[178,-449]],[[44638,27640],[515,589],[981,37],[454,580]],[[46588,28846],[655,-276]],[[36940,28994],[442,-44]],[[37382,28950],[356,-65]],[[37738,28885],[-181,-895],[152,-178],[-189,-524],[363,-393],[-12,-281]],[[35495,25978],[223,136],[121,1095],[511,431],[590,1354]],[[28204,24676],[-674,5],[-272,194],[-407,-338],[-221,405],[-1690,-1077],[-301,-528],[45,641],[-659,86],[-47,890],[-611,601],[-539,149],[-557,462],[32,237]],[[22303,26403],[336,211],[1285,429],[510,444],[1665,622],[48,584],[867,23]],[[27014,28716],[564,357],[1173,-306],[65,-350],[-464,-1202],[-15,-641],[441,-661],[422,-307]],[[54935,26894],[860,1640],[221,-26],[133,490],[519,265]],[[56668,29263],[-111,-439],[223,-736]],[[38640,29083],[1538,-912],[458,530],[25,301],[539,61]],[[41200,29063],[1012,-427]],[[37738,28885],[199,423],[703,-225]],[[49467,29337],[775,-809]],[[50242,28528],[104,-665]],[[47243,28570],[128,361],[1158,53],[938,353]],[[61625,29344],[257,-343]],[[61882,29001],[-25,-553]],[[59145,27798],[298,1511]],[[59443,29309],[-21,224]],[[59422,29533],[962,-15],[881,-291],[360,117]],[[53053,26941],[299,2728],[297,-143],[428,-715],[-474,173],[306,-1666],[418,-270]],[[57426,27321],[11,593],[558,1138],[516,735],[545,-117],[387,-361]],[[36940,28994],[-3,280],[-773,-456],[97,713],[-368,189]],[[35893,29720],[318,264],[649,-498],[613,-27],[-91,-509]],[[45463,30056],[69,-170],[926,-542],[130,-498]],[[44263,27984],[488,1542],[66,594]],[[44817,30120],[646,-64]],[[50966,29858],[50,-1252],[-296,-177],[-478,99]],[[49467,29337],[11,581]],[[49478,29918],[222,236],[1028,-422],[238,126]],[[22303,26403],[-347,511],[-670,544],[-835,-434]],[[20451,27024],[664,1004],[362,-540],[1105,41],[790,182],[473,373],[73,730],[863,961],[1217,337]],[[25998,30112],[728,122]],[[26726,30234],[258,-783],[30,-735]],[[32854,28203],[179,-21],[11,1012]],[[33044,29194],[815,-54],[658,596],[61,514]],[[34578,30250],[524,-90],[791,-440]],[[52675,26356],[-129,1799],[107,1234],[178,774],[279,71],[-145,-640],[-111,-1574],[83,-119],[-73,-1190],[106,-233]],[[58838,30653],[504,-88],[117,-315]],[[59459,30250],[-37,-717]],[[56668,29263],[443,1280],[702,489]],[[57813,31032],[943,-186],[82,-193]],[[70449,30895],[-38,-271],[714,-188]],[[71125,30436],[-274,-766],[-181,-1433],[-366,-142],[-22,452],[-1362,-235],[166,939],[678,126],[251,641],[-46,986],[155,251]],[[70124,31255],[325,-360]],[[43038,30964],[1034,-267]],[[44072,30697],[653,-190],[92,-387]],[[41200,29063],[191,1518],[371,543]],[[41762,31124],[936,224],[340,-384]],[[50584,31308],[10,-265],[421,-193],[102,-449],[-151,-543]],[[49478,29918],[-434,774],[-142,583]],[[48902,31275],[306,156],[1024,0],[352,-123]],[[15212,31523],[270,-565],[-103,-929],[-399,-644],[-8,-440],[317,-46],[392,991],[411,683],[509,590],[-8,285],[923,-36],[-100,-1187]],[[17416,30225],[81,-1030],[618,-134],[391,-271],[581,92],[103,282],[513,18],[99,-339],[-294,-426],[-8,-362],[659,-300]],[[20159,27755],[54,-567],[238,-164]],[[24355,19052],[24,-1493],[-263,-455],[-567,-52],[-244,260],[43,760],[-615,-110],[41,-598],[-967,-1169],[85,-531],[-385,-453],[-243,706],[-352,48],[-678,-683],[-839,565],[-214,-265],[-207,371],[-476,116],[126,547],[-296,1535],[-305,-260],[98,540],[-232,-19],[-250,777],[-542,-589],[-584,-160],[48,386],[-509,-160],[-1029,-528],[67,-417],[-423,288],[-663,-333],[-459,-548],[104,-623],[-391,-55],[-777,-991],[-414,-1568],[-620,31],[-356,245],[-104,-590],[-1237,-668],[-424,-1068],[-579,-717],[-907,-132],[15,713],[395,1083],[-331,299],[-669,-143],[-177,-675],[-279,-48],[-462,-540],[-122,-744],[-321,-274],[-148,-593],[-181,-25],[-49,-729],[-305,-759],[14,-1295],[-1146,-2395],[-539,-420],[-167,-1035],[-3,-1791],[-730,-249],[-644,-534],[-579,-778],[-296,-60],[-182,1146],[-409,261],[-525,719],[593,1530],[393,740],[858,987],[267,479],[91,1008],[765,949],[488,1168],[717,1107],[-211,850],[-50,719],[818,329],[794,1056],[324,-32],[450,586],[16,466],[740,920],[532,2717],[342,-230],[251,681],[-80,382],[241,957],[565,850],[-77,762],[358,660],[288,1262],[495,849],[-44,415],[330,644],[585,281],[125,379],[633,716],[794,1367],[586,440],[541,988],[44,673],[236,773],[858,1061]],[[14656,31615],[556,-92]],[[71817,31507],[-146,-477],[-457,-286],[-89,-308]],[[70449,30895],[230,10],[376,911]],[[71055,31816],[762,-309]],[[54584,27226],[-352,1229],[140,126],[-158,1083],[292,247],[419,2075]],[[54925,31986],[1107,-729],[-162,-936],[502,-1043],[296,-15]],[[66884,31899],[116,-808],[519,-154],[-141,-1431],[-497,-442],[-156,-767],[-76,-1703],[-798,517],[-366,-6],[39,747],[-837,595],[53,219],[-535,252],[27,272],[-555,661],[-244,48]],[[63433,29899],[-71,1304],[-554,554]],[[62808,31757],[77,302]],[[62885,32059],[1275,-500],[214,409],[436,64],[597,-185],[603,100],[874,-48]],[[51440,25668],[248,1017],[44,663],[588,3147],[151,489],[-218,787],[172,83]],[[52425,31854],[295,-346],[245,-879],[402,-280],[210,301],[578,292],[-12,615],[470,507],[312,-78]],[[37900,31804],[-94,-262],[-867,-18],[853,569],[108,-289]],[[63433,29899],[-517,-519],[-79,-423],[-559,-83],[-396,127]],[[61625,29344],[575,2764]],[[62200,32108],[608,-351]],[[71945,31907],[-128,-400]],[[71055,31816],[-303,380],[493,188]],[[71245,32384],[700,-477]],[[60346,32360],[40,-917],[-283,-913],[-644,-280]],[[58838,30653],[216,616],[72,927],[214,-79],[259,453]],[[59599,32570],[747,-210]],[[20159,27755],[338,514],[369,1081],[778,130],[570,-583],[651,-19],[148,1013],[-61,272],[554,70],[705,1021],[-139,983]],[[24072,32237],[645,-74],[851,469]],[[25568,32632],[138,-924],[-51,-1067],[343,-529]],[[60927,32467],[1273,-359]],[[60346,32360],[68,340],[513,-233]],[[48902,31275],[35,291],[-474,973],[72,222]],[[48535,32761],[493,10],[746,-537],[556,-179],[424,-504],[-170,-243]],[[44072,30697],[154,1075],[-412,688],[378,358],[659,-157],[566,202]],[[45417,32863],[391,-215],[58,-410],[-288,-1108],[-115,-1074]],[[30646,32921],[-275,-2687],[-438,-850],[-38,-623],[219,-175],[791,137],[1116,-247],[39,-139]],[[26726,30234],[127,234],[692,299],[-134,650],[941,172],[18,361],[319,237]],[[28689,32187],[509,-88],[489,330],[389,-21],[285,557]],[[30361,32965],[285,-44]],[[59505,32962],[94,-392]],[[57813,31032],[-29,245]],[[57784,31277],[40,557],[333,1251]],[[58157,33085],[766,70],[582,-193]],[[31989,33099],[822,48],[554,-99]],[[33365,33048],[-71,-2236],[-250,-1618]],[[30646,32921],[311,246],[1032,-68]],[[34880,33447],[-284,-852],[124,-399],[-142,-1946]],[[33365,33048],[991,336]],[[34356,33384],[524,63]],[[71245,32384],[-288,327],[433,60],[129,757]],[[71519,33528],[268,-151],[452,-774],[-294,-696]],[[38822,29755],[-78,1020],[-526,890],[-88,1080],[-158,138],[218,712]],[[38190,33595],[849,225]],[[39039,33820],[188,-261],[659,-76],[208,185],[-21,-842],[144,-118],[-138,-1757],[208,-516],[-187,-664],[-491,-212],[-787,196]],[[38822,29755],[-182,-672]],[[34880,33447],[521,499]],[[35401,33946],[525,79],[779,-183],[403,48],[1082,-295]],[[25568,32632],[599,4],[800,-465],[670,78],[190,637],[-290,1159]],[[27537,34045],[1092,15]],[[28629,34060],[60,-1873]],[[52108,32775],[317,-921]],[[48535,32761],[-145,248],[682,604]],[[49072,33613],[1274,-937],[616,-359],[273,285],[28,1244]],[[51263,33846],[327,242],[435,-498],[83,-815]],[[41762,31124],[-132,826],[137,524],[228,1688]],[[41995,34162],[555,-280],[261,-525],[588,-539],[13,-461],[-374,-1393]],[[49072,33613],[515,733]],[[49587,34346],[249,-129],[409,208],[141,-378],[877,-201]],[[55091,34144],[534,-367],[-700,-1791]],[[52108,32775],[857,557],[547,723],[223,560]],[[53735,34615],[273,-435],[610,-163],[473,127]],[[30058,34632],[232,-136],[126,-1099],[-55,-432]],[[28629,34060],[98,543],[1331,29]],[[55091,34144],[240,518]],[[55331,34662],[741,-368],[252,407]],[[56324,34701],[351,-756],[-117,-1917],[478,-545],[199,132],[549,-338]],[[57936,33941],[-289,-620],[510,-236]],[[56324,34701],[217,184]],[[56541,34885],[1395,-944]],[[21756,34553],[-55,-875],[439,-666]],[[22140,33012],[370,-824],[1562,49]],[[17416,30225],[198,2],[1460,727],[69,603],[320,745],[44,434],[521,-63],[315,482],[183,655],[123,1048],[592,194],[515,-499]],[[31269,35188],[993,-1071],[-273,-1018]],[[30058,34632],[255,516]],[[30313,35148],[182,-226],[421,399],[353,-133]],[[59505,32962],[347,1205]],[[59852,34167],[1010,273],[263,-147],[104,725],[343,310]],[[61572,35328],[-520,-2779],[-125,-82]],[[65534,35332],[241,-304],[-156,-1255]],[[65619,33773],[-463,-196],[-511,374],[-1,671]],[[64644,34622],[275,632],[615,78]],[[44545,35364],[279,-299],[863,-284]],[[45687,34781],[-142,-563],[-128,-1355]],[[41995,34162],[191,217],[88,641],[486,163]],[[42760,35183],[606,-63],[-10,311],[908,-343],[281,276]],[[68849,32340],[-708,341],[-1109,264]],[[67032,32945],[130,411]],[[67162,33356],[535,863],[538,400],[-113,812]],[[68122,35431],[431,-259],[605,-868],[45,-521],[-224,-206],[40,-587],[-170,-650]],[[48883,34856],[473,-191]],[[49356,34665],[231,-319]],[[45687,34781],[611,-95],[570,552],[498,230],[594,-318],[923,-294]],[[59292,35413],[-21,-412],[309,-353],[-28,-445],[300,-36]],[[57936,33941],[609,1175],[286,382]],[[58831,35498],[461,-85]],[[27421,34701],[116,-656]],[[22140,33012],[966,158],[131,648],[-514,246],[389,510],[352,917]],[[23464,35491],[606,28],[1116,-276],[295,31],[77,-539],[1434,-324],[6,243],[423,47]],[[70124,31255],[-895,371],[-380,714]],[[68122,35431],[687,214],[635,-153],[380,364],[406,-764],[617,-316],[868,-1009],[-196,-239]],[[63257,34777],[66,-307]],[[63323,34470],[-438,-2411]],[[61572,35328],[-34,539]],[[61538,35867],[955,-23]],[[62493,35844],[496,35]],[[62989,35879],[268,-1102]],[[64644,34622],[-1321,-152]],[[63257,34777],[418,124],[192,396],[553,178],[81,614]],[[64501,36089],[929,-14],[104,-743]],[[31269,35188],[117,880],[753,206]],[[32139,36274],[509,-40]],[[32648,36234],[582,63]],[[33230,36297],[941,-1874],[301,-174],[-116,-865]],[[59800,36286],[1152,-341],[586,-78]],[[59292,35413],[271,943]],[[59563,36356],[237,-70]],[[37021,36270],[348,-91]],[[37369,36179],[298,-203],[231,-557],[644,-87],[402,-616]],[[38944,34716],[95,-896]],[[35401,33946],[-139,529],[67,679],[457,-42],[532,1174]],[[36318,36286],[703,-16]],[[62989,35879],[823,319],[659,380]],[[64471,36578],[30,-489]],[[58831,35498],[-97,1215]],[[58734,36713],[829,-357]],[[55305,35051],[26,-389]],[[53735,34615],[-770,121],[-269,518],[269,546],[956,921]],[[53921,36721],[397,-381],[-176,-382],[1163,-907]],[[30313,35148],[324,1069],[-96,510]],[[30541,36727],[469,-391],[153,304],[1036,202],[-60,-568]],[[65619,33773],[185,-81]],[[65804,33692],[624,-475],[734,139]],[[67032,32945],[-148,-1046]],[[15212,31523],[550,50],[10,761],[571,223],[152,913],[401,775],[149,631],[467,909],[181,804],[-176,546]],[[17517,37135],[795,87],[1504,-304],[568,230],[484,-124],[211,-935],[350,-250],[659,-124],[54,-946],[-386,-216]],[[56637,37344],[319,-275],[-448,-1122],[151,-416],[-118,-646]],[[55305,35051],[564,2060]],[[55869,37111],[768,233]],[[51971,37611],[582,-609],[101,402]],[[52654,37404],[311,207]],[[52965,37611],[267,-479],[385,-107]],[[53617,37025],[304,-304]],[[49356,34665],[298,1410],[241,625],[-214,1048]],[[49681,37748],[1961,-182],[329,45]],[[41752,37573],[49,-867],[934,-662],[25,-861]],[[38944,34716],[541,-75],[341,147],[407,-252],[173,624],[-110,439],[150,1265],[391,1011]],[[40837,37875],[915,-302]],[[51971,37611],[288,296],[395,-503]],[[55198,37393],[671,-282]],[[53617,37025],[80,609],[312,442],[511,44]],[[54520,38120],[262,-669],[416,-58]],[[65284,38278],[336,-1154]],[[65620,37124],[-859,-308]],[[64761,36816],[-156,1050],[31,476],[648,-64]],[[56357,38523],[286,-481],[467,-96],[-473,-602]],[[55198,37393],[198,861]],[[55396,38254],[391,-38],[570,307]],[[41752,37573],[210,615],[328,157]],[[42290,38345],[688,-96],[894,349]],[[43872,38598],[343,-495],[-11,-340],[612,-500],[-271,-1899]],[[35000,38348],[114,-1426],[247,46],[680,-648],[277,-34]],[[33230,36297],[18,361],[556,422],[-117,428],[211,1188]],[[33898,38696],[583,-78],[519,-270]],[[48883,34856],[93,374],[-680,657],[-176,358],[562,662],[258,927],[24,582],[236,365]],[[49200,38781],[456,-753],[25,-280]],[[35000,38348],[168,475]],[[35168,38823],[500,-15],[1554,-1120],[-201,-1418]],[[59962,38341],[162,-552],[282,-163],[-393,-439],[-213,-901]],[[58734,36713],[-19,1374],[65,761],[670,55],[37,-345],[475,-217]],[[54747,38996],[-227,-876]],[[52965,37611],[-14,1279]],[[52951,38890],[283,-146],[312,292],[754,75],[447,-115]],[[54747,38996],[65,289]],[[54812,39285],[573,-247],[-134,-747],[145,-37]],[[37369,36179],[1092,934],[206,366],[417,1786]],[[39084,39265],[933,-40],[139,262]],[[40156,39487],[771,-327],[-90,-1285]],[[66892,39021],[238,-115]],[[67130,38906],[-92,-319],[-736,209],[-268,446]],[[66034,39242],[33,387]],[[66067,39629],[825,-608]],[[22310,38650],[469,-230]],[[22779,38420],[872,-1213]],[[23651,37207],[-187,-1716]],[[17517,37135],[129,1190],[332,507],[246,707]],[[18224,39539],[630,137],[297,-366],[-176,-407],[503,255],[1053,-610],[439,102],[265,-189],[1075,189]],[[30339,39277],[-198,-2229],[400,-321]],[[27421,34701],[289,1683],[494,863],[495,-219],[-41,269],[578,954],[-214,1169]],[[29022,39420],[242,296]],[[29264,39716],[1075,-439]],[[33292,39797],[618,-179],[-12,-922]],[[32648,36234],[91,1826],[188,1747]],[[32927,39807],[365,-10]],[[23651,37207],[1115,-340],[292,121],[422,657],[914,-141],[399,364],[106,473],[-13,1241]],[[26886,39582],[-4,296],[698,-371],[622,491],[182,-447],[638,-131]],[[66892,39021],[71,959],[423,168],[792,64]],[[68178,40212],[-159,-1506],[-889,200]],[[22779,38420],[312,307],[355,1254],[445,-217]],[[23891,39764],[542,-111],[167,-315],[484,-144],[324,435]],[[25408,39629],[921,296],[145,313]],[[26474,40238],[412,-656]],[[77678,39769],[669,522]],[[78347,40291],[483,-232],[21,-291],[673,-526],[-62,-1087],[-537,0],[-248,-1866],[-440,-7],[-721,450],[-743,1049],[45,721],[476,467],[384,800]],[[30339,39277],[444,854]],[[30783,40131],[547,-166],[518,148]],[[31848,40113],[319,207],[725,-41],[35,-472]],[[43058,40506],[824,-174]],[[43882,40332],[221,-397]],[[44103,39935],[-174,-424],[-57,-913]],[[42290,38345],[-139,348],[6,813],[-432,452],[54,592]],[[41779,40550],[1279,-44]],[[28385,40755],[-36,-182],[661,-196],[-377,-439],[-269,84],[-302,726],[323,7]],[[40156,39487],[54,412],[507,-33],[461,396]],[[41178,40262],[36,695]],[[41214,40957],[565,-407]],[[59962,38341],[176,590]],[[60138,38931],[99,-2]],[[60237,38929],[328,-45],[151,470],[582,-95],[288,1593]],[[61586,40852],[628,-65],[130,230]],[[62344,41017],[456,-119],[-255,-325],[-153,-806],[378,-738],[-272,-2398],[-5,-787]],[[22415,39386],[-105,-736]],[[18224,39539],[-535,30],[514,1686]],[[18203,41255],[360,-183],[778,-47],[569,-296],[267,-494],[541,222],[616,-203],[330,-455],[751,-413]],[[45538,41417],[283,-586],[527,-320],[208,114],[877,-73]],[[47433,40552],[155,-548],[337,-74],[156,-598],[241,-186],[71,382]],[[48393,39528],[807,-747]],[[44103,39935],[732,79],[256,557],[184,916],[263,-70]],[[30421,41554],[39,-31]],[[30460,41523],[90,-843],[233,-549]],[[29264,39716],[-59,850]],[[29205,40566],[420,140],[101,300],[695,548]],[[31691,41688],[151,25],[185,-1131],[-179,-469]],[[30460,41523],[1231,165]],[[60237,38929],[-26,487],[499,402],[-383,647],[405,209],[408,462],[308,619]],[[61448,41755],[138,-903]],[[77868,41578],[479,-1287]],[[77678,39769],[-703,-75],[-584,203],[-177,326],[-448,186]],[[75766,40409],[596,1268]],[[76362,41677],[208,122],[676,-123],[403,249],[219,-347]],[[67996,41326],[182,-1114]],[[66067,39629],[-42,563],[225,62],[-57,1048],[144,327]],[[66337,41629],[485,-281],[360,729]],[[67182,42077],[627,24],[187,-775]],[[37530,42121],[220,-332],[-52,-582],[517,-771],[554,-129],[260,-456],[55,-586]],[[35168,38823],[164,634],[246,86],[209,1307],[596,213],[77,1153]],[[36460,42216],[1070,-95]],[[47870,42214],[115,-228],[871,-344]],[[48856,41642],[-66,-1455],[-373,-96],[-24,-563]],[[47433,40552],[-82,1271]],[[47351,41823],[166,545],[353,-154]],[[65457,39004],[-173,-726]],[[64761,36816],[-290,-238]],[[62344,41017],[265,811]],[[62609,41828],[477,-229],[112,526]],[[63198,42125],[69,249],[1070,7],[74,-921],[657,-244],[252,-1075],[137,-1137]],[[57326,42321],[23,-588],[774,-348],[-7,-150],[794,-195],[234,-218],[253,-773],[344,-205],[98,-531],[299,-382]],[[56357,38523],[55,594],[-449,-125],[11,1028],[-459,1013]],[[55515,41033],[170,-155],[372,835],[145,787]],[[56202,42500],[491,-187],[633,8]],[[45538,41417],[-26,380],[425,770]],[[45937,42567],[232,44],[355,-403],[404,-42],[423,-343]],[[52742,42654],[223,-696],[684,-19]],[[53649,41939],[-112,-155],[-257,-1657],[-338,-27]],[[52942,40100],[-69,818],[-831,675],[46,657]],[[52088,42250],[42,262],[612,142]],[[53656,41927],[412,-261],[1165,-409]],[[55233,41257],[-421,-1972]],[[52951,38890],[-9,1210]],[[53649,41939],[7,-12]],[[62609,41828],[-357,114],[-83,564],[463,-58],[36,420],[404,-124],[126,-619]],[[43459,42768],[611,-478],[237,-452]],[[44307,41838],[-212,-1152],[-213,-354]],[[43058,40506],[-8,670],[165,726],[-155,388],[181,624]],[[43241,42914],[218,-146]],[[48856,41642],[631,473],[359,629]],[[49846,42744],[652,-78],[124,283]],[[50622,42949],[219,-241],[1247,-458]],[[18203,41255],[-314,40],[-396,-527],[243,1020],[630,696],[647,-337],[634,883]],[[19647,43030],[16,-281],[688,-977],[617,-213],[800,-613],[721,-229],[236,-530],[-310,-801]],[[55781,42850],[421,-350]],[[55515,41033],[-282,224]],[[53656,41927],[411,783]],[[54067,42710],[127,684]],[[54194,43394],[760,-113],[350,-380],[477,-51]],[[45600,43267],[337,-700]],[[44307,41838],[298,167],[9,420],[342,257],[37,734],[607,-149]],[[80289,43506],[180,-958],[161,-172],[-207,-1094]],[[80423,41282],[-1171,-257],[-862,418]],[[78390,41443],[669,1889]],[[79059,43332],[743,188],[487,-14]],[[75680,42638],[-517,-297],[-494,-885],[-297,-12],[-405,340]],[[73967,41784],[273,1266]],[[74240,43050],[280,102]],[[74520,43152],[787,380]],[[75307,43532],[534,-396],[-161,-498]],[[35042,43491],[921,-466]],[[35963,43025],[497,-809]],[[33292,39797],[-136,947],[168,1648],[234,163],[-30,787],[158,133]],[[33686,43475],[327,148],[1029,-132]],[[49170,43722],[196,-176]],[[49366,43546],[185,-528],[295,-274]],[[47870,42214],[553,1395],[747,113]],[[69802,43712],[326,-858],[422,-715],[1028,75],[101,152]],[[71679,42366],[416,-522],[909,-348]],[[73004,41496],[16,-316],[-339,-267],[-988,390],[-111,-378],[-384,176],[-189,-310],[-858,585]],[[70151,41376],[-226,1243]],[[69925,42619],[-17,399],[-413,563]],[[69495,43581],[307,131]],[[69403,43567],[92,14]],[[69925,42619],[-901,335],[-151,756]],[[68873,43710],[500,-482],[30,339]],[[41214,40957],[-379,994],[651,955],[333,-43]],[[41819,42863],[208,944]],[[42027,43807],[1214,-893]],[[70151,41376],[-378,266],[-749,245],[-418,-331],[-543,162],[-67,-392]],[[67182,42077],[468,303],[-91,729]],[[67559,43109],[408,-166],[461,957]],[[68428,43900],[445,-190]],[[74240,43050],[-592,89],[-84,353]],[[73564,43492],[555,538],[321,-132],[80,-746]],[[77243,43158],[-842,60],[-274,223]],[[76127,43441],[419,683],[545,-274],[152,-692]],[[79059,43332],[-566,208],[48,655],[413,-240],[105,-623]],[[70970,44054],[221,-884],[488,-804]],[[69802,43712],[266,127],[486,-162],[406,558]],[[70960,44235],[10,-181]],[[81964,43685],[-157,-509],[20,-610],[-378,-868],[-106,-575]],[[81343,41123],[-918,-48],[-2,207]],[[80289,43506],[131,826]],[[80420,44332],[174,4],[1003,-596],[367,-55]],[[41433,43760],[-30,-225],[416,-672]],[[41178,40262],[-540,546],[-206,530],[107,1079],[-315,443],[-280,837]],[[39944,43697],[141,249],[-212,391],[649,-329],[911,-248]],[[62080,43374],[-160,82]],[[61920,43456],[0,443],[-483,68],[-19,496],[459,17],[280,-344],[-77,-762]],[[38060,44068],[-97,-568],[-344,-594],[-89,-785]],[[35963,43025],[246,588],[603,877],[438,73],[138,-231],[672,-264]],[[83843,44506],[298,-378],[137,-1356],[-271,-63],[108,-948],[-330,-111],[-40,-1199],[-979,-455],[-680,-2],[-743,1129]],[[81964,43685],[426,553],[897,321],[556,-53]],[[49366,43546],[162,985],[281,-384],[457,-173],[10,511]],[[50276,44485],[388,118],[206,-366],[-404,-650],[156,-638]],[[66337,41629],[-468,278],[71,963],[350,28],[-115,549]],[[66175,43447],[177,721],[-33,513]],[[66319,44681],[297,-430],[608,-486],[335,-656]],[[27731,44449],[42,-657],[438,-1175],[306,-431],[157,-1170],[239,-472],[292,22]],[[26474,40238],[-25,641],[166,416],[-53,789],[43,2464],[147,244]],[[26752,44792],[250,-1003],[207,-61],[136,575],[386,146]],[[68775,44759],[90,-502]],[[68865,44257],[21,-311],[517,-379]],[[68428,43900],[-418,979],[468,-420],[297,300]],[[38060,44068],[501,744]],[[38561,44812],[269,143],[3,-906],[1111,-352]],[[53831,44527],[-211,-303],[626,-2]],[[54246,44222],[-52,-828]],[[54067,42710],[-1106,97]],[[52961,42807],[-272,92],[185,2063]],[[52874,44962],[318,-363],[639,-72]],[[25408,39629],[12,1032],[176,71],[193,766],[89,1672],[-113,342],[97,909],[164,433]],[[26026,44854],[303,174],[423,-236]],[[64524,45512],[-537,-910],[-754,-299],[-240,133],[-354,-1012],[-559,-50]],[[61920,43456],[-885,177],[-296,-624],[729,-888],[-20,-366]],[[57326,42321],[112,268],[456,-75],[174,1573]],[[58068,44087],[1067,2],[-82,-246],[473,-32],[161,625],[206,111],[-318,735],[200,730]],[[59775,46012],[59,516],[391,743],[-16,388],[-308,494]],[[59901,48153],[461,642]],[[60362,48795],[340,60]],[[60702,48855],[177,-1025],[472,-252],[89,-596],[638,-744],[573,199],[264,-1254],[1089,141],[520,188]],[[49170,43722],[-193,579]],[[48977,44301],[200,895],[1000,-551],[99,-160]],[[31691,41688],[-47,1226],[110,174],[-198,1288],[121,530]],[[31677,44906],[529,396]],[[32206,45302],[69,-468],[418,-323],[614,-19],[322,-345],[57,-672]],[[23891,39764],[299,942],[-91,976],[-161,339],[-670,126],[110,1085],[41,1452],[637,630]],[[24056,45314],[545,-953],[908,301],[300,-112],[217,304]],[[66175,43447],[-59,969],[-416,912]],[[65700,45328],[192,33]],[[65892,45361],[434,-434],[-7,-246]],[[45783,44965],[126,-529],[-250,-426],[-59,-743]],[[43459,42768],[142,689],[363,379],[111,724],[-247,35],[275,767]],[[44103,45362],[838,16],[842,-413]],[[56561,45627],[645,-463]],[[57206,45164],[328,-365]],[[57534,44799],[368,-153],[166,-559]],[[55781,42850],[138,342],[328,1648],[227,816]],[[56474,45656],[87,-29]],[[28910,45184],[298,-997],[485,-1250],[60,-372],[337,-196],[331,-815]],[[27731,44449],[473,141],[0,1120],[706,-526]],[[46658,45736],[460,-1011],[-652,-634],[-371,1111]],[[46095,45202],[337,530]],[[46432,45732],[226,4]],[[73967,41784],[-54,-98]],[[73913,41686],[-683,142],[-226,-332]],[[70970,44054],[636,600],[-91,838],[1003,387]],[[72518,45879],[172,67],[266,-696],[539,-205]],[[73495,45045],[-224,-590],[295,-391],[-326,-846],[324,274]],[[29705,45963],[146,-178],[1278,-368],[548,-511]],[[28910,45184],[753,208],[42,571]],[[70960,44235],[-317,609]],[[70643,44844],[55,769],[504,275],[191,-242],[696,212]],[[72089,45858],[441,152]],[[72530,46010],[-12,-131]],[[19647,43030],[-35,410],[505,79],[257,600],[478,537],[443,738],[791,685],[1198,-166],[254,-338],[518,-261]],[[45783,44965],[312,237]],[[46658,45736],[526,158],[609,-253],[292,570]],[[48085,46211],[-143,-938],[281,-415],[754,-557]],[[65068,46105],[-3,-993],[635,216]],[[66034,39242],[-156,-574],[-421,336]],[[64524,45512],[129,509],[415,84]],[[67864,45456],[223,-290],[688,-407]],[[65892,45361],[-184,958],[1099,-66],[556,-1022],[225,-23],[-182,488],[392,-441],[66,201]],[[78283,45832],[52,-531],[267,88],[323,-278],[1197,369]],[[80122,45480],[346,-219],[-48,-929]],[[78390,41443],[-522,135]],[[77868,41578],[30,883],[-655,697]],[[76127,43441],[-447,-803]],[[75307,43532],[163,1485],[-107,70]],[[75363,45087],[312,1286]],[[75675,46373],[685,-214],[496,83],[830,-216],[177,206],[420,-400]],[[70180,45267],[463,-423]],[[68865,44257],[72,901],[-460,879],[118,499]],[[68595,46536],[84,-407],[775,-629],[726,-233]],[[44103,45362],[-49,441],[258,285],[73,645]],[[44385,46733],[832,-375],[210,-259],[632,-233],[58,-312],[315,178]],[[73495,45045],[447,21],[-9,1176],[115,545]],[[74048,46787],[444,-853],[871,-847]],[[80195,46738],[-67,-946]],[[80128,45792],[-6,-312]],[[78283,45832],[223,747],[1070,131]],[[79576,46710],[619,28]],[[75675,46373],[-424,470]],[[75251,46843],[680,40]],[[75931,46883],[-256,-510]],[[84142,46851],[-317,-1833],[18,-512]],[[80128,45792],[1409,398],[239,539]],[[81776,46729],[988,32],[531,176],[847,-86]],[[58281,46775],[-203,-783],[143,-233],[-235,-540],[-452,-420]],[[57206,45164],[402,1320],[257,408]],[[57865,46892],[416,-117]],[[67864,45456],[-82,378],[370,68],[-215,791],[235,286]],[[68172,46979],[423,-443]],[[42376,46559],[-459,-112],[-245,-1049],[262,-1461],[93,-130]],[[41433,43760],[-854,1519]],[[40579,45279],[163,1184],[212,554],[450,-39],[287,-363],[685,-56]],[[54246,44222],[221,723],[575,1064],[416,1116]],[[55458,47125],[599,-506],[417,-963]],[[74048,46787],[498,-69],[132,299]],[[74678,47017],[201,127],[372,-301]],[[44370,46740],[15,-7]],[[42376,46559],[291,18],[475,613],[242,-354],[804,-345],[182,249]],[[38561,44812],[293,1574],[-103,639],[148,249]],[[38899,47274],[562,-288],[207,-689],[529,-310],[44,-384],[338,-324]],[[70926,47144],[337,51]],[[71263,47195],[-237,-754],[1018,-270]],[[72044,46171],[45,-313]],[[70180,45267],[172,1644],[414,545]],[[70766,47456],[160,-312]],[[59414,47246],[19,-688],[342,-546]],[[58281,46775],[214,44],[239,787],[680,-360]],[[73689,47348],[359,-561]],[[72530,46010],[459,791],[15,814]],[[73004,47615],[685,-267]],[[53831,44527],[-64,763],[639,1728]],[[54406,47018],[408,621]],[[54814,47639],[644,-514]],[[52388,46642],[-257,-546],[2,-506],[741,-628]],[[52961,42807],[-219,-153]],[[48085,46211],[408,131],[698,1301]],[[49191,47643],[1109,-364],[785,-606],[221,385],[1082,-416]],[[71263,47195],[249,190]],[[71512,47385],[828,277]],[[72340,47662],[-296,-1491]],[[53191,47601],[779,-142],[436,-441]],[[52388,46642],[-32,769],[261,329],[574,-139]],[[75766,47733],[165,-850]],[[75251,46843],[136,928]],[[75387,47771],[379,-38]],[[72897,47929],[107,-314]],[[72340,47662],[77,363]],[[72417,48025],[480,-96]],[[35215,46203],[-100,-328],[177,-818],[-23,-759],[-227,-807]],[[32206,45302],[93,904],[-194,251],[416,1184]],[[32521,47641],[828,92],[688,-189],[328,493]],[[34365,48037],[-38,-786],[715,-529],[173,-519]],[[59414,47246],[397,774]],[[59811,48020],[90,133]],[[80707,47680],[-206,-224],[33,-799],[-339,81]],[[79576,46710],[-142,725]],[[79434,47435],[77,184]],[[79511,47619],[272,331],[533,9],[188,202],[203,-481]],[[80707,47680],[287,321]],[[80994,48001],[82,-422],[382,6],[67,647],[425,-192],[-174,-1311]],[[74678,47017],[406,908]],[[75084,47925],[274,310]],[[75358,48235],[29,-464]],[[78589,48072],[208,-629],[637,-8]],[[75766,47733],[537,-276],[398,94],[181,339],[578,310]],[[77460,48200],[499,212],[630,-340]],[[67984,48511],[486,-669],[546,235]],[[69016,48077],[-2,-455],[379,-138],[-300,-364],[-336,-66],[-747,464]],[[68010,47518],[-26,993]],[[73739,48318],[74,-705],[-124,-265]],[[72897,47929],[379,192]],[[73276,48121],[306,417]],[[73582,48538],[157,-220]],[[70926,47144],[447,1432],[398,37]],[[71771,48613],[-259,-1228]],[[71771,48613],[398,-536],[248,-52]],[[78589,48072],[208,567]],[[78797,48639],[714,-1020]],[[29705,45963],[77,162],[-762,1164],[-101,511],[570,193],[98,-201],[460,256],[377,435],[875,147],[1222,-989]],[[38721,47566],[178,-292]],[[35215,46203],[340,257],[116,996],[-302,1274]],[[35369,48730],[791,-245],[263,91],[836,-655],[595,215],[867,-570]],[[56561,45627],[675,3117]],[[57236,48744],[667,-576],[-106,-648],[68,-628]],[[34365,48037],[1004,693]],[[73739,48318],[542,24],[287,577]],[[74568,48919],[151,-907],[365,-87]],[[74568,48919],[293,134]],[[74861,49053],[477,-84],[20,-734]],[[67984,48511],[-167,223]],[[67817,48734],[321,228]],[[68138,48962],[58,-153],[1170,278],[-22,-714],[-328,-296]],[[67817,48734],[43,500]],[[67860,49234],[278,-272]],[[57184,49372],[65,-567]],[[57249,48805],[-13,-61]],[[55458,47125],[152,253],[273,1443],[574,-48],[727,599]],[[77460,48200],[6,1227]],[[77466,49427],[178,-105],[817,249]],[[78461,49571],[252,-242],[84,-690]],[[14656,31615],[728,1867],[420,1476],[5,937],[187,513],[-542,39],[-306,838],[162,610],[-145,620],[85,834],[281,874],[308,137],[399,606],[383,291],[643,1309],[538,779],[413,1210],[-184,790],[662,1140],[124,1102],[234,280],[437,-515],[647,-473],[1151,2621]],[[21286,49500],[528,-183],[451,-840],[364,279],[265,676],[739,174],[341,-415],[414,-205],[1094,23],[356,104],[73,-1170],[180,-444],[463,-173],[1244,-711],[-419,-709],[340,-731],[12,-726]],[[72380,49769],[480,-273]],[[72860,49496],[416,-1375]],[[71771,48613],[231,840],[378,316]],[[57249,48805],[205,223],[470,-233],[118,366],[404,150],[-176,-878],[530,-170],[512,-447],[102,-570]],[[70475,49862],[32,-469]],[[70507,49393],[-865,-203],[-193,585],[155,191]],[[69604,49966],[661,78],[210,-182]],[[48573,49836],[345,-513],[514,-376]],[[49432,48947],[-241,-1304]],[[44370,46740],[-140,518],[-829,699],[54,226]],[[43455,48183],[176,590],[829,16],[801,304],[-22,577],[1124,11],[824,380]],[[47187,50061],[627,-468],[759,243]],[[74861,49053],[327,619]],[[75188,49672],[914,111],[187,200]],[[76289,49983],[229,-349],[619,494]],[[77137,50128],[-94,-593],[423,-108]],[[59464,50198],[757,-271]],[[60221,49927],[481,-1072]],[[60362,48795],[-25,314],[-677,82],[-373,1031]],[[59287,50222],[177,-24]],[[40693,50049],[732,-637],[360,-110]],[[41785,49302],[56,-713],[-167,-26],[-948,696],[-295,-48],[-87,660],[349,178]],[[52694,49562],[-49,-166],[784,-944],[-238,-851]],[[49432,48947],[565,91],[72,281],[509,-9]],[[50578,49310],[318,983],[590,-551],[845,57],[363,-237]],[[73582,48538],[52,577],[269,-138],[188,1278],[244,55]],[[74335,50310],[853,-638]],[[59811,48020],[-506,452],[-212,473],[-420,415],[401,73],[39,937]],[[59113,50370],[174,-148]],[[72380,49769],[38,615],[703,172]],[[73121,50556],[-261,-1060]],[[38646,49326],[174,-658],[-99,-1102]],[[35369,48730],[-40,715],[646,664],[92,304]],[[36067,50413],[381,180]],[[36448,50593],[1097,-552],[1101,-715]],[[77861,50594],[428,83]],[[78289,50677],[145,-503]],[[78434,50174],[27,-603]],[[77137,50128],[30,364]],[[77167,50492],[443,-335],[251,437]],[[31599,49151],[-788,234],[-647,-408],[-707,391],[-434,-277],[-715,369]],[[28308,49460],[1211,752],[701,47],[974,479],[479,-32],[61,-436],[406,40],[-283,-391],[39,-586],[-297,-182]],[[74096,50500],[239,-190]],[[73121,50556],[52,182]],[[73173,50738],[923,-238]],[[68401,50763],[235,-350],[985,110]],[[69621,50523],[-17,-557]],[[70507,49393],[259,-1937]],[[68172,46979],[-409,300]],[[67763,47279],[247,239]],[[67860,49234],[170,1051]],[[68030,50285],[371,478]],[[84480,48582],[-350,-835],[12,-896]],[[80994,48001],[-88,332],[460,588],[51,1070],[750,-60]],[[82167,49931],[650,206],[335,381],[226,-239],[1164,500]],[[84542,50779],[326,12],[194,-532],[-510,-186],[-246,-798],[174,-693]],[[57339,50265],[-155,-893]],[[54814,47639],[-282,211],[359,1793],[187,-18],[121,1182]],[[55199,50807],[837,-376],[978,-274],[325,108]],[[40849,50244],[-156,-195]],[[41785,49302],[376,-99],[307,294]],[[42468,49497],[286,6],[298,-944],[403,-376]],[[38646,49326],[509,22],[592,492],[123,1131]],[[39870,50971],[979,-727]],[[79123,50954],[-98,-660]],[[79025,50294],[-591,-120]],[[78289,50677],[536,348],[298,-71]],[[77215,51012],[-48,-520]],[[76289,49983],[17,1112]],[[76306,51095],[484,116]],[[76790,51211],[425,-199]],[[34117,50886],[-7,575]],[[34110,51461],[528,-148],[-46,-204],[585,-202],[-133,-237],[-927,216]],[[71116,51327],[-62,-953],[-291,-76],[-288,-436]],[[69621,50523],[428,638],[667,-25],[25,248]],[[70741,51384],[375,-57]],[[75623,51524],[518,-158],[165,-271]],[[74096,50500],[548,581]],[[74644,51081],[685,449],[294,-6]],[[57339,50265],[868,338],[-65,392]],[[58142,50995],[36,626]],[[58178,51621],[758,-675],[177,-576]],[[42311,51459],[153,-895],[4,-1067]],[[40849,50244],[207,751],[492,256],[28,375],[735,-167]],[[60248,51630],[13,-7]],[[60261,51623],[325,-289],[1342,-660],[384,-104],[2305,-1370],[805,-802]],[[65422,48398],[175,-1443],[-529,-850]],[[60221,49927],[-173,1589],[161,137]],[[60209,51653],[39,-23]],[[48548,51123],[-84,-569],[109,-718]],[[47187,50061],[-281,229],[279,647],[-79,745]],[[47106,51682],[349,50],[1093,-609]],[[86599,51772],[712,-967],[-29,-350]],[[87282,50455],[-8,-374],[-634,201],[-416,-408],[-69,-634],[-579,4],[-59,-346],[-1037,-316]],[[84542,50779],[476,261],[1245,354],[-98,338],[434,40]],[[73058,51704],[411,-232],[-296,-734]],[[71116,51327],[187,148],[686,-162],[379,514]],[[72368,51827],[690,-123]],[[78303,51842],[291,-87]],[[78594,51755],[40,-347],[385,-176]],[[79019,51232],[104,-278]],[[77861,50594],[83,800],[258,395]],[[78202,51789],[101,53]],[[52694,49562],[940,2340]],[[53634,51902],[475,-201],[124,-307],[966,-587]],[[76610,51987],[663,-68]],[[77273,51919],[133,-132],[-191,-775]],[[76790,51211],[-355,799],[175,-23]],[[82046,50745],[121,-814]],[[79025,50294],[430,-74],[68,-814],[293,-151],[762,496],[188,404],[27,700]],[[80793,50855],[167,1190],[80,-59]],[[81040,51986],[302,-207],[704,-1034]],[[77477,52073],[498,-53],[227,-231]],[[77273,51919],[204,154]],[[79289,51539],[-270,-307]],[[78594,51755],[84,406],[346,23]],[[79024,52184],[272,55],[-7,-700]],[[80793,50855],[-236,-3],[6,990],[351,457]],[[80914,52299],[126,-313]],[[63020,51730],[1386,-866],[-28,283]],[[64378,51147],[748,300],[-16,226]],[[65110,51673],[446,87],[178,571]],[[65734,52331],[223,-290],[60,-871],[-82,-646],[278,-799],[-92,-277],[-516,-261],[-631,1770],[-138,-185],[-25,-932],[-848,674],[-998,200],[-350,181]],[[62615,50895],[-164,949],[-514,123],[8,434],[1075,-671]],[[66197,52436],[214,-210],[610,-73]],[[67021,52153],[-425,-443],[742,-590],[527,19],[165,-854]],[[67763,47279],[-2163,1473],[-178,-354]],[[60261,51623],[876,-412],[1379,-439],[99,123]],[[65734,52331],[-18,184]],[[65716,52515],[481,-79]],[[59464,50198],[218,495],[0,924],[-111,953]],[[59571,52570],[638,-917]],[[65110,51673],[-128,851],[734,-9]],[[57144,52614],[194,-465],[840,-528]],[[58142,50995],[-414,236],[-1434,467]],[[56294,51698],[380,279],[-9,273]],[[56665,52250],[479,364]],[[76332,52318],[278,-331]],[[75623,51524],[1,777],[312,309]],[[75936,52610],[396,-292]],[[70741,51384],[47,854]],[[70788,52238],[685,484]],[[71473,52722],[895,-895]],[[34322,50441],[604,109],[117,-468],[408,532],[616,-201]],[[32521,47641],[-408,835],[-514,675]],[[28308,49460],[-223,704],[119,238],[721,117],[486,738],[96,631],[526,0],[448,533]],[[30481,52421],[151,329],[2089,-1048],[527,-757],[735,-556],[339,52]],[[79024,52184],[-156,213],[696,438]],[[79564,52835],[131,-15]],[[79695,52820],[662,78],[171,-662],[-98,-318],[-1141,-379]],[[77477,52073],[445,890]],[[77922,52963],[505,-37],[-124,-1084]],[[63020,51730],[117,849]],[[63137,52579],[752,455]],[[63889,53034],[614,2],[-144,-1007],[19,-882]],[[73058,51704],[120,439]],[[73178,52143],[160,-95],[140,736]],[[73478,52784],[756,8],[62,-659],[254,-233],[94,-819]],[[53634,51902],[-669,294],[0,854]],[[52965,53050],[919,-528],[-250,-620]],[[49509,53116],[1361,-940]],[[50870,52176],[-73,-1017],[-190,-426],[-29,-1423]],[[48548,51123],[394,1139],[567,854]],[[73178,52143],[-226,316],[148,735]],[[73100,53194],[278,10],[100,-420]],[[38971,52854],[-40,-599],[295,-15],[96,-809],[548,-460]],[[36448,50593],[106,1187],[255,-91]],[[36809,51689],[485,106],[-67,329],[356,926]],[[37583,53050],[69,215],[1319,-411]],[[21286,49500],[-232,1700],[-223,1008]],[[20831,52208],[886,-334],[796,-34],[103,924],[611,178],[670,-447],[382,-720],[1225,-599],[1273,324],[746,411]],[[27523,51911],[390,210],[697,783],[1058,168]],[[29668,53072],[189,233],[464,-145],[160,-739]],[[67274,52821],[-56,-199]],[[67218,52622],[-197,-469]],[[66197,52436],[58,297]],[[66255,52733],[164,-59],[289,577],[211,63],[355,-493]],[[88704,52408],[-287,-779],[-465,-42],[-410,-573],[413,-494]],[[87955,50520],[-191,-492],[-482,427]],[[86599,51772],[310,51],[159,371],[393,-46],[-203,766],[129,413]],[[87387,53327],[514,-85],[14,-284],[495,0],[294,-550]],[[36640,53244],[589,87],[354,-281]],[[36809,51689],[-143,616],[-806,175],[-1,748],[-217,156]],[[35642,53384],[877,6],[121,-146]],[[71473,52722],[140,371]],[[71613,53093],[1022,572],[465,-471]],[[89931,53365],[-170,-430],[-156,-1273],[157,-1922],[-369,-153],[-1033,309],[-405,624]],[[88704,52408],[283,827],[492,473]],[[89479,53708],[452,-343]],[[57144,52614],[-101,791],[242,399]],[[57285,53804],[1274,-268],[423,-282],[589,-684]],[[65716,52515],[89,262],[-137,882]],[[65668,53659],[128,169],[459,-1095]],[[34322,50441],[-205,445]],[[34110,51461],[-79,651]],[[34031,52112],[-307,1082],[355,242],[60,376],[391,-3]],[[34530,53809],[773,6],[339,-431]],[[68176,53302],[156,-482],[-339,-396],[-775,198]],[[67274,52821],[368,255],[221,815]],[[67863,53891],[313,-589]],[[76592,53795],[228,-231],[428,122],[-415,-925],[-501,-443]],[[75936,52610],[-266,422],[168,241]],[[75838,53273],[275,714],[479,-192]],[[79548,53752],[16,-917]],[[77922,52963],[-87,247],[289,622],[467,-156]],[[78591,53676],[279,232],[327,-131]],[[79197,53777],[351,-25]],[[70167,53148],[-105,-365],[726,-545]],[[68401,50763],[319,137],[128,402],[-195,1062],[212,-61],[345,540],[100,1218]],[[69310,54061],[311,-135],[8,-743],[538,-35]],[[60248,51630],[108,418],[-353,784],[60,1080]],[[60063,53912],[145,-381],[527,-117],[898,156],[154,-276],[661,523],[211,328]],[[62659,54145],[500,-1091],[-22,-475]],[[68679,54127],[26,-690],[-205,-340],[-324,205]],[[67863,53891],[816,236]],[[43240,51733],[-212,423],[395,1034]],[[43423,53190],[551,-43],[128,537],[599,475]],[[44701,54159],[49,-655],[-120,-707],[126,-574],[-310,-786],[-1206,296]],[[81125,54080],[149,-746],[-360,-1035]],[[79695,52820],[326,139],[-3,336],[549,418]],[[80567,53713],[352,469],[206,-102]],[[51540,53978],[1425,-928]],[[50870,52176],[-5,1177],[215,858]],[[51080,54211],[460,-233]],[[46275,54078],[-307,-357],[-68,-1155],[540,-534],[666,-350]],[[42311,51459],[418,-280],[436,61],[75,493]],[[44701,54159],[64,210]],[[44765,54369],[665,-264],[532,117],[313,-144]],[[34647,54302],[-117,-493]],[[34031,52112],[-885,677],[293,896],[118,787]],[[33557,54472],[1090,-170]],[[86599,51772],[-451,742],[-99,535],[-624,815],[-185,463]],[[85240,54327],[166,267]],[[85406,54594],[504,-747],[1395,-250],[82,-270]],[[79548,53752],[461,854]],[[80009,54606],[129,-443],[429,-450]],[[38971,52854],[-132,467],[123,1167]],[[38962,54488],[1180,-831]],[[40142,53657],[505,-277],[668,162],[551,-117],[592,1218]],[[42458,54643],[439,-728],[182,90],[-9,-631],[353,-184]],[[81948,54456],[-150,-1205],[53,-416],[281,-50],[192,-927],[-29,-675],[-249,-438]],[[81125,54080],[214,96],[29,595]],[[81368,54771],[580,-315]],[[62659,54145],[175,356]],[[62834,54501],[255,-48],[566,384]],[[63655,54837],[234,-1803]],[[47660,54854],[499,-375],[1350,-1363]],[[46275,54078],[462,-65],[258,518],[665,323]],[[79082,54808],[115,-1031]],[[78591,53676],[193,1306]],[[78784,54982],[298,-174]],[[56138,54421],[634,-499],[513,-118]],[[56665,52250],[16,419],[-903,518],[-349,854],[9,1082]],[[55438,55123],[700,-702]],[[38477,54969],[485,-481]],[[36640,53244],[342,1433],[-30,554]],[[36952,55231],[975,-241],[395,-387],[155,366]],[[64858,54982],[766,-233]],[[65624,54749],[-91,-763],[135,-327]],[[63655,54837],[-5,288],[455,106]],[[64105,55231],[753,-249]],[[69310,54061],[132,620],[353,703]],[[69795,55384],[681,-813],[-157,-1088],[-152,-335]],[[82788,54696],[-388,-339],[-452,99]],[[81948,54456],[191,713],[402,229]],[[82541,55398],[247,-702]],[[82788,54696],[426,208]],[[83214,54904],[389,-146],[300,-433],[623,61],[138,683],[-284,292]],[[84380,55361],[459,178]],[[84839,55539],[401,-1212]],[[29668,53072],[91,778],[761,-336],[536,514],[-11,573]],[[31045,54601],[1068,-26],[699,186],[-22,651],[651,99],[174,-487],[-58,-552]],[[51069,54218],[11,-7]],[[47660,54854],[387,734]],[[48047,55588],[860,-352],[1649,-1115],[513,97]],[[85375,55187],[31,-593]],[[84839,55539],[51,90]],[[84890,55629],[470,-156],[15,-286]],[[79082,54808],[116,588],[431,234]],[[79629,55630],[223,-183],[157,-841]],[[76592,53795],[425,759],[-93,453],[402,433]],[[77326,55440],[549,-162],[677,355],[232,-651]],[[62727,54943],[107,-442]],[[60063,53912],[-166,583],[-71,990]],[[59826,55485],[149,114]],[[59975,55599],[519,-158],[216,465]],[[60710,55906],[87,-538],[996,-204],[284,115],[650,-336]],[[70718,55816],[305,-158],[-188,-647],[561,-257]],[[71396,54754],[137,-253]],[[71533,54501],[-136,-459],[211,-190],[-159,-519]],[[71449,53333],[164,-240]],[[69795,55384],[159,328]],[[69954,55712],[764,104]],[[65554,55845],[150,-360],[-80,-736]],[[64858,54982],[141,983]],[[64999,55965],[555,-120]],[[42432,55540],[26,-897]],[[40142,53657],[629,2191]],[[40771,55848],[445,159]],[[41216,56007],[302,49],[914,-516]],[[54950,55605],[488,-482]],[[56294,51698],[-48,386],[-519,69],[-1753,1138]],[[53974,53291],[568,1560],[64,498],[-237,814]],[[54369,56163],[581,-558]],[[84206,55958],[174,-597]],[[83214,54904],[518,1097]],[[83732,56001],[474,-43]],[[69363,56255],[591,-543]],[[68679,54127],[179,714],[-59,990]],[[68799,55831],[347,417]],[[69146,56248],[217,7]],[[71449,53333],[453,274],[677,674],[1405,1772]],[[73984,56053],[206,303],[490,-70],[241,-366],[-34,-443],[-282,-229],[327,-392],[-67,-1111],[973,-472]],[[37640,55710],[837,-741]],[[36952,55231],[-312,100],[-10,897]],[[36630,56228],[164,207]],[[36794,56435],[846,-725]],[[53974,53291],[-832,401],[-177,-642]],[[51540,53978],[364,1190],[76,1179]],[[51980,56347],[635,-144],[572,203]],[[53187,56406],[1182,-243]],[[64544,56580],[470,-95]],[[65014,56485],[-15,-520]],[[64105,55231],[179,1115]],[[64284,56346],[260,234]],[[62727,54943],[283,1684]],[[63010,56627],[1274,-281]],[[84206,55958],[413,675],[245,-493],[26,-511]],[[34647,54302],[50,855],[405,85],[197,318]],[[35299,55560],[480,1142]],[[35779,56702],[851,-474]],[[79629,55630],[285,351],[458,-26]],[[80372,55955],[442,56],[285,678],[479,-130],[-340,-669],[130,-1119]],[[57582,56922],[523,-720],[521,271],[565,-97]],[[59191,56376],[335,-460]],[[59526,55916],[300,-431]],[[56138,54421],[171,624],[809,874],[64,742]],[[57182,56661],[400,261]],[[82541,55398],[355,1019],[-129,590],[551,-141],[241,247]],[[83559,57113],[384,-309],[-225,-273],[14,-530]],[[76028,56931],[444,109],[295,-247]],[[76767,56793],[47,-408],[412,-404],[-143,-463],[243,-78]],[[73984,56053],[-89,375],[301,154],[219,541]],[[74415,57123],[1188,-749],[425,557]],[[63010,56627],[54,328]],[[63064,56955],[144,172],[689,1],[647,-548]],[[54950,55605],[-41,839],[665,100],[482,505]],[[56056,57049],[369,-135],[478,239],[279,-492]],[[66829,57061],[1093,-250]],[[67922,56811],[563,-915],[314,-65]],[[65554,55845],[57,136]],[[65611,55981],[583,194],[352,1060]],[[66546,57235],[283,-174]],[[65595,56578],[16,-597]],[[65014,56485],[51,547],[272,307]],[[65337,57339],[207,-8],[51,-753]],[[59191,56376],[200,986]],[[59391,57362],[167,-451],[-32,-995]],[[70778,56883],[-420,-32],[151,467]],[[70509,57318],[182,48]],[[70691,57366],[87,-483]],[[38477,54969],[613,792],[199,1435]],[[39289,57196],[166,174],[369,-281],[38,-490],[909,-751]],[[70778,56883],[431,-129],[-491,-938]],[[69363,56255],[204,394]],[[69567,56649],[942,669]],[[65595,56578],[429,859],[522,-202]],[[97600,57275],[-179,-629],[646,-770],[234,-1603],[-1008,-363],[-2274,-711],[-489,-245]],[[94530,52954],[67,821],[-123,842],[64,702],[-326,172],[-155,700],[-419,719]],[[93638,56910],[280,342],[517,249]],[[94435,57501],[19,-506],[449,152],[572,-95],[165,-299],[704,122],[357,385],[207,-269],[692,284]],[[94530,52954],[-863,-366],[-1146,-214],[-923,-279],[-122,374],[-641,156],[-276,579],[-335,-221],[-293,382]],[[89479,53708],[-416,860],[118,374],[425,174],[-64,534],[-235,131],[14,706]],[[89321,56487],[375,292],[-204,767],[460,76]],[[89952,57622],[236,-78],[-139,-512],[283,-697],[399,-125],[-32,395],[369,453],[1351,-199],[127,-388],[359,-245],[90,437],[643,247]],[[35642,57532],[137,-830]],[[35299,55560],[-384,3],[-753,325],[151,794]],[[34313,56682],[204,944],[808,-229],[317,135]],[[59391,57362],[158,281]],[[59549,57643],[202,-445],[417,-369],[-277,-1147],[84,-83]],[[71595,57165],[112,-152]],[[71707,57013],[130,-489],[363,-174],[-328,-839],[-476,-757]],[[70691,57366],[593,319]],[[71284,57685],[311,-520]],[[44001,57131],[-1,-663],[334,-1328],[431,-771]],[[42432,55540],[72,770],[294,743],[372,242],[187,399]],[[43357,57694],[644,-563]],[[71284,57685],[12,13]],[[71296,57698],[360,-225],[-61,-308]],[[72537,57647],[351,-732],[-109,-351],[274,-304],[-602,-1285],[-574,-530],[-344,56]],[[71707,57013],[722,748]],[[72429,57761],[108,-114]],[[69688,57777],[-121,-1128]],[[69146,56248],[-258,883],[67,246]],[[68955,57377],[511,487]],[[69466,57864],[222,-87]],[[37640,55710],[-58,244],[466,1870]],[[38048,57824],[93,64],[1148,-692]],[[72537,57647],[1169,53],[316,243]],[[74022,57943],[103,22]],[[74125,57965],[334,-395],[-44,-447]],[[76922,57637],[-155,-844]],[[76028,56931],[-34,690]],[[75994,57621],[390,346],[538,-330]],[[27470,54630],[-135,-1296],[267,-689],[-79,-734]],[[20831,52208],[-124,1169],[410,59],[448,883],[994,-100],[158,944],[324,1037]],[[23041,56200],[449,26],[271,1366],[322,549],[278,-511],[586,-454],[-86,-518],[305,-111],[-35,569],[365,-92],[194,-1090],[529,-123],[35,628],[-257,559],[268,463],[822,-353],[-56,-1151],[145,-431],[-104,-421],[398,-475]],[[68495,58005],[460,-628]],[[67922,56811],[98,421],[-386,362],[225,602],[636,-191]],[[44001,57131],[670,-19],[1166,525],[445,688]],[[46282,58325],[290,-525],[766,-635],[819,-914],[-110,-663]],[[38035,57991],[13,-167]],[[36794,56435],[233,591],[-94,1332]],[[36933,58358],[1102,-367]],[[60902,58143],[173,-568],[-205,-448],[-160,-1221]],[[59549,57643],[32,289]],[[59581,57932],[291,453]],[[59872,58385],[1030,-242]],[[64219,58326],[560,19],[510,-245]],[[65289,58100],[48,-761]],[[63064,56955],[-368,1110],[36,332]],[[62732,58397],[1487,-71]],[[77006,57710],[-84,-73]],[[75994,57621],[-44,946]],[[75950,58567],[308,-74],[748,-783]],[[87264,58385],[400,-436],[134,-454],[877,-110]],[[88675,57385],[338,-178],[308,-720]],[[85375,55187],[809,474],[69,579],[399,723],[448,223],[177,362],[-233,913],[220,-76]],[[46621,58705],[760,-798],[405,-664],[1363,-1419],[1920,-1606]],[[46282,58325],[-112,375]],[[46170,58700],[451,5]],[[75694,58799],[256,-232]],[[74125,57965],[551,640],[74,287],[744,38],[200,-131]],[[51024,58979],[638,-919],[19,-1209],[299,-504]],[[51069,54218],[-93,500],[-562,737],[-1341,1216]],[[49073,56671],[274,1334],[573,97]],[[49920,58102],[698,93],[98,685],[173,137]],[[50889,59017],[135,-38]],[[71337,58971],[198,-20],[-18,-673],[-221,-580]],[[69688,57777],[299,-27],[392,1031]],[[70379,58781],[187,305]],[[70566,59086],[771,-115]],[[35642,57532],[-4,1068],[-440,129]],[[35198,58729],[1,414]],[[35199,59143],[1217,-336],[517,-449]],[[71337,58971],[113,251]],[[71450,59222],[212,13]],[[71662,59235],[791,-36],[52,-372],[-259,-880],[183,-186]],[[62907,59119],[-175,-722]],[[60902,58143],[239,52],[319,847]],[[61460,59042],[196,-84],[648,282]],[[62304,59240],[603,-121]],[[69466,57864],[38,400],[-213,899]],[[69291,59163],[926,123]],[[70217,59286],[162,-505]],[[58633,58339],[948,-407]],[[57582,56922],[172,1664],[-58,717]],[[57696,59303],[149,-686],[349,-253],[439,-25]],[[83559,57113],[241,818],[519,-379],[267,291]],[[84586,57843],[364,-36],[282,482],[480,84],[228,331],[4,457],[919,189]],[[86863,59350],[54,-199],[550,-98],[20,-581],[-223,-87]],[[46170,58700],[-191,662]],[[45979,59362],[642,-657]],[[68043,59275],[508,-451]],[[68551,58824],[-56,-819]],[[66829,57061],[369,2398]],[[67198,59459],[845,-184]],[[46184,59445],[457,-262],[1071,-1212],[228,-468],[495,-212],[638,-620]],[[45979,59362],[205,83]],[[55200,59386],[426,-73]],[[55626,59313],[199,-311]],[[55825,59002],[-119,-879],[350,-1074]],[[53187,56406],[41,852],[-425,447],[64,739],[-906,-84],[311,243]],[[52272,58603],[345,24],[390,332],[465,-222]],[[53472,58737],[658,157],[63,566]],[[54193,59460],[1007,-74]],[[42647,58762],[512,-495],[198,-573]],[[41216,56007],[-587,415],[-105,895],[784,1095],[256,-27],[222,1086]],[[41786,59471],[861,-709]],[[59318,59408],[533,-383]],[[59851,59025],[178,-309],[-157,-331]],[[58633,58339],[-211,457],[209,659]],[[58631,59455],[687,-47]],[[69307,59504],[-16,-341]],[[68551,58824],[502,248],[130,495]],[[69183,59567],[124,-63]],[[31816,57511],[658,-291],[643,99],[872,-238],[324,-399]],[[31045,54601],[-333,473],[-751,261]],[[29961,55335],[406,725],[292,199],[8,672],[-417,216],[-194,-389],[-227,967],[303,637],[-55,1193],[119,-624],[796,-455],[-74,-568],[306,-259],[0,-556],[470,-44],[122,462]],[[27470,54630],[155,788],[-169,93],[63,1708],[271,553],[44,834],[370,282],[-91,723],[209,-47],[54,-870],[264,-257],[-9,-598],[425,-868],[-135,-1957],[218,-379],[822,700]],[[50191,59574],[698,-557]],[[49920,58102],[99,595],[-221,484],[36,659]],[[49834,59840],[357,-266]],[[61162,59666],[309,-83],[-11,-541]],[[59851,59025],[58,861]],[[59909,59886],[1021,135]],[[60930,60021],[232,-355]],[[70566,59086],[266,921],[439,7],[340,-446],[-161,-346]],[[69307,59504],[388,471]],[[69695,59975],[352,109]],[[70047,60084],[256,-105],[-86,-693]],[[67018,59947],[180,-488]],[[65289,58100],[197,-3],[316,1236],[-95,723]],[[65707,60056],[998,10],[313,-119]],[[56523,59912],[-239,-929],[-459,19]],[[55626,59313],[434,751],[463,-152]],[[62907,59119],[149,457],[-198,490]],[[62858,60066],[509,-246],[228,382]],[[63595,60202],[286,-209],[100,-975],[323,-316],[-85,-376]],[[62304,59240],[134,967]],[[62438,60207],[420,-141]],[[59318,59408],[323,897]],[[59641,60305],[268,-419]],[[51052,60243],[29,-810],[539,-471],[224,648],[323,110]],[[52167,59720],[118,-193],[-13,-924]],[[51024,58979],[-350,397],[147,957],[231,-90]],[[58444,59979],[187,-524]],[[57696,59303],[-449,1061]],[[57247,60364],[306,13]],[[57553,60377],[528,-115],[363,-283]],[[89632,59638],[-123,-661],[-464,-858],[63,-512],[-433,-222]],[[86863,59350],[300,222],[527,-18],[0,389],[279,453]],[[87969,60396],[637,-205],[645,-44],[33,-374],[348,-135]],[[56523,59912],[383,253],[-12,284]],[[56894,60449],[353,-85]],[[68536,60441],[647,-874]],[[68043,59275],[219,1202]],[[68262,60477],[274,-36]],[[76327,59603],[-569,-321],[-64,-483]],[[74022,57943],[-392,675],[49,775]],[[73679,59393],[702,-64],[247,218],[425,-371],[456,371],[66,598],[233,346]],[[75808,60491],[519,-888]],[[77502,59279],[-284,-645],[169,-410]],[[77387,58224],[-154,-582],[-227,68]],[[76327,59603],[478,205],[67,784],[607,-242],[66,291],[437,-239],[-250,-231],[-230,-892]],[[61162,59666],[31,462],[374,452],[728,173]],[[62295,60753],[143,-546]],[[67018,59947],[179,562],[237,47]],[[67434,60556],[389,201],[439,-280]],[[80687,60619],[13,-384],[-343,274],[-408,-595],[498,-366],[180,299],[356,-1402],[-319,-1077],[-289,-654],[-3,-759]],[[77387,58224],[719,-41],[933,905],[-162,448],[618,453],[192,408],[691,490]],[[80378,60887],[309,-268]],[[69016,60942],[605,-134]],[[69621,60808],[74,-833]],[[68536,60441],[27,434],[453,67]],[[59307,60591],[334,-286]],[[58444,59979],[175,982]],[[58619,60961],[688,-370]],[[69621,60808],[219,178]],[[69840,60986],[491,31],[-284,-933]],[[60920,60824],[10,-803]],[[59307,60591],[390,323],[981,126],[242,-216]],[[48964,61011],[270,-601],[600,-570]],[[46184,59445],[37,1304],[1215,-209],[992,454]],[[48428,60994],[536,17]],[[38035,57991],[273,710]],[[38308,58701],[331,456],[591,-158],[261,652],[235,1107]],[[39726,60758],[322,391],[627,-889],[770,-662],[341,-127]],[[52279,61263],[26,-952],[-138,-591]],[[51052,60243],[-26,91]],[[51026,60334],[670,541],[-122,420]],[[51574,61295],[705,-32]],[[31816,57511],[274,401],[3,470],[-1179,1133],[-124,558],[380,181],[46,360],[519,238],[145,445],[363,-537],[274,172],[500,-247],[1068,-1599],[564,-386],[549,29]],[[48428,60994],[468,333]],[[48896,61327],[68,-316]],[[55014,61009],[53,-1293],[133,-330]],[[54193,59460],[-12,811],[-250,362],[-9,827]],[[53922,61460],[232,-205],[519,-17],[341,-229]],[[29961,55335],[-194,168],[-241,1565],[-226,155],[-56,724],[178,952],[-352,2083]],[[29070,60982],[464,505],[716,-652],[-5,-506],[1121,-1632],[209,-1074],[241,-112]],[[53472,58737],[-265,1846],[258,1038]],[[53465,61621],[457,-161]],[[38308,58701],[-309,273],[-152,474],[287,1855],[364,-237],[621,581]],[[39119,61647],[607,-889]],[[73858,61623],[-117,-1334],[-184,-668],[122,-228]],[[71662,59235],[262,244],[354,1245],[9,377]],[[72287,61101],[341,-289],[257,115]],[[72885,60927],[150,-45],[149,702],[674,39]],[[83662,61517],[-95,-135],[273,-1399],[187,-423],[492,86]],[[84519,59646],[165,-779],[-177,-806],[79,-218]],[[80687,60619],[415,355],[441,95],[-520,411],[648,124],[183,-319],[237,485],[1027,-191],[40,-766],[312,83],[45,656],[147,-35]],[[50191,59574],[-644,755],[-204,1119],[-372,306],[456,-64],[277,-391],[1322,-965]],[[52279,61263],[232,558],[954,-200]],[[67359,61686],[137,-407],[-62,-723]],[[65707,60056],[-49,803]],[[65658,60859],[68,551],[344,456]],[[66070,61866],[592,74],[697,-254]],[[45536,60127],[217,-134],[226,-631]],[[42647,58762],[-333,623],[-492,281]],[[41822,59666],[432,839],[246,1460]],[[42500,61965],[871,-758],[996,-553],[80,-434],[342,-254],[538,-38],[209,199]],[[75825,60973],[-17,-482]],[[73858,61623],[233,336]],[[74091,61959],[818,-198],[218,-614],[551,142],[147,-316]],[[64671,61389],[501,-87],[11,-309],[475,-134]],[[63595,60202],[9,631],[286,1157]],[[63890,61990],[468,-568],[313,-33]],[[23041,56200],[82,1137],[-58,1226],[159,811],[-68,1433],[217,-435],[853,574],[21,416],[316,419],[-173,-571],[678,-304],[796,768],[16,391],[303,-75]],[[26183,61990],[422,-284],[245,218],[757,-36],[416,156],[462,-719],[585,-343]],[[72790,61965],[95,-1038]],[[72287,61101],[31,1051]],[[72318,62152],[472,-187]],[[69391,62176],[882,-175],[-412,-676],[-21,-339]],[[69016,60942],[30,1181]],[[69046,62123],[345,53]],[[68365,61900],[298,-99],[383,322]],[[67359,61686],[262,526]],[[67621,62212],[744,-312]],[[63265,62014],[625,-24]],[[62295,60753],[-166,1463]],[[62129,62216],[798,-39],[338,-163]],[[58386,61654],[233,-693]],[[57553,60377],[-101,1036],[259,150],[44,636],[455,-212],[-102,-506],[278,173]],[[81094,62235],[-203,-525],[-513,-823]],[[77502,59279],[1437,1311],[-99,391]],[[78840,60981],[382,132],[906,830],[622,359],[344,-67]],[[95453,61783],[-78,-339],[-554,-660],[-49,-471],[-562,-936],[-64,-572],[-268,-440],[338,-256],[483,16],[-264,-624]],[[89952,57622],[-234,953],[308,802],[306,64]],[[90332,59441],[377,-349]],[[90709,59092],[554,-141],[360,166],[356,603],[278,-3],[322,365],[271,-226],[272,275],[-38,540],[452,962],[207,-83],[425,677],[386,214]],[[94554,62441],[216,-405],[683,-253]],[[90578,61900],[6,-976],[-252,-1483]],[[89632,59638],[-59,1693],[201,423],[24,705]],[[89798,62459],[780,-559]],[[72318,62152],[196,784]],[[72514,62936],[335,-109],[-59,-862]],[[47666,62835],[1071,-996]],[[48737,61839],[159,-512]],[[45536,60127],[-255,392],[-1311,1186],[-188,419],[49,729]],[[43831,62853],[510,70],[1478,-195],[366,-299],[833,-368],[410,107],[-196,671],[434,-4]],[[72318,62152],[-303,214]],[[72015,62366],[174,759],[325,-189]],[[60638,61355],[-345,422],[16,1091],[-123,329]],[[60186,63197],[821,-261],[121,-495],[-201,-1037],[-289,-49]],[[95453,61783],[52,805],[258,0],[41,710]],[[95804,63298],[1203,-212],[372,-918],[-274,-411],[397,102],[86,-458],[362,-70],[306,-424],[-76,-655],[255,-241],[-61,-1321],[-204,-957],[123,-294],[-693,-164]],[[69343,63164],[48,-988]],[[68365,61900],[297,1414]],[[68662,63314],[681,-150]],[[63206,62691],[64,-266]],[[63270,62425],[-5,-411]],[[62129,62216],[63,1192]],[[62192,63408],[1014,-717]],[[67237,63305],[384,-1093]],[[66070,61866],[-161,364],[426,524],[-212,415]],[[66123,63169],[472,178]],[[66595,63347],[642,-42]],[[70924,63184],[1091,-818]],[[69343,63164],[0,218]],[[69343,63382],[454,106],[755,-325],[372,21]],[[56831,62283],[63,-1834]],[[55014,61009],[-46,494],[205,1613],[512,467]],[[55685,63583],[-72,-759],[544,-471],[674,-70]],[[35199,59143],[-43,752],[-218,278],[-164,864],[249,387],[-68,1400]],[[34955,62824],[330,-226],[76,-368],[292,72],[428,598],[678,651],[1021,96],[400,-259],[883,-1161],[56,-580]],[[90578,61900],[162,532],[678,494],[224,-114],[29,668],[204,209]],[[91875,63689],[144,-620],[-402,-1015],[69,-594],[-407,-101],[-224,-801],[9,-683],[-380,-142],[25,-641]],[[41027,63127],[-225,-371],[-344,-75],[-416,-516]],[[40042,62165],[-380,618]],[[39662,62783],[627,1008],[237,-374],[501,-290]],[[41822,59666],[-697,711],[-922,1257],[-161,531]],[[41027,63127],[588,672]],[[41615,63799],[64,-448],[497,-494],[324,-892]],[[64671,61389],[231,1036],[534,-45],[417,508],[-246,1026]],[[65607,63914],[242,-101],[274,-644]],[[67237,63305],[155,372],[604,269]],[[67996,63946],[666,-632]],[[58124,63713],[76,-68]],[[58200,63645],[13,-37]],[[58213,63608],[-450,-1034],[-263,439],[-97,922]],[[57403,63935],[320,44],[401,-266]],[[63270,62425],[334,-47],[997,686],[202,-346],[390,198],[194,1093]],[[65387,64009],[220,-95]],[[58213,63608],[292,-409]],[[58505,63199],[41,-611],[-160,-934]],[[56831,62283],[174,789],[43,938]],[[57048,64010],[355,-75]],[[56463,64334],[428,8]],[[56891,64342],[157,-332]],[[55685,63583],[319,225],[50,412]],[[56054,64220],[409,114]],[[59531,64347],[-162,-412],[-273,-28],[-203,-643],[-388,-65]],[[58200,63645],[215,415],[500,-15],[251,320],[365,-18]],[[91875,63689],[675,219],[221,584]],[[92771,64492],[324,-25],[-44,-540],[271,-796],[565,241],[78,-406],[396,-16],[193,-509]],[[66438,64382],[157,-1035]],[[65387,64009],[125,483]],[[65512,64492],[926,-110]],[[60017,64576],[232,-512],[-63,-867]],[[60638,61355],[282,-531]],[[59531,64347],[257,162]],[[59788,64509],[229,67]],[[56856,64572],[35,-230]],[[56463,64334],[393,238]],[[78848,64177],[524,-124],[421,-345],[-693,-1326],[-390,-923],[130,-478]],[[75825,60973],[385,21],[402,378],[203,-252],[371,916],[-147,665],[230,156],[-43,602],[323,1218]],[[77549,64677],[298,-390],[339,190],[662,-300]],[[87349,64346],[155,-60],[-19,-842],[332,-331],[36,-510],[-146,-820],[242,-484],[20,-903]],[[84519,59646],[405,1090],[-477,-351],[592,932],[-49,419],[-260,-128],[36,758],[432,79],[-189,1067],[-638,-80],[-249,514],[87,361]],[[84209,64307],[355,268],[309,-335],[138,561],[742,-342],[153,-336],[1164,4],[279,219]],[[72852,64864],[225,-380],[-307,-641],[-49,926],[131,95]],[[81094,62235],[-105,-348],[328,-80],[26,890],[181,332],[477,158],[-97,629],[528,8],[192,-380],[63,648],[410,543],[-30,268]],[[83067,64903],[336,-83],[-33,-955],[162,-543],[130,-1805]],[[60017,64576],[478,27]],[[60495,64603],[289,412],[731,-72],[-27,-531],[917,-103],[-213,-901]],[[37966,64983],[248,-593],[349,210],[264,-463]],[[38827,64137],[835,-1354]],[[34955,62824],[-37,679],[-405,510]],[[34513,64013],[48,752],[496,240],[412,-288],[449,476],[272,-340],[306,78],[911,-308],[559,360]],[[69436,64318],[-261,-688],[168,-248]],[[67996,63946],[2,254],[432,431],[37,658]],[[68467,65289],[375,-259],[-8,-336],[602,-376]],[[47666,62835],[-179,103]],[[47487,62938],[-247,491],[383,418],[-249,506],[-59,969],[434,13]],[[47749,65335],[205,-753],[952,-157],[-130,-553],[163,-538],[-334,-327],[-35,-548],[581,-402],[-414,-218]],[[65512,64492],[81,909]],[[65593,65401],[1299,173]],[[66892,65574],[24,-344],[-478,-848]],[[75537,65740],[1200,-800],[387,27],[-51,-278],[476,-12]],[[74091,61959],[-27,454],[254,427],[95,637],[-29,1051]],[[74384,64528],[242,145],[71,969]],[[74697,65642],[840,98]],[[71740,65766],[419,-619],[744,-235],[297,235]],[[73200,65147],[1184,-619]],[[70924,63184],[64,360],[-224,2281]],[[70764,65825],[976,-59]],[[51755,65256],[533,-147]],[[52288,65109],[256,-1347],[-144,-595],[20,-979],[-141,-925]],[[51574,61295],[-253,467],[-42,1342],[-465,174],[42,885],[-339,524],[-109,473]],[[50408,65160],[463,668]],[[50871,65828],[146,-348],[738,-224]],[[63206,62691],[41,1029],[-219,990]],[[63028,64710],[416,82],[-74,261],[537,885]],[[63907,65938],[984,29],[511,-122],[191,-444]],[[58124,63713],[158,1075]],[[58282,64788],[316,641],[-404,544],[1181,57]],[[59375,66030],[357,-320],[-269,-653],[325,-548]],[[54364,65915],[386,-783],[461,-495],[-27,-371],[870,-46]],[[52288,65109],[-24,848]],[[52264,65957],[285,-322],[710,166],[244,-221],[167,356]],[[53670,65936],[297,145],[397,-166]],[[78848,64177],[75,792],[586,-87],[-17,385],[687,0],[148,-336]],[[80327,64931],[102,-381],[328,245],[321,-94],[130,396],[912,-60],[34,-268],[774,1268]],[[82928,66037],[241,95]],[[83169,66132],[-102,-1229]],[[45971,65052],[412,-861],[584,-807],[520,-446]],[[43831,62853],[-320,816],[-777,717],[-148,580]],[[42586,64966],[528,114],[436,682],[317,193]],[[43867,65955],[835,-456],[238,645]],[[44940,66144],[798,-731],[233,-361]],[[48942,66228],[815,-401],[171,-652],[480,-15]],[[47749,65335],[32,897]],[[47781,66232],[204,-226],[926,-13],[31,235]],[[83824,65773],[-48,-980],[433,-486]],[[83169,66132],[418,120],[237,-479]],[[66892,65574],[6,6]],[[66898,65580],[227,-183],[797,893],[252,51]],[[68174,66341],[235,-261],[58,-791]],[[38827,64137],[413,1095],[205,14],[637,1097]],[[40082,66343],[477,-864],[613,-810],[443,-870]],[[51755,65256],[-30,929]],[[51725,66185],[542,63],[-3,-291]],[[95437,65169],[1,-706],[297,-485],[69,-680]],[[92771,64492],[-417,841],[283,713]],[[92637,66046],[475,410],[33,-714],[1049,118],[-28,-653],[639,-105],[632,67]],[[33267,66310],[23,-1699],[452,-43],[481,-507],[290,-48]],[[26183,61990],[1366,1337],[788,917],[512,754],[454,-269],[-16,466],[369,779],[596,-142],[1088,-523],[806,389],[565,791],[364,280]],[[33075,66769],[192,-459]],[[62419,66503],[202,-492],[65,-966],[342,-335]],[[60495,64603],[7,868],[397,955]],[[60899,66426],[962,31],[25,419],[533,-373]],[[59856,67152],[760,-55]],[[60616,67097],[283,-671]],[[59375,66030],[-12,870],[-263,283]],[[59100,67183],[756,-31]],[[69436,64318],[256,620],[65,1685],[214,730]],[[69971,67353],[979,79],[-186,-1607]],[[71740,65766],[279,373],[94,812]],[[72113,66951],[1053,494]],[[73166,67445],[46,-1161],[236,-299],[-248,-838]],[[73166,67445],[5,1]],[[73171,67446],[1001,-461],[-509,-948],[1034,-395]],[[87439,67385],[224,-818],[-173,-291],[-331,296],[102,-690],[-209,-481],[242,-189],[-158,-587],[213,-279]],[[83824,65773],[307,170],[345,-146],[440,814],[321,83],[64,486]],[[85301,67180],[807,48],[908,240]],[[87016,67468],[423,-83]],[[89582,66469],[-418,-950],[57,-477],[630,-274],[-36,-517],[316,-1363],[-333,-429]],[[87439,67385],[316,189],[335,-331],[4,-414],[487,145],[710,-494],[291,-11]],[[45536,60127],[-607,226],[-1623,1589],[-351,589],[158,364],[-897,1207],[-516,567],[-729,1362],[-291,703]],[[40680,66734],[546,525],[229,408]],[[41455,67667],[345,-607],[303,-73],[197,-554],[-209,-754],[609,-49],[-114,-664]],[[57453,67844],[-19,-369],[448,-808],[-325,-368],[28,-681],[417,-99],[95,-688],[185,-43]],[[56856,64572],[-46,761],[-529,1119],[-668,902]],[[55613,67354],[211,404],[658,117],[145,-261],[480,-111],[346,341]],[[51725,66185],[-158,381],[3,1101],[157,229]],[[51727,67896],[334,23],[12,-398],[475,-299],[197,-642],[597,-117],[328,-527]],[[58041,68049],[405,-1036],[104,-698],[231,-100],[319,968]],[[57453,67844],[588,205]],[[92412,67693],[158,-482],[-133,-467],[200,-698]],[[89582,66469],[269,287],[-197,362],[660,812]],[[90314,67930],[318,178],[305,-166],[4,-441],[436,422],[201,-443],[396,-212],[438,425]],[[37887,68077],[502,-317],[174,-395],[-268,-1675],[-329,-707]],[[33267,66310],[68,142],[890,293],[25,-154],[801,448],[503,-174],[570,200],[484,406],[232,429],[1047,177]],[[59647,67878],[253,-89],[-44,-637]],[[58041,68049],[499,185]],[[58540,68234],[15,-967],[211,-17],[881,628]],[[37887,68077],[644,149],[1082,-654],[469,-1229]],[[54364,65915],[-198,720],[1,743],[1131,940],[203,-1021],[112,57]],[[63385,68309],[153,-389]],[[63538,67920],[14,-1803],[355,-179]],[[62419,66503],[126,448],[-212,1186]],[[62333,68137],[376,182],[407,-293],[269,283]],[[51802,68310],[-75,-414]],[[50871,65828],[-238,604],[51,676]],[[50684,67108],[194,190],[350,968],[574,44]],[[47758,66793],[23,-561]],[[45971,65052],[290,196],[100,497],[-118,624],[98,637],[-221,701],[615,840]],[[46735,68547],[146,-1596],[396,-214],[481,56]],[[74593,68497],[294,-701],[31,-502],[879,36]],[[75797,67330],[52,-740],[-312,-850]],[[73171,67446],[380,157],[623,960],[419,-66]],[[33075,66769],[631,712],[834,202],[992,-420],[1253,1139],[721,-43],[476,217],[1292,-29],[683,-522],[723,-1291]],[[44213,68497],[297,-882],[246,-171],[184,-1300]],[[43867,65955],[-87,688],[-402,189],[283,178],[-478,592],[389,213],[168,717]],[[43740,68532],[473,-35]],[[59325,68702],[341,-472],[-19,-352]],[[58540,68234],[117,437],[668,31]],[[96348,66560],[-156,-286],[-740,-654],[-15,-451]],[[92412,67693],[3,223],[494,97],[310,312]],[[93219,68325],[260,312],[597,-106],[163,158],[764,4],[77,-379],[538,332],[122,-568],[410,39],[3,-1380],[195,-177]],[[65769,67236],[598,-263],[-8,-498],[331,215],[360,-107],[972,1046],[269,120]],[[68291,67749],[-459,-981],[-821,-834],[-113,-354]],[[63538,67920],[293,32],[377,-353],[293,469],[5,435]],[[64506,68503],[830,230],[-111,-272],[114,-687],[430,-538]],[[82928,66037],[74,855],[-258,691]],[[82744,67583],[266,25],[343,517],[225,728],[162,35]],[[83740,68888],[117,-699],[635,-349],[517,-33],[292,-627]],[[75591,68828],[-27,-483],[233,-1015]],[[74593,68497],[581,422],[417,-91]],[[41455,67667],[124,809],[848,494],[582,-406],[173,-444],[418,47],[140,365]],[[68174,66341],[396,427],[365,737],[393,74],[872,1403]],[[70200,68982],[-51,-928],[-178,-701]],[[60616,67097],[197,-100],[206,499],[215,1325],[299,206]],[[61533,69027],[800,-890]],[[63385,68309],[-67,662]],[[63318,68971],[512,87]],[[63830,69058],[521,-229],[155,-326]],[[44213,68497],[245,-283],[589,-114],[296,962]],[[45343,69062],[685,165],[428,-193],[279,-487]],[[48942,66228],[-169,346],[208,1428],[677,1519]],[[49658,69521],[399,20],[183,-278],[155,-1423],[289,-732]],[[63304,69092],[14,-121]],[[61533,69027],[224,269],[257,-161],[638,452]],[[62652,69587],[353,-535],[299,40]],[[49589,69525],[69,-4]],[[47758,66793],[244,-25],[215,498],[-13,791],[-396,598],[105,283],[-143,747]],[[47770,69685],[6,71]],[[47776,69756],[615,-205],[188,-250],[427,340],[583,-116]],[[68156,69738],[116,-396],[-135,-590],[214,68]],[[68351,68820],[91,-71]],[[68442,68749],[100,-576],[-251,-424]],[[65769,67236],[460,97],[174,543],[732,335],[420,910],[-141,615],[288,291]],[[67702,70027],[454,-289]],[[82744,67583],[-225,406],[-123,1380],[-105,52]],[[82291,69421],[457,952]],[[82748,70373],[273,-166],[397,-781],[196,288],[126,-826]],[[59325,68702],[-130,1142],[511,142],[375,396]],[[60081,70382],[547,-523],[500,-10],[405,-822]],[[64170,70504],[-117,-402],[14,-989],[-237,-55]],[[63304,69092],[205,1407],[661,5]],[[45343,69062],[346,1611],[702,-237],[36,-335],[1343,-416]],[[75591,68828],[300,250],[604,-188],[514,409],[246,508],[634,-33],[578,304],[402,-87],[111,790]],[[78980,70781],[207,-71],[-240,-990],[205,-112],[64,-622],[228,-557],[809,-45],[-195,-1402],[69,-612],[-239,-788],[605,-154],[-166,-497]],[[68442,68749],[1162,869],[331,1247]],[[69935,70865],[5,0]],[[69940,70865],[-69,-555],[235,-284],[94,-1044]],[[86261,70785],[-65,-573],[249,-566],[317,-229],[-78,-696],[303,-47],[-80,-707],[109,-499]],[[82748,70373],[-3,254]],[[82745,70627],[699,-376],[642,106],[213,-152],[907,291],[418,377],[637,-88]],[[69940,70865],[291,70]],[[70231,70935],[260,-716],[-227,-18],[69,-824],[1026,-256],[-496,-341],[-376,-742],[-59,-396],[1175,-205],[155,-352],[355,-134]],[[70231,70935],[536,-52],[466,-465],[523,-92],[155,-423],[1371,-791],[-333,-698],[222,-968]],[[51000,70821],[-105,-713],[872,-433],[338,133],[119,-348],[-422,-1150]],[[49589,69525],[88,389],[-145,835],[362,584]],[[49894,71333],[1026,-14],[80,-498]],[[64170,70504],[1591,151]],[[65761,70655],[452,803]],[[66213,71458],[259,-643],[832,-710],[398,-78]],[[80903,71156],[509,-129],[-226,-791],[363,-265],[337,-681],[405,131]],[[78980,70781],[300,241],[-255,810]],[[79025,71832],[639,-382],[340,148],[899,-442]],[[98521,70452],[-5,-1115],[407,-275],[-220,-1203],[-637,23],[-141,-564],[202,-242],[-189,-698],[-269,147],[-1266,144],[-55,-109]],[[93219,68325],[-278,247],[106,982],[543,28],[-87,625],[310,409],[-66,585]],[[93747,71201],[624,-69],[159,492],[-282,252]],[[94248,71876],[995,-774],[729,-717],[442,68],[545,-522],[1043,502],[519,19]],[[90314,67930],[-474,482],[57,520],[323,307],[37,573]],[[90257,69812],[504,683],[162,429],[558,62],[519,913]],[[92000,71899],[656,-153],[216,-474],[247,142],[628,-213]],[[80903,71156],[458,385],[51,484]],[[81412,72025],[664,-405],[508,-585],[-172,-381],[333,-27]],[[86261,70785],[283,-277],[589,31],[373,717]],[[87506,71256],[501,-309],[507,198],[10,-273],[456,-5],[74,479],[577,187],[45,529]],[[89676,72062],[124,-219],[607,243],[-107,-1111],[-340,-468],[297,-695]],[[68351,68820],[693,1313],[186,766],[591,-142],[-157,450],[-571,4],[116,707],[330,373]],[[69539,72291],[297,-126],[139,-551],[-40,-749]],[[68156,69738],[354,360],[-379,354],[36,411],[-277,756],[63,603]],[[67953,72222],[62,397],[547,242]],[[68562,72861],[977,-570]],[[66213,71458],[179,375],[106,880],[-122,575]],[[66376,73288],[746,174]],[[67122,73462],[352,-666],[479,-574]],[[53670,65936],[344,612],[-162,1016],[91,640],[778,758],[50,895],[-221,871],[-468,-59],[202,570],[980,505],[179,282],[606,339]],[[56049,72365],[23,296],[606,365],[607,115],[1678,-796],[226,895],[1103,561]],[[60292,73801],[132,-274],[707,-398],[74,-329],[-597,-718],[-304,-140],[-104,-411],[37,-1058],[-156,-91]],[[60303,73934],[436,-529],[669,-427],[-253,-1074],[1176,-756]],[[62331,71148],[367,-636],[-46,-925]],[[60292,73801],[5,137]],[[60297,73938],[6,-4]],[[68994,73906],[-432,-1045]],[[67122,73462],[211,398]],[[67333,73860],[772,-63],[202,146],[687,-37]],[[64406,74101],[634,-27]],[[65040,74074],[375,-106],[-450,-1646],[156,-648],[363,-38],[118,-902],[159,-79]],[[62331,71148],[300,1100],[-81,233],[166,975]],[[62716,73456],[502,215]],[[63218,73671],[864,115],[324,315]],[[62025,73782],[173,102],[518,-428]],[[60303,73934],[284,456]],[[60587,74390],[77,-558],[286,122],[639,-275],[436,103]],[[65040,74074],[29,1032]],[[65069,75106],[410,16],[91,-1175],[806,-659]],[[81412,72025],[229,-42],[396,479],[325,1229]],[[82362,73691],[385,-29],[134,419],[471,-151],[256,-454],[220,519],[540,-23],[-82,424],[350,-66],[218,886]],[[84854,75216],[189,-215],[452,93],[-262,-433],[266,10],[297,-550],[-333,-751],[-375,335],[-188,-900],[268,150],[637,-231],[651,44],[-202,-332],[265,-146],[320,-742],[347,94],[320,-386]],[[98293,71811],[-157,951],[-471,1099],[-282,379],[-138,983]],[[97245,75223],[679,-798],[448,711],[501,-28],[156,-406],[970,-8],[-300,-1440],[-681,-456],[-489,-485],[-236,-502]],[[69446,75018],[-452,-1112]],[[67333,73860],[243,889]],[[67576,74749],[702,383],[807,230],[361,-344]],[[62025,73782],[231,672],[-133,312],[-861,188],[685,93],[61,316],[590,12],[403,216]],[[63001,75591],[365,-1220],[-148,-700]],[[55276,75428],[-118,-920],[305,-324],[-77,-499],[238,-470],[209,17],[216,-867]],[[51000,70821],[622,1820],[425,789],[297,1038]],[[52344,74468],[1518,-162],[470,135],[-177,1059],[720,380],[401,-452]],[[64944,75387],[125,-281]],[[64406,74101],[-29,1304],[366,538],[201,-556]],[[92006,75892],[-144,-1533],[361,-465],[-175,-240],[310,-477],[-241,-1163],[-117,-115]],[[89676,72062],[-547,475],[19,1328],[-129,536]],[[89019,74401],[363,-184],[348,498],[-190,473],[167,293],[399,-55],[300,287]],[[90406,75713],[370,245],[550,-245],[680,179]],[[59102,76160],[315,-238],[-109,-873],[455,-419],[279,-583],[255,-109]],[[55276,75428],[218,-330],[851,-475],[1017,9],[-34,864],[856,-165],[918,829]],[[98293,71811],[254,-614],[-26,-745]],[[94248,71876],[112,453],[365,344],[70,349],[434,-33],[4,1163],[-206,155],[192,554]],[[95219,74861],[403,454],[226,715],[-147,320],[235,225],[208,-498],[646,-47],[455,-807]],[[50394,76047],[-190,-1279],[-357,-702],[-15,-1952],[62,-781]],[[47776,69756],[22,863],[-431,-126],[-610,335],[-485,-249],[-195,1426],[448,518],[-30,1176],[484,575],[929,682],[850,1113],[450,152],[190,346],[215,-295],[463,55],[318,-280]],[[64006,76757],[1150,16],[263,-299]],[[65419,76474],[-119,-476],[88,-640],[-444,29]],[[63001,75591],[384,-40],[-174,470],[374,516],[-40,443]],[[63545,76980],[461,-223]],[[92866,77039],[779,-131],[606,-276],[264,-507],[224,276],[470,-64],[-121,-1089],[131,-387]],[[92006,75892],[397,23],[43,573],[-163,616],[278,191],[305,-256]],[[87701,77644],[-192,-717],[437,-1046],[68,-1182],[987,267],[18,-565]],[[84854,75216],[-191,422],[399,978],[280,212]],[[85342,76828],[393,288],[843,-312],[261,193],[61,515]],[[86900,77512],[801,132]],[[82362,73691],[112,812],[-506,-385],[-284,-747],[-175,547],[647,814],[284,-38],[-132,418],[-353,286],[335,311],[158,712],[764,1456],[206,46]],[[83418,77923],[838,-234],[485,330],[527,-503],[74,-688]],[[87701,77644],[99,117]],[[87800,77761],[447,431],[-109,-351],[356,-328],[-3,-471],[892,-161],[-34,427],[617,-187],[440,-1408]],[[60587,74390],[-152,766],[-304,-256],[-559,38],[-165,336],[694,1380],[-11,626],[327,265],[1005,-83],[400,120],[303,-252],[724,592],[-245,385]],[[62604,78307],[554,273],[216,-154],[-247,-359],[502,-380],[-280,-705],[196,-2]],[[65880,78221],[134,-1621],[-595,-126]],[[64006,76757],[210,364],[155,1117],[412,455]],[[64783,78693],[823,32],[274,-504]],[[67022,78800],[66,-822],[-94,-568],[218,-95],[76,-1885],[288,-681]],[[65880,78221],[357,150],[-49,435],[302,137],[532,-143]],[[68782,78093],[50,-384],[515,-327],[-78,-379],[197,-1215],[-20,-770]],[[67022,78800],[-26,895],[949,-420],[605,211],[-150,-706],[215,-219],[-545,-301],[299,-281],[413,114]],[[62393,78651],[211,-344]],[[59102,76160],[324,1301],[-130,775],[-682,208],[-69,366],[380,284],[-16,680],[577,-147],[508,153],[156,265],[256,-469],[412,-1],[-179,-900],[605,-589],[397,10],[752,555]],[[53821,80185],[371,-1960],[-571,-1453],[-409,-775],[-786,-1104],[-82,-425]],[[50394,76047],[756,670],[299,4],[245,893],[719,1285],[-52,314],[390,389],[43,405],[524,292],[503,-114]],[[93490,78770],[-846,477],[-651,41],[-88,718],[15,1095]],[[91920,81101],[301,171]],[[92221,81272],[310,-194],[46,-409],[1412,-672],[-499,-1227]],[[88752,80499],[110,-520],[-135,-783],[-942,-723],[15,-712]],[[86900,77512],[-244,700],[9,884],[-315,997],[303,729]],[[86653,80822],[395,-5],[33,323],[576,-87],[421,258],[674,-812]],[[83497,81596],[-9,-1567],[225,-106],[-223,-481],[-88,-764],[156,-196],[-140,-559]],[[79025,71832],[-67,369],[457,808],[303,-196],[440,1047],[96,795],[-383,1162],[1024,19],[-119,584],[83,1109],[162,-10],[213,860],[-279,1660],[157,241],[-164,552],[-1160,-445],[-152,-265],[-620,-342],[497,-213],[370,-670],[-93,-151],[-617,421],[-359,-38],[-15,973],[124,347],[1119,1058],[74,771]],[[80116,82278],[435,-177],[182,177],[573,-389],[256,332],[974,-407],[961,-218]],[[62393,78651],[548,91],[277,370],[-70,743],[-397,364],[510,638],[133,-803],[440,-371],[279,105],[216,1030],[-131,263],[120,688],[-147,269],[959,4],[299,282]],[[65429,82324],[13,-586],[332,232],[381,-517],[278,207],[-341,-663],[-17,-399],[-453,-245],[-90,-899],[-749,-761]],[[86200,81681],[88,-510],[365,-349]],[[83497,81596],[395,873],[151,-102],[817,164],[719,-1023],[621,173]],[[91139,82822],[-436,-1315],[773,-11],[444,-395]],[[93490,78770],[-276,-602],[-348,-1129]],[[88752,80499],[269,589],[84,1220],[121,303],[416,-596],[182,34],[62,1321],[134,-426],[501,77],[618,-199]],[[65429,82324],[-680,770],[-226,802]],[[64523,83896],[445,-56],[409,-506],[640,256],[876,-599],[359,-88],[453,-664],[373,-838],[-12,-834],[154,-363],[827,-1027],[-265,-1084]],[[53821,80185],[601,150],[-82,1006],[475,815],[247,1035],[839,107],[3121,-95],[315,-172],[749,639],[693,-489],[363,205],[625,-118],[378,-415],[519,1114],[679,269],[278,-308],[902,-32]],[[88268,84899],[14,709]],[[88282,85608],[464,-152],[212,-433],[-690,-124]],[[91160,86069],[652,-712],[-245,-749]],[[91567,84608],[-1386,501],[-322,308],[29,522]],[[89888,85939],[411,-78],[-230,526],[1091,-318]],[[86426,82944],[-226,-1263]],[[80116,82278],[-16,455],[-320,175],[653,706],[610,399],[424,926],[244,179],[234,674],[1176,618]],[[83121,86410],[145,-1076],[300,72],[551,-460],[476,83],[-127,-290],[145,-586],[384,-558],[568,395],[507,-734],[356,-312]],[[88964,86497],[884,-186]],[[89848,86311],[40,-372]],[[91567,84608],[-393,-1274],[-35,-512]],[[86426,82944],[672,55],[53,866],[348,414],[61,684]],[[87560,84963],[315,-197],[393,133]],[[88282,85608],[-227,399],[529,-104],[124,541],[256,53]],[[83121,86410],[269,312],[194,-384],[544,108],[128,220],[-568,570],[563,90],[542,-176],[83,177]],[[84876,87327],[806,-435],[706,-636],[136,-436],[1009,-256],[27,-601]],[[88886,87263],[77,-765]],[[88963,86498],[-728,398],[-27,521]],[[88208,87417],[678,-154]],[[91356,86711],[-196,-642]],[[89848,86311],[-145,704],[403,415]],[[90106,87430],[336,-792],[94,191],[820,-118]],[[91572,87493],[107,-687],[-323,-95]],[[90106,87430],[405,121],[1061,-58]],[[91572,87493],[409,628],[600,-104],[71,568]],[[92652,88585],[121,318],[741,-588],[-15,-902],[436,-374],[-95,-474],[-670,-1476],[-95,-956],[-580,-1149],[-329,-1194],[55,-518]],[[90862,90374],[-807,-1055],[-202,-1102],[-614,-819],[-353,-135]],[[88208,87417],[-130,559]],[[88078,87976],[280,1259]],[[88358,89235],[496,217],[744,-140],[178,485],[87,882],[279,149]],[[90142,90828],[720,-454]],[[91973,91025],[118,-967],[143,-141],[103,-840],[315,-492]],[[88964,86497],[-1,1]],[[90862,90374],[295,660],[816,-9]],[[85727,91754],[73,-735],[496,-454],[87,-378],[-183,-782],[420,-109],[336,-490],[1122,-830]],[[84876,87327],[165,590],[594,1141],[-150,635],[-448,783],[-101,487],[30,940],[761,-149]],[[85727,91754],[8,1]],[[85735,91755],[171,-535],[223,198],[991,84],[-26,549],[606,482]],[[87700,92533],[329,-148],[1203,476]],[[89232,92861],[56,-989],[-226,-1182],[86,-165],[-425,-587],[-623,-245],[258,-458]],[[90473,93622],[139,-913],[-159,-322],[-256,194],[-21,-686],[513,-342],[-79,-574],[-468,-151]],[[89232,92861],[-96,668]],[[89136,93529],[1337,93]],[[87700,92533],[70,129],[-293,1063],[-684,-374],[-174,1372],[302,162]],[[86921,94885],[909,-332],[1218,-109],[88,-915]],[[92240,91753],[13,720],[-294,321],[213,1058],[174,-12],[332,673],[7,517]],[[92685,95030],[645,357],[315,-488],[332,302],[461,87],[297,-499],[341,-7],[107,-1679],[-542,-145],[-892,-50],[-484,-910],[-1025,-245]],[[86646,96920],[545,-365],[140,-358],[-85,-775],[-480,-16],[155,-521]],[[85735,91755],[225,861],[-276,-183],[-142,281],[-6,1066],[260,567],[-75,640],[-243,-13],[299,713],[-33,371],[-376,602],[250,-37],[31,588],[997,-291]],[[89319,98375],[823,-140],[294,-474],[-492,-423],[-1525,-3],[-689,621],[-220,-944],[-780,174]],[[86730,97186],[-442,622],[331,625],[-665,-247],[-250,253],[383,260],[565,24],[1117,-158],[236,-306],[797,-154],[258,-297],[259,567]],[[90202,98688],[381,-231],[66,-993],[130,-197],[-295,-347],[436,-1175],[-70,-429]],[[90850,95316],[-342,-235],[618,-759],[-277,-718],[-376,18]],[[86646,96920],[84,266]],[[89319,98375],[118,419],[400,-251],[365,145]],[[91121,95181],[235,-9],[110,-534],[364,421],[295,-130],[560,101]],[[92240,91753],[-267,-728]],[[90850,95316],[271,-135]],[[32744,11467],[-371,-1289],[-1451,177],[-274,168],[-204,812],[-392,322],[-39,475]],[[65620,37124],[416,-320],[154,-641],[-13,-1817],[-373,-654]],[[75680,42638],[390,-391],[292,-570]],[[75766,40409],[-386,-529],[-711,1062],[-756,744]],[[90202,98688],[-274,374],[-18,742],[676,195],[139,-569],[788,-455],[239,37],[48,-856],[-560,-952],[-150,-810],[178,-655],[-147,-558]]],"transform":{"scale":[1.0095600956009462e-05,7.470074700747007e-06],"translate":[77.46415,9.56308]},"objects":{"villages":{"type":"GeometryCollection","geometries":[{"arcs":[[0,1,2,3]],"type":"Polygon","properties":{"n":"Sengulam","c":640913,"d":"Madurai","s":"TAMIL NADU"}},{"arcs":[[4,5,6,7,-3,8]],"type":"Polygon","properties":{"n":"Muruganeri","c":640912,"d":"Madurai","s":"TAMIL NADU"}},{"arcs":[[9,-7,10]],"type":"Polygon","properties":{"n":"Gopalapuram","c":640908,"d":"Madurai","s":"TAMIL NADU"}},{"arcs":[[11,12,13,14,15]],"type":"Polygon","properties":{"n":"Kokkalancheri","c":641006,"d":"Madurai","s":"TAMIL NADU"}},{"arcs":[[-15,16,17,18,19,20]],"type":"Polygon","properties":{"n":"Nallamanaikenpatti","c":641007,"d":"Madurai","s":"TAMIL NADU"}},{"arcs":[[21,22]],"type":"Polygon","properties":{"n":"Sittilotti","c":640910,"d":"Madurai","s":"TAMIL NADU"}},{"arcs":[[23,24,25,26,27,28]],"type":"Polygon","properties":{"n":"Puliankulam (Madavanaickanur)","c":641010,"d":"Madurai","s":"TAMIL NADU"}},{"arcs":[[29,30,-13,31]],"type":"Polygon","properties":{"n":"Peikkulam","c":641005,"d":"Madurai","s":"TAMIL NADU"}},{"arcs":[[32,-24,33]],"type":"Polygon","properties":{"n":"Kasipuram","c":640993,"d":"Madurai","s":"TAMIL NADU"}},{"arcs":[[34,-22,35,36,37,38]],"type":"Polygon","properties":{"n":"Jari Usilampatti","c":640909,"d":"Madurai","s":"TAMIL NADU"}},{"arcs":[[39,-19,40,41]],"type":"Polygon","properties":{"n":"Maithanpatti","c":641008,"d":"Madurai","s":"TAMIL NADU"}},{"arcs":[[42,43,44]],"type":"Polygon","properties":{"n":"Iluppakulam","c":641004,"d":"Madurai","s":"TAMIL NADU"}},{"arcs":[[45,-41,-18,46,-26,47]],"type":"Polygon","properties":{"n":"Chittoor","c":641009,"d":"Madurai","s":"TAMIL NADU"}},{"arcs":[[48,-28,49,-1,50,51,52,53]],"type":"Polygon","properties":{"n":"Velambur","c":640904,"d":"Madurai","s":"TAMIL NADU"}},{"arcs":[[54,-51,-4,-8,-10,55,56]],"type":"Polygon","properties":{"n":"Silarpatti","c":640907,"d":"Madurai","s":"TAMIL NADU"}},{"arcs":[[57,58]],"type":"Polygon","properties":{"n":"Pudukulam","c":640991,"d":"Madurai","s":"TAMIL NADU"}},{"arcs":[[59,-44,60,61]],"type":"Polygon","properties":{"n":"Veppankulam","c":641003,"d":"Madurai","s":"TAMIL NADU"}},{"arcs":[[-48,-25,-33,62,63]],"type":"Polygon","properties":{"n":"Tennamanallur","c":640994,"d":"Madurai","s":"TAMIL NADU"}},{"arcs":[[64,-45,-60,65,66,67]],"type":"Polygon","properties":{"n":"Sundarangundu","c":641002,"d":"Madurai","s":"TAMIL NADU"}},{"arcs":[[-56,-11,-6,-36,-23,-35,68,69,70]],"type":"Polygon","properties":{"n":"Madagam","c":640900,"d":"Madurai","s":"TAMIL NADU"}},{"arcs":[[-53,71,72]],"type":"Polygon","properties":{"n":"Vaiyur","c":640905,"d":"Madurai","s":"TAMIL NADU"}},{"arcs":[[-68,73,74]],"type":"Polygon","properties":{"n":"Karukkuvaipatti","c":641001,"d":"Madurai","s":"TAMIL NADU"}},{"arcs":[[75,76,-69,-39,77,78]],"type":"Polygon","properties":{"n":"Koovalapuram","c":640899,"d":"Madurai","s":"TAMIL NADU"}},{"arcs":[[-32,-12,79,80,81]],"type":"Polygon","properties":{"n":"Chennampatti","c":640997,"d":"Madurai","s":"TAMIL NADU"}},{"arcs":[[82,-66,-62,83,84,85]],"type":"Polygon","properties":{"n":"Maruthangudi","c":640999,"d":"Madurai","s":"TAMIL NADU"}},{"arcs":[[86,-81,87,88]],"type":"Polygon","properties":{"n":"Idayanathan","c":640996,"d":"Madurai","s":"TAMIL NADU"}},{"arcs":[[89,90,-72,-52,-55,91,92]],"type":"Polygon","properties":{"n":"Nallamaran","c":640906,"d":"Madurai","s":"TAMIL NADU"}},{"arcs":[[-88,-80,-16,-21,93,94]],"type":"Polygon","properties":{"n":"Odaippatti","c":640995,"d":"Madurai","s":"TAMIL NADU"}},{"arcs":[[95,-74,-67,-83,96]],"type":"Polygon","properties":{"n":"Vellakulam (S)","c":641000,"d":"Madurai","s":"TAMIL NADU"}},{"arcs":[[97,-63,-34,-29,-49,98,-59,99,100]],"type":"Polygon","properties":{"n":"Villur","c":640992,"d":"Madurai","s":"TAMIL NADU"}},{"arcs":[[-100,-58,-99,-54,-73,-91,101,102]],"type":"Polygon","properties":{"n":"Karaikeni","c":640903,"d":"Madurai","s":"TAMIL NADU"}},{"arcs":[[103,104,-85,105,-30,-82,-87,106]],"type":"Polygon","properties":{"n":"Kurayur","c":640998,"d":"Madurai","s":"TAMIL NADU"}},{"arcs":[[107,-104,108]],"type":"Polygon","properties":{"n":"Paraikulam","c":640987,"d":"Madurai","s":"TAMIL NADU"}},{"arcs":[[109,110,-92,-57,-71,111,112]],"type":"Polygon","properties":{"n":"Kadaneri","c":640901,"d":"Madurai","s":"TAMIL NADU"}},{"arcs":[[113,-93,-111,114]],"type":"Polygon","properties":{"n":"Vairavi Ammapatti","c":640902,"d":"Madurai","s":"TAMIL NADU"}},{"arcs":[[115,-76,116,117]],"type":"Polygon","properties":{"n":"S.Keelapatti","c":640897,"d":"Madurai","s":"TAMIL NADU"}},{"arcs":[[118,-94,-20,-40,119,120]],"type":"Polygon","properties":{"n":"Vellakulam (K)","c":640989,"d":"Madurai","s":"TAMIL NADU"}},{"arcs":[[121,122,123]],"type":"Polygon","properties":{"n":"Salichandai","c":640894,"d":"Madurai","s":"TAMIL NADU"}},{"arcs":[[124,-97,-86,-105,-108,125,126,127]],"type":"Polygon","properties":{"n":"Tirumal","c":640986,"d":"Madurai","s":"TAMIL NADU"}},{"arcs":[[128,-123,129,-112,-70,-77,-116,130]],"type":"Polygon","properties":{"n":"Silaimalaipatti","c":640896,"d":"Madurai","s":"TAMIL NADU"}},{"arcs":[[131,132]],"type":"Polygon","properties":{"n":"Adanur","c":640889,"d":"Madurai","s":"TAMIL NADU"}},{"arcs":[[133,134,-126,-109,-107,-89,-95,-119,135,136]],"type":"Polygon","properties":{"n":"Saluppapillayarnatham","c":640988,"d":"Madurai","s":"TAMIL NADU"}},{"arcs":[[137,138,-120,-42,-46,-64,-98,139,140]],"type":"Polygon","properties":{"n":"Kalligudi","c":640990,"d":"Madurai","s":"TAMIL NADU"}},{"arcs":[[141,142,-113,-130,-122,143,144]],"type":"Polygon","properties":{"n":"Kilangulam","c":640893,"d":"Madurai","s":"TAMIL NADU"}},{"arcs":[[145,-132,146,-102,-90,-114,147,148,149,150]],"type":"Polygon","properties":{"n":"Lakshmipuram","c":640890,"d":"Madurai","s":"TAMIL NADU"}},{"arcs":[[-148,-115,-110,-143,151]],"type":"Polygon","properties":{"n":"T.Kallupatti (TP)","c":803751,"d":"Madurai","s":"TAMIL NADU"}},{"arcs":[[152,-117,-79,153,154]],"type":"Polygon","properties":{"n":"Sandaiyur","c":640898,"d":"Madurai","s":"TAMIL NADU"}},{"arcs":[[-144,-124,-129,155,156,157]],"type":"Polygon","properties":{"n":"Peraiyur","c":640895,"d":"Madurai","s":"TAMIL NADU"}},{"arcs":[[158,-140,-101,-103,-147,-133,-146,159,160]],"type":"Polygon","properties":{"n":"Genjampatti","c":640888,"d":"Madurai","s":"TAMIL NADU"}},{"arcs":[[161,-128,162,163,164]],"type":"Polygon","properties":{"n":"Kokkulam (Thirumal)","c":640985,"d":"Madurai","s":"TAMIL NADU"}},{"arcs":[[165,-149,-152,-142,166,167]],"type":"Polygon","properties":{"n":"Vannivelampatti","c":640891,"d":"Madurai","s":"TAMIL NADU"}},{"arcs":[[168,-138,169,170]],"type":"Polygon","properties":{"n":"Karisalkalampatti","c":640973,"d":"Madurai","s":"TAMIL NADU"}},{"arcs":[[171,-165,172,173]],"type":"Polygon","properties":{"n":"Melauppiligundu","c":640983,"d":"Madurai","s":"TAMIL NADU"}},{"arcs":[[174,175,-167,-145,-158,176,177]],"type":"Polygon","properties":{"n":"Subbalapuram","c":640892,"d":"Madurai","s":"TAMIL NADU"}},{"arcs":[[178,179,-163,-127,-135,180,181]],"type":"Polygon","properties":{"n":"Thoombakulam","c":640984,"d":"Madurai","s":"TAMIL NADU"}},{"arcs":[[-170,-141,-159,182,183,184]],"type":"Polygon","properties":{"n":"Swamimallampatti","c":640972,"d":"Madurai","s":"TAMIL NADU"}},{"arcs":[[-168,-176,185,186]],"type":"Polygon","properties":{"n":"Iswaraberi","c":640884,"d":"Madurai","s":"TAMIL NADU"}},{"arcs":[[187,-181,-134,188,189]],"type":"Polygon","properties":{"n":"Valayankulam","c":640977,"d":"Madurai","s":"TAMIL NADU"}},{"arcs":[[190,-171,-185,191]],"type":"Polygon","properties":{"n":"Keelanesaneri","c":640974,"d":"Madurai","s":"TAMIL NADU"}},{"arcs":[[-189,-137,192,193,194,195,196,197]],"type":"Polygon","properties":{"n":" ","c":640976,"d":"Madurai","s":"TAMIL NADU"}},{"arcs":[[198,-173,-164,-180,199,200]],"type":"Polygon","properties":{"n":"Achangulam","c":640981,"d":"Madurai","s":"TAMIL NADU"}},{"arcs":[[201,202,-174,-199,203,204]],"type":"Polygon","properties":{"n":"Koodakovil","c":640982,"d":"Madurai","s":"TAMIL NADU"}},{"arcs":[[205,206,-193,-136,-121,-139,-169,-191,207,208]],"type":"Polygon","properties":{"n":"Sivarakottai","c":640975,"d":"Madurai","s":"TAMIL NADU"}},{"arcs":[[209,210]],"type":"Polygon","properties":{"n":"Muthunagayapuram I Bit","c":640881,"d":"Madurai","s":"TAMIL NADU"}},{"arcs":[[-200,-179,211,212]],"type":"Polygon","properties":{"n":"Kallanai","c":640980,"d":"Madurai","s":"TAMIL NADU"}},{"arcs":[[213,-210,214,-177,-157,215,216]],"type":"Polygon","properties":{"n":"Chinnapoolampatti","c":640879,"d":"Madurai","s":"TAMIL NADU"}},{"arcs":[[-216,-156,-131,-118,-153,217,218,219]],"type":"Polygon","properties":{"n":"Peraiyur (TP)","c":803752,"d":"Madurai","s":"TAMIL NADU"}},{"arcs":[[-202,220,221]],"type":"Polygon","properties":{"n":"Paraippathi","c":641058,"d":"Madurai","s":"TAMIL NADU"}},{"arcs":[[222,223,-160,-151,224,225]],"type":"Polygon","properties":{"n":"Kunnathur","c":640887,"d":"Madurai","s":"TAMIL NADU"}},{"arcs":[[226,-183,-161,-224,227,228]],"type":"Polygon","properties":{"n":"Sengappadai","c":640971,"d":"Madurai","s":"TAMIL NADU"}},{"arcs":[[229,230,231,-186,-175,232]],"type":"Polygon","properties":{"n":"Chinnaredddipatti","c":640883,"d":"Madurai","s":"TAMIL NADU"}},{"arcs":[[-219,233,234,235]],"type":"Polygon","properties":{"n":"Saptur","c":640878,"d":"Madurai","s":"TAMIL NADU"}},{"arcs":[[-212,-182,-188,236,237]],"type":"Polygon","properties":{"n":"Nedungulam","c":640978,"d":"Madurai","s":"TAMIL NADU"}},{"arcs":[[238,239,-225,-150,-166,-187,-232,240]],"type":"Polygon","properties":{"n":"Kavundanpatti","c":640885,"d":"Madurai","s":"TAMIL NADU"}},{"arcs":[[241,242,-208,-192,-184,-227,243]],"type":"Polygon","properties":{"n":"Melanesaneri","c":640969,"d":"Madurai","s":"TAMIL NADU"}},{"arcs":[[244,245,-221,-205,246,247,248]],"type":"Polygon","properties":{"n":"Periya Koodakoil","c":641057,"d":"Madurai","s":"TAMIL NADU"}},{"arcs":[[-196,249]],"type":"Polygon","properties":{"n":"Mallampatti","c":640965,"d":"Madurai","s":"TAMIL NADU"}},{"arcs":[[-247,-204,-201,250]],"type":"Polygon","properties":{"n":"Chinnaulagani","c":640979,"d":"Madurai","s":"TAMIL NADU"}},{"arcs":[[-230,251,252]],"type":"Polygon","properties":{"n":"Muthunagayapuram II Bit","c":640880,"d":"Madurai","s":"TAMIL NADU"}},{"arcs":[[253,-228,-223,254,255]],"type":"Polygon","properties":{"n":"T.Pudupatti (Tirumangalam)","c":640970,"d":"Madurai","s":"TAMIL NADU"}},{"arcs":[[256,-242,257,258]],"type":"Polygon","properties":{"n":"Rayapalayam","c":640968,"d":"Madurai","s":"TAMIL NADU"}},{"arcs":[[-235,259,260,261,262]],"type":"Polygon","properties":{"n":"Vandari","c":640876,"d":"Madurai","s":"TAMIL NADU"}},{"arcs":[[-252,-233,-178,-215,-211,-214,263,264,265]],"type":"Polygon","properties":{"n":"Mathakkarai","c":640882,"d":"Madurai","s":"TAMIL NADU"}},{"arcs":[[-194,-207,266]],"type":"Polygon","properties":{"n":"Giriyagoundanpatti","c":640966,"d":"Madurai","s":"TAMIL NADU"}},{"arcs":[[267,268,-248,-251,-213,-238,269,270]],"type":"Polygon","properties":{"n":"Ulagani","c":640962,"d":"Madurai","s":"TAMIL NADU"}},{"arcs":[[271,272,273]],"type":"Polygon","properties":{"n":"Nedungulam","c":641060,"d":"Madurai","s":"TAMIL NADU"}},{"arcs":[[274,275,-255,-226,-240,276,277]],"type":"Polygon","properties":{"n":"Appakkarai","c":640886,"d":"Madurai","s":"TAMIL NADU"}},{"arcs":[[278,-259,279,280]],"type":"Polygon","properties":{"n":"Chettipillayarnatham","c":640967,"d":"Madurai","s":"TAMIL NADU"}},{"arcs":[[281,282,283,-260,-234,-218,-155,284,285]],"type":"Polygon","properties":{"n":"Saptur RF","c":640915,"d":"Madurai","s":"TAMIL NADU"}},{"arcs":[[286,-272,287,288]],"type":"Polygon","properties":{"n":" ","c":641051,"d":"Madurai","s":"TAMIL NADU"}},{"arcs":[[-237,-190,-198,289,290]],"type":"Polygon","properties":{"n":"Maikkudi","c":640963,"d":"Madurai","s":"TAMIL NADU"}},{"arcs":[[291,292,293,294]],"type":"Polygon","properties":{"n":"Nallur","c":641059,"d":"Madurai","s":"TAMIL NADU"}},{"arcs":[[-290,-197,-250,-195,-267,-206,295,296]],"type":"Polygon","properties":{"n":"Nadukottai","c":640964,"d":"Madurai","s":"TAMIL NADU"}},{"arcs":[[297]],"type":"Polygon","properties":{"n":"Nagayapuram","c":640872,"d":"Madurai","s":"TAMIL NADU"}},{"arcs":[[-293,298,-245,299,300]],"type":"Polygon","properties":{"n":"Eliyarpatti","c":641053,"d":"Madurai","s":"TAMIL NADU"}},{"arcs":[[301,-289,302,303]],"type":"Polygon","properties":{"n":"Panaikulam","c":641050,"d":"Madurai","s":"TAMIL NADU"}},{"arcs":[[304,-268,305,306]],"type":"Polygon","properties":{"n":"Kombadi","c":641055,"d":"Madurai","s":"TAMIL NADU"}},{"arcs":[[-261,-284,307,308,309]],"type":"Polygon","properties":{"n":"Vittilpatti","c":640877,"d":"Madurai","s":"TAMIL NADU"}},{"arcs":[[310,-300,-249,-269,-305,311]],"type":"Polygon","properties":{"n":"Nedumadurai","c":641054,"d":"Madurai","s":"TAMIL NADU"}},{"arcs":[[-281,312,313]],"type":"Polygon","properties":{"n":"Andipatti","c":640956,"d":"Madurai","s":"TAMIL NADU"}},{"arcs":[[-256,-276,314,315]],"type":"Polygon","properties":{"n":"Naduvakkottai","c":640954,"d":"Madurai","s":"TAMIL NADU"}},{"arcs":[[316,-220,-236,-263,317,318,319]],"type":"Polygon","properties":{"n":"Attipatti","c":640875,"d":"Madurai","s":"TAMIL NADU"}},{"arcs":[[320,-306,-271,321,322,323]],"type":"Polygon","properties":{"n":"Othaialangulam","c":641056,"d":"Madurai","s":"TAMIL NADU"}},{"arcs":[[324,325,-264,-217,-317,326]],"type":"Polygon","properties":{"n":"Kudiseri","c":640874,"d":"Madurai","s":"TAMIL NADU"}},{"arcs":[[327,-265,-326,328,329]],"type":"Polygon","properties":{"n":"Mangalaseru","c":640873,"d":"Madurai","s":"TAMIL NADU"}},{"arcs":[[-304,330,331]],"type":"Polygon","properties":{"n":"Moothankulam","c":641049,"d":"Madurai","s":"TAMIL NADU"}},{"arcs":[[332,333,334]],"type":"Polygon","properties":{"n":"Alappalacheri","c":640950,"d":"Madurai","s":"TAMIL NADU"}},{"arcs":[[-333,335,-241,-231,-253,-266,-328,336,337],[-298]],"type":"Polygon","properties":{"n":"Madippanur","c":640949,"d":"Madurai","s":"TAMIL NADU"}},{"arcs":[[-318,-262,-310,338,339,340]],"type":"Polygon","properties":{"n":"Kudippatti","c":640866,"d":"Madurai","s":"TAMIL NADU"}},{"arcs":[[341,-296,-209,-243,-257,-279,-314,342,343,344]],"type":"Polygon","properties":{"n":"Melakottai","c":640958,"d":"Madurai","s":"TAMIL NADU"}},{"arcs":[[-278,345,346]],"type":"Polygon","properties":{"n":"Ponnampatti","c":640952,"d":"Madurai","s":"TAMIL NADU"}},{"arcs":[[-344,347,348]],"type":"Polygon","properties":{"n":"Karisalpatti","c":640957,"d":"Madurai","s":"TAMIL NADU"}},{"arcs":[[349,-297,-342,350,351]],"type":"Polygon","properties":{"n":"Vadagarai","c":640959,"d":"Madurai","s":"TAMIL NADU"}},{"arcs":[[352,-319,-341,353]],"type":"Polygon","properties":{"n":"Kethuvarpatti","c":640867,"d":"Madurai","s":"TAMIL NADU"}},{"arcs":[[-322,-270,-291,-350,354,355,356]],"type":"Polygon","properties":{"n":"Vidathakulam","c":640960,"d":"Madurai","s":"TAMIL NADU"}},{"arcs":[[357,-323,-357,358,359]],"type":"Polygon","properties":{"n":"Virusankulam","c":640961,"d":"Madurai","s":"TAMIL NADU"}},{"arcs":[[360,361,-308,-283,362]],"type":"Polygon","properties":{"n":"Thullukkuttinayakkanur","c":640864,"d":"Madurai","s":"TAMIL NADU"}},{"arcs":[[363,-327,-320,-353,364,365]],"type":"Polygon","properties":{"n":"Jambalapuram","c":640868,"d":"Madurai","s":"TAMIL NADU"}},{"arcs":[[-312,-307,-321,366,367,368]],"type":"Polygon","properties":{"n":"Thottiyapatti","c":641041,"d":"Madurai","s":"TAMIL NADU"}},{"arcs":[[369,370,371]],"type":"Polygon","properties":{"n":"Kudiraikutti","c":641045,"d":"Madurai","s":"TAMIL NADU"}},{"arcs":[[372,373,-315,-275,-347,374,375]],"type":"Polygon","properties":{"n":"Kilavaneri","c":640953,"d":"Madurai","s":"TAMIL NADU"}},{"arcs":[[376,377,378,379]],"type":"Polygon","properties":{"n":"Kusavapatti","c":641047,"d":"Madurai","s":"TAMIL NADU"}},{"arcs":[[380,381,-348,-343,-313,-280,-258,-244,-229,-254,-316,-374,382]],"type":"Polygon","properties":{"n":"Tirali","c":640955,"d":"Madurai","s":"TAMIL NADU"}},{"arcs":[[383,-367,-324,-358,384,385]],"type":"Polygon","properties":{"n":"Periya Alangulam","c":641038,"d":"Madurai","s":"TAMIL NADU"}},{"arcs":[[386,-339,-309,-362,387,388]],"type":"Polygon","properties":{"n":"Pappinaickenpatti","c":640865,"d":"Madurai","s":"TAMIL NADU"}},{"arcs":[[-331,-303,-288,-274,389,-380,390]],"type":"Polygon","properties":{"n":"Viradhanur","c":641048,"d":"Madurai","s":"TAMIL NADU"}},{"arcs":[[391,392,-294,-301,-311,-369,393,394,395,396]],"type":"Polygon","properties":{"n":"Valayankulam","c":641042,"d":"Madurai","s":"TAMIL NADU"}},{"arcs":[[-372,397,-392,398,399]],"type":"Polygon","properties":{"n":"Ramankulam","c":641044,"d":"Madurai","s":"TAMIL NADU"}},{"arcs":[[-329,-325,-364,400,401,402,403]],"type":"Polygon","properties":{"n":"Sedapatti","c":640870,"d":"Madurai","s":"TAMIL NADU"}},{"arcs":[[404,-394,-368,-384,405,406]],"type":"Polygon","properties":{"n":"Valayapatti","c":641040,"d":"Madurai","s":"TAMIL NADU"}},{"arcs":[[407,408,409,-334,-338,410,411]],"type":"Polygon","properties":{"n":"Poosalapuram","c":640871,"d":"Madurai","s":"TAMIL NADU"}},{"arcs":[[-399,-397,412,413]],"type":"Polygon","properties":{"n":"Pappanodai","c":641043,"d":"Madurai","s":"TAMIL NADU"}},{"arcs":[[-406,-386,414,415]],"type":"Polygon","properties":{"n":"Soorakkulam","c":641039,"d":"Madurai","s":"TAMIL NADU"}},{"arcs":[[416,-355,-352,417,418]],"type":"Polygon","properties":{"n":"Maravankulam","c":640944,"d":"Madurai","s":"TAMIL NADU"}},{"arcs":[[-401,-366,419,420]],"type":"Polygon","properties":{"n":"Avalaseri","c":640869,"d":"Madurai","s":"TAMIL NADU"}},{"arcs":[[421,422,-378,423,-295,-393,-398,-371]],"type":"Polygon","properties":{"n":"Solankuruni","c":641052,"d":"Madurai","s":"TAMIL NADU"}},{"arcs":[[-363,-282,424,425]],"type":"Polygon","properties":{"n":"Mallapuram","c":640863,"d":"Madurai","s":"TAMIL NADU"}},{"arcs":[[426,-359,-356,-417,427,428]],"type":"Polygon","properties":{"n":"S.Puliankulam","c":640942,"d":"Madurai","s":"TAMIL NADU"}},{"arcs":[[429,430,431,432,-418,-351,-345,-349,-382,433,434]],"type":"Polygon","properties":{"n":"Thirumangalam (M)","c":803753,"d":"Madurai","s":"TAMIL NADU"}},{"arcs":[[435,-375,-346,-277,-239,-336,-335,-410,436,437]],"type":"Polygon","properties":{"n":"Sowdarpatti","c":640951,"d":"Madurai","s":"TAMIL NADU"}},{"arcs":[[-430,438]],"type":"Polygon","properties":{"n":"Kudiraicharikulam","c":640945,"d":"Madurai","s":"TAMIL NADU"}},{"arcs":[[439,-428,-419,-433,440,441]],"type":"Polygon","properties":{"n":"Kappalur","c":640943,"d":"Madurai","s":"TAMIL NADU"}},{"arcs":[[442,443,444]],"type":"Polygon","properties":{"n":"Kudalsengulam","c":641034,"d":"Madurai","s":"TAMIL NADU"}},{"arcs":[[445,-429,-440,446,447]],"type":"Polygon","properties":{"n":"Chockanathanpatti","c":640941,"d":"Madurai","s":"TAMIL NADU"}},{"arcs":[[-376,-436,448,449,450]],"type":"Polygon","properties":{"n":"Ammapatti","c":640947,"d":"Madurai","s":"TAMIL NADU"}},{"arcs":[[451,-411,-337,-330,-404,452,453]],"type":"Polygon","properties":{"n":"Kuppalnatham","c":640855,"d":"Madurai","s":"TAMIL NADU"}},{"arcs":[[-434,-381,454,455]],"type":"Polygon","properties":{"n":"Kadukulam","c":640946,"d":"Madurai","s":"TAMIL NADU"}},{"arcs":[[-412,-452,456,457]],"type":"Polygon","properties":{"n":"Sembarani","c":640854,"d":"Madurai","s":"TAMIL NADU"}},{"arcs":[[458,-407,-416,459]],"type":"Polygon","properties":{"n":"Valanendal","c":641036,"d":"Madurai","s":"TAMIL NADU"}},{"arcs":[[460,-441,-432,461,462]],"type":"Polygon","properties":{"n":"Dharmathupatti","c":640939,"d":"Madurai","s":"TAMIL NADU"}},{"arcs":[[-447,-442,-461,463,464]],"type":"Polygon","properties":{"n":"Palakkapudupatti","c":640940,"d":"Madurai","s":"TAMIL NADU"}},{"arcs":[[-437,-409,465,466,467]],"type":"Polygon","properties":{"n":"Thangalacheri","c":640948,"d":"Madurai","s":"TAMIL NADU"}},{"arcs":[[468,469,470,471]],"type":"Polygon","properties":{"n":" ","c":0,"d":"Madurai","s":"TAMIL NADU"}},{"arcs":[[472,473,474,-388,-361,-426,475,476]],"type":"Polygon","properties":{"n":"Soolapuram","c":640861,"d":"Madurai","s":"TAMIL NADU"}},{"arcs":[[477,-420,-365,-354,-340,-387,478,479,480]],"type":"Polygon","properties":{"n":"Adikaripatti","c":640858,"d":"Madurai","s":"TAMIL NADU"}},{"arcs":[[481,-453,-403,482,483]],"type":"Polygon","properties":{"n":"Chinnakattalai","c":640856,"d":"Madurai","s":"TAMIL NADU"}},{"arcs":[[-479,-389,-475,484,485]],"type":"Polygon","properties":{"n":"Thirumanickam","c":640859,"d":"Madurai","s":"TAMIL NADU"}},{"arcs":[[-469,486,487]],"type":"Polygon","properties":{"n":" ","c":0,"d":"Madurai","s":"TAMIL NADU"}},{"arcs":[[-485,-474,488,489,490,491]],"type":"Polygon","properties":{"n":"Melathirumanikkam","c":640860,"d":"Madurai","s":"TAMIL NADU"}},{"arcs":[[492,493]],"type":"Polygon","properties":{"n":"Angadimangalam","c":640703,"d":"Madurai","s":"TAMIL NADU"}},{"arcs":[[-483,-402,-421,-478,494,495,496]],"type":"Polygon","properties":{"n":"Periyakattalai","c":640857,"d":"Madurai","s":"TAMIL NADU"}},{"arcs":[[497,498,499,-450,500,501]],"type":"Polygon","properties":{"n":"Pannikundu","c":640934,"d":"Madurai","s":"TAMIL NADU"}},{"arcs":[[502]],"type":"Polygon","properties":{"n":"Manibamettupatti","c":640850,"d":"Madurai","s":"TAMIL NADU"}},{"arcs":[[-501,-449,-438,-468,503,504,505]],"type":"Polygon","properties":{"n":"Pokkampatti","c":640933,"d":"Madurai","s":"TAMIL NADU"}},{"arcs":[[-395,-405,-459,506,507,508,509,510]],"type":"Polygon","properties":{"n":"Perungudi","c":641035,"d":"Madurai","s":"TAMIL NADU"}},{"arcs":[[511,-477,512,513]],"type":"Polygon","properties":{"n":"Selanayakkanpatti","c":640862,"d":"Madurai","s":"TAMIL NADU"}},{"arcs":[[514,515,516,-455,-383,-373,-451,-500,517]],"type":"Polygon","properties":{"n":"Sathangudi","c":640935,"d":"Madurai","s":"TAMIL NADU"}},{"arcs":[[518,519,-495,-481,520,521]],"type":"Polygon","properties":{"n":"Vannankulam","c":640851,"d":"Madurai","s":"TAMIL NADU"}},{"arcs":[[522,-496,-520,523]],"type":"Polygon","properties":{"n":"Thummalapatti","c":640842,"d":"Madurai","s":"TAMIL NADU"}},{"arcs":[[-509,524,525]],"type":"Polygon","properties":{"n":"Nilaiyur  (I Bit) (CT)","c":641070,"d":"Madurai","s":"TAMIL NADU"}},{"arcs":[[526,-493,527,528,529]],"type":"Polygon","properties":{"n":"Ananjiyur","c":640702,"d":"Madurai","s":"TAMIL NADU"}},{"arcs":[[530,-487,-472,531,532,533]],"type":"Polygon","properties":{"n":"Samanatham (CT)","c":641069,"d":"Madurai","s":"TAMIL NADU"}},{"arcs":[[534,-466,-408,-458,535,536]],"type":"Polygon","properties":{"n":"Kalappanpatti","c":640853,"d":"Madurai","s":"TAMIL NADU"}},{"arcs":[[537,538,-516,539,540]],"type":"Polygon","properties":{"n":"Chittalai","c":640928,"d":"Madurai","s":"TAMIL NADU"}},{"arcs":[[541,-445,542,-413,-396,-511,543,544,545]],"type":"Polygon","properties":{"n":" ","c":0,"d":"Madurai","s":"TAMIL NADU"}},{"arcs":[[546,-507,-460,-415,-385,-360,-427,-446,547,548,549]],"type":"Polygon","properties":{"n":"Nilaiyur (Part)","c":641037,"d":"Madurai","s":"TAMIL NADU"}},{"arcs":[[-540,-515,550,551]],"type":"Polygon","properties":{"n":"Pungankulam","c":640929,"d":"Madurai","s":"TAMIL NADU"}},{"arcs":[[552,553,554,555]],"type":"Polygon","properties":{"n":"Chettikulam","c":640937,"d":"Madurai","s":"TAMIL NADU"}},{"arcs":[[556,557,-464,-463,558,-554,559]],"type":"Polygon","properties":{"n":"Uchapatti","c":640938,"d":"Madurai","s":"TAMIL NADU"}},{"arcs":[[-545,560]],"type":"Polygon","properties":{"n":" ","c":0,"d":"Madurai","s":"TAMIL NADU"}},{"arcs":[[561,562,-498,563,564]],"type":"Polygon","properties":{"n":"Erramalampatti","c":640931,"d":"Madurai","s":"TAMIL NADU"}},{"arcs":[[-555,-559,-462,-431,-439,-435,-456,-517,-539,565,566,567]],"type":"Polygon","properties":{"n":"Urappanur","c":640936,"d":"Madurai","s":"TAMIL NADU"}},{"arcs":[[-514,568,569]],"type":"Polygon","properties":{"n":"Peryampatti","c":640846,"d":"Madurai","s":"TAMIL NADU"}},{"arcs":[[570,-549,571,-557,572,573,574]],"type":"Polygon","properties":{"n":"Thoppur","c":641029,"d":"Madurai","s":"TAMIL NADU"}},{"arcs":[[575,-551,-518,-499,-563,576]],"type":"Polygon","properties":{"n":"Kandai","c":640930,"d":"Madurai","s":"TAMIL NADU"}},{"arcs":[[577,578,579,580]],"type":"Polygon","properties":{"n":"Senkottai","c":640698,"d":"Madurai","s":"TAMIL NADU"}},{"arcs":[[581,582,583,584,585]],"type":"Polygon","properties":{"n":"Karseri","c":640700,"d":"Madurai","s":"TAMIL NADU"}},{"arcs":[[586,587,-536,-457,-454,-482,588,589]],"type":"Polygon","properties":{"n":"Perungamanallur","c":640852,"d":"Madurai","s":"TAMIL NADU"}},{"arcs":[[590,591,-566,-538,592]],"type":"Polygon","properties":{"n":"Josyar Alangulam","c":640927,"d":"Madurai","s":"TAMIL NADU"}},{"arcs":[[593,594,595,596,597,598]],"type":"Polygon","properties":{"n":"Silaiman (CT)","c":641068,"d":"Madurai","s":"TAMIL NADU"}},{"arcs":[[599,-598,600,601]],"type":"Polygon","properties":{"n":"Kallambal","c":641031,"d":"Madurai","s":"TAMIL NADU"}},{"arcs":[[-564,-502,-506,602,603,604]],"type":"Polygon","properties":{"n":"Kangayanatham","c":640932,"d":"Madurai","s":"TAMIL NADU"}},{"arcs":[[-601,-597,605,-534,606,607,608]],"type":"Polygon","properties":{"n":"Panaiyur","c":641033,"d":"Madurai","s":"TAMIL NADU"}},{"arcs":[[-584,609,610]],"type":"Polygon","properties":{"n":"Udangundu","c":640696,"d":"Madurai","s":"TAMIL NADU"}},{"arcs":[[611,612]],"type":"Polygon","properties":{"n":"Ovalur","c":640697,"d":"Madurai","s":"TAMIL NADU"}},{"arcs":[[613]],"type":"Polygon","properties":{"n":"Alavandan","c":640690,"d":"Madurai","s":"TAMIL NADU"}},{"arcs":[[614,-594,615,616]],"type":"Polygon","properties":{"n":"Puliyankulam","c":641032,"d":"Madurai","s":"TAMIL NADU"}},{"arcs":[[617,618,-578,619,620]],"type":"Polygon","properties":{"n":"Thuvarangulam","c":640560,"d":"Madurai","s":"TAMIL NADU"}},{"arcs":[[621,-603,-505,622,623]],"type":"Polygon","properties":{"n":"Perumalpatti","c":640831,"d":"Madurai","s":"TAMIL NADU"}},{"arcs":[[624,625]],"type":"Polygon","properties":{"n":"Tirupparankundram (OG)","c":641071,"d":"Madurai","s":"TAMIL NADU"}},{"arcs":[[626,-537,-588,627]],"type":"Polygon","properties":{"n":" ","c":0,"d":"Madurai","s":"TAMIL NADU"}},{"arcs":[[628,-618,629]],"type":"Polygon","properties":{"n":"Keeranur","c":640561,"d":"Madurai","s":"TAMIL NADU"}},{"arcs":[[-567,-592,630,631]],"type":"Polygon","properties":{"n":"Kunnamampatti","c":640926,"d":"Madurai","s":"TAMIL NADU"}},{"arcs":[[-607,-533,632,633,634]],"type":"Polygon","properties":{"n":" ","c":0,"d":"Madurai","s":"TAMIL NADU"}},{"arcs":[[635,-521,-480,-486,-492,636,637],[-503]],"type":"Polygon","properties":{"n":"Tadayampatti","c":640849,"d":"Madurai","s":"TAMIL NADU"}},{"arcs":[[638,639,-602,-609,640]],"type":"Polygon","properties":{"n":"Chinthamani","c":641030,"d":"Madurai","s":"TAMIL NADU"}},{"arcs":[[-623,-504,-467,-535,-627,641,642]],"type":"Polygon","properties":{"n":"Thummakundu","c":640832,"d":"Madurai","s":"TAMIL NADU"}},{"arcs":[[643,644,-574,645,646,647]],"type":"Polygon","properties":{"n":"K.Pudupatti","c":641026,"d":"Madurai","s":"TAMIL NADU"}},{"arcs":[[-637,-491,648,649]],"type":"Polygon","properties":{"n":"E. Kottaipatti","c":640848,"d":"Madurai","s":"TAMIL NADU"}},{"arcs":[[650,-626,651,-525,-508,-547,652,653,654,655,656,657]],"type":"Polygon","properties":{"n":"Harveypatti (TP)","c":803758,"d":"Madurai","s":"TAMIL NADU"}},{"arcs":[[-631,-591,658,659]],"type":"Polygon","properties":{"n":"Vannankulam","c":640925,"d":"Madurai","s":"TAMIL NADU"}},{"arcs":[[-589,-484,-497,-523,660,661,662]],"type":"Polygon","properties":{"n":"Allikundam","c":640841,"d":"Madurai","s":"TAMIL NADU"}},{"arcs":[[-649,-490,663,664]],"type":"Polygon","properties":{"n":"Uthapuram","c":640847,"d":"Madurai","s":"TAMIL NADU"}},{"arcs":[[-634,665,666,667]],"type":"Polygon","properties":{"n":" ","c":0,"d":"Madurai","s":"TAMIL NADU"}},{"arcs":[[668,-577,-562,669,670]],"type":"Polygon","properties":{"n":"Alagusirai","c":640923,"d":"Madurai","s":"TAMIL NADU"}},{"arcs":[[671,672,673,-653,-550,-571,674,675]],"type":"Polygon","properties":{"n":"Thanakkankulam (CT)","c":641067,"d":"Madurai","s":"TAMIL NADU"}},{"arcs":[[676,-522,-636,677]],"type":"Polygon","properties":{"n":"Jothilnaickanur","c":640839,"d":"Madurai","s":"TAMIL NADU"}},{"arcs":[[678,679,680]],"type":"Polygon","properties":{"n":"Melandal","c":640920,"d":"Madurai","s":"TAMIL NADU"}},{"arcs":[[681,682,-595,-615,683,684,685,-610,-583]],"type":"Polygon","properties":{"n":"Sakkimangalam (Part)","c":640695,"d":"Madurai","s":"TAMIL NADU"}},{"arcs":[[686,-661,-524,-519,-677,687]],"type":"Polygon","properties":{"n":"Manuthu","c":640840,"d":"Madurai","s":"TAMIL NADU"}},{"arcs":[[-684,-617,688,689,690,691]],"type":"Polygon","properties":{"n":"Karuppapillaiendal","c":640694,"d":"Madurai","s":"TAMIL NADU"}},{"arcs":[[-664,-489,-473,-512,-570,692]],"type":"Polygon","properties":{"n":"Elumalai (TP)","c":803750,"d":"Madurai","s":"TAMIL NADU"}},{"arcs":[[-659,-593,-541,-552,-576,-669,693,-679,694,695]],"type":"Polygon","properties":{"n":"Ponnamangalam","c":640924,"d":"Madurai","s":"TAMIL NADU"}},{"arcs":[[696,-666,-633,-532,-471,697,-546,-561,-544,-510,-526,-652,-625,-651,698]],"type":"Polygon","properties":{"n":"Avaniapuram (M)","c":803756,"d":"Madurai","s":"TAMIL NADU"}},{"arcs":[[699,-641,-608,-635,-668,700]],"type":"Polygon","properties":{"n":"Chinna Anuppanadi (CT)","c":641066,"d":"Madurai","s":"TAMIL NADU"}},{"arcs":[[701,702,-620,-581,-614,-580,703,704,-613,705,-586,706,707,708]],"type":"Polygon","properties":{"n":"Kunnathur","c":640691,"d":"Madurai","s":"TAMIL NADU"}},{"arcs":[[709,-689,-616,-599,-600,-640,710,711]],"type":"Polygon","properties":{"n":"Viraganur (CT)","c":641065,"d":"Madurai","s":"TAMIL NADU"}},{"arcs":[[-680,-694,-671,712,713]],"type":"Polygon","properties":{"n":"Puliyakavundanpatti","c":640921,"d":"Madurai","s":"TAMIL NADU"}},{"arcs":[[-707,-585,-611,-686,714,715]],"type":"Polygon","properties":{"n":"Kozhikudi","c":640692,"d":"Madurai","s":"TAMIL NADU"}},{"arcs":[[716,717,-702,718,719]],"type":"Polygon","properties":{"n":"Parayankulam","c":640689,"d":"Madurai","s":"TAMIL NADU"}},{"arcs":[[720,721,722]],"type":"Polygon","properties":{"n":"Vellakundu","c":640688,"d":"Madurai","s":"TAMIL NADU"}},{"arcs":[[723,-630,-621,-703,-718,724,725]],"type":"Polygon","properties":{"n":"Panjutti","c":640559,"d":"Madurai","s":"TAMIL NADU"}},{"arcs":[[726,-673,727,728]],"type":"Polygon","properties":{"n":"Tattanur","c":641021,"d":"Madurai","s":"TAMIL NADU"}},{"arcs":[[-711,-639,-700,729,730]],"type":"Polygon","properties":{"n":"Iravadanallur (CT)","c":641064,"d":"Madurai","s":"TAMIL NADU"}},{"arcs":[[731,-604,-622,732,733]],"type":"Polygon","properties":{"n":"Poruppumethupatti","c":640830,"d":"Madurai","s":"TAMIL NADU"}},{"arcs":[[-675,-575,-645,734,735]],"type":"Polygon","properties":{"n":"Vedarpuliankulam","c":641028,"d":"Madurai","s":"TAMIL NADU"}},{"arcs":[[-721,-708,-716,736,737]],"type":"Polygon","properties":{"n":"Pottapanayur","c":640687,"d":"Madurai","s":"TAMIL NADU"}},{"arcs":[[738,-713,-670,-565,-605,-732,739]],"type":"Polygon","properties":{"n":"Vagaikulam","c":640922,"d":"Madurai","s":"TAMIL NADU"}},{"arcs":[[-733,-624,-643,740,741]],"type":"Polygon","properties":{"n":"Sindupatti","c":640833,"d":"Madurai","s":"TAMIL NADU"}},{"arcs":[[742,743,744,-690,-710,745,746]],"type":"Polygon","properties":{"n":"Andarkottaram","c":640685,"d":"Madurai","s":"TAMIL NADU"}},{"arcs":[[747,-654,-674,-727,748]],"type":"Polygon","properties":{"n":" ","c":641063,"d":"Madurai","s":"TAMIL NADU"}},{"arcs":[[749,-715,-685,-692,750,751]],"type":"Polygon","properties":{"n":"Ilamanur","c":640686,"d":"Madurai","s":"TAMIL NADU"}},{"arcs":[[-735,-644,752,753,754]],"type":"Polygon","properties":{"n":"sakkilipatti","c":641027,"d":"Madurai","s":"TAMIL NADU"}},{"arcs":[[755,-647,756,-556,-568,-632,-660,-696,757,758]],"type":"Polygon","properties":{"n":"Karadikal","c":640919,"d":"Madurai","s":"TAMIL NADU"}},{"arcs":[[-744,759,760,761]],"type":"Polygon","properties":{"n":"Seegankulam","c":640684,"d":"Madurai","s":"TAMIL NADU"}},{"arcs":[[762,-753,-648,-756,763]],"type":"Polygon","properties":{"n":"Thenpalanji","c":641025,"d":"Madurai","s":"TAMIL NADU"}},{"arcs":[[764,-722,765,766]],"type":"Polygon","properties":{"n":"Vidathakulam","c":640681,"d":"Madurai","s":"TAMIL NADU"}},{"arcs":[[767,-751,-691,-745,-762,768,769]],"type":"Polygon","properties":{"n":"Pappakudi","c":640683,"d":"Madurai","s":"TAMIL NADU"}},{"arcs":[[770,-590,-663,771,772,773]],"type":"Polygon","properties":{"n":"Vagurani","c":640836,"d":"Madurai","s":"TAMIL NADU"}},{"arcs":[[-748,774,775,-655]],"type":"Polygon","properties":{"n":"Pudukulam","c":641019,"d":"Madurai","s":"TAMIL NADU"}},{"arcs":[[776,-720,777,778,779]],"type":"Polygon","properties":{"n":"Thatchanendal","c":640678,"d":"Madurai","s":"TAMIL NADU"}},{"arcs":[[-725,-717,-777,780,781]],"type":"Polygon","properties":{"n":"Isalani","c":640677,"d":"Madurai","s":"TAMIL NADU"}},{"arcs":[[-766,-738,782,783,784]],"type":"Polygon","properties":{"n":"T.Attikulam","c":640682,"d":"Madurai","s":"TAMIL NADU"}},{"arcs":[[785,-778,-719,-709,-723,-765,786,787]],"type":"Polygon","properties":{"n":"Varichiyur","c":640680,"d":"Madurai","s":"TAMIL NADU"}},{"arcs":[[788,789,790]],"type":"Polygon","properties":{"n":" ","c":0,"d":"Madurai","s":"TAMIL NADU"}},{"arcs":[[791,-752,-768,792,793,794]],"type":"Polygon","properties":{"n":"Echaneri","c":640672,"d":"Madurai","s":"TAMIL NADU"}},{"arcs":[[-760,-743,795,796]],"type":"Polygon","properties":{"n":"Pulangulam","c":640669,"d":"Madurai","s":"TAMIL NADU"}},{"arcs":[[-769,-761,-797,797]],"type":"Polygon","properties":{"n":"Kathavanendal","c":640670,"d":"Madurai","s":"TAMIL NADU"}},{"arcs":[[-779,-786,798,799]],"type":"Polygon","properties":{"n":"Karuppukkal","c":640679,"d":"Madurai","s":"TAMIL NADU"}},{"arcs":[[-772,-662,-687,800]],"type":"Polygon","properties":{"n":"Eramarpatti","c":640837,"d":"Madurai","s":"TAMIL NADU"}},{"arcs":[[801,-741,-642,-628,-587,-771,802,803]],"type":"Polygon","properties":{"n":"Veppanuthu","c":640834,"d":"Madurai","s":"TAMIL NADU"}},{"arcs":[[-728,-672,804,805]],"type":"Polygon","properties":{"n":"Kilakuyilkudi","c":641022,"d":"Madurai","s":"TAMIL NADU"}},{"arcs":[[-803,-774,806]],"type":"Polygon","properties":{"n":"Ayanmethupatti","c":640835,"d":"Madurai","s":"TAMIL NADU"}},{"arcs":[[-783,-737,-750,-792,807,808]],"type":"Polygon","properties":{"n":"Vilathur","c":640673,"d":"Madurai","s":"TAMIL NADU"}},{"arcs":[[-784,-809,809,810]],"type":"Polygon","properties":{"n":"Kusavikulam","c":640674,"d":"Madurai","s":"TAMIL NADU"}},{"arcs":[[-789,811,812,813]],"type":"Polygon","properties":{"n":"Melamadai (CT)","c":640713,"d":"Madurai","s":"TAMIL NADU"}},{"arcs":[[-813,814,815]],"type":"Polygon","properties":{"n":" ","c":0,"d":"Madurai","s":"TAMIL NADU"}},{"arcs":[[816,817,-805,-676,-736,818]],"type":"Polygon","properties":{"n":"Melakuyilkudi","c":641023,"d":"Madurai","s":"TAMIL NADU"}},{"arcs":[[-799,-788,819,820,821]],"type":"Polygon","properties":{"n":"Vallankulam","c":640675,"d":"Madurai","s":"TAMIL NADU"}},{"arcs":[[-638,-650,-665,-693,-569,-513,-476,-425,-286,822,823]],"type":"Polygon","properties":{"n":"Elumalai RF","c":640914,"d":"Madurai","s":"TAMIL NADU"}},{"arcs":[[824,825,-793,-770,-798,826]],"type":"Polygon","properties":{"n":"Veerapanjan","c":640671,"d":"Madurai","s":"TAMIL NADU"}},{"arcs":[[-749,-729,-806,-818,827]],"type":"Polygon","properties":{"n":"Vadivelkarai","c":641020,"d":"Madurai","s":"TAMIL NADU"}},{"arcs":[[828,829,830]],"type":"Polygon","properties":{"n":" ","c":0,"d":"Madurai","s":"TAMIL NADU"}},{"arcs":[[831,832,-758,-695,-681,-714,-739,833,834,835]],"type":"Polygon","properties":{"n":"Karumathur","c":640821,"d":"Madurai","s":"TAMIL NADU"}},{"arcs":[[-820,-787,-767,-785,-811,836,837,838,839]],"type":"Polygon","properties":{"n":"Rajakur","c":640662,"d":"Madurai","s":"TAMIL NADU"}},{"arcs":[[840,841,-657,842,843]],"type":"Polygon","properties":{"n":"Erkudi","c":641017,"d":"Madurai","s":"TAMIL NADU"}},{"arcs":[[844,845]],"type":"Polygon","properties":{"n":" ","c":0,"d":"Madurai","s":"TAMIL NADU"}},{"arcs":[[846,-764,-759,-833,847,848]],"type":"Polygon","properties":{"n":"Kinnimangalam","c":640918,"d":"Madurai","s":"TAMIL NADU"}},{"arcs":[[-837,-810,-808,-795,849,850]],"type":"Polygon","properties":{"n":"Kattakulam","c":0,"d":"Madurai","s":"TAMIL NADU"}},{"arcs":[[-843,-656,-776,851,852]],"type":"Polygon","properties":{"n":"Sambakudi","c":641018,"d":"Madurai","s":"TAMIL NADU"}},{"arcs":[[-825,853,854]],"type":"Polygon","properties":{"n":"Thathangulam","c":640666,"d":"Madurai","s":"TAMIL NADU"}},{"arcs":[[855,-804,856,857,858]],"type":"Polygon","properties":{"n":"Sembatti","c":640828,"d":"Madurai","s":"TAMIL NADU"}},{"arcs":[[859,860,861,-821,-840,862,863]],"type":"Polygon","properties":{"n":"Varaganeri","c":640660,"d":"Madurai","s":"TAMIL NADU"}},{"arcs":[[864,865]],"type":"Polygon","properties":{"n":"Nallathevanpatti","c":640838,"d":"Madurai","s":"TAMIL NADU"}},{"arcs":[[866,-850,-794,-826,-855,867,868]],"type":"Polygon","properties":{"n":"Thindiyur","c":640665,"d":"Madurai","s":"TAMIL NADU"}},{"arcs":[[869,870,-830,871,-746,-712,-731,872,873,-790,-814,-816,874,875]],"type":"Polygon","properties":{"n":"Vandiyur (CT)","c":640714,"d":"Madurai","s":"TAMIL NADU"}},{"arcs":[[876,-726,-782,877,878,879]],"type":"Polygon","properties":{"n":"Veppadappu","c":640558,"d":"Madurai","s":"TAMIL NADU"}},{"arcs":[[880,-819,-755,881,882]],"type":"Polygon","properties":{"n":"Karadipatti (CT)","c":641062,"d":"Madurai","s":"TAMIL NADU"}},{"arcs":[[883,-846,884,885,-834,-740,-734,-742,-802,-856,886,887]],"type":"Polygon","properties":{"n":"Thidian","c":640829,"d":"Madurai","s":"TAMIL NADU"}},{"arcs":[[888,889,-861,890]],"type":"Polygon","properties":{"n":"Vellaikuppam","c":640659,"d":"Madurai","s":"TAMIL NADU"}},{"arcs":[[891,-863,-839,892,893,894]],"type":"Polygon","properties":{"n":"Nattarmangalam","c":640661,"d":"Madurai","s":"TAMIL NADU"}},{"arcs":[[895,896]],"type":"Polygon","properties":{"n":" ","c":0,"d":"Madurai","s":"TAMIL NADU"}},{"arcs":[[897,-831,-871,898,899]],"type":"Polygon","properties":{"n":"Ilandaikkulam","c":640668,"d":"Madurai","s":"TAMIL NADU"}},{"arcs":[[900,-893,-838,-851,-867,901,902]],"type":"Polygon","properties":{"n":"Sivalingam","c":640654,"d":"Madurai","s":"TAMIL NADU"}},{"arcs":[[-852,-775,-828,-817,-881,903,904,905]],"type":"Polygon","properties":{"n":" ","c":641061,"d":"Madurai","s":"TAMIL NADU"}},{"arcs":[[906,-885,-845,-884,907]],"type":"Polygon","properties":{"n":"Nattarmangalam","c":640822,"d":"Madurai","s":"TAMIL NADU"}},{"arcs":[[908,909,910,-699,-658,-842,911,912]],"type":"Polygon","properties":{"n":"Madurai (M Corp.)","c":803754,"d":"Madurai","s":"TAMIL NADU"}},{"arcs":[[913,-836,914,915]],"type":"Polygon","properties":{"n":"Pullaneri","c":640820,"d":"Madurai","s":"TAMIL NADU"}},{"arcs":[[916,917,-880,918]],"type":"Polygon","properties":{"n":"Kovilpatti","c":640557,"d":"Madurai","s":"TAMIL NADU"}},{"arcs":[[919,-868,-854,-827,-796,-747,-872,-829,-898,920,921]],"type":"Polygon","properties":{"n":"Kalikappan","c":640667,"d":"Madurai","s":"TAMIL NADU"}},{"arcs":[[922,923,924,-891,-860,925,926]],"type":"Polygon","properties":{"n":" ","c":0,"d":"Madurai","s":"TAMIL NADU"}},{"arcs":[[-882,-754,-763,-847,927,928]],"type":"Polygon","properties":{"n":"Vadapalanji","c":641024,"d":"Madurai","s":"TAMIL NADU"}},{"arcs":[[929,930,-895,931]],"type":"Polygon","properties":{"n":"Chittakkur","c":640656,"d":"Madurai","s":"TAMIL NADU"}},{"arcs":[[932,-878,-781,-780,-800,-822,-862,-890,933,934,935]],"type":"Polygon","properties":{"n":"Idayapatti","c":640676,"d":"Madurai","s":"TAMIL NADU"}},{"arcs":[[936,-926,-864,-892,-931,937]],"type":"Polygon","properties":{"n":"Panaikulam","c":640657,"d":"Madurai","s":"TAMIL NADU"}},{"arcs":[[938,-924,939,940]],"type":"Polygon","properties":{"n":"S.Nedungulam","c":640658,"d":"Madurai","s":"TAMIL NADU"}},{"arcs":[[-935,941,942]],"type":"Polygon","properties":{"n":"Sorukulipatti","c":640551,"d":"Madurai","s":"TAMIL NADU"}},{"arcs":[[943,944,945,946,947]],"type":"Polygon","properties":{"n":" ","c":0,"d":"Madurai","s":"TAMIL NADU"}},{"arcs":[[948,949,-875,-815,-812,-791,-874,950,-910,951,-947,952,953]],"type":"Polygon","properties":{"n":" ","c":0,"d":"Madurai","s":"TAMIL NADU"}},{"arcs":[[-912,-841,954,955]],"type":"Polygon","properties":{"n":"Achampattu","c":641016,"d":"Madurai","s":"TAMIL NADU"}},{"arcs":[[-953,-946,956]],"type":"Polygon","properties":{"n":" ","c":0,"d":"Madurai","s":"TAMIL NADU"}},{"arcs":[[957,-905,958,959,960]],"type":"Polygon","properties":{"n":"Kilamathikattinan","c":641014,"d":"Madurai","s":"TAMIL NADU"}},{"arcs":[[961,-932,-894,-901,962,963]],"type":"Polygon","properties":{"n":"Ilangiyendal","c":640655,"d":"Madurai","s":"TAMIL NADU"}},{"arcs":[[-921,-900,964,965,966]],"type":"Polygon","properties":{"n":"Ulaganeri","c":640652,"d":"Madurai","s":"TAMIL NADU"}},{"arcs":[[967,-857,-807,-773,968,-866,969,970]],"type":"Polygon","properties":{"n":"Pothampatti","c":640827,"d":"Madurai","s":"TAMIL NADU"}},{"arcs":[[-941,971,972,973]],"type":"Polygon","properties":{"n":"Perungalakudi","c":640543,"d":"Madurai","s":"TAMIL NADU"}},{"arcs":[[-927,-937,974,975]],"type":"Polygon","properties":{"n":"Kundukulam","c":640646,"d":"Madurai","s":"TAMIL NADU"}},{"arcs":[[-944,976,977,978]],"type":"Polygon","properties":{"n":" ","c":0,"d":"Madurai","s":"TAMIL NADU"}},{"arcs":[[-902,-869,-920,979,980,981]],"type":"Polygon","properties":{"n":"Tirumohur","c":640653,"d":"Madurai","s":"TAMIL NADU"}},{"arcs":[[982,983]],"type":"Polygon","properties":{"n":" ","c":0,"d":"Madurai","s":"TAMIL NADU"}},{"arcs":[[984,985,-848,-832,-914,986]],"type":"Polygon","properties":{"n":"Kokkulam (Anaiyur)","c":640916,"d":"Madurai","s":"TAMIL NADU"}},{"arcs":[[-981,987,988]],"type":"Polygon","properties":{"n":"Podasapatti","c":640648,"d":"Madurai","s":"TAMIL NADU"}},{"arcs":[[989,-887,-859,990,991,992]],"type":"Polygon","properties":{"n":"Ariyapatti","c":640823,"d":"Madurai","s":"TAMIL NADU"}},{"arcs":[[-970,-865,-969,-801,-688,-678,-824,993,994,995,996]],"type":"Polygon","properties":{"n":"Nallathevanpatti RF","c":640845,"d":"Madurai","s":"TAMIL NADU"}},{"arcs":[[997,998,-949,999,1000]],"type":"Polygon","properties":{"n":" ","c":0,"d":"Madurai","s":"TAMIL NADU"}},{"arcs":[[1001,1002,-917,1003,1004]],"type":"Polygon","properties":{"n":"Arasappanpatti","c":640555,"d":"Madurai","s":"TAMIL NADU"}},{"arcs":[[1005,-992,1006,1007]],"type":"Polygon","properties":{"n":"Pottulupatti","c":640824,"d":"Madurai","s":"TAMIL NADU"}},{"arcs":[[-988,-980,-922,-967,1008,1009]],"type":"Polygon","properties":{"n":"Othakadai (CT)","c":640712,"d":"Madurai","s":"TAMIL NADU"}},{"arcs":[[1010,-1002,1011,1012]],"type":"Polygon","properties":{"n":"Panangudi","c":640556,"d":"Madurai","s":"TAMIL NADU"}},{"arcs":[[-955,-844,-853,-906,-958,1013,1014]],"type":"Polygon","properties":{"n":"Thuvariman","c":641015,"d":"Madurai","s":"TAMIL NADU"}},{"arcs":[[-1000,-954,1015,1016]],"type":"Polygon","properties":{"n":"Nagavakulam (CT)","c":640711,"d":"Madurai","s":"TAMIL NADU"}},{"arcs":[[-1007,-991,-858,-968,1017,-897,1018,1019,1020]],"type":"Polygon","properties":{"n":"Usilampatti","c":640825,"d":"Madurai","s":"TAMIL NADU"}},{"arcs":[[1021,-998,1022,1023]],"type":"Polygon","properties":{"n":"Kannanendal (CT)","c":640710,"d":"Madurai","s":"TAMIL NADU"}},{"arcs":[[1024,-964,1025,1026]],"type":"Polygon","properties":{"n":"Perakkur","c":640647,"d":"Madurai","s":"TAMIL NADU"}},{"arcs":[[1027,-972,-940,-923,-976,1028,1029,1030]],"type":"Polygon","properties":{"n":"Thirukanai","c":640645,"d":"Madurai","s":"TAMIL NADU"}},{"arcs":[[1031,-965,-899,-870,1032,1033]],"type":"Polygon","properties":{"n":"Uthangudi","c":640651,"d":"Madurai","s":"TAMIL NADU"}},{"arcs":[[-977,-948,-952,-909,1034,1035,1036]],"type":"Polygon","properties":{"n":"Vilangudi (TP)","c":803744,"d":"Madurai","s":"TAMIL NADU"}},{"arcs":[[1037,-1024,1038]],"type":"Polygon","properties":{"n":" ","c":0,"d":"Madurai","s":"TAMIL NADU"}},{"arcs":[[1039,1040,1041]],"type":"Polygon","properties":{"n":"Jothimanickam","c":640818,"d":"Madurai","s":"TAMIL NADU"}},{"arcs":[[1042,-942,-934,-889,-925,-939,-974,1043,1044]],"type":"Polygon","properties":{"n":"Amoor","c":640550,"d":"Madurai","s":"TAMIL NADU"}},{"arcs":[[1045,-983,-928,-849,-986,1046,1047]],"type":"Polygon","properties":{"n":"K.Puliyankulam","c":640917,"d":"Madurai","s":"TAMIL NADU"}},{"arcs":[[1048,-915,-835,-886,-907,1049,-1042,1050,1051]],"type":"Polygon","properties":{"n":"Kovilankulam","c":640819,"d":"Madurai","s":"TAMIL NADU"}},{"arcs":[[1052,-1020,1053,1054]],"type":"Polygon","properties":{"n":"Sikkampatti","c":640826,"d":"Madurai","s":"TAMIL NADU"}},{"arcs":[[-1004,1055,1056,1057]],"type":"Polygon","properties":{"n":"Nalukulam","c":640554,"d":"Madurai","s":"TAMIL NADU"}},{"arcs":[[-1044,-973,-1028,1058,1059]],"type":"Polygon","properties":{"n":"Kilavikulam","c":640549,"d":"Madurai","s":"TAMIL NADU"}},{"arcs":[[-1040,-1050,-908,-888,-990,1060,1061,1062,1063]],"type":"Polygon","properties":{"n":"Valandur","c":640817,"d":"Madurai","s":"TAMIL NADU"}},{"arcs":[[1064,-936,-943,-1043,1065,1066]],"type":"Polygon","properties":{"n":"Mukkampatti","c":640552,"d":"Madurai","s":"TAMIL NADU"}},{"arcs":[[-978,-1037,1067,1068,1069]],"type":"Polygon","properties":{"n":" ","c":0,"d":"Madurai","s":"TAMIL NADU"}},{"arcs":[[1070,-987,-916,-1049,1071]],"type":"Polygon","properties":{"n":"Kannanur","c":640801,"d":"Madurai","s":"TAMIL NADU"}},{"arcs":[[1072,-1030,1073,1074]],"type":"Polygon","properties":{"n":"Valaichikulam","c":640644,"d":"Madurai","s":"TAMIL NADU"}},{"arcs":[[1075,-1014,-961,1076,1077]],"type":"Polygon","properties":{"n":"Keelamathur","c":641013,"d":"Madurai","s":"TAMIL NADU"}},{"arcs":[[1078,-1061,-993,-1006,1079,1080]],"type":"Polygon","properties":{"n":"Kattakaruppanpatti","c":640816,"d":"Madurai","s":"TAMIL NADU"}},{"arcs":[[1081,1082,-1016,-957,-945,-979,-1070,1083,1084]],"type":"Polygon","properties":{"n":"Anaiyur (M)","c":803742,"d":"Madurai","s":"TAMIL NADU"}},{"arcs":[[-1034,1085,1086]],"type":"Polygon","properties":{"n":"Mangalagudi","c":640650,"d":"Madurai","s":"TAMIL NADU"}},{"arcs":[[1087,1088,1089]],"type":"Polygon","properties":{"n":" ","c":0,"d":"Madurai","s":"TAMIL NADU"}},{"arcs":[[-1056,-919,-879,-933,-1065,-1088,1090,1091,1092,1093]],"type":"Polygon","properties":{"n":"Thiruvadavur","c":640553,"d":"Madurai","s":"TAMIL NADU"}},{"arcs":[[-1054,-1019,-896,-1018,-971,-997,1094,1095]],"type":"Polygon","properties":{"n":"Usilampatti (M)","c":803749,"d":"Madurai","s":"TAMIL NADU"}},{"arcs":[[1096,-1047,-985,-1071,1097,1098]],"type":"Polygon","properties":{"n":"Panniyan","c":640800,"d":"Madurai","s":"TAMIL NADU"}},{"arcs":[[1099,-1057,-1094,1100,1101]],"type":"Polygon","properties":{"n":" ","c":0,"d":"Madurai","s":"TAMIL NADU"}},{"arcs":[[-1059,-1031,-1073,1102,1103]],"type":"Polygon","properties":{"n":"Urukalpuliyankulam","c":640548,"d":"Madurai","s":"TAMIL NADU"}},{"arcs":[[-1074,-1029,-975,-938,-930,-962,-1025,1104,1105]],"type":"Polygon","properties":{"n":"Poolampatti","c":640643,"d":"Madurai","s":"TAMIL NADU"}},{"arcs":[[1106,-1068,-1036,1107,1108,1109,1110]],"type":"Polygon","properties":{"n":"Kovilappangudi","c":640634,"d":"Madurai","s":"TAMIL NADU"}},{"arcs":[[1111,1112,1113,1114,-1009,-966,-1032,-1087,1115,1116]],"type":"Polygon","properties":{"n":"Narasingam","c":640709,"d":"Madurai","s":"TAMIL NADU"}},{"arcs":[[1117,-1082,1118,1119]],"type":"Polygon","properties":{"n":"Keelapanangadu","c":640636,"d":"Madurai","s":"TAMIL NADU"}},{"arcs":[[1120,-1063,1121,1122,1123]],"type":"Polygon","properties":{"n":"Vinnakudi","c":640803,"d":"Madurai","s":"TAMIL NADU"}},{"arcs":[[1124,-1077,-960,1125,1126,1127]],"type":"Polygon","properties":{"n":"Melamathur","c":641012,"d":"Madurai","s":"TAMIL NADU"}},{"arcs":[[1128,-1092,1129,1130]],"type":"Polygon","properties":{"n":"Manikkampatti","c":640545,"d":"Madurai","s":"TAMIL NADU"}},{"arcs":[[1131,-1116,-1086,-1033,-876,-950,-999,-1022,-1038,1132,1133,1134]],"type":"Polygon","properties":{"n":" ","c":0,"d":"Madurai","s":"TAMIL NADU"}},{"arcs":[[-1026,-963,-903,-982,-989,-1010,-1115,1135,1136]],"type":"Polygon","properties":{"n":"Kodikulam","c":640641,"d":"Madurai","s":"TAMIL NADU"}},{"arcs":[[1137,-1081,1138,1139,1140]],"type":"Polygon","properties":{"n":"Krishnapuram","c":640815,"d":"Madurai","s":"TAMIL NADU"}},{"arcs":[[1141,-1046,1142,1143,1144,-1127]],"type":"Polygon","properties":{"n":"Kodimangalam","c":641011,"d":"Madurai","s":"TAMIL NADU"}},{"arcs":[[1145,1146,-1119,-1085,1147,1148]],"type":"Polygon","properties":{"n":"Melapanangadi","c":640635,"d":"Madurai","s":"TAMIL NADU"}},{"arcs":[[-1148,-1084,-1069,-1107,1149,1150]],"type":"Polygon","properties":{"n":" ","c":0,"d":"Madurai","s":"TAMIL NADU"}},{"arcs":[[-1101,-1093,-1129,1151]],"type":"Polygon","properties":{"n":"Valayankulam","c":640544,"d":"Madurai","s":"TAMIL NADU"}},{"arcs":[[-1139,-1080,-1008,-1021,-1053,1152,1153,1154]],"type":"Polygon","properties":{"n":"Boodipuram","c":640814,"d":"Madurai","s":"TAMIL NADU"}},{"arcs":[[-1066,-1045,-1060,-1104,1155,1156]],"type":"Polygon","properties":{"n":"Marudur","c":640547,"d":"Madurai","s":"TAMIL NADU"}},{"arcs":[[1157,1158,1159,-1108,-1035,-913,-956,-1015,-1076,1160,1161]],"type":"Polygon","properties":{"n":"Paravai (TP)","c":803743,"d":"Madurai","s":"TAMIL NADU"}},{"arcs":[[-1130,-1091,-1090,1162,1163]],"type":"Polygon","properties":{"n":"T.Vellalapatti","c":640546,"d":"Madurai","s":"TAMIL NADU"}},{"arcs":[[1164,1165,-1105,-1027,-1137,1166,1167]],"type":"Polygon","properties":{"n":"Thamaraipatti","c":640642,"d":"Madurai","s":"TAMIL NADU"}},{"arcs":[[-1149,-1151,1168,1169]],"type":"Polygon","properties":{"n":"Veppangulam","c":640619,"d":"Madurai","s":"TAMIL NADU"}},{"arcs":[[-1161,-1078,-1125,1170,1171]],"type":"Polygon","properties":{"n":"Samayanallur (CT)","c":640707,"d":"Madurai","s":"TAMIL NADU"}},{"arcs":[[1172,1173,-1133,-1039,-1023,-1001,-1017,-1083,-1118,1174,1175,1176]],"type":"Polygon","properties":{"n":"Thiruppalai (CT)","c":640708,"d":"Madurai","s":"TAMIL NADU"}},{"arcs":[[1177,-1175,-1120,-1147,1178,1179]],"type":"Polygon","properties":{"n":"Vagaikulam","c":640629,"d":"Madurai","s":"TAMIL NADU"}},{"arcs":[[-1159,1180,1181]],"type":"Polygon","properties":{"n":"Kovilkurundhankulam","c":640633,"d":"Madurai","s":"TAMIL NADU"}},{"arcs":[[1182,1183,1184]],"type":"Polygon","properties":{"n":"K.Pappankulam","c":640638,"d":"Madurai","s":"TAMIL NADU"}},{"arcs":[[-1122,-1062,-1079,1185,1186]],"type":"Polygon","properties":{"n":"Kuruvakudi","c":640804,"d":"Madurai","s":"TAMIL NADU"}},{"arcs":[[-1183,1187,-1117,-1132,1188,1189]],"type":"Polygon","properties":{"n":"Kadakkinaru","c":640637,"d":"Madurai","s":"TAMIL NADU"}},{"arcs":[[-1176,-1178,1190]],"type":"Polygon","properties":{"n":"Pechikulam","c":640628,"d":"Madurai","s":"TAMIL NADU"}},{"arcs":[[1191,1192,1193,1194]],"type":"Polygon","properties":{"n":"Kurichipatti","c":640540,"d":"Madurai","s":"TAMIL NADU"}},{"arcs":[[-1193,1195,-1013,1196,1197,1198]],"type":"Polygon","properties":{"n":"Ambalakaranpatti","c":640541,"d":"Madurai","s":"TAMIL NADU"}},{"arcs":[[1199,-1154,1200,1201]],"type":"Polygon","properties":{"n":"Keeripatti","c":640808,"d":"Madurai","s":"TAMIL NADU"}},{"arcs":[[-1109,-1160,-1182,1202,1203]],"type":"Polygon","properties":{"n":"Pattakkurichchi","c":640632,"d":"Madurai","s":"TAMIL NADU"}},{"arcs":[[1204,1205,-1112,-1188,-1185,1206,1207]],"type":"Polygon","properties":{"n":"Pudupatti","c":640639,"d":"Madurai","s":"TAMIL NADU"}},{"arcs":[[1208,-1051,-1041,-1064,-1121,1209,1210]],"type":"Polygon","properties":{"n":"Kodikulam","c":640802,"d":"Madurai","s":"TAMIL NADU"}},{"arcs":[[-1208,1211,1212]],"type":"Polygon","properties":{"n":"Sembiyanendal","c":640640,"d":"Madurai","s":"TAMIL NADU"}},{"arcs":[[1213,-1113,-1206,1214,1215]],"type":"Polygon","properties":{"n":"Narasingam (Part)","c":640649,"d":"Madurai","s":"TAMIL NADU"}},{"arcs":[[1216,-1189,-1135,1217,1218,1219]],"type":"Polygon","properties":{"n":"Kannikudi","c":640626,"d":"Madurai","s":"TAMIL NADU"}},{"arcs":[[-1186,-1138,1220,1221]],"type":"Polygon","properties":{"n":"Sadaichipatti","c":640805,"d":"Madurai","s":"TAMIL NADU"}},{"arcs":[[-1167,-1136,-1114,-1214,1222,1223,1224]],"type":"Polygon","properties":{"n":"Arumbanur (CT)","c":640706,"d":"Madurai","s":"TAMIL NADU"}},{"arcs":[[1225,-1165,1226,1227]],"type":"Polygon","properties":{"n":"Uduppakkulam","c":640532,"d":"Madurai","s":"TAMIL NADU"}},{"arcs":[[1228,-995,1229,1230]],"type":"Polygon","properties":{"n":"Doddappanaickanur","c":640810,"d":"Madurai","s":"TAMIL NADU"}},{"arcs":[[1231,-1218,-1134,-1174,1232]],"type":"Polygon","properties":{"n":"Alattur","c":640627,"d":"Madurai","s":"TAMIL NADU"}},{"arcs":[[-1098,-1072,-1052,-1209,1233,1234]],"type":"Polygon","properties":{"n":"Mudalaikulam","c":640799,"d":"Madurai","s":"TAMIL NADU"}},{"arcs":[[1235,-1221,-1141,1236,1237]],"type":"Polygon","properties":{"n":"Pudupatti(Anaiyur)","c":640806,"d":"Madurai","s":"TAMIL NADU"}},{"arcs":[[1238,-1110,-1204,1239,1240,1241]],"type":"Polygon","properties":{"n":"Adalai","c":640631,"d":"Madurai","s":"TAMIL NADU"}},{"arcs":[[1242,1243,-1179,-1146,-1170,1244,1245]],"type":"Polygon","properties":{"n":"Boothakudi","c":640618,"d":"Madurai","s":"TAMIL NADU"}},{"arcs":[[1246,-1228,1247,1248]],"type":"Polygon","properties":{"n":"Chadurmadangan","c":640531,"d":"Madurai","s":"TAMIL NADU"}},{"arcs":[[1249,1250,-1197,-1012,-1005,-1058,-1100,1251]],"type":"Polygon","properties":{"n":"Kottagudi","c":640542,"d":"Madurai","s":"TAMIL NADU"}},{"arcs":[[1252,-1099,-1235,1253,1254]],"type":"Polygon","properties":{"n":" ","c":0,"d":"Madurai","s":"TAMIL NADU"}},{"arcs":[[1255,-1248,-1227,-1168,-1225,1256]],"type":"Polygon","properties":{"n":"Ayilangudi","c":640624,"d":"Madurai","s":"TAMIL NADU"}},{"arcs":[[1257,-1143,-1048,-1097,1258,1259,1260,1261]],"type":"Polygon","properties":{"n":"Mellakkal","c":640779,"d":"Madurai","s":"TAMIL NADU"}},{"arcs":[[1262,-1212,-1207,-1184,-1190,-1217,1263,1264,1265]],"type":"Polygon","properties":{"n":"Iraniyam","c":640625,"d":"Madurai","s":"TAMIL NADU"}},{"arcs":[[-1237,-1140,-1155,-1200,1266,1267,1268]],"type":"Polygon","properties":{"n":"Sirupatti","c":640807,"d":"Madurai","s":"TAMIL NADU"}},{"arcs":[[-1215,-1205,-1213,-1263,1269,1270,1271]],"type":"Polygon","properties":{"n":"ARUMBANUR","c":0,"d":"Madurai","s":"TAMIL NADU"}},{"arcs":[[1272,-1245,-1169,-1150,-1111,-1239,1273,1274,1275]],"type":"Polygon","properties":{"n":"Podumbu","c":640630,"d":"Madurai","s":"TAMIL NADU"}},{"arcs":[[-1264,-1220,1276,1277,1278]],"type":"Polygon","properties":{"n":"Illuppakudi","c":640622,"d":"Madurai","s":"TAMIL NADU"}},{"arcs":[[1279,-1240,-1203,-1181,-1158,1280,1281]],"type":"Polygon","properties":{"n":"Kallikudi","c":640616,"d":"Madurai","s":"TAMIL NADU"}},{"arcs":[[-1252,-1102,-1152,-1131,-1164,1282,1283,1284]],"type":"Polygon","properties":{"n":"Padinettankudi","c":640535,"d":"Madurai","s":"TAMIL NADU"}},{"arcs":[[-1255,1285,1286]],"type":"Polygon","properties":{"n":" ","c":0,"d":"Madurai","s":"TAMIL NADU"}},{"arcs":[[1287,1288,-1233,-1173,1289,1290]],"type":"Polygon","properties":{"n":"Chettikulam","c":640620,"d":"Madurai","s":"TAMIL NADU"}},{"arcs":[[1291,-1259,-1253,-1287,1292]],"type":"Polygon","properties":{"n":"Kodimangalam R.F.","c":640788,"d":"Madurai","s":"TAMIL NADU"}},{"arcs":[[1293,1294,1295,-1171,-1128,-1145,1296,1297,1298,1299]],"type":"Polygon","properties":{"n":"Thenur","c":640615,"d":"Madurai","s":"TAMIL NADU"}},{"arcs":[[1300,-1210,-1124,1301,1302]],"type":"Polygon","properties":{"n":"Ayyanarkulam","c":640797,"d":"Madurai","s":"TAMIL NADU"}},{"arcs":[[1303,1304,-1241,-1280,1305,1306]],"type":"Polygon","properties":{"n":"Keelanedugulam","c":640617,"d":"Madurai","s":"TAMIL NADU"}},{"arcs":[[1307,-1277,-1219,-1232,-1289,1308,1309]],"type":"Polygon","properties":{"n":"Maranavariendal","c":640621,"d":"Madurai","s":"TAMIL NADU"}},{"arcs":[[1310,-1201,-1153,-1055,-1096,1311,1312]],"type":"Polygon","properties":{"n":"Meikkilarpatti","c":640813,"d":"Madurai","s":"TAMIL NADU"}},{"arcs":[[-1312,-1095,-996,-1229,1313]],"type":"Polygon","properties":{"n":"Nakkalapatti","c":640811,"d":"Madurai","s":"TAMIL NADU"}},{"arcs":[[1314,-1261,1315,1316]],"type":"Polygon","properties":{"n":"Katchirairuppu","c":640777,"d":"Madurai","s":"TAMIL NADU"}},{"arcs":[[1317,-1274,-1242,-1305,1318,1319,1320]],"type":"Polygon","properties":{"n":"Ariyur","c":640593,"d":"Madurai","s":"TAMIL NADU"}},{"arcs":[[-1270,-1266,1321]],"type":"Polygon","properties":{"n":" ","c":0,"d":"Madurai","s":"TAMIL NADU"}},{"arcs":[[-1278,-1308,1322,1323,1324]],"type":"Polygon","properties":{"n":"Poonari","c":640623,"d":"Madurai","s":"TAMIL NADU"}},{"arcs":[[1325,-1290,-1177,-1191,-1180,-1244,1326,1327]],"type":"Polygon","properties":{"n":"Veerapandi","c":640609,"d":"Madurai","s":"TAMIL NADU"}},{"arcs":[[1328,-1295,1329]],"type":"Polygon","properties":{"n":"Tattankulam","c":640768,"d":"Madurai","s":"TAMIL NADU"}},{"arcs":[[-1246,-1273,1330,1331,1332]],"type":"Polygon","properties":{"n":"Vadugapatti","c":640610,"d":"Madurai","s":"TAMIL NADU"}},{"arcs":[[-1331,-1276,1333,1334]],"type":"Polygon","properties":{"n":"Manianji","c":640766,"d":"Madurai","s":"TAMIL NADU"}},{"arcs":[[-1319,-1304,1335,1336]],"type":"Polygon","properties":{"n":"Sambakulam","c":640611,"d":"Madurai","s":"TAMIL NADU"}},{"arcs":[[1337,1338,-1297,-1144,-1258,1339]],"type":"Polygon","properties":{"n":"Thiruvedagam","c":640778,"d":"Madurai","s":"TAMIL NADU"}},{"arcs":[[1340,-1306,-1282,1341,1342,1343]],"type":"Polygon","properties":{"n":"Moolakurichi","c":640613,"d":"Madurai","s":"TAMIL NADU"}},{"arcs":[[1344,-1250,-1285,1345,1346]],"type":"Polygon","properties":{"n":"Attukulam","c":640536,"d":"Madurai","s":"TAMIL NADU"}},{"arcs":[[-1342,-1281,-1162,-1172,-1296,-1329,1347,1348]],"type":"Polygon","properties":{"n":"Thodaneri","c":640614,"d":"Madurai","s":"TAMIL NADU"}},{"arcs":[[1349,-1309,-1288,1350,1351]],"type":"Polygon","properties":{"n":"Kodimangalam","c":640607,"d":"Madurai","s":"TAMIL NADU"}},{"arcs":[[1352,-1257,-1224,1353,1354,1355]],"type":"Polygon","properties":{"n":"Porusupatti","c":640586,"d":"Madurai","s":"TAMIL NADU"}},{"arcs":[[1356,1357,-1249,-1256,-1353,1358]],"type":"Polygon","properties":{"n":"Kalikulam","c":640530,"d":"Madurai","s":"TAMIL NADU"}},{"arcs":[[-1334,-1275,-1318,1359,1360]],"type":"Polygon","properties":{"n":"Kumaram","c":640767,"d":"Madurai","s":"TAMIL NADU"}},{"arcs":[[-1351,-1291,-1326,1361,1362]],"type":"Polygon","properties":{"n":"Keelapandi","c":640608,"d":"Madurai","s":"TAMIL NADU"}},{"arcs":[[1363,-1156,-1103,-1075,-1106,-1166,-1226,-1247,-1358,1364,1365]],"type":"Polygon","properties":{"n":"Narasingampatti","c":640533,"d":"Madurai","s":"TAMIL NADU"}},{"arcs":[[1366,1367,-1323,-1310,-1350,1368]],"type":"Polygon","properties":{"n":"Usilampatti","c":640606,"d":"Madurai","s":"TAMIL NADU"}},{"arcs":[[1369,-1336,-1307,-1341,1370,1371]],"type":"Polygon","properties":{"n":"Pillayarnatham","c":640612,"d":"Madurai","s":"TAMIL NADU"}},{"arcs":[[-1324,-1368,1372,1373]],"type":"Polygon","properties":{"n":"Erukkalainattam","c":640605,"d":"Madurai","s":"TAMIL NADU"}},{"arcs":[[1374,-1320,-1337,-1370,1375]],"type":"Polygon","properties":{"n":"Ambalathadi","c":640594,"d":"Madurai","s":"TAMIL NADU"}},{"arcs":[[1376,-1316,-1260,-1292,1377,1378]],"type":"Polygon","properties":{"n":"Ayanthenkarai","c":640776,"d":"Madurai","s":"TAMIL NADU"}},{"arcs":[[-1302,-1123,-1187,-1222,-1236,1379,1380,1381]],"type":"Polygon","properties":{"n":"Poduvarpatti","c":640796,"d":"Madurai","s":"TAMIL NADU"}},{"arcs":[[1382,-1338,1383,1384,1385]],"type":"Polygon","properties":{"n":"Thirumalnattam","c":640773,"d":"Madurai","s":"TAMIL NADU"}},{"arcs":[[-1267,-1202,-1311,1386]],"type":"Polygon","properties":{"n":"Nadupatti","c":640809,"d":"Madurai","s":"TAMIL NADU"}},{"arcs":[[-1379,1387,1388]],"type":"Polygon","properties":{"n":"Kovilthenkarai","c":640775,"d":"Madurai","s":"TAMIL NADU"}},{"arcs":[[1389,-1300,1390,1391]],"type":"Polygon","properties":{"n":"Nagari","c":640770,"d":"Madurai","s":"TAMIL NADU"}},{"arcs":[[-1313,1392,1393]],"type":"Polygon","properties":{"n":"Seemanuthu","c":640812,"d":"Madurai","s":"TAMIL NADU"}},{"arcs":[[-1391,-1299,1394,1395]],"type":"Polygon","properties":{"n":"Thiruvalavayanallur","c":640771,"d":"Madurai","s":"TAMIL NADU"}},{"arcs":[[-1381,1396,1397]],"type":"Polygon","properties":{"n":"Pappapatti","c":640795,"d":"Madurai","s":"TAMIL NADU"}},{"arcs":[[1398,-1354,-1223,-1216,-1272,1399,1400,1401]],"type":"Polygon","properties":{"n":"Mathur","c":640584,"d":"Madurai","s":"TAMIL NADU"}},{"arcs":[[1402,1403,-1283,-1163,-1089,-1067,-1157,-1364,1404]],"type":"Polygon","properties":{"n":"Therkutheru","c":640534,"d":"Madurai","s":"TAMIL NADU"}},{"arcs":[[-1384,-1340,-1262,-1315,1405]],"type":"Polygon","properties":{"n":" ","c":0,"d":"Madurai","s":"TAMIL NADU"}},{"arcs":[[-1395,-1298,-1339,-1383,1406]],"type":"Polygon","properties":{"n":"Nedungulam","c":640772,"d":"Madurai","s":"TAMIL NADU"}},{"arcs":[[1407,-1362,-1328,1408,1409,1410]],"type":"Polygon","properties":{"n":"Karuvanur","c":640599,"d":"Madurai","s":"TAMIL NADU"}},{"arcs":[[1411,-1286,-1254,-1234,-1211,-1301,1412,1413,1414]],"type":"Polygon","properties":{"n":"Vikkiramangalam","c":640798,"d":"Madurai","s":"TAMIL NADU"}},{"arcs":[[1415,-1355,-1399,1416,1417]],"type":"Polygon","properties":{"n":"Kuruthur","c":640603,"d":"Madurai","s":"TAMIL NADU"}},{"arcs":[[1418,-1409,-1327,-1243,-1333,1419,1420]],"type":"Polygon","properties":{"n":"Kulamangalam","c":640598,"d":"Madurai","s":"TAMIL NADU"}},{"arcs":[[-1393,-1314,-1231,1421,1422]],"type":"Polygon","properties":{"n":"Usilampatti (M)","c":803749,"d":"Madurai","s":"TAMIL NADU"}},{"arcs":[[1423,-1401,1424,1425]],"type":"Polygon","properties":{"n":"Kollankulam","c":640602,"d":"Madurai","s":"TAMIL NADU"}},{"arcs":[[1426,-1373,-1367,1427,1428]],"type":"Polygon","properties":{"n":"Paraipatti","c":640601,"d":"Madurai","s":"TAMIL NADU"}},{"arcs":[[1429,-1428,-1369,-1352,-1363,-1408,1430,1431]],"type":"Polygon","properties":{"n":"Mandikulam","c":640600,"d":"Madurai","s":"TAMIL NADU"}},{"arcs":[[1432,-1420,-1332,-1335,-1361,1433,1434]],"type":"Polygon","properties":{"n":"Tandalai","c":640765,"d":"Madurai","s":"TAMIL NADU"}},{"arcs":[[1435,-1371,-1344,1436]],"type":"Polygon","properties":{"n":"Vayalur","c":640597,"d":"Madurai","s":"TAMIL NADU"}},{"arcs":[[1437,-1365,-1357,1438,1439]],"type":"Polygon","properties":{"n":"Perumalmalai Forest","c":640565,"d":"Madurai","s":"TAMIL NADU"}},{"arcs":[[1440,-1194,-1199,1441,1442,1443,1444]],"type":"Polygon","properties":{"n":"Vellalur","c":640538,"d":"Madurai","s":"TAMIL NADU"}},{"arcs":[[1445,-1442,-1198,-1251,-1345,1446,1447]],"type":"Polygon","properties":{"n":"Vannanparaipatti","c":640537,"d":"Madurai","s":"TAMIL NADU"}},{"arcs":[[-1426,1448,1449]],"type":"Polygon","properties":{"n":"Savalakkarayan","c":640579,"d":"Madurai","s":"TAMIL NADU"}},{"arcs":[[1450,1451,-1388,-1378,-1293,-1412,1452,1453]],"type":"Polygon","properties":{"n":"Mullipallam","c":640774,"d":"Madurai","s":"TAMIL NADU"}},{"arcs":[[-1449,1454,1455]],"type":"Polygon","properties":{"n":"Povakkudi","c":640580,"d":"Madurai","s":"TAMIL NADU"}},{"arcs":[[1456,1457]],"type":"Polygon","properties":{"n":" ","c":640761,"d":"Madurai","s":"TAMIL NADU"}},{"arcs":[[-1195,-1441,1458,1459]],"type":"Polygon","properties":{"n":"Uranganpatti","c":640539,"d":"Madurai","s":"TAMIL NADU"}},{"arcs":[[1460,-1429,-1430,1461,1462]],"type":"Polygon","properties":{"n":"Periyapatti","c":640588,"d":"Madurai","s":"TAMIL NADU"}},{"arcs":[[1463,1464,-1435,1465,1466]],"type":"Polygon","properties":{"n":" ","c":0,"d":"Madurai","s":"TAMIL NADU"}},{"arcs":[[1467,-1431,-1411,1468,1469,1470]],"type":"Polygon","properties":{"n":"Therkupethampatti","c":640590,"d":"Madurai","s":"TAMIL NADU"}},{"arcs":[[1471,-1455,-1425,-1400,-1271,-1322,-1265,-1279,-1325,-1374,-1427,-1461,1472,1473]],"type":"Polygon","properties":{"n":"Velliyankundram","c":640581,"d":"Madurai","s":"TAMIL NADU"}},{"arcs":[[1474,-1348,-1330,-1294,-1390,1475,1476]],"type":"Polygon","properties":{"n":"Chittalangudi","c":640769,"d":"Madurai","s":"TAMIL NADU"}},{"arcs":[[-1397,-1380,-1238,-1269,1477,1478]],"type":"Polygon","properties":{"n":"Thimmanatham","c":640793,"d":"Madurai","s":"TAMIL NADU"}},{"arcs":[[-1443,-1446,1479,1480]],"type":"Polygon","properties":{"n":"Sathamangalam","c":640526,"d":"Madurai","s":"TAMIL NADU"}},{"arcs":[[1481,1482,1483]],"type":"Polygon","properties":{"n":" ","c":0,"d":"Madurai","s":"TAMIL NADU"}},{"arcs":[[-1414,1484,-1482,1485,1486]],"type":"Polygon","properties":{"n":"Sakkarappanaickanur","c":640792,"d":"Madurai","s":"TAMIL NADU"}},{"arcs":[[-1469,-1410,-1419,1487,1488]],"type":"Polygon","properties":{"n":"Pannaikudi","c":640764,"d":"Madurai","s":"TAMIL NADU"}},{"arcs":[[-1462,-1432,-1468,1489,1490]],"type":"Polygon","properties":{"n":"Kavanur","c":640589,"d":"Madurai","s":"TAMIL NADU"}},{"arcs":[[1491,1492,1493,1494]],"type":"Polygon","properties":{"n":"Vittankulam","c":640595,"d":"Madurai","s":"TAMIL NADU"}},{"arcs":[[-1488,-1421,-1433,-1465,1495,1496]],"type":"Polygon","properties":{"n":"Achchampatti","c":640763,"d":"Madurai","s":"TAMIL NADU"}},{"arcs":[[-1494,1497,1498,-1437,-1343,-1349,-1475,1499,1500]],"type":"Polygon","properties":{"n":"Vairavanatham","c":640596,"d":"Madurai","s":"TAMIL NADU"}},{"arcs":[[1501,1502,-1500,-1477,1503,1504]],"type":"Polygon","properties":{"n":"Sambakulam","c":640760,"d":"Madurai","s":"TAMIL NADU"}},{"arcs":[[1505,-1498,-1493,1506]],"type":"Polygon","properties":{"n":"Amaradakki","c":640759,"d":"Madurai","s":"TAMIL NADU"}},{"arcs":[[-1444,-1481,1507,1508]],"type":"Polygon","properties":{"n":"Thanaiyamangalam","c":640525,"d":"Madurai","s":"TAMIL NADU"}},{"arcs":[[1509,-1470,-1489,-1497,1510,1511]],"type":"Polygon","properties":{"n":"Poolampatti","c":640572,"d":"Madurai","s":"TAMIL NADU"}},{"arcs":[[1512,-1457,1513,-1376,-1372,-1436,-1499,-1506,1514,1515]],"type":"Polygon","properties":{"n":"Siruvalai","c":640591,"d":"Madurai","s":"TAMIL NADU"}},{"arcs":[[1516,-1502,1517]],"type":"Polygon","properties":{"n":" ","c":0,"d":"Madurai","s":"TAMIL NADU"}},{"arcs":[[1518,-1439,-1359,-1356,-1416,1519,1520]],"type":"Polygon","properties":{"n":"Meenakshipuram","c":640578,"d":"Madurai","s":"TAMIL NADU"}},{"arcs":[[1521,-1346,-1284,-1404,1522,1523]],"type":"Polygon","properties":{"n":"Melur (M)","c":803741,"d":"Madurai","s":"TAMIL NADU"}},{"arcs":[[1524]],"type":"Polygon","properties":{"n":"G.pappankulam","c":640576,"d":"Madurai","s":"TAMIL NADU"}},{"arcs":[[-1405,-1366,-1438,1525,1526]],"type":"Polygon","properties":{"n":"Kallampatti","c":640528,"d":"Madurai","s":"TAMIL NADU"}},{"arcs":[[-1466,-1434,-1360,-1321,-1375,-1514,-1458,-1513,1527,1528]],"type":"Polygon","properties":{"n":"Kallanai","c":640762,"d":"Madurai","s":"TAMIL NADU"}},{"arcs":[[1529,1530,-1483,-1485,-1413,-1303,-1382,-1398,-1479,1531,1532]],"type":"Polygon","properties":{"n":" ","c":640844,"d":"Madurai","s":"TAMIL NADU"}},{"arcs":[[1533,-1473,-1463,-1491,1534,1535]],"type":"Polygon","properties":{"n":"Chinnapatti","c":640574,"d":"Madurai","s":"TAMIL NADU"}},{"arcs":[[-1451,1536,1537,1538]],"type":"Polygon","properties":{"n":" ","c":0,"d":"Madurai","s":"TAMIL NADU"}},{"arcs":[[-1512,1539,1540,1541]],"type":"Polygon","properties":{"n":"Malaipatti","c":640571,"d":"Madurai","s":"TAMIL NADU"}},{"arcs":[[1542,-1520,-1418,1543,1544,1545]],"type":"Polygon","properties":{"n":"Mangulam","c":640577,"d":"Madurai","s":"TAMIL NADU"}},{"arcs":[[1546,1547,-1544,-1417,-1402,-1424,-1450,-1456,-1472,1548,1549],[-1525]],"type":"Polygon","properties":{"n":"Kallandhiri","c":640575,"d":"Madurai","s":"TAMIL NADU"}},{"arcs":[[1550,1551,-1386,1552,1553,1554]],"type":"Polygon","properties":{"n":"Kattakulam","c":640745,"d":"Madurai","s":"TAMIL NADU"}},{"arcs":[[-1540,-1511,-1496,-1464,1555,1556,1557]],"type":"Polygon","properties":{"n":"Vavidamaruthur","c":640756,"d":"Madurai","s":"TAMIL NADU"}},{"arcs":[[-1515,-1507,-1492,1558,1559,1560]],"type":"Polygon","properties":{"n":"Chinnailandaikulam","c":640758,"d":"Madurai","s":"TAMIL NADU"}},{"arcs":[[1561,-1504,-1476,-1392,-1396,-1407,-1552,1562,1563,1564]],"type":"Polygon","properties":{"n":"Thanichiyam","c":640746,"d":"Madurai","s":"TAMIL NADU"}},{"arcs":[[-1526,-1440,-1519,1565,1566,1567,1568]],"type":"Polygon","properties":{"n":"Arittapatti","c":640529,"d":"Madurai","s":"TAMIL NADU"}},{"arcs":[[1569,-1537,-1454,1570,1571,1572,1573]],"type":"Polygon","properties":{"n":"Mannadimangalam","c":640743,"d":"Madurai","s":"TAMIL NADU"}},{"arcs":[[1574,-1553,-1385,-1406,-1317,-1377,-1389,-1452,-1539,1575,1576]],"type":"Polygon","properties":{"n":"Sholavandan (TP)","c":803747,"d":"Madurai","s":"TAMIL NADU"}},{"arcs":[[1577,-1523,-1403,-1527,-1569,1578]],"type":"Polygon","properties":{"n":"Surakkundu","c":640527,"d":"Madurai","s":"TAMIL NADU"}},{"arcs":[[-1535,-1490,-1471,-1510,-1542,1579,1580,1581]],"type":"Polygon","properties":{"n":"Velichinatham","c":640573,"d":"Madurai","s":"TAMIL NADU"}},{"arcs":[[-1486,-1484,-1531,1582,1583]],"type":"Polygon","properties":{"n":"Eravarpatti","c":640791,"d":"Madurai","s":"TAMIL NADU"}},{"arcs":[[-1563,-1551,1584,1585]],"type":"Polygon","properties":{"n":"Thummachchampatti","c":640739,"d":"Madurai","s":"TAMIL NADU"}},{"arcs":[[1586,-1459,-1445,-1509,1587,1588]],"type":"Polygon","properties":{"n":"Saruguvalayapatti","c":640524,"d":"Madurai","s":"TAMIL NADU"}},{"arcs":[[1589,-1532,-1478,-1268,-1387,-1394,-1423,1590,1591]],"type":"Polygon","properties":{"n":"Uthappanaickanur","c":640794,"d":"Madurai","s":"TAMIL NADU"}},{"arcs":[[1592,-1556,-1467,-1529,1593,1594]],"type":"Polygon","properties":{"n":"Alanganallur (TP)","c":803748,"d":"Madurai","s":"TAMIL NADU"}},{"arcs":[[1595,1596,-1594,-1528,-1516,-1561,1597,1598]],"type":"Polygon","properties":{"n":"Alagapuri","c":640757,"d":"Madurai","s":"TAMIL NADU"}},{"arcs":[[-1549,-1474,-1534,1599,1600]],"type":"Polygon","properties":{"n":"Manjampatti","c":640569,"d":"Madurai","s":"TAMIL NADU"}},{"arcs":[[-1547,1601,1602,1603]],"type":"Polygon","properties":{"n":"Poyyakaraipatti","c":640568,"d":"Madurai","s":"TAMIL NADU"}},{"arcs":[[-1545,-1548,-1604,1604,1605]],"type":"Polygon","properties":{"n":"Naickanpatti","c":640567,"d":"Madurai","s":"TAMIL NADU"}},{"arcs":[[1606,-1524,-1578,1607,1608,1609]],"type":"Polygon","properties":{"n":"Pudusukkampatti","c":640520,"d":"Madurai","s":"TAMIL NADU"}},{"arcs":[[1610,-1447,-1347,-1522,-1607,1611]],"type":"Polygon","properties":{"n":"Navinipatti","c":640521,"d":"Madurai","s":"TAMIL NADU"}},{"arcs":[[-1571,-1453,1612,1613,1614]],"type":"Polygon","properties":{"n":"Mannadimangalam R.F.","c":640787,"d":"Madurai","s":"TAMIL NADU"}},{"arcs":[[1615,-1559,-1495,-1501,-1503,-1517,1616,1617]],"type":"Polygon","properties":{"n":" ","c":640748,"d":"Madurai","s":"TAMIL NADU"}},{"arcs":[[-1564,-1586,1618,1619]],"type":"Polygon","properties":{"n":"Andipatti","c":640737,"d":"Madurai","s":"TAMIL NADU"}},{"arcs":[[1620,-1598,-1560,-1616,1621]],"type":"Polygon","properties":{"n":"Periya Ilandaikulam","c":640749,"d":"Madurai","s":"TAMIL NADU"}},{"arcs":[[1622,-1588,-1508,-1480,-1448,-1611,1623,1624]],"type":"Polygon","properties":{"n":"Keelaiyur","c":640522,"d":"Madurai","s":"TAMIL NADU"}},{"arcs":[[1625,-1533,-1590,1626]],"type":"Polygon","properties":{"n":"Kalluthu","c":640789,"d":"Madurai","s":"TAMIL NADU"}},{"arcs":[[1627,-1599,-1621,1628,1629]],"type":"Polygon","properties":{"n":"Kuthimeikipatti","c":640750,"d":"Madurai","s":"TAMIL NADU"}},{"arcs":[[-1583,-1530,-1626,1630]],"type":"Polygon","properties":{"n":"Panamoopanpatti","c":640790,"d":"Madurai","s":"TAMIL NADU"}},{"arcs":[[-1617,-1518,-1505,-1562,1631]],"type":"Polygon","properties":{"n":"Kondayampatti","c":640747,"d":"Madurai","s":"TAMIL NADU"}},{"arcs":[[1632,1633,-1557,-1593,1634,1635]],"type":"Polygon","properties":{"n":"Urseri","c":640754,"d":"Madurai","s":"TAMIL NADU"}},{"arcs":[[1636,-1619,-1585,-1555,1637,1638]],"type":"Polygon","properties":{"n":"Chinnamanayakkanpatti","c":640738,"d":"Madurai","s":"TAMIL NADU"}},{"arcs":[[1639,-1576,-1538,-1570,1640,1641]],"type":"Polygon","properties":{"n":"Irumbadi","c":640744,"d":"Madurai","s":"TAMIL NADU"}},{"arcs":[[1642,1643,-1546,-1606,1644]],"type":"Polygon","properties":{"n":"A.Valayapatti","c":640519,"d":"Madurai","s":"TAMIL NADU"}},{"arcs":[[-1613,-1415,-1487,-1584,-1631,-1627,-1592,1645]],"type":"Polygon","properties":{"n":"Nagamalai   RF","c":640843,"d":"Madurai","s":"TAMIL NADU"}},{"arcs":[[1646,-1573,1647,1648]],"type":"Polygon","properties":{"n":"Ayankurivithurai","c":640741,"d":"Madurai","s":"TAMIL NADU"}},{"arcs":[[1649,-1630,1650]],"type":"Polygon","properties":{"n":"Kilakarai","c":640751,"d":"Madurai","s":"TAMIL NADU"}},{"arcs":[[1651,-1589,-1623,1652,1653]],"type":"Polygon","properties":{"n":"Keelavalavu","c":640523,"d":"Madurai","s":"TAMIL NADU"}},{"arcs":[[1654,1655,-1580,-1541,-1558,-1634,1656,1657]],"type":"Polygon","properties":{"n":"Adanur","c":640755,"d":"Madurai","s":"TAMIL NADU"}},{"arcs":[[-1608,-1579,-1568,1658,1659,1660]],"type":"Polygon","properties":{"n":"Ettimangalam","c":640514,"d":"Madurai","s":"TAMIL NADU"}},{"arcs":[[1661,-1643,1662]],"type":"Polygon","properties":{"n":"Ayuthapatti","c":640518,"d":"Madurai","s":"TAMIL NADU"}},{"arcs":[[-1648,-1572,-1615,1663]],"type":"Polygon","properties":{"n":"Kovilkuruvithurai","c":640742,"d":"Madurai","s":"TAMIL NADU"}},{"arcs":[[-1600,-1536,-1582,1664,1665]],"type":"Polygon","properties":{"n":"Chatrapatti","c":640570,"d":"Madurai","s":"TAMIL NADU"}},{"arcs":[[-1635,-1595,-1597,1666,1667]],"type":"Polygon","properties":{"n":"Ariyur","c":0,"d":"Madurai","s":"TAMIL NADU"}},{"arcs":[[-1657,-1633,1668,1669,1670]],"type":"Polygon","properties":{"n":" ","c":0,"d":"Madurai","s":"TAMIL NADU"}},{"arcs":[[-1641,-1574,-1647,1671,1672]],"type":"Polygon","properties":{"n":"Karupatti","c":640740,"d":"Madurai","s":"TAMIL NADU"}},{"arcs":[[-1638,-1554,-1575,1673,1674]],"type":"Polygon","properties":{"n":" ","c":0,"d":"Madurai","s":"TAMIL NADU"}},{"arcs":[[1675,-1669,-1636,-1668,1676,1677]],"type":"Polygon","properties":{"n":"Keelachinnanampatti","c":640753,"d":"Madurai","s":"TAMIL NADU"}},{"arcs":[[1678,-1674,-1577,-1640,1679,1680,1681]],"type":"Polygon","properties":{"n":" ","c":0,"d":"Madurai","s":"TAMIL NADU"}},{"arcs":[[1682,1683,1684,-1655,1685,1686]],"type":"Polygon","properties":{"n":"Usilampatti R.F","c":640785,"d":"Madurai","s":"TAMIL NADU"}},{"arcs":[[-1660,1687,1688,1689]],"type":"Polygon","properties":{"n":"Kavathayampatti","c":640515,"d":"Madurai","s":"TAMIL NADU"}},{"arcs":[[-1667,-1596,-1628,-1650,1690,1691]],"type":"Polygon","properties":{"n":"Kovilpatti","c":640752,"d":"Madurai","s":"TAMIL NADU"}},{"arcs":[[1692,-1670,-1676,1693]],"type":"Polygon","properties":{"n":"Sukkampatti","c":640734,"d":"Madurai","s":"TAMIL NADU"}},{"arcs":[[-1680,-1642,-1673,1694]],"type":"Polygon","properties":{"n":"Nachikulam","c":640722,"d":"Madurai","s":"TAMIL NADU"}},{"arcs":[[-1566,-1521,-1543,-1644,-1662,1695,1696]],"type":"Polygon","properties":{"n":"Kidaripatti","c":640517,"d":"Madurai","s":"TAMIL NADU"}},{"arcs":[[-1665,-1581,-1656,-1685,1697,1698,1699]],"type":"Polygon","properties":{"n":"Kiluvamalai R.F","c":640704,"d":"Madurai","s":"TAMIL NADU"}},{"arcs":[[1700,-1609,-1661,-1690,1701,1702]],"type":"Polygon","properties":{"n":"Sennagarampatti","c":640513,"d":"Madurai","s":"TAMIL NADU"}},{"arcs":[[-1602,-1550,-1601,-1666,-1700,1703,1704]],"type":"Polygon","properties":{"n":"Kadavur","c":640566,"d":"Madurai","s":"TAMIL NADU"}},{"arcs":[[-1605,-1603,-1705,1705]],"type":"Polygon","properties":{"n":" ","c":640705,"d":"Madurai","s":"TAMIL NADU"}},{"arcs":[[1706,-1639,-1675,-1679,1707,1708]],"type":"Polygon","properties":{"n":" ","c":0,"d":"Madurai","s":"TAMIL NADU"}},{"arcs":[[-1686,-1658,-1671,-1693,1709,1710,1711]],"type":"Polygon","properties":{"n":"Muduvarpatti","c":640733,"d":"Madurai","s":"TAMIL NADU"}},{"arcs":[[1712,-1688,-1659,-1567,-1697,1713,1714]],"type":"Polygon","properties":{"n":"A.Vellalapatti (TP)","c":803740,"d":"Madurai","s":"TAMIL NADU"}},{"arcs":[[1715,-1654,1716,1717,1718]],"type":"Polygon","properties":{"n":"Malampatti","c":640510,"d":"Madurai","s":"TAMIL NADU"}},{"arcs":[[-1717,-1653,-1625,1719,1720,1721]],"type":"Polygon","properties":{"n":"Attappatti","c":640511,"d":"Madurai","s":"TAMIL NADU"}},{"arcs":[[-1702,-1689,-1713,1722,1723]],"type":"Polygon","properties":{"n":"Pulipattii","c":640516,"d":"Madurai","s":"TAMIL NADU"}},{"arcs":[[-1720,-1624,-1612,-1610,-1701,1724,1725,1726]],"type":"Polygon","properties":{"n":"Thumbaipatti","c":640512,"d":"Madurai","s":"TAMIL NADU"}},{"arcs":[[-1698,-1684,1727,1728]],"type":"Polygon","properties":{"n":"Usilampatti","c":0,"d":"Madurai","s":"TAMIL NADU"}},{"arcs":[[-1728,-1683,1729,1730,1731]],"type":"Polygon","properties":{"n":"Saranthangi","c":640732,"d":"Madurai","s":"TAMIL NADU"}},{"arcs":[[-1730,-1687,-1712,1732,1733,1734]],"type":"Polygon","properties":{"n":"Vellaiyampatti","c":640729,"d":"Madurai","s":"TAMIL NADU"}},{"arcs":[[-1691,-1651,-1629,-1622,-1618,-1632,-1565,1735,1736,1737]],"type":"Polygon","properties":{"n":" ","c":640786,"d":"Madurai","s":"TAMIL NADU"}},{"arcs":[[1738,1739,-1677,-1692,-1738,1740,1741]],"type":"Polygon","properties":{"n":"Errampatti","c":640735,"d":"Madurai","s":"TAMIL NADU"}},{"arcs":[[1742,-1731,-1735,1743,1744]],"type":"Polygon","properties":{"n":"Paraipatti","c":640731,"d":"Madurai","s":"TAMIL NADU"}},{"arcs":[[1745,1746,-1710,-1694,-1678,-1740,1747,1748,1749]],"type":"Polygon","properties":{"n":"Palamedu (TP)","c":803746,"d":"Madurai","s":"TAMIL NADU"}},{"arcs":[[1750,-1748,-1739,1751,1752]],"type":"Polygon","properties":{"n":" ","c":0,"d":"Madurai","s":"TAMIL NADU"}},{"arcs":[[-1733,-1711,-1747,1753,1754]],"type":"Polygon","properties":{"n":"Manickampatti","c":640728,"d":"Madurai","s":"TAMIL NADU"}},{"arcs":[[-1725,-1703,-1724,1755,1756,1757]],"type":"Polygon","properties":{"n":"Melavalavu","c":640505,"d":"Madurai","s":"TAMIL NADU"}},{"arcs":[[1758,1759]],"type":"Polygon","properties":{"n":"Semminipatti","c":640509,"d":"Madurai","s":"TAMIL NADU"}},{"arcs":[[1760,-1745,1761,1762]],"type":"Polygon","properties":{"n":"Kodangipatti","c":640730,"d":"Madurai","s":"TAMIL NADU"}},{"arcs":[[-1749,-1751,1763,1764]],"type":"Polygon","properties":{"n":"Sembathi","c":640725,"d":"Madurai","s":"TAMIL NADU"}},{"arcs":[[1765,-1736,-1620,-1637,-1707,1766,1767]],"type":"Polygon","properties":{"n":" ","c":640723,"d":"Madurai","s":"TAMIL NADU"}},{"arcs":[[1768,-1754,-1746,1769]],"type":"Polygon","properties":{"n":"Krishnapuram","c":640727,"d":"Madurai","s":"TAMIL NADU"}},{"arcs":[[1770,-1721,-1727,1771,1772,1773]],"type":"Polygon","properties":{"n":"Budamangalam","c":640506,"d":"Madurai","s":"TAMIL NADU"}},{"arcs":[[1774,-1741,-1737,-1766,1775]],"type":"Polygon","properties":{"n":"Thethoor","c":640724,"d":"Madurai","s":"TAMIL NADU"}},{"arcs":[[-1759,1776,-1719,1777,1778]],"type":"Polygon","properties":{"n":"Kongampatti","c":640508,"d":"Madurai","s":"TAMIL NADU"}},{"arcs":[[1779,-1708,-1682,1780]],"type":"Polygon","properties":{"n":"Vadipatti (TP)","c":803745,"d":"Madurai","s":"TAMIL NADU"}},{"arcs":[[1781,1782,-1770,-1750,-1765,1783,1784]],"type":"Polygon","properties":{"n":"Rajakkalpatti","c":640726,"d":"Madurai","s":"TAMIL NADU"}},{"arcs":[[1785,-1778,-1718,-1722,-1771,1786]],"type":"Polygon","properties":{"n":"Kodukkampatti","c":640507,"d":"Madurai","s":"TAMIL NADU"}},{"arcs":[[1787,-1772,-1726,-1758,1788,1789,1790]],"type":"Polygon","properties":{"n":"Kachirayanpatti","c":640503,"d":"Madurai","s":"TAMIL NADU"}},{"arcs":[[-1789,-1757,1791,1792]],"type":"Polygon","properties":{"n":"Pattur","c":640504,"d":"Madurai","s":"TAMIL NADU"}},{"arcs":[[-1773,-1788,1793,1794]],"type":"Polygon","properties":{"n":"Vanjinagaram","c":640502,"d":"Madurai","s":"TAMIL NADU"}},{"arcs":[[-1784,-1764,-1753,1795,1796]],"type":"Polygon","properties":{"n":"Sembathi R.F","c":640784,"d":"Madurai","s":"TAMIL NADU"}},{"arcs":[[1797,-1782,1798,1799]],"type":"Polygon","properties":{"n":"Chatravellalapatti","c":640718,"d":"Madurai","s":"TAMIL NADU"}},{"arcs":[[1800,-1762,-1744,-1734,-1755,-1769,-1783,-1798,1801]],"type":"Polygon","properties":{"n":"Mettupatti","c":640717,"d":"Madurai","s":"TAMIL NADU"}},{"arcs":[[1802,-1763,-1801,1803]],"type":"Polygon","properties":{"n":"Senthamangalam","c":640716,"d":"Madurai","s":"TAMIL NADU"}},{"arcs":[[1804,-1796,-1752,-1742,-1775,1805]],"type":"Polygon","properties":{"n":"Ramayagoundenpatti","c":640720,"d":"Madurai","s":"TAMIL NADU"}},{"arcs":[[1806,-1767,-1709,-1780,1807]],"type":"Polygon","properties":{"n":"Viralipatti","c":640721,"d":"Madurai","s":"TAMIL NADU"}},{"arcs":[[1808,1809,1810]],"type":"Polygon","properties":{"n":"Sukkampatti","c":640501,"d":"Madurai","s":"TAMIL NADU"}},{"arcs":[[1811,-1794,-1791,1812,1813]],"type":"Polygon","properties":{"n":"Tiruchchunai","c":640499,"d":"Madurai","s":"TAMIL NADU"}},{"arcs":[[1814,-1792,-1756,-1723,-1715,1815,1816]],"type":"Polygon","properties":{"n":"Kesampatti","c":640497,"d":"Madurai","s":"TAMIL NADU"}},{"arcs":[[-1799,-1785,-1797,-1805,1817,1818]],"type":"Polygon","properties":{"n":"Valayapatti","c":640719,"d":"Madurai","s":"TAMIL NADU"}},{"arcs":[[1819,-1813,-1790,-1793,-1815,1820]],"type":"Polygon","properties":{"n":"Kambur","c":640498,"d":"Madurai","s":"TAMIL NADU"}},{"arcs":[[1821,-1809,1822,-1787,-1774,-1795,-1812,1823]],"type":"Polygon","properties":{"n":"Karungalakudi","c":640500,"d":"Madurai","s":"TAMIL NADU"}},{"arcs":[[-1804,-1802,-1800,-1819,1824,1825]],"type":"Polygon","properties":{"n":"PerumalaiR.F.","c":640782,"d":"Madurai","s":"TAMIL NADU"}},{"arcs":[[-1825,-1818,-1806,-1776,-1768,-1807,1826]],"type":"Polygon","properties":{"n":"Sirumalai R.F.","c":640780,"d":"Madurai","s":"TAMIL NADU"}},{"arcs":[[1827,1828]],"type":"Polygon","properties":{"n":" ","c":0,"d":"Madurai","s":"TAMIL NADU"}},{"arcs":[[1829,1830,1831]],"type":"Polygon","properties":{"n":"Pandangudi","c":640491,"d":"Madurai","s":"TAMIL NADU"}},{"arcs":[[1832,-1821,-1817,1833,1834]],"type":"Polygon","properties":{"n":"Sekkipatti","c":640496,"d":"Madurai","s":"TAMIL NADU"}},{"arcs":[[1835,1836,-1831,1837,-1824,-1814,-1820,-1833,1838,1839,-1829,1840]],"type":"Polygon","properties":{"n":"Ayyapatti","c":640494,"d":"Madurai","s":"TAMIL NADU"}},{"arcs":[[-1839,-1835,1841,1842]],"type":"Polygon","properties":{"n":"Kunnarampatti","c":640495,"d":"Madurai","s":"TAMIL NADU"}},{"arcs":[[1843,1844,1845]],"type":"Polygon","properties":{"n":"Tarkakudi","c":640490,"d":"Madurai","s":"TAMIL NADU"}},{"arcs":[[1846,-1832,-1837,1847,1848]],"type":"Polygon","properties":{"n":"Ayanpandangudi","c":640493,"d":"Madurai","s":"TAMIL NADU"}},{"arcs":[[1849,-1849,1850]],"type":"Polygon","properties":{"n":" ","c":0,"d":"Madurai","s":"TAMIL NADU"}},{"arcs":[[-1810,-1822,-1838,-1830,-1847,-1850,1851,1852]],"type":"Polygon","properties":{"n":"Chokkalingapuram","c":640492,"d":"Madurai","s":"TAMIL NADU"}},{"arcs":[[1853,-1846,1854,1855,1856,1857]],"type":"Polygon","properties":{"n":"Valaichcherippatti","c":640487,"d":"Madurai","s":"TAMIL NADU"}},{"arcs":[[1858,-1852,-1851,-1848,-1836,1859,-1844,-1854,1860]],"type":"Polygon","properties":{"n":"Kottampatti","c":640486,"d":"Madurai","s":"TAMIL NADU"}},{"arcs":[[1861,-1855,-1845,-1860,-1841,-1828,-1840,-1843,1862]],"type":"Polygon","properties":{"n":"Manappachcheri","c":640489,"d":"Madurai","s":"TAMIL NADU"}},{"arcs":[[-1856,-1862,1863,1864,1865,1866]],"type":"Polygon","properties":{"n":"Chokkampatti","c":640488,"d":"Madurai","s":"TAMIL NADU"}},{"arcs":[[1867,-1857,-1867,1868,1869]],"type":"Polygon","properties":{"n":"Valaichcherippatti Hills","c":640564,"d":"Madurai","s":"TAMIL NADU"}},{"arcs":[[-1869,-1866,1870,1871]],"type":"Polygon","properties":{"n":"Tondilingapuram","c":640483,"d":"Madurai","s":"TAMIL NADU"}},{"arcs":[[1872,1873]],"type":"Polygon","properties":{"n":"Silambakkonepatti","c":640485,"d":"Madurai","s":"TAMIL NADU"}},{"arcs":[[1874,-1871,-1865,1875]],"type":"Polygon","properties":{"n":" ","c":640563,"d":"Madurai","s":"TAMIL NADU"}},{"arcs":[[1876,1877]],"type":"Polygon","properties":{"n":"Vellimalai R.F.","c":640562,"d":"Madurai","s":"TAMIL NADU"}},{"arcs":[[1878,1879,-1870,-1872,-1875,1880,-1877,1881]],"type":"Polygon","properties":{"n":"Pottapatti","c":640482,"d":"Madurai","s":"TAMIL NADU"}},{"arcs":[[1882,-1873,1883,-1861,-1858,-1868,-1880,1884]],"type":"Polygon","properties":{"n":"Pallapatti","c":640484,"d":"Madurai","s":"TAMIL NADU"}},{"arcs":[[-5,1885,-37]],"type":"Polygon","properties":{"n":"Paraipatti","c":640911,"d":"Madurai","s":"TAMIL NADU"}},{"arcs":[[1886,-422,-370,-400,-414,-543,-444]],"type":"Polygon","properties":{"n":"Kusavankundu","c":641046,"d":"Madurai","s":"TAMIL NADU"}},{"arcs":[[-560,-553,-757,-646,-573]],"type":"Polygon","properties":{"n":" ","c":0,"d":"Madurai","s":"TAMIL NADU"}},{"arcs":[[-682,-582,1887,-529,1888]],"type":"Polygon","properties":{"n":"Sakkudi","c":640701,"d":"Madurai","s":"TAMIL NADU"}},{"arcs":[[-705,-530,-1888,-706,-612]],"type":"Polygon","properties":{"n":"Kalimangalam","c":640699,"d":"Madurai","s":"TAMIL NADU"}},{"arcs":[[-1126,-959,-904,-883,-929,-984,-1142]],"type":"Polygon","properties":{"n":" ","c":0,"d":"Madurai","s":"TAMIL NADU"}},{"arcs":[[-1885,-1879,1889]],"type":"Polygon","properties":{"n":"Surappatti","c":640481,"d":"Madurai","s":"TAMIL NADU"}},{"arcs":[[-572,-548,-448,-465,-558]],"type":"Polygon","properties":{"n":" ","c":0,"d":"Madurai","s":"TAMIL NADU"}},{"arcs":[[-873,-730,-701,-667,-697,-911,-951]],"type":"Polygon","properties":{"n":" ","c":0,"d":"Madurai","s":"TAMIL NADU"}}]}}}