{"type":"Topology","arcs":[[[77355,82913],[-268,-104],[-62,388],[-654,-210],[-71,178],[-88,-159],[-126,52],[18,-242],[-357,-209],[-89,160],[4,322],[199,49],[-21,211],[-199,1],[-105,265],[-219,-128]],[[75317,83487],[-708,-110],[-295,-164],[-106,222],[-199,148],[-94,-96],[-213,42],[-33,142],[-170,-132],[-99,180],[-62,-146],[-373,-132],[328,4],[259,-226],[-472,67],[-343,101],[-314,-138]],[[72423,83249],[-423,544],[152,484]],[[72152,84277],[378,-424],[112,307],[93,-194],[284,218],[66,-132],[292,-214],[407,-110],[326,-18],[202,102],[46,227],[235,59],[150,441],[212,-105],[-182,-199],[73,-97],[560,85],[672,-92],[78,-245],[115,58],[62,285],[-293,397],[-254,-78],[-155,306],[-39,239],[-180,-41],[8,330],[-465,212],[42,165],[-129,106],[154,83],[-95,171]],[[74927,86119],[841,24],[1096,-296],[1023,-392],[-23,-593],[-100,-249],[32,-234],[-391,-464],[-83,-431],[33,-571]],[[76199,84579],[100,45],[-90,-8],[-10,-37]],[[74870,84386],[5,9],[-14,4],[9,-13]],[[72152,84277],[84,119],[602,43],[293,86],[122,554],[-249,789]],[[73004,85868],[1339,235],[584,16]],[[67560,89009],[-120,5],[-147,-217],[-928,-415]],[[66365,88382],[-634,114],[478,169],[107,200],[410,539],[-16,477],[123,378],[496,123],[127,199],[276,50],[72,-204],[50,-564],[-103,-505],[-191,-349]],[[70669,87874],[-90,-28],[-513,132],[-367,-404],[-645,-571],[-232,-531],[85,-368],[-340,-719],[-577,-324]],[[67990,85061],[-634,240]],[[67356,85301],[-366,188],[-317,-191],[-514,-4],[-120,-119],[-161,-369]],[[65878,84806],[131,936],[213,1137],[-12,537],[75,200],[80,766]],[[67560,89009],[88,-116],[503,-124],[657,350],[678,201],[496,3],[193,-141],[238,-364],[-123,-46],[379,-898]],[[27590,28020],[269,-653]],[[27859,27367],[-213,-226],[-268,120],[-348,-279],[-149,70],[-427,-87],[-57,106],[-201,-142],[-415,140],[-123,-121],[-265,-14]],[[25393,26934],[108,315],[107,926]],[[25608,28175],[31,327]],[[25639,28502],[702,-250],[278,-49],[133,-149],[315,-150],[523,116]],[[31177,25990],[-10,-240],[277,-424],[-50,-238]],[[31394,25088],[-606,-381]],[[30788,24707],[-79,-49]],[[30709,24658],[-209,523],[-297,267],[-209,35],[-246,211],[-497,171]],[[29251,25865],[133,299],[-227,713]],[[29157,26877],[-95,355],[39,190],[-465,927]],[[28636,28349],[611,104]],[[29247,28453],[902,-102],[695,-1],[38,-556],[57,-192],[429,-779],[-162,-497],[-29,-336]],[[29157,26877],[-396,-95],[-500,-14],[-402,599]],[[27590,28020],[273,192],[203,49],[336,-47],[234,135]],[[25393,26934],[-98,-190],[76,-162]],[[25371,26582],[-1168,89],[-570,-7]],[[23633,26664],[167,186],[307,195],[-394,255],[-145,273]],[[23568,27573],[739,-50],[-123,309],[321,83],[278,175],[825,85]],[[20454,27947],[288,120],[445,-152],[251,-259],[164,-24],[62,-156]],[[21664,27476],[-215,-313],[-93,-644],[-347,-277],[55,-572],[128,-64]],[[21192,25606],[-127,-239],[-420,-167],[-437,286],[-483,-215],[300,-682],[93,-509],[449,-192],[233,-219]],[[20800,23669],[-288,-68],[-171,76],[-410,-130],[-506,-40],[-1054,-207],[-145,401],[-257,249],[-354,75]],[[17615,24025],[-9,88],[268,247],[57,634],[81,132],[-130,498],[-160,328],[360,170],[558,167],[212,469],[441,151],[107,151]],[[19400,27060],[117,89],[340,44],[291,545],[306,209]],[[18899,23887],[-533,-15],[-194,53],[211,-406],[217,184],[107,-273],[348,55],[120,144],[-41,188],[-235,70]],[[11112,27906],[108,-377],[31,-514],[123,-308]],[[11374,26707],[-421,-151],[9,-165],[-764,-162]],[[10198,26229],[-265,213],[-9,305],[-513,322],[-164,-108],[-116,139],[195,3],[207,449]],[[9533,27552],[203,6],[277,125],[1099,223]],[[19193,27764],[166,-239],[41,-465]],[[17615,24025],[-528,-146],[-493,199],[-74,126],[177,950],[-62,261],[-320,160],[-271,44],[-572,-226]],[[15472,25393],[-359,63],[-326,626],[59,292],[213,22],[233,-96],[469,319],[-15,119]],[[15746,26738],[1484,244],[430,11],[145,-101],[327,175],[25,97],[268,-23],[-234,352],[416,48],[243,302],[343,-79]],[[14072,27404],[343,-345],[64,-300],[226,-266],[421,216],[9,158],[309,151],[168,-8]],[[15612,27010],[134,-272]],[[15472,25393],[-60,-218],[-207,-50],[-348,178],[-414,1],[22,-163],[-200,77],[-198,-154],[-82,246],[-150,17],[-681,408]],[[13154,25735],[-85,-212],[-102,187],[-86,-94],[-513,-2]],[[12368,25614],[15,761],[-128,104]],[[12255,26479],[412,211],[74,639],[662,-69],[29,125]],[[13432,27385],[281,139],[119,-205],[240,85]],[[29251,25865],[-152,-335],[-373,-247],[-370,43]],[[28356,25326],[-627,72],[-323,119]],[[27406,25517],[-402,147],[-440,289],[-774,454],[-18,68]],[[25772,26475],[-401,107]],[[11374,26707],[881,-228]],[[12368,25614],[341,-251],[189,-360],[-240,-111],[-518,-612]],[[12140,24280],[-430,256],[-185,238],[-194,573],[-816,385],[-257,186],[-60,311]],[[25772,26475],[-185,-588],[-166,-207],[-48,-574]],[[25373,25106],[-549,102]],[[24824,25208],[139,428],[186,-6],[-25,247],[247,229],[0,476]],[[27406,25517],[-680,-414],[-822,-79],[-435,67]],[[25469,25091],[-96,15]],[[23633,26664],[-560,-1385],[-58,-324]],[[23015,24955],[-440,-337]],[[22575,24618],[-428,251],[-227,416],[-728,321]],[[21664,27476],[350,-103],[797,394]],[[22811,27767],[216,-180],[243,66],[298,-80]],[[13154,25735],[215,-188],[472,-289],[397,-344],[220,15],[132,-152]],[[14590,24777],[-7,-107],[240,-322],[-88,-69],[-318,74],[-109,-214],[270,-164],[-86,-102],[332,-170]],[[14824,23703],[-258,-8],[-231,181],[-447,-95],[-783,112],[-538,166],[-427,221]],[[30709,24658],[-311,-59],[-677,-34],[-336,-106],[-489,49],[-352,340],[-204,275],[16,203]],[[22575,24618],[-237,-356],[-345,-312]],[[21993,23950],[-145,-131]],[[21848,23819],[-495,271],[-27,-107],[-339,36],[-137,-340]],[[20850,23679],[-50,-10]],[[14590,24777],[535,-388],[-21,-212],[196,-158],[178,9],[-208,-256],[-210,-125],[-236,56]],[[21848,23819],[-206,-220]],[[21642,23599],[-605,-159]],[[21037,23440],[-187,239]],[[49020,67921],[-147,-122],[-64,-442],[-239,-225]],[[48570,67132],[-85,-1],[-302,574],[-295,51],[-506,-15],[-72,201],[-259,240],[-308,-128]],[[46743,68054],[-47,52],[84,1731],[-17,267]],[[46763,70104],[3,130]],[[46766,70234],[359,18],[577,112],[176,264],[892,601]],[[48770,71229],[482,129]],[[49252,71358],[68,-1124],[188,-653],[-321,-920],[-167,-740]],[[46763,70104],[-683,-261],[-218,-165],[21,-279],[-289,-43],[-179,-154],[-657,-89],[-150,73],[-446,-96],[-419,74]],[[43743,69164],[-124,17]],[[43619,69181],[-110,321],[84,1019],[-75,122]],[[43518,70643],[-16,35]],[[43502,70678],[609,19],[504,108],[351,6],[607,-100],[1049,-491],[144,14]],[[46743,68054],[-191,-237],[-423,-244],[-586,-167],[-195,-7],[-906,247]],[[44442,67646],[11,641],[-223,180],[-78,305],[-409,392]],[[44442,67646],[-136,-63],[-203,-317]],[[44103,67266],[-168,-170],[-222,-81],[-420,15],[-433,284],[-382,138],[-189,-9]],[[42289,67443],[-1033,461]],[[41256,67904],[170,491],[771,781],[657,93],[765,-88]],[[41073,67854],[72,-248],[-602,30],[-192,-100],[-262,-363]],[[40089,67173],[-173,9],[-659,-150],[-172,252]],[[39085,67284],[-151,400]],[[38934,67684],[178,-2],[252,249],[219,-53],[60,446],[155,82],[226,383],[647,120]],[[40671,68909],[133,-734],[75,-195],[194,-126]],[[56930,67153],[-790,-634],[-224,16],[-48,131],[-312,206],[-262,-314]],[[55294,66558],[-318,-102],[-304,113],[-167,-124]],[[54505,66445],[-163,451],[-14,949],[-157,418]],[[54171,68263],[573,219],[507,317],[111,9]],[[55362,68808],[150,-612],[202,-189],[288,-133],[479,-439],[449,-282]],[[53675,67849],[-134,-419],[-223,-347],[-90,-320],[462,-1607],[37,-865]],[[53727,64291],[57,-639],[-196,-179],[-363,-41]],[[53225,63432],[-317,51],[-309,240],[-631,-390],[-329,59]],[[51639,63392],[-238,-49],[-642,220]],[[50759,63563],[146,496],[-71,347],[-139,308],[-88,373],[-23,382],[-414,767],[-186,230],[-587,218],[-655,-271]],[[48742,66413],[-172,719]],[[49020,67921],[449,-53],[538,279],[211,-100],[380,97],[202,-13],[237,286]],[[51037,68417],[153,-346],[293,-41],[802,44],[377,-90],[440,55],[573,-190]],[[48742,66413],[-43,-19],[-126,-635],[-690,-652],[-541,-193],[-456,-78],[-103,-71]],[[46783,64765],[-269,142],[287,390],[61,363],[-1051,445],[-277,90],[-214,188],[-434,235],[-509,490],[-116,32]],[[44261,67140],[-158,126]],[[54505,66445],[-102,-154],[101,-196],[337,-273],[-52,-56],[202,-251],[-1,-123],[-296,-454],[-260,-1041]],[[54434,63897],[-707,394]],[[53675,67849],[496,414]],[[42289,67443],[-448,-411],[128,-554],[-385,-258],[176,-563]],[[41760,65657],[-345,74],[-582,572],[-151,81]],[[40682,66384],[-453,382],[-140,407]],[[41073,67854],[183,50]],[[33302,30705],[305,-17],[562,-432],[222,-84],[140,-223],[-53,-288],[373,-212],[3,-164],[-218,-87],[50,-561],[1662,57]],[[36348,28694],[79,-198],[45,-1047],[-78,-253]],[[36394,27196],[-1239,-868],[-866,49],[-1454,-267],[-160,49],[-766,-281],[-361,-26],[-371,138]],[[29247,28453],[906,72],[-9,2469],[249,398],[133,418]],[[30526,31810],[35,261]],[[30561,32071],[1388,310],[144,-451],[241,-336],[531,-540],[437,-349]],[[38642,28644],[-264,-353],[146,-426],[552,-1453],[198,-275]],[[39274,26137],[-296,-683],[-169,-640],[2,-908],[-105,-410],[6,-384],[221,-243],[156,-45],[-56,-753]],[[39033,22071],[-570,-90],[-385,30]],[[38078,22011],[-65,334],[-1085,878]],[[36928,23223],[-74,59]],[[36854,23282],[-91,73],[-165,848],[94,483],[-293,1629],[-5,881]],[[36348,28694],[308,12]],[[36656,28706],[476,-83],[995,-597],[416,576],[99,42]],[[36854,23282],[-1078,-1592],[-388,-460],[-217,-164],[-82,-205],[-460,-307],[-166,-279]],[[34463,20275],[-153,63],[-61,-306],[-181,-127],[-505,85],[-597,450]],[[32966,20440],[21,167],[-231,649],[36,375],[-255,-98],[-374,244]],[[32163,21777],[-163,121],[112,203]],[[32112,22101],[261,-10],[179,247],[-28,140],[-307,524],[159,217],[18,370],[-159,394],[-516,748],[-325,357]],[[40161,25039],[31,-81],[-94,-582],[-290,-1467],[52,-593],[-393,-317]],[[39467,21999],[-434,72]],[[39274,26137],[151,-202],[203,-33],[328,-316],[205,-547]],[[28207,23664],[-59,-55],[-319,154],[-177,192],[-232,46],[-267,216],[-380,-342],[-361,-40],[-16,-401],[-323,-153],[-226,86],[-63,323],[-284,-298],[-165,141]],[[25335,23533],[-229,727],[387,317],[73,307],[-97,207]],[[27406,25517],[371,-1399],[430,-454]],[[30788,24707],[-76,-598]],[[30712,24109],[-760,61],[2,-474],[-67,-520]],[[29887,23176],[-613,102],[-503,256],[-415,70]],[[28356,23604],[-149,60]],[[41371,24640],[33,-355],[262,-274],[178,-433],[0,-361],[117,-219]],[[41961,22998],[-163,-550],[-261,-267],[-371,-228],[-757,-384],[-204,-36]],[[40205,21533],[-220,85],[-357,-122]],[[39628,21496],[-161,503]],[[40161,25039],[632,412],[178,164],[-42,-300],[257,-272],[185,-403]],[[25335,23533],[188,-551],[-189,-210]],[[25334,22772],[-538,-3],[-95,-343],[-166,-211],[-426,317],[-31,122],[-322,259],[-400,206]],[[23356,23119],[-406,99],[-286,-141],[-314,183],[-357,690]],[[23015,24955],[1494,324],[315,-71]],[[32112,22101],[-261,291],[-263,674],[-536,923]],[[31052,23989],[-340,120]],[[28356,23604],[-131,-744],[438,-965],[133,-143]],[[28796,21752],[-274,-481]],[[28522,21271],[-208,20],[-324,357],[-220,542],[162,288],[-201,314],[-332,207],[-128,-142],[-149,106],[-189,-115],[-10,-230],[-257,-117],[-118,-162]],[[26548,22339],[-899,213],[-315,220]],[[31052,23989],[-610,-526],[-58,-371],[-306,-50]],[[30078,23042],[-191,134]],[[23356,23119],[296,-287],[336,-488],[1026,-1051],[391,-353],[432,-179]],[[25837,20761],[479,-726],[359,-595],[62,-360],[377,-902]],[[27114,18178],[-400,-356],[-658,70],[-232,162]],[[25824,18054],[-380,315],[-178,245],[-362,336],[-217,0],[-172,288],[-320,208]],[[24195,19446],[29,410],[35,1368],[-274,108],[-196,-130],[-140,205],[27,-372],[-422,-92],[-401,-26],[-15,-89]],[[22838,20828],[-508,306],[-153,46],[-261,274],[-377,42]],[[21539,21496],[119,404],[-357,23],[-212,499]],[[21089,22422],[709,830],[-156,347]],[[32163,21777],[-123,-307],[-551,-159]],[[31489,21311],[-233,310]],[[31256,21621],[-374,190],[-308,87],[-356,202],[-289,461],[136,215],[13,266]],[[21089,22422],[-403,-389],[-315,-476],[-7,-365],[323,-177]],[[20687,21015],[189,-211],[-23,-220]],[[20853,20584],[-396,-225],[12,-314],[236,-76]],[[20705,19969],[148,-279],[290,-225]],[[21143,19465],[230,-325]],[[21373,19140],[-560,-303],[-725,-101],[-295,93],[-176,-194]],[[19617,18635],[11,332],[186,757],[-237,151],[-373,405],[53,324],[186,179],[-66,174]],[[19377,20957],[-49,357],[-88,122],[19,245],[216,36],[35,315],[-614,261]],[[18896,22293],[141,844]],[[19037,23137],[723,135],[489,39],[788,129]],[[44261,67140],[-18,-443],[-450,-970],[-210,-724],[25,-269],[371,-219],[-19,-213],[205,-323],[10,-150]],[[44175,63829],[-505,-142],[-24,-167],[-434,-2],[-626,-237]],[[42586,63281],[-162,621],[-263,526],[-42,405]],[[42119,64833],[-243,474],[-116,350]],[[40682,66384],[-74,-260],[83,-102],[-72,-235],[-257,-278],[-1073,176],[-24,190],[-247,84],[-346,-81],[99,132],[-347,111],[-956,-257]],[[37468,65864],[-552,251]],[[36916,66115],[668,539],[362,77],[386,-65],[356,434],[397,184]],[[46783,64765],[18,-545],[-72,-409],[2,-855]],[[46731,62956],[-946,292],[-236,8],[-614,339],[-120,175],[-640,59]],[[57025,67103],[-217,-730],[-325,-297],[632,0],[12,-501],[-211,-140],[-448,66],[-96,168],[-197,-73],[-488,188],[-253,-187],[-330,112],[54,249],[-179,-72],[122,379],[222,123],[-29,170]],[[56930,67153],[95,-50]],[[58304,66116],[-68,-266]],[[58236,65850],[-677,-698],[-456,-807]],[[57103,64345],[-1179,72],[-630,-93],[-860,-427]],[[57025,67103],[1114,-821],[165,-166]],[[50759,63563],[-433,-400],[-773,-230],[-356,-256]],[[49197,62677],[-537,-417],[-773,-221],[-259,-170]],[[47628,61869],[-264,177],[-675,-9]],[[46689,62037],[-32,425],[74,494]],[[42586,63281],[208,-911],[-194,-393],[-143,-491]],[[42457,61486],[-236,251],[-753,69],[-350,89],[-1033,340],[-164,-86]],[[39921,62149],[-437,776],[-403,449],[-267,101],[-214,205],[-216,727]],[[38384,64407],[1144,476],[415,232],[643,112],[668,-355],[485,-209],[380,170]],[[39921,62149],[-223,-825],[25,-397],[-237,-439],[159,-216],[-419,-860],[-694,-66]],[[38532,59346],[-373,157],[-1178,588]],[[36981,60091],[-97,49],[-4,275]],[[36880,60415],[-53,2185],[-304,359]],[[36523,62959],[-232,599],[45,420],[188,361]],[[36524,64339],[135,-40],[904,75],[190,80]],[[37753,64454],[631,-47]],[[57103,64345],[819,-548],[350,-689],[505,-610],[60,-167]],[[58837,62331],[-322,-171],[-95,-193]],[[58420,61967],[-589,-407],[-195,-759],[-217,-354],[-152,-510],[200,-233],[196,-93]],[[57663,59611],[-438,-144],[-713,-88],[-557,-113],[-361,0],[-1011,-532],[-462,-75]],[[54121,58659],[-70,282],[-251,69],[-292,244],[-412,186]],[[53096,59440],[138,190],[586,26],[121,312],[230,161],[326,14],[263,250],[43,310],[522,187],[273,223],[-348,66],[-283,174],[-127,-305],[-95,-26],[-154,402],[-336,123],[-287,-442],[-459,77],[-117,-266],[100,-118],[-262,-233],[-404,102],[-316,191],[-1,-92],[-508,-263],[-116,-136],[139,-51],[-156,-128],[323,-89],[211,-239],[4,-347],[154,-52]],[[52560,59461],[-29,-67],[-586,-49],[-577,123]],[[51368,59468],[85,284],[5,396],[-89,205]],[[51369,60353],[86,-7],[627,550],[267,438],[182,206],[227,404],[422,546],[218,748],[-173,194]],[[47415,56222],[487,8],[252,-169],[298,-49],[359,30],[145,-100],[488,82],[456,-114]],[[49900,55910],[245,-178],[335,-43],[173,-94],[335,-497]],[[50988,55098],[-150,-97],[78,-374],[-184,-278],[-169,-625],[-118,-141]],[[50445,53583],[-133,-156],[-784,-519]],[[49528,52908],[-368,181]],[[49160,53089],[-152,418],[-217,29],[-345,185],[-487,565],[-106,262],[-333,301],[-234,357]],[[47286,55206],[-159,400],[20,447],[268,169]],[[43817,55362],[-394,-758],[-325,-346],[-170,-418],[-125,-148]],[[42803,53692],[-422,-59],[-188,-201],[-128,137],[-276,-229],[9,-137]],[[41798,53203],[-86,249],[-374,161],[36,236]],[[41374,53849],[159,266],[-91,78],[255,165],[153,419],[176,215],[35,184],[503,151],[-335,161],[854,536]],[[43083,56024],[619,-224],[115,-438]],[[46689,62037],[-500,-228],[-489,-364],[-1069,139],[-457,-209],[-358,58],[-210,115],[-1149,-62]],[[51369,60353],[-82,51]],[[51287,60404],[19,306],[258,123],[-148,111],[-58,852],[-171,-17],[217,587],[166,86],[-71,226],[140,714]],[[51287,60404],[-470,260],[-689,470],[-703,616],[19,139],[-247,788]],[[51368,59468],[-288,-409],[-271,-181],[-69,-282],[-156,-116],[-605,-160],[-125,-197],[-323,-243]],[[49531,57880],[-314,252]],[[49217,58132],[-414,758],[-68,242],[-155,7],[-252,874],[-475,686],[24,447],[-206,278],[-43,445]],[[42457,61486],[67,-358],[278,-357],[-186,-590]],[[42616,60181],[32,-335],[-297,-209],[-400,-576],[-74,-296],[-35,-589]],[[41842,58176],[-395,432]],[[41447,58608],[-554,160],[-622,-55],[-877,-149]],[[39394,58564],[-862,782]],[[49217,58132],[-196,29],[-129,-225],[-296,218],[-78,-288],[-240,53],[-294,-114],[-172,-290],[-347,-210],[-103,-149]],[[47362,57156],[-544,513],[-470,46],[-467,134]],[[45881,57849],[-126,74],[-221,579],[-155,29],[-131,182],[-508,329]],[[44740,59042],[-710,319],[-818,827],[-596,-7]],[[46952,61933],[-98,-513],[-11,-363],[169,-538],[-142,-41],[82,-383],[-127,-40],[-32,-275],[-517,-89],[334,-210],[373,15],[238,538],[335,97],[-39,362],[132,498],[-173,91],[21,669],[-237,228],[-308,-46]],[[59073,60369],[-150,-379],[-269,-134],[260,-37],[-350,-78],[-231,-159],[-96,-393],[285,-209],[90,43],[15,-343],[-313,69],[-185,131],[0,275],[-92,332],[-235,56]],[[57802,59543],[-139,68]],[[58420,61967],[653,-1598]],[[53096,59440],[-386,86],[-150,-65]],[[44740,59042],[-289,-18],[-296,204],[-304,-28],[140,-244],[200,-812],[201,-259],[-221,-741],[-240,240],[-186,-543],[-241,87],[-454,-109]],[[43050,56819],[-7,183],[-437,198],[-229,214],[-535,762]],[[61351,60296],[728,-105],[248,-99]],[[62327,60092],[-90,-255],[-48,-648],[-88,-542],[49,-207],[-90,-703]],[[62060,57737],[11,-173],[-386,45],[-266,-288],[-448,-251],[-427,-46],[-39,-215],[-137,-25],[-185,-291],[-218,-96]],[[59965,56397],[-1164,81],[-274,174],[-230,-77]],[[58297,56575],[-180,204],[203,183],[-227,193],[35,314],[-420,397],[-129,341],[-12,264],[188,697],[47,375]],[[59073,60369],[446,-357],[422,-83],[621,313],[789,54]],[[39394,58564],[150,-1058],[84,-179],[-494,-354],[-50,-122],[-505,-196],[-120,43],[-112,-228],[-461,-200],[-894,-822]],[[36992,55448],[-232,-5],[-270,206]],[[36490,55649],[1015,2149],[81,265],[372,563],[574,720]],[[58297,56575],[-381,-205],[-232,-235],[-300,-17],[-497,-465]],[[56887,55653],[-266,51],[-133,251],[-210,167],[-267,-145],[-187,66],[50,311],[-70,238],[-428,-157],[-637,-491],[-254,55]],[[54485,55999],[22,382],[95,127],[-16,533],[-77,191],[-732,316]],[[53777,57548],[-44,211],[214,153],[140,433],[34,314]],[[53777,57548],[-243,-130],[-456,-400],[-25,-203],[-179,-173],[53,-306],[-133,-67],[47,-314]],[[52841,55955],[-578,88],[-402,5]],[[51861,56048],[-160,199],[-384,136],[-304,218],[-602,119],[-608,571]],[[49803,57291],[-186,184],[-86,405]],[[45881,57849],[-367,-574],[-118,-364],[-245,-313],[-207,-421],[-368,-578]],[[44576,55599],[-235,-329]],[[44341,55270],[-524,92]],[[43083,56024],[-33,795]],[[41447,58608],[-527,-1036],[-132,-494],[-194,-321],[-151,-494],[-186,-441],[113,-104],[-106,-346],[-167,-152],[106,-260],[217,-251],[-84,-206],[-255,-103],[-157,90],[-162,-93]],[[39762,54397],[-521,238],[-675,36],[-356,66],[-942,106]],[[37268,54843],[-276,605]],[[41374,53849],[-154,203],[-270,142],[-41,117],[-321,-49],[-263,-128]],[[40325,54134],[-140,20],[-423,243]],[[49803,57291],[141,-383],[-44,-998]],[[47415,56222],[-387,255],[-28,145],[255,249],[-188,202],[295,83]],[[47286,55206],[-605,-9]],[[46681,55197],[-628,46],[-301,102],[-1176,254]],[[63440,57315],[276,-522],[558,-456],[685,-754]],[[64959,55583],[-321,-708],[-387,-1013]],[[64251,53862],[-332,-21],[-559,-468],[-872,79]],[[62488,53452],[-239,152],[-890,168],[-467,266],[40,168],[-249,28],[-136,-120],[-642,318]],[[59905,54432],[31,745],[-137,428],[-55,678],[221,114]],[[62060,57737],[203,-59],[369,-273],[338,91],[470,-181]],[[63677,56171],[-468,124],[-73,-148],[-281,-185],[-604,-89],[-106,-162],[-580,-250],[-178,77],[40,158],[-254,-113],[41,-319],[-82,-221],[68,-147],[-255,-119],[409,-157],[76,90],[302,-40],[139,80],[475,25],[304,-250],[-63,-187],[246,-57],[145,420],[320,340],[187,-43],[278,-204],[265,310],[181,625],[-335,141],[-197,301]],[[54485,55999],[-406,-122]],[[54079,55877],[-237,44],[-630,-253]],[[53212,55668],[-180,36],[-191,251]],[[51861,56048],[159,-404]],[[52020,55644],[-229,-79],[-470,-489],[-333,22]],[[56887,55653],[-305,-942],[-250,-407],[-155,-73]],[[56177,54231],[-371,114],[-569,-59],[-521,32],[-357,418],[-210,312],[-323,182],[-21,420],[266,9],[8,218]],[[59905,54432],[-33,-595]],[[59872,53837],[-156,124],[-73,-226],[-195,-200],[-348,-512],[-602,-1329]],[[58498,51694],[-1826,-111]],[[56672,51583],[-496,750],[-261,483],[-160,187]],[[55755,53003],[486,901],[-64,327]],[[51539,45228],[137,-355],[-25,-133]],[[51651,44740],[-98,-276],[117,-207],[-390,-159],[63,-233],[-77,-276],[-269,-192],[-24,-259],[-143,-80]],[[50830,43058],[-614,404],[-456,160],[-623,-181]],[[49137,43441],[-135,-50]],[[49002,43391],[-379,888],[-151,1004]],[[48472,45283],[283,-81],[12,212],[808,130],[874,-168],[76,121],[262,25],[227,-69],[490,-27],[35,-198]],[[53556,44487],[-46,-194],[102,-124],[-200,-868],[142,-119],[-143,-147],[-90,-634]],[[53321,42401],[-133,-154]],[[53188,42247],[-198,162],[-351,103],[-455,35],[-836,481],[-518,30]],[[51651,44740],[460,14],[625,-126],[369,6],[451,-147]],[[54497,44640],[368,-165],[140,118],[285,-120],[642,-373]],[[55932,44100],[-88,-63],[6,-308],[-127,-57],[105,-339],[-79,-183]],[[55749,43150],[-173,-54],[-257,-263],[-277,36]],[[55042,42869],[-235,34],[-772,-380],[-380,-31],[-334,-91]],[[53556,44487],[110,76],[386,-33],[445,110]],[[50830,43058],[-45,-90],[228,-302],[-252,-120],[89,-329],[126,-29],[-95,-341]],[[50881,41847],[-258,41],[-686,-91],[-355,236]],[[49582,42033],[-128,32],[-163,287],[-154,1089]],[[53188,42247],[-598,-352],[-283,-338]],[[52307,41557],[-229,-413],[-291,-267]],[[51787,40877],[-406,258],[-97,241],[-144,88],[-19,272],[-240,111]],[[70669,87874],[455,-309],[804,14],[600,-91],[209,-197],[106,-230],[36,-677],[125,-516]],[[72423,83249],[-93,-145]],[[72330,83104],[-353,-243],[-283,-472]],[[71694,82389],[-312,-173],[-439,-11],[-45,-339],[197,-246],[108,-285],[-248,-9]],[[70955,81326],[-62,79],[-490,86],[-143,353],[-252,26],[13,-450]],[[70021,81420],[-418,-132]],[[69603,81288],[-861,1417]],[[68742,82705],[45,472]],[[68787,83177],[608,291],[288,443],[-233,480],[-482,300],[-978,370]],[[67356,85301],[-371,-673],[317,-173],[249,-742],[362,-654]],[[67913,83059],[-379,-329],[-254,-60],[-166,-355],[9,-232]],[[67123,82083],[-387,-139],[-38,-415],[-77,-132],[60,-596]],[[66681,80801],[-384,-77],[-350,124],[-179,-196],[-86,88],[-822,109]],[[64860,80849],[15,574],[140,536],[-18,616],[41,369],[239,588],[-136,597]],[[65141,84129],[396,312],[341,365]],[[68787,83177],[-874,-118]],[[58149,83860],[-385,-190],[-130,-191],[-3,-203],[-178,-184],[-210,66],[-387,-74],[-722,-307],[-247,-288],[-761,107],[-10,-101]],[[55116,82495],[-269,30],[49,406],[-391,107],[33,263]],[[54538,83301],[-22,263],[296,276],[300,-116],[264,31],[-17,342],[209,22],[377,-95],[111,517],[150,107],[247,-160],[259,-63],[307,471],[200,54],[273,-206],[-141,-340],[99,-257],[283,-36],[124,168],[249,-42],[43,-377]],[[59698,82488],[-167,-686],[-87,-102],[-110,-428],[-259,-120],[-678,-70],[-875,188]],[[57522,81270],[418,795],[-31,271],[159,46],[-83,295],[241,332],[-61,363],[71,405]],[[58236,83777],[330,-190],[232,105],[-8,387],[66,54],[304,-139],[320,-272],[-316,-230],[305,-271],[153,-482],[159,-1],[-83,-250]],[[64860,80849],[-268,103],[-704,130],[-189,-74]],[[63699,81008],[137,544],[-510,241],[-181,233],[180,453],[-23,238],[101,718],[102,87],[-84,515],[177,-3],[796,-226],[145,203],[602,118]],[[57522,81270],[-74,-382]],[[57448,80888],[-336,-47],[-725,-357],[-241,-284]],[[56146,80200],[-66,-18]],[[56080,80182],[-346,607],[61,334],[-141,270],[-6,190],[-160,121],[30,186],[-238,332],[-51,249],[-113,24]],[[58149,83860],[87,-83]],[[68742,82705],[-216,-441],[25,-463],[-359,-114],[-400,-51],[-416,-247],[-253,694]],[[69603,81288],[-403,-991],[-338,6],[-62,737],[-80,-17],[-186,-342],[-494,-371],[-367,-73],[-191,379],[-394,-151]],[[67088,80465],[-407,336]],[[60309,82318],[-116,-133],[138,-77],[140,-300],[-204,-202],[-348,-609],[-3,-182],[-160,-293],[232,-247],[-269,-18],[337,-109],[-120,-288],[324,-305],[153,-253],[262,-136],[203,-355],[94,-24]],[[60972,78787],[-66,-253],[-315,-400]],[[60591,78134],[-188,131]],[[60403,78265],[-109,277],[-441,262],[-213,236]],[[59640,79040],[-225,83],[-379,15],[-362,-122],[-246,67],[-289,317],[-245,398],[42,188],[-145,326],[-289,336],[-54,240]],[[59698,82488],[611,-170]],[[62197,80736],[-224,-19],[-35,-253]],[[61938,80464],[-418,-424],[-293,-474],[40,-474],[-295,-305]],[[60309,82318],[208,-145],[51,-285],[138,-279],[305,56],[343,-396],[421,-91],[266,81],[156,-523]],[[73020,81358],[424,-437]],[[73444,80921],[-845,-623],[-660,-11],[-403,-799],[-362,165],[-296,-249],[-690,-77]],[[70188,79327],[-98,185],[43,496],[167,376],[205,108],[414,417],[-48,286],[84,131]],[[71694,82389],[1326,-1031]],[[70188,79327],[263,-591],[188,-275],[174,-443]],[[70813,78018],[135,-378]],[[70948,77640],[-253,-162],[3,-273],[-175,-333],[21,-97],[-507,-955],[-446,-341],[-687,-59]],[[68904,75420],[-224,-182],[-475,85]],[[68205,75323],[-104,164],[-212,67],[46,143],[281,319],[-540,52],[169,217],[-420,165],[-440,-129],[-288,63],[-52,-97],[-264,147]],[[66381,76434],[-201,634]],[[66180,77068],[531,53],[188,-121],[182,148],[78,195],[-177,226],[-299,-15],[-118,182],[98,402],[-240,303],[96,476],[-367,501],[304,175],[309,275],[89,-352],[191,179],[227,-117],[-116,-191]],[[67156,79387],[155,185],[214,-134],[268,67],[252,-116],[221,-349],[602,-37],[387,59],[123,179],[348,85],[-166,559],[263,490],[34,361],[300,95],[17,95],[398,109],[-140,222],[-389,-196],[-271,22],[299,108],[-50,229]],[[59640,79040],[-187,-461],[-342,-345],[-222,-300],[-1042,-443],[-76,-241],[-322,2]],[[57449,77252],[-197,159],[-294,-133],[-163,211],[-388,244],[-224,441],[118,235],[219,88],[194,252],[-184,228],[19,289],[-403,934]],[[74111,80463],[-15,-255],[-292,-558],[72,-170],[479,-357],[50,-116],[28,-564],[376,-351],[82,-226],[-164,-444],[34,-205],[248,-39]],[[75009,77178],[-96,-318],[-293,-531],[-185,13],[-579,-155],[-96,-128],[-339,-69],[24,-756],[-263,-463]],[[73182,74771],[38,434],[-215,437],[-520,126],[-230,-58],[-206,65],[-124,266],[-203,653],[248,646]],[[71970,77340],[94,-36],[240,237],[-18,139],[278,-82],[41,-104],[309,476],[-208,63],[-131,-164],[-439,-1],[-79,164],[258,319],[-217,228],[-328,179],[-222,-96],[-147,-174],[-310,-47],[-206,-115],[-72,-308]],[[73444,80921],[667,-458]],[[62927,77654],[-480,-454],[-167,-361]],[[62280,76839],[-640,272]],[[61640,77111],[-50,170],[-185,79],[-174,251],[-304,59],[11,108],[-347,356]],[[61938,80464],[206,-111],[27,-224],[256,-277],[326,-226],[-133,-232],[213,-84],[296,21],[-7,-437],[-195,-1240]],[[57449,77252],[-29,-298]],[[57420,76954],[-119,-98],[-555,-104],[15,-813],[-247,-247],[-177,-391],[-159,36],[-29,-396],[-245,-159]],[[55904,74782],[-559,270],[-216,286],[-351,168],[-486,637],[-374,372]],[[53918,76515],[169,469],[79,418],[-81,241],[196,208],[146,315],[253,285],[-31,275],[72,463],[184,334],[305,102],[412,-3],[-52,107],[289,375],[221,78]],[[65901,79462],[141,-84],[14,-225],[-232,-236],[439,-463],[-214,-884],[131,-502]],[[66381,76434],[-802,-342],[-135,-287]],[[65444,75805],[-219,32],[-92,160],[-295,-53],[-304,49],[-171,138],[-309,-239]],[[64054,75892],[0,-1]],[[64054,75892],[-120,374],[-63,507],[90,582],[195,502]],[[64156,77857],[625,315],[50,111],[454,19],[417,649],[199,511]],[[60403,78265],[-132,-62],[-516,-463],[-134,-52],[-90,-362]],[[59531,77326],[-229,-551],[-446,-964]],[[58856,75811],[-553,127],[-606,400],[-199,-18]],[[57498,76320],[53,231],[-131,403]],[[71970,77340],[-228,323],[-397,-137],[-397,114]],[[67088,80465],[-572,-476],[-155,36],[-460,-563]],[[64156,77857],[-587,40],[-642,-243]],[[62197,80736],[200,209],[420,137],[519,48],[363,-122]],[[61640,77111],[-167,-256],[-433,-60],[-486,-266],[-129,-13]],[[60425,76516],[-312,15],[-162,228],[-405,180],[274,5],[139,214],[-80,130],[-348,38]],[[64054,75891],[-315,-61],[-343,60]],[[63396,75890],[-601,342],[234,252],[79,191],[-276,113],[-262,-21],[-290,72]],[[73182,74771],[-78,-67],[114,-394],[137,-229],[34,-265]],[[73389,73816],[-673,25],[-262,109],[-263,-142],[-525,177],[-17,93],[-402,-15],[-605,321],[-337,-61],[-283,68],[-276,482],[-449,95],[155,187],[-335,-27],[-213,292]],[[60425,76516],[-166,-225],[-186,-440],[-285,-270],[115,-351],[-73,-179]],[[59830,75051],[6,-223],[-135,-197],[91,-304],[-200,-140],[239,-179],[-124,-107],[17,-257],[-284,39],[-458,-339]],[[58982,73344],[-43,295],[58,372],[-419,86],[-13,519],[54,405],[344,286],[-107,504]],[[55904,74782],[21,-209],[300,-9]],[[56225,74564],[26,-491],[173,-470]],[[56424,73603],[93,-338],[-71,-236],[-223,-130],[-608,-462],[-684,-218],[-435,-298],[-266,-66],[-32,-310],[-95,-137],[-460,-184],[17,-510],[75,-280]],[[53735,70434],[-1268,172]],[[52467,70606],[-259,802],[-255,389],[221,537],[-140,479],[-453,1140]],[[51581,73953],[383,194],[550,464],[-3,573],[601,987],[-523,421]],[[52589,76592],[-230,455],[291,-170],[441,-59],[292,-104],[112,-222],[423,23]],[[63396,75890],[-284,-232],[-112,-588],[-33,-591]],[[62967,74479],[-188,-19],[-473,149],[-120,157],[-129,-144],[-426,283],[-259,-12],[-18,286],[-400,-53],[-22,-279],[-146,265],[-94,-194],[-329,-59],[-533,192]],[[76422,75047],[-167,-623],[-466,68],[-90,-250],[-779,-532],[49,-132],[355,-217],[90,-327],[-38,-317]],[[75376,72717],[-148,-141]],[[75228,72576],[-267,-139],[-558,-36],[-229,375],[-123,-50]],[[74051,72726],[-244,178],[-213,54],[-272,636],[67,222]],[[75009,77178],[431,142],[284,-64],[149,-192],[-324,-133],[-140,-144],[-140,-326],[-214,-774],[296,-208],[634,335],[273,-78],[164,-689]],[[57498,76320],[-136,-187],[148,-313],[107,-2],[-80,-256],[126,-362],[-212,-334],[-168,-522]],[[57283,74344],[-103,-275],[132,725],[-650,-61],[-437,-169]],[[58982,73344],[-363,-107],[-250,128],[-374,-199],[-193,243],[260,17],[-61,211],[-146,95]],[[57855,73732],[-212,-11],[87,205],[-55,159],[-229,-60],[-163,319]],[[68205,75323],[-181,-265],[139,-157],[-144,-122],[-216,28],[110,-626],[310,-153]],[[68223,74028],[-96,-219]],[[68127,73809],[-379,11],[-184,188],[-471,233],[-99,-114],[-441,-16],[-370,104],[-19,-113],[-378,-67]],[[65786,74035],[25,229],[-144,53]],[[65667,74317],[-88,248],[-32,642],[-126,233],[75,122],[-52,243]],[[65667,74317],[-296,108],[-428,-82],[-173,150],[-255,-34],[-36,-325]],[[64479,74134],[-445,90],[-315,-98],[-755,-417]],[[62964,73709],[3,770]],[[74051,72726],[-158,-302],[-211,-223],[-120,-375]],[[73562,71826],[-901,-108],[-126,69],[-145,502],[-185,280],[-75,-24],[-471,230],[-436,306]],[[71223,73081],[-260,73],[-230,-29],[-412,-156],[-450,-28],[-230,-84],[-417,94],[-349,422],[-652,655]],[[62964,73709],[-48,-298],[-112,20]],[[62804,73431],[-146,-52],[-751,-5],[-157,-313],[-345,24],[-1272,-154],[-514,-125]],[[59619,72806],[-637,538]],[[57855,73732],[-347,-377],[-150,45],[-419,-56]],[[56939,73344],[-160,137],[-355,122]],[[65786,74035],[-88,11],[-268,-578],[276,-206],[235,-71],[431,-632],[92,-427]],[[66464,72132],[-79,-185],[-917,-144],[-149,-144],[-152,133],[-305,-507]],[[64862,71285],[-65,1048],[-83,81]],[[64714,72414],[-235,1720]],[[64714,72414],[-660,28],[-219,133],[-220,-122],[-384,149],[-269,38]],[[62962,72640],[-218,199],[60,592]],[[68127,73809],[-106,-156],[129,-380]],[[68150,73273],[-304,13],[-80,-261],[-342,-453],[-562,-429]],[[66862,72143],[-398,-11]],[[52467,70606],[-437,-180],[-317,-802],[-320,-266],[-46,-297],[-310,-644]],[[49252,71358],[92,624],[145,185],[68,313],[442,507],[871,477],[295,4],[296,178],[120,307]],[[79017,70730],[-110,-347],[-219,-261],[95,-390],[326,-144],[54,-337],[-127,-195],[-15,-264]],[[79021,68792],[125,-193],[-52,-303],[171,-209],[-28,-203],[-376,-134],[163,-70],[14,-180]],[[79038,67500],[-519,-255],[-206,-171],[-487,43],[-462,-23]],[[77364,67094],[-134,126],[-479,-58],[-379,153],[-401,44],[-27,104]],[[75944,67463],[31,340],[-87,45],[403,287],[182,-9],[342,470],[-135,41],[-46,371],[-157,27],[-142,214],[74,124],[-160,58],[-84,191],[11,571],[190,45],[-147,251],[52,566],[-216,94],[23,263],[163,145],[46,394],[-75,311],[-176,157],[-309,7],[-499,150]],[[75376,72717],[407,234],[289,294],[-65,324],[565,485],[356,171],[198,-21],[137,-161],[-187,-657],[251,-242],[112,-273],[59,-384],[-221,-392],[-371,-420],[244,-76],[893,80],[966,-871],[8,-78]],[[71223,73081],[-104,-133],[-330,-31],[46,136],[-228,-57],[60,-229],[-441,-66],[-37,-295],[415,-158],[45,-412],[182,32],[458,-186],[-218,-162],[35,-308]],[[71106,71212],[-297,-4]],[[70809,71208],[-32,266],[-117,-85],[-119,295],[-581,84],[-149,163],[-207,-86],[-228,146],[-332,-22],[74,151],[-96,226],[-130,-117],[-164,-417],[88,-191],[-392,-441]],[[68424,71180],[63,599],[-118,91],[-18,406]],[[68351,72276],[-201,997]],[[59619,72806],[402,-1549],[-653,-548]],[[59368,70709],[-2257,-119],[-575,442]],[[56536,71032],[94,117],[-71,205],[220,-31],[-115,519],[144,107],[104,335],[44,760],[-17,300]],[[56536,71032],[-264,-203],[-111,-435],[-192,-105],[-224,-326],[-256,9]],[[55489,69972],[-518,135],[-415,23],[-110,135],[-711,169]],[[62962,72640],[-21,-266],[-271,-90],[-169,-968],[236,-123],[495,771],[337,-587],[-199,-159],[162,-104],[-244,-126],[165,-325]],[[63453,70663],[-1018,-221],[-232,-211],[-230,-16],[-155,140],[-367,-160],[-357,-6],[-857,-209],[-376,-37]],[[59861,69943],[-493,766]],[[68351,72276],[-153,140],[25,169],[-395,-24],[73,-169],[-675,-580],[-290,191],[-74,140]],[[73562,71826],[445,-95],[122,-236],[-319,-212],[-180,-256],[196,-414],[-126,-121],[107,-202],[-297,-232]],[[73510,70058],[-324,173],[-190,-39],[-545,236],[117,297],[-106,140],[-484,225]],[[71978,71090],[-213,193],[-659,-71]],[[64862,71285],[-143,-408]],[[64719,70877],[-309,-62],[-53,146],[-283,-187],[-250,21],[-186,-308],[-185,176]],[[75944,67463],[-43,126]],[[75901,67589],[-183,225],[-198,90],[22,286]],[[75542,68190],[-49,154],[-450,432],[-142,197],[-178,-25],[-301,174],[-298,61],[-143,197],[-267,171]],[[73714,69551],[-372,395],[168,112]],[[68424,71180],[51,-99]],[[68475,71081],[55,-92]],[[68530,70989],[-200,-448],[-234,-360]],[[68096,70181],[-724,41],[-364,78],[-495,12],[-564,-289],[-301,-42],[-655,-310]],[[64993,69671],[-314,-67]],[[64679,69604],[118,388],[-78,885]],[[70809,71208],[-435,44],[-311,-159],[-1014,91],[-574,-103]],[[71978,71090],[-142,-97],[164,-177],[-26,-119],[-304,-43],[-109,-295],[244,-60],[176,-148],[-58,-140],[-337,98],[-175,-113],[31,-408],[-174,-40],[-270,107],[-45,294],[-129,155],[-155,-167],[-236,-9],[-44,-169],[-311,-119],[29,-212],[181,-74],[-135,-308]],[[70153,69046],[-507,209],[2,191],[-160,174],[54,170],[-300,109],[-161,535],[-340,285],[-211,270]],[[59861,69943],[-40,-181],[120,-620]],[[59941,69142],[-301,-404],[-142,-935],[-437,-998]],[[59061,66805],[-757,-689]],[[55362,68808],[127,1164]],[[73714,69551],[-104,-71],[-128,-364],[-491,-302],[-62,-328],[-304,-372],[-216,-1]],[[72409,68113],[-359,-342],[-292,-3],[-37,-202],[-426,-52]],[[71295,67514],[-281,137],[62,167],[-501,460],[-228,405],[-199,0],[-84,178]],[[70064,68861],[89,185]],[[64679,69604],[-392,-752],[-443,-332],[-125,-423]],[[63719,68097],[-447,-340]],[[63272,67757],[-853,369],[-751,388],[-741,439],[-344,91],[-642,98]],[[70064,68861],[-630,-105],[-300,171],[-370,-305],[-291,33],[-311,268],[-156,537]],[[68006,69460],[90,721]],[[68006,69460],[-23,23]],[[67983,69483],[-230,64],[-122,-157],[-388,-62],[-303,-294],[-1092,-974],[-464,-1]],[[65384,68059],[4,460],[-146,357],[-249,795]],[[65384,68059],[-19,-123]],[[65365,67936],[-726,69],[-847,25],[-73,67]],[[67983,69483],[-151,-195],[-32,-487],[93,-324],[304,-484],[-64,-87],[71,-339],[-472,21],[-74,87],[-698,-23],[-209,151],[-344,93],[78,-363],[-282,-167],[-283,198],[-308,34]],[[65612,67598],[-247,338]],[[71295,67514],[-199,-301],[23,-353]],[[71119,66860],[-271,-263],[-369,-470],[-235,45],[-916,-579],[39,-104],[-188,-197],[121,-320]],[[69300,64972],[88,-519],[-113,-499]],[[69275,63954],[-400,-494],[-141,-391]],[[68734,63069],[-472,144],[-246,203],[-29,138],[-483,510],[-245,155],[-150,288],[-249,295]],[[66860,64802],[-203,124],[14,203],[-171,232]],[[66500,65361],[-64,587],[-298,210],[-603,1089],[77,351]],[[75542,68190],[-176,-221],[-134,-529],[210,-94],[459,243]],[[77364,67094],[-815,-471]],[[76549,66623],[-142,-94],[-380,-68],[-659,127],[-519,15],[-188,98],[0,-148],[-391,30],[-249,80],[15,268],[-85,188],[-384,-107],[-58,65]],[[73509,67077],[-255,208],[-49,194],[-274,142],[-203,-36],[-38,387],[-281,141]],[[63272,67757],[-517,-1073],[-299,-571],[-74,-58]],[[62382,66055],[-495,169],[-103,163],[-652,202],[-137,-366],[-447,89]],[[60548,66312],[-554,216],[-488,82],[-445,195]],[[66500,65361],[-608,-275],[-572,-169],[-754,58]],[[64566,64975],[-426,211],[-674,160],[-448,307],[-669,383]],[[62349,66036],[33,19]],[[73509,67077],[-37,-158],[118,-171],[-111,-84],[-384,-21],[221,-515],[-88,-170],[81,-124],[210,24],[-37,-170],[359,-23],[49,184],[160,-43],[-51,-533],[195,-223],[-138,-113],[60,-125],[339,-140],[-177,-281],[-432,-171]],[[73846,64220],[-142,103]],[[73704,64323],[-305,-18],[-303,-215]],[[73096,64090],[-375,364],[-106,286],[-36,429],[-135,147],[-66,451],[-173,341],[-1090,729],[4,23]],[[79137,66800],[-160,-484],[-166,-172],[-151,-340],[111,-454],[-73,-861]],[[78698,64489],[-285,10],[-211,159],[-463,-629],[-87,89],[-770,-105],[-94,-198]],[[76788,63815],[-44,-2]],[[76744,63813],[-223,122]],[[76521,63935],[173,211],[-19,160],[-203,240],[-61,357],[-24,682],[116,549],[46,489]],[[79038,67500],[113,-341],[-136,-132],[122,-227]],[[76521,63935],[-51,370],[-340,-16],[7,122],[-509,203],[-266,-107],[-733,-144],[-197,11],[-586,-154]],[[60548,66312],[3,-22]],[[60551,66290],[-166,-200],[128,-378],[-154,-230],[-545,140],[-170,196],[-224,-69],[-124,-144],[-689,18],[103,-194]],[[58710,65429],[-474,421]],[[73096,64090],[-99,-118],[84,-177],[-365,-440],[-7,-234],[-125,87],[-203,-253],[-218,41],[57,-168],[-179,-79],[-31,-461],[-370,109],[-171,181],[-44,314]],[[71425,62892],[65,53],[-348,445],[320,178],[-136,433],[-402,127],[-243,8],[-16,-202],[-238,37],[-1,384],[-312,132],[-187,-282],[-129,207],[111,180],[-144,201],[-304,214],[-161,-35]],[[62349,66036],[-185,-112],[87,-168],[-76,-184]],[[62175,65572],[-134,-268],[-380,-41],[290,-90],[3,-199],[-175,-228],[-172,81],[-63,-267],[-99,122],[-245,-19],[-56,191],[-222,-27]],[[60922,64827],[-134,184]],[[60788,65011],[-40,412],[-114,311],[-83,556]],[[60788,65011],[-83,-587]],[[60705,64424],[-461,82],[-502,276],[-200,59],[-65,-498],[-144,-23],[-133,297],[59,348],[-88,274],[-221,-13],[-240,203]],[[64566,64975],[-113,-383],[-432,-1813]],[[64021,62779],[-629,88],[-450,230],[-565,-182]],[[62377,62915],[-936,588],[-5,577],[71,58]],[[61507,64138],[445,-377],[214,1],[222,387],[-143,80],[238,931],[-308,412]],[[60705,64424],[-192,-1744]],[[60513,62680],[-485,247],[-557,-257],[-634,-339]],[[61507,64138],[-488,441],[-97,248]],[[66860,64802],[-187,-530],[-10,-451],[-191,-369],[-14,-569],[-168,-451],[43,-103]],[[66333,62329],[-334,-36],[-383,-245],[-802,-1004]],[[64814,61044],[-476,1076],[-317,659]],[[62377,62915],[-942,-1015]],[[61435,61900],[-922,780]],[[71425,62892],[-76,84],[-405,-125],[3,-89],[317,-265],[30,-446],[-325,-268]],[[70969,61783],[-81,209],[175,165],[-182,165]],[[70881,62322],[-177,415],[-262,426],[-560,647],[-607,144]],[[68734,63069],[18,-238],[173,-2],[343,144],[79,-188],[-263,-413],[-322,-32]],[[68762,62340],[-117,201],[-253,-39],[31,-105],[-302,-2],[-59,-88],[-454,39],[-152,-63]],[[67456,62283],[-64,58],[-689,-99],[-370,87]],[[76744,63813],[-29,-266],[-371,-158],[-164,13],[-118,-574],[-322,-93],[-74,109],[-602,249],[-7,199],[-240,-55],[60,-512],[-111,20]],[[74766,62745],[-330,131],[54,307],[235,241],[-501,172],[-192,-277],[31,-220],[-226,-104],[116,487],[217,175],[-96,162],[-213,-29],[-48,243],[-180,70],[71,220]],[[74766,62745],[-182,-402],[-233,-94],[130,-143],[-232,-79],[79,-138],[-310,-55],[-11,-227],[-134,15],[-128,-272],[51,-151],[396,-75],[72,125],[458,-110],[-145,-651],[7,-300]],[[74584,60188],[-170,-248],[-355,-169],[-405,149],[-313,-147],[-321,152],[-948,-673],[-125,-52]],[[71947,59200],[-536,663],[-2,276],[315,-17],[237,106],[208,233],[-37,185],[-830,170],[38,166],[546,405],[91,189],[-232,7],[-295,-235],[-139,36],[-242,269]],[[71069,61653],[-100,130]],[[70881,62322],[-668,40],[-46,-231],[-144,-31]],[[70023,62100],[-385,77],[-300,128],[-340,-100],[-233,23],[-3,112]],[[78336,61426],[-77,-114],[-350,-72],[-232,38],[-220,-253],[-669,-420],[30,-221]],[[76818,60384],[-226,83],[-277,-6],[-190,87],[-638,-292],[-505,-112]],[[74982,60144],[-398,44]],[[76788,63815],[462,-311],[275,-243],[56,-742],[433,-67],[281,-784],[41,-242]],[[64814,61044],[-4,-8]],[[64810,61036],[-818,-400],[-551,170],[-438,-86],[-505,-160],[-171,-468]],[[61351,60296],[174,365],[-270,197],[183,480],[-9,305],[-194,98],[200,159]],[[70023,62100],[-20,-177],[-242,44],[-47,-332],[-241,-355],[-54,-279],[-183,-80],[-145,-214],[-281,-95],[-90,-152],[-410,-32],[-227,107],[-118,-165],[-244,237]],[[67721,60607],[263,477],[-176,258],[-109,307],[-403,307],[160,327]],[[67721,60607],[-468,28],[-955,-168],[-342,190]],[[65956,60657],[-694,-181],[-452,560]],[[71069,61653],[-390,-214],[-475,-806],[235,-157],[-184,-630],[-348,9],[-195,-274],[-167,113],[-382,9],[-127,-193],[-667,-9],[-81,-247],[124,-304],[-4,-247],[-563,-199],[282,-521],[-433,-139],[-96,150],[138,511],[-418,183]],[[67318,58688],[-522,314],[-85,-34],[-949,437],[-389,31],[-102,-85]],[[65271,59351],[-182,323],[180,282],[687,701]],[[81060,61477],[-41,-906],[80,-608],[193,-285],[89,-281],[815,-922]],[[82196,58475],[51,-157],[-266,-411]],[[81981,57907],[-595,-249],[-235,-207],[-176,-9],[-300,-491],[-634,-277]],[[80041,56674],[-638,20]],[[79403,56694],[-130,167],[-539,246]],[[78734,57107],[101,527],[244,-24],[149,318],[-141,93],[-54,234],[163,145],[105,-155],[354,-192],[385,185],[-78,191],[152,173],[-203,99],[125,131],[-111,81],[-188,686],[-331,30],[-113,281],[192,216],[-22,268],[178,32],[-27,237],[158,148],[210,-60],[31,486],[232,488],[126,-86],[42,259]],[[80413,61898],[194,37],[399,-65],[54,-393]],[[78734,57107],[-1566,728],[-520,-35],[-212,350]],[[76436,58150],[-105,293],[207,412],[103,439]],[[76641,59294],[234,442],[17,504],[-74,144]],[[78336,61426],[58,-127],[243,-22]],[[78637,61277],[683,111],[100,118],[993,392]],[[71947,59200],[-534,-220],[63,-177],[613,-262],[154,-129],[-682,-598],[-58,-193]],[[71503,57621],[-707,-217],[-561,-59]],[[70235,57345],[-870,-27],[-1569,-123]],[[67796,57195],[-478,1493]],[[65271,59351],[-331,-423],[-179,-133],[-301,-460],[-1020,-1020]],[[76641,59294],[-311,36],[-127,-327],[-823,-20],[1,322],[-204,73],[-155,-169],[-284,3],[-34,192],[278,740]],[[76436,58150],[-738,-495],[68,-910],[-311,-693]],[[75455,56052],[-377,-155],[-713,-220],[-99,-403],[-202,-112],[-423,-110]],[[73641,55052],[-166,343],[-398,189],[-378,-68],[-348,-248],[-460,176]],[[71891,55444],[33,243]],[[71924,55687],[-73,748],[672,503],[-26,326],[-994,357]],[[67796,57195],[-592,-1271]],[[67204,55924],[-734,466],[-331,-40],[-884,-392],[-296,-375]],[[83483,55802],[-283,-392],[-263,57],[-617,-35],[-174,-163],[-304,-97],[-658,-64]],[[81184,55108],[-160,271],[2,278],[-826,655],[-159,362]],[[81981,57907],[556,-629],[397,-251],[217,-245],[332,-980]],[[71924,55687],[-94,105],[-279,8],[-361,241],[-365,838],[-201,344],[-389,122]],[[71891,55444],[-350,14],[-385,91],[-287,-304],[17,-613]],[[70886,54632],[-1016,-201]],[[69870,54431],[-324,41],[-505,232],[-545,143],[-202,-43],[-39,-147]],[[68255,54657],[-1055,1252]],[[67200,55909],[4,15]],[[67200,55909],[-642,-877],[-136,-343],[-167,-817],[-382,-311],[-322,-132],[-173,46],[-325,-78]],[[65053,53397],[-498,410],[-311,-25],[7,80]],[[68255,54657],[-79,-281],[-246,-436],[-63,-495],[37,-247],[-144,-488],[123,-853]],[[67883,51857],[-557,370],[-509,68],[-713,283],[-564,340],[-363,346]],[[65177,53264],[-124,133]],[[31256,21621],[-157,-245],[-372,-390]],[[30727,20986],[-1107,-1]],[[29620,20985],[12,154],[-836,613]],[[18896,22293],[-182,-258],[-1029,3],[-336,-187],[-292,48],[125,-380],[-123,-76],[-341,368],[-206,-270],[305,-386],[-479,3],[-460,-124],[-758,-258]],[[15120,20776],[-275,-34],[-498,-325],[-17,-120],[-359,-202]],[[13971,20095],[-326,-275],[82,-137],[-278,-118],[-127,-221],[-223,-10],[-376,-263]],[[12723,19071],[-190,39],[-394,-215],[-25,-398],[615,-1738]],[[12729,16759],[225,-758],[313,-779],[217,-262]],[[13484,14960],[-20,-201],[106,-386]],[[13570,14373],[319,-403],[-96,-84],[94,-496],[-6,-349],[129,-371],[-17,-479],[227,-242],[400,-47],[248,392]],[[14868,12294],[179,198],[383,57]],[[15430,12549],[-195,-110],[108,-180],[15,-526]],[[15358,11733],[-292,84],[-117,-258],[-350,-276],[-342,-27],[-244,-160],[-232,-387]],[[13781,10709],[-274,-419],[-97,-333],[-1,-389],[200,-425],[601,-496],[158,-210],[386,-35]],[[14754,8402],[113,-146],[-194,-166]],[[14673,8090],[-424,375],[-397,250],[-290,-3],[-105,-155],[-48,-346],[-163,60],[-421,313],[-185,262],[-351,-22],[-391,925],[235,65],[376,-26],[198,-78],[207,117],[95,519],[392,504],[281,299],[-69,267],[-190,319],[-36,456],[-115,466],[-6,1001],[-56,472],[-255,1049],[-344,1115],[-415,1060],[-386,633],[-72,203],[36,579],[219,262],[115,258],[276,204],[94,457],[2,1523]],[[12480,21473],[505,69],[201,143],[414,475],[717,264],[354,229],[1872,-127],[305,182],[1010,190],[160,55],[1019,184]],[[26548,22339],[65,-302],[579,-362],[132,-34],[311,-740]],[[27635,20901],[-50,-7]],[[27585,20894],[-200,-11],[-839,495],[-165,-183],[-544,-434]],[[36928,23223],[-113,-152],[-14,-286],[-118,-321],[94,-215],[-283,-257],[577,-1233],[535,117],[109,-123],[245,109],[140,-175],[320,4]],[[38420,20691],[-68,-207],[-355,-247],[-280,-52],[-73,-416]],[[37644,19769],[-71,-159],[-290,-179],[-738,-275],[-896,37]],[[35649,19193],[-349,-37],[-269,44],[-672,5]],[[34359,19205],[-84,159],[307,307],[17,296],[-136,308]],[[38078,22011],[-123,-748],[68,-189],[212,-205],[171,-28]],[[38406,20841],[14,-150]],[[28522,21271],[46,-153]],[[28568,21118],[-193,82],[-740,-299]],[[21539,21496],[-199,-276],[-327,-98],[-168,37],[-158,-144]],[[19377,20957],[-585,62],[123,-136],[-40,-155],[-403,-209],[-213,281],[-225,-53],[-158,-298],[343,-404],[-222,-127],[-312,-29],[93,-321],[-123,-77],[-259,128],[-41,-83]],[[17355,19536],[-122,109],[148,141],[-79,177],[-580,-57]],[[16722,19906],[-221,305],[-282,-101],[-304,-465],[-168,-37]],[[15747,19608],[-35,348],[146,320],[545,162],[81,118],[-78,302],[-135,129],[-262,-46],[-522,-296],[-344,-37],[-23,168]],[[39628,21496],[-214,-416],[-329,-139],[-622,31],[-57,-131]],[[29620,20985],[200,-410],[-142,-347],[-72,-678],[225,-275],[514,-249]],[[30345,19026],[-116,-608]],[[30229,18418],[-352,-20],[-325,360],[-177,285],[-506,325],[-136,359]],[[28733,19727],[41,274],[-187,85],[-194,231],[27,196],[211,-63],[171,278],[-234,390]],[[32966,20440],[-224,80],[-831,-35]],[[31911,20485],[-152,121],[-102,455],[-168,250]],[[22838,20828],[57,-271],[323,-284]],[[23218,20273],[-70,-134],[-609,3],[-565,-213],[-381,104],[201,-556],[-651,-12]],[[20705,19969],[264,323],[-116,292]],[[31911,20485],[-162,-246],[-75,-974],[-220,-336],[-28,-1076],[83,-281],[-25,-293]],[[31484,17279],[-378,-86],[-416,-16],[-212,402]],[[30478,17579],[-94,420],[-155,419]],[[30345,19026],[283,529],[-22,380],[63,57],[19,575],[-106,235],[145,184]],[[24195,19446],[-202,298]],[[23993,19744],[-196,98],[-263,343],[-316,88]],[[40205,21533],[198,-113],[7,-191],[331,-230],[136,-206],[143,-433],[-142,-551],[-138,-270],[59,-283]],[[40799,19256],[-406,-386],[-370,-535],[-750,-181],[-326,128],[-131,197],[-306,185]],[[38510,18664],[-316,332],[-332,536],[-22,134],[-196,103]],[[27585,20894],[285,-104],[-62,-332],[-217,-197],[359,-321],[-86,-170]],[[27864,19770],[-101,71],[-325,-218],[-93,-148],[326,-70],[-11,-450],[-339,-153],[170,-682]],[[27491,18120],[-377,58]],[[19617,18635],[-248,-60],[-96,121],[-272,70]],[[19001,18766],[-201,131],[57,260],[-360,-108],[-136,-179],[181,-145],[-293,-42],[-167,-179],[-388,30],[-6,225],[-260,195],[225,309],[-474,-27],[23,193],[153,107]],[[15747,19608],[157,-149],[42,-258],[-263,-67],[7,-109]],[[15690,19025],[-259,61],[56,185],[-559,232],[-171,-203],[-240,-88],[20,-410],[167,-498],[-222,54],[-504,-41]],[[13978,18317],[-110,-12]],[[13868,18305],[-115,180],[142,163],[111,485],[193,165],[-230,506],[194,281],[-192,10]],[[28733,19727],[-341,-120],[29,-131],[-305,250],[-119,-87],[-133,131]],[[32966,20440],[-128,-454],[-10,-227],[-238,-3],[-105,-137],[-334,-200],[16,-1010],[290,-619],[182,-213],[-43,-274],[-111,-52],[194,-522]],[[32679,16729],[20,-109],[-193,-198]],[[32506,16422],[-295,-47],[-367,302],[-360,602]],[[17085,17310],[-308,-61]],[[16777,17249],[-889,1214],[-47,231],[-217,45],[66,286]],[[16722,19906],[-84,-283],[-190,-38],[-216,-194],[284,-239],[417,374],[175,-59],[-71,-236],[-293,-206],[116,-281],[-256,-117],[38,-191],[-106,-209],[313,-78],[-84,-467],[228,9],[-156,-287],[248,-94]],[[23993,19744],[-81,-165],[-237,-153],[-527,-59],[-31,-99],[220,-210],[64,-308],[251,52],[132,-73],[-17,-484],[389,-152],[-661,80],[-434,101],[-130,142],[-700,532],[-329,-194]],[[21902,18754],[-388,345],[-141,41]],[[34359,19205],[-238,-543],[63,-88],[-112,-318],[-719,-650],[-674,-877]],[[13868,18305],[-538,130]],[[13330,18435],[-331,10],[-270,178],[-6,448]],[[19001,18766],[-216,-266],[-43,-190],[123,-73],[117,-504],[-233,-66],[254,-215],[-110,-142]],[[18893,17310],[31,-126],[167,-81],[460,-620],[282,-452]],[[19833,16031],[-918,-166],[-37,-197]],[[18878,15668],[-688,-42],[-103,-193],[-118,11]],[[17969,15444],[-215,43],[48,128],[-302,3],[-131,357]],[[17369,15975],[-21,320],[-126,208],[177,231],[-283,245],[-31,331]],[[30478,17579],[-374,39],[-502,-482],[-241,71],[-695,395],[-209,656],[-528,36],[-438,-174]],[[25824,18054],[-172,-255],[-181,-487]],[[25471,17312],[-192,103],[-398,73],[-373,-352],[-1136,-5]],[[23372,17131],[-15,24]],[[23357,17155],[-335,683],[-670,119],[-328,465],[-122,332]],[[16777,17249],[20,-202],[-153,-94],[-238,261],[-343,-69],[-328,39],[178,-212],[-58,-96]],[[15855,16876],[-153,-51],[106,202],[-275,81],[-325,-27],[-150,199],[-289,-56],[91,-193],[-235,134]],[[14625,17165],[-647,1152]],[[38510,18664],[-628,-674],[-682,76],[-264,-395]],[[36936,17671],[-182,31],[-485,438],[-336,139],[-233,15]],[[35700,18294],[121,147],[-41,333],[-123,162],[-8,257]],[[13330,18435],[9,-206],[269,-378],[-52,-152],[-209,-55],[81,-260],[252,-466]],[[13680,16918],[-463,-173],[-488,14]],[[23357,17155],[-2100,253],[-27,-213],[-113,64],[-475,-224],[-60,-231],[-285,-104],[-107,324],[-128,-197],[-174,108],[-370,374],[-312,-34],[28,-75],[-268,10],[-73,100]],[[35700,18294],[-55,-387],[-108,-168],[-164,22],[-45,378],[-196,2],[-149,-134],[36,-242],[-173,-265],[-38,-312],[-420,-316],[-1496,-1039]],[[32892,15833],[-306,289],[-80,300]],[[41010,14247],[-691,492],[-310,480],[-252,221],[-79,198],[-136,34],[-441,396],[-376,47],[-162,120],[-316,-7],[-421,218]],[[37826,16446],[-100,372],[-335,222],[-361,352]],[[37030,17392],[-94,279]],[[40799,19256],[41,-176],[196,-104],[425,-410],[277,-194],[530,-217],[600,-312],[124,-172],[386,-238],[189,-372],[350,-96],[-385,-180],[-443,-377],[-637,-637],[-330,-239],[-139,-179],[-95,-579],[-685,-519],[-193,-8]],[[14625,17165],[-554,-109],[-391,-138]],[[32506,16422],[-419,-871],[-145,-126],[-128,-354]],[[31814,15071],[-1325,85],[-984,-449],[-535,-362],[-1119,-97]],[[27851,14248],[-485,-5],[-397,111],[-232,308],[-606,216]],[[26131,14878],[-239,745],[295,114],[-21,470],[-695,1105]],[[37030,17392],[-252,244],[-180,-89],[121,-118],[-193,-191],[-197,-39],[209,-154],[85,-205],[-586,149],[-35,-257],[-295,-171],[672,-1162]],[[36379,15399],[-360,-81],[-2431,-765]],[[33588,14553],[-363,309],[-224,552],[-8,312],[-101,107]],[[26131,14878],[-221,0],[-489,-228],[-249,135],[-110,-63]],[[25062,14722],[-461,440],[-112,4],[-406,487],[-110,344],[-520,177]],[[23453,16174],[-110,401],[-172,358],[201,198]],[[17369,15975],[-342,23],[-41,-460]],[[16986,15538],[-137,126],[-334,-24]],[[16515,15640],[-282,18]],[[16233,15658],[-123,136],[56,351],[-203,-68],[-12,127],[453,101],[-35,327],[-304,-131],[-252,6],[160,147],[-118,222]],[[23453,16174],[36,-242]],[[23489,15932],[-527,-75],[-320,116],[-603,382],[-386,59],[-219,-251],[-469,124],[-162,-131],[-315,-58],[-203,71],[-159,-189]],[[20126,15980],[-293,51]],[[16233,15658],[-391,-11],[-240,682],[-493,-24],[-109,-61],[-983,-178],[-424,-35],[-495,-158],[294,-308],[-55,-145],[168,-455]],[[13505,14965],[-21,-5]],[[37826,16446],[-118,-27],[-66,-296],[-151,-205],[-352,-79],[-161,-144],[-599,-296]],[[16515,15640],[13,-83]],[[16528,15557],[132,-138]],[[16660,15419],[9,-109],[-400,67],[-212,-26]],[[16057,15351],[-481,-16],[-61,-132]],[[15515,15203],[-258,-31],[-805,65],[-252,-52]],[[14200,15185],[-9,26],[-29,-35]],[[14162,15176],[181,-62],[-838,-149]],[[13870,15118],[-49,-7],[69,-41],[-20,48]],[[14068,15155],[-184,-36],[25,-44],[159,80]],[[23489,15932],[16,-45],[-441,-257],[176,-366],[-142,-307],[122,-65],[-424,-32]],[[22796,14860],[-688,176]],[[22108,15036],[-33,183],[-270,-8],[-14,144],[-728,41],[-474,-200],[116,-233],[63,-357],[-211,-125],[17,-374]],[[20574,14107],[-51,-35]],[[20523,14072],[-397,1908]],[[33588,14553],[-72,-135],[383,-368],[53,-317]],[[33952,13733],[-264,18],[-320,-145],[-29,-123],[-380,-422],[-412,-521],[-83,-169],[-245,-125],[-113,-225],[-311,-364],[45,-432],[-64,-352],[227,-446],[20,-212],[-114,-494]],[[31909,9721],[-901,133],[-436,-194],[-395,-10]],[[30177,9650],[-244,147],[-128,202],[-52,314],[-233,225],[-695,308]],[[28825,10846],[-32,182],[-298,615],[339,405],[586,141],[375,373],[405,193],[128,176],[1154,1013],[341,374],[-102,628],[93,125]],[[41010,14247],[-65,2],[-500,-351],[-107,-294],[-302,-330],[-569,7],[-125,165],[-410,-585],[-60,-1015],[-290,-141],[-1061,200],[-629,-56]],[[36892,11849],[-216,104],[-112,170],[-502,354],[-326,64],[-232,251],[-134,31],[-86,308],[-225,271],[-631,155],[-184,136],[-292,40]],[[25062,14722],[-150,-399],[21,-301],[-311,-393],[113,-314]],[[24735,13315],[-340,-22],[-62,107],[-276,-78],[-277,416],[-105,40],[-161,313],[-262,309],[-400,254],[-56,206]],[[17969,15444],[-17,-483],[98,-379],[389,-30]],[[18439,14552],[-108,-134],[-251,-4],[119,-677]],[[18199,13737],[-18,-7]],[[18181,13730],[-322,111],[-203,179]],[[17656,14020],[-121,189],[-205,83],[-28,165],[-171,-35]],[[17131,14422],[-170,586],[25,530]],[[20523,14072],[-262,-17],[-8,-680],[-79,14]],[[20174,13389],[-41,6]],[[20133,13395],[-646,114],[-63,209],[57,255],[-108,90],[-521,-6]],[[18852,14057],[-25,-2]],[[18827,14055],[59,168],[-49,400],[160,242],[-37,382],[-123,197],[41,224]],[[17131,14422],[-290,-1],[78,-359],[-370,-23],[-72,153]],[[16477,14192],[107,137],[-159,150]],[[16425,14479],[139,177],[187,6],[-7,126],[-264,-40],[-192,129],[-183,-125]],[[16105,14752],[-147,45]],[[15958,14797],[165,153]],[[16123,14950],[-21,91]],[[16102,15041],[0,14]],[[16102,15055],[219,54],[-30,133],[-234,109]],[[16660,15419],[0,147],[-132,-9]],[[16709,15043],[-6,-147],[161,163],[-155,-16]],[[18827,14055],[-202,568],[-186,-71]],[[16102,15055],[-6,-58]],[[16096,14997],[27,-47]],[[15958,14797],[-248,188]],[[15710,14985],[-195,218]],[[22108,15036],[-264,-575]],[[21844,14461],[-47,-150],[-480,-237],[-669,-12],[-74,45]],[[14162,15176],[38,9]],[[15710,14985],[-107,-226],[125,-287]],[[15728,14472],[-82,-153],[-825,111]],[[14821,14430],[-320,26],[-411,-52],[-186,58],[-334,-89]],[[14379,15069],[-59,-30],[66,3],[-7,27]],[[14263,15049],[14,-23],[14,31],[-28,-8]],[[14207,15035],[1,-17],[37,12],[-38,5]],[[14134,15030],[6,-21],[41,11],[-47,10]],[[14002,15009],[11,-22],[91,38],[-102,-16]],[[13989,15013],[-59,-51],[67,21],[-8,30]],[[13848,14977],[60,-20],[-2,29],[-58,-9]],[[16102,15041],[-6,-44]],[[16105,14752],[-24,-59]],[[16081,14693],[-218,-82],[24,-159],[-159,20]],[[15851,14624],[-41,1],[40,-22],[1,21]],[[24735,13315],[161,-399],[143,-70],[457,-647],[233,-11],[61,-195],[448,-8],[159,88]],[[26397,12073],[161,-286]],[[26558,11787],[-1143,226]],[[25415,12013],[-387,46],[-463,-85],[64,-458],[-238,-106],[-74,-181],[-333,-215],[35,-232],[-229,90],[-343,-12]],[[23447,10860],[34,318],[-122,146],[-16,258],[-237,106],[-136,222],[64,220]],[[23034,12130],[92,177],[-41,261],[185,108],[-602,585],[-395,563],[-305,510],[-124,127]],[[16425,14479],[-105,180],[-239,34]],[[28825,10846],[-297,-252]],[[28528,10594],[-482,164],[-192,261],[-470,172],[-110,283],[-194,187],[-354,25],[-168,101]],[[26397,12073],[44,112],[-178,517],[477,394],[320,58],[83,269],[-170,263],[98,182],[272,-9],[508,389]],[[16477,14192],[-203,-17],[46,-221],[253,-30],[145,-285],[-64,-149]],[[16654,13490],[-5,-271],[-165,-429],[-395,-75],[-4,180],[-165,-103],[67,-314],[185,72],[146,-372],[-102,-29]],[[16216,12149],[-116,98]],[[16100,12247],[9,126],[-49,-104]],[[16060,12269],[-234,73]],[[15826,12342],[-285,66],[-111,141]],[[14868,12294],[90,704],[217,297],[-223,396],[31,392],[-162,347]],[[15829,12414],[13,125],[-126,-6],[113,-119]],[[18852,14057],[-248,-343],[-164,129],[-241,-106]],[[17656,14020],[-127,-302],[186,-129],[359,-97]],[[18074,13492],[-188,-97],[-554,82]],[[17332,13477],[-210,100],[-144,-176],[-324,89]],[[23034,12130],[-392,576],[-238,122],[4,-232],[182,-288],[-287,-14],[-387,142],[-115,-78],[83,-214],[-290,-211]],[[21594,11933],[-320,112],[-115,-310],[26,-186],[-154,-49],[-60,-176],[-311,63],[-165,-53],[-131,199],[290,78],[-160,276],[58,247],[-204,149],[-53,-236],[-129,-79],[-264,267]],[[19902,12235],[24,190],[534,80],[55,272],[-247,264],[-94,348]],[[20133,13395],[-232,-53],[-710,-49],[-639,73],[-217,-111],[-193,236]],[[18142,13491],[184,83],[-145,156]],[[18142,13491],[-68,1]],[[17332,13477],[21,-138],[226,-73],[-284,-85],[-108,-197],[-69,-413],[-322,-207],[-62,-248],[55,-197]],[[16789,11919],[-43,-16]],[[16746,11903],[-138,80]],[[16608,11983],[-392,166]],[[19902,12235],[-347,-226],[105,-77]],[[19660,11932],[-102,-343],[-615,-312],[-264,50],[-600,-280],[-298,-416]],[[17781,10631],[-726,186],[22,-75],[-388,32]],[[16689,10774],[-346,46]],[[16343,10820],[150,32],[-188,70]],[[16305,10922],[-38,42]],[[16267,10964],[-44,22]],[[16223,10986],[19,11],[-2,31]],[[16240,11028],[-101,342]],[[16139,11370],[14,51]],[[16153,11421],[15,3]],[[16168,11424],[87,-87],[-22,97]],[[16233,11434],[27,3]],[[16260,11437],[55,7],[-13,22]],[[16302,11466],[37,40]],[[16339,11506],[240,219]],[[16579,11725],[29,258]],[[16746,11903],[56,-33],[-13,49]],[[17145,11854],[6,-14],[28,18],[-34,-4]],[[17033,11844],[-93,26],[67,-65],[26,39]],[[16364,11349],[-66,20],[62,-100],[4,80]],[[16223,11241],[-15,-5],[10,-23],[5,28]],[[16240,11234],[10,-24],[30,23],[-40,1]],[[16234,11191],[-22,11],[12,-25],[10,14]],[[16347,11029],[-1,-54],[40,33],[-39,21]],[[36892,11849],[-82,-482],[348,-908],[-362,-422],[-246,145],[-893,-398],[-5,-121]],[[35652,9663],[-1879,-957],[-92,-245],[-603,-316],[-716,-445],[-188,-342],[-369,-524],[119,-105],[136,-480],[-80,-11]],[[31980,6238],[-346,276],[-44,176],[-369,81],[-226,-65]],[[30995,6706],[-271,-8],[-345,-100],[19,-211],[-405,-225],[-94,45]],[[29899,6207],[-192,622],[-278,531],[171,218],[-292,819]],[[29308,8397],[-4,3]],[[29304,8400],[288,162],[61,347],[165,191]],[[29818,9100],[21,-148],[296,-475],[316,-177],[167,-249],[516,105],[111,370],[111,118],[329,567],[224,510]],[[23447,10860],[-51,-203],[142,-281],[-66,-188],[-289,-160],[-221,25]],[[22962,10053],[-83,257],[-563,409],[-180,28],[-146,201]],[[21990,10948],[-50,154],[-306,107],[164,331],[-204,393]],[[15826,12342],[-90,-127]],[[15736,12215],[-88,-4],[-103,-318],[104,-25]],[[15649,11868],[39,-242]],[[15688,11626],[-136,-5],[128,-53]],[[15680,11568],[9,0]],[[15689,11568],[-19,-35]],[[15670,11533],[-169,6],[38,151],[-181,43]],[[16100,12247],[-40,22]],[[16579,11725],[-194,-81],[-46,-138]],[[16302,11466],[-42,-29]],[[16233,11434],[-65,-10]],[[16153,11421],[-26,151]],[[16127,11572],[-41,123]],[[16086,11695],[-65,152],[9,-203]],[[16030,11644],[-16,-61]],[[16014,11583],[-15,-28]],[[15999,11555],[-53,-26]],[[15946,11529],[-37,-1]],[[15909,11528],[-159,30]],[[15750,11558],[-61,10]],[[15680,11568],[8,58]],[[15649,11868],[87,347]],[[21990,10948],[-160,-51],[-122,-192],[-234,-157],[-89,-235],[-180,-67],[-35,-215],[147,-139],[-92,-306]],[[21225,9586],[-7,-200],[-574,104],[-272,122],[97,-186],[-273,-28],[-136,-106]],[[20060,9292],[-64,107],[80,386],[125,89],[-330,343],[-472,251],[-140,-42],[-164,139],[-101,347],[258,283],[-16,107],[296,184],[358,306],[30,274],[-260,-134]],[[20060,9292],[108,-162],[346,-176]],[[20514,8954],[-268,-388]],[[20246,8566],[-456,61],[-119,449],[-59,-34]],[[19612,9042],[-64,116],[-383,242],[-81,172],[-139,-22],[-281,276],[-336,-99],[-42,157]],[[18286,9884],[-505,747]],[[25415,12013],[-204,-151],[93,-170],[853,-328]],[[26157,11364],[-75,-225],[-331,-210],[289,-524],[-392,-69],[-266,135],[-304,-51],[-97,-130],[278,-318],[-249,-113],[-279,64],[-348,-102],[-152,-123]],[[24231,9698],[-73,-156]],[[24158,9542],[-115,26],[-476,-149],[-309,56]],[[23258,9475],[-60,91]],[[23198,9566],[-236,487]],[[16086,11695],[-56,-51]],[[28528,10594],[-307,-36],[235,-1418]],[[28456,9140],[-406,286],[-502,-52],[-912,-618],[-154,-351],[-159,-5],[-223,-227],[-430,-119],[81,-143]],[[25751,7911],[-609,257],[-277,33],[-271,120],[-58,243]],[[24536,8564],[92,133],[-364,756],[-106,89]],[[24231,9698],[249,-550],[374,140],[448,310],[506,204],[60,137],[408,-389],[78,395],[86,23],[-132,324],[346,82],[-365,222],[-51,155],[107,231],[-188,382]],[[15909,11528],[-21,-106],[58,107]],[[15999,11555],[140,-185]],[[16240,11028],[-17,-42]],[[16267,10964],[110,-311],[-198,-32],[-161,223],[-282,-158],[62,-98],[175,-20],[-18,-141],[-169,106],[-336,2],[-236,-239],[-281,69]],[[14933,10365],[-175,44]],[[14758,10409],[-318,6],[-659,294]],[[15670,11533],[80,25]],[[16173,11059],[-3,-23],[16,1],[-13,22]],[[16303,10830],[-30,20],[18,-44],[12,24]],[[16127,11572],[-113,11]],[[16305,10922],[38,-102]],[[16689,10774],[-75,-144],[6,-427],[160,-302],[-248,-336],[-208,-168],[-416,129],[-538,-25]],[[15370,9501],[-285,132],[-371,27],[-213,-347],[106,-280],[308,-558],[-161,-73]],[[14758,10409],[61,-93],[114,49]],[[15873,10691],[-81,-70],[221,55],[-140,15]],[[16095,10560],[-2,-39],[75,24],[-73,15]],[[16047,10512],[-40,53],[-3,-79],[43,26]],[[15441,10458],[52,74],[-57,-26],[5,-48]],[[16074,10450],[-35,29],[6,-37],[29,8]],[[16114,10454],[-5,-32],[65,43],[-60,-11]],[[16257,10420],[-5,40],[-48,-33],[53,-7]],[[16038,10445],[-51,-3],[30,-29],[21,32]],[[15644,10442],[43,-59],[9,71],[-52,-12]],[[15964,10376],[17,7],[-9,18],[-8,-25]],[[16014,10365],[-49,-21],[48,0],[1,21]],[[13959,10404],[-144,-225],[263,-51],[102,219],[-221,57]],[[14364,10313],[-93,-66],[202,-127],[101,121],[-210,72]],[[16326,10883],[29,-19],[-2,33],[-27,-14]],[[22962,10053],[-231,-5],[-174,-167],[-409,-35],[-98,-73],[-825,-187]],[[18286,9884],[-633,-229],[47,-288],[-338,-4],[-224,-187],[211,-225]],[[17349,8951],[40,-203],[-301,262],[-397,36],[-235,-155]],[[16456,8891],[-225,-100],[1,167],[-345,315],[-137,-173],[-241,139],[-139,262]],[[30177,9650],[-222,-204],[-137,-346]],[[29304,8400],[-287,351],[-561,389]],[[23198,9566],[-225,-148],[-346,82],[-234,-142],[-193,73],[-173,-118],[85,-234],[-178,15],[-252,204],[31,-312],[-304,2],[-154,189],[-685,-153],[-56,-70]],[[19612,9042],[-59,-92],[-869,-411],[51,-64],[-244,-160]],[[18491,8315],[-269,-234],[-237,105]],[[17985,8186],[-120,286],[-306,338],[-210,141]],[[16456,8891],[216,-293],[6,-158]],[[16678,8440],[-408,-53],[-412,-354],[23,-140],[197,-108],[174,-357]],[[16252,7428],[-885,-362]],[[15367,7066],[-852,736],[-162,109],[320,179]],[[23258,9475],[-466,-168],[71,115],[-226,31],[-5,-127],[-586,-471],[-578,-154],[-86,-139]],[[21382,8562],[-327,88],[-408,-420],[-185,-37]],[[20462,8193],[-166,125],[-50,248]],[[24536,8564],[-841,-389],[-193,-156],[-5,-211]],[[23497,7808],[-1171,274],[-564,-69],[-380,549]],[[34808,4762],[-617,-214]],[[34191,4548],[-315,344],[-216,-7],[-326,275]],[[33334,5160],[-299,58],[-145,-178]],[[32890,5040],[-86,173],[-621,686],[-203,339]],[[35652,9663],[-143,-1899],[-66,-678],[-448,-843],[-41,-701],[-146,-780]],[[29308,8397],[-504,30],[-218,-105],[-54,-211],[210,-380],[-74,-108],[38,-382],[-220,-349],[57,-208],[-129,-83]],[[28414,6601],[-296,361],[-212,-296],[-148,65],[-123,715],[-596,-214],[-367,84],[-187,217],[-423,-44],[-58,213],[-253,209]],[[17985,8186],[29,-137]],[[18014,8049],[20,-205]],[[18034,7844],[-303,47]],[[17731,7891],[-151,-52],[-357,261],[-95,-26]],[[17128,8074],[-6,173],[-172,3],[-272,190]],[[20462,8193],[-160,-154],[-235,-554]],[[20067,7485],[-459,-89],[-49,-227],[-293,-197],[-315,-114],[-201,18],[-247,-118],[38,-150],[-276,-51],[-361,-235],[-239,-337],[-848,-398]],[[16817,5587],[-915,825]],[[15902,6412],[981,362],[420,39],[137,135],[-84,123],[234,87],[125,-107],[273,30]],[[17988,7081],[261,65],[-54,138],[116,174]],[[18311,7458],[114,-86],[206,160],[-256,409]],[[18375,7941],[377,107],[-261,267]],[[23497,7808],[156,-431],[217,-385],[163,-138],[490,-122],[128,-159],[-5,-331],[69,-527],[-22,-243]],[[24693,5472],[-1254,229]],[[23439,5701],[-100,363],[-239,177],[-350,-135],[-203,84]],[[22547,6190],[-341,288]],[[22206,6478],[-79,140]],[[22127,6618],[-99,181],[-478,376],[-324,505],[-240,49],[-485,-132]],[[20501,7597],[-224,9],[-210,-121]],[[17128,8074],[118,-370],[-216,-97],[162,-309],[-127,-51],[-374,346],[-439,-165]],[[28414,6601],[-85,-167],[111,-74],[315,79],[298,-153],[161,-305]],[[29214,5981],[-89,-117],[76,-364]],[[29201,5500],[73,-425],[-141,-232],[-413,76],[-139,125],[-133,-299],[-223,-49],[-26,343],[142,-77],[181,327],[-490,63],[-744,-632],[12,-457]],[[27300,4263],[-63,-105],[-744,505],[-908,513],[-561,223],[-331,73]],[[18375,7941],[-329,6],[-32,102]],[[29899,6207],[-344,-230]],[[29555,5977],[-158,-138],[-183,142]],[[17731,7891],[165,-224],[-260,-322],[210,62],[142,-326]],[[15902,6412],[-535,654]],[[18311,7458],[-277,386]],[[22127,6618],[-303,-55]],[[21824,6563],[82,81],[-256,348],[-313,184],[-252,-115],[37,-112],[-247,-278],[-28,-158]],[[20847,6513],[-123,11]],[[20724,6524],[20,55],[-437,306]],[[20307,6885],[165,232],[29,480]],[[20307,6885],[-82,-233],[158,-115],[-174,-113],[-238,53],[-568,-93],[-294,-289]],[[19109,6095],[-718,-209],[-893,-939]],[[17498,4947],[-681,640]],[[21824,6563],[-129,56],[-183,-143],[-296,-50],[-369,87]],[[20724,6524],[-49,-227],[201,-414],[-137,-130]],[[20739,5753],[-214,92],[-356,-205],[-160,193],[-66,-96],[-272,266],[-96,-127],[-345,-122]],[[19230,5754],[-121,341]],[[22206,6478],[-271,-164],[69,-211],[263,-98]],[[22267,6005],[25,-342],[115,-189]],[[22407,5474],[-596,-434]],[[21811,5040],[-331,117]],[[21480,5157],[-228,235],[-106,241],[68,198],[-149,-17],[-14,-164],[-312,103]],[[32890,5040],[-310,-215],[-110,-223],[-657,-237],[-167,375],[-495,463],[-270,414],[-193,135]],[[30688,5752],[219,114],[92,287],[-92,160],[126,140],[-38,253]],[[30688,5752],[-139,-342],[-274,-175],[-485,180],[-148,500],[-87,62]],[[22547,6190],[-280,-185]],[[23439,5701],[-1032,-227]],[[19230,5754],[192,-65],[-89,-194],[608,-490],[322,-28],[90,-179],[275,42],[152,-98],[-151,-90],[23,-160]],[[20652,4492],[-513,-199],[-429,24],[-387,-354],[-247,-82],[-601,-17],[-275,109],[-150,149],[-552,825]],[[21480,5157],[-37,-116],[-514,-454],[-277,-95]],[[33334,5160],[47,-136],[-63,-432],[157,-245]],[[33475,4347],[-183,-318],[246,-806],[-205,-302],[-641,-369],[-378,-1462],[348,-261],[129,-404]],[[32791,425],[-672,-20],[-509,-99],[-918,70],[-396,263],[-492,424],[-399,473],[-529,446],[-286,319],[-148,371]],[[28442,2672],[-221,546],[302,66],[360,191],[449,76],[477,-132],[44,294],[303,1369],[-41,62],[-513,-134],[-250,515],[-151,-25]],[[27300,4263],[147,-124],[509,-590],[98,-290],[388,-587]],[[32791,425],[79,-190]],[[32870,235],[-333,73],[-645,-90],[-1098,-35],[-594,83],[-818,506],[-939,960],[-1357,1316],[-440,653],[-759,226],[-555,214],[-486,42],[-622,-26],[-1352,94],[-956,140],[-105,649]],[[34191,4548],[-716,-201]],[[34808,4762],[222,-774],[29,-710],[-76,-38],[171,-505],[465,-346],[424,-460],[162,-59],[142,-474],[-1401,-343],[-356,-295],[-340,-531],[-560,-227],[-400,172],[-420,63]],[[53212,55668],[-177,-30],[-201,-280],[-255,-159]],[[52579,55199],[-367,135],[-192,310]],[[37268,54843],[136,-650],[391,-575],[102,-532],[231,-483],[245,-211],[517,-643]],[[38890,51749],[-6,-465],[-264,-607]],[[38620,50677],[-128,9],[-579,-195],[-358,31],[-433,106],[-437,268],[-1210,-89]],[[35475,50807],[135,1448],[-332,919],[-358,643],[-295,433],[287,95]],[[34912,54345],[325,50],[423,185],[543,477],[129,265]],[[36332,55322],[158,327]],[[55755,53003],[-535,22],[-765,-16]],[[54455,53009],[42,286],[-335,27],[-191,164],[-200,-13],[-8,345],[-559,245],[-449,66],[-205,183],[246,-14],[87,193],[160,83],[-228,100],[188,351],[-424,174]],[[46681,55197],[-62,-616],[-96,-552]],[[46523,54029],[-735,-208],[-293,-237],[-935,-85]],[[44560,53499],[-27,537],[-128,698],[-64,536]],[[54455,53009],[-203,-1],[-601,-288],[-396,72],[-378,-8],[-57,-170],[-490,-378]],[[52330,52236],[-177,11],[-170,215],[-76,350],[-350,56]],[[51557,52868],[-170,152],[-656,105],[-286,458]],[[44560,53499],[174,-1061]],[[44734,52438],[-599,-273]],[[44135,52165],[-459,94],[-27,-84],[-715,-40],[-109,115]],[[42825,52250],[-250,290],[212,361],[-88,34],[106,390],[-2,367]],[[49160,53089],[-490,-198],[-508,-101],[-442,43],[-692,136]],[[47028,52969],[-61,365],[-37,747],[-407,-52]],[[40325,54134],[80,-665],[-21,-512],[216,-585],[423,-394],[117,-9]],[[41140,51969],[-326,-384]],[[40814,51585],[-355,211],[4,240],[-358,-25],[18,-103],[-1049,-21],[-184,-138]],[[41798,53203],[70,-147],[-116,-291],[-308,-470]],[[41444,52295],[-304,-326]],[[62488,53452],[-104,-925],[-88,-377]],[[62296,52150],[-404,-100],[-495,-375]],[[61397,51675],[-251,242],[-170,400],[-232,-42],[91,292],[-327,435],[-198,31],[-139,269],[119,52],[-418,483]],[[47028,52969],[-13,-428],[64,-411],[-131,-960]],[[46948,51170],[-421,181],[-152,172],[-366,225],[-116,-15],[-1047,208]],[[44846,51941],[-112,497]],[[42825,52250],[-263,-274],[-196,-56],[-434,9],[-206,291],[-282,75]],[[61397,51675],[279,-603]],[[61676,51072],[-60,-15],[-424,332],[-994,234],[-838,-64],[-862,135]],[[65177,53264],[-40,-82],[-390,11],[-3,-225],[-110,-349]],[[64634,52619],[-463,-665],[-267,-472],[-242,-241],[-439,66]],[[63223,51307],[-85,204],[94,147],[-254,475],[-419,109],[-263,-92]],[[51557,52868],[-260,-374],[-29,-196],[-326,-186],[-127,-273],[-445,-24],[-198,-184],[-13,-293]],[[50159,51338],[-118,-52],[-495,29]],[[49546,51315],[57,285],[4,441],[-79,867]],[[49546,51315],[-795,-1353],[-10,-130],[-302,-473]],[[48439,49359],[-509,68],[-311,160]],[[47619,49587],[-78,62],[-97,525],[-322,190],[-197,-43]],[[46925,50321],[3,483],[-56,198],[76,168]],[[56672,51583],[-58,-1172]],[[56614,50411],[-118,-202],[-500,-115]],[[55996,50094],[-1079,-114],[-893,5]],[[54024,49985],[-78,157],[-23,666],[-84,269],[-318,250],[-136,204],[-366,110],[-111,98],[-52,279],[-526,218]],[[54024,49985],[-67,-327],[-28,-502]],[[53929,49156],[-449,187]],[[53480,49343],[-574,270],[-251,362],[-293,326],[-272,169],[-352,105],[-589,-86]],[[51149,50489],[-323,306],[-32,162],[-565,251],[-70,130]],[[44846,51941],[199,-1494],[554,-84],[422,-127],[261,-229]],[[46282,50007],[-164,-1531],[10,-227],[105,12]],[[46233,48261],[-224,-235],[-8,-170],[-247,-296],[34,-70]],[[45788,47490],[-410,-25],[-140,-103],[-245,55]],[[44993,47417],[-320,18],[-263,-99],[3,-647],[-73,-99],[-385,-159],[-214,-174],[-239,-359],[19,-247],[-100,-108]],[[43421,45543],[-476,-169],[-413,-381]],[[42532,44993],[-394,-11]],[[42138,44982],[151,687],[6,239],[-369,348]],[[41926,46256],[211,172],[11,450],[81,131],[-64,496],[159,249],[-212,417],[-148,723],[-64,98]],[[41900,48992],[-44,432],[231,339],[-52,91]],[[42035,49854],[106,7],[84,312],[488,122],[113,-75],[579,79],[127,169],[60,602],[196,114],[260,720],[321,-60],[1,133],[-235,188]],[[42035,49854],[-136,91],[87,353],[-120,178]],[[41866,50476],[-295,273],[-42,170],[-570,73],[-170,200],[25,393]],[[41866,50476],[-217,-114],[-492,-94],[-451,44],[-240,-79],[-263,29],[-478,-256],[-241,-26]],[[39484,49980],[-198,16],[-501,-116]],[[38785,49880],[89,259],[-254,538]],[[46925,50321],[-324,-81],[-65,-128],[-254,-105]],[[61676,51072],[73,-57],[-131,-527],[189,-274],[-70,-567],[-52,-39]],[[61685,49608],[-136,-121]],[[61549,49487],[-108,-26],[-941,142],[-405,-56],[-274,92],[-563,62],[-446,176],[-36,112],[-289,192],[-2,155],[-657,331],[-542,-78],[-672,-178]],[[51149,50489],[-384,-272],[-230,-832]],[[50535,49385],[-259,-171],[4,-150],[-412,-243]],[[49868,48821],[-708,206],[-304,-103],[-417,435]],[[38785,49880],[-274,-485],[67,-487]],[[38578,48908],[-722,-67],[-178,-240]],[[37678,48601],[-1458,1094],[-357,310]],[[35863,50005],[-47,31],[-341,771]],[[41900,48992],[-507,-68],[-340,-268],[-288,-113],[-440,81]],[[40325,48624],[-274,490],[-219,149],[-127,583],[-221,134]],[[53480,49343],[-733,162],[-459,18],[-249,-64],[-122,67],[-1030,-132],[-352,-9]],[[61549,49487],[-194,-358],[-246,-323],[-442,-20],[-151,-519],[115,-582],[-27,-200],[-367,-221],[-227,-60],[-187,-247],[388,-418],[-36,-214]],[[60175,46325],[-482,6],[-801,396],[-81,118],[-378,-94],[-267,36]],[[58166,46787],[-270,-89]],[[57896,46698],[-237,161]],[[57659,46859],[150,636],[25,292],[-194,196],[123,291],[-170,313],[-567,353],[-596,706],[-434,448]],[[47619,49587],[29,-379],[-195,40],[-319,-138],[-272,-363],[-45,-267],[-270,-186],[-314,-33]],[[40325,48624],[-447,3],[-498,-232],[-332,-218]],[[39048,48177],[-217,672],[-253,59]],[[57659,46859],[-626,119],[-254,137],[-379,319],[-267,-36],[-1005,179],[-454,338],[-406,99]],[[54268,48014],[-398,-182]],[[53870,47832],[58,846]],[[53928,48678],[1,478]],[[49868,48821],[39,-74]],[[49907,48747],[-363,-186],[-434,-361],[-323,-665]],[[48787,47535],[-338,22],[-147,-86],[-169,229],[-353,26],[-220,-160],[-332,-19],[-243,-201],[-283,144]],[[46702,47490],[-136,71],[-430,-260],[-120,138],[-228,51]],[[53928,48678],[-348,-203],[-800,-276],[-618,33],[-421,234],[-188,-54],[-723,93],[-557,261],[-366,-19]],[[41926,46256],[-358,-45],[-156,-109]],[[41412,46102],[-30,177],[-498,158],[-346,179],[-209,476],[-434,445],[-3,421],[341,320],[92,346]],[[39048,48177],[252,-347],[-536,-462],[-413,-60]],[[38351,47308],[-420,310],[-11,142],[-326,217]],[[37594,47977],[-24,234],[196,231],[-88,159]],[[41412,46102],[-219,-245],[92,-360],[-40,-290],[115,-46]],[[41360,45161],[-282,3]],[[41078,45164],[-799,-139],[-205,7]],[[40074,45032],[-295,19],[-268,321],[-421,241],[-175,169],[-232,28],[-356,-150]],[[38327,45660],[-380,-62],[-197,73]],[[37750,45671],[-231,308],[-318,275]],[[37201,46254],[73,219],[517,328],[71,150],[361,176],[128,181]],[[53870,47832],[-679,-553],[-360,-147],[-82,-160],[86,-313],[-436,-412]],[[52399,46247],[3,-78],[-473,-542],[-244,-101],[-146,-298]],[[48472,45283],[-36,13]],[[48436,45296],[744,589],[-84,58],[65,478],[-18,422],[-356,692]],[[37201,46254],[-560,141],[-149,354]],[[36492,46749],[160,83],[-63,496],[224,57],[515,485],[174,-34],[92,141]],[[54356,47015],[-57,-449],[78,-269],[120,1],[4,-512]],[[54501,45786],[-416,-115],[-775,365],[-234,-60],[-153,222],[-524,49]],[[54268,48014],[-160,-498],[248,-501]],[[57896,46698],[-183,-164],[-82,-290],[-463,-292]],[[57168,45952],[-203,362],[-326,12],[-452,-179],[-253,44]],[[55934,46191],[-206,214],[-375,49],[-418,229],[-276,254],[-303,78]],[[48436,45296],[-416,194],[-210,-8],[-850,596]],[[46960,46078],[-150,147],[-68,268],[-91,990],[51,7]],[[46960,46078],[-136,-660],[-647,-348]],[[46177,45070],[-143,302],[-218,93],[-226,305],[-432,1014],[-165,633]],[[46177,45070],[-150,-308]],[[46027,44762],[-888,-300],[-1189,273]],[[43950,44735],[-138,284],[55,64],[-446,460]],[[55934,46191],[89,-190],[-33,-233],[-234,4],[223,-429],[-74,-255],[127,-125],[-85,-136],[87,-170],[184,22],[168,-139]],[[56386,44540],[-253,-296]],[[56133,44244],[-201,-144]],[[54497,44640],[91,711],[-87,435]],[[42138,44982],[-474,50],[-304,129]],[[57168,45952],[-224,-340],[-223,-647],[-254,-322]],[[56467,44643],[-81,-103]],[[49002,43391],[-216,-442],[-547,-507],[-286,-68]],[[47953,42374],[-1389,144],[-189,135],[-508,840],[-214,428],[-119,111]],[[45534,44032],[46,139],[288,257],[159,334]],[[74597,82290],[-11,-221],[169,69],[-142,-444],[22,-218],[-726,17],[-63,-182],[-140,0],[57,191],[-190,-168],[-135,12],[-201,209],[-217,-197]],[[72330,83104],[245,-139],[-58,-275],[371,-254],[61,-115],[400,48],[-5,-214],[304,-127],[433,-297],[180,-27],[-40,157],[117,232],[-381,146],[56,239],[466,-104],[118,-84]],[[58527,36852],[192,-550],[186,-728]],[[58905,35574],[-260,-30]],[[58645,35544],[-363,2],[-280,131],[-261,238],[-253,483],[-46,297]],[[57442,36695],[530,-167],[428,197],[127,127]],[[65224,30020],[-282,-84],[-19,-335],[-205,-514],[-273,13],[-227,216],[-509,-51],[-205,-116],[-181,48]],[[63323,29197],[-29,343]],[[63294,29540],[274,155],[467,625],[143,619],[246,565],[-124,798]],[[64300,32302],[259,-106],[696,-1179],[-31,-997]],[[41908,29186],[338,853],[-13,1033],[533,182],[280,175],[618,272]],[[43664,31701],[105,-510],[73,-1306],[592,-1159]],[[44434,28726],[-484,-139],[-440,13],[-255,96]],[[43255,28696],[-1347,490]],[[58621,31131],[253,287],[488,372],[294,87]],[[59656,31877],[591,-517],[45,-242],[185,23],[372,-218],[383,-350],[271,-105],[205,-288]],[[61708,30180],[130,-150]],[[61838,30030],[-126,-190],[-693,-296]],[[61019,29544],[-53,-21]],[[60966,29523],[-379,206],[-125,407],[-242,22],[-216,167],[-1383,806]],[[58421,31306],[200,-175]],[[60966,29523],[38,-434],[-142,-130],[95,-388]],[[60957,28571],[-960,-713],[-88,-16]],[[59909,27842],[-105,35],[-328,501],[-1091,-77]],[[58385,28301],[47,202],[-306,443],[144,186],[-58,235],[-340,316],[15,235],[-168,219],[-78,536]],[[57641,30673],[263,-64],[517,697]],[[49319,29377],[-160,-102],[-258,-365]],[[48901,28910],[-281,-25],[-126,-270]],[[48494,28615],[-94,270],[-335,72],[-414,-1],[-717,-97],[-1222,-262]],[[45712,28597],[-52,213],[-462,1196],[220,162]],[[45418,30168],[266,124],[1135,-174],[378,236],[304,-85],[254,180],[9,188],[282,271]],[[48046,30908],[266,-341],[421,-281],[93,-398],[180,-255],[256,-72],[57,-184]],[[57192,30855],[232,-167],[217,-15]],[[58385,28301],[-355,-215]],[[58030,28086],[-595,138]],[[57435,28224],[-1523,586]],[[55912,28810],[244,240],[163,985],[429,295]],[[56748,30330],[488,376],[-44,149]],[[43255,28696],[10,-432],[-207,-79],[-134,-393],[11,-441],[-123,-315],[-2,-263],[-152,-206],[22,-240],[-259,-112],[-118,-734],[-914,-833]],[[41389,24648],[-18,-8]],[[38642,28644],[93,131],[933,442],[770,414],[278,204]],[[40716,29835],[554,-309],[531,-136],[37,-334],[70,130]],[[61838,30030],[158,-37],[321,93],[198,-73],[351,10],[265,-359],[163,-124]],[[63323,29197],[-92,-242]],[[63231,28955],[-334,87],[-386,-45],[-683,331],[-50,144],[-759,72]],[[63497,27399],[-410,125]],[[63087,27524],[49,425],[186,591],[-91,415]],[[65224,30020],[316,-442],[368,-186],[128,-151],[-194,-156],[-173,-470],[-139,-87],[-762,-109],[-250,-126],[-65,-291],[-381,-218],[-242,-69],[-333,-316]],[[51231,29722],[265,-47],[67,-138],[318,-99],[504,133]],[[52385,29571],[276,-318],[173,-109],[190,-383],[377,-599]],[[53401,28162],[-441,-357],[-487,-27]],[[52473,27778],[-346,-20]],[[52127,27758],[-141,255],[-653,104],[-155,308],[-414,467],[-510,435]],[[50254,29327],[294,191],[376,-42],[307,246]],[[49639,29381],[157,-55],[458,1]],[[52127,27758],[40,-77],[-304,-574],[-244,-30]],[[51619,27077],[-605,-11],[-133,43],[-501,-135],[-329,-245],[-170,162]],[[49881,26891],[15,247]],[[49896,27138],[596,142],[34,496],[-275,501],[-387,475],[-225,629]],[[49319,29377],[320,4]],[[49896,27138],[-383,807],[-309,172],[-236,372],[-67,421]],[[63087,27524],[-436,-103],[-193,96],[-376,45],[-55,-272],[-512,-191]],[[61515,27099],[-187,946],[-352,369],[-19,157]],[[48494,28615],[-286,-203],[-185,6],[-382,-193],[-444,-292],[-906,214],[-515,34]],[[45776,28181],[-64,416]],[[49881,26891],[-58,-147],[104,-162],[-335,-520]],[[49592,26062],[-194,101],[-681,-289],[-277,-204]],[[48440,25670],[-560,214],[-974,172],[-952,214]],[[45954,26270],[-169,602],[-59,416],[50,893]],[[44434,28726],[823,-367],[519,-178]],[[45954,26270],[-1126,-1371]],[[44828,24899],[-1037,229],[-231,-228],[-604,-492]],[[42956,24408],[-676,251],[-356,0],[-140,111],[-395,-122]],[[57435,28224],[202,-1295],[91,-912],[52,-197],[-48,-456],[87,2],[149,-410],[76,1],[14,-319]],[[58058,24638],[-211,-4],[-196,-139],[-396,3],[-233,-114],[-91,-164]],[[56931,24220],[-152,58],[-665,519],[-109,187],[-183,566],[-16,312],[227,544],[-180,182],[175,721],[-266,530],[-371,607]],[[55391,28446],[521,364]],[[55391,28446],[-282,-1748],[-18,-490],[-172,-340],[137,-283],[-38,-132],[88,-441]],[[55106,25012],[-185,-173],[-441,74],[-456,-137]],[[54024,24776],[-72,361]],[[53952,25137],[13,351],[-109,438],[-147,299],[51,222],[303,401],[-28,1553]],[[54035,28401],[933,135],[423,-90]],[[61515,27099],[-153,14],[-188,-218],[-394,-68],[130,-437]],[[60910,26390],[-160,-109]],[[60750,26281],[-235,175],[-983,127]],[[59532,26583],[250,446],[133,524],[-6,289]],[[56931,24220],[-351,-451],[181,-242],[31,-224],[198,-567],[-474,-167],[-663,-59],[-191,-119]],[[55662,22391],[-54,45],[55,1142],[-35,444]],[[55628,24022],[71,109],[-216,175],[-80,322],[145,115],[-212,275],[-230,-6]],[[53401,28162],[634,239]],[[53952,25137],[-460,-49],[-466,149],[-181,-56],[-149,-319],[-351,109]],[[52345,24971],[171,644],[136,298],[-84,238],[43,215],[-35,609],[-118,280],[15,523]],[[59532,26583],[31,-250],[-343,-232],[-238,368],[-662,814],[-223,760],[-67,43]],[[60750,26281],[91,-367],[-289,-301],[80,-418],[-84,-162],[-291,-219],[43,-66]],[[60300,24748],[-504,38],[-293,-52],[-709,-27],[-736,-69]],[[52345,24971],[-183,-98]],[[52162,24873],[-735,72],[-240,168]],[[51187,25113],[105,289],[189,113],[139,264],[230,103],[-12,223],[-130,286]],[[51708,26391],[-89,686]],[[63497,27399],[-269,-397],[-288,-207],[-576,-162],[-155,-375],[-365,-390]],[[61844,25868],[-372,280],[-399,73],[-163,169]],[[51708,26391],[-400,-237],[-172,-213],[-306,-101],[-221,61],[-371,-19],[-142,215],[-82,-551]],[[50014,25546],[-422,516]],[[75317,83487],[23,-506],[-205,-125],[40,-341],[-344,42],[47,-139],[-281,-128]],[[77355,82913],[-36,-1009],[-200,-147],[23,-123]],[[77142,81634],[-466,-410],[-146,-43],[-382,144],[39,514],[-136,273],[-379,100],[-269,-15],[-433,-196],[-175,-313],[269,-442],[56,-192],[-156,-70],[-428,104],[-137,-164],[13,-324],[-273,-44],[-28,-93]],[[43441,36258],[430,-202]],[[43871,36056],[-143,-343],[73,-307],[179,-164],[-163,-317],[2,-489]],[[43819,34436],[-69,-45],[-263,-587],[-158,-124],[-110,-442]],[[43219,33238],[-393,-7],[-839,256],[-174,96]],[[41813,33583],[49,754],[-92,588],[-141,129],[-28,242]],[[41601,35296],[333,70],[253,530],[26,405],[141,115]],[[42354,36416],[189,97],[333,-1],[565,-254]],[[43871,36056],[814,-476],[893,-134],[369,-126]],[[45947,35320],[-62,-98],[13,-437],[77,-130],[-274,-536]],[[45701,34119],[-652,74],[-60,224],[-349,-19],[-226,97],[-421,-129],[-174,70]],[[51784,35450],[-318,-346],[67,-706]],[[51533,34398],[-439,-133],[-294,-229],[-526,-258],[-276,-299]],[[49998,33479],[-210,316]],[[49788,33795],[21,503],[-345,393],[-29,367],[-887,314],[-73,404]],[[48475,35776],[897,325]],[[49372,36101],[889,-331],[833,88],[311,-367],[333,83],[46,-124]],[[66054,36414],[172,-435],[-162,-397],[67,-1152],[-85,-286],[-445,-798]],[[65601,33346],[-209,35],[-753,-80],[-279,-174],[-248,112]],[[64112,33239],[-445,259]],[[63667,33498],[492,551]],[[64159,34049],[156,491],[296,694],[131,170],[316,592],[457,280],[539,138]],[[54124,35717],[489,62],[219,307]],[[54832,36086],[250,-114],[162,-419],[-87,-107],[101,-317],[-17,-314],[131,-449],[-78,-147]],[[55294,34219],[-262,-9],[17,200],[-552,211],[-564,-113]],[[53933,34508],[-142,132],[-109,304],[-213,262]],[[53469,35206],[128,368],[527,143]],[[41813,33583],[-315,-265],[-286,-479],[-1265,-237],[-427,168]],[[39520,32770],[-814,621],[-366,854],[77,118]],[[38417,34363],[542,840],[925,382],[221,184],[305,40]],[[40410,35809],[502,-409],[607,157],[82,-261]],[[47959,35777],[516,-1]],[[49788,33795],[-359,-326],[-318,-118],[-451,-62],[-555,-378],[-444,-189]],[[47661,32722],[-254,217],[-291,-21],[-258,133],[-48,196],[-304,42],[-483,-92]],[[46023,33197],[73,379],[-45,94]],[[46051,33670],[706,107],[359,489],[468,390],[-76,360],[-136,317],[-228,148]],[[47144,35481],[815,296]],[[51784,35450],[160,323]],[[51944,35773],[112,-151],[461,-131],[326,-322],[626,37]],[[53933,34508],[-52,-111]],[[53881,34397],[-1089,-629],[-403,-95],[-390,-244]],[[51999,33429],[-263,132],[-109,261],[-94,576]],[[46051,33670],[-211,137],[-139,312]],[[45947,35320],[414,24],[783,137]],[[58905,35574],[137,-433],[348,-461]],[[59390,34680],[-101,-167],[55,-344],[-259,-49],[-145,-138],[-260,-644],[6,-313]],[[58686,33025],[-354,14]],[[58332,33039],[-435,452],[-234,67],[20,170],[-152,214],[-343,21],[-138,-67],[-155,133],[-101,-108],[-67,241],[-396,83],[112,-210],[-202,31]],[[56241,34066],[-44,311],[-222,353]],[[55975,34730],[429,37],[197,-86],[541,15],[346,337],[509,-125],[258,68],[87,375],[239,66],[64,127]],[[46023,33197],[-34,-155],[-334,-188],[-78,-742],[-82,-127],[39,-333],[-142,-365],[164,-731],[-138,-388]],[[43664,31701],[391,-51],[36,557],[-317,533],[-432,270],[-123,228]],[[55294,34219],[350,-202]],[[55644,34017],[20,-152],[234,-79],[96,-353],[-61,-164],[368,-718],[-47,-134],[293,-242],[131,-564],[339,-340],[175,-416]],[[56748,30330],[-754,593],[-299,124],[-199,167],[-266,465],[-287,336],[-36,432],[-258,448],[-275,87]],[[54374,32982],[51,619],[-224,350],[-124,32],[-17,211],[-179,203]],[[59390,34680],[1175,-309]],[[60565,34371],[801,-465]],[[61366,33906],[-210,-144],[-618,-303],[-261,5],[-522,-504],[-303,-116]],[[59452,32844],[-375,55],[-138,136],[-253,-10]],[[51999,33429],[-73,-296],[17,-426],[128,-635]],[[52071,32072],[-512,43]],[[51559,32115],[-530,279],[-393,46],[-57,143],[-247,41],[-94,298],[97,283],[-225,220]],[[50110,33425],[-112,54]],[[54374,32982],[-17,-104],[-327,-291],[-391,-125],[-82,-215],[-318,-187],[-353,-97]],[[52886,31963],[-408,119],[-386,-90]],[[52092,31992],[-21,80]],[[55644,34017],[42,168],[384,-165],[171,46]],[[58332,33039],[-62,-523],[75,-396],[188,-178],[50,-279],[-140,-76],[-22,-281]],[[62892,33983],[-170,-298],[-84,-419],[-136,-122],[144,-231],[-246,-112],[102,-107],[-65,-386],[115,-132],[-36,-186],[-141,-24],[-379,-282],[-89,-130],[19,-457],[-137,-476],[33,-150],[-114,-291]],[[59656,31877],[-107,247],[90,366],[-187,354]],[[61366,33906],[184,120],[492,-48],[148,193],[558,-186],[144,-2]],[[50110,33425],[-381,-190],[-241,-278],[-582,-494],[-122,-359],[88,-208]],[[48872,31896],[-477,-199],[-233,-28]],[[48162,31669],[-110,39],[-350,432],[173,141],[-214,441]],[[64112,33239],[-69,-234],[71,-381],[186,-322]],[[62892,33983],[247,-191],[382,-131],[146,-163]],[[40716,29835],[-202,1193],[-574,696],[33,654],[-453,392]],[[51559,32115],[-77,-58]],[[51482,32057],[-795,-111],[-517,90],[-612,-21],[-267,-114],[-419,-5]],[[48162,31669],[-51,-210],[97,-111],[-162,-440]],[[56748,30330],[-988,237],[-249,220],[-149,272],[-248,139],[-227,-30],[-787,36],[-18,202],[-333,324],[-208,10],[-655,223]],[[52092,31992],[166,-290],[-51,-622],[330,-709],[-258,-314],[-9,-213],[115,-273]],[[51231,29722],[-312,636],[95,71],[-155,493],[342,577],[281,558]],[[76690,54539],[-254,-247],[-176,-679],[-1405,-1570]],[[74855,52043],[-95,390],[-413,245],[-260,436],[-468,280],[-122,254],[-399,322]],[[73098,53970],[508,665],[35,417]],[[75455,56052],[465,-707],[257,-275],[465,-275],[48,-256]],[[73098,53970],[-356,224],[-677,-64],[-818,202],[-361,300]],[[69870,54431],[-501,-955],[-98,-337],[28,-155],[-217,-396],[-120,-386]],[[68962,52202],[-1079,-345]],[[74855,52043],[-769,-792],[-36,-515]],[[74050,50736],[-556,245],[-865,-797],[-503,-165]],[[72126,50019],[-1682,-172]],[[70444,49847],[-654,591],[-154,578],[-246,303],[147,174],[-196,160],[-379,549]],[[70444,49847],[-942,-507],[-186,-838],[-445,-534],[-50,-495],[-109,-481],[-174,-102],[-76,-207],[-236,-61],[-342,206],[-323,13],[-285,-170]],[[67276,46671],[-574,292],[-172,-69],[-449,285]],[[66081,47179],[551,1097],[-70,522],[-504,661],[-26,211]],[[66032,49670],[41,181],[73,1487],[-186,184],[-428,263],[-806,351],[-92,483]],[[66032,49670],[-567,-40],[-881,133],[-558,180],[-789,-108]],[[63237,49835],[-65,601],[-185,394],[242,317],[-6,160]],[[63237,49835],[-815,-60],[-272,73],[-205,-218]],[[61945,49630],[-260,-22]],[[78476,48781],[-313,-294],[32,-236],[-1235,-1309]],[[76960,46942],[-398,-165],[-278,117],[-1170,17],[-543,281],[-311,825],[-51,23]],[[74209,48040],[-108,92],[-308,512]],[[73793,48644],[182,420],[-12,385],[1109,849]],[[75072,50298],[695,94],[252,-241],[2325,1366]],[[78344,51517],[136,-475],[492,-797],[-75,-776],[-413,-380],[-86,-234],[78,-74]],[[74050,50736],[-5,-64],[937,-89],[90,-285]],[[73793,48644],[-673,-140],[-347,165],[-531,656],[-116,694]],[[66081,47179],[-118,-686],[-440,-549],[-496,-505],[-648,-587],[-194,-251]],[[64185,44601],[-895,432],[-262,208],[-714,304]],[[62314,45545],[28,1032],[166,103],[831,369],[81,450],[386,433],[-776,820],[-1009,603]],[[62021,49355],[-76,275]],[[74209,48040],[-576,-1037],[-328,-295]],[[73305,46708],[-491,-224],[-688,-247],[-652,2],[-347,-192],[-910,-11],[-405,-202],[-579,-417],[-816,-298]],[[68417,45119],[-390,790],[-377,617],[-374,145]],[[62021,49355],[38,-360],[-251,-589],[224,-693],[60,-377],[-40,-612],[41,-279],[221,-900]],[[62314,45545],[-82,35],[-921,-39],[-496,-453],[-230,267],[-359,-92]],[[60226,45263],[-73,29]],[[60153,45292],[53,562],[-31,471]],[[79626,47609],[765,-891],[650,-1408]],[[81041,45310],[-217,-61],[-1138,-86],[-1011,16],[-440,289],[-1170,192],[-230,-8]],[[76835,45652],[106,536],[52,649],[-33,105]],[[78476,48781],[865,-836],[285,-336]],[[76835,45652],[435,-1124],[387,-1103],[219,-295],[180,-863],[554,-1066]],[[78610,41201],[-10,-149],[-688,140],[-297,-133],[-28,104],[-370,372],[-101,37],[-99,382],[-532,566],[29,223],[-235,-126],[-1232,528],[-577,-229]],[[74470,42916],[261,914],[-568,1368],[26,414],[-515,688],[-369,408]],[[68417,45119],[53,-150],[468,-263],[425,-553]],[[69363,44153],[-572,-828],[-238,-276],[-66,-189]],[[68487,42860],[-322,231],[-593,322],[-153,-569]],[[67419,42844],[-328,-58],[-473,-179],[-473,-266]],[[66145,42341],[-684,134],[-495,-21]],[[64966,42454],[-526,-126]],[[64440,42328],[-292,733],[-40,554],[-172,407]],[[63936,44022],[350,236],[-101,343]],[[60153,45292],[-501,275],[-347,33],[-539,245],[-202,219],[-398,723]],[[60153,45292],[-1155,-441],[-169,-32]],[[58829,44819],[-548,-147],[-272,43],[-398,-82],[-213,58],[-931,-48]],[[74470,42916],[-522,-768]],[[73948,42148],[-802,264],[-894,457],[-732,46]],[[71520,42915],[-158,87],[-933,680],[-1066,471]],[[40074,45032],[-192,-1034],[119,-868],[-44,-1126],[-63,-978]],[[39894,41026],[-916,586],[-117,234]],[[38861,41846],[-415,558],[-158,127]],[[38288,42531],[427,883],[-56,236],[-116,45],[113,334],[117,111],[-194,514]],[[38579,44654],[7,215],[-189,192],[-45,300],[96,116],[-121,183]],[[38579,44654],[-212,74],[-221,-42],[-572,5],[-361,57],[-87,281]],[[37126,45029],[-4,134],[204,135],[81,301],[343,72]],[[43950,44735],[-19,-330],[-256,-169],[-242,49],[-301,-153],[-265,-51]],[[42867,44081],[-224,110],[-117,492],[6,310]],[[63936,44022],[-684,-397],[-737,189],[-549,-267],[-372,-275],[-616,-161],[137,-194],[-214,24],[-190,164],[-187,-60]],[[60524,43045],[-244,40],[-100,133]],[[60180,43218],[105,505],[-114,516],[55,1024]],[[42867,44081],[-107,-604],[260,-257],[15,-419]],[[43035,42801],[-437,-542]],[[42598,42259],[-842,-28]],[[41756,42231],[-351,561],[-136,1717],[-191,655]],[[41756,42231],[-454,-105],[-1029,-1334]],[[40273,40792],[-379,234]],[[81041,45310],[6,-15]],[[81047,45295],[-143,-211],[-320,-721],[355,-764],[171,-185]],[[81110,43414],[-107,-60],[-1071,-8],[-793,-1247],[-529,-898]],[[60180,43218],[-690,27],[-130,215],[-332,-22],[-13,142],[-362,52]],[[58653,43632],[-9,281],[176,244],[-44,511],[53,151]],[[36070,43067],[-425,64],[-212,229],[-622,-277],[-430,-419]],[[34381,42664],[-257,238],[236,402],[80,376],[-38,304],[-280,469]],[[34122,44453],[257,274],[420,-74],[109,-145],[366,-66],[216,229]],[[35490,44671],[578,101]],[[36068,44772],[-66,-346],[118,-219],[178,-84],[-318,-86],[-147,-384],[16,-161],[221,-425]],[[45534,44032],[-302,-484],[-319,-632],[-316,-336]],[[44597,42580],[-1100,-203],[-462,424]],[[58653,43632],[-152,-5],[-74,176],[-240,-8]],[[58187,43795],[-411,84],[-56,-151],[-349,131],[-369,215]],[[57002,44074],[-680,-57],[-189,227]],[[38288,42531],[-259,234],[-283,151],[-825,-138],[-728,9]],[[36193,42787],[-123,280]],[[36068,44772],[896,172],[162,85]],[[47953,42374],[-225,-268],[-209,-850],[-195,-312]],[[47324,40944],[-926,80],[-209,-228],[-182,36],[-841,-71],[-174,-166]],[[44992,40595],[-386,561],[-273,114],[148,299],[170,805],[-54,206]],[[58187,43795],[-250,-725],[224,-236],[26,-291],[203,-727]],[[58390,41816],[-721,0]],[[57669,41816],[59,301],[-60,179],[-23,489],[-340,296],[28,82],[-179,376],[71,270],[-223,265]],[[71520,42915],[-876,-1105],[-195,-179],[-825,-262]],[[69624,41369],[-1072,1445],[-65,46]],[[64440,42328],[-449,-297]],[[63991,42031],[-959,27],[-295,-246],[-419,-475],[-182,-77],[-200,-356]],[[61936,40904],[-488,98]],[[61448,41002],[-462,687],[-459,535],[-127,219]],[[60400,42443],[134,369],[-10,233]],[[60400,42443],[-381,-159],[-437,-385],[5,-210]],[[59587,41689],[-1197,127]],[[36193,42787],[-253,-372],[14,-634]],[[35954,41781],[-152,18],[-130,-163],[-372,-207]],[[35300,41429],[-216,497],[-313,428],[-217,159]],[[34554,42513],[-173,151]],[[49582,42033],[115,-280],[-74,-573],[245,-497],[-12,-233],[100,-156],[-50,-363],[-119,-339]],[[49787,39592],[-766,-282],[-852,34]],[[48169,39344],[-613,360]],[[47556,39704],[-419,715],[187,525]],[[38861,41846],[-1522,-139],[-434,-117],[-605,-31],[-346,222]],[[69624,41369],[216,-850]],[[69840,40519],[-322,-154],[-405,-20],[-301,-98]],[[68812,40247],[-87,-77],[-470,44]],[[68255,40214],[-100,288],[-424,463]],[[67731,40965],[-2,715],[-267,580],[-43,584]],[[44992,40595],[-95,-174]],[[44897,40421],[-337,-58],[-247,39],[-537,513],[-460,-35],[-173,-183]],[[43143,40697],[-474,-18],[-184,126]],[[42485,40805],[23,211],[200,350],[-108,625],[-2,268]],[[67731,40965],[-74,54],[-732,-58],[-351,-196]],[[66574,40765],[-119,202],[-349,248],[49,73],[-109,368],[157,457],[-58,228]],[[73948,42148],[70,-506],[-127,-97],[-158,-481],[-231,-550],[-182,-213],[-324,71]],[[72996,40372],[-1100,-153],[-310,274],[-266,72]],[[71320,40565],[-279,-5],[-289,-315],[-131,204],[-781,70]],[[42485,40805],[-601,-44],[-1611,31]],[[61448,41002],[-306,21],[-435,-123],[-50,-86],[-379,-159],[-385,3],[-364,109]],[[59529,40767],[53,174],[-39,527],[44,221]],[[66574,40765],[-17,-156],[356,-532],[91,-381]],[[67004,39696],[-481,-181]],[[66523,39515],[-339,-38]],[[66184,39477],[-276,-48],[-111,252],[-99,-8],[-154,287],[-24,308],[59,253],[-368,196],[-257,430],[158,578],[-146,729]],[[66184,39477],[-184,-406],[-188,-166]],[[65812,38905],[-163,392],[-261,106],[-351,372],[-317,132],[-100,192],[-211,48]],[[64409,40147],[26,235],[-113,828],[-331,821]],[[51787,40877],[78,-568],[99,-360],[-65,-528],[-278,-185]],[[51621,39236],[-869,465],[-305,-204],[-660,95]],[[39894,41026],[-689,-42],[-961,-1286],[-203,-188],[-34,-185],[-305,-546],[-361,-303]],[[37341,38476],[-707,572]],[[36634,39048],[-170,139],[-403,618],[-217,591],[-293,426],[-251,607]],[[64409,40147],[-736,-297],[-956,-852]],[[62717,38998],[-245,181],[-278,-4]],[[62194,39175],[-71,40],[64,772],[-287,605]],[[61900,40592],[36,312]],[[40273,40792],[282,-1671],[78,-216],[-9,-729],[-272,-726],[-79,-62],[-51,-378],[-414,-731],[36,-113]],[[39844,36166],[-282,79],[-334,459],[-1257,1008],[-630,764]],[[47556,39704],[-170,-152],[-903,-170],[-624,23],[-764,-45]],[[45095,39360],[-486,445],[-83,134]],[[44526,39939],[3,80],[368,402]],[[44526,39939],[-394,68],[-183,-357]],[[43949,39650],[-581,-69]],[[43368,39581],[-185,244],[-5,308],[-82,199],[47,365]],[[40973,39885],[402,-170],[434,-983],[229,-148],[237,-33],[52,-211],[-139,-592],[-59,-508],[117,-272],[-69,-123],[177,-429]],[[40410,35809],[-36,157],[-530,200]],[[40273,40792],[700,-907]],[[43368,39581],[-142,-156],[83,-111],[-160,-102]],[[43149,39212],[-462,119],[89,233],[-222,194],[-113,212],[-441,220],[-1027,-305]],[[61900,40592],[-397,-80],[-211,-292],[-413,-170]],[[60879,40050],[-541,-106],[-575,-8],[-13,202],[-374,130],[153,499]],[[68255,40214],[-231,-398]],[[68024,39816],[-247,131],[-465,-196],[-308,-55]],[[62194,39175],[-220,-165],[-409,-108],[-394,96]],[[61171,38998],[-30,566],[-97,82],[-165,404]],[[43149,39212],[128,-244],[-71,-166],[356,-217],[258,21]],[[43820,38606],[7,-255]],[[43827,38351],[15,-479],[-104,-584],[-217,-300],[-47,-282]],[[43474,36706],[-33,-448]],[[71320,40565],[-106,-165],[-56,-422],[617,-733],[770,-391],[37,-102]],[[72582,38752],[608,-443],[380,-345],[454,-639],[105,-368],[398,-810],[-66,-118],[-328,-218],[-464,9],[-435,320],[-192,66],[-428,8],[-414,139],[-332,-18],[-347,54],[-257,227]],[[71264,36616],[-1103,1726],[-553,475]],[[69608,38817],[-26,358],[-544,850],[-226,222]],[[45095,39360],[-223,-490],[-108,-128]],[[44764,38742],[-278,-56],[-64,-150],[-294,-157],[-301,-28]],[[43820,38606],[44,775],[85,269]],[[72996,40372],[88,-556],[142,-229],[-69,-561],[-575,-274]],[[53928,38714],[207,343],[362,1011]],[[54497,40068],[754,130],[413,-212]],[[55664,39986],[188,-171],[190,-377],[152,-86]],[[56194,39352],[187,-187],[-58,-178]],[[56323,38987],[-22,-431],[-157,-214]],[[56144,38342],[-662,-133],[-238,164],[-523,-21]],[[54721,38352],[-600,208],[-193,154]],[[65812,38905],[-457,-292],[-229,-83],[-316,-3]],[[64810,38527],[-674,111],[-354,-216],[-192,-4],[-369,172]],[[63221,38590],[-504,408]],[[69608,38817],[-176,-283],[-157,-109],[-157,-282],[-292,184],[-185,-166],[-132,102],[-177,-95],[101,239],[-149,171],[-229,-67]],[[68055,38511],[-35,429]],[[68020,38940],[35,480],[109,96],[-140,300]],[[48169,39344],[-234,-235]],[[47935,39109],[-277,-115],[-769,-109],[-819,-423],[-701,-156],[-614,195]],[[44755,38501],[9,241]],[[51621,39236],[-255,-226],[53,-171],[223,-232]],[[51642,38607],[174,-327],[-7,-268],[-745,-359]],[[51064,37653],[-454,-93],[-425,28],[-286,-63],[-125,-119],[-141,-1059],[-261,-246]],[[47959,35777],[-196,956],[-5,299],[86,661],[328,1018],[-77,392],[-160,6]],[[68020,38940],[-230,-104],[-985,-22]],[[66805,38814],[92,392],[-92,180],[-282,129]],[[66805,38814],[-163,-588]],[[66642,38226],[-172,45],[-238,-134],[-56,184],[-73,-311],[-266,-35],[11,-146],[-202,-90],[-79,198],[-356,-107]],[[65211,37830],[-312,168],[43,197],[-132,332]],[[43474,36706],[985,-123],[52,195],[167,-27],[199,421],[-38,606],[249,55],[-282,255],[-51,413]],[[63221,38590],[-82,-38],[-170,-404],[30,-201],[-422,-364],[-33,-286],[-95,-53],[101,-236]],[[62550,37008],[-108,-44],[-263,225],[-272,75],[-725,43],[-400,164]],[[60782,37471],[146,423]],[[60928,37894],[129,318],[-48,484]],[[61009,38696],[162,302]],[[56323,38987],[479,-16],[279,-94],[-6,-159],[368,-196],[-10,-267]],[[57433,38255],[-709,-39],[-134,-269],[-239,23],[-80,168]],[[56271,38138],[-127,204]],[[54721,38352],[-123,-704],[-273,-210]],[[54325,37438],[-513,-167]],[[53812,37271],[-164,343],[41,521],[-356,502],[-171,-13]],[[53162,38624],[57,111],[416,117],[293,-138]],[[53812,37271],[-124,-42],[-48,-315],[247,-319],[237,-878]],[[51944,35773],[-81,149],[101,533],[-216,362],[-469,190],[-202,237],[90,257],[-103,152]],[[51642,38607],[961,193],[559,-176]],[[60928,37894],[-322,2],[-214,195],[-338,136]],[[60054,38227],[162,136],[48,215],[151,165],[594,-47]],[[68055,38511],[38,-160],[-297,-294],[106,-217],[-27,-498]],[[67875,37342],[-332,326],[-430,226],[-236,265],[-212,19]],[[66665,38178],[-23,48]],[[71264,36616],[139,-344],[-519,-290],[-369,-562],[34,-189],[-294,-651],[-13,-250],[-410,155],[-358,-23],[-434,139],[41,315]],[[69081,34916],[-139,149],[-237,490],[-181,146],[-72,300],[-424,641],[-153,700]],[[65211,37830],[-43,-502],[58,-78]],[[65226,37250],[-486,-489],[-1030,-926],[-76,-177]],[[63634,35658],[-253,124],[-269,226],[-201,522],[-361,478]],[[56271,38138],[-103,-418],[-134,9],[-140,-186],[168,-295],[-238,-99]],[[55824,37149],[-645,-89],[-126,-131],[-126,130],[-217,-142],[-120,326],[-265,195]],[[57433,38255],[222,-32],[92,-161],[123,67],[424,-82],[141,-134],[492,19],[123,-96]],[[59050,37836],[-53,-184],[180,-321],[99,-389]],[[59276,36942],[-749,-90]],[[57442,36695],[-329,239],[-350,-100],[-442,-39]],[[56321,36795],[-505,137]],[[55816,36932],[8,217]],[[60782,37471],[-382,-495],[-379,-76],[-178,28]],[[59843,36928],[-567,14]],[[59050,37836],[456,55],[187,188],[361,148]],[[66665,38178],[-35,-166],[234,-647],[17,-248],[326,-564],[261,-761],[321,-181],[236,-518],[201,-337]],[[68226,34756],[-24,-272],[-309,-917],[-401,138],[-517,-84],[-1374,-275]],[[66054,36414],[-51,361],[-261,329],[-516,146]],[[69081,34916],[-380,82],[-308,-214],[-167,-28]],[[55816,36932],[-251,-22],[-465,-404],[-268,-420]],[[63634,35658],[288,-356],[137,-87],[100,-1166]],[[60565,34371],[13,264],[-242,132],[-317,718],[-227,347],[-30,272],[82,526],[-1,298]],[[55975,34730],[-43,67],[190,538],[-32,806],[244,243],[-13,411]],[[51187,25113],[-693,-41],[-222,170],[-258,304]],[[47720,23177],[-89,-201],[39,-399],[-310,-97],[-290,-227],[-152,-201],[45,-171]],[[46963,21881],[-212,-61],[-464,213],[-261,266],[-272,25],[-584,-553],[-268,-130],[-167,33],[17,205],[-219,35]],[[44533,21914],[49,472],[123,271],[150,681],[129,153],[128,545],[-284,863]],[[45954,26270],[732,-1109],[1063,-1083],[18,-474],[-47,-427]],[[48440,25670],[320,-384],[143,-301],[258,-213],[282,-351],[50,-219],[305,-371]],[[49798,23831],[-38,-62],[354,-948]],[[50114,22821],[-507,270],[-101,-166],[-95,-546],[-245,22]],[[49166,22401],[-308,268],[-389,-215],[-400,300],[-349,423]],[[61844,25868],[-126,-85],[-169,-394],[-260,-123],[-249,-267],[-242,-39],[-307,-195],[-191,-17]],[[52162,24873],[-6,-172],[154,-370],[162,-72],[65,-250]],[[52537,24009],[9,-431],[-147,-530]],[[52399,23048],[-181,-239],[-355,-115]],[[51863,22694],[-98,28],[-281,413],[-73,224],[-300,530],[-216,54],[-456,4],[-641,-116]],[[44533,21914],[-343,104],[-310,757],[-246,479],[-151,122]],[[43483,23376],[65,194],[-59,189],[-386,347],[-147,302]],[[54024,24776],[-25,-619]],[[53999,24157],[-295,-112],[-761,119],[-406,-155]],[[55628,24022],[-296,-119],[52,-164],[-330,-139],[-100,-192]],[[54954,23408],[-178,253],[-424,-82],[-50,-179],[174,-62],[-47,-221]],[[54429,23117],[-214,54]],[[54215,23171],[-216,986]],[[43483,23376],[-274,21],[-132,-312],[-284,-196],[-303,-21],[-271,122],[-258,8]],[[54215,23171],[-49,-388],[295,-630]],[[54461,22153],[-315,-173],[-130,6],[-449,221],[-369,-65]],[[53198,22142],[-124,141],[-81,331],[-295,-17],[-204,171],[-95,280]],[[51863,22694],[53,-281],[-187,-368],[-9,-556],[51,-65]],[[51771,21424],[-353,-347]],[[51418,21077],[-150,272],[-314,209],[-260,301],[-107,306],[-327,244],[-146,412]],[[55662,22391],[-366,-204],[-739,32],[-96,-66]],[[54429,23117],[407,-108],[118,399]],[[49166,22401],[39,-214],[-126,-722],[420,-733],[-165,-289]],[[49334,20443],[-504,49],[-532,-116],[-260,25],[-309,253],[-159,382],[-296,520],[-98,286],[-213,39]],[[51418,21077],[-563,-205],[-350,49],[-76,-190],[-458,-331],[-637,43]],[[53198,22142],[-177,-266],[-300,-244],[-440,-131],[-510,-77]],[[57669,41816],[-218,-190],[-400,-122]],[[57051,41504],[-202,353],[-108,67],[-265,631],[-300,457],[-312,34],[-115,104]],[[57051,41504],[-329,-446]],[[56722,41058],[-117,-114]],[[56605,40944],[-297,499],[-235,140],[-448,-27],[-569,536],[74,396],[-88,381]],[[56605,40944],[-344,-428],[-379,-292],[-218,-238]],[[54497,40068],[-348,114],[-411,425],[-548,225],[7,76],[-312,202],[-291,307],[-287,140]],[[56194,39352],[192,114],[231,-40],[426,95],[94,315],[102,639],[-517,583]],[[10660,74291],[424,-222]],[[11084,74069],[200,-59],[78,-361],[254,-172],[226,-311],[218,573],[319,-993],[112,-508],[-155,-36],[19,-191],[171,-76]],[[12526,71935],[-678,-125],[-591,163],[-623,-381],[-255,-68]],[[10379,71524],[-1183,919]],[[9196,72443],[86,174]],[[9282,72617],[165,226],[-33,450],[105,389],[-152,46],[169,338],[100,-177],[179,106],[75,326]],[[9890,74321],[228,-96],[371,120],[171,-54]],[[37419,74580],[263,-353],[117,-290],[476,-228],[206,-22],[126,-338],[265,0],[31,-225],[169,-148],[1501,181]],[[40573,73157],[151,-245]],[[40724,72912],[-169,-200],[62,-415],[-338,-520],[-505,-308],[-518,-82],[-197,-96],[-238,-613]],[[38821,70678],[-571,336],[-698,340],[-1006,407],[-33,219]],[[36513,71980],[-123,768],[183,76],[122,586],[515,379],[209,791]],[[26234,74205],[573,-86],[40,111],[280,-287],[388,-148],[108,29],[595,-172],[725,-275]],[[28943,73377],[-52,-156],[495,-348]],[[29386,72873],[97,-288],[9,-358],[-165,-298],[-75,-588],[11,-227]],[[29263,71114],[-188,33],[-493,222],[-122,-106],[-168,72],[-642,-151]],[[27650,71184],[16,462],[-233,20],[322,507],[179,655],[-119,-86],[-325,88],[-88,-417],[-292,-88],[-391,144],[76,195],[-334,73],[-35,278],[-405,94],[55,312],[-297,24]],[[25779,73445],[160,400],[295,360]],[[14915,73829],[739,-375],[337,-130],[1189,-558]],[[17180,72766],[-308,-416]],[[16872,72350],[-1320,-397],[-373,-49],[-246,-172]],[[14933,71732],[-116,-221],[-629,82],[-250,133],[-426,84]],[[13512,71810],[144,891]],[[13656,72701],[763,306],[155,221],[304,161],[-106,241],[143,199]],[[19565,72936],[-463,-1005],[113,-90],[-538,-115]],[[18677,71726],[-267,-43],[-598,33]],[[17812,71716],[-272,121],[-19,289],[-350,211],[-299,13]],[[17180,72766],[70,203]],[[17250,72969],[439,465],[1356,-497],[520,-1]],[[50280,77651],[1993,-156]],[[52273,77495],[-293,-795],[401,-135],[208,27]],[[48770,71229],[100,1556],[-580,492],[-460,-70],[-41,-78],[-469,485],[-356,6]],[[46964,73620],[385,376],[-321,411],[-79,189],[46,683],[-136,284]],[[46859,75563],[-50,497],[-123,556],[95,202],[120,672],[51,495]],[[46952,77985],[373,6],[707,144],[240,656],[250,294]],[[48522,79085],[397,-361],[60,-347],[229,-249],[134,-321],[938,-156]],[[24494,71668],[282,116],[274,933],[197,-51],[-4,428],[235,-10],[222,105],[79,256]],[[27650,71184],[-253,-133],[6,-156],[-205,-266],[174,-484],[20,-520],[-109,-341],[-246,99],[164,73],[-160,336],[51,442],[-48,146],[94,289],[-33,195],[-145,-240],[-377,-102]],[[26583,70522],[-481,195],[-12,406],[-516,201],[-153,-4]],[[25421,71320],[-330,110],[-331,24],[-115,-92],[-188,201],[37,105]],[[31450,73428],[220,-158],[-95,-340],[203,-301],[66,68],[-138,488],[486,197],[346,-45],[-42,-99],[403,-367],[353,20],[137,-176],[211,3],[-5,-149]],[[33595,72569],[-13,-324],[-452,-225]],[[33130,72020],[-1331,96],[-489,104],[-335,-27]],[[30975,72193],[43,433],[183,70],[-87,305],[301,227],[35,200]],[[33595,72569],[438,891]],[[34033,73460],[783,-51],[126,-161],[-211,-645],[5,-244],[-201,-167],[1340,-140]],[[35875,72052],[-99,-623],[-179,-686],[9,-617],[-149,-277],[38,-436],[-130,-202],[46,-344]],[[35411,68867],[-345,-424],[-487,-196],[-603,-11],[-1719,429],[-381,-14]],[[31876,68651],[-20,188],[-544,895]],[[31312,69734],[514,487],[236,697],[1089,857],[-21,245]],[[43502,70678],[-172,67],[96,553],[137,372]],[[43563,71670],[90,294],[342,332]],[[43995,72296],[189,77],[195,394],[-16,139]],[[44363,72906],[247,213],[219,51]],[[44829,73170],[382,-59],[684,-237],[832,-34],[41,414],[196,366]],[[19565,72936],[502,95],[407,-142],[660,-452]],[[21134,72437],[11,-1087],[-56,-272],[-149,-36],[-78,-388]],[[20862,70654],[-373,24],[-168,217],[-473,145],[-100,175],[-385,174],[-420,90],[-266,247]],[[10379,71524],[190,-254],[77,-813]],[[10646,70457],[-1080,32],[-269,-131],[-246,-11],[-226,169],[-194,5],[-322,-138],[-33,108],[-418,29],[8,239],[-192,73],[206,259],[82,412],[-47,261],[348,542]],[[8263,72306],[231,299],[702,-162]],[[29386,72873],[369,-374],[618,-267],[602,-39]],[[31312,69734],[-191,278],[-800,432],[-653,74],[-279,-137]],[[29389,70381],[-126,733]],[[10646,70457],[82,-526]],[[10728,69931],[-482,-735],[-1480,-44],[-275,-330],[-369,-202],[-485,-133],[-916,237],[-441,67],[-560,157]],[[5720,68948],[-76,251],[-841,475],[-169,31]],[[4634,69705],[171,250],[433,931],[269,322],[402,166],[263,-21],[656,318],[552,517],[613,149],[270,-31]],[[42008,72852],[36,-378],[-117,-62],[142,-238],[-158,-535],[334,-22],[202,-170],[191,114],[925,109]],[[43518,70643],[-522,-318],[-338,152],[-653,125],[-1055,34]],[[40950,70636],[-14,119],[147,1213],[-68,848],[-212,90]],[[40803,72906],[529,-87],[220,133],[456,-100]],[[40950,70636],[-16,-727],[-123,-387],[-138,-155]],[[40673,69367],[-538,63],[-515,262],[-891,333]],[[38729,70025],[92,653]],[[40724,72912],[79,-6]],[[42008,72852],[503,-82],[634,-161],[850,-313]],[[17812,71716],[-59,-486],[99,-60],[143,-394],[-43,-375],[-244,-44]],[[17708,70357],[-225,13],[-463,143],[-361,232],[-221,468],[-367,243],[0,108],[-507,-87],[-155,149],[-476,106]],[[12526,71935],[160,-48],[826,-77]],[[17708,70357],[124,-161],[16,-673],[-40,-103]],[[17808,69420],[58,-224],[-236,-266]],[[17630,68930],[-195,-56],[-496,82],[-532,-290],[-245,173],[-231,65],[-126,173],[-1278,311],[-166,186],[-128,-127],[-132,136],[-240,-38],[-44,146],[-268,51],[-158,-123],[-713,94]],[[12678,69713],[-508,18],[-344,-65]],[[11826,69666],[-420,-51],[-528,36],[-150,280]],[[35875,72052],[336,-73]],[[36211,71979],[176,-1626],[72,-814],[-432,187],[161,-176],[96,-260],[274,-420],[61,-664]],[[36619,68206],[-38,-405],[95,-375]],[[36676,67426],[-428,-166]],[[36248,67260],[-371,350],[-519,236],[-122,337],[197,269],[-22,415]],[[20862,70654],[368,-22],[216,-96]],[[21446,70536],[65,-248],[-151,-338],[-405,-1377]],[[20955,68573],[-1414,627],[-119,-58],[-536,212],[-531,-21],[-547,87]],[[25421,71320],[10,-631],[135,-36],[-132,-298],[-195,-35],[-114,-201],[214,-32],[-84,-174],[-359,-85]],[[24896,69828],[-260,-30],[-64,-113],[-489,282]],[[24083,69967],[-93,136],[-458,44],[77,119],[6,512],[-205,99],[-168,-93],[-406,297],[1605,705],[53,-118]],[[36211,71979],[302,1]],[[38729,70025],[-96,-274],[131,-668],[-149,-512]],[[38615,68571],[-628,337],[-279,-71],[-409,-299],[-486,-119],[22,-161],[-216,-52]],[[26583,70522],[140,-564],[-68,-441],[-93,-133],[-125,90],[-360,33],[-142,-275],[177,-178],[-148,-258],[43,-217],[-380,-11],[-48,186],[-368,145]],[[25211,68899],[-315,929]],[[29389,70381],[-486,-607],[-573,-396],[-517,-249],[-215,-166],[-297,-387],[-148,-286]],[[27153,68290],[-1306,-252]],[[25847,68038],[-27,112],[-424,310],[-185,439]],[[21446,70536],[340,-35],[496,-417],[256,-89],[287,-269],[317,5],[78,109]],[[23220,69840],[354,-223],[245,-307],[126,-476],[116,-108],[-8,-255],[217,-477],[2,-146]],[[24272,67848],[-490,21],[-1555,-970],[-157,-45]],[[22070,66854],[-783,291],[-425,313]],[[20862,67458],[132,255],[-252,397],[213,463]],[[31876,68651],[-150,-15],[-252,-1071],[94,-340],[-103,-69]],[[31465,67156],[-779,-512]],[[30686,66644],[-356,258]],[[30330,66902],[275,491],[-78,171],[-857,469],[-371,258],[-137,173],[-317,-329],[-320,14],[-362,-125]],[[28163,68024],[-416,70],[-256,159],[-338,37]],[[40671,68909],[-140,33],[142,425]],[[11826,69666],[-332,-195],[0,-547],[-254,-526]],[[11240,68398],[30,123],[-664,68],[-1064,165],[-165,-35],[47,-462],[-86,-119],[-9,-423],[228,-94]],[[9557,67621],[-72,-59]],[[9485,67562],[-1049,1],[257,220],[495,229],[56,218],[-1212,4],[-246,-104]],[[7786,68130],[-30,127],[-797,-300],[-414,-566],[-238,-161]],[[6307,67230],[-142,268],[-417,183]],[[5748,67681],[-777,475],[-633,-383],[-20,-60]],[[4318,67713],[-315,-92]],[[4003,67621],[-67,19]],[[3936,67640],[294,135],[298,313],[708,539],[107,186],[377,135]],[[3936,67640],[-324,-111],[-515,555],[-208,2],[-292,184],[-17,402],[276,74],[521,271],[185,32],[1072,656]],[[23220,69840],[86,88],[494,69],[283,-30]],[[25847,68038],[-51,-506]],[[25796,67532],[-676,205],[-515,-61],[-333,172]],[[12678,69713],[293,-981],[54,-816],[591,-1241]],[[13616,66675],[-752,-226]],[[12864,66449],[-175,1288],[-90,502],[-426,35],[-491,-1185],[-380,-1035]],[[11302,66054],[-654,171],[-697,74],[-554,17],[-237,-250]],[[9160,66066],[-547,517]],[[8613,66583],[162,574],[275,235],[435,170]],[[9557,67621],[622,134],[1061,643]],[[17630,68930],[8,-393],[-185,-292]],[[17453,68245],[-361,17],[-826,-259],[-199,58],[-182,-375],[90,-236],[-129,-90],[-27,-265],[-276,-3],[-79,-116],[-119,170],[-687,-182],[-175,-464],[-192,-166]],[[14291,66334],[-675,341]],[[38934,67684],[-222,479],[-97,408]],[[20862,67458],[-574,29],[-408,-278],[-880,84],[-329,-84]],[[18671,67209],[26,100],[-502,192],[-420,301],[-82,444],[-240,-1]],[[36916,66115],[-140,-226]],[[36776,65889],[-15,339]],[[36761,66228],[-45,332],[18,527],[-58,339]],[[4346,61346],[-79,-54]],[[4267,61292],[-221,-78],[-1592,-274]],[[2454,60940],[-1393,68],[-237,-1351],[325,-806],[61,-338]],[[1210,58513],[102,-310],[295,-493],[109,54],[217,-177],[143,-480],[268,-5],[5,260],[184,-61],[48,-215],[-148,-286],[410,-209]],[[2843,56591],[889,-260],[109,-257]],[[3841,56074],[-72,-38],[470,-650]],[[4239,55386],[276,-146]],[[4515,55240],[132,-191],[432,-961],[-11,-202],[199,-264],[124,-16]],[[5391,53606],[-149,-179],[-73,-828]],[[5169,52599],[81,-745],[68,-218]],[[5318,51636],[-37,-377],[-186,-684],[-222,-446],[84,-622],[160,-526],[274,-337],[90,-231]],[[5481,48413],[239,-402],[301,-286],[403,-864],[125,-190]],[[6549,46671],[90,-580],[1066,-1241],[225,-672]],[[7930,44178],[35,-586],[258,-206],[-43,-233],[-340,-205],[-368,-613],[-41,-997]],[[7431,41338],[58,-314],[289,-372],[238,-486],[6,-358],[94,-475]],[[8116,39333],[-4,-556],[110,-508],[265,-704],[278,-383],[139,18],[750,-366],[-64,-62],[407,-179],[-64,-324]],[[9933,36269],[-180,66],[-197,-366],[176,-66],[69,-308],[435,-821],[131,-463],[-76,-618]],[[10291,33693],[-83,-269],[62,-127],[147,115],[313,-11]],[[10730,33401],[324,-148],[123,-160],[-201,-84]],[[10976,33009],[-229,53],[-310,-45],[-238,-330],[-279,-266]],[[9920,32421],[-366,-103],[-461,113],[-175,-85],[-343,37],[-30,-431],[180,-252],[71,-540],[-167,-263],[66,-661],[268,-352],[252,-105],[-79,-214]],[[9136,29565],[-57,-398],[208,-373],[51,-510],[167,-361],[-252,-197],[280,-174]],[[12480,21473],[-234,233],[23,538],[-306,257],[-300,107],[-902,24],[-148,47],[-1516,-12],[-106,116],[102,1073],[-181,472],[-299,346],[431,374],[271,19],[-144,155],[144,416],[-50,515],[-79,261],[-201,157],[-155,-100],[-143,73],[-237,-50],[-397,345],[-33,282],[507,875],[42,209],[-267,154],[292,170],[101,204],[-161,313],[210,164],[21,353],[-489,157],[-287,265],[-53,539],[280,355],[141,68],[83,336],[-104,248],[-235,128],[-40,825],[-255,463],[-31,168],[505,-195],[567,79],[131,257],[31,279],[172,-101],[129,65],[267,355],[93,268],[-5,250],[-262,43],[191,233],[-145,388],[-594,385],[-633,109],[-314,157],[123,306],[171,-44],[609,88],[128,316],[-388,569],[-443,391],[-204,127],[-260,-198],[-140,277],[-85,504],[-25,481],[-310,549],[-213,149],[-207,433],[14,357],[195,308],[185,438],[-114,370],[-14,768],[-66,396],[368,591],[-57,-225],[259,103],[297,677],[-55,850],[-154,345],[-293,455],[-630,717],[-252,131],[-498,14],[-172,-212],[-166,-54],[-201,99],[-297,-28],[-85,-311],[-358,-5],[-206,-84],[-455,176],[-120,422],[-225,243],[77,283],[227,260],[-89,846],[31,196],[-109,147],[58,470],[150,222],[251,682],[-111,252],[-300,301],[-282,514],[98,255],[366,168],[256,-227],[293,-160],[173,-178],[99,88],[63,423],[126,351],[-124,282],[39,301],[-84,682],[47,1001],[-78,461],[-138,224],[-131,435],[-341,585],[-418,610],[-309,288],[-334,96],[-326,-111],[65,-364],[286,-586],[-26,-273],[-110,-72],[-414,332],[-208,31],[-157,152],[-459,260],[117,265],[-319,-84],[-128,67],[-328,670],[73,275],[200,102],[-242,216],[179,379],[-388,337],[207,219],[-385,146],[-6,271],[-201,337],[-357,146],[71,148],[-214,264],[417,91],[183,269],[-64,313],[-129,107],[44,152],[-43,459],[111,170],[-85,237],[23,377],[174,315],[5,230],[161,82],[203,-58],[35,-519],[532,-320],[624,71],[319,190],[317,-7],[606,244],[250,-230],[182,70],[481,-58]],[[6234,61201],[379,-550]],[[6613,60651],[62,-288],[-239,-420],[-44,-1161]],[[6392,58782],[-48,-45]],[[6344,58737],[-644,-102]],[[5700,58635],[-303,443],[180,157],[-89,241],[-39,430],[-307,188],[-272,-63],[-30,87],[-289,-2],[-126,-415],[291,-309],[124,-487]],[[4840,58905],[-581,279],[-69,313],[23,474]],[[4213,59971],[149,139],[-26,182],[-143,39],[87,324],[-198,97],[-276,-77],[255,463],[206,154]],[[4346,61346],[96,38]],[[4442,61384],[208,15],[205,362],[116,-58],[196,-429],[685,-224],[382,151]],[[12462,60574],[134,-464]],[[12596,60110],[-1067,73],[-444,-472],[-163,-350],[-144,-156],[-253,-81],[-110,-490]],[[10415,58634],[-84,-82]],[[10331,58552],[-360,-23],[-67,299],[-461,-87],[-308,178],[-83,202],[-427,45]],[[8625,59166],[-2,342],[-166,603],[-422,819]],[[8035,60930],[296,142],[52,292],[315,19],[395,-246],[125,-156],[701,-170],[1299,21],[566,-65],[678,-193]],[[4213,59971],[-228,11],[-20,-186],[-303,-287],[-109,156],[115,76],[-135,194],[-617,264],[-434,588],[-28,153]],[[33579,61737],[399,22],[-35,-150],[242,-62]],[[34185,61547],[130,38],[146,-229],[-63,-69],[569,-514],[20,-201],[164,-186],[495,13],[499,94],[735,-78]],[[36981,60091],[-70,-996],[-772,-78],[-291,-248],[-422,-186],[-580,-804]],[[34846,57779],[-22,16],[-1559,41]],[[33265,57836],[65,1574],[-661,596],[159,291],[-351,633],[-232,239]],[[32245,61169],[145,41],[38,200],[360,137],[351,60],[50,170],[390,-40]],[[31208,61575],[293,45],[268,-97],[189,-381],[287,27]],[[33265,57836],[-1858,-495]],[[31407,57341],[-220,66]],[[31187,57407],[-203,1380],[193,890],[-139,829],[-242,-17],[246,181],[-414,263],[-82,157]],[[30546,61090],[55,240],[340,268],[267,-23]],[[4840,58905],[167,9],[276,-152],[53,-120]],[[5336,58642],[-520,-222],[-867,64]],[[3949,58484],[-369,-38],[-968,-5],[-782,61],[-620,11]],[[14994,61290],[110,-321],[237,-393],[315,-416]],[[15656,60160],[105,-513],[-11,-339],[261,-233],[52,-306]],[[16063,58769],[-224,-24]],[[15839,58745],[-539,47],[-440,149],[-348,-95],[-550,88],[-241,-111]],[[13721,58823],[-432,454],[-398,181]],[[12891,59458],[-190,283],[-105,369]],[[12462,60574],[334,14],[819,375],[684,-67],[357,337]],[[14656,61233],[338,57]],[[8625,59166],[-457,-293],[-169,-32]],[[7999,58841],[-652,-2]],[[7347,58839],[-345,-45],[-610,-12]],[[6613,60651],[230,182],[382,-23],[-57,-114],[318,176],[438,149],[111,-91]],[[31187,57407],[-769,-696]],[[30418,56711],[-627,-368],[-949,-412],[-23,101],[-1140,139]],[[27679,56171],[-177,1101],[20,34]],[[27522,57306],[221,181],[224,551],[-404,1193],[-219,455],[-210,218]],[[27134,59904],[125,189],[278,-144],[272,37],[823,621],[260,417],[193,191]],[[29085,61215],[508,-18],[352,-207],[601,100]],[[15656,60160],[760,680],[448,-29]],[[16864,60811],[604,-114],[573,-46],[91,229],[647,36]],[[18779,60916],[171,-318],[-1454,-545],[243,-8],[123,-174],[-195,-272],[-308,37],[-115,-248],[-59,399],[-1122,-1018]],[[19897,60844],[111,-607],[-504,-70],[-156,-133],[180,-110],[-360,-366],[-324,20],[127,-97],[-101,-234],[159,-304],[263,-1004],[-268,169],[-164,-67],[-199,-282],[138,-252],[-298,-29],[-33,-207]],[[18468,57271],[-817,26],[-479,-372]],[[17172,56925],[68,111],[-95,262],[30,326],[-168,145],[-792,184],[-488,285]],[[15727,58238],[-17,217],[129,290]],[[18779,60916],[1118,-72]],[[21035,60508],[266,-150]],[[21301,60358],[-473,-281],[34,-583],[-229,-925],[413,-643]],[[21046,57926],[-519,-75],[-894,-346],[-222,-151],[-575,-26]],[[18836,57328],[-368,-57]],[[19897,60844],[590,-30],[548,-306]],[[24254,60532],[283,-485],[-53,-233],[141,-144],[796,31],[184,-61]],[[25605,59640],[-123,-511]],[[25482,59129],[-376,-170],[-388,-79]],[[24718,58880],[-661,-129],[-96,66],[-263,-82],[-82,-157],[-688,-93],[-260,121]],[[22668,58606],[178,594],[316,360]],[[23162,59560],[78,16],[330,493],[246,592],[284,-12],[154,-117]],[[22668,58606],[-34,-430],[-149,-372],[-168,-241],[-360,-125],[-76,-237]],[[21881,57201],[-65,108],[-319,47],[-451,570]],[[21301,60358],[348,237],[239,-793],[228,-225],[445,-59],[601,42]],[[5700,58635],[-364,7]],[[12891,59458],[-714,-283]],[[12177,59175],[-612,-267]],[[11565,58908],[-575,-226],[-575,-48]],[[36332,55322],[-183,790],[-210,735],[-123,253],[-278,185]],[[35538,57285],[-692,494]],[[27522,57306],[-744,811],[-868,666],[-52,120],[-376,226]],[[25605,59640],[184,23],[192,-127]],[[25981,59536],[493,-126],[163,24],[358,456]],[[26995,59890],[139,14]],[[13721,58823],[134,-589],[-330,-727],[-189,-140],[-52,-168]],[[13284,57199],[-487,262],[-506,-198],[-67,197],[-243,79]],[[11981,57539],[72,159]],[[12053,57698],[209,170],[267,71],[-31,375],[-133,83],[-112,456],[-113,-34],[37,356]],[[10331,58552],[23,-96],[-148,-454],[-109,-84],[30,-307],[165,-611]],[[10292,57000],[-243,-155],[-245,80],[-450,-327]],[[9354,56598],[-145,421],[-504,-5],[-199,331],[-145,72],[-66,375],[-388,132],[-14,345]],[[7893,58269],[368,54],[-86,393],[-176,125]],[[12053,57698],[-364,247],[-154,-152],[-253,-8],[-179,317],[-18,232],[285,185],[6,123],[260,152],[-71,114]],[[7893,58269],[-546,570]],[[9354,56598],[-228,-55],[-211,-323],[-2,-176],[-247,-50],[-178,-186]],[[8488,55808],[-31,-27],[-389,500],[-229,4],[-279,178],[-85,310],[-175,144],[-13,296],[-118,190],[-473,506],[-292,-19]],[[6404,57890],[-60,847]],[[11981,57539],[-261,-74],[-279,-261],[-266,-133]],[[11175,57071],[-178,-151],[-284,91],[-327,-67],[-94,56]],[[15727,58238],[-76,-499],[-99,-178],[-50,-868]],[[15502,56693],[-859,-286],[-716,38]],[[13927,56445],[-246,140]],[[13681,56585],[-67,377],[-330,237]],[[6404,57890],[-130,-461],[-67,-932]],[[6207,56497],[-1222,41],[45,-132],[-200,29],[-15,304],[-217,-112],[-215,170],[-412,-288],[20,-153],[-150,-282]],[[2843,56591],[180,51],[181,-107],[151,324],[334,-27],[108,218],[208,129],[152,553],[-12,388],[-196,364]],[[27679,56171],[22,-133]],[[27701,56038],[-351,432],[-729,363],[-827,185],[-233,348],[-367,211],[-595,213]],[[24599,57790],[-12,432],[131,658]],[[24599,57790],[-335,-493],[-820,-249],[-483,-183],[-271,-2],[-442,-275],[33,-245]],[[22281,56343],[-308,16]],[[21973,56359],[25,574],[-117,268]],[[17172,56925],[-217,-349]],[[16955,56576],[-420,-166],[-618,29],[-387,119],[-28,135]],[[8488,55808],[-15,-125],[-549,188],[-109,-89],[-63,-391],[-150,-251]],[[7602,55140],[-847,-223],[-103,-59]],[[6652,54858],[-201,-97]],[[6451,54761],[-218,1048]],[[6233,55809],[-57,73],[31,615]],[[21973,56359],[-4,-96],[-441,-336],[-368,-110],[33,-725],[-180,-615],[228,-190],[12,-513],[505,-137],[-114,-655]],[[21644,52982],[-133,-65],[-397,184],[-483,-70],[-147,146],[40,-405],[-62,-1004],[190,-540],[326,-517],[120,-323],[241,-120],[391,24],[317,-368],[141,-40],[330,-481]],[[22518,49403],[-515,-156],[-1406,-543]],[[20597,48704],[-379,496],[50,568],[-236,273],[-757,325],[-65,345]],[[19210,50711],[-13,69]],[[19197,50780],[-20,135]],[[19177,50915],[69,178],[-149,531],[51,350]],[[19148,51974],[530,267],[547,148],[-81,348],[77,185],[-131,307],[-148,103],[-250,371],[-18,154],[-268,4],[-187,-111],[-25,133],[198,187],[31,401],[-581,218],[-722,82]],[[18120,54771],[289,273]],[[18409,55044],[-56,328],[389,148],[309,-233],[160,233],[-90,164],[306,27],[-16,663],[152,252],[-106,404],[-102,-139],[-443,307],[-76,130]],[[13681,56585],[-312,-126],[-514,-32],[-231,-573],[-227,-28]],[[12397,55826],[-272,168],[-644,490],[-144,530],[-162,57]],[[27701,56038],[-783,-92],[-1210,-225],[-94,-187],[-276,-65],[-117,121],[-520,290],[-648,103],[-182,116],[-168,-87],[-741,-12],[65,-93],[-308,7]],[[22719,55914],[-144,345],[-294,84]],[[35538,57285],[-65,-126],[-283,-175],[-278,93],[-138,-182],[-469,-222],[-118,-110],[-74,-391],[-201,-106],[-359,-309],[-243,-136]],[[33310,55621],[-157,217],[-961,-64],[-735,1551],[-50,16]],[[18409,55044],[-991,918]],[[17418,55962],[17,480],[-480,134]],[[12397,55826],[-146,-372]],[[12251,55454],[-736,-4],[-658,126],[-685,48],[-466,179],[-112,255],[-15,323],[-225,217]],[[33310,55621],[684,-1008]],[[33994,54613],[-246,-198],[-69,-685]],[[33679,53730],[-1582,450],[-187,155],[-68,-152],[-289,-148],[-420,-5],[-324,179],[-161,1104],[-230,1398]],[[6233,55809],[-171,-58],[48,-279],[-147,122],[-327,59],[60,189],[-965,-52],[-220,-275],[-272,-129]],[[34912,54345],[-274,207],[-509,168],[-135,-107]],[[12251,55454],[-41,-140]],[[12210,55314],[-204,-383]],[[12006,54931],[-358,-235]],[[11648,54696],[-549,-251],[-448,-278],[-688,-372],[-364,-14]],[[9599,53781],[-417,246],[-254,336],[20,157],[-421,151],[-28,118],[-897,351]],[[17418,55962],[-626,-396],[-487,-426],[53,-204],[-490,-714]],[[15868,54222],[-402,45]],[[15466,54267],[-148,230],[76,222],[-175,41],[-364,234],[-262,-583],[-312,90],[-353,-87],[7,-404]],[[13935,54010],[-116,-64],[-395,198]],[[13424,54144],[-281,200],[-397,473],[-740,114]],[[12210,55314],[610,-374],[114,244],[146,-240],[460,-92],[72,125],[281,-125],[34,1593]],[[33679,53730],[-85,-522]],[[33594,53208],[-1844,-416],[-986,-301],[-414,-68]],[[30350,52423],[-576,32],[-153,80],[-295,311],[-13,382],[-365,402],[-1093,-97]],[[27855,53533],[-8,143]],[[27847,53676],[62,376],[-246,209],[135,617],[-78,641]],[[27720,55519],[-19,519]],[[22719,55914],[62,-579],[-217,-556],[34,-493],[217,-406],[213,-266],[35,-311]],[[23063,53303],[-76,92],[-408,-191],[-283,13],[-235,-215],[-417,-20]],[[6451,54761],[-120,-90],[-386,242]],[[5945,54913],[-215,98],[-335,-53],[-97,-197]],[[5298,54761],[-327,62],[-276,439],[-180,-22]],[[27720,55519],[-868,-617],[-443,-89],[-343,-141],[-320,-246],[-469,-248],[-750,-307],[-520,-277],[-532,-113],[-231,-181],[-181,3]],[[18120,54771],[-4,-1]],[[18116,54770],[-1831,-580],[-417,32]],[[5298,54761],[33,-730],[153,-315],[-93,-110]],[[9599,53781],[49,-156]],[[9648,53625],[-254,-645],[-260,-344],[-201,-56],[-1073,-159]],[[7860,52421],[-827,1071],[-51,377],[-108,48],[-222,941]],[[27847,53676],[-436,80],[-841,-235],[-686,-283],[-282,-273],[-402,-193]],[[25200,52772],[-769,511],[-407,-275],[-3,-300],[-316,-228],[-332,-150]],[[23373,52330],[-351,286],[-42,531],[83,156]],[[5945,54913],[33,-44],[135,-1128],[-78,-457],[176,28],[170,-154],[327,-617]],[[6708,52541],[-1128,105],[-411,-47]],[[7860,52421],[-27,-2]],[[7833,52419],[-1125,122]],[[15466,54267],[-240,-394]],[[15226,53873],[-1291,137]],[[13424,54144],[77,-237],[-136,-700],[-27,-732],[130,-380],[-389,-360],[-53,-409]],[[13026,51326],[-72,-75],[-382,57],[-348,-108],[-295,61],[-285,-36]],[[11644,51225],[-498,-59],[-188,331],[-173,81],[2,186]],[[10787,51764],[235,82],[47,343],[340,407],[237,891],[-123,68],[171,368],[-46,773]],[[10787,51764],[-211,-240]],[[10576,51524],[-174,403],[-160,107],[-113,399],[-170,215],[-121,313],[-21,478],[-169,186]],[[19148,51974],[-509,199],[-185,165],[-253,-23],[-129,297],[-250,252]],[[17822,52864],[84,1090],[210,816]],[[17822,52864],[-254,47],[-126,-99],[-219,41],[34,-167],[-358,-319],[-416,-121],[183,-93],[-289,-458]],[[16377,51695],[-476,-245],[-217,-36]],[[15684,51414],[-706,385],[-146,331],[-177,-102],[-261,195],[10,158],[-296,38]],[[14108,52419],[318,286],[247,130],[-40,345],[124,18],[142,320],[263,108],[64,247]],[[35863,50005],[-431,-485],[-66,-168],[-6,-781],[-59,-484],[-482,-159],[-210,-230]],[[34609,47698],[-150,-111],[-447,-12],[-135,198],[-377,50],[-335,-19]],[[33165,47804],[-181,282],[-30,200],[-245,619],[-24,483]],[[32685,49388],[213,336],[-95,101],[160,102],[-37,793]],[[32926,50720],[269,1255],[-8,351],[407,882]],[[14108,52419],[-76,-145],[-286,-99],[-61,-319]],[[13685,51856],[-102,-221],[-557,-309]],[[10576,51524],[-328,-222],[-102,-312],[-364,-215],[-22,-251],[-146,-487],[-419,-275]],[[9195,49762],[-561,-223],[-468,-725],[-1,-57]],[[8165,48757],[-748,114]],[[7417,48871],[-128,306],[-140,-15],[-170,401],[115,646],[144,315],[379,535]],[[7617,51059],[349,613],[44,309],[-177,438]],[[27855,53533],[-553,-90],[-275,-168],[-117,-171],[-3,-425],[-221,-215],[-83,-225],[83,-334],[-131,-33]],[[26555,51872],[-84,54],[-728,119]],[[25743,52045],[-104,285],[-439,442]],[[30350,52423],[-19,-286],[-120,-32]],[[30211,52105],[-211,81],[-426,-436],[-395,-611]],[[29179,51139],[-953,-14],[-78,90],[-445,120],[-134,-106],[-665,-132]],[[26904,51097],[-196,254],[34,333],[-187,188]],[[23373,52330],[276,-225],[40,-246],[-119,-362],[19,-392]],[[23589,51105],[212,-546],[-134,-404],[-3,-193],[156,-406]],[[23820,49556],[-60,-81],[-506,87],[-75,68],[-316,-37],[-345,-190]],[[25743,52045],[-264,-142],[-43,-148],[-297,-151],[-457,-83],[-270,-362],[-158,-92],[-171,80],[-494,-42]],[[32926,50720],[-612,-18],[-543,-58],[-488,-390],[-383,117]],[[30900,50371],[22,422],[-351,257],[107,389],[-256,-3],[-18,320],[-264,190],[71,159]],[[19177,50915],[-108,243],[-284,400],[-631,126],[-466,189],[-745,-106],[52,130],[-269,259],[-192,-453],[-157,-8]],[[6708,52541],[-145,-125],[-91,-438],[-283,-324]],[[6189,51654],[-273,-24],[-65,-209],[-255,3],[-34,-138],[-190,20],[91,317],[-145,13]],[[7617,51059],[-280,-11],[-345,-107],[-505,67],[-369,97],[71,549]],[[15684,51414],[128,-153]],[[15812,51261],[-967,-49]],[[14845,51212],[-212,243],[-246,17],[-91,106],[-429,49],[-182,229]],[[19197,50780],[-296,-26],[-520,61],[-540,209],[-363,59],[-644,-3],[-550,139],[-472,42]],[[30900,50371],[-145,16]],[[30755,50387],[-422,197],[-287,3],[-270,148],[-167,197],[-426,205]],[[29183,51137],[-4,2]],[[14845,51212],[40,-319]],[[14885,50893],[-461,79],[-446,-77],[-241,112],[-472,-155],[-23,-607]],[[13242,50245],[-826,97],[-301,158]],[[12115,50500],[-93,253],[-325,-81],[-53,553]],[[7417,48871],[-949,-20],[15,-110],[-737,-272],[-265,-56]],[[12115,50500],[-187,-284],[-386,-44],[-169,-237]],[[11373,49935],[-366,165],[-172,2],[-309,-263],[-400,-102],[-20,-248],[-144,-126]],[[9962,49363],[-568,349],[-199,50]],[[26904,51097],[177,-592],[123,-104]],[[27204,50401],[-176,-251],[98,-408]],[[27126,49742],[-920,-114],[-751,106],[-299,-173],[23,-98],[-533,-90],[-146,-94],[-299,1]],[[24201,49280],[-252,49],[-129,227]],[[19210,50711],[4,-286],[-94,-833],[-631,-109],[-37,-830],[-221,-27],[-516,-237],[-127,-258],[-584,-200],[-67,-194],[-280,-106],[-484,157]],[[16173,47788],[-239,21],[-152,310],[-33,337]],[[15749,48456],[0,234],[-450,414],[-182,17],[-307,364],[7,458]],[[14817,49943],[64,414],[4,536]],[[29183,51137],[-243,-334],[-469,-71],[-245,-256],[-147,-47],[-395,87],[-480,-115]],[[14817,49943],[-423,61],[-311,-18],[-334,75],[-35,97],[-472,87]],[[30755,50387],[-134,-18],[-177,-419],[-100,-512],[74,-590],[-175,-254]],[[30243,48594],[-375,-55]],[[29868,48539],[-279,262],[-148,3],[-471,-270],[-94,85],[-313,29],[-832,-102],[-273,-170]],[[27458,48376],[-90,195],[-11,592],[-231,579]],[[20597,48704],[-771,-542],[-630,-64],[-195,-255],[-100,-309],[-317,-173],[-180,-294],[-325,-174],[-356,-360],[-99,-470],[39,-476]],[[17663,45587],[-152,-36]],[[17511,45551],[101,121],[-1013,77],[-578,87],[-486,12]],[[15535,45848],[257,271],[95,207],[-348,652],[210,460],[424,350]],[[15749,48456],[-496,-209],[-170,-24],[-1319,288],[-377,332],[-297,96],[-389,-78],[-184,-203],[-111,47]],[[12406,48705],[-79,213],[-534,113],[-287,551],[-133,353]],[[32685,49388],[-352,-199],[-279,60],[-291,-333],[-150,-70],[-306,-583],[-406,-431]],[[30901,47832],[-22,168],[-404,254],[-232,340]],[[12406,48705],[-93,-424]],[[12313,48281],[-213,-17],[-283,-238],[-125,-258],[73,-649],[6,-396],[-116,-667],[-476,-676]],[[11179,45380],[150,874],[-9,659],[-528,898],[-257,495]],[[10535,48306],[-573,1057]],[[10535,48306],[-205,-71],[-581,521],[-398,-364],[-28,-115],[-491,-88],[-386,-10],[-2,250],[-343,52]],[[8101,48481],[64,276]],[[36492,46749],[-357,76],[-510,-129],[-419,-257]],[[35206,46439],[-151,-26],[-161,138],[172,473],[-111,-72],[-171,225],[109,294],[-284,227]],[[27458,48376],[98,-691]],[[27556,47685],[-1047,-233],[-488,32],[-342,153],[-98,-130],[-523,-195],[-173,41],[-103,393],[29,396],[-124,282],[-657,74]],[[24030,48498],[171,782]],[[24030,48498],[-212,-474],[159,-621]],[[23977,47403],[-455,24],[-669,-166],[-77,116],[-345,-81],[-323,32],[-1244,-100]],[[20864,47228],[-128,1017],[-179,53],[40,406]],[[33165,47804],[-318,-201],[94,-169]],[[32941,47434],[-381,-347],[-25,-330],[90,-290],[-158,-234]],[[32467,46233],[-546,94]],[[31921,46327],[-115,53],[-78,276],[80,184],[-199,241],[-255,179],[-346,421]],[[31008,47681],[-107,151]],[[8101,48481],[-333,-800],[-430,-835]],[[7338,46846],[-789,-175]],[[15535,45848],[-14,1]],[[15521,45849],[-201,382],[-1315,-217]],[[14005,46014],[-667,733],[-119,380],[259,195],[-17,143],[-277,57],[-277,301],[-511,309],[-83,149]],[[11179,45380],[-13,-20]],[[11166,45360],[25,-47]],[[11191,45313],[12,-379]],[[11203,44934],[-824,122],[-531,-30]],[[9848,45026],[-288,302],[-229,118],[-385,-24],[-256,110],[-79,148],[-80,458],[-285,299],[-485,93],[-423,316]],[[20864,47228],[1,-387],[208,-440],[-39,-359]],[[21034,46042],[-37,-325],[49,-468]],[[21046,45249],[-1492,48],[-311,78],[-230,-25],[-420,152],[-364,278],[-566,-193]],[[29868,48539],[-240,-386],[-258,-40],[-64,-145],[-709,13],[-914,-269]],[[27683,47712],[-127,-27]],[[31008,47681],[-351,-466],[-456,-131],[-613,81],[-222,-260],[-646,76],[-147,-69],[-875,-44]],[[27698,46868],[-58,247],[161,532],[-118,65]],[[14005,46014],[-263,-507]],[[13742,45507],[-519,34],[-619,-158],[-307,30],[-344,-67],[-126,51],[-661,-37]],[[27698,46868],[97,-434]],[[27795,46434],[-609,45],[-1175,224],[-381,-83]],[[25630,46620],[-251,-40],[-270,-203]],[[25109,46377],[-570,-254],[-274,205],[-400,6]],[[23865,46334],[-86,184],[87,314],[128,36],[-17,535]],[[35206,46439],[75,-35],[-82,-465]],[[35199,45939],[-776,66],[-747,-4],[-206,129]],[[33470,46130],[-106,218],[202,289],[-113,106],[-79,409],[-171,250],[-262,32]],[[31921,46327],[-119,-167],[-386,-162],[-10,-115],[-352,-336]],[[31054,45547],[-374,-240],[-181,-181],[-47,-223]],[[30452,44903],[-804,-121]],[[29648,44782],[-55,202],[-451,313],[-697,-319],[-611,11]],[[27834,44989],[-51,361],[14,444],[-199,362]],[[27598,46156],[197,278]],[[23865,46334],[-242,-223],[-242,-117]],[[23381,45994],[-434,170],[-319,2],[-1021,-161],[-573,37]],[[33470,46130],[-368,-106],[-177,-168]],[[32925,45856],[-147,174],[-311,203]],[[9848,45026],[253,-219]],[[10101,44807],[-604,196],[-450,-365],[102,317],[-413,23],[96,-461],[146,72],[22,-301],[230,-140],[-236,-155],[-131,226],[-217,158],[-83,395],[-122,76],[-29,253],[-210,135],[-209,-55],[-205,-294],[304,-666],[-162,-43]],[[27598,46156],[-1404,-1052]],[[26194,45104],[-76,-15],[-193,327],[-246,281],[-38,174]],[[25641,45871],[55,602],[-66,147]],[[35490,44671],[-75,423],[-174,554],[-42,291]],[[25641,45871],[-344,-60],[-299,-123],[-151,26]],[[24847,45714],[109,180],[153,483]],[[15521,45849],[-93,-934]],[[15428,44915],[-456,-67],[-113,-78],[-455,-79],[-154,167],[-188,-78],[-303,104]],[[13759,44884],[-17,623]],[[24847,45714],[-189,-77],[-535,64],[-403,-143]],[[23720,45558],[-291,213],[-48,223]],[[23720,45558],[194,-118],[109,-266]],[[24023,45174],[0,-736],[-371,-39],[-144,60],[-204,-129],[-1916,204],[-220,89]],[[21168,44623],[-122,626]],[[32925,45856],[351,-420],[376,-664],[370,-342],[100,23]],[[34554,42513],[-188,-240],[-71,-258],[-268,-478],[-949,-779],[-344,362]],[[32734,41120],[-68,70],[-367,804],[-104,599],[-26,474],[-137,677],[-275,322]],[[31757,44066],[36,746],[-123,477],[-444,78],[-172,180]],[[27834,44989],[184,-575],[137,-133],[257,3]],[[28412,44284],[14,-148],[-213,-306]],[[28213,43830],[-182,-70],[-193,-226],[-501,116],[-380,-123],[-320,27],[-293,-65],[-36,-171],[-242,-82],[-191,157],[-404,-10],[-241,-70]],[[25230,43313],[169,143],[110,616],[375,331],[156,251]],[[26040,44654],[206,408],[-52,42]],[[17511,45551],[-95,-353],[-310,-234],[61,-148]],[[17167,44816],[-1704,-387]],[[15463,44429],[-35,486]],[[21168,44623],[-569,-668]],[[20599,43955],[-271,-90]],[[20328,43865],[-385,20]],[[19943,43885],[-1328,362],[-357,45],[-933,368]],[[17325,44660],[-158,156]],[[26040,44654],[-694,52],[-488,139],[-215,409],[-620,-80]],[[13759,44884],[-109,-634],[-85,1],[69,-453],[-49,-326],[185,-163],[58,-307],[-42,-353]],[[13786,42649],[-230,-35],[-610,37],[-17,176],[-367,683],[-275,601],[-120,43],[-679,749],[-297,410]],[[13786,42649],[173,-28],[177,192]],[[14136,42813],[109,-462],[107,-225]],[[14352,42126],[-801,-38],[-202,96],[-521,110],[-269,7],[-441,-147]],[[12118,42154],[-130,346],[-207,231],[-239,848],[-349,56],[230,522],[-58,46],[42,428],[-204,303]],[[10101,44807],[99,-330],[-24,-243],[134,-390],[25,-291],[362,-615],[214,-291],[-222,-323]],[[10689,42324],[-682,-196],[-297,-231],[-219,-24],[-479,-182]],[[9012,41691],[-692,-168],[-407,-169],[-299,45],[-183,-61]],[[31757,44066],[-281,135],[-312,-33],[-524,-170]],[[30640,43998],[-24,243],[-164,662]],[[12118,42154],[-628,-316],[-206,124]],[[11284,41962],[-595,362]],[[25230,43313],[60,-208],[-335,-166]],[[24955,42939],[-324,450],[-518,138],[-169,-93],[-563,307],[-561,64],[-1403,219],[-818,-69]],[[29648,44782],[-511,-80],[-257,-236],[-468,-182]],[[15463,44429],[139,-891],[87,-52]],[[15689,43486],[-439,-188]],[[15250,43298],[-715,-362],[-399,-123]],[[17325,44660],[-378,-342],[-85,-152],[433,-312],[64,-175],[218,-154]],[[17577,43525],[-273,-78],[-435,89],[109,-298]],[[16978,43238],[-805,99],[-484,149]],[[30640,43998],[-40,-309],[-196,-506]],[[30404,43183],[-104,48],[-451,-25],[-140,121],[-478,78],[-834,-64]],[[28397,43341],[-184,489]],[[19943,43885],[-229,-484]],[[19714,43401],[-1393,-34],[-614,68],[-130,90]],[[32734,41120],[-1065,80],[25,-211],[1351,-1041],[-167,-222]],[[32878,39726],[-375,-456],[-574,-176],[-578,115],[-331,150],[-142,173],[-515,-95]],[[30363,39437],[-22,243],[-159,158],[-39,226],[-124,47],[-397,-122],[-396,151],[-124,-160],[-357,360]],[[28745,40340],[444,673],[206,156]],[[29395,41169],[551,423],[260,679],[59,447],[139,465]],[[24955,42939],[209,-254],[5,-231],[-225,-275],[-111,-261]],[[24833,41918],[-480,16],[-576,190],[-1193,-143],[-1482,-377],[-43,-72]],[[21059,41532],[-42,172],[-177,130],[-405,451]],[[20435,42285],[-60,68],[-228,1174],[181,338]],[[20435,42285],[-1807,40],[-1100,41],[-614,-15],[-521,-58],[-394,-128]],[[15999,42165],[-489,31]],[[15510,42196],[36,94],[-296,1008]],[[16978,43238],[449,-262],[568,0],[1719,425]],[[28397,43341],[23,-329],[-78,-546]],[[28342,42466],[-30,0],[-187,-1234],[-391,-170],[-19,-157],[-205,-120],[-393,23]],[[27117,40808],[-359,-164],[-78,67],[-394,-9],[-428,249],[-890,194]],[[24968,41145],[-130,512],[-5,261]],[[15510,42196],[-1158,-70]],[[29395,41169],[-354,172],[-220,-80],[-225,205],[-225,1001],[-29,-1]],[[11284,41962],[-232,-299],[-43,-889],[28,-512],[335,24],[-595,-206],[-570,-478],[-621,-26],[-331,351]],[[9255,39927],[34,173],[-133,311],[-191,148],[468,21],[-89,278],[-220,215],[161,137],[-338,188],[65,293]],[[15999,42165],[45,-386],[174,-534],[137,-83]],[[16355,41162],[-110,-186],[109,-467],[47,-982],[162,-259]],[[16563,39268],[103,-297],[-79,-379],[-507,-141]],[[16080,38451],[-496,145],[-777,-156],[-270,-218],[-60,-605],[57,-486]],[[14534,37131],[-1364,-169],[-311,-171],[-1077,-455],[-433,-43],[-387,-121],[-1029,97]],[[8116,39333],[270,45],[-14,145],[202,116],[438,98],[243,190]],[[21059,41532],[-29,28],[-2592,288],[-700,-190],[-1383,-496]],[[28745,40340],[-482,-588],[-406,-707]],[[27857,39045],[-314,-312]],[[27543,38733],[-100,156],[118,335],[-389,518],[-24,224],[-198,427],[167,415]],[[36634,39048],[-124,-206],[-510,-430],[-599,-1141]],[[35401,37271],[-984,813],[-200,211]],[[34217,38295],[-1339,1431]],[[24968,41145],[-151,-331],[-611,-392]],[[24206,40422],[-118,-75],[-349,275],[-21,-84],[-522,153],[-135,-85],[70,-164],[-466,-222],[-1949,90]],[[20716,40310],[-74,6]],[[20642,40316],[70,357],[181,209],[183,423],[-17,227]],[[20642,40316],[-1493,-206],[-376,84],[-282,-149],[-401,34],[-518,-237],[-502,-72],[-420,-179],[-87,-323]],[[27543,38733],[-322,-233]],[[27221,38500],[-551,2],[-326,96],[-244,-6],[-651,-281]],[[25449,38311],[-104,26],[-251,-190]],[[25094,38147],[-164,187],[84,482],[88,90],[-85,422],[-635,586],[-161,298],[-15,210]],[[25094,38147],[-181,-365],[-114,-664]],[[24799,37118],[-488,74],[-471,-212],[-409,-40],[-218,-363],[-905,-240]],[[22308,36337],[-265,1536],[-18,343]],[[22025,38216],[-901,971],[-188,548],[30,172],[-250,403]],[[22025,38216],[-1158,-516],[-376,-205],[-54,-581],[-510,-114]],[[19927,36800],[-353,156],[31,166],[-738,-175],[-802,-77],[163,-409],[-9,-269]],[[18219,36192],[-602,-473],[421,-276],[261,122],[543,152],[239,-123],[585,192],[974,77],[1691,32]],[[22331,35895],[2,-45],[689,-460]],[[23022,35390],[-10,-407],[-546,-166]],[[22466,34817],[-583,134],[-1486,-1144]],[[20397,33807],[-1017,626]],[[19380,34433],[-536,-308],[-567,302],[-443,299],[-521,139]],[[17313,34865],[-63,288],[-181,172],[-49,349],[-320,-184],[-289,-62],[-79,194],[-304,-185],[-562,219],[-284,-59]],[[15182,35597],[-236,-38],[69,177],[-82,257],[97,51],[-116,378],[59,315]],[[14973,36737],[262,66],[281,226],[313,426],[-8,322],[306,556],[-47,118]],[[30363,39437],[-117,-27],[-169,-295],[-488,-299],[-164,23]],[[29425,38839],[-44,155],[-608,146],[-459,-110],[-457,15]],[[34217,38295],[-152,53],[-334,-87],[-555,-224],[-1028,-175]],[[32148,37862],[-426,-9],[-231,-218],[-452,-232],[-271,-415]],[[30768,36988],[-258,-5],[-265,362],[-546,46],[-250,-53]],[[29449,37338],[56,406],[-126,126],[-53,506],[-123,289],[222,174]],[[29449,37338],[-147,-27],[-8,-189],[-519,-1308],[-9,-113]],[[28766,35701],[-22,0]],[[28744,35701],[-61,641],[-546,463]],[[28137,36805],[-410,336],[30,136],[-127,614],[-243,458],[-166,151]],[[38417,34363],[-1096,14],[-366,441]],[[36955,34818],[-1105,1337]],[[35850,36155],[-463,968],[14,148]],[[14973,36737],[-439,394]],[[28137,36805],[-154,-79],[-1174,-60],[-247,298],[-701,375],[-225,319],[-116,400],[35,228],[-106,25]],[[28744,35701],[-1309,-40],[-1174,-512],[-273,-527]],[[25988,34622],[-349,-192]],[[25639,34430],[-128,20],[-225,664]],[[25286,35114],[-198,461],[-238,961],[-51,582]],[[22308,36337],[23,-442]],[[18219,36192],[625,35],[288,185],[673,156],[122,232]],[[35850,36155],[-1374,-243],[-378,-45],[-455,-271],[-236,-77]],[[33407,35519],[-301,119]],[[33106,35638],[-307,330]],[[32799,35968],[-42,505],[-154,449],[1,318],[-102,260],[-354,362]],[[32799,35968],[-321,-20],[16,-178],[-135,-218],[-350,-230]],[[32009,35322],[-240,-40],[-444,295]],[[31325,35577],[50,175],[-349,399],[-146,293]],[[30880,36444],[96,219],[-208,325]],[[15182,35597],[-213,-602],[-272,-539],[-8,-159],[-358,-111],[-348,-18],[-182,-195]],[[13801,33973],[-203,-485]],[[13598,33488],[-291,-64],[-395,-205],[-431,59],[-222,-118]],[[12259,33160],[-606,-204],[-419,-41],[-258,94]],[[10730,33401],[13,145],[-160,140],[-292,7]],[[30880,36444],[-216,-51],[-571,-531],[-189,-1403]],[[29904,34459],[-379,458],[-480,60],[162,226]],[[29207,35203],[-238,114],[-203,384]],[[25286,35114],[-293,-44],[-9,-217],[-151,56],[-851,-99],[-256,317],[-704,263]],[[31325,35577],[-162,-47],[-521,-691],[-6,-69],[-683,-398]],[[29953,34372],[-49,87]],[[36955,34818],[-735,-608],[-564,-98],[-262,-171],[-246,137]],[[35148,34078],[-161,169],[-163,18],[-45,226],[-248,155],[-200,253],[-266,143],[15,145],[-212,228],[-461,104]],[[33106,35638],[-135,-372],[-406,-247],[-44,-259]],[[32521,34760],[-119,202],[-393,360]],[[17313,34865],[-15,-83],[-811,-300],[106,-310],[42,-349]],[[16635,33823],[-378,-126],[-704,-111],[-131,-78],[-181,205],[-355,62],[-117,158],[-200,-32],[-349,106],[-419,-34]],[[29207,35203],[-611,-212],[-415,-425],[-359,-272],[-273,-10],[-623,105],[-557,-6],[-381,239]],[[35148,34078],[-235,-435],[-132,-690],[353,-1453],[518,-1433],[1004,-1361]],[[33302,30705],[-474,2186],[152,144],[-22,196],[-235,400],[17,315],[-161,329],[119,176],[-22,180],[-140,-55],[-15,184]],[[30561,32071],[-265,357],[14,309],[-262,500],[-193,555]],[[29855,33792],[-47,502],[145,78]],[[25639,34430],[317,-841],[-16,-323]],[[25940,33266],[-24,-474],[23,-883]],[[25939,31909],[-500,-144],[-495,100],[-410,-156],[-343,-12],[-342,-181]],[[23849,31516],[-165,717],[-263,124],[-399,1030],[-320,1388],[-236,42]],[[29855,33792],[-1354,-133],[-146,-37],[-556,158],[-702,-339],[-173,24],[-519,-211],[-465,12]],[[23849,31516],[-122,-950]],[[23727,30566],[-50,-403]],[[23677,30163],[-399,259],[-168,359],[-444,95],[-348,-175],[68,-222],[-128,-279],[-232,-3],[-125,-340],[-199,-195],[311,-541],[-202,45],[-50,135],[-117,-300]],[[21644,29001],[-275,9],[-106,-104],[-240,384]],[[21023,29290],[-168,341],[-51,631]],[[20804,30262],[384,122],[297,-191],[110,734],[-85,-9],[-201,410],[-48,420],[-97,337],[-275,87],[-452,262]],[[20437,32434],[-242,431]],[[20195,32865],[55,23],[147,919]],[[19380,34433],[-194,-114],[-175,-226],[-356,-42],[-735,-388],[-585,105],[-217,112],[-483,-57]],[[20195,32865],[-926,-389],[-390,-128]],[[18879,32348],[-217,223],[-390,542],[-153,-48],[80,-435],[-348,-289],[-232,-7],[-318,336],[-225,-35],[-527,138],[45,-458],[-479,-138],[-95,-194]],[[16020,31983],[-400,68],[-306,-98],[-292,95],[-170,259],[-422,89]],[[14430,32396],[58,211],[-127,108],[-93,375],[-580,242],[-90,156]],[[30526,31810],[-290,-60],[-1790,42],[-327,297],[-372,-35],[-100,-272],[-173,-78],[-236,90],[-328,-289],[-37,-141],[-597,-183],[-73,-225]],[[26203,30956],[-237,601],[-27,352]],[[14430,32396],[-27,-285],[78,-273]],[[14481,31838],[-243,100],[-337,-147],[-844,-54]],[[13057,31737],[-133,46],[-53,202],[-185,23]],[[12686,32008],[80,106],[-206,415],[307,-9],[-419,204],[-189,436]],[[12686,32008],[-160,-11],[-258,-482]],[[12268,31515],[-498,-78]],[[11770,31437],[-291,14],[-66,129]],[[11413,31580],[-119,662],[-224,422],[-94,345]],[[11413,31580],[-253,-42],[-108,-212],[-407,-3],[119,-273],[-408,-118],[-47,327],[482,130],[-151,287],[-187,-55],[-184,295],[-118,315],[-202,-75],[-29,265]],[[18879,32348],[-705,-326],[-229,-410]],[[17945,31612],[-1215,-160]],[[16730,31452],[-710,531]],[[20437,32434],[85,-235]],[[20522,32199],[-457,-184],[-403,-91],[-89,-195],[346,-300],[-186,-301],[213,108],[58,-309]],[[20004,30927],[-740,-211],[-177,88],[11,183],[-766,-267]],[[18332,30720],[-219,639],[-168,253]],[[11770,31437],[-56,-498],[-80,-273]],[[11634,30666],[-420,-85],[159,-164]],[[11373,30417],[-163,-465],[-271,-208]],[[10939,29744],[-457,-2],[-1045,-110],[-301,-67]],[[16730,31452],[-51,-184],[111,-248]],[[16790,31020],[-281,18],[-534,237],[-370,292],[-453,-307]],[[15152,31260],[-200,8],[1,135],[-304,160]],[[14649,31563],[-168,275]],[[20804,30262],[-109,273],[-172,121]],[[20523,30656],[-131,254],[239,106],[80,291],[-69,537],[-120,355]],[[20523,30656],[-336,-26],[-54,229],[-129,68]],[[13057,31737],[414,-91],[152,-280],[-120,-73]],[[13503,31293],[-487,-124]],[[13016,31169],[-15,213],[-296,155],[-437,-22]],[[14649,31563],[51,-309],[-241,-100],[-94,140],[-145,-255]],[[14220,31039],[-379,198],[-338,56]],[[28636,28349],[-364,367],[-66,252],[-177,205],[-1049,700],[-640,808],[-24,241],[-113,34]],[[26203,30956],[-432,-237],[-259,139],[-669,-467]],[[24843,30391],[-1116,175]],[[13016,31169],[-179,-99],[130,-233],[-358,-351],[-176,-27],[-799,207]],[[15152,31260],[-98,-95],[225,-477],[92,87],[422,-324],[-81,-203]],[[15712,30248],[-204,90],[-158,-209]],[[15350,30129],[-313,152],[-292,361],[-254,61],[-271,336]],[[18332,30720],[263,-570]],[[18595,30150],[-540,-111],[-136,117],[-240,-67],[138,-148],[-236,-149]],[[17581,29792],[-369,-34],[-272,197],[-410,563]],[[16530,30518],[199,165],[61,337]],[[16530,30518],[-220,-30],[-375,-234]],[[15935,30254],[-223,-6]],[[15350,30129],[-45,-127],[-603,-639],[-8,-530],[-322,-456],[-233,-221],[-198,-560],[131,-192]],[[13432,27385],[-1055,275],[-493,554]],[[11884,28214],[-204,215],[300,219],[425,175],[53,213],[-462,663],[-236,277],[212,-9],[1,215],[-378,302],[-222,-67]],[[21023,29290],[-243,-127],[-596,52],[-145,115]],[[20039,29330],[-32,26]],[[20007,29356],[-139,228],[-424,-15],[-187,156],[-296,113],[-366,312]],[[25639,28502],[96,437],[-390,426],[-135,668],[-367,358]],[[23677,30163],[-679,-176],[-184,-232],[30,-646],[202,-599],[-43,-111],[-178,93],[-33,-147],[-215,-80]],[[22577,28265],[-324,54],[34,228],[-328,-33],[-24,197],[-168,-82],[-183,200],[60,172]],[[11884,28214],[-236,91],[-543,-5]],[[11105,28300],[-97,1131],[-115,119],[46,194]],[[17581,29792],[31,-193]],[[17612,29599],[-49,-203],[-178,-137],[-134,57],[-214,-157],[-333,-123]],[[16704,29036],[-328,463],[59,36],[-263,315],[-237,404]],[[22811,27767],[-152,460],[-82,38]],[[16704,29036],[-210,-219],[-74,53],[-190,-373],[224,-122],[-376,-121],[-105,-248],[-189,93],[-86,-632],[139,-95]],[[15837,27372],[-80,-259],[-145,-103]],[[20007,29356],[-499,-300],[-229,43],[-449,-60],[-232,-246]],[[18598,28793],[-374,112],[-272,195],[-337,59],[-400,-157],[-78,111],[149,169],[128,-59],[210,137],[-12,239]],[[11105,28300],[7,-394]],[[18598,28793],[-194,-99]],[[18404,28694],[-465,248],[-329,-330],[45,-271],[-839,-78],[-402,-133],[-546,-607],[-31,-151]],[[20039,29330],[442,-500],[-19,-117],[218,-325],[-226,-441]],[[19193,27764],[-195,240],[-379,228],[-215,462]],[[77142,81634],[239,109],[276,-55],[49,-293],[244,-439],[336,-70],[520,-294]],[[78806,80592],[-38,-254],[-238,-291],[265,-161],[28,-347]],[[78823,79539],[-271,-228],[-67,-332],[-201,306],[-230,219],[-466,-438],[-433,17],[99,-90],[38,-428],[-443,-277],[-376,-73],[24,-155],[369,79],[245,-52],[-244,-359],[-248,-215],[-187,17],[391,-275],[51,299],[420,643],[191,-36],[248,-194],[88,143],[324,-140],[177,-277],[-50,-363],[148,25],[102,265],[482,-22]],[[79004,77598],[285,-122],[0,-366],[224,-49],[215,97],[255,-217],[-157,-230],[395,-4],[442,-76],[186,171],[-289,46],[118,435],[341,-38],[103,295],[451,-117],[-158,-464],[150,-80]],[[81565,76879],[-123,-134],[311,-103],[7,-277]],[[81760,76365],[-349,-47],[-308,58],[-201,129],[-388,-464],[-336,-67],[-185,-124],[-215,72],[-330,-16],[-182,-119],[-189,44],[-84,-268],[-378,63],[-78,-152],[-265,27],[-109,172],[-294,97],[-329,282],[-393,-355],[186,-203],[-103,-99],[-107,-411]],[[77123,74984],[-701,63]],[[83610,78124],[-253,-26],[-44,-641],[-96,-301]],[[83217,77156],[-144,128],[-208,-115],[-264,143],[-411,-9],[-202,-272],[-331,-16],[-92,-136]],[[79004,77598],[-209,316],[303,39],[292,154],[61,213],[-183,129],[-227,588],[50,209],[-113,239],[-155,54]],[[78806,80592],[635,-208],[313,-192],[210,-18],[-9,390],[526,-189],[236,-174],[625,-238],[350,-387],[274,50],[433,345],[647,9],[23,-364],[650,-298],[90,-480],[-199,-714]],[[86409,77518],[-132,-189],[-323,121],[-219,-331],[86,-240],[1,-338],[-80,-445],[-351,180],[-446,-91],[-273,-170],[-43,-232],[-168,-177],[6,-212],[-284,-2],[-314,-191],[0,-90]],[[83869,75111],[-209,-113],[-422,102],[-446,-37],[-234,-690],[-132,-258],[-502,-388]],[[81924,73727],[-80,217]],[[81844,73944],[577,938],[162,334],[-49,410],[112,343],[176,216],[130,358],[195,204],[70,409]],[[83610,78124],[412,-331],[296,-56],[330,34],[325,182],[659,3],[777,-438]],[[86878,77304],[-181,-305],[34,-129],[-189,-787],[-167,-565],[-231,-279]],[[86144,75239],[-256,-88],[-296,-214]],[[85592,74937],[-312,155],[-612,15],[-367,71],[-432,-67]],[[86409,77518],[469,-214]],[[89822,75682],[-51,-401],[-297,-228],[-289,-358],[-41,-181],[-309,-213]],[[88835,74301],[-588,147],[-315,173],[-692,33],[-276,135],[-368,47],[-452,403]],[[86878,77304],[153,-67],[273,93],[303,196],[714,-19],[381,40],[111,-55],[56,-259],[255,-35],[222,-206],[359,40],[16,-439],[272,-522],[-171,-389]],[[81844,73944],[-400,327],[-1003,174]],[[80441,74445],[165,471],[29,383],[223,473],[338,252],[530,34],[34,307]],[[80441,74445],[-348,117],[-100,196],[-727,-71],[-129,76],[-451,67],[-350,-84],[-243,188],[-43,-70],[-326,60],[-255,153],[-346,-93]],[[90381,74995],[-540,-287],[19,-239],[-184,-375],[-164,-464],[-233,-1328]],[[89279,72302],[-215,-366],[12,-149],[-377,-363],[94,-121],[-435,-970],[-299,-280],[-139,-292],[-185,-75]],[[87735,69686],[-318,106],[-416,46],[-295,158],[-338,356],[-75,209],[-477,271],[-631,624],[-261,670]],[[84924,72126],[108,12],[452,344],[350,-89],[126,-177],[542,-84],[297,231],[141,-26],[856,383],[176,298],[224,58],[228,426],[61,370],[350,429]],[[89822,75682],[368,-344],[191,-343]],[[84924,72126],[7,188],[-282,62],[93,127],[-102,160]],[[84640,72663],[267,47],[4,102],[348,315],[85,201],[389,460],[39,225],[-217,398],[37,526]],[[84640,72663],[-387,-129],[-233,-221],[-414,22],[-80,-330],[-111,-139],[-273,-7]],[[83142,71859],[-171,283],[-278,-127],[-262,46]],[[82431,72061],[-29,354],[92,292],[-60,304],[-165,143],[82,263],[-427,310]],[[82431,72061],[-161,-185],[-263,-53],[-1092,-556],[-504,-61],[-261,-137]],[[80150,71069],[-77,49],[-828,-228],[-228,-160]],[[92579,71056],[-2,120],[-489,232],[-620,100],[-378,226],[-725,550],[-337,-17],[-272,61],[-165,-97],[-96,170],[-216,-99]],[[90381,74995],[186,-274],[462,-478],[645,-405],[1043,-145],[256,52],[552,276],[327,102],[106,-312],[-156,-538],[-8,-698],[-148,-382],[385,-424],[441,-348],[-800,-603],[-741,51],[-352,187]],[[87735,69686],[297,-607],[344,-261],[69,-242],[351,-304],[63,-251],[374,-48],[434,-260],[387,-163],[542,-515],[0,-152]],[[90596,66883],[-24,-305]],[[90572,66578],[-119,103],[-555,-131],[-744,-352],[-235,-188],[-287,-349],[-133,-243]],[[88499,65418],[-298,-185],[-748,20],[-209,-59],[-279,198],[-231,16]],[[86734,65408],[-173,509],[-215,375],[-305,398],[-232,-27],[-45,152],[-166,26],[-295,296],[36,534]],[[85339,67671],[72,286],[-141,50],[209,255],[-181,124],[37,166],[127,-91],[20,243],[-336,-57],[11,-184],[-307,115],[-21,202],[159,25],[-186,287],[121,30],[-129,282],[316,264],[-442,581],[-17,209],[-491,414],[-56,198],[-267,-109],[-238,330],[-164,31]],[[83435,71322],[-315,301],[22,236]],[[92579,71056],[-79,-205],[216,-709],[5,-538],[-156,-462],[-50,-347],[-409,-729],[-660,-771],[-850,-412]],[[83435,71322],[-60,-44],[93,-498],[225,-366]],[[83693,70414],[-780,-200],[-428,65],[-211,-73],[-105,182],[-225,-171],[-251,2]],[[81693,70219],[-176,141],[-236,-89],[-488,92],[-117,326],[-526,380]],[[85339,67671],[-444,189],[-397,76],[-158,111],[-152,333],[-388,-49],[-210,119]],[[83590,68450],[-11,154],[124,742],[65,812],[-75,256]],[[81693,70219],[-23,-236],[-220,-1],[-548,-208],[123,-286],[-585,-159],[-209,36],[-110,-310],[-186,-43],[-381,79],[-157,122],[-214,1],[45,-323],[-207,-99]],[[83590,68450],[-511,-706],[25,-328],[215,-451],[58,-293],[-29,-282],[-100,-151]],[[83248,66239],[-243,-99],[-372,90],[-376,-198],[-482,-34],[-154,176],[-270,-171],[-38,-145],[-320,-26],[-431,204],[-405,321],[29,104],[-498,227],[-11,80],[-540,32]],[[86734,65408],[-688,-376],[-686,-27]],[[85360,65005],[-65,202],[-361,128],[-132,143],[-531,26],[-126,-80],[-260,117],[-301,-2]],[[83584,65539],[-150,8],[-13,515],[-173,177]],[[83584,65539],[-250,-477],[-59,-501],[-174,-228]],[[83101,64333],[-260,17],[-104,-144],[-555,55],[-331,-68],[-136,47],[-490,-90],[-215,83]],[[81010,64233],[-747,-86],[-369,57],[-38,170],[-1071,40],[-87,75]],[[90572,66578],[489,-832],[40,-394],[-154,-285],[291,-634],[459,-363],[-101,-765],[139,-153],[429,-969],[-614,18],[-804,-120]],[[90746,62081],[-421,756],[-379,302],[-87,-92],[-430,131],[-462,42],[-38,111],[-889,-214],[-10,-281]],[[88030,62836],[-160,137],[-105,274],[239,249],[115,-206],[277,73],[97,177],[31,309],[157,239],[-205,530],[-217,219],[147,97],[237,-127],[265,219],[-409,392]],[[85360,65005],[208,-170],[202,-307],[-45,-110],[346,-525],[73,-247],[-156,-380],[-18,-464]],[[85970,62802],[-415,-300],[-183,-50],[-325,-219],[-406,-760],[58,-590],[-125,-147]],[[84574,60736],[-302,-63]],[[84272,60673],[-74,614],[106,276],[-133,213],[-490,535],[-306,988],[-382,56],[-38,137],[153,489],[-7,352]],[[88030,62836],[325,-347],[152,-285],[80,-319]],[[88587,61885],[-193,38],[-565,620],[-206,73],[-393,261],[-295,14],[-318,-81],[-209,-135],[-438,127]],[[81010,64233],[-233,-312],[86,-108],[-48,-258],[-265,-191],[400,-351],[103,-437],[-365,49],[21,110],[-547,240],[-126,-128],[94,-138],[-405,-64],[-242,-126],[95,-423],[-78,-113],[-387,-24],[52,-255],[-485,4],[-43,-431]],[[84272,60673],[-71,-357],[-229,-103],[-297,137],[-2,-166],[-329,-145]],[[83344,60039],[-450,784],[-228,99],[67,196],[-230,183],[-98,187],[-281,18],[-361,251],[-109,-138],[-397,-139],[-197,-3]],[[90746,62081],[-741,-402]],[[90005,61679],[-439,-89],[-979,295]],[[90005,61679],[-315,-818],[392,-886]],[[90082,59975],[-269,-123],[141,-405],[-280,-89],[-270,10],[-320,196],[-418,80]],[[88666,59644],[-220,43],[-267,627],[-237,158],[-38,182],[-230,-75],[-119,225],[-707,-141],[-175,-149],[-388,133],[-187,-108],[-345,171],[-183,-151],[-634,317],[-125,-254],[-237,114]],[[83344,60039],[-246,-208],[252,-196],[-316,-239],[9,-226],[-340,-210],[87,-421]],[[82790,58539],[-594,-64]],[[88666,59644],[-364,-589],[-761,-434],[-341,-57]],[[87200,58564],[-874,181],[-537,53],[-967,-25],[-941,-225],[-376,156],[-462,-229],[-253,64]],[[90583,57864],[-412,-285],[-14,-220],[-371,-184],[-233,-500],[-369,-18],[-318,-81],[-337,-164],[-117,-230],[-169,-33],[57,-236],[-170,-183],[-416,-54],[57,-252]],[[87771,55424],[-249,26]],[[87522,55450],[-39,277],[-182,109],[-282,-9],[-462,78],[-851,479]],[[85706,56384],[200,11],[397,364],[508,288],[153,214],[-94,280],[270,516],[-47,203],[107,304]],[[90082,59975],[186,-168],[-230,-130],[51,-429],[253,-1062],[241,-322]],[[85706,56384],[-40,19]],[[85666,56403],[-434,116],[-336,-180],[-589,-393],[-786,-139]],[[83521,55807],[-38,-5]],[[79403,56694],[-166,-308],[52,-674],[-283,-144],[234,-169],[-147,-148],[160,-148],[-152,-205],[-305,-63],[-80,-260],[597,-195],[-24,-194],[-708,-141],[-949,-423]],[[77632,53622],[-746,600],[-196,317]],[[92520,55256],[-394,-109],[-357,-235],[-137,-262],[-425,-257],[-335,-68],[-375,-301],[-337,-45]],[[90160,53979],[-634,315],[-401,77],[-290,314],[-427,347],[-621,344],[-16,48]],[[90583,57864],[381,50],[413,135],[630,-299],[655,-406],[157,49],[64,-694],[-2,-619],[-361,-824]],[[81184,55108],[155,-271],[-17,-320],[280,-473],[690,-780],[318,-881],[341,-383]],[[82951,52000],[-347,-254],[-89,-222]],[[82515,51524],[-289,-97],[-1339,407],[-1548,-45],[-993,-267]],[[78346,51522],[61,1005],[-775,1095]],[[85666,56403],[-31,-218],[-171,-339],[147,-246],[-239,32],[-161,-143],[34,-200],[223,-536],[90,-51],[-97,-249],[-124,-48],[103,-173],[-116,-66],[405,-350],[-276,-141],[-162,55],[-365,-170]],[[84926,53560],[-569,472],[-264,353],[-327,186],[-139,362],[25,547],[-131,327]],[[87522,55450],[-150,-386],[-191,-822],[-154,-239],[-518,-152],[-152,-197],[-295,-621]],[[86062,53033],[-662,194],[-474,333]],[[86062,53033],[6,-6]],[[86068,53027],[-513,-145],[-375,-34],[-854,-461],[-712,-205],[-212,-106],[-451,-76]],[[90160,53979],[-453,-874],[-77,-287]],[[89630,52818],[-524,-176],[-422,26],[-267,-77],[-368,36],[-377,-86],[-641,-17],[1,-95]],[[87032,52429],[-435,107],[-499,259],[-30,232]],[[93676,50995],[-368,-419],[-229,-341]],[[93079,50235],[-887,-71],[-633,251],[-214,417],[-388,180],[-592,-152]],[[90365,50860],[-260,298]],[[90105,51158],[-94,199],[42,272],[-64,313],[-248,496],[-111,380]],[[92520,55256],[465,-146],[60,-112],[-104,-266],[-63,-661],[39,-509],[-26,-514],[179,-498],[-53,-61],[409,-1200],[250,-294]],[[78346,51522],[-2,-5]],[[87032,52429],[-12,-629],[35,-428],[150,-595]],[[87205,50777],[-116,-124],[-822,132]],[[86267,50785],[-64,205],[-464,180],[-70,-105],[-421,182],[-43,-119],[-219,-15],[-78,-331],[-159,137],[-555,18],[-87,146],[-628,-54],[126,-266],[-89,-19]],[[83516,50744],[-262,412],[-144,132],[-385,54],[-210,182]],[[90105,51158],[-110,-139],[-282,-45],[40,-389],[-170,-94],[-600,55],[-341,-168],[-507,-161],[-98,-100]],[[88037,50117],[-96,199],[-736,461]],[[83516,50744],[164,-443],[295,-372],[336,-638],[-38,-322],[-399,-453],[-1122,87]],[[82752,48603],[-522,-38],[-205,-206],[-267,84],[-1986,-123],[22,-440],[-84,-278],[-84,7]],[[86267,50785],[-26,-651],[-137,-426],[-398,-790],[-40,-1113]],[[85666,47805],[-622,-456],[-114,-279]],[[84930,47070],[-435,-40],[-813,-363],[-723,257]],[[82959,46924],[-152,188],[-55,1491]],[[90365,50860],[72,-305],[-129,-43],[-79,-297],[119,-87],[89,279],[375,80],[9,-298],[-159,-68],[76,-273],[-278,-157],[191,-106],[-489,-1069]],[[90162,48516],[-254,-9],[-308,156],[-385,-39],[-450,51]],[[88765,48675],[-274,157],[-254,421],[-146,379],[-54,485]],[[93079,50235],[159,-157]],[[93238,50078],[-279,-231],[-285,-586],[-387,-141],[-720,-98]],[[91567,49022],[-296,-105]],[[91271,48917],[-539,15],[-175,-251],[-395,-165]],[[97367,50285],[83,-309],[154,-199],[-261,-288],[-217,-49],[-150,-271],[-130,-651],[-361,-142],[49,-155],[-179,-205],[-154,-43]],[[96201,47973],[-503,244],[-420,326],[-400,251],[-507,476],[-766,442],[-309,411],[-58,-45]],[[93676,50995],[123,-99],[990,-133],[218,34],[589,-181],[417,-229],[208,43],[833,-205],[313,60]],[[88765,48675],[9,-483]],[[88774,48192],[-560,-141],[-1272,-272],[-268,60],[-1008,-34]],[[96742,47208],[30,330],[-172,239],[-399,196]],[[97367,50285],[347,-6],[202,195],[461,103],[718,-124],[240,-143],[408,-971],[256,-360],[-35,-250],[-322,-191],[-65,-170],[193,-202],[-46,-200],[-214,-112],[-11,-131],[491,-334],[-237,-108],[-340,113],[-186,-21],[-267,-339],[-819,-10],[-315,-83],[40,-356],[-311,18],[-256,158],[-557,447]],[[96742,47208],[60,-711],[-86,-114],[-1219,-569],[-149,10],[-740,551],[-71,-158],[6,-555],[-189,-268],[-358,8],[-507,318],[-191,-31]],[[93298,45689],[-301,366]],[[92997,46055],[279,110],[-24,160],[322,198],[115,-226],[449,-181],[170,106],[71,325],[212,83],[317,-319],[208,172],[-379,383],[-176,74],[-510,423],[-77,175],[-197,-18],[-543,372],[-59,147],[-277,75],[103,106],[-229,92],[-352,-143]],[[92420,48169],[-413,352],[-440,501]],[[92420,48169],[300,-236],[248,-681],[-99,-583],[128,-614]],[[93298,45689],[-227,-381],[-560,-527],[-433,191],[-239,34],[7,-251],[-170,-520],[-251,-145],[-285,285],[-406,239],[-460,52],[-58,-166],[-154,-11],[-401,301],[-151,-93],[212,-1070],[-38,-36],[-1262,389]],[[88422,43980],[215,256],[97,330],[-189,676]],[[88545,45242],[98,149],[367,224],[213,58],[738,-17],[346,481],[209,463],[161,825],[628,1042],[-34,450]],[[88545,45242],[-332,56],[-65,410],[204,831],[299,494],[209,497],[-69,234],[-17,428]],[[82959,46924],[-1450,-1217],[-462,-412]],[[88422,43980],[-494,-184],[-328,81],[-309,-200],[-415,-96],[-225,-190],[-536,71],[-49,377],[-129,32]],[[85937,43871],[-21,19],[175,1096],[-446,1044],[-350,551],[-365,489]],[[85937,43871],[-311,-193],[137,-808],[-124,-135],[-608,-106],[-748,221],[-138,-128],[48,-262],[-991,28],[-270,151],[-885,719],[-914,18],[-23,38]],[[28739,99146],[51,-96],[-236,-324],[-200,-115]],[[28354,98611],[-776,-356],[-552,-586],[-154,-425]],[[26872,97244],[-655,-204],[-745,26]],[[25472,97066],[-108,299],[39,435]],[[25403,97800],[36,336],[-40,328],[-247,1155],[573,120],[792,260],[543,-245],[7,70],[450,25],[320,-290],[677,-348],[225,-65]],[[34048,98672],[296,-216],[3,-304],[-283,-281],[243,-550]],[[34307,97321],[-280,-133],[-706,-241],[-127,40],[-396,-314],[-301,-372],[67,-593]],[[32564,95708],[-376,42],[-393,-147],[-159,-273]],[[31636,95330],[-407,-76],[-226,162],[-258,65],[-471,-1],[-448,226],[-268,-163]],[[29558,95543],[-505,71],[-312,150],[-96,147]],[[28645,95911],[-49,236],[-224,239],[98,315],[-104,215]],[[28366,96916],[210,123],[142,317],[391,614],[-181,334],[-359,95],[-215,212]],[[28739,99146],[396,589],[738,213],[272,-296],[423,-36],[310,-138],[541,-10],[293,54],[573,-169],[119,50],[97,-182],[755,-313],[792,-236]],[[36886,97040],[-1088,25],[-162,167],[-101,-69],[-771,151],[-9,-106],[-448,113]],[[34048,98672],[383,25],[318,100],[934,-123],[1390,-575],[74,-202],[-147,-247],[-114,-610]],[[28366,96916],[-351,-68],[-245,35],[-366,175],[-163,192],[-369,-6]],[[25472,97066],[5,-911]],[[25477,96155],[-642,-230],[-387,-94],[-308,16],[-3,-123],[-217,91],[-303,-195]],[[23617,95620],[-304,59],[-456,-7],[-231,102]],[[22626,95774],[-218,142],[-105,285],[-334,300],[-49,146],[172,419],[214,272],[215,14],[-45,177],[389,431],[1983,-142],[555,-18]],[[36886,97040],[84,-631],[139,-266],[-55,-289]],[[37054,95854],[-217,-29],[-421,182]],[[36416,96007],[275,296],[-536,431],[-6,-282],[-261,-33],[49,-187],[-243,-17],[-243,-131],[-72,295],[-448,14],[-315,157],[-130,277],[-171,-118],[170,-384],[-187,-150],[179,-420],[-247,-305]],[[34230,95450],[75,-211],[400,-138],[200,-189],[-161,-368],[93,-200]],[[34837,94344],[-706,578],[-611,325],[-348,64],[-459,169],[-149,228]],[[28645,95911],[-56,-801],[-72,-60],[-109,-546],[-214,-353],[-23,-308],[-208,-313],[-205,105]],[[27758,93635],[-88,626],[-245,502],[-342,522],[-152,88]],[[26931,95373],[-702,560],[-325,-83],[-243,187]],[[25661,96037],[-184,118]],[[36416,96007],[-212,-1],[-107,-640],[-151,-40],[-162,-227],[-189,173],[-396,120],[-207,-70],[49,-200],[-188,140],[-270,-82],[-353,270]],[[25661,96037],[-142,-119],[271,-403],[-310,-88],[-128,-184],[82,-374],[-303,-46],[6,-596],[1051,149]],[[26188,94376],[123,-227],[-48,-650],[343,-672]],[[26606,92827],[-309,-425],[-7,-817],[-443,-66],[-154,39],[-840,-180]],[[24853,91378],[-93,-20],[-322,205],[322,496],[-6,166],[-512,206],[-38,416],[50,1130]],[[24254,93977],[-474,790],[-128,444],[84,177],[-119,232]],[[26931,95373],[-407,-191],[12,-259],[-224,-33],[-275,-424],[151,-90]],[[24254,93977],[-1332,154]],[[22922,94131],[-199,67],[-377,-59],[-340,45],[-488,208],[-469,73],[-383,-31]],[[20666,94434],[-241,707],[-228,196],[226,-10],[316,225],[44,159],[766,157],[238,-145],[326,187],[377,-146],[136,10]],[[29558,95543],[334,-94],[-92,-743],[444,-123],[262,67],[152,-61],[72,283],[366,-75],[571,66]],[[31667,94863],[-157,-1519],[67,-468],[-33,-302]],[[31544,92574],[-516,-79],[-500,111],[-167,-136],[-133,98],[-222,-142],[-423,-113],[-282,10],[-185,-248],[-555,-71]],[[28561,92004],[-609,667],[-172,305],[-330,183],[-13,306]],[[27437,93465],[321,170]],[[37054,95854],[-53,-346],[253,-408]],[[37254,95100],[-227,-271],[-248,-7],[-969,-381],[-670,-17],[-191,-115]],[[34949,94309],[-112,35]],[[34949,94309],[-10,-281],[82,-247]],[[35021,93781],[-169,54],[-447,-32],[-893,-803],[-194,-8],[-814,-521],[-109,73],[-330,-326],[-244,-106]],[[31821,92112],[-181,172],[-96,290]],[[31667,94863],[-31,467]],[[27437,93465],[-356,-643],[-475,5]],[[38034,91866],[-304,159],[-611,470],[-258,146],[-442,342],[-516,236],[-539,424],[-343,138]],[[37254,95100],[680,127],[474,-226],[251,40],[188,-81],[14,-239],[-351,-415],[-29,-804],[92,-733],[-539,-903]],[[22922,94131],[163,-228],[-108,-252],[-199,14],[-106,-361],[-161,-88],[-316,33],[-263,-374],[-209,-74],[22,-181],[-208,-422],[8,-161],[-338,168],[131,47],[-114,565],[-85,64],[-82,-543],[-216,-79]],[[20841,92259],[-213,109],[-323,-12],[-97,138],[37,282],[347,406],[-17,578],[91,674]],[[24853,91378],[91,-265],[-72,-371],[-590,-25],[-146,-306]],[[24136,90411],[-243,50],[-466,-34],[-143,201],[-654,83],[-62,-234],[-174,-103],[90,-860],[-1082,-534]],[[21402,88980],[-50,-10]],[[21352,88970],[74,1617],[-247,54]],[[21179,90641],[-4,188]],[[21175,90829],[-227,655],[-6,683],[-101,92]],[[38034,91866],[-450,-655],[-498,-905],[-88,-405],[52,-278],[211,-226],[57,-266],[189,-147]],[[37507,88984],[-231,61],[-719,-194],[-764,-242],[-260,103],[-291,17],[-255,129]],[[34987,88858],[-644,244],[-1109,131],[-416,239],[-34,90]],[[32784,89562],[-225,690],[2,166],[149,342],[-619,729],[-153,464],[-97,123]],[[31841,92076],[-20,36]],[[28561,92004],[311,-515],[-474,-916],[11,-665]],[[28409,89908],[-330,-300],[-225,-497],[-25,-179],[-492,-212],[-112,-173],[-271,-131],[-68,-161],[-282,-73],[-684,-89]],[[25920,88093],[-65,184],[-228,226],[-621,468],[-303,147],[-226,385],[-199,745],[-142,163]],[[27186,90976],[-317,-308],[-131,89],[-501,114],[-119,-170],[-26,-478],[-181,61],[-244,-246],[99,-170],[-135,-431],[-189,-351],[374,103],[223,-112],[403,65],[-37,88],[213,396],[248,27],[66,112],[-61,413],[613,-134],[34,381],[-332,551]],[[31841,92076],[-58,-293],[-68,130],[-345,135],[-165,-311],[125,-198],[95,-821],[-100,-347],[-246,11],[-134,-184],[-131,-388],[-7,-624],[-521,-233],[347,-169],[7,-158],[-167,-442],[-96,-529]],[[30377,87655],[-336,313],[-34,118],[-376,40]],[[29631,88126],[-75,498],[-251,206],[-10,237],[-124,435],[-122,-10],[-442,341],[-198,75]],[[21179,90641],[-129,-72],[34,-297],[119,-209],[-122,-34],[-394,121],[-40,-344],[-379,101],[-429,-118],[-23,-155],[-221,64],[-80,-236],[-152,13],[-56,-284],[-161,135],[129,82],[25,332],[-208,44],[63,196],[-226,205],[-228,98],[141,395],[419,260],[-231,513],[241,197],[-13,89],[-546,274]],[[18712,92011],[303,141],[23,-144],[538,-162],[196,-405],[316,-184],[7,-144],[343,-78],[89,76],[648,-282]],[[21352,88970],[-846,-215],[-424,-1],[-300,297],[-15,-168],[-292,19],[-242,193],[-514,132],[-575,-96],[-433,-408]],[[17711,88723],[-76,0]],[[17635,88723],[-40,146]],[[17595,88869],[75,229],[-165,193],[-73,561],[-210,414],[-72,-30],[-255,243],[-18,554],[-251,126],[389,446],[693,-10],[339,63],[-11,134],[215,51],[71,-154],[390,322]],[[32784,89562],[-139,-210]],[[32645,89352],[-188,314],[-231,-86],[-367,88],[-337,-152],[32,-249],[-374,-315],[-89,-156],[135,-119]],[[31226,88677],[-477,-404],[-14,-440],[-121,-520]],[[30614,87313],[-237,342]],[[25920,88093],[61,-372],[-47,-583]],[[25934,87138],[-552,-79],[-190,-119],[-647,-34]],[[24545,86906],[-206,-13]],[[24339,86893],[-219,-20],[-3221,439]],[[20899,87312],[60,98]],[[20959,87410],[298,989],[145,581]],[[41441,88529],[-253,-153],[-534,8]],[[40654,88384],[145,675],[42,387],[164,352],[6,194],[-136,351],[81,238],[291,273],[207,34],[472,-237],[198,-474],[509,-216],[263,18],[180,-474],[-244,-169],[-798,-324],[-329,-37],[-206,-165],[-58,-281]],[[14006,89533],[11,-197],[296,-431],[211,-80]],[[14524,88825],[-1031,-1131]],[[13493,87694],[-2,312],[-349,69],[-156,-193],[-330,-115],[-379,134],[-139,178]],[[12138,88079],[-180,290],[8,414],[-120,145],[-805,328],[62,757],[472,27],[529,-186],[283,-49],[67,-107],[400,-24],[906,8],[246,-149]],[[17635,88723],[-576,-119],[-375,40],[-414,-154],[-867,98],[-277,-40],[-301,79],[-301,198]],[[14006,89533],[365,157],[443,25],[11,-76],[431,-21],[157,163],[286,-53],[224,-155],[323,-22],[14,-107],[431,-241],[904,-334]],[[29631,88126],[-125,-314],[52,-438],[-208,-219],[-128,-256],[-181,-105]],[[29041,86794],[-231,-32],[-424,162],[-285,30],[-654,-166],[-121,37],[-749,-17],[-642,295]],[[25935,87103],[-1,35]],[[28668,88322],[-311,12],[16,-401],[-410,-96],[-252,83],[-152,-342],[353,-327],[262,154],[384,59],[50,-78],[312,9],[1,178],[-154,30],[210,295],[151,-9],[-47,304],[-115,134],[-298,-5]],[[32645,89352],[-212,-331],[-392,-45],[-102,72],[-97,-172],[-165,17],[254,-593]],[[31931,88300],[-78,-115],[-335,175],[-16,190],[-276,127]],[[34987,88858],[-78,-234],[-6,-332],[-350,-322],[-220,-92],[-339,-450]],[[33994,87428],[-311,311],[-687,182],[-207,-206],[-569,397],[47,147],[-336,41]],[[20959,87410],[-928,356],[-282,56],[-75,158],[-548,-249],[-70,200],[209,300],[-105,86],[58,268],[-225,218],[-612,-325],[-113,-109],[-539,107]],[[17729,88476],[-18,247]],[[17729,88476],[-166,-1594],[226,-258]],[[17789,86624],[-118,11]],[[17671,86635],[-747,-60],[-913,338],[-227,305],[-345,55],[-243,-250],[-157,-30],[130,-148],[-410,23]],[[14759,86868],[-255,498],[-281,176],[-465,-97],[-182,47],[-83,202]],[[20899,87312],[-696,-1125]],[[20203,86187],[-232,304],[-1068,110],[-553,-38],[-561,61]],[[37507,88984],[384,-106],[49,-357],[181,-498],[268,-175]],[[38389,87848],[-728,-1547],[-272,-547],[-546,-509],[-498,-285]],[[36345,84960],[-46,124],[-475,-48],[-76,211],[-62,-204],[-330,68],[-249,-34],[-212,166],[-232,19]],[[34663,85262],[-37,228],[-217,-103],[-221,126],[-481,-194]],[[33707,85319],[-735,623]],[[32972,85942],[-17,177],[272,377],[-39,206]],[[33188,86702],[97,2],[709,724]],[[33188,86702],[-532,-122],[-261,116],[-825,533],[-956,84]],[[42721,86988],[-209,-278],[-265,-78],[177,-179],[-344,-130],[-61,-238],[-428,2],[-201,-64],[-81,110],[-375,-200]],[[40934,85933],[-193,141],[-492,92],[-117,203],[145,580],[-229,1],[34,431],[-138,70],[-103,228],[177,134],[-85,139],[191,233]],[[40124,88185],[471,60],[59,139]],[[41441,88529],[172,-503],[17,-355],[516,-194],[575,-489]],[[32972,85942],[-277,-136],[-687,-156],[-441,-34],[-129,-147],[-342,-7],[-191,-84],[-91,-399],[-193,-191],[-206,-332],[-332,33]],[[30083,84489],[-157,150],[64,251],[-973,-121]],[[29017,84769],[13,343],[-62,512],[44,271],[-63,201],[92,698]],[[40934,85933],[-63,-254],[48,-254],[-461,-212],[-274,-368],[27,-228],[-174,-255],[88,-337],[-178,-150],[198,-140]],[[40145,83735],[-323,187],[28,459],[-132,202],[-248,-73],[-237,96],[-389,-57],[-534,43],[-401,156],[-313,-13],[-166,-204],[-326,93],[-688,-270]],[[36416,84354],[-71,606]],[[38389,87848],[528,-126],[260,310],[947,153]],[[24339,86893],[-155,-274],[-892,-253]],[[23292,86366],[-497,145],[-1006,-319],[-350,-1295],[-853,85]],[[20586,84982],[110,308],[-63,665],[-430,232]],[[25935,87103],[-7,-663],[-45,-480]],[[25883,85960],[-531,-127]],[[25352,85833],[-438,102],[-29,115],[-582,273],[251,17],[72,118],[-178,70],[-212,-74],[309,452]],[[29017,84769],[-265,9],[-309,133],[-211,-430],[-130,-32],[-190,167],[-115,251],[-273,-200],[-224,230]],[[27300,84897],[-357,267],[-94,365],[-287,12],[-172,170],[-457,227]],[[25933,85938],[-50,22]],[[25352,85833],[-528,-54],[-208,-120],[5,-463],[-116,-48]],[[24505,85148],[-402,-103]],[[24103,85045],[-313,371],[-133,356],[-282,102],[-128,-93],[45,585]],[[43134,85990],[-60,-149],[-525,-281],[-414,-733],[-253,-264]],[[41882,84563],[-157,-269],[23,-325],[-193,-308]],[[41555,83661],[-372,-70],[-389,97],[-351,-74]],[[40443,83614],[-298,121]],[[42721,86988],[376,-585],[37,-413]],[[24103,85045],[-55,-98],[-1424,-568],[-1206,-1373]],[[21418,83006],[-507,538],[-293,1270]],[[20618,84814],[-32,168]],[[13792,64110],[175,-93],[201,-321],[286,-84],[96,-163],[535,-58]],[[15085,63391],[-15,-109]],[[15070,63282],[-70,-716],[230,-140],[-49,-211],[-187,100],[46,-195],[204,-106]],[[15244,62014],[-177,-383],[16,-281],[-89,-60]],[[14656,61233],[-268,213],[-371,130],[-646,294],[-447,-30],[-191,497],[-456,-134],[-813,-297],[-244,42],[-342,517]],[[10878,62465],[181,142],[884,141],[297,273]],[[12240,63021],[294,-69],[265,40]],[[12799,62992],[477,14],[488,1118],[28,-14]],[[23854,64288],[1079,-177],[343,-272],[557,181],[221,-182],[351,13],[838,-216]],[[27243,63635],[-392,-1214]],[[26851,62421],[-1245,-112],[-35,-314],[-337,-642],[-398,-315],[-316,-330],[-266,-176]],[[21035,60508],[462,377],[-134,235],[-607,880],[91,822],[471,835]],[[21318,63657],[95,313]],[[21413,63970],[11,45],[726,146],[677,-176],[337,102],[204,-237],[99,307],[387,131]],[[28815,63585],[52,-185],[-52,-475],[188,-508],[-1,-420],[289,-342]],[[29291,61655],[-206,-440]],[[26995,59890],[-100,145],[44,629],[330,719],[83,294],[-155,193],[-73,342],[-273,209]],[[27243,63635],[-2,16]],[[27241,63651],[703,81],[96,77],[384,-216],[391,-8]],[[16864,60811],[-334,85],[-124,302],[-17,500]],[[16389,61698],[432,429],[-77,242]],[[16744,62369],[511,18],[385,191],[660,553],[-14,261]],[[18286,63392],[397,-16],[456,80],[2179,201]],[[32524,63534],[311,-71],[178,50]],[[33013,63513],[261,-392],[160,-493]],[[33434,62628],[72,-214],[292,-9],[-39,-351],[-180,-317]],[[31208,61575],[169,331],[36,413],[-380,432]],[[31033,62751],[178,510],[249,368]],[[31460,63629],[154,153],[206,24],[704,-272]],[[28815,63585],[347,174]],[[29162,63759],[621,-717],[150,-93],[493,-572]],[[30426,62377],[-167,-31],[-153,-201],[-421,-343],[-394,-147]],[[15070,63282],[167,-114],[528,-157],[508,-259],[471,-383]],[[16389,61698],[-519,-116],[-360,297],[-266,135]],[[34185,61547],[335,507],[194,58],[347,364],[-107,289],[15,208]],[[34969,62973],[360,-39],[550,87],[644,-62]],[[33434,62628],[957,306],[578,39]],[[6234,61201],[155,528]],[[6389,61729],[779,44],[7,191],[237,294],[330,107],[238,-73],[560,13],[356,101]],[[8896,62406],[127,-75],[588,140],[1267,-6]],[[30426,62377],[471,174],[136,200]],[[26851,62421],[-348,-1488],[-237,-220],[92,-161],[-269,-292],[-93,-222],[110,-186],[-125,-316]],[[21187,64591],[226,-621]],[[18286,63392],[-450,312],[-212,332],[-567,197],[-381,54]],[[16676,64287],[253,171],[-26,349]],[[16903,64807],[430,0],[533,202],[451,-80],[463,59],[100,109],[116,-188],[697,96],[699,-241],[310,-190],[485,17]],[[29162,63759],[-3,346],[567,297],[-40,334],[331,344]],[[30017,65080],[887,-622],[34,-265],[205,-122],[317,-442]],[[33013,63513],[155,119],[506,557],[204,397],[174,168],[409,140],[533,53]],[[34994,64947],[681,49],[342,154]],[[36017,65150],[433,-520],[74,-291]],[[15085,63391],[926,368],[332,447],[333,81]],[[7904,64022],[91,-484],[130,-120],[-108,-240],[-45,-370],[527,-9],[397,-393]],[[6389,61729],[77,773],[341,330],[-63,1051]],[[6744,63883],[1160,139]],[[14759,86868],[-198,-26],[249,-552],[246,-96],[-69,-162],[115,-184],[-12,-418],[549,-134],[572,-83]],[[16211,85213],[1,-162]],[[16212,85051],[-56,-519],[41,-354],[-204,-924],[238,-718],[185,-283]],[[16416,82253],[-254,-372],[-133,-8]],[[16029,81873],[-508,-801],[-440,-328],[-58,936],[-198,624],[-149,299]],[[14676,82603],[-402,327],[-206,26],[-88,162],[-329,254],[-363,436],[-291,237],[-347,393],[-321,438],[17,98],[-526,30],[-272,71],[-518,345],[62,245],[-174,151],[-337,-191],[-296,204]],[[10285,85829],[117,286],[500,954],[128,346],[201,828],[373,-68],[126,-89],[102,195],[120,-39],[-112,-277],[175,-36],[123,150]],[[17671,86635],[-486,-845],[-281,5],[-116,-202],[-577,-380]],[[20618,84814],[-1304,-293],[-1022,4],[-821,470],[-262,25],[-631,-67],[-366,98]],[[14676,82603],[-397,-147],[-457,-34],[-402,80],[-346,-20],[-103,-218]],[[12971,82264],[-293,-74],[-296,67],[-91,107],[-278,53],[-603,-92],[-73,130],[-314,-84],[-210,-217],[-278,98],[-370,-47]],[[10165,82205],[114,293],[-344,132],[-46,154],[-311,15],[-320,112],[-51,276],[-597,126],[-267,160],[-624,54]],[[7719,83527],[228,520],[628,161],[303,-17],[526,75],[346,-37],[73,240],[-117,68],[84,277],[128,-21],[127,282],[59,562],[181,192]],[[50939,85549],[157,-315],[-325,-207],[75,-291],[-287,-347],[-114,-330]],[[50445,84059],[-106,54],[-262,-101]],[[50077,84012],[-322,-132],[-248,-299],[-686,-283],[-227,-300],[-1306,-911]],[[47288,82087],[224,373],[-94,52]],[[47418,82512],[51,96],[32,817],[84,1376],[363,1550],[987,-30],[520,-298],[1056,-130],[149,-96],[236,31],[43,-279]],[[25933,85938],[41,-576],[-329,-132],[-214,-713],[-271,110],[-611,86],[-99,345],[55,90]],[[27300,84897],[-79,-287],[-394,-545],[59,-681],[-166,-802]],[[26720,82582],[-560,114],[-502,26],[-320,-150],[-238,2]],[[25100,82574],[-9,350],[249,335],[62,454],[-646,-113],[-153,102],[70,221],[-243,-147],[-325,124],[-81,128],[-433,-199],[-14,-1288]],[[23577,82541],[-316,-26],[-1739,166],[-260,-2]],[[21262,82679],[156,327]],[[33707,85319],[-312,-329],[-25,-197],[-144,-63],[232,-686],[485,-5],[87,-170],[320,151],[349,85]],[[34699,84105],[228,-1735]],[[34927,82370],[-318,-22],[-553,-176]],[[34056,82172],[-1266,-300],[-448,-376]],[[32342,81496],[-497,6]],[[31845,81502],[-472,93],[-557,-86]],[[30816,81509],[-699,-33]],[[30117,81476],[-172,84],[-133,527]],[[29812,82087],[37,798],[118,556],[84,182],[69,610],[-37,256]],[[44444,84582],[45,-177],[-514,-21],[-263,88],[-113,-193],[-232,-148],[-195,-17],[-622,-534]],[[42550,83580],[28,536],[-390,-37],[-306,484]],[[43134,85990],[519,-386],[154,-38],[270,-264],[178,-561],[189,-159]],[[34663,85262],[-128,-121],[156,-811],[8,-225]],[[21262,82679],[-2264,-455],[-667,-33],[-870,-161],[-734,18],[-311,205]],[[53852,83620],[-236,-39],[-360,-203],[259,-50],[-172,-383],[138,-307],[-676,-298],[-188,-169]],[[52617,82171],[-310,96],[-390,325]],[[51917,82592],[-993,1218],[-479,249]],[[50939,85549],[300,-123],[447,11],[337,75],[263,-99],[433,-34],[692,55],[438,-393],[49,-202],[-93,-754],[152,-335],[-105,-130]],[[36416,84354],[-210,-364],[0,-237],[-305,-792],[-234,-235],[-35,-627]],[[35632,82099],[-705,271]],[[29812,82087],[-402,35],[-274,-109],[-532,-416]],[[28604,81597],[-75,-216],[-494,-86],[-414,180],[-414,110]],[[27207,81585],[11,199],[-310,292],[-201,288],[13,218]],[[40443,83614],[-106,-391],[-7,-299],[275,-875]],[[40605,82049],[-1,-779],[-261,-780]],[[40343,80490],[-108,-145]],[[40235,80345],[-383,221],[-118,-616],[-105,-294],[-1011,-1364]],[[38618,78292],[-903,560],[-160,-85],[-268,216],[-511,1031]],[[36776,80014],[-305,713],[-63,407],[-451,596],[-325,369]],[[38240,82776],[-68,-93],[51,-465],[146,-50],[91,-235],[256,41],[-60,197],[21,426],[-78,267],[-359,-88]],[[42550,83580],[-132,-113]],[[42418,83467],[-258,-63],[-605,257]],[[47288,82087],[-266,-501],[-193,-260],[-601,-336]],[[46228,80990],[-135,-207],[-771,96],[-422,-235]],[[44900,80644],[-372,230],[-461,415],[-311,359],[-766,507],[-370,58]],[[42620,82213],[-329,48],[-17,734],[144,472]],[[44444,84582],[637,-379],[145,-260],[233,-203],[531,-776],[219,-166],[345,-132],[488,54],[376,-208]],[[25100,82574],[-332,137],[-482,-93],[-217,44],[-492,-121]],[[10165,82205],[204,-518],[201,29],[-11,-355]],[[10559,81361],[27,-176],[547,37],[273,-31],[260,-129],[212,-421]],[[11878,80641],[-168,37],[-404,-592],[-405,-62]],[[10901,80024],[-398,-46],[-607,-169],[-227,53],[-402,-86],[-783,-93]],[[8484,79683],[-287,1421],[-262,720],[-41,457],[-248,899],[73,347]],[[51917,82592],[-237,107],[-135,-529],[-164,-213],[153,-402],[-377,212],[-741,341],[15,145],[320,12],[54,98],[278,-107],[45,70],[-526,407],[-207,-165],[-133,797],[203,115],[-388,532]],[[52617,82171],[39,-906],[-291,-535],[-49,-228],[-300,-758]],[[52016,79744],[-297,-84],[-135,82],[-757,154],[-453,42]],[[50374,79938],[-1157,404],[-503,146]],[[48714,80488],[-479,88],[-546,555],[-291,133],[-110,823]],[[42620,82213],[-92,-145],[-1033,-194],[-890,175]],[[52273,77495],[-12,289],[95,276],[246,237],[-626,767],[-308,110]],[[51668,79174],[-34,119],[382,451]],[[53852,83620],[278,120],[273,-167],[135,-272]],[[53382,80501],[-108,-89],[109,-232],[-310,-72],[-35,-224],[312,-352],[365,-140],[147,-175],[-30,-420],[213,707],[-112,23],[-26,228],[-241,9],[-284,737]],[[16029,81873],[116,-154],[340,-70],[382,335],[377,-186],[198,22],[402,-1115],[101,-345],[307,-248],[527,-263],[150,294],[383,69],[2394,-326]],[[21706,79886],[-316,-532],[-64,-834]],[[21326,78520],[-72,-37],[-406,-820],[-140,-187]],[[20708,77476],[-382,-53],[-763,-274],[-198,-112],[-268,19],[-245,-183]],[[18852,76873],[-426,50],[-388,154],[-191,201],[-11,248],[-200,99],[-556,-99],[-795,-256],[-304,28],[-163,-185],[-502,-108],[-193,114]],[[15123,77119],[63,84],[-171,198],[-367,203],[-580,170]],[[14068,77774],[122,376]],[[14190,78150],[16,142],[449,1170],[312,513],[-101,378],[-900,-191],[-1032,-316],[-328,-9],[-208,79]],[[12398,79916],[-115,94],[78,417],[-359,231]],[[12002,80658],[461,500],[80,170],[-106,134],[62,165],[360,142]],[[12859,81769],[112,495]],[[17423,77728],[327,187],[755,-382],[180,113],[132,-94],[155,206],[-131,113],[58,205],[297,80],[146,-114],[657,-79],[-190,89],[88,381],[-219,116],[-146,-193],[-368,189],[-33,340],[-94,63],[-169,-156],[3,-231],[-288,21],[-134,175],[-143,-98],[-144,204],[-228,-120],[-181,51],[-153,-155],[-25,-306],[-135,-186],[49,-137],[-279,-16],[106,-267],[107,1]],[[12859,81769],[-259,105],[-317,-8],[-408,-163],[-292,29],[-195,-78],[-277,204],[-153,-60],[-76,-228],[-323,-209]],[[25100,82574],[18,-70],[502,-251],[2,-161],[-340,-201],[-17,-314],[188,-43],[114,-307],[-141,-203]],[[25426,81024],[-243,-274],[61,-171],[-217,106],[35,-189],[-317,-341],[-135,-673],[49,-175],[-145,-204]],[[24514,79103],[-887,320],[-1921,463]],[[27207,81585],[-240,-391],[-136,-388],[-534,-495],[22,-243]],[[26319,80068],[-295,369],[-563,368],[-35,219]],[[12002,80658],[-124,-17]],[[36776,80014],[-470,-34],[-478,36],[-447,210],[-597,-121],[-126,-113],[-354,80],[-1055,-242],[-114,-135]],[[33135,79695],[-161,136],[-693,398]],[[32281,80229],[198,-29],[193,345],[315,81],[108,467],[-137,-2],[-252,222],[70,109]],[[32776,81422],[468,-22],[301,-104],[136,123],[462,-97],[155,-99],[107,242],[-399,128],[128,118],[-120,125],[42,336]],[[30117,81476],[13,-103],[-189,-352],[87,-435]],[[30028,80586],[-182,-103],[-113,-199]],[[29733,80284],[-14,112],[-402,-135]],[[29317,80261],[-66,247],[-257,52],[-390,1037]],[[32776,81422],[-251,121],[-183,-47]],[[44900,80644],[-261,-212],[-269,-19],[-428,-269],[-242,-397],[-245,-281],[-148,-285]],[[43307,79181],[-854,432]],[[42453,79613],[466,53],[-89,54],[-373,567],[-290,156],[-433,-106],[-172,265],[-146,-88],[-686,-79],[70,349],[-119,-12],[-338,-282]],[[48714,80488],[58,-372],[-189,-311],[-90,-276],[29,-444]],[[46952,77985],[-556,137],[-174,-44]],[[46222,78078],[-155,267],[36,181],[220,-30],[135,212],[-88,207],[142,159],[-548,-208],[112,233],[-186,256],[235,-59],[487,245],[-328,1299],[-56,150]],[[29317,80261],[-174,-262],[-194,-93],[-93,-262],[-422,-148],[-235,-337]],[[28199,79159],[-622,131],[-668,11],[-458,-83]],[[26451,79218],[-11,6]],[[26440,79224],[141,219],[-262,625]],[[31845,81502],[84,-80],[22,-642],[99,-421]],[[32050,80359],[-142,-124],[41,-473]],[[31949,79762],[-434,-155],[-374,72]],[[31141,79679],[-7,300],[-421,147],[-120,-51],[-71,323],[-119,158]],[[30403,80556],[213,272],[244,166],[-44,515]],[[32281,80229],[-231,130]],[[30403,80556],[-375,30]],[[26440,79224],[-170,95],[-832,-79],[-924,-137]],[[12398,79916],[118,-255],[-446,-284],[105,-38],[-86,-485]],[[12089,78854],[-167,-442],[189,-148],[-255,-398],[160,-241]],[[12016,77625],[-292,-160],[-11,-387],[-285,-154],[-254,141],[-328,2]],[[10846,77067],[164,202],[-45,180]],[[10965,77449],[-129,389]],[[10836,77838],[-79,215],[24,319],[128,579],[173,250],[-95,253],[-86,570]],[[46222,78078],[-289,171],[-809,135],[-581,-59],[-649,156],[-515,78],[-661,-121],[-591,-481],[-331,-122]],[[41796,77835],[492,289],[443,554],[707,221],[-131,282]],[[14190,78150],[-586,19],[176,318],[-160,-84],[-355,119],[-245,-48],[-254,106],[53,280],[-396,145],[-334,-151]],[[42453,79613],[-887,358],[-400,287],[-343,-67],[-588,154]],[[31141,79679],[-564,-104],[-118,-116],[-14,-432],[-188,-186]],[[30257,78841],[-203,308],[47,82],[-370,177],[-205,411],[192,170],[15,295]],[[10836,77838],[-549,142],[-130,-89],[-218,330],[-699,-26],[-137,-141],[-399,131],[-25,-157],[138,-173],[-236,-159]],[[8581,77696],[-233,209],[-136,224],[19,185],[221,308],[45,195],[-92,171],[35,390],[-47,300],[91,5]],[[41796,77835],[-414,-399],[-179,-559],[-305,-102]],[[40898,76775],[-8,-3]],[[40890,76772],[-120,-42],[-1728,999],[-282,291]],[[38760,78020],[-194,202],[52,70]],[[30257,78841],[-245,-247],[-412,-144]],[[29600,78450],[-460,396],[-113,-10],[-828,323]],[[33135,79695],[-49,-1155],[189,-443]],[[33275,78097],[338,-679],[-3,-301],[144,-405],[6,-640],[160,-285]],[[33920,75787],[-68,-33]],[[33852,75754],[-302,126],[-296,-81],[-1209,683]],[[32045,76482],[94,559],[-254,417],[-229,233],[-372,816],[45,376]],[[31329,78883],[441,327],[173,310],[6,242]],[[50374,79938],[-62,-324],[-283,-169],[-52,-199],[196,-209],[153,3],[152,-351],[16,-213],[170,-42],[188,-288]],[[50852,78146],[-202,-81],[-45,-167],[-325,-247]],[[38760,78020],[-600,-343],[-841,-903]],[[37319,76774],[-578,-589]],[[36741,76185],[-219,1410],[-100,184],[23,202],[-688,211],[-303,-23],[-777,51],[-203,-86],[-329,19],[-182,144],[-455,-157],[-69,-130],[-164,87]],[[26451,79218],[87,-220],[56,-478],[-82,-481],[157,-510],[-73,-579],[27,-110]],[[26623,76840],[-172,-199],[-54,-676],[-181,-174],[-27,-363],[-523,-638]],[[25666,74790],[-387,-329],[-510,-366]],[[24769,74095],[-454,742],[-445,70],[-984,390]],[[22886,75297],[-382,175],[-190,381]],[[22314,75853],[-130,211],[-48,281],[103,1155],[-913,1020]],[[31329,78883],[-532,-179],[-178,76],[-238,-67],[-124,128]],[[51668,79174],[-213,-103],[127,-297],[-175,71],[-108,-412],[-231,-43],[-58,136],[-228,115],[-36,-112],[106,-383]],[[29600,78450],[220,-289],[166,-8],[348,-655],[-46,-277]],[[30288,77221],[-249,15],[-367,-362],[-103,-178],[-198,-80],[-558,192],[36,259],[-76,121],[-352,-73],[-304,75],[-106,107],[-152,-162],[-11,197],[-251,77],[-59,-350],[-445,158],[3,-103],[-473,-274]],[[14068,77774],[-70,-390]],[[13998,77384],[-268,-119],[-462,23],[-183,65],[-22,139],[-290,-55],[-720,-24],[-37,212]],[[32045,76482],[-511,-196],[-814,-497]],[[30720,75789],[62,414],[-26,293],[-468,725]],[[22314,75853],[-316,-285],[-419,-97],[-58,-84]],[[21521,75387],[-114,145],[-251,54],[-133,176],[-133,-82],[-462,176],[210,596],[-123,468],[367,128],[-174,428]],[[10965,77449],[-244,-61],[-8,111],[-226,39],[-362,-46],[-83,-447],[-260,-9],[-271,-398],[-503,-188]],[[9008,76450],[-138,311],[-87,479],[-202,456]],[[46859,75563],[-316,233],[-884,-289]],[[45659,75507],[273,440],[88,592],[-119,54],[114,403],[-105,163],[-401,-84],[-449,327],[50,145],[-434,-142],[147,-345],[-104,-366],[324,-557]],[[45043,76137],[-887,354],[-291,60],[-754,-87]],[[43111,76464],[-362,363],[-416,-45],[-1435,-7]],[[36741,76185],[-1562,413],[-1108,-812],[-151,1]],[[15123,77119],[-262,-116],[-61,-247],[-201,-229],[-308,-143]],[[14291,76384],[-165,417],[-220,172]],[[13906,76973],[92,411]],[[13906,76973],[-297,-81]],[[13609,76892],[-391,-139],[-398,-34],[-333,-577],[-411,-20]],[[12076,76122],[-494,87],[-72,181],[-286,-110],[-356,-22],[-78,-122],[-246,40],[-104,-178],[-336,92],[-113,-198],[-233,-123],[167,-235],[-200,-850],[165,-363]],[[9282,72617],[-39,78],[-520,98],[-57,242],[436,1049],[115,480],[-42,793],[-65,471],[-59,-3],[-55,412],[74,1]],[[9070,76238],[435,59],[165,322],[485,102],[256,269],[435,77]],[[9070,76238],[-62,212]],[[40890,76772],[-86,-158],[-160,-1898],[303,-1078],[-374,-481]],[[37419,74580],[228,1832],[-328,362]],[[18852,76873],[-43,-214],[-194,-259]],[[18615,76400],[-178,-443],[-191,-247],[-322,-213]],[[17924,75497],[-317,94],[-207,-15],[-87,178],[-119,-124],[-81,268],[-90,-29],[-77,-293],[-625,157],[-421,-281],[-101,-152],[-463,-133]],[[15336,75167],[-289,-42],[-199,115],[-107,462],[-318,-30],[-73,-332],[-303,-42],[-277,132]],[[13770,75430],[9,298],[469,433],[43,223]],[[21521,75387],[-97,-190],[-364,-234],[-239,42],[-31,-162],[-289,-240],[-302,-72],[-215,-170],[-469,-174]],[[19515,74187],[-202,81],[-34,312],[-249,320],[-225,174],[-199,530],[9,796]],[[30720,75789],[-771,146],[-583,-199],[10,-1330],[61,-152],[-334,-391],[-160,-486]],[[26234,74205],[-379,160],[-189,425]],[[45659,75507],[-30,-21]],[[45629,75486],[-586,651]],[[13770,75430],[-447,-623]],[[13323,74807],[-572,522],[-99,272]],[[12652,75601],[639,294],[205,386],[-64,259],[177,352]],[[12652,75601],[-499,-57],[-267,-85]],[[11886,75459],[-40,117],[251,183],[-21,363]],[[11886,75459],[-666,-92],[269,-60],[-188,-299],[-169,1],[-176,-177],[-296,-541]],[[34033,73460],[-12,142]],[[34021,73602],[116,507],[283,460],[-199,782],[-449,89],[80,314]],[[43111,76464],[296,-1219],[109,-151],[83,-448],[319,-351],[80,-195],[18,-345],[346,-749],[1,-100]],[[19515,74187],[204,-1046],[-154,-205]],[[17250,72969],[-267,170],[-87,194],[139,713],[177,476],[195,340],[200,179],[317,456]],[[34021,73602],[-325,-146],[-213,223],[0,361],[-215,-53],[-57,289],[-240,173],[100,588],[-514,-229],[-133,-108],[-633,9],[-120,-382],[10,-326],[-151,-172],[155,-216],[-235,-185]],[[45629,75486],[-109,-323],[-116,-645],[-311,-332],[-133,-263],[111,-295],[-242,-458]],[[14915,73829],[165,130],[110,353],[-100,65],[-274,-127],[-183,94],[318,220],[16,314],[369,289]],[[22886,75297],[138,-193],[-431,-177],[-363,-35],[-151,93],[-456,-204],[22,-233],[-104,-187],[95,-284],[-8,-587],[-290,-407],[-199,-645]],[[21139,72438],[-5,-1]],[[13656,72701],[-721,1159],[-17,196]],[[12918,74056],[95,337],[135,95],[175,319]],[[12918,74056],[-110,41],[-350,435],[-176,-33],[-215,-206],[-606,-134],[-222,22],[-155,-112]],[[24769,74095],[-349,-809],[-196,-658],[-522,-461],[-677,-213],[-578,-76],[-731,334],[-577,226]],[[36248,67260],[-193,-160],[-538,-206],[-1,-243],[-408,-50],[-27,-280]],[[35081,66321],[-289,-1],[57,-234],[-166,-48],[-87,-263],[89,-232]],[[34685,65543],[-87,-19],[-439,203],[-373,44],[-619,324],[-365,111]],[[32802,66206],[-48,198],[-586,591],[-703,161]],[[5748,67681],[-269,37],[-567,-308],[-298,-31],[-139,333],[-157,1]],[[7786,68130],[161,-437],[133,-162],[471,-935]],[[8551,66596],[-448,-444],[-225,18]],[[7878,66170],[-517,71],[-718,-94],[-199,-285],[-401,-5]],[[6043,65857],[-380,108],[-203,144]],[[5460,66109],[16,81],[334,35],[-28,182],[154,-16],[106,295],[-76,259],[341,285]],[[8613,66583],[-62,13]],[[12864,66449],[-150,-287],[88,-77],[-169,-134],[236,-248],[-258,-143],[-45,-505],[61,-227],[276,-129],[3,-139],[-408,-58],[301,-1510]],[[12240,63021],[-935,1138],[-857,467]],[[10448,64626],[747,701],[176,474],[-69,253]],[[18671,67209],[-215,-63],[-251,-432],[-310,-245],[-353,-482],[-53,-518],[-138,-142],[-313,14],[-376,-61],[-255,-205]],[[16407,65075],[-157,89],[-288,-69],[-262,116],[-120,186],[-231,-42],[-122,203],[-247,-30],[-221,207],[-421,-95]],[[14338,65640],[-47,694]],[[30330,66902],[-427,-87],[-780,128],[-652,-100],[-201,-205]],[[28270,66638],[-2,422],[-113,613],[8,351]],[[28270,66638],[-73,-84],[-363,60],[-163,-220]],[[27671,66394],[-491,293]],[[27180,66687],[-295,346],[-1089,499]],[[5460,66109],[-350,-126],[-401,-62],[-21,-466],[-245,-393]],[[4443,65062],[40,120],[-230,-34],[-457,326],[145,735],[93,650],[139,17],[-102,269],[200,172],[-268,304]],[[27180,66687],[-249,-366],[-341,-305],[-22,-146],[162,-155]],[[26730,65715],[-33,-71],[276,-820],[68,-644],[200,-529]],[[23854,64288],[77,435],[70,57],[-970,911],[-210,303],[0,141],[-621,240]],[[22200,66375],[92,75],[-222,404]],[[22200,66375],[-144,-120],[-353,-490],[-38,-332],[-478,-842]],[[16903,64807],[-24,230],[-472,38]],[[36761,66228],[-144,123],[-123,-132],[-318,111],[-146,-68],[-739,-94],[-210,153]],[[32802,66206],[-79,1],[103,-706],[-124,-82],[-99,-563],[-266,-450]],[[32337,64406],[-14,74],[-445,532],[-348,205],[-300,50],[-855,563]],[[30375,65830],[66,655],[210,-25],[35,184]],[[9160,66066],[500,-338],[-80,-395],[-30,-449]],[[9550,64884],[-482,76]],[[9068,64960],[-153,135],[-476,103],[-179,-132],[-188,348],[-432,298],[189,172],[49,286]],[[14338,65640],[67,-222],[-154,-78],[87,-487],[-80,-318],[-319,-115],[-147,-310]],[[30375,65830],[-292,-313],[-66,-437]],[[26730,65715],[123,-62],[514,120],[435,365],[-131,256]],[[9068,64960],[-772,-484],[-392,-454]],[[6744,63883],[-352,81],[-228,227],[28,176],[-144,10],[-111,810],[106,670]],[[10448,64626],[-898,258]],[[4442,61384],[-131,213],[-9,309],[274,1251],[6,911],[-244,672],[105,322]],[[36776,65889],[-246,-130],[-250,-469],[-263,-140]],[[34994,64947],[-36,449],[-273,147]],[[37753,64454],[41,649],[-173,344],[-8,235],[-145,182]],[[32524,63534],[-14,331],[-187,187],[14,354]]],"transform":{"scale":[8.617586175861623e-06,9.41139411394115e-06],"translate":[72.64199,19.28719]},"objects":{"villages":{"type":"GeometryCollection","geometries":[{"arcs":[[0,1,2,3,4],[5],[6]],"type":"Polygon","properties":{"n":"Mulvad","c":550859,"d":"Palghar","s":"MAHARASHTRA"}},{"arcs":[[7,8,-4]],"type":"Polygon","properties":{"n":"Chourapada","c":550862,"d":"Palghar","s":"MAHARASHTRA"}},{"arcs":[[9,10]],"type":"Polygon","properties":{"n":"Ruighar","c":551845,"d":"Palghar","s":"MAHARASHTRA"}},{"arcs":[[11,12,13,14,-10,15]],"type":"Polygon","properties":{"n":"Bopdari","c":551846,"d":"Palghar","s":"MAHARASHTRA"}},{"arcs":[[16,17,18,19,20]],"type":"Polygon","properties":{"n":"Ghatim","c":552316,"d":"Palghar","s":"MAHARASHTRA"}},{"arcs":[[21,22,23,24,25,26,27,28]],"type":"Polygon","properties":{"n":"Darshet","c":552314,"d":"Palghar","s":"MAHARASHTRA"}},{"arcs":[[29,-17,30,-27]],"type":"Polygon","properties":{"n":"Dahiwale","c":552315,"d":"Palghar","s":"MAHARASHTRA"}},{"arcs":[[31,32,33,34,-19]],"type":"Polygon","properties":{"n":"Kandarwan","c":552317,"d":"Palghar","s":"MAHARASHTRA"}},{"arcs":[[35,36,37,38,39,40],[41]],"type":"Polygon","properties":{"n":"Jalsar","c":552323,"d":"Palghar","s":"MAHARASHTRA"}},{"arcs":[[42,43,44,45]],"type":"Polygon","properties":{"n":"Edwan","c":552311,"d":"Palghar","s":"MAHARASHTRA"}},{"arcs":[[46,-40,47,48,49]],"type":"Polygon","properties":{"n":"Mithagar","c":552319,"d":"Palghar","s":"MAHARASHTRA"}},{"arcs":[[50,51,-49,52,53,54,55,56]],"type":"Polygon","properties":{"n":"Khardi","c":552322,"d":"Palghar","s":"MAHARASHTRA"}},{"arcs":[[-26,57,58,59,60,-32,-18,-30]],"type":"Polygon","properties":{"n":"Navghar","c":552327,"d":"Palghar","s":"MAHARASHTRA"}},{"arcs":[[61,-55,62,63,-44]],"type":"Polygon","properties":{"n":"Kore","c":552321,"d":"Palghar","s":"MAHARASHTRA"}},{"arcs":[[64,65,66,-61]],"type":"Polygon","properties":{"n":"Vadhi","c":552326,"d":"Palghar","s":"MAHARASHTRA"}},{"arcs":[[67,68,-65,-60]],"type":"Polygon","properties":{"n":"Wadhiv Saravali","c":552325,"d":"Palghar","s":"MAHARASHTRA"}},{"arcs":[[-34,69,70,71,-37,72,73]],"type":"Polygon","properties":{"n":"Kandre Bhure","c":552318,"d":"Palghar","s":"MAHARASHTRA"}},{"arcs":[[74,75,76,-63,-54]],"type":"Polygon","properties":{"n":"Datiware","c":552331,"d":"Palghar","s":"MAHARASHTRA"}},{"arcs":[[77,-58,-25]],"type":"Polygon","properties":{"n":"Umbarwada T. Manor","c":552328,"d":"Palghar","s":"MAHARASHTRA"}},{"arcs":[[78,79,80,81,-38,-72]],"type":"Polygon","properties":{"n":"Tembhi Khodave","c":552324,"d":"Palghar","s":"MAHARASHTRA"}},{"arcs":[[82,-76]],"type":"Polygon","properties":{"n":"Bandar","c":552320,"d":"Palghar","s":"MAHARASHTRA"}},{"arcs":[[83,84,85,-81]],"type":"Polygon","properties":{"n":"Kharwadashri","c":552329,"d":"Palghar","s":"MAHARASHTRA"}},{"arcs":[[-42]],"type":"Polygon","properties":{"n":"Kharmendi","c":552330,"d":"Palghar","s":"MAHARASHTRA"}},{"arcs":[[86,87,88,89,90,91,92]],"type":"Polygon","properties":{"n":"Dhamani","c":551754,"d":"Palghar","s":"MAHARASHTRA"}},{"arcs":[[-90,93,94,95,96,97]],"type":"Polygon","properties":{"n":"Ambeghar Dharampur","c":551753,"d":"Palghar","s":"MAHARASHTRA"}},{"arcs":[[98,99,-94,-89]],"type":"Polygon","properties":{"n":"Kosesari","c":551745,"d":"Palghar","s":"MAHARASHTRA"}},{"arcs":[[-95,-100,100,101,102,103]],"type":"Polygon","properties":{"n":"Bhavadi","c":551744,"d":"Palghar","s":"MAHARASHTRA"}},{"arcs":[[104,105,106,107,108]],"type":"Polygon","properties":{"n":"Therunde","c":551751,"d":"Palghar","s":"MAHARASHTRA"}},{"arcs":[[109,110,111,112,113]],"type":"Polygon","properties":{"n":" ","c":0,"d":"Palghar","s":"MAHARASHTRA"}},{"arcs":[[114,115,116,117,118,119,-87,120,121]],"type":"Polygon","properties":{"n":" ","c":0,"d":"Palghar","s":"MAHARASHTRA"}},{"arcs":[[-120,122,123,124,-101,-99,-88]],"type":"Polygon","properties":{"n":"Kasa Bk","c":551755,"d":"Palghar","s":"MAHARASHTRA"}},{"arcs":[[125,126,-115,127,-112]],"type":"Polygon","properties":{"n":"Talavali Tarf Dengachimet","c":551760,"d":"Palghar","s":"MAHARASHTRA"}},{"arcs":[[128,129,130,-105,131,-103]],"type":"Polygon","properties":{"n":"Kawadas","c":551752,"d":"Palghar","s":"MAHARASHTRA"}},{"arcs":[[132,133,134,-29,135,136,137]],"type":"Polygon","properties":{"n":"Sakawar","c":552409,"d":"Palghar","s":"MAHARASHTRA"}},{"arcs":[[138,139,140,141,142,143,-134,144,145]],"type":"Polygon","properties":{"n":"Medhe","c":552416,"d":"Palghar","s":"MAHARASHTRA"}},{"arcs":[[146,147,148,149,150,-22,-135,-144]],"type":"Polygon","properties":{"n":"Bhatane","c":552415,"d":"Palghar","s":"MAHARASHTRA"}},{"arcs":[[151,152,-140,153]],"type":"Polygon","properties":{"n":"Vadghar","c":552417,"d":"Palghar","s":"MAHARASHTRA"}},{"arcs":[[154,155,-68,156]],"type":"Polygon","properties":{"n":"Dolivpada","c":552406,"d":"Palghar","s":"MAHARASHTRA"}},{"arcs":[[-78,-24,157,158,159,160,-157,-59]],"type":"Polygon","properties":{"n":"Chimane","c":552410,"d":"Palghar","s":"MAHARASHTRA"}},{"arcs":[[161,162,163,164,-152,165]],"type":"Polygon","properties":{"n":"Kalambhon","c":552418,"d":"Palghar","s":"MAHARASHTRA"}},{"arcs":[[-66,-69,-156,166,167,168,-79,-71,169]],"type":"Polygon","properties":{"n":"Kasarali","c":944003,"d":"Palghar","s":"MAHARASHTRA"}},{"arcs":[[170,171,-158,-23,-151]],"type":"Polygon","properties":{"n":"Bhaliwali","c":552413,"d":"Palghar","s":"MAHARASHTRA"}},{"arcs":[[-161,172,173,174,175,-167,-155]],"type":"Polygon","properties":{"n":"Khardi","c":552405,"d":"Palghar","s":"MAHARASHTRA"}},{"arcs":[[-172,176,177,-159]],"type":"Polygon","properties":{"n":"Hedavade","c":552411,"d":"Palghar","s":"MAHARASHTRA"}},{"arcs":[[178,179,180,181,182,183,184,185,-84,-80,-169]],"type":"Polygon","properties":{"n":"Shirgaon","c":944196,"d":"Palghar","s":"MAHARASHTRA"}},{"arcs":[[-171,-150,186,187,188,-177]],"type":"Polygon","properties":{"n":"Khaniwade","c":552412,"d":"Palghar","s":"MAHARASHTRA"}},{"arcs":[[189,190,191,192,193,194,195,196,197,198,-85,-186]],"type":"Polygon","properties":{"n":" ","c":0,"d":"Palghar","s":"MAHARASHTRA"}},{"arcs":[[-125,199,200,201,202,-129,-102]],"type":"Polygon","properties":{"n":"Talawade","c":551757,"d":"Palghar","s":"MAHARASHTRA"}},{"arcs":[[-131,203,204,205,-106]],"type":"Polygon","properties":{"n":"Veti","c":551746,"d":"Palghar","s":"MAHARASHTRA"}},{"arcs":[[-124,206,207,-200]],"type":"Polygon","properties":{"n":"Sarshi","c":551756,"d":"Palghar","s":"MAHARASHTRA"}},{"arcs":[[208,-110,209]],"type":"Polygon","properties":{"n":"Madacha  Pada","c":551762,"d":"Palghar","s":"MAHARASHTRA"}},{"arcs":[[210,211,212,-126,-111,-209,213]],"type":"Polygon","properties":{"n":"Karhe","c":551761,"d":"Palghar","s":"MAHARASHTRA"}},{"arcs":[[-123,-119,214,215,216,217,-207]],"type":"Polygon","properties":{"n":"Kunj","c":551759,"d":"Palghar","s":"MAHARASHTRA"}},{"arcs":[[-202,218,219,220,221]],"type":"Polygon","properties":{"n":"Murbad","c":551747,"d":"Palghar","s":"MAHARASHTRA"}},{"arcs":[[-221,222,223,224,225,226,227,228]],"type":"Polygon","properties":{"n":"Vangarje","c":551748,"d":"Palghar","s":"MAHARASHTRA"}},{"arcs":[[229,230,231,232,233,234,235,236,237,-116,-127,-213]],"type":"Polygon","properties":{"n":"Wehelpada","c":551765,"d":"Palghar","s":"MAHARASHTRA"}},{"arcs":[[238,239,240,241,242,243,244]],"type":"Polygon","properties":{"n":"Sawade","c":551788,"d":"Palghar","s":"MAHARASHTRA"}},{"arcs":[[245,246,247,248,249]],"type":"Polygon","properties":{"n":"Ghanode","c":551782,"d":"Palghar","s":"MAHARASHTRA"}},{"arcs":[[-218,250,-219,-201,-208]],"type":"Polygon","properties":{"n":"Khadaki","c":551758,"d":"Palghar","s":"MAHARASHTRA"}},{"arcs":[[-117,-238,251,252]],"type":"Polygon","properties":{"n":"Sawarai","c":551770,"d":"Palghar","s":"MAHARASHTRA"}},{"arcs":[[-118,-253,253,-215]],"type":"Polygon","properties":{"n":"Medhi","c":551769,"d":"Palghar","s":"MAHARASHTRA"}},{"arcs":[[-254,-252,-237,254,255,256,-216]],"type":"Polygon","properties":{"n":"Kegva","c":551771,"d":"Palghar","s":"MAHARASHTRA"}},{"arcs":[[257,258,259,260,261,-223,-220]],"type":"Polygon","properties":{"n":"Pimpalshet Bk.","c":551749,"d":"Palghar","s":"MAHARASHTRA"}},{"arcs":[[-217,-257,262,263,264,265,-258,-251],[266]],"type":"Polygon","properties":{"n":"Anandpur","c":551774,"d":"Palghar","s":"MAHARASHTRA"}},{"arcs":[[-267]],"type":"Polygon","properties":{"n":"Dadade","c":551772,"d":"Palghar","s":"MAHARASHTRA"}},{"arcs":[[267,268,-232,269]],"type":"Polygon","properties":{"n":" ","c":0,"d":"Palghar","s":"MAHARASHTRA"}},{"arcs":[[270,-235]],"type":"Polygon","properties":{"n":"Vittalnagar","c":551764,"d":"Palghar","s":"MAHARASHTRA"}},{"arcs":[[271,272,-259,-266]],"type":"Polygon","properties":{"n":"Chandranagar","c":551776,"d":"Palghar","s":"MAHARASHTRA"}},{"arcs":[[273,274,275,276,277,-268,278]],"type":"Polygon","properties":{"n":"Khuded","c":551795,"d":"Palghar","s":"MAHARASHTRA"}},{"arcs":[[279,280,281,-262]],"type":"Polygon","properties":{"n":"Vilshet","c":551777,"d":"Palghar","s":"MAHARASHTRA"}},{"arcs":[[-278,282,283,284,285,-233,-269]],"type":"Polygon","properties":{"n":"Shavate","c":551766,"d":"Palghar","s":"MAHARASHTRA"}},{"arcs":[[-271,-234,-286,286,287,288,289,-255,-236]],"type":"Polygon","properties":{"n":"Balapur","c":551768,"d":"Palghar","s":"MAHARASHTRA"}},{"arcs":[[-265,290,291,292,-250,293,-272]],"type":"Polygon","properties":{"n":"Dolhari Bk.","c":551775,"d":"Palghar","s":"MAHARASHTRA"}},{"arcs":[[-261,294,295,296,-280]],"type":"Polygon","properties":{"n":"Kondgaon","c":551778,"d":"Palghar","s":"MAHARASHTRA"}},{"arcs":[[-260,-273,-294,-249,297,298,-295]],"type":"Polygon","properties":{"n":"Karsud","c":551781,"d":"Palghar","s":"MAHARASHTRA"}},{"arcs":[[-256,-290,299,-239,300,-263]],"type":"Polygon","properties":{"n":"Dolhari Kh.","c":551787,"d":"Palghar","s":"MAHARASHTRA"}},{"arcs":[[-264,-301,-245,301,302,-291]],"type":"Polygon","properties":{"n":"Satkor","c":551786,"d":"Palghar","s":"MAHARASHTRA"}},{"arcs":[[303,304,305,306,307,-276,308],[309]],"type":"Polygon","properties":{"n":"Hanumantpada","c":551796,"d":"Palghar","s":"MAHARASHTRA"}},{"arcs":[[-285,310,311,312,-287]],"type":"Polygon","properties":{"n":"Ambeghar (Balapur)","c":551767,"d":"Palghar","s":"MAHARASHTRA"}},{"arcs":[[-289,313,314,-240,-300]],"type":"Polygon","properties":{"n":"Gadadhe","c":551789,"d":"Palghar","s":"MAHARASHTRA"}},{"arcs":[[-311,-284,315,316]],"type":"Polygon","properties":{"n":"Suksale","c":551793,"d":"Palghar","s":"MAHARASHTRA"}},{"arcs":[[-308,317,318,319,320,321,-316,-283,-277]],"type":"Polygon","properties":{"n":"Jambhe","c":551794,"d":"Palghar","s":"MAHARASHTRA"}},{"arcs":[[322,323,324,325,326,327]],"type":"Polygon","properties":{"n":"Vasuri","c":551834,"d":"Palghar","s":"MAHARASHTRA"}},{"arcs":[[328,329,330,-324,331]],"type":"Polygon","properties":{"n":"Male","c":551841,"d":"Palghar","s":"MAHARASHTRA"}},{"arcs":[[332,333,334,335,-329,336]],"type":"Polygon","properties":{"n":"Kawale","c":551840,"d":"Palghar","s":"MAHARASHTRA"}},{"arcs":[[337,338,339,-325]],"type":"Polygon","properties":{"n":"Apti Kh.","c":551842,"d":"Palghar","s":"MAHARASHTRA"}},{"arcs":[[340,341,342,-338,-331]],"type":"Polygon","properties":{"n":"Kashivali Tarf Alonde","c":551843,"d":"Palghar","s":"MAHARASHTRA"}},{"arcs":[[343,-8,-3,344,345,346,347,348,349,350,351,-12]],"type":"Polygon","properties":{"n":"Vavar","c":551847,"d":"Palghar","s":"MAHARASHTRA"}},{"arcs":[[352,353,354,355,356,357,-14]],"type":"Polygon","properties":{"n":"Dabheri","c":551850,"d":"Palghar","s":"MAHARASHTRA"}},{"arcs":[[-352,358,-353,-13]],"type":"Polygon","properties":{"n":"Dahul","c":551849,"d":"Palghar","s":"MAHARASHTRA"}},{"arcs":[[359,360,361]],"type":"Polygon","properties":{"n":"Dabhlon","c":551852,"d":"Palghar","s":"MAHARASHTRA"}},{"arcs":[[362,363,364]],"type":"Polygon","properties":{"n":"Barawadpada","c":551854,"d":"Palghar","s":"MAHARASHTRA"}},{"arcs":[[365,366,-357]],"type":"Polygon","properties":{"n":"Kayari","c":551851,"d":"Palghar","s":"MAHARASHTRA"}},{"arcs":[[-364,367,368,369,370,-360,371]],"type":"Polygon","properties":{"n":"Kirmire","c":551853,"d":"Palghar","s":"MAHARASHTRA"}},{"arcs":[[-351,372,-354,-359]],"type":"Polygon","properties":{"n":" ","c":0,"d":"Palghar","s":"MAHARASHTRA"}},{"arcs":[[-350,373,374,-355,-373]],"type":"Polygon","properties":{"n":"Dadhari","c":551860,"d":"Palghar","s":"MAHARASHTRA"}},{"arcs":[[375,376,377,378,379,-368,-363,380]],"type":"Polygon","properties":{"n":"Talasari","c":551857,"d":"Palghar","s":"MAHARASHTRA"}},{"arcs":[[381,382,-376,383]],"type":"Polygon","properties":{"n":"Khambale","c":551858,"d":"Palghar","s":"MAHARASHTRA"}},{"arcs":[[384,385,386,-347,387]],"type":"Polygon","properties":{"n":"Vangani","c":551862,"d":"Palghar","s":"MAHARASHTRA"}},{"arcs":[[-387,388,389,390,391,392,393,394,395,-348]],"type":"Polygon","properties":{"n":"Dadar Koprapada","c":551864,"d":"Palghar","s":"MAHARASHTRA"}},{"arcs":[[396,397,-369,-380]],"type":"Polygon","properties":{"n":"Medha","c":551856,"d":"Palghar","s":"MAHARASHTRA"}},{"arcs":[[398,399,400,401,-389,-386,402]],"type":"Polygon","properties":{"n":"Hateri","c":551885,"d":"Palghar","s":"MAHARASHTRA"}},{"arcs":[[403,404,405,-377,-383,406]],"type":"Polygon","properties":{"n":"Umbarkheda","c":551865,"d":"Palghar","s":"MAHARASHTRA"}},{"arcs":[[407,408,409,410,-370,-398]],"type":"Polygon","properties":{"n":"Ozar","c":551855,"d":"Palghar","s":"MAHARASHTRA"}},{"arcs":[[411,-394,412,413,414,-415,415,416]],"type":"Polygon","properties":{"n":"Dabhose","c":551880,"d":"Palghar","s":"MAHARASHTRA"}},{"arcs":[[417,418,419,420,-408,-397,-379]],"type":"Polygon","properties":{"n":"Kortad","c":551868,"d":"Palghar","s":"MAHARASHTRA"}},{"arcs":[[421,-390,-402]],"type":"Polygon","properties":{"n":"Malghar","c":551863,"d":"Palghar","s":"MAHARASHTRA"}},{"arcs":[[-366,-356,-375,422,-417,423,-407,-382,424]],"type":"Polygon","properties":{"n":"Sakharshet","c":551859,"d":"Palghar","s":"MAHARASHTRA"}},{"arcs":[[-395,-412,-423,-374,-349,-396]],"type":"Polygon","properties":{"n":"Suryanagar","c":551884,"d":"Palghar","s":"MAHARASHTRA"}},{"arcs":[[-406,425,426,-418,-378]],"type":"Polygon","properties":{"n":"Ramnagar","c":551867,"d":"Palghar","s":"MAHARASHTRA"}},{"arcs":[[-416,414,427,428,-404,-424]],"type":"Polygon","properties":{"n":"Pimprun","c":551879,"d":"Palghar","s":"MAHARASHTRA"}},{"arcs":[[-401,429,430,-391,-422]],"type":"Polygon","properties":{"n":"Winwal","c":551887,"d":"Palghar","s":"MAHARASHTRA"}},{"arcs":[[431,432,433,-419,-427]],"type":"Polygon","properties":{"n":"Savarpada","c":551866,"d":"Palghar","s":"MAHARASHTRA"}},{"arcs":[[-410,434,435,436,437,438,439,440]],"type":"Polygon","properties":{"n":"Kharonda","c":551872,"d":"Palghar","s":"MAHARASHTRA"}},{"arcs":[[-429,441,442,-432,-426,-405]],"type":"Polygon","properties":{"n":"Dehare","c":551878,"d":"Palghar","s":"MAHARASHTRA"}},{"arcs":[[443,444,445,446,-430,-400,447]],"type":"Polygon","properties":{"n":"Ghiwande","c":551886,"d":"Palghar","s":"MAHARASHTRA"}},{"arcs":[[448,449,-435,-409,-421]],"type":"Polygon","properties":{"n":"Bhagada","c":551871,"d":"Palghar","s":"MAHARASHTRA"}},{"arcs":[[-434,450,451,-449,-420]],"type":"Polygon","properties":{"n":"Daskod","c":551869,"d":"Palghar","s":"MAHARASHTRA"}},{"arcs":[[-413,-393,452,453,454,455,456]],"type":"Polygon","properties":{"n":"Hiradpada","c":551882,"d":"Palghar","s":"MAHARASHTRA"}},{"arcs":[[-428,-415,-414,-457,457,458,459,-442]],"type":"Polygon","properties":{"n":"Wadoli","c":551881,"d":"Palghar","s":"MAHARASHTRA"}},{"arcs":[[-431,-447,460,461,462,-453,-392]],"type":"Polygon","properties":{"n":"Borale","c":551900,"d":"Palghar","s":"MAHARASHTRA"}},{"arcs":[[-460,463,464,465,-433,-443]],"type":"Polygon","properties":{"n":"Devgaon","c":551877,"d":"Palghar","s":"MAHARASHTRA"}},{"arcs":[[-452,466,467,-436,-450]],"type":"Polygon","properties":{"n":"Morchachapada","c":551870,"d":"Palghar","s":"MAHARASHTRA"}},{"arcs":[[-456,468,469,470,471,-458]],"type":"Polygon","properties":{"n":"Alyachimet","c":551889,"d":"Palghar","s":"MAHARASHTRA"}},{"arcs":[[-472,472,473,-464,-459]],"type":"Polygon","properties":{"n":"Chandgaon","c":551891,"d":"Palghar","s":"MAHARASHTRA"}},{"arcs":[[474,475,476,-469,-455]],"type":"Polygon","properties":{"n":"Poyshet","c":551888,"d":"Palghar","s":"MAHARASHTRA"}},{"arcs":[[477,-121,-93,478,-439]],"type":"Polygon","properties":{"n":"Tilonde","c":551873,"d":"Palghar","s":"MAHARASHTRA"}},{"arcs":[[479,480,481,482,483,-445,484]],"type":"Polygon","properties":{"n":"Nyahale Bk.","c":551921,"d":"Palghar","s":"MAHARASHTRA"}},{"arcs":[[485,486,487,488,489,-475,-454,-463]],"type":"Polygon","properties":{"n":"Jamsar","c":551897,"d":"Palghar","s":"MAHARASHTRA"}},{"arcs":[[-451,-466,490,491,492,-467]],"type":"Polygon","properties":{"n":"Palshin","c":551876,"d":"Palghar","s":"MAHARASHTRA"}},{"arcs":[[-493,493,494,-437,-468]],"type":"Polygon","properties":{"n":"Pimpalshet","c":551875,"d":"Palghar","s":"MAHARASHTRA"}},{"arcs":[[-474,495,496,497,-491,-465]],"type":"Polygon","properties":{"n":" ","c":0,"d":"Palghar","s":"MAHARASHTRA"}},{"arcs":[[-490,498,-476]],"type":"Polygon","properties":{"n":"Shivaji Nagar","c":551895,"d":"Palghar","s":"MAHARASHTRA"}},{"arcs":[[-462,499,500,501,-486]],"type":"Polygon","properties":{"n":"Suryanagar","c":551899,"d":"Palghar","s":"MAHARASHTRA"}},{"arcs":[[-473,-471,502,503,-496]],"type":"Polygon","properties":{"n":"Kogade","c":551890,"d":"Palghar","s":"MAHARASHTRA"}},{"arcs":[[-484,504,505,506,507,-500,-461,-446]],"type":"Polygon","properties":{"n":"Pimpalgaon","c":551902,"d":"Palghar","s":"MAHARASHTRA"}},{"arcs":[[-489,508,509,510,511,512,513,-503,-470,-477,-499]],"type":"Polygon","properties":{"n":"Gorthan","c":551896,"d":"Palghar","s":"MAHARASHTRA"}},{"arcs":[[514,-509,-488]],"type":"Polygon","properties":{"n":"Chandranagar","c":551898,"d":"Palghar","s":"MAHARASHTRA"}},{"arcs":[[515,516,-510,-515,-487,-502]],"type":"Polygon","properties":{"n":"Khadkhad","c":551904,"d":"Palghar","s":"MAHARASHTRA"}},{"arcs":[[-498,517,518,519,-214,-210,-114,520,-494,-492]],"type":"Polygon","properties":{"n":"Akare","c":551893,"d":"Palghar","s":"MAHARASHTRA"}},{"arcs":[[-508,521,522,523,524,-516,-501]],"type":"Polygon","properties":{"n":"Dharampur","c":551903,"d":"Palghar","s":"MAHARASHTRA"}},{"arcs":[[-514,525,526,527,-518,-497,-504]],"type":"Polygon","properties":{"n":"Ayare","c":551894,"d":"Palghar","s":"MAHARASHTRA"}},{"arcs":[[-525,528,529,-511,-517]],"type":"Polygon","properties":{"n":"Bharasatmet","c":551905,"d":"Palghar","s":"MAHARASHTRA"}},{"arcs":[[-438,-495,-521,-113,-128,-122,-478]],"type":"Polygon","properties":{"n":"Chambharshet","c":551874,"d":"Palghar","s":"MAHARASHTRA"}},{"arcs":[[-530,530,531,532,-512]],"type":"Polygon","properties":{"n":"Kuturvihir","c":551906,"d":"Palghar","s":"MAHARASHTRA"}},{"arcs":[[533,534,-526,-513,-533]],"type":"Polygon","properties":{"n":"Adkhadak","c":551907,"d":"Palghar","s":"MAHARASHTRA"}},{"arcs":[[535,536,-534,-532]],"type":"Polygon","properties":{"n":"Ganeshnagar","c":551918,"d":"Palghar","s":"MAHARASHTRA"}},{"arcs":[[-529,-524,537,538,539,540,541,542,543,-536,-531]],"type":"Polygon","properties":{"n":"Jawhar (M Cl)","c":802783,"d":"Palghar","s":"MAHARASHTRA"}},{"arcs":[[-507,544,-505,-483,545,546,547,-522]],"type":"Polygon","properties":{"n":"Raitale","c":551920,"d":"Palghar","s":"MAHARASHTRA"}},{"arcs":[[548,549,550,-519,-528]],"type":"Polygon","properties":{"n":"Hade","c":551908,"d":"Palghar","s":"MAHARASHTRA"}},{"arcs":[[-535,-537,-544,551,552,553,-549,-527]],"type":"Polygon","properties":{"n":"Garadwadi","c":551916,"d":"Palghar","s":"MAHARASHTRA"}},{"arcs":[[-506,-545]],"type":"Polygon","properties":{"n":"Kanadhatti","c":551901,"d":"Palghar","s":"MAHARASHTRA"}},{"arcs":[[554,555,556,557,-538,-523,-548]],"type":"Polygon","properties":{"n":"Nandnmal","c":551919,"d":"Palghar","s":"MAHARASHTRA"}},{"arcs":[[558,559,560,561,562,-546,-482,563]],"type":"Polygon","properties":{"n":"Kelghar","c":551924,"d":"Palghar","s":"MAHARASHTRA"}},{"arcs":[[-563,564,-555,-547]],"type":"Polygon","properties":{"n":"Nyahale Kh","c":551925,"d":"Palghar","s":"MAHARASHTRA"}},{"arcs":[[565,566,567,-211,-520,-551]],"type":"Polygon","properties":{"n":"Tuljapur","c":551910,"d":"Palghar","s":"MAHARASHTRA"}},{"arcs":[[568,569,-539,-558]],"type":"Polygon","properties":{"n":"Aptale","c":551927,"d":"Palghar","s":"MAHARASHTRA"}},{"arcs":[[-554,570,571,572,573,-566,-550]],"type":"Polygon","properties":{"n":"Ramnagar","c":551915,"d":"Palghar","s":"MAHARASHTRA"}},{"arcs":[[-574,574,575,-567]],"type":"Polygon","properties":{"n":"Kardhan","c":551909,"d":"Palghar","s":"MAHARASHTRA"}},{"arcs":[[-553,576,577,578,579,-571]],"type":"Polygon","properties":{"n":"Kasatwadi","c":551913,"d":"Palghar","s":"MAHARASHTRA"}},{"arcs":[[-576,580,581,-230,-212,-568]],"type":"Polygon","properties":{"n":"Dengachimet","c":551911,"d":"Palghar","s":"MAHARASHTRA"}},{"arcs":[[-580,582,-572]],"type":"Polygon","properties":{"n":"Jayeshwar","c":551914,"d":"Palghar","s":"MAHARASHTRA"}},{"arcs":[[583,584,585,-577,-552,-543]],"type":"Polygon","properties":{"n":"Juni Jawhar","c":551931,"d":"Palghar","s":"MAHARASHTRA"}},{"arcs":[[-573,-583,-579,586,587,-581,-575]],"type":"Polygon","properties":{"n":"Kalamvihira","c":551912,"d":"Palghar","s":"MAHARASHTRA"}},{"arcs":[[588,589,590,-540,-570]],"type":"Polygon","properties":{"n":"Chandrapur","c":551928,"d":"Palghar","s":"MAHARASHTRA"}},{"arcs":[[591,592,593,-584,-542]],"type":"Polygon","properties":{"n":"Dhanoshi","c":551930,"d":"Palghar","s":"MAHARASHTRA"}},{"arcs":[[-562,594,595,-556,-565]],"type":"Polygon","properties":{"n":"Shirasgaon","c":551940,"d":"Palghar","s":"MAHARASHTRA"}},{"arcs":[[-596,596,597,598,599,-589,-569,-557]],"type":"Polygon","properties":{"n":"Kaulale","c":551939,"d":"Palghar","s":"MAHARASHTRA"}},{"arcs":[[600,601,-592,-541,-591]],"type":"Polygon","properties":{"n":"Akhar","c":551938,"d":"Palghar","s":"MAHARASHTRA"}},{"arcs":[[602,603,604,-597,-595,-561,605]],"type":"Polygon","properties":{"n":"Shrirampur","c":551941,"d":"Palghar","s":"MAHARASHTRA"}},{"arcs":[[-586,606,607,-274,608,-587,-578]],"type":"Polygon","properties":{"n":"Kashivali Tarf Dengachimet","c":551932,"d":"Palghar","s":"MAHARASHTRA"}},{"arcs":[[-588,-609,-279,-270,-231,-582]],"type":"Polygon","properties":{"n":"Shiroshi","c":551933,"d":"Palghar","s":"MAHARASHTRA"}},{"arcs":[[-602,609,610,-593]],"type":"Polygon","properties":{"n":"Sakur","c":551937,"d":"Palghar","s":"MAHARASHTRA"}},{"arcs":[[-611,611,612,-607,-585,-594]],"type":"Polygon","properties":{"n":"Kadachimet","c":551936,"d":"Palghar","s":"MAHARASHTRA"}},{"arcs":[[-590,-600,613,614,615,-612,-610,-601]],"type":"Polygon","properties":{"n":"Pathardi","c":551947,"d":"Palghar","s":"MAHARASHTRA"}},{"arcs":[[616,617,618,619,620,621,622]],"type":"Polygon","properties":{"n":"Nandgaon","c":551942,"d":"Palghar","s":"MAHARASHTRA"}},{"arcs":[[623,624,625,-603,626,627,-622]],"type":"Polygon","properties":{"n":"Rajewadi","c":551943,"d":"Palghar","s":"MAHARASHTRA"}},{"arcs":[[628,629,630,631,-614,-599]],"type":"Polygon","properties":{"n":"Dongarwadi","c":551946,"d":"Palghar","s":"MAHARASHTRA"}},{"arcs":[[-616,632,-309,-275,-608,-613]],"type":"Polygon","properties":{"n":"Walwande","c":551935,"d":"Palghar","s":"MAHARASHTRA"}},{"arcs":[[-626,633,-604]],"type":"Polygon","properties":{"n":"Shivajinagar","c":551945,"d":"Palghar","s":"MAHARASHTRA"}},{"arcs":[[-634,-625,634,635,636,637,638,-629,-598,-605]],"type":"Polygon","properties":{"n":"Zap","c":551944,"d":"Palghar","s":"MAHARASHTRA"}},{"arcs":[[-632,639,640,-304,-633,-615]],"type":"Polygon","properties":{"n":"Chauk","c":551948,"d":"Palghar","s":"MAHARASHTRA"}},{"arcs":[[641,642,-619,643]],"type":"Polygon","properties":{"n":"Bhuritek","c":551953,"d":"Palghar","s":"MAHARASHTRA"}},{"arcs":[[-639,644,-630]],"type":"Polygon","properties":{"n":"Manmohadi","c":551952,"d":"Palghar","s":"MAHARASHTRA"}},{"arcs":[[-638,645,646,647,648,649,-640,-631,-645]],"type":"Polygon","properties":{"n":"Aine","c":551951,"d":"Palghar","s":"MAHARASHTRA"}},{"arcs":[[-650,650,651,-305,-641]],"type":"Polygon","properties":{"n":"Medhe","c":551949,"d":"Palghar","s":"MAHARASHTRA"}},{"arcs":[[652,653,654,-651,-649]],"type":"Polygon","properties":{"n":"Khidse","c":551950,"d":"Palghar","s":"MAHARASHTRA"}},{"arcs":[[-160,-178,-189,655,656,657,-173]],"type":"Polygon","properties":{"n":"Kashidkopar","c":944005,"d":"Palghar","s":"MAHARASHTRA"}},{"arcs":[[658,659,660,661,662,663,664,665,666,667,668,669,670,671,-198]],"type":"Polygon","properties":{"n":" ","c":0,"d":"Palghar","s":"MAHARASHTRA"}},{"arcs":[[672,673,674,-179,-168,-176]],"type":"Polygon","properties":{"n":"Dahisar","c":944044,"d":"Palghar","s":"MAHARASHTRA"}},{"arcs":[[-143,675,676,677,678,679,-147]],"type":"Polygon","properties":{"n":"Adne","c":552422,"d":"Palghar","s":"MAHARASHTRA"}},{"arcs":[[-142,680,681,-676]],"type":"Polygon","properties":{"n":"Bhinar","c":552420,"d":"Palghar","s":"MAHARASHTRA"}},{"arcs":[[-175,682,683,-673]],"type":"Polygon","properties":{"n":"Koshimbe","c":944009,"d":"Palghar","s":"MAHARASHTRA"}},{"arcs":[[-185,684,-190]],"type":"Polygon","properties":{"n":"Gaskopari","c":944014,"d":"Palghar","s":"MAHARASHTRA"}},{"arcs":[[-197,685,686,687,688,-659]],"type":"Polygon","properties":{"n":"Chikhaldongre","c":944018,"d":"Palghar","s":"MAHARASHTRA"}},{"arcs":[[-153,-165,689,-681,-141]],"type":"Polygon","properties":{"n":"Ambode","c":552419,"d":"Palghar","s":"MAHARASHTRA"}},{"arcs":[[-658,690,691,692,693,-683,-174]],"type":"Polygon","properties":{"n":"Shirsad","c":944198,"d":"Palghar","s":"MAHARASHTRA"}},{"arcs":[[-149,694,695,-187]],"type":"Polygon","properties":{"n":"Navasai","c":552414,"d":"Palghar","s":"MAHARASHTRA"}},{"arcs":[[-184,696,697,-193,698,-191,-685]],"type":"Polygon","properties":{"n":"Kopri","c":552407,"d":"Palghar","s":"MAHARASHTRA"}},{"arcs":[[-188,-696,699,700,701,-692,702,-656]],"type":"Polygon","properties":{"n":"Chandip","c":944017,"d":"Palghar","s":"MAHARASHTRA"}},{"arcs":[[-183,703,704,-697]],"type":"Polygon","properties":{"n":" ","c":0,"d":"Palghar","s":"MAHARASHTRA"}},{"arcs":[[705,706,707,-677,-682,-690,-164]],"type":"Polygon","properties":{"n":"Saiwan","c":552421,"d":"Palghar","s":"MAHARASHTRA"}},{"arcs":[[708,709,710,-180,-675]],"type":"Polygon","properties":{"n":"Tokare","c":552427,"d":"Palghar","s":"MAHARASHTRA"}},{"arcs":[[-196,711,712,-686]],"type":"Polygon","properties":{"n":"Dongare","c":944042,"d":"Palghar","s":"MAHARASHTRA"}},{"arcs":[[-689,713,714,715,716,-660]],"type":"Polygon","properties":{"n":"Kolhapur","c":552399,"d":"Palghar","s":"MAHARASHTRA"}},{"arcs":[[-694,717,-709,-674,-684]],"type":"Polygon","properties":{"n":"Kaner","c":943984,"d":"Palghar","s":"MAHARASHTRA"}},{"arcs":[[-657,-703,-691]],"type":"Polygon","properties":{"n":"Mandvi","c":944181,"d":"Palghar","s":"MAHARASHTRA"}},{"arcs":[[-699,-192]],"type":"Polygon","properties":{"n":"Gaskopari","c":944014,"d":"Palghar","s":"MAHARASHTRA"}},{"arcs":[[-695,718,719,720,-700]],"type":"Polygon","properties":{"n":"Shivansai","c":552426,"d":"Palghar","s":"MAHARASHTRA"}},{"arcs":[[721,722,-714,-688,723]],"type":"Polygon","properties":{"n":"Tembhi","c":552398,"d":"Palghar","s":"MAHARASHTRA"}},{"arcs":[[-705,724,725,-194,-698]],"type":"Polygon","properties":{"n":"Chandansar","c":944040,"d":"Palghar","s":"MAHARASHTRA"}},{"arcs":[[-148,-680,726,-719]],"type":"Polygon","properties":{"n":"Usgaon","c":552425,"d":"Palghar","s":"MAHARASHTRA"}},{"arcs":[[-661,-717,727,728]],"type":"Polygon","properties":{"n":"Mukkam","c":552401,"d":"Palghar","s":"MAHARASHTRA"}},{"arcs":[[-687,-713,729,730,731,732,733,734,-724]],"type":"Polygon","properties":{"n":"Bolinj","c":944162,"d":"Palghar","s":"MAHARASHTRA"}},{"arcs":[[-718,-693,-702,735,-710]],"type":"Polygon","properties":{"n":"Khairpada","c":552428,"d":"Palghar","s":"MAHARASHTRA"}},{"arcs":[[-704,-182,736,737,738,739,-725]],"type":"Polygon","properties":{"n":"Bhatpada","c":552408,"d":"Palghar","s":"MAHARASHTRA"}},{"arcs":[[-723,740,741,742,-715]],"type":"Polygon","properties":{"n":" ","c":0,"d":"Palghar","s":"MAHARASHTRA"}},{"arcs":[[-708,743,744,745,-678]],"type":"Polygon","properties":{"n":"Shirvali","c":552423,"d":"Palghar","s":"MAHARASHTRA"}},{"arcs":[[746,747,-662,-729]],"type":"Polygon","properties":{"n":"Arnala","c":552402,"d":"Palghar","s":"MAHARASHTRA"}},{"arcs":[[-740,748,-730,-712,-195,-726]],"type":"Polygon","properties":{"n":"Virar","c":944195,"d":"Palghar","s":"MAHARASHTRA"}},{"arcs":[[-679,-746,749,750,-720,-727]],"type":"Polygon","properties":{"n":"Parol","c":552424,"d":"Palghar","s":"MAHARASHTRA"}},{"arcs":[[751,752,753,-744,-707,754]],"type":"Polygon","properties":{"n":"Karanjon","c":552432,"d":"Palghar","s":"MAHARASHTRA"}},{"arcs":[[-716,-743,755,-747,-728]],"type":"Polygon","properties":{"n":"Patilgaon","c":552400,"d":"Palghar","s":"MAHARASHTRA"}},{"arcs":[[-711,-736,-701,-721,756,757,758,759,-737,-181]],"type":"Polygon","properties":{"n":"Pelhar","c":944156,"d":"Palghar","s":"MAHARASHTRA"}},{"arcs":[[-754,760,761,762,-750,-745]],"type":"Polygon","properties":{"n":"Majivali","c":552431,"d":"Palghar","s":"MAHARASHTRA"}},{"arcs":[[-760,763,764,765,-738]],"type":"Polygon","properties":{"n":"Dhaniv","c":944146,"d":"Palghar","s":"MAHARASHTRA"}},{"arcs":[[-735,766,767,768,769,-741,-722]],"type":"Polygon","properties":{"n":"Kofrad","c":944007,"d":"Palghar","s":"MAHARASHTRA"}},{"arcs":[[-766,770,771,772,-731,-749,-739]],"type":"Polygon","properties":{"n":" ","c":0,"d":"Palghar","s":"MAHARASHTRA"}},{"arcs":[[-742,-770,773,774,-663,-748,-756]],"type":"Polygon","properties":{"n":"Vatar","c":944189,"d":"Palghar","s":"MAHARASHTRA"}},{"arcs":[[-753,775,-761]],"type":"Polygon","properties":{"n":"Depivali","c":552430,"d":"Palghar","s":"MAHARASHTRA"}},{"arcs":[[776,777,778,779,780,781,782,-774,-769],[783],[784]],"type":"Polygon","properties":{"n":"Satpale","c":552403,"d":"Palghar","s":"MAHARASHTRA"}},{"arcs":[[785,786,787,788,789,-772]],"type":"Polygon","properties":{"n":" ","c":0,"d":"Palghar","s":"MAHARASHTRA"}},{"arcs":[[-763,790,791,792,793,794,-757,-751]],"type":"Polygon","properties":{"n":"Chinchoti","c":944034,"d":"Palghar","s":"MAHARASHTRA"}},{"arcs":[[795,796,-791,-762,-776,-752]],"type":"Polygon","properties":{"n":"Tilher","c":552433,"d":"Palghar","s":"MAHARASHTRA"}},{"arcs":[[-765,797,798,-786,-771]],"type":"Polygon","properties":{"n":"Bilalpada","c":944160,"d":"Palghar","s":"MAHARASHTRA"}},{"arcs":[[-734,799,800,801,802,803,804,-767]],"type":"Polygon","properties":{"n":"Umrale","c":943981,"d":"Palghar","s":"MAHARASHTRA"}},{"arcs":[[-790,805,806,807,808,809,-732,-773]],"type":"Polygon","properties":{"n":"Nilemore","c":944154,"d":"Palghar","s":"MAHARASHTRA"}},{"arcs":[[-777,-768,-805,810,811,812,813,814,815,816,817,-779,818],[819]],"type":"Polygon","properties":{"n":"Rajodi","c":944188,"d":"Palghar","s":"MAHARASHTRA"}},{"arcs":[[-810,820,-800,-733]],"type":"Polygon","properties":{"n":"Karmale","c":943985,"d":"Palghar","s":"MAHARASHTRA"}},{"arcs":[[-819,-778]],"type":"Polygon","properties":{"n":"Nale","c":944152,"d":"Palghar","s":"MAHARASHTRA"}},{"arcs":[[-780,-818,821,822,-815,823,824]],"type":"Polygon","properties":{"n":"Nale","c":944152,"d":"Palghar","s":"MAHARASHTRA"}},{"arcs":[[825,826,-788]],"type":"Polygon","properties":{"n":"Tulinj","c":944043,"d":"Palghar","s":"MAHARASHTRA"}},{"arcs":[[827,-781,-825,828,829,830,-664,-775,-783],[831],[832],[833],[834],[835],[836],[837]],"type":"Polygon","properties":{"n":"Rajodi","c":944188,"d":"Palghar","s":"MAHARASHTRA"}},{"arcs":[[-782,-828]],"type":"Polygon","properties":{"n":"Satpale","c":552403,"d":"Palghar","s":"MAHARASHTRA"}},{"arcs":[[-785]],"type":"Polygon","properties":{"n":"Rajodi","c":944188,"d":"Palghar","s":"MAHARASHTRA"}},{"arcs":[[-784]],"type":"Polygon","properties":{"n":"Rajodi","c":944188,"d":"Palghar","s":"MAHARASHTRA"}},{"arcs":[[-817,838,-822]],"type":"Polygon","properties":{"n":"Rajodi","c":944188,"d":"Palghar","s":"MAHARASHTRA"}},{"arcs":[[-832]],"type":"Polygon","properties":{"n":"Satpale","c":552403,"d":"Palghar","s":"MAHARASHTRA"}},{"arcs":[[-833]],"type":"Polygon","properties":{"n":"Satpale","c":552403,"d":"Palghar","s":"MAHARASHTRA"}},{"arcs":[[-834]],"type":"Polygon","properties":{"n":"Satpale","c":552403,"d":"Palghar","s":"MAHARASHTRA"}},{"arcs":[[-835]],"type":"Polygon","properties":{"n":"Satpale","c":552403,"d":"Palghar","s":"MAHARASHTRA"}},{"arcs":[[-836]],"type":"Polygon","properties":{"n":"Satpale","c":552403,"d":"Palghar","s":"MAHARASHTRA"}},{"arcs":[[-837]],"type":"Polygon","properties":{"n":"Satpale","c":552403,"d":"Palghar","s":"MAHARASHTRA"}},{"arcs":[[-820]],"type":"Polygon","properties":{"n":"Kofrad","c":944007,"d":"Palghar","s":"MAHARASHTRA"}},{"arcs":[[-816,-823,-839]],"type":"Polygon","properties":{"n":"Nale","c":944152,"d":"Palghar","s":"MAHARASHTRA"}},{"arcs":[[-838]],"type":"Polygon","properties":{"n":"Satpale","c":552403,"d":"Palghar","s":"MAHARASHTRA"}},{"arcs":[[-824,-814,839,840,-829],[841]],"type":"Polygon","properties":{"n":"Nale","c":944152,"d":"Palghar","s":"MAHARASHTRA"}},{"arcs":[[-799,842,843,844,845,846,847,-826,-787]],"type":"Polygon","properties":{"n":"Gokhivare","c":944016,"d":"Palghar","s":"MAHARASHTRA"}},{"arcs":[[-840,-813,848]],"type":"Polygon","properties":{"n":"Nale","c":944152,"d":"Palghar","s":"MAHARASHTRA"}},{"arcs":[[-795,849,850,-844,851,-758]],"type":"Polygon","properties":{"n":"Sativali","c":944203,"d":"Palghar","s":"MAHARASHTRA"}},{"arcs":[[-759,-852,-843,-798,-764]],"type":"Polygon","properties":{"n":" ","c":0,"d":"Palghar","s":"MAHARASHTRA"}},{"arcs":[[-849,-812,852,853,854,855,856,857,-666,858,-830,-841],[859]],"type":"Polygon","properties":{"n":"Wagholi","c":944191,"d":"Palghar","s":"MAHARASHTRA"}},{"arcs":[[-842]],"type":"Polygon","properties":{"n":"Rajodi","c":944188,"d":"Palghar","s":"MAHARASHTRA"}},{"arcs":[[-809,860,-801,-821]],"type":"Polygon","properties":{"n":"Samel","c":944200,"d":"Palghar","s":"MAHARASHTRA"}},{"arcs":[[-859,-665,-831]],"type":"Polygon","properties":{"n":"Kalamb","c":552404,"d":"Palghar","s":"MAHARASHTRA"}},{"arcs":[[-804,861,862,863,-853,-811]],"type":"Polygon","properties":{"n":" ","c":0,"d":"Palghar","s":"MAHARASHTRA"}},{"arcs":[[-789,-827,-848,864,865,866,-806]],"type":"Polygon","properties":{"n":" ","c":0,"d":"Palghar","s":"MAHARASHTRA"}},{"arcs":[[-808,867,868,-802,-861]],"type":"Polygon","properties":{"n":"Sopara","c":944208,"d":"Palghar","s":"MAHARASHTRA"}},{"arcs":[[-869,869,-862,-803]],"type":"Polygon","properties":{"n":" ","c":0,"d":"Palghar","s":"MAHARASHTRA"}},{"arcs":[[870,871,872,873,-854,-864]],"type":"Polygon","properties":{"n":"Navale","c":944149,"d":"Palghar","s":"MAHARASHTRA"}},{"arcs":[[-868,-807,-867,874,875,876,877,878,879,880,881,882,883,884,885,886,887,888,889,890,-873,891,-871,-863,-870],[892],[893],[894],[895],[896],[897],[898]],"type":"Polygon","properties":{"n":"Gas","c":944013,"d":"Palghar","s":"MAHARASHTRA"}},{"arcs":[[-797,899,900,901,902,903,904,905,906,-792]],"type":"Polygon","properties":{"n":"Kaman","c":944004,"d":"Palghar","s":"MAHARASHTRA"}},{"arcs":[[-847,907,908,909,-865]],"type":"Polygon","properties":{"n":"Manikpur","c":944173,"d":"Palghar","s":"MAHARASHTRA"}},{"arcs":[[910,911,912,913,914,915,916,-667,-858]],"type":"Polygon","properties":{"n":"Navale","c":944149,"d":"Palghar","s":"MAHARASHTRA"}},{"arcs":[[-860]],"type":"Polygon","properties":{"n":"Navale","c":944149,"d":"Palghar","s":"MAHARASHTRA"}},{"arcs":[[917,-856]],"type":"Polygon","properties":{"n":"Navale","c":944149,"d":"Palghar","s":"MAHARASHTRA"}},{"arcs":[[-857,-918,-855,-874,-891,918,-889,919,-887,920,-885,921,922,923,924,925,926,927,928,929,-915,930,-913,931,-911]],"type":"Polygon","properties":{"n":"Nirmal","c":944153,"d":"Palghar","s":"MAHARASHTRA"}},{"arcs":[[-932,-912]],"type":"Polygon","properties":{"n":"Rajodi","c":944188,"d":"Palghar","s":"MAHARASHTRA"}},{"arcs":[[-875,-866,-910,932,933,934]],"type":"Polygon","properties":{"n":" ","c":0,"d":"Palghar","s":"MAHARASHTRA"}},{"arcs":[[-876,-935,935,936,937,938,939]],"type":"Polygon","properties":{"n":"Chulane","c":944038,"d":"Palghar","s":"MAHARASHTRA"}},{"arcs":[[-872,-892]],"type":"Polygon","properties":{"n":"Gas","c":944013,"d":"Palghar","s":"MAHARASHTRA"}},{"arcs":[[940,941,942,943,944,945,-908,-846]],"type":"Polygon","properties":{"n":"Rajavali","c":944186,"d":"Palghar","s":"MAHARASHTRA"}},{"arcs":[[-894]],"type":"Polygon","properties":{"n":"Gas","c":944013,"d":"Palghar","s":"MAHARASHTRA"}},{"arcs":[[946,-924]],"type":"Polygon","properties":{"n":"Navale","c":944149,"d":"Palghar","s":"MAHARASHTRA"}},{"arcs":[[-845,-851,947,948,949,950,-943,951,-941]],"type":"Polygon","properties":{"n":"Tivari","c":552429,"d":"Palghar","s":"MAHARASHTRA"}},{"arcs":[[-893]],"type":"Polygon","properties":{"n":"Gas","c":944013,"d":"Palghar","s":"MAHARASHTRA"}},{"arcs":[[-929,952,-927,953,-883,954,-881,955,956,957,-668,-917,958],[959],[960]],"type":"Polygon","properties":{"n":"Bhuigaon Khurd","c":944165,"d":"Palghar","s":"MAHARASHTRA"}},{"arcs":[[-890,-919]],"type":"Polygon","properties":{"n":"Navale","c":944149,"d":"Palghar","s":"MAHARASHTRA"}},{"arcs":[[-923,961,-925,-947]],"type":"Polygon","properties":{"n":" ","c":0,"d":"Palghar","s":"MAHARASHTRA"}},{"arcs":[[-931,-914]],"type":"Polygon","properties":{"n":"Rajodi","c":944188,"d":"Palghar","s":"MAHARASHTRA"}},{"arcs":[[-922,-884,-954,-926,-962]],"type":"Polygon","properties":{"n":"Navale","c":944149,"d":"Palghar","s":"MAHARASHTRA"}},{"arcs":[[-959,-916,-930]],"type":"Polygon","properties":{"n":" ","c":0,"d":"Palghar","s":"MAHARASHTRA"}},{"arcs":[[-928,-953]],"type":"Polygon","properties":{"n":"Navale","c":944149,"d":"Palghar","s":"MAHARASHTRA"}},{"arcs":[[-888,-920]],"type":"Polygon","properties":{"n":"Navale","c":944149,"d":"Palghar","s":"MAHARASHTRA"}},{"arcs":[[-886,-921]],"type":"Polygon","properties":{"n":"Navale","c":944149,"d":"Palghar","s":"MAHARASHTRA"}},{"arcs":[[-895]],"type":"Polygon","properties":{"n":"Gas","c":944013,"d":"Palghar","s":"MAHARASHTRA"}},{"arcs":[[-896]],"type":"Polygon","properties":{"n":"Bhuigaon Khurd","c":944165,"d":"Palghar","s":"MAHARASHTRA"}},{"arcs":[[-897]],"type":"Polygon","properties":{"n":"Bhuigaon Khurd","c":944165,"d":"Palghar","s":"MAHARASHTRA"}},{"arcs":[[-898]],"type":"Polygon","properties":{"n":"Bhuigaon Khurd","c":944165,"d":"Palghar","s":"MAHARASHTRA"}},{"arcs":[[-942,-952]],"type":"Polygon","properties":{"n":" ","c":0,"d":"Palghar","s":"MAHARASHTRA"}},{"arcs":[[-960]],"type":"Polygon","properties":{"n":"Gas","c":944013,"d":"Palghar","s":"MAHARASHTRA"}},{"arcs":[[-882,-955]],"type":"Polygon","properties":{"n":"Gas","c":944013,"d":"Palghar","s":"MAHARASHTRA"}},{"arcs":[[-899]],"type":"Polygon","properties":{"n":"Gas","c":944013,"d":"Palghar","s":"MAHARASHTRA"}},{"arcs":[[-880,962,-878,963,964,-669,-958,965,-956],[966],[967],[968],[969],[970],[971],[972],[973],[974],[975],[976],[977],[978]],"type":"Polygon","properties":{"n":"Bhuigaon Budruk","c":944168,"d":"Palghar","s":"MAHARASHTRA"}},{"arcs":[[-963,-879],[979]],"type":"Polygon","properties":{"n":"Bhuigaon Budruk","c":944168,"d":"Palghar","s":"MAHARASHTRA"}},{"arcs":[[-980]],"type":"Polygon","properties":{"n":"Bhuigaon Khurd","c":944165,"d":"Palghar","s":"MAHARASHTRA"}},{"arcs":[[-961]],"type":"Polygon","properties":{"n":"Gas","c":944013,"d":"Palghar","s":"MAHARASHTRA"}},{"arcs":[[-909,980,-933]],"type":"Polygon","properties":{"n":"Navghar","c":944148,"d":"Palghar","s":"MAHARASHTRA"}},{"arcs":[[-940,981,982,983,-964,-877]],"type":"Polygon","properties":{"n":"Girij","c":944015,"d":"Palghar","s":"MAHARASHTRA"}},{"arcs":[[-967]],"type":"Polygon","properties":{"n":"Bhuigaon Khurd","c":944165,"d":"Palghar","s":"MAHARASHTRA"}},{"arcs":[[-794,984,-906,985,-948,-850]],"type":"Polygon","properties":{"n":"Kolhi","c":944008,"d":"Palghar","s":"MAHARASHTRA"}},{"arcs":[[-969]],"type":"Polygon","properties":{"n":"Bhuigaon Khurd","c":944165,"d":"Palghar","s":"MAHARASHTRA"}},{"arcs":[[-968]],"type":"Polygon","properties":{"n":"Bhuigaon Khurd","c":944165,"d":"Palghar","s":"MAHARASHTRA"}},{"arcs":[[-970]],"type":"Polygon","properties":{"n":"Bhuigaon Khurd","c":944165,"d":"Palghar","s":"MAHARASHTRA"}},{"arcs":[[-971]],"type":"Polygon","properties":{"n":"Bhuigaon Khurd","c":944165,"d":"Palghar","s":"MAHARASHTRA"}},{"arcs":[[-978]],"type":"Polygon","properties":{"n":"Bhuigaon Khurd","c":944165,"d":"Palghar","s":"MAHARASHTRA"}},{"arcs":[[-973]],"type":"Polygon","properties":{"n":"Bhuigaon Khurd","c":944165,"d":"Palghar","s":"MAHARASHTRA"}},{"arcs":[[-972]],"type":"Polygon","properties":{"n":"Bhuigaon Khurd","c":944165,"d":"Palghar","s":"MAHARASHTRA"}},{"arcs":[[-975]],"type":"Polygon","properties":{"n":"Bhuigaon Khurd","c":944165,"d":"Palghar","s":"MAHARASHTRA"}},{"arcs":[[-974]],"type":"Polygon","properties":{"n":"Bhuigaon Khurd","c":944165,"d":"Palghar","s":"MAHARASHTRA"}},{"arcs":[[-957,-966]],"type":"Polygon","properties":{"n":"Bhuigaon Khurd","c":944165,"d":"Palghar","s":"MAHARASHTRA"}},{"arcs":[[-976]],"type":"Polygon","properties":{"n":"Bhuigaon Khurd","c":944165,"d":"Palghar","s":"MAHARASHTRA"}},{"arcs":[[-979]],"type":"Polygon","properties":{"n":"Bhuigaon Khurd","c":944165,"d":"Palghar","s":"MAHARASHTRA"}},{"arcs":[[-977]],"type":"Polygon","properties":{"n":"Bhuigaon Khurd","c":944165,"d":"Palghar","s":"MAHARASHTRA"}},{"arcs":[[-946,986,-936,-934,-981]],"type":"Polygon","properties":{"n":" ","c":0,"d":"Palghar","s":"MAHARASHTRA"}},{"arcs":[[-939,987,988,989,-982]],"type":"Polygon","properties":{"n":"Saloli","c":944205,"d":"Palghar","s":"MAHARASHTRA"}},{"arcs":[[-984,990,991,992,993,-670,-965]],"type":"Polygon","properties":{"n":"Rangaon","c":552434,"d":"Palghar","s":"MAHARASHTRA"}},{"arcs":[[-793,-907,-985]],"type":"Polygon","properties":{"n":" ","c":0,"d":"Palghar","s":"MAHARASHTRA"}},{"arcs":[[-945,994,995,996,-937,-987]],"type":"Polygon","properties":{"n":" ","c":0,"d":"Palghar","s":"MAHARASHTRA"}},{"arcs":[[-944,-951,997,998,-995]],"type":"Polygon","properties":{"n":" ","c":0,"d":"Palghar","s":"MAHARASHTRA"}},{"arcs":[[999,1000,1001,1002,-901,1003]],"type":"Polygon","properties":{"n":"Poman","c":552444,"d":"Palghar","s":"MAHARASHTRA"}},{"arcs":[[-905,1004,1005,-949,-986]],"type":"Polygon","properties":{"n":"Chandrapada (CT)","c":552447,"d":"Palghar","s":"MAHARASHTRA"}},{"arcs":[[-990,1006,1007,1008,1009,1010,-991,-983]],"type":"Polygon","properties":{"n":"Vaslai","c":552435,"d":"Palghar","s":"MAHARASHTRA"}},{"arcs":[[-997,1011,1012,1013,1014,1015,1016,1017,-988,-938]],"type":"Polygon","properties":{"n":"Sandor","c":909371,"d":"Palghar","s":"MAHARASHTRA"}},{"arcs":[[-999,1018,1019,1020,1021,1022,1023,1024,-1012,-996]],"type":"Polygon","properties":{"n":"Umela","c":943983,"d":"Palghar","s":"MAHARASHTRA"}},{"arcs":[[-1011,1025,-992]],"type":"Polygon","properties":{"n":"Kaular Budruk","c":944012,"d":"Palghar","s":"MAHARASHTRA"}},{"arcs":[[-950,-1006,1026,1027,1028,1029,-1019,-998]],"type":"Polygon","properties":{"n":"Juchandr","c":944041,"d":"Palghar","s":"MAHARASHTRA"}},{"arcs":[[-1018,1030,-1007,-989]],"type":"Polygon","properties":{"n":"Actan","c":552436,"d":"Palghar","s":"MAHARASHTRA"}},{"arcs":[[-904,1031,1032,-1027,-1005]],"type":"Polygon","properties":{"n":"Bapane","c":944158,"d":"Palghar","s":"MAHARASHTRA"}},{"arcs":[[1033,-1015,1034,-993,-1026,-1010]],"type":"Polygon","properties":{"n":"Kaular Khurd","c":944011,"d":"Palghar","s":"MAHARASHTRA"}},{"arcs":[[-1031,-1017,1035,-1008]],"type":"Polygon","properties":{"n":"Tarkhad","c":552437,"d":"Palghar","s":"MAHARASHTRA"}},{"arcs":[[-1009,-1036,-1016,-1034]],"type":"Polygon","properties":{"n":" ","c":0,"d":"Palghar","s":"MAHARASHTRA"}},{"arcs":[[-1024,1036,1037,1038,1039,1040]],"type":"Polygon","properties":{"n":"Chobare","c":944039,"d":"Palghar","s":"MAHARASHTRA"}},{"arcs":[[-1041,1041,1042,1043,-1013,-1025]],"type":"Polygon","properties":{"n":" ","c":0,"d":"Palghar","s":"MAHARASHTRA"}},{"arcs":[[-1038,1044]],"type":"Polygon","properties":{"n":"Kiravali","c":944006,"d":"Palghar","s":"MAHARASHTRA"}},{"arcs":[[-1040,1045,1046,1047,-1042]],"type":"Polygon","properties":{"n":"Mulgaon","c":944183,"d":"Palghar","s":"MAHARASHTRA"}},{"arcs":[[-1023,1048,1049,1050,1051,1052,-1046,-1039,-1045,-1037]],"type":"Polygon","properties":{"n":"Khochivade","c":552438,"d":"Palghar","s":"MAHARASHTRA"}},{"arcs":[[-902,-1003,1053,1054]],"type":"Polygon","properties":{"n":"Mori","c":552443,"d":"Palghar","s":"MAHARASHTRA"}},{"arcs":[[-1055,1055,-1032,-903]],"type":"Polygon","properties":{"n":"Sarjamori","c":552442,"d":"Palghar","s":"MAHARASHTRA"}},{"arcs":[[-1022,1056,-1049]],"type":"Polygon","properties":{"n":"Pali","c":552439,"d":"Palghar","s":"MAHARASHTRA"}},{"arcs":[[-1021,1057,-1050,-1057]],"type":"Polygon","properties":{"n":"Naigaon","c":944150,"d":"Palghar","s":"MAHARASHTRA"}},{"arcs":[[-1048,1058,1059,-1043]],"type":"Polygon","properties":{"n":"Malonde","c":944178,"d":"Palghar","s":"MAHARASHTRA"}},{"arcs":[[-1053,1060,-1059,-1047]],"type":"Polygon","properties":{"n":"Vasai-Virar City (M Corp)","c":802785,"d":"Palghar","s":"MAHARASHTRA"}},{"arcs":[[-1033,-1056,-1054,-1002,1061,1062,1063,1064,-1028]],"type":"Polygon","properties":{"n":"Sasunavghar","c":944201,"d":"Palghar","s":"MAHARASHTRA"}},{"arcs":[[-1030,1065,-1064,1066,1067,-1051,-1058,-1020]],"type":"Polygon","properties":{"n":"Panju","c":552440,"d":"Palghar","s":"MAHARASHTRA"}},{"arcs":[[-1065,-1066,-1029]],"type":"Polygon","properties":{"n":"Malaji Pada","c":552441,"d":"Palghar","s":"MAHARASHTRA"}},{"arcs":[[-1001,1068,-1062]],"type":"Polygon","properties":{"n":"Shilottar","c":552445,"d":"Palghar","s":"MAHARASHTRA"}},{"arcs":[[-1067,-1063,-1069,-1000,1069]],"type":"Polygon","properties":{"n":"Nagale","c":552446,"d":"Palghar","s":"MAHARASHTRA"}},{"arcs":[[-310]],"type":"Polygon","properties":{"n":"Sakhare","c":551797,"d":"Palghar","s":"MAHARASHTRA"}},{"arcs":[[-288,-313,1070,1071,-314]],"type":"Polygon","properties":{"n":"Nagzari","c":551790,"d":"Palghar","s":"MAHARASHTRA"}},{"arcs":[[-297,1072,1073,1074,1075,1076,1077,-281]],"type":"Polygon","properties":{"n":"Ghaneghar","c":551811,"d":"Palghar","s":"MAHARASHTRA"}},{"arcs":[[-312,-317,-322,1078,1079,-1071]],"type":"Polygon","properties":{"n":"Yashwantnagar","c":551791,"d":"Palghar","s":"MAHARASHTRA"}},{"arcs":[[1080,1081,1082,-292,-303]],"type":"Polygon","properties":{"n":"Uparale","c":551785,"d":"Palghar","s":"MAHARASHTRA"}},{"arcs":[[-1072,-1080,1083,1084,1085,-241,-315]],"type":"Polygon","properties":{"n":"Vikramgad (CT)","c":551844,"d":"Palghar","s":"MAHARASHTRA"}},{"arcs":[[-1083,1086,1087,1088,1089,-246,-293]],"type":"Polygon","properties":{"n":"Apti Bk.","c":551784,"d":"Palghar","s":"MAHARASHTRA"}},{"arcs":[[1090,1091,-1081,-302,-244]],"type":"Polygon","properties":{"n":"Tetawali","c":551806,"d":"Palghar","s":"MAHARASHTRA"}},{"arcs":[[-296,-299,1092,1093,1094,-1073]],"type":"Polygon","properties":{"n":"Talavali Tarf Satkor","c":551779,"d":"Palghar","s":"MAHARASHTRA"}},{"arcs":[[-298,-248,1095,1096,-1093]],"type":"Polygon","properties":{"n":"Vedhe","c":551780,"d":"Palghar","s":"MAHARASHTRA"}},{"arcs":[[1097,1098,1099,-318,-307]],"type":"Polygon","properties":{"n":"Tembholi","c":551799,"d":"Palghar","s":"MAHARASHTRA"}},{"arcs":[[-1092,1100,1101,1102,-1087,-1082]],"type":"Polygon","properties":{"n":"Bandhan","c":551807,"d":"Palghar","s":"MAHARASHTRA"}},{"arcs":[[-1090,1103,-1096,-247]],"type":"Polygon","properties":{"n":"Chari Bk.","c":551783,"d":"Palghar","s":"MAHARASHTRA"}},{"arcs":[[-1100,1104,1105,-319]],"type":"Polygon","properties":{"n":"Pochade","c":551800,"d":"Palghar","s":"MAHARASHTRA"}},{"arcs":[[-655,1106,1107,1108,-1098,-306,-652]],"type":"Polygon","properties":{"n":"Andhari","c":551798,"d":"Palghar","s":"MAHARASHTRA"}},{"arcs":[[-242,-1086,1109,1110,1111]],"type":"Polygon","properties":{"n":"Man","c":551804,"d":"Palghar","s":"MAHARASHTRA"}},{"arcs":[[-243,-1112,1112,1113,1114,1115,-1101,-1091]],"type":"Polygon","properties":{"n":"Deharje","c":551805,"d":"Palghar","s":"MAHARASHTRA"}},{"arcs":[[-321,1116,1117,1118,1119,-1084,-1079]],"type":"Polygon","properties":{"n":"Khand","c":551802,"d":"Palghar","s":"MAHARASHTRA"}},{"arcs":[[-1120,1120,1121,1122,1123,-1110,-1085]],"type":"Polygon","properties":{"n":"Onde","c":551803,"d":"Palghar","s":"MAHARASHTRA"}},{"arcs":[[1124,1125,1126,1127,1128,1129,1130,1131,1132,1133,1134,-1088,-1103]],"type":"Polygon","properties":{"n":"Raysalgaon (N.V.)","c":552017,"d":"Palghar","s":"MAHARASHTRA"}},{"arcs":[[-1089,-1135,1135,1136,-1094,-1097,-1104]],"type":"Polygon","properties":{"n":"Chinchghar","c":551809,"d":"Palghar","s":"MAHARASHTRA"}},{"arcs":[[-1137,1137,1138,1139,-1074,-1095]],"type":"Polygon","properties":{"n":"Bhopoli","c":551810,"d":"Palghar","s":"MAHARASHTRA"}},{"arcs":[[-1102,-1116,1140,-1125]],"type":"Polygon","properties":{"n":"Khandeghar","c":551808,"d":"Palghar","s":"MAHARASHTRA"}},{"arcs":[[1141,1142,1143,-1117,-320,-1106]],"type":"Polygon","properties":{"n":"Waki","c":551801,"d":"Palghar","s":"MAHARASHTRA"}},{"arcs":[[-1111,-1124,1144,1145,1146,-1113]],"type":"Polygon","properties":{"n":"Shil","c":551816,"d":"Palghar","s":"MAHARASHTRA"}},{"arcs":[[-1140,1147,1148,1149,1150,-1075]],"type":"Polygon","properties":{"n":"Borande","c":551812,"d":"Palghar","s":"MAHARASHTRA"}},{"arcs":[[-1136,-1134,1151,1152,-1138]],"type":"Polygon","properties":{"n":"Shil","c":551814,"d":"Palghar","s":"MAHARASHTRA"}},{"arcs":[[-1145,-1123,1153]],"type":"Polygon","properties":{"n":"Zadapoli","c":551817,"d":"Palghar","s":"MAHARASHTRA"}},{"arcs":[[1154,1155,1156,1157,1158,-1118,-1144]],"type":"Polygon","properties":{"n":"Malwade","c":551820,"d":"Palghar","s":"MAHARASHTRA"}},{"arcs":[[-1115,1159,-1126,-1141]],"type":"Polygon","properties":{"n":"Hatane","c":551815,"d":"Palghar","s":"MAHARASHTRA"}},{"arcs":[[-1153,1160,1161,-1148,-1139]],"type":"Polygon","properties":{"n":"Bangarchole","c":551813,"d":"Palghar","s":"MAHARASHTRA"}},{"arcs":[[-1159,1162,1163,1164,1165,-1121,-1119]],"type":"Polygon","properties":{"n":"Rampur","c":551819,"d":"Palghar","s":"MAHARASHTRA"}},{"arcs":[[-1114,-1147,1166,1167,1168,1169,-1127,-1160]],"type":"Polygon","properties":{"n":"Moho Bk.","c":551824,"d":"Palghar","s":"MAHARASHTRA"}},{"arcs":[[-1122,-1166,1170,-1167,-1146,-1154]],"type":"Polygon","properties":{"n":"Sajan","c":551818,"d":"Palghar","s":"MAHARASHTRA"}},{"arcs":[[-1133,1171,1172,-1152]],"type":"Polygon","properties":{"n":"Mhasaroli","c":551826,"d":"Palghar","s":"MAHARASHTRA"}},{"arcs":[[-1162,1173,1174,1175,-1149]],"type":"Polygon","properties":{"n":"Shilshet","c":551827,"d":"Palghar","s":"MAHARASHTRA"}},{"arcs":[[-1173,1176,1177,1178,1179,1180,1181,1182,-1174,-1161]],"type":"Polygon","properties":{"n":"Kev","c":551829,"d":"Palghar","s":"MAHARASHTRA"}},{"arcs":[[-1165,1183,1184,-328,1185,1186,-1168,-1171]],"type":"Polygon","properties":{"n":"Alonde","c":551822,"d":"Palghar","s":"MAHARASHTRA"}},{"arcs":[[-1183,1187,1188,-1175]],"type":"Polygon","properties":{"n":"Nalshet","c":551828,"d":"Palghar","s":"MAHARASHTRA"}},{"arcs":[[1189,1190,-1184,-1164,1191]],"type":"Polygon","properties":{"n":"Bhanapur","c":551836,"d":"Palghar","s":"MAHARASHTRA"}},{"arcs":[[-1158,1192,1193,1194,-1192,-1163]],"type":"Polygon","properties":{"n":"Baste","c":551837,"d":"Palghar","s":"MAHARASHTRA"}},{"arcs":[[-1169,-1187,1195,1196]],"type":"Polygon","properties":{"n":"Moho Kh.","c":551823,"d":"Palghar","s":"MAHARASHTRA"}},{"arcs":[[1197,1198,-1128,-1170,-1197]],"type":"Polygon","properties":{"n":"Savaroli","c":551832,"d":"Palghar","s":"MAHARASHTRA"}},{"arcs":[[-1199,1199,1200,1201,-1129]],"type":"Polygon","properties":{"n":"Ambivali","c":551831,"d":"Palghar","s":"MAHARASHTRA"}},{"arcs":[[1202,1203,1204,-333,1205,-1190,-1195]],"type":"Polygon","properties":{"n":"Potkhal","c":551839,"d":"Palghar","s":"MAHARASHTRA"}},{"arcs":[[1206,-1177,-1172,-1132]],"type":"Polygon","properties":{"n":"Vadapoli","c":551830,"d":"Palghar","s":"MAHARASHTRA"}},{"arcs":[[-1191,-1206,-337,-332,-323,-1185]],"type":"Polygon","properties":{"n":"Utavali","c":551835,"d":"Palghar","s":"MAHARASHTRA"}},{"arcs":[[1207,1208,-1203,-1194]],"type":"Polygon","properties":{"n":"Shelpada","c":551838,"d":"Palghar","s":"MAHARASHTRA"}},{"arcs":[[-1186,-327,1209,1210,1211,-1200,-1198,-1196]],"type":"Polygon","properties":{"n":"Indgaon","c":551833,"d":"Palghar","s":"MAHARASHTRA"}},{"arcs":[[1212,-388,-346,1213]],"type":"Polygon","properties":{"n":"Savarvada","c":550860,"d":"Palghar","s":"MAHARASHTRA"}},{"arcs":[[1214,1215,1216,1217]],"type":"Polygon","properties":{"n":"Malonda","c":552164,"d":"Palghar","s":"MAHARASHTRA"}},{"arcs":[[1218,1219,1220,1221]],"type":"Polygon","properties":{"n":"Chendavali","c":552179,"d":"Palghar","s":"MAHARASHTRA"}},{"arcs":[[1222,1223,1224,1225]],"type":"Polygon","properties":{"n":"Kalambhai","c":552054,"d":"Palghar","s":"MAHARASHTRA"}},{"arcs":[[1226,1227,1228,1229,1230,1231]],"type":"Polygon","properties":{"n":"Bavali","c":552169,"d":"Palghar","s":"MAHARASHTRA"}},{"arcs":[[1232,-1232,1233,1234,1235,1236,1237]],"type":"Polygon","properties":{"n":"Tilgaon","c":552170,"d":"Palghar","s":"MAHARASHTRA"}},{"arcs":[[1238,1239,1240,1241,1242,1243]],"type":"Polygon","properties":{"n":"Devghar","c":552055,"d":"Palghar","s":"MAHARASHTRA"}},{"arcs":[[1244,-1237,1245,1246,1247,1248,1249]],"type":"Polygon","properties":{"n":"Devgaon","c":552171,"d":"Palghar","s":"MAHARASHTRA"}},{"arcs":[[-1226,1250,1251,-166,-154,-139,1252,1253]],"type":"Polygon","properties":{"n":"Ambarbhui","c":552094,"d":"Palghar","s":"MAHARASHTRA"}},{"arcs":[[1254,-1220,1255,1256,-1230]],"type":"Polygon","properties":{"n":"Tornae","c":552178,"d":"Palghar","s":"MAHARASHTRA"}},{"arcs":[[1257,1258,-1256,-1219,1259]],"type":"Polygon","properties":{"n":"Kuyalu","c":552180,"d":"Palghar","s":"MAHARASHTRA"}},{"arcs":[[1260,1261,1262,1263,1264,1265]],"type":"Polygon","properties":{"n":"Kharivali Tarf Poulbar","c":552058,"d":"Palghar","s":"MAHARASHTRA"}},{"arcs":[[1266,-1265,1267,1268,1269,1270]],"type":"Polygon","properties":{"n":"Bilavali","c":552089,"d":"Palghar","s":"MAHARASHTRA"}},{"arcs":[[1271,-1271,1272,-1239]],"type":"Polygon","properties":{"n":"Budhavali","c":552090,"d":"Palghar","s":"MAHARASHTRA"}},{"arcs":[[-1257,-1259,1273,1274,-1234,-1231]],"type":"Polygon","properties":{"n":"Khaire Ambivali","c":552177,"d":"Palghar","s":"MAHARASHTRA"}},{"arcs":[[-1241,1275,1276]],"type":"Polygon","properties":{"n":"Kati","c":552092,"d":"Palghar","s":"MAHARASHTRA"}},{"arcs":[[-1273,-1270,1277,1278,1279,1280,-1276,-1240]],"type":"Polygon","properties":{"n":"Gunj","c":552091,"d":"Palghar","s":"MAHARASHTRA"}},{"arcs":[[-1225,1281,-1281,1282,1283,1284,-1251]],"type":"Polygon","properties":{"n":"Nandani Gaigotha","c":552093,"d":"Palghar","s":"MAHARASHTRA"}},{"arcs":[[1285,1286,1287,1288,-1248]],"type":"Polygon","properties":{"n":"Kondhale","c":552104,"d":"Palghar","s":"MAHARASHTRA"}},{"arcs":[[1289,1290,1291,1292,1293]],"type":"Polygon","properties":{"n":"Saparonde","c":552101,"d":"Palghar","s":"MAHARASHTRA"}},{"arcs":[[-1235,-1275,1294,1295,1296,1297]],"type":"Polygon","properties":{"n":"Varnol","c":552175,"d":"Palghar","s":"MAHARASHTRA"}},{"arcs":[[1298,1299,1300,-1290,-1288]],"type":"Polygon","properties":{"n":"Usar","c":552103,"d":"Palghar","s":"MAHARASHTRA"}},{"arcs":[[1301,-1293,1302,1303,-1263]],"type":"Polygon","properties":{"n":"Kudus (CT)","c":552181,"d":"Palghar","s":"MAHARASHTRA"}},{"arcs":[[-1236,-1298,1304,-1246]],"type":"Polygon","properties":{"n":"Zadkhaire","c":552172,"d":"Palghar","s":"MAHARASHTRA"}},{"arcs":[[-1305,-1297,1305,1306,-1286,-1247]],"type":"Polygon","properties":{"n":"Mhaswal","c":552173,"d":"Palghar","s":"MAHARASHTRA"}},{"arcs":[[-1264,-1304,1307,1308,1309,1310,-1268]],"type":"Polygon","properties":{"n":"Chinchghar","c":552086,"d":"Palghar","s":"MAHARASHTRA"}},{"arcs":[[-1258,1311,1312,-1295,-1274]],"type":"Polygon","properties":{"n":"Jale","c":552176,"d":"Palghar","s":"MAHARASHTRA"}},{"arcs":[[-1311,1313,1314,-1278,-1269]],"type":"Polygon","properties":{"n":"Dongaste","c":552088,"d":"Palghar","s":"MAHARASHTRA"}},{"arcs":[[-6]],"type":"Polygon","properties":{"n":"Chourapada","c":550862,"d":"Palghar","s":"MAHARASHTRA"}},{"arcs":[[-7]],"type":"Polygon","properties":{"n":"Chourapada","c":550862,"d":"Palghar","s":"MAHARASHTRA"}},{"arcs":[[1315,-1214,-345,-2]],"type":"Polygon","properties":{"n":"Walan","c":550861,"d":"Palghar","s":"MAHARASHTRA"}},{"arcs":[[1316,1317,-403,-385,-1213,-1316,-1]],"type":"Polygon","properties":{"n":"Karanj Jali","c":550863,"d":"Palghar","s":"MAHARASHTRA"}},{"arcs":[[1318,1319,1320,1321,1322,1323,1324]],"type":"Polygon","properties":{"n":"Vasuri  Bk","c":552043,"d":"Palghar","s":"MAHARASHTRA"}},{"arcs":[[1325,1326,1327,-1320]],"type":"Polygon","properties":{"n":"Borande","c":552044,"d":"Palghar","s":"MAHARASHTRA"}},{"arcs":[[1328,1329,1330,1331,1332,1333]],"type":"Polygon","properties":{"n":"Abje","c":552047,"d":"Palghar","s":"MAHARASHTRA"}},{"arcs":[[1334,1335,1336,1337,1338]],"type":"Polygon","properties":{"n":"Varai Kh.","c":552158,"d":"Palghar","s":"MAHARASHTRA"}},{"arcs":[[1339,1340,1341,1342,1343]],"type":"Polygon","properties":{"n":"Gates   Kh.","c":552166,"d":"Palghar","s":"MAHARASHTRA"}},{"arcs":[[-1323,1344,1345,1346,1347]],"type":"Polygon","properties":{"n":"Avandhe","c":552042,"d":"Palghar","s":"MAHARASHTRA"}},{"arcs":[[1348,-1332,1349,1350,1351,1352,1353]],"type":"Polygon","properties":{"n":"Ambiste Bk.","c":552046,"d":"Palghar","s":"MAHARASHTRA"}},{"arcs":[[1354,1355,-1343,1356,1357,1358,-1329]],"type":"Polygon","properties":{"n":"Konsai","c":552081,"d":"Palghar","s":"MAHARASHTRA"}},{"arcs":[[-1353,1359,-1327,1360]],"type":"Polygon","properties":{"n":"Ambiste Kh.","c":552045,"d":"Palghar","s":"MAHARASHTRA"}},{"arcs":[[-1216,1361,1362,1363,1364,1365,1366]],"type":"Polygon","properties":{"n":"Vijapur","c":552162,"d":"Palghar","s":"MAHARASHTRA"}},{"arcs":[[-1328,-1360,-1352,1367,-1242,-1277,-1282,-1224,1368,-1321]],"type":"Polygon","properties":{"n":"Palsai","c":552052,"d":"Palghar","s":"MAHARASHTRA"}},{"arcs":[[1369,1370,-1250,1371,1372,-1357,-1342]],"type":"Polygon","properties":{"n":"Neharoli","c":552083,"d":"Palghar","s":"MAHARASHTRA"}},{"arcs":[[1373,1374,1375,1376,-1363]],"type":"Polygon","properties":{"n":"Savarkhand","c":552161,"d":"Palghar","s":"MAHARASHTRA"}},{"arcs":[[-1359,1377,1378,1379,1380,-1330]],"type":"Polygon","properties":{"n":"Nichole","c":552048,"d":"Palghar","s":"MAHARASHTRA"}},{"arcs":[[-1373,1381,1382,1383,-1378,-1358]],"type":"Polygon","properties":{"n":"Jamghar","c":552082,"d":"Palghar","s":"MAHARASHTRA"}},{"arcs":[[1384,-1365,1385,-1238,-1245,-1371]],"type":"Polygon","properties":{"n":"Chikhale","c":552167,"d":"Palghar","s":"MAHARASHTRA"}},{"arcs":[[1386,-1228,1387,-1376,1388]],"type":"Polygon","properties":{"n":"Abitghar","c":552160,"d":"Palghar","s":"MAHARASHTRA"}},{"arcs":[[-1381,1389,1390,1391,-1350,-1331]],"type":"Polygon","properties":{"n":"Khanivali","c":552050,"d":"Palghar","s":"MAHARASHTRA"}},{"arcs":[[-1337,1392,-1221,-1255,-1229,-1387,1393]],"type":"Polygon","properties":{"n":"Kambare","c":552159,"d":"Palghar","s":"MAHARASHTRA"}},{"arcs":[[-1369,-1223,-1254,1394,-1345,-1322]],"type":"Polygon","properties":{"n":"Asnas","c":552053,"d":"Palghar","s":"MAHARASHTRA"}},{"arcs":[[-1380,1395,1396,-1390]],"type":"Polygon","properties":{"n":"Bhavehar","c":552049,"d":"Palghar","s":"MAHARASHTRA"}},{"arcs":[[-1351,-1392,1397,-1243,-1368]],"type":"Polygon","properties":{"n":"Gaurapur","c":552051,"d":"Palghar","s":"MAHARASHTRA"}},{"arcs":[[-1372,1398,-1382]],"type":"Polygon","properties":{"n":"Lakhamapur","c":552084,"d":"Palghar","s":"MAHARASHTRA"}},{"arcs":[[-1377,-1388,-1227,-1233,-1386,-1364]],"type":"Polygon","properties":{"n":"Goleghar","c":552168,"d":"Palghar","s":"MAHARASHTRA"}},{"arcs":[[-1379,-1384,1399,-1261,1400,-1396]],"type":"Polygon","properties":{"n":"Vasuri Kh.","c":552057,"d":"Palghar","s":"MAHARASHTRA"}},{"arcs":[[-1399,-1249,-1289,-1294,-1302,-1262,-1400,-1383]],"type":"Polygon","properties":{"n":"Khupari","c":552085,"d":"Palghar","s":"MAHARASHTRA"}},{"arcs":[[-1401,-1266,-1267,-1272,-1244,-1398,-1391,-1397]],"type":"Polygon","properties":{"n":"Biloshi","c":552056,"d":"Palghar","s":"MAHARASHTRA"}},{"arcs":[[1401,1402,1403,-636,1404]],"type":"Polygon","properties":{"n":"Akhada","c":552118,"d":"Palghar","s":"MAHARASHTRA"}},{"arcs":[[-1404,1405,-646,-637]],"type":"Polygon","properties":{"n":"Vadavali Tarf Gaon","c":552117,"d":"Palghar","s":"MAHARASHTRA"}},{"arcs":[[1406,1407,-653,-648]],"type":"Polygon","properties":{"n":"Virhe","c":552115,"d":"Palghar","s":"MAHARASHTRA"}},{"arcs":[[-1403,1408,1409,1410,1411,-1407,-647,-1406]],"type":"Polygon","properties":{"n":"Ujjaini","c":552116,"d":"Palghar","s":"MAHARASHTRA"}},{"arcs":[[-1408,-1412,1412,1413,1414,1415,-1107,-654]],"type":"Polygon","properties":{"n":"Mangrul","c":552114,"d":"Palghar","s":"MAHARASHTRA"}},{"arcs":[[1416,1417,-1108,-1416]],"type":"Polygon","properties":{"n":"Pinjal","c":552113,"d":"Palghar","s":"MAHARASHTRA"}},{"arcs":[[-1418,1418,1419,-1142,-1105,-1099,-1109]],"type":"Polygon","properties":{"n":"Dabhon","c":552112,"d":"Palghar","s":"MAHARASHTRA"}},{"arcs":[[1420,1421,1422,1423,1424,1425]],"type":"Polygon","properties":{"n":"Pachghar","c":552120,"d":"Palghar","s":"MAHARASHTRA"}},{"arcs":[[1426,-1424,1427,-1410]],"type":"Polygon","properties":{"n":"Satronde","c":552119,"d":"Palghar","s":"MAHARASHTRA"}},{"arcs":[[-1417,-1415,1428,1429,1430,1431,-1419]],"type":"Polygon","properties":{"n":"Gargaon","c":552122,"d":"Palghar","s":"MAHARASHTRA"}},{"arcs":[[-1428,-1423,1432,1433,1434,-1413,-1411]],"type":"Polygon","properties":{"n":"Varsale","c":552121,"d":"Palghar","s":"MAHARASHTRA"}},{"arcs":[[1435,1436,1437,1438,-1155,-1143,-1420,-1432]],"type":"Polygon","properties":{"n":"Pik","c":552124,"d":"Palghar","s":"MAHARASHTRA"}},{"arcs":[[-1431,-1436]],"type":"Polygon","properties":{"n":"Shilottar","c":552123,"d":"Palghar","s":"MAHARASHTRA"}},{"arcs":[[1439,1440,1441,-1421,1442]],"type":"Polygon","properties":{"n":"Khodade","c":552138,"d":"Palghar","s":"MAHARASHTRA"}},{"arcs":[[-1442,1443,1444,1445,-1433,-1422]],"type":"Polygon","properties":{"n":"Ogada","c":552136,"d":"Palghar","s":"MAHARASHTRA"}},{"arcs":[[-1414,-1435,1446,1447,1448,1449,1450,1451,1452,1453,-1429]],"type":"Polygon","properties":{"n":"Mandava","c":552134,"d":"Palghar","s":"MAHARASHTRA"}},{"arcs":[[-1439,1454,-1156]],"type":"Polygon","properties":{"n":"Paste","c":552125,"d":"Palghar","s":"MAHARASHTRA"}},{"arcs":[[1455,1456,-1208,-1193,-1157,-1455]],"type":"Polygon","properties":{"n":"Sasane","c":552126,"d":"Palghar","s":"MAHARASHTRA"}},{"arcs":[[-1446,1457,1458,1459,-1447,-1434]],"type":"Polygon","properties":{"n":"Parali","c":552135,"d":"Palghar","s":"MAHARASHTRA"}},{"arcs":[[1460,1461,1462,1463,1464,-1180]],"type":"Polygon","properties":{"n":"Amgaon","c":552014,"d":"Palghar","s":"MAHARASHTRA"}},{"arcs":[[-1465,1465,1466,-1181]],"type":"Polygon","properties":{"n":"Khutal","c":552013,"d":"Palghar","s":"MAHARASHTRA"}},{"arcs":[[1467,1468,-1130,-1202]],"type":"Polygon","properties":{"n":"Bramhangaon","c":552018,"d":"Palghar","s":"MAHARASHTRA"}},{"arcs":[[-1437,-1430,-1454,1469,1470,1471]],"type":"Polygon","properties":{"n":"Dahivali Kumbhiste","c":552132,"d":"Palghar","s":"MAHARASHTRA"}},{"arcs":[[-1207,-1131,-1469,1472,1473,1474,1475,-1178]],"type":"Polygon","properties":{"n":"Kumdal","c":552016,"d":"Palghar","s":"MAHARASHTRA"}},{"arcs":[[1476,1477,-1461,-1179,-1476]],"type":"Polygon","properties":{"n":"Ambhai","c":552015,"d":"Palghar","s":"MAHARASHTRA"}},{"arcs":[[1478,1479,1480,-1444,-1441]],"type":"Polygon","properties":{"n":"Tilmal","c":552139,"d":"Palghar","s":"MAHARASHTRA"}},{"arcs":[[-1438,-1472,1481,1482,-1456]],"type":"Polygon","properties":{"n":"Manivali","c":552131,"d":"Palghar","s":"MAHARASHTRA"}},{"arcs":[[1483,1484,1485,1486,1487]],"type":"Polygon","properties":{"n":"Karanjpada","c":552027,"d":"Palghar","s":"MAHARASHTRA"}},{"arcs":[[1488,1489,-1473,-1468,-1201,-1212]],"type":"Polygon","properties":{"n":"Suponde","c":552019,"d":"Palghar","s":"MAHARASHTRA"}},{"arcs":[[1490,1491,1492,-1204,-1209,-1457,-1483]],"type":"Polygon","properties":{"n":"Khaire Tarf Wada","c":552127,"d":"Palghar","s":"MAHARASHTRA"}},{"arcs":[[-1464,1493,1494,-1488,1495,-1466]],"type":"Polygon","properties":{"n":"Hamarapur","c":552026,"d":"Palghar","s":"MAHARASHTRA"}},{"arcs":[[1496,1497,1498,-1489,-1211]],"type":"Polygon","properties":{"n":"Kalamkhand","c":552020,"d":"Palghar","s":"MAHARASHTRA"}},{"arcs":[[1499,1500,1501,-1492]],"type":"Polygon","properties":{"n":"Thunave","c":552129,"d":"Palghar","s":"MAHARASHTRA"}},{"arcs":[[-1448,-1460,1502,1503]],"type":"Polygon","properties":{"n":"Kolim Sarovar","c":552141,"d":"Palghar","s":"MAHARASHTRA"}},{"arcs":[[-1453,1504,1505,1506,1507,1508,-1470]],"type":"Polygon","properties":{"n":"Dahe","c":552133,"d":"Palghar","s":"MAHARASHTRA"}},{"arcs":[[-1491,-1482,-1471,-1509,1509,1510,-1500]],"type":"Polygon","properties":{"n":"Devali","c":552130,"d":"Palghar","s":"MAHARASHTRA"}},{"arcs":[[-1495,1511,1512,1513,1514,-1484]],"type":"Polygon","properties":{"n":"Guhir","c":552028,"d":"Palghar","s":"MAHARASHTRA"}},{"arcs":[[1515,1516,1517,1518,-1497,-1210,-326,-340]],"type":"Polygon","properties":{"n":"Posheri","c":552021,"d":"Palghar","s":"MAHARASHTRA"}},{"arcs":[[-1494,-1463,1519,-1512]],"type":"Polygon","properties":{"n":"Kurle","c":552029,"d":"Palghar","s":"MAHARASHTRA"}},{"arcs":[[-1449,-1504,1520,1521,1522,1523,1524]],"type":"Polygon","properties":{"n":"Shele","c":552142,"d":"Palghar","s":"MAHARASHTRA"}},{"arcs":[[-1499,1525,1526,1527,1528,-1474,-1490]],"type":"Polygon","properties":{"n":"Kanchad","c":552024,"d":"Palghar","s":"MAHARASHTRA"}},{"arcs":[[-1450,-1525,1529,1530]],"type":"Polygon","properties":{"n":"Dhapad","c":552143,"d":"Palghar","s":"MAHARASHTRA"}},{"arcs":[[1531,1532,1533,-1521,-1503,-1459]],"type":"Polygon","properties":{"n":"Dhadhare","c":552140,"d":"Palghar","s":"MAHARASHTRA"}},{"arcs":[[-1475,-1529,1534,-1477]],"type":"Polygon","properties":{"n":"Vaghote","c":552025,"d":"Palghar","s":"MAHARASHTRA"}},{"arcs":[[-1510,-1508,1535,1536]],"type":"Polygon","properties":{"n":"Harosale","c":552064,"d":"Palghar","s":"MAHARASHTRA"}},{"arcs":[[-1451,-1531,1537,1538,1539,1540]],"type":"Polygon","properties":{"n":"Balivali","c":552145,"d":"Palghar","s":"MAHARASHTRA"}},{"arcs":[[-1452,-1541,1541,1542,1543,-1505]],"type":"Polygon","properties":{"n":"Kasghar","c":552146,"d":"Palghar","s":"MAHARASHTRA"}},{"arcs":[[-343,1544,1545,-1516,-339]],"type":"Polygon","properties":{"n":"Pali","c":552059,"d":"Palghar","s":"MAHARASHTRA"}},{"arcs":[[1546,1547,1548,-1513,-1520,-1462]],"type":"Polygon","properties":{"n":"Galtare","c":552030,"d":"Palghar","s":"MAHARASHTRA"}},{"arcs":[[-1506,-1544,1549,1550,1551,1552]],"type":"Polygon","properties":{"n":"Sonshiv","c":552067,"d":"Palghar","s":"MAHARASHTRA"}},{"arcs":[[1553,1554,-1547,-1478]],"type":"Polygon","properties":{"n":"Nane","c":552031,"d":"Palghar","s":"MAHARASHTRA"}},{"arcs":[[-1519,1555,1556,1557,-1526,-1498]],"type":"Polygon","properties":{"n":"Mande","c":552022,"d":"Palghar","s":"MAHARASHTRA"}},{"arcs":[[-1558,1558,1559,1560,-1527]],"type":"Polygon","properties":{"n":"Vaveghar","c":552023,"d":"Palghar","s":"MAHARASHTRA"}},{"arcs":[[1561,-1324,-1348,1562,-1554,1563]],"type":"Polygon","properties":{"n":"Sange","c":552041,"d":"Palghar","s":"MAHARASHTRA"}},{"arcs":[[-1528,-1561,1564,1565,-1564,-1535]],"type":"Polygon","properties":{"n":"Shelte","c":552032,"d":"Palghar","s":"MAHARASHTRA"}},{"arcs":[[-1507,-1553,1566,1567,-1536]],"type":"Polygon","properties":{"n":"Desai","c":552065,"d":"Palghar","s":"MAHARASHTRA"}},{"arcs":[[-1524,1568,1569,-1538,-1530]],"type":"Polygon","properties":{"n":"Kalambholi","c":552144,"d":"Palghar","s":"MAHARASHTRA"}},{"arcs":[[-1567,-1552,1570,1571]],"type":"Polygon","properties":{"n":"Gale","c":552066,"d":"Palghar","s":"MAHARASHTRA"}},{"arcs":[[-1566,1572,1573,1574,1575,-1325,-1562]],"type":"Polygon","properties":{"n":"Gorhe","c":552040,"d":"Palghar","s":"MAHARASHTRA"}},{"arcs":[[1576,1577,1578,1579,-1522,-1534]],"type":"Polygon","properties":{"n":"Kalambhe","c":552152,"d":"Palghar","s":"MAHARASHTRA"}},{"arcs":[[-1559,-1557,1580,1581,-1574,1582]],"type":"Polygon","properties":{"n":"Devali Tarf Kohaj","c":552034,"d":"Palghar","s":"MAHARASHTRA"}},{"arcs":[[1583,-1577,-1533]],"type":"Polygon","properties":{"n":"Nishet","c":552153,"d":"Palghar","s":"MAHARASHTRA"}},{"arcs":[[1584,1585,1586,1587,1588,1589,1590]],"type":"Polygon","properties":{"n":"Varale","c":552076,"d":"Palghar","s":"MAHARASHTRA"}},{"arcs":[[-1543,1591,1592,1593,-1550]],"type":"Polygon","properties":{"n":"Shirsad","c":552147,"d":"Palghar","s":"MAHARASHTRA"}},{"arcs":[[1594,1595,1596,-1569,-1523,-1580]],"type":"Polygon","properties":{"n":"Sonale Kh.","c":552151,"d":"Palghar","s":"MAHARASHTRA"}},{"arcs":[[-1560,-1583,-1573,-1565]],"type":"Polygon","properties":{"n":"Munguste","c":552033,"d":"Palghar","s":"MAHARASHTRA"}},{"arcs":[[-1518,1597,1598,1599,-1581,-1556]],"type":"Polygon","properties":{"n":"Bhopivali","c":552035,"d":"Palghar","s":"MAHARASHTRA"}},{"arcs":[[-1546,1600,1601,1602,-1333,-1349,1603,-1598,-1517]],"type":"Polygon","properties":{"n":"Pimpalas","c":552037,"d":"Palghar","s":"MAHARASHTRA"}},{"arcs":[[-1570,-1597,1604,1605,-1539]],"type":"Polygon","properties":{"n":"Kapari","c":552149,"d":"Palghar","s":"MAHARASHTRA"}},{"arcs":[[-1606,1606,1607,1608,-1592,-1542,-1540]],"type":"Polygon","properties":{"n":"Tilase","c":552148,"d":"Palghar","s":"MAHARASHTRA"}},{"arcs":[[-1599,-1604,-1354,-1361,-1326,-1319,-1576,1609]],"type":"Polygon","properties":{"n":"Kharivali Tarf Kohoj","c":552038,"d":"Palghar","s":"MAHARASHTRA"}},{"arcs":[[-1551,-1594,1610,1611,1612,1613,1614,-1571]],"type":"Polygon","properties":{"n":"Vilkos Tarf Konpati","c":552069,"d":"Palghar","s":"MAHARASHTRA"}},{"arcs":[[-1589,1615,1616,1617]],"type":"Polygon","properties":{"n":"Kiravali","c":552075,"d":"Palghar","s":"MAHARASHTRA"}},{"arcs":[[-1600,-1610,-1575,-1582]],"type":"Polygon","properties":{"n":"Apti","c":552039,"d":"Palghar","s":"MAHARASHTRA"}},{"arcs":[[1618,1619,1620,1621,-1591]],"type":"Polygon","properties":{"n":"Vilkos tarf Vada","c":552077,"d":"Palghar","s":"MAHARASHTRA"}},{"arcs":[[-1621,1622,-1344,-1356,1623,-1602,1624]],"type":"Polygon","properties":{"n":"Alman","c":552079,"d":"Palghar","s":"MAHARASHTRA"}},{"arcs":[[1625,1626,-1614]],"type":"Polygon","properties":{"n":"Pethranjani","c":552068,"d":"Palghar","s":"MAHARASHTRA"}},{"arcs":[[-1596,1627,1628,1629,-1607,-1605]],"type":"Polygon","properties":{"n":"Vadavali Tarf Sonale","c":552150,"d":"Palghar","s":"MAHARASHTRA"}},{"arcs":[[1630,1631,-1628,-1595,-1579]],"type":"Polygon","properties":{"n":"Sonale Bk.","c":552154,"d":"Palghar","s":"MAHARASHTRA"}},{"arcs":[[-1593,-1609,1632,1633,1634,-1611]],"type":"Polygon","properties":{"n":"Pimparoli","c":552070,"d":"Palghar","s":"MAHARASHTRA"}},{"arcs":[[-1618,1635,1636,-1619,-1590]],"type":"Polygon","properties":{"n":"Saras Ohol","c":552078,"d":"Palghar","s":"MAHARASHTRA"}},{"arcs":[[-1617,1637,1638,1639,-1218,1640,1641,1642,-1636]],"type":"Polygon","properties":{"n":"Gandhare","c":552074,"d":"Palghar","s":"MAHARASHTRA"}},{"arcs":[[-1613,1643,1644,-1639,1645,-1626]],"type":"Polygon","properties":{"n":"Ainshet","c":552073,"d":"Palghar","s":"MAHARASHTRA"}},{"arcs":[[-1630,1646,1647,-1335,1648,-1633,-1608]],"type":"Polygon","properties":{"n":"Moj","c":552156,"d":"Palghar","s":"MAHARASHTRA"}},{"arcs":[[-1632,1649,-1647,-1629]],"type":"Polygon","properties":{"n":"Bilghar","c":552155,"d":"Palghar","s":"MAHARASHTRA"}},{"arcs":[[-1624,-1355,-1334,-1603]],"type":"Polygon","properties":{"n":"Vaitarna  Nagar","c":552036,"d":"Palghar","s":"MAHARASHTRA"}},{"arcs":[[-1637,-1643,1650,-1340,-1623,-1620]],"type":"Polygon","properties":{"n":"Shil","c":552080,"d":"Palghar","s":"MAHARASHTRA"}},{"arcs":[[-1612,-1635,1651,-1338,-1394,-1389,-1375,1652,-1644]],"type":"Polygon","properties":{"n":"Tuse","c":552071,"d":"Palghar","s":"MAHARASHTRA"}},{"arcs":[[-1649,-1339,-1652,-1634]],"type":"Polygon","properties":{"n":"Varai Bk.","c":552157,"d":"Palghar","s":"MAHARASHTRA"}},{"arcs":[[-1641,-1217,-1367,1653]],"type":"Polygon","properties":{"n":"Kone","c":552163,"d":"Palghar","s":"MAHARASHTRA"}},{"arcs":[[-1642,-1654,-1366,-1385,-1370,-1341,-1651]],"type":"Polygon","properties":{"n":"Gates Bk.","c":552165,"d":"Palghar","s":"MAHARASHTRA"}},{"arcs":[[-1645,-1653,-1374,-1362,-1215,-1640]],"type":"Polygon","properties":{"n":"Sarshi","c":552072,"d":"Palghar","s":"MAHARASHTRA"}},{"arcs":[[-1314,-1310,1654]],"type":"Polygon","properties":{"n":"Vijaygad","c":552087,"d":"Palghar","s":"MAHARASHTRA"}},{"arcs":[[1655,1656,1657,-1283,1658]],"type":"Polygon","properties":{"n":"Kelthan","c":552097,"d":"Palghar","s":"MAHARASHTRA"}},{"arcs":[[1659,1660,1661,1662,-1659,-1280]],"type":"Polygon","properties":{"n":"Lohape","c":552098,"d":"Palghar","s":"MAHARASHTRA"}},{"arcs":[[1663,-1306,-1296,-1313]],"type":"Polygon","properties":{"n":"Bersheti","c":552174,"d":"Palghar","s":"MAHARASHTRA"}},{"arcs":[[-1315,-1655,-1309,1664,1665,1666,1667,-1660,-1279]],"type":"Polygon","properties":{"n":"Musarne","c":552099,"d":"Palghar","s":"MAHARASHTRA"}},{"arcs":[[-1658,1668,1669,-1284]],"type":"Polygon","properties":{"n":"Gorad","c":552096,"d":"Palghar","s":"MAHARASHTRA"}},{"arcs":[[-1303,-1292,1670,1671,-1665,-1308]],"type":"Polygon","properties":{"n":"Vadavali Tarf Poulbar","c":552100,"d":"Palghar","s":"MAHARASHTRA"}},{"arcs":[[-1291,-1301,1672,1673,1674,1675,-1671]],"type":"Polygon","properties":{"n":"Mangathane","c":552102,"d":"Palghar","s":"MAHARASHTRA"}},{"arcs":[[-1670,1676,-162,-1252,-1285]],"type":"Polygon","properties":{"n":"Nimbavali","c":552095,"d":"Palghar","s":"MAHARASHTRA"}},{"arcs":[[-1676,1677,1678,1679,-1666,-1672]],"type":"Polygon","properties":{"n":"Nare","c":552107,"d":"Palghar","s":"MAHARASHTRA"}},{"arcs":[[1680,1681,1682,-1661,-1668]],"type":"Polygon","properties":{"n":"Ghonsai","c":552109,"d":"Palghar","s":"MAHARASHTRA"}},{"arcs":[[-1300,1683,-1678,-1675,1684,-1673]],"type":"Polygon","properties":{"n":"Uchat","c":552106,"d":"Palghar","s":"MAHARASHTRA"}},{"arcs":[[-1685,-1674]],"type":"Polygon","properties":{"n":"Vardha","c":552105,"d":"Palghar","s":"MAHARASHTRA"}},{"arcs":[[1685,1686,-1656,-1663]],"type":"Polygon","properties":{"n":"Chambale","c":552111,"d":"Palghar","s":"MAHARASHTRA"}},{"arcs":[[-1683,1687,-1686,-1662]],"type":"Polygon","properties":{"n":"Dakivali","c":552110,"d":"Palghar","s":"MAHARASHTRA"}},{"arcs":[[1688,-1681,-1667,-1680]],"type":"Polygon","properties":{"n":"Met","c":552108,"d":"Palghar","s":"MAHARASHTRA"}},{"arcs":[[-1502,1689,1690,-334,-1205,-1493]],"type":"Polygon","properties":{"n":"Umrothe","c":552128,"d":"Palghar","s":"MAHARASHTRA"}},{"arcs":[[1691,1692,1693,-335,-1691]],"type":"Polygon","properties":{"n":"Karanje","c":552062,"d":"Palghar","s":"MAHARASHTRA"}},{"arcs":[[-1694,1694,-1586,1695,-341,-330,-336]],"type":"Polygon","properties":{"n":"Sapane Bk.","c":552061,"d":"Palghar","s":"MAHARASHTRA"}},{"arcs":[[-1501,-1511,-1537,-1568,-1572,-1615,-1627,-1646,-1638,-1616,-1588,1696,-1692,-1690]],"type":"Polygon","properties":{"n":"Vada (CT)","c":552182,"d":"Palghar","s":"MAHARASHTRA"}},{"arcs":[[-1585,-1622,-1625,-1601,-1545,-342,-1696]],"type":"Polygon","properties":{"n":"Sapane Kh.","c":552060,"d":"Palghar","s":"MAHARASHTRA"}},{"arcs":[[-1697,-1587,-1695,-1693]],"type":"Polygon","properties":{"n":"Kadivali","c":552063,"d":"Palghar","s":"MAHARASHTRA"}},{"arcs":[[1697,1698,1699,1700,1701,1702,1703]],"type":"Polygon","properties":{"n":"Wadkum","c":943972,"d":"Palghar","s":"MAHARASHTRA"}},{"arcs":[[1704,1705,1706,1707,1708]],"type":"Polygon","properties":{"n":"Dahyale","c":551679,"d":"Palghar","s":"MAHARASHTRA"}},{"arcs":[[1709,1710,1711,1712,1713,1714]],"type":"Polygon","properties":{"n":"Ganeshbag","c":551673,"d":"Palghar","s":"MAHARASHTRA"}},{"arcs":[[1715,1716,1717,1718,1719,1720]],"type":"Polygon","properties":{"n":"Saravali","c":551610,"d":"Palghar","s":"MAHARASHTRA"}},{"arcs":[[1721,1722,1723,-1717,1724,1725]],"type":"Polygon","properties":{"n":"Ashagad","c":551608,"d":"Palghar","s":"MAHARASHTRA"}},{"arcs":[[1726,1727,-440,-479,-92,1728,1729,1730,1731,1732]],"type":"Polygon","properties":{"n":"Chalani","c":551660,"d":"Palghar","s":"MAHARASHTRA"}},{"arcs":[[1733,-1714,1734,1735,1736]],"type":"Polygon","properties":{"n":"Somanath","c":551672,"d":"Palghar","s":"MAHARASHTRA"}},{"arcs":[[1737,1738,1739,1740]],"type":"Polygon","properties":{"n":"Dahigaon","c":551674,"d":"Palghar","s":"MAHARASHTRA"}},{"arcs":[[1741,1742,1743,1744,1745,1746,-1739]],"type":"Polygon","properties":{"n":"Vivalvedhe","c":551682,"d":"Palghar","s":"MAHARASHTRA"}},{"arcs":[[-1729,-91,-98,1747,1748,1749,1750,1751]],"type":"Polygon","properties":{"n":"Shensari","c":551665,"d":"Palghar","s":"MAHARASHTRA"}},{"arcs":[[1752,1753,1754,-1722]],"type":"Polygon","properties":{"n":"Asave","c":551607,"d":"Palghar","s":"MAHARASHTRA"}},{"arcs":[[-1701,1755,1756,1757]],"type":"Polygon","properties":{"n":"Bade Pokharan","c":551719,"d":"Palghar","s":"MAHARASHTRA"}},{"arcs":[[1758,-1740,-1747,1759,1760,-1712]],"type":"Polygon","properties":{"n":"Awadhani","c":551683,"d":"Palghar","s":"MAHARASHTRA"}},{"arcs":[[-1757,1761,1762,1763,1764]],"type":"Polygon","properties":{"n":"Pokharan","c":551717,"d":"Palghar","s":"MAHARASHTRA"}},{"arcs":[[1765,-1748,-97,1766,1767,1768]],"type":"Polygon","properties":{"n":"Bapugaon","c":551666,"d":"Palghar","s":"MAHARASHTRA"}},{"arcs":[[-1768,1769,1770,1771,-1707,1772]],"type":"Polygon","properties":{"n":"Pavan","c":551667,"d":"Palghar","s":"MAHARASHTRA"}},{"arcs":[[-1749,-1766,1773]],"type":"Polygon","properties":{"n":"Phanaswadi","c":551664,"d":"Palghar","s":"MAHARASHTRA"}},{"arcs":[[-1724,1774,1775,-1718]],"type":"Polygon","properties":{"n":"Sawata","c":551611,"d":"Palghar","s":"MAHARASHTRA"}},{"arcs":[[1776,-1719,-1776,1777,1778,1779,1780,1781,-1762,-1756,-1700]],"type":"Polygon","properties":{"n":"Agwan","c":551613,"d":"Palghar","s":"MAHARASHTRA"}},{"arcs":[[1782,1783,1784,1785,1786,-1744]],"type":"Polygon","properties":{"n":"Sonale","c":551681,"d":"Palghar","s":"MAHARASHTRA"}},{"arcs":[[-1755,1787,1788,1789,-1778,-1775,-1723]],"type":"Polygon","properties":{"n":"Chari Tarf Kotebi","c":551612,"d":"Palghar","s":"MAHARASHTRA"}},{"arcs":[[1790,1791,1792,-1737]],"type":"Polygon","properties":{"n":"Devgaon","c":551671,"d":"Palghar","s":"MAHARASHTRA"}},{"arcs":[[1793,-1708,-1772,1794,1795,-1784]],"type":"Polygon","properties":{"n":"Khaniv","c":551680,"d":"Palghar","s":"MAHARASHTRA"}},{"arcs":[[-1736,1796,1797,-1791]],"type":"Polygon","properties":{"n":"Ganjad","c":551685,"d":"Palghar","s":"MAHARASHTRA"}},{"arcs":[[-1713,-1761,1798,1799,1800,-1797,-1735]],"type":"Polygon","properties":{"n":"Navnath","c":551684,"d":"Palghar","s":"MAHARASHTRA"}},{"arcs":[[1801,1802,1803,1804,1805,-1789]],"type":"Polygon","properties":{"n":"Raitali","c":551687,"d":"Palghar","s":"MAHARASHTRA"}},{"arcs":[[-1746,1806,1807,1808,1809,1810,-1799,-1760]],"type":"Polygon","properties":{"n":"Ranshet","c":551691,"d":"Palghar","s":"MAHARASHTRA"}},{"arcs":[[-104,-132,-109,1811,-1770,-1767,-96]],"type":"Polygon","properties":{"n":"Dharampur","c":551669,"d":"Palghar","s":"MAHARASHTRA"}},{"arcs":[[-1782,1812,1813,1814,1815,1816,1817,1818,1819,1820,1821,-1763]],"type":"Polygon","properties":{"n":"Chandigaon","c":551720,"d":"Palghar","s":"MAHARASHTRA"}},{"arcs":[[-1764,-1822,1822]],"type":"Polygon","properties":{"n":"Vandhavan","c":551722,"d":"Palghar","s":"MAHARASHTRA"}},{"arcs":[[1823,-1792,-1798,-1801,1824,1825,-1803]],"type":"Polygon","properties":{"n":"Chandwad","c":551686,"d":"Palghar","s":"MAHARASHTRA"}},{"arcs":[[-1781,1826,1827,1828,1829,1830,1831,-1815,1832,-1813]],"type":"Polygon","properties":{"n":"Motgaon","c":551725,"d":"Palghar","s":"MAHARASHTRA"}},{"arcs":[[1833,1834,1835,-1827,-1780]],"type":"Polygon","properties":{"n":"Pale","c":551615,"d":"Palghar","s":"MAHARASHTRA"}},{"arcs":[[-1812,-108,1836,-1795,-1771]],"type":"Polygon","properties":{"n":"Chari Tarf Jamshet","c":551668,"d":"Palghar","s":"MAHARASHTRA"}},{"arcs":[[-1806,1837,1838,-1834,-1779,-1790]],"type":"Polygon","properties":{"n":"Kotabi","c":551616,"d":"Palghar","s":"MAHARASHTRA"}},{"arcs":[[-1833,-1814]],"type":"Polygon","properties":{"n":" ","c":0,"d":"Palghar","s":"MAHARASHTRA"}},{"arcs":[[-1837,-107,-206,1839,1840,1841,-1785,-1796]],"type":"Polygon","properties":{"n":"Vaghadi","c":551693,"d":"Palghar","s":"MAHARASHTRA"}},{"arcs":[[1842,1843,1844,1845,1846,1847,1848,1849,1850,1851,1852,1853,1854,1855,1856,1857,1858,1859,1860,1861,1862,1863,-45,-64,-77,-83,-75,-53,-48,-39,-82,-86,-199,-672,1864]],"type":"Polygon","properties":{"n":" ","c":0,"d":"Palghar","s":"MAHARASHTRA"}},{"arcs":[[1865,1866,1867,1868,1869,1870,1871,-1843,1872,1873]],"type":"Polygon","properties":{"n":"Tarapur (CT)","c":552395,"d":"Palghar","s":"MAHARASHTRA"}},{"arcs":[[1874,1875,1876,1877,1878,1879]],"type":"Polygon","properties":{"n":"Dahisar T. Tarapur","c":552187,"d":"Palghar","s":"MAHARASHTRA"}},{"arcs":[[1880,-1844,-1872]],"type":"Polygon","properties":{"n":"Kambode","c":552185,"d":"Palghar","s":"MAHARASHTRA"}},{"arcs":[[1881,1882,-225,1883,1884,1885,1886]],"type":"Polygon","properties":{"n":"Barhanpur","c":552228,"d":"Palghar","s":"MAHARASHTRA"}},{"arcs":[[1887,-1886,1888,1889,1890,1891]],"type":"Polygon","properties":{"n":"Ambedhe","c":552227,"d":"Palghar","s":"MAHARASHTRA"}},{"arcs":[[-1871,1892,1893,1894,-1845,-1881]],"type":"Polygon","properties":{"n":"Ghivali","c":552183,"d":"Palghar","s":"MAHARASHTRA"}},{"arcs":[[1895,1896,1897,1898,1899,1900,-1875,1901,1902]],"type":"Polygon","properties":{"n":"Newale","c":552219,"d":"Palghar","s":"MAHARASHTRA"}},{"arcs":[[-1879,1903,1904,1905,-1867,1906]],"type":"Polygon","properties":{"n":"Kudan","c":552186,"d":"Palghar","s":"MAHARASHTRA"}},{"arcs":[[-1891,1907,1908,1909,1910,1911,1912]],"type":"Polygon","properties":{"n":"Nanivali","c":552226,"d":"Palghar","s":"MAHARASHTRA"}},{"arcs":[[-1897,1913,1914,1915]],"type":"Polygon","properties":{"n":"Hanuman Nagar","c":552221,"d":"Palghar","s":"MAHARASHTRA"}},{"arcs":[[1916,1917,1918,1919,-1898,-1916,1920]],"type":"Polygon","properties":{"n":"Shigaon","c":552234,"d":"Palghar","s":"MAHARASHTRA"}},{"arcs":[[1921,1922,1923,1924,-1917,1925]],"type":"Polygon","properties":{"n":"Sumadi","c":552222,"d":"Palghar","s":"MAHARASHTRA"}},{"arcs":[[1926,1927,1928,1929,1930,1931]],"type":"Polygon","properties":{"n":"Chinchare","c":552224,"d":"Palghar","s":"MAHARASHTRA"}},{"arcs":[[-1931,1932,1933,-1923,1934]],"type":"Polygon","properties":{"n":"Gargaon","c":552223,"d":"Palghar","s":"MAHARASHTRA"}},{"arcs":[[1935,-1893,-1870]],"type":"Polygon","properties":{"n":"Sawarai","c":552184,"d":"Palghar","s":"MAHARASHTRA"}},{"arcs":[[-1901,1936,1937,1938,-1876]],"type":"Polygon","properties":{"n":"Wave","c":552218,"d":"Palghar","s":"MAHARASHTRA"}},{"arcs":[[-282,-1078,1939,1940,-1884,-224]],"type":"Polygon","properties":{"n":"Somate","c":552229,"d":"Palghar","s":"MAHARASHTRA"}},{"arcs":[[1941,-1928,1942,1943,1944,-1911]],"type":"Polygon","properties":{"n":"Akegavhan","c":552225,"d":"Palghar","s":"MAHARASHTRA"}},{"arcs":[[1945,1946,1947,1948,-1937,-1900]],"type":"Polygon","properties":{"n":"Mundwali","c":552189,"d":"Palghar","s":"MAHARASHTRA"}},{"arcs":[[1949,1950,1951,1952,-1904,-1878]],"type":"Polygon","properties":{"n":"Kurgaon","c":552198,"d":"Palghar","s":"MAHARASHTRA"}},{"arcs":[[-1949,1953,-1938]],"type":"Polygon","properties":{"n":"Ambatpada","c":552188,"d":"Palghar","s":"MAHARASHTRA"}},{"arcs":[[-1953,1954,-1905]],"type":"Polygon","properties":{"n":"Navi Delwadi","c":552192,"d":"Palghar","s":"MAHARASHTRA"}},{"arcs":[[-1952,1955,1956,1957,-1868,-1906,-1955]],"type":"Polygon","properties":{"n":"Vengani","c":552197,"d":"Palghar","s":"MAHARASHTRA"}},{"arcs":[[-1954,-1948,1958,1959,-1950,-1877,-1939]],"type":"Polygon","properties":{"n":"Parnali","c":552191,"d":"Palghar","s":"MAHARASHTRA"}},{"arcs":[[-1920,1960,1961,1962,1963,-1946,-1899]],"type":"Polygon","properties":{"n":"Ranishigaon","c":552220,"d":"Palghar","s":"MAHARASHTRA"}},{"arcs":[[-1958,1964,1965,-1847,1966,-1894,-1936,-1869]],"type":"Polygon","properties":{"n":"Popharan","c":552195,"d":"Palghar","s":"MAHARASHTRA"}},{"arcs":[[-1942,-1910,1967,1968,1969,-1929]],"type":"Polygon","properties":{"n":"Akoli","c":552231,"d":"Palghar","s":"MAHARASHTRA"}},{"arcs":[[-1967,-1846,-1895]],"type":"Polygon","properties":{"n":"Akkarpatti","c":552193,"d":"Palghar","s":"MAHARASHTRA"}},{"arcs":[[-1970,1970,1971,1972,-1933,-1930]],"type":"Polygon","properties":{"n":"Ravate","c":552232,"d":"Palghar","s":"MAHARASHTRA"}},{"arcs":[[-1919,1973,1974,-1961]],"type":"Polygon","properties":{"n":"Khutad","c":552235,"d":"Palghar","s":"MAHARASHTRA"}},{"arcs":[[1975,1976,1977,1978,1979,-1965,-1957]],"type":"Polygon","properties":{"n":"Pathrali","c":552196,"d":"Palghar","s":"MAHARASHTRA"}},{"arcs":[[-1973,1980,1981,1982,1983,1984,1985,1986,1987,1988,1989,-1924,-1934]],"type":"Polygon","properties":{"n":"Mahagaon","c":552242,"d":"Palghar","s":"MAHARASHTRA"}},{"arcs":[[-1964,1990,1991,-1959,-1947]],"type":"Polygon","properties":{"n":"Salgaon","c":552190,"d":"Palghar","s":"MAHARASHTRA"}},{"arcs":[[1992,1993,-1971,-1969]],"type":"Polygon","properties":{"n":"Borsheti","c":552238,"d":"Palghar","s":"MAHARASHTRA"}},{"arcs":[[-1885,-1941,1994,1995,-1889]],"type":"Polygon","properties":{"n":"Asheri","c":552332,"d":"Palghar","s":"MAHARASHTRA"}},{"arcs":[[-1990,1996,1997,-1974,-1918,-1925]],"type":"Polygon","properties":{"n":"Walve","c":552236,"d":"Palghar","s":"MAHARASHTRA"}},{"arcs":[[-1992,1998,1999,-1951,-1960]],"type":"Polygon","properties":{"n":"Pasthal (CT)","c":552396,"d":"Palghar","s":"MAHARASHTRA"}},{"arcs":[[-1890,-1996,2000,2001,2002,-1908]],"type":"Polygon","properties":{"n":"Khadkawane","c":552333,"d":"Palghar","s":"MAHARASHTRA"}},{"arcs":[[-1980,2003,-1848,-1966]],"type":"Polygon","properties":{"n":"Unbhat","c":552194,"d":"Palghar","s":"MAHARASHTRA"}},{"arcs":[[-1077,2004,-2001,-1995,-1940]],"type":"Polygon","properties":{"n":"Mendhwan","c":552230,"d":"Palghar","s":"MAHARASHTRA"}},{"arcs":[[-2000,2005,2006,2007,2008,2009,-1976,-1956]],"type":"Polygon","properties":{"n":"Salwad (CT)","c":552388,"d":"Palghar","s":"MAHARASHTRA"}},{"arcs":[[-1998,2010,2011,2012,2013,2014,-2007,2015,-1962,-1975]],"type":"Polygon","properties":{"n":"Boisar (CT)","c":552387,"d":"Palghar","s":"MAHARASHTRA"}},{"arcs":[[-2016,-2006,-1999,-1991,-1963]],"type":"Polygon","properties":{"n":" ","c":0,"d":"Palghar","s":"MAHARASHTRA"}},{"arcs":[[-2003,2016,2017,2018,2019,2020,2021,-1968,-1909]],"type":"Polygon","properties":{"n":"Wade","c":552334,"d":"Palghar","s":"MAHARASHTRA"}},{"arcs":[[-1994,2022,2023,-1981,-1972]],"type":"Polygon","properties":{"n":"Kukade","c":552237,"d":"Palghar","s":"MAHARASHTRA"}},{"arcs":[[-1979,2024,2025,2026,-1849,-2004]],"type":"Polygon","properties":{"n":"Uchchheli","c":552200,"d":"Palghar","s":"MAHARASHTRA"}},{"arcs":[[-2022,2027,-2023,-1993]],"type":"Polygon","properties":{"n":"Kirat","c":552240,"d":"Palghar","s":"MAHARASHTRA"}},{"arcs":[[-1997,-1989,2028,2029,-2011]],"type":"Polygon","properties":{"n":"Khanivade","c":552233,"d":"Palghar","s":"MAHARASHTRA"}},{"arcs":[[2030,-1850,-2027]],"type":"Polygon","properties":{"n":"Dandi","c":552199,"d":"Palghar","s":"MAHARASHTRA"}},{"arcs":[[-2010,2031,2032,2033,-1977]],"type":"Polygon","properties":{"n":"Pam Tembhi","c":552203,"d":"Palghar","s":"MAHARASHTRA"}},{"arcs":[[-2021,2034,2035,2036,-2028]],"type":"Polygon","properties":{"n":"Lalonde","c":552239,"d":"Palghar","s":"MAHARASHTRA"}},{"arcs":[[2037,2038,-1851,-2031,-2026]],"type":"Polygon","properties":{"n":"Nawapur","c":552201,"d":"Palghar","s":"MAHARASHTRA"}},{"arcs":[[-1978,-2034,2039,2040,-2038,-2025]],"type":"Polygon","properties":{"n":"Tembhi","c":552202,"d":"Palghar","s":"MAHARASHTRA"}},{"arcs":[[2041,2042,-2013]],"type":"Polygon","properties":{"n":" ","c":0,"d":"Palghar","s":"MAHARASHTRA"}},{"arcs":[[-2015,2043,2044,2045,2046,-2008]],"type":"Polygon","properties":{"n":"Saravali (CT)","c":552391,"d":"Palghar","s":"MAHARASHTRA"}},{"arcs":[[-2047,2047,2048,-2032,-2009]],"type":"Polygon","properties":{"n":"Umbar Pada Nandade (CT)","c":552394,"d":"Palghar","s":"MAHARASHTRA"}},{"arcs":[[-1988,2049,2050,-2029]],"type":"Polygon","properties":{"n":"Warangade","c":552246,"d":"Palghar","s":"MAHARASHTRA"}},{"arcs":[[-2051,2051,2052,2053,2054,-2042,-2012,-2030]],"type":"Polygon","properties":{"n":"Betegaon","c":552244,"d":"Palghar","s":"MAHARASHTRA"}},{"arcs":[[-1076,-1151,2055,2056,2057,2058,2059,-2017,-2002,-2005]],"type":"Polygon","properties":{"n":"Pole","c":552338,"d":"Palghar","s":"MAHARASHTRA"}},{"arcs":[[-2014,-2043,-2055,2060,2061,-2044]],"type":"Polygon","properties":{"n":"Khaira (CT)","c":552390,"d":"Palghar","s":"MAHARASHTRA"}},{"arcs":[[-2049,2062,2063,2064,2065,2066,-2040,-2033]],"type":"Polygon","properties":{"n":"Kumbhavali","c":552205,"d":"Palghar","s":"MAHARASHTRA"}},{"arcs":[[-2020,2067,2068,2069,-2035]],"type":"Polygon","properties":{"n":"Chari Kh.","c":552335,"d":"Palghar","s":"MAHARASHTRA"}},{"arcs":[[2070,2071,2072,2073,-2068,-2019]],"type":"Polygon","properties":{"n":"Velgaon","c":552336,"d":"Palghar","s":"MAHARASHTRA"}},{"arcs":[[-2037,2074,2075,2076,-1982,-2024]],"type":"Polygon","properties":{"n":"Gundale","c":552241,"d":"Palghar","s":"MAHARASHTRA"}},{"arcs":[[-2070,2077,-2075,-2036]],"type":"Polygon","properties":{"n":"Nagzari","c":552247,"d":"Palghar","s":"MAHARASHTRA"}},{"arcs":[[2078,2079,-2071,-2018,-2060]],"type":"Polygon","properties":{"n":"Chilhar","c":552337,"d":"Palghar","s":"MAHARASHTRA"}},{"arcs":[[-2050,-1987,2080,-2052]],"type":"Polygon","properties":{"n":"Man","c":552245,"d":"Palghar","s":"MAHARASHTRA"}},{"arcs":[[2081,2082,-1852,-2039]],"type":"Polygon","properties":{"n":"Alewadi","c":552207,"d":"Palghar","s":"MAHARASHTRA"}},{"arcs":[[-2041,-2067,2083,-2082]],"type":"Polygon","properties":{"n":"Gundali","c":552206,"d":"Palghar","s":"MAHARASHTRA"}},{"arcs":[[2084,2085,2086,-2061,-2054]],"type":"Polygon","properties":{"n":"Kambalgaon","c":552243,"d":"Palghar","s":"MAHARASHTRA"}},{"arcs":[[-1986,2087,-2085,-2053,-2081]],"type":"Polygon","properties":{"n":"Kallale","c":552249,"d":"Palghar","s":"MAHARASHTRA"}},{"arcs":[[-2080,2088,2089,2090,-2072]],"type":"Polygon","properties":{"n":"Khutal","c":552339,"d":"Palghar","s":"MAHARASHTRA"}},{"arcs":[[2091,2092,2093,2094,-2045,-2062,-2087]],"type":"Polygon","properties":{"n":"Panchali","c":552210,"d":"Palghar","s":"MAHARASHTRA"}},{"arcs":[[-2084,-2066,2095,-1853,-2083]],"type":"Polygon","properties":{"n":"Nandgaon T. Tarapur","c":552208,"d":"Palghar","s":"MAHARASHTRA"}},{"arcs":[[-2046,-2095,2096,2097,2098,-2063,-2048]],"type":"Polygon","properties":{"n":"Agawan","c":552209,"d":"Palghar","s":"MAHARASHTRA"}},{"arcs":[[-2074,2099,2100,2101,2102,-2076,-2078,-2069]],"type":"Polygon","properties":{"n":"Nihe","c":552248,"d":"Palghar","s":"MAHARASHTRA"}},{"arcs":[[-1985,2103,2104,2105,2106,-2092,-2086,-2088]],"type":"Polygon","properties":{"n":"Padghe","c":552250,"d":"Palghar","s":"MAHARASHTRA"}},{"arcs":[[-2091,2107,-2100,-2073]],"type":"Polygon","properties":{"n":"Damkhind","c":552340,"d":"Palghar","s":"MAHARASHTRA"}},{"arcs":[[-2107,2108,-2093]],"type":"Polygon","properties":{"n":"Birwadi","c":552251,"d":"Palghar","s":"MAHARASHTRA"}},{"arcs":[[-2090,2109,2110,2111,2112,-2101,-2108]],"type":"Polygon","properties":{"n":"Kondhan","c":552341,"d":"Palghar","s":"MAHARASHTRA"}},{"arcs":[[-1984,2113,2114,2115,2116,-2104]],"type":"Polygon","properties":{"n":"Nandore","c":552255,"d":"Palghar","s":"MAHARASHTRA"}},{"arcs":[[-2094,-2109,-2106,2117,2118,-2097]],"type":"Polygon","properties":{"n":"Umroli","c":552211,"d":"Palghar","s":"MAHARASHTRA"}},{"arcs":[[-2059,2119,2120,-2110,-2089,-2079]],"type":"Polygon","properties":{"n":"Awadhan","c":552342,"d":"Palghar","s":"MAHARASHTRA"}},{"arcs":[[-2119,2121,2122,2123,2124,-2098]],"type":"Polygon","properties":{"n":"Dapoli","c":552213,"d":"Palghar","s":"MAHARASHTRA"}},{"arcs":[[-2099,-2125,2125,2126,-2064]],"type":"Polygon","properties":{"n":"Vikaswadi","c":552216,"d":"Palghar","s":"MAHARASHTRA"}},{"arcs":[[-1176,-1189,2127,2128,-2056,-1150]],"type":"Polygon","properties":{"n":"Kosbad","c":552343,"d":"Palghar","s":"MAHARASHTRA"}},{"arcs":[[-2113,2129,2130,2131,-2102]],"type":"Polygon","properties":{"n":"Loware","c":552347,"d":"Palghar","s":"MAHARASHTRA"}},{"arcs":[[-2103,-2132,2132,2133,2134,-1983,-2077]],"type":"Polygon","properties":{"n":"Girnoli","c":552272,"d":"Palghar","s":"MAHARASHTRA"}},{"arcs":[[2135,2136,2137,2138,2139,-2120,-2058]],"type":"Polygon","properties":{"n":"Nandgaon T. Manor","c":552344,"d":"Palghar","s":"MAHARASHTRA"}},{"arcs":[[-2065,-2127,2140,2141,-1854,-2096]],"type":"Polygon","properties":{"n":"Murabe","c":552215,"d":"Palghar","s":"MAHARASHTRA"}},{"arcs":[[-2105,-2117,2142,2143,2144,-2122,-2118]],"type":"Polygon","properties":{"n":"Kolgaon","c":552212,"d":"Palghar","s":"MAHARASHTRA"}},{"arcs":[[-2124,2145,2146,2147,2148,2149,-2141,-2126]],"type":"Polygon","properties":{"n":"Kharekuran","c":552214,"d":"Palghar","s":"MAHARASHTRA"}},{"arcs":[[-2135,2150,2151,2152,-2114]],"type":"Polygon","properties":{"n":"Devkhope","c":552254,"d":"Palghar","s":"MAHARASHTRA"}},{"arcs":[[2153,2154,-2130,-2112]],"type":"Polygon","properties":{"n":"Bandhan","c":552346,"d":"Palghar","s":"MAHARASHTRA"}},{"arcs":[[-2140,2155,2156,-2154,-2111,-2121]],"type":"Polygon","properties":{"n":"Ambhan","c":552345,"d":"Palghar","s":"MAHARASHTRA"}},{"arcs":[[-2145,2157,2158,-2146,-2123]],"type":"Polygon","properties":{"n":"Morekuran","c":552217,"d":"Palghar","s":"MAHARASHTRA"}},{"arcs":[[-2131,-2155,-2157,2159,2160,2161,2162,2163,-2133]],"type":"Polygon","properties":{"n":"Katale","c":552348,"d":"Palghar","s":"MAHARASHTRA"}},{"arcs":[[-2057,-2129,2164,2165,2166,-2136]],"type":"Polygon","properties":{"n":"Sawarkhand","c":552352,"d":"Palghar","s":"MAHARASHTRA"}},{"arcs":[[-2139,2167,2168,2169,2170,2171,2172,-2160,-2156]],"type":"Polygon","properties":{"n":"Manor (CT)","c":552392,"d":"Palghar","s":"MAHARASHTRA"}},{"arcs":[[-2164,2173,2174,-2151,-2134]],"type":"Polygon","properties":{"n":"Sagave","c":552273,"d":"Palghar","s":"MAHARASHTRA"}},{"arcs":[[-2167,2175,2176,-2137]],"type":"Polygon","properties":{"n":"Takwahal","c":552351,"d":"Palghar","s":"MAHARASHTRA"}},{"arcs":[[-2150,2177,2178,-1855,-2142]],"type":"Polygon","properties":{"n":"Satpati","c":552252,"d":"Palghar","s":"MAHARASHTRA"}},{"arcs":[[-2173,2179,2180,2181,-2161]],"type":"Polygon","properties":{"n":"Kharshet","c":552359,"d":"Palghar","s":"MAHARASHTRA"}},{"arcs":[[-1188,-1182,-1467,-1496,-1487,2182,-2165,-2128]],"type":"Polygon","properties":{"n":"Karalgaon","c":552353,"d":"Palghar","s":"MAHARASHTRA"}},{"arcs":[[-2182,2183,2184,-2162]],"type":"Polygon","properties":{"n":"Wakadi","c":552350,"d":"Palghar","s":"MAHARASHTRA"}},{"arcs":[[2185,2186,2187,-2158,-2144]],"type":"Polygon","properties":{"n":" ","c":0,"d":"Palghar","s":"MAHARASHTRA"}},{"arcs":[[-2185,2188,2189,-2174,-2163]],"type":"Polygon","properties":{"n":"Wasaroli","c":552349,"d":"Palghar","s":"MAHARASHTRA"}},{"arcs":[[-2190,2190,2191,2192,-2152,-2175]],"type":"Polygon","properties":{"n":"Kokaner","c":552274,"d":"Palghar","s":"MAHARASHTRA"}},{"arcs":[[-2177,2193,-1485,-1515,2194,2195,2196,-2168,-2138]],"type":"Polygon","properties":{"n":"Durves","c":552355,"d":"Palghar","s":"MAHARASHTRA"}},{"arcs":[[2197,2198,2199,2200,2201,-2180,-2172]],"type":"Polygon","properties":{"n":"Gowade","c":552362,"d":"Palghar","s":"MAHARASHTRA"}},{"arcs":[[-2143,-2116,2202,2203,2204,-2186]],"type":"Polygon","properties":{"n":" ","c":0,"d":"Palghar","s":"MAHARASHTRA"}},{"arcs":[[-2183,-1486,-2194,-2176,-2166]],"type":"Polygon","properties":{"n":"Ten","c":552354,"d":"Palghar","s":"MAHARASHTRA"}},{"arcs":[[-2193,2205,2206,2207,2208,2209,-2203,-2115,-2153]],"type":"Polygon","properties":{"n":"Shelwadi","c":552256,"d":"Palghar","s":"MAHARASHTRA"}},{"arcs":[[-2181,-2202,2210,-2191,-2189,-2184]],"type":"Polygon","properties":{"n":"Wandivali","c":552360,"d":"Palghar","s":"MAHARASHTRA"}},{"arcs":[[-2188,2211,2212,-2147,-2159]],"type":"Polygon","properties":{"n":" ","c":0,"d":"Palghar","s":"MAHARASHTRA"}},{"arcs":[[2213,2214,2215,2216,-2148,-2213]],"type":"Polygon","properties":{"n":" ","c":0,"d":"Palghar","s":"MAHARASHTRA"}},{"arcs":[[2217,2218,2219,-1856,-2179]],"type":"Polygon","properties":{"n":"Shirgaon (CT)","c":552393,"d":"Palghar","s":"MAHARASHTRA"}},{"arcs":[[2220,2221,-2169,-2197]],"type":"Polygon","properties":{"n":"Saye","c":552356,"d":"Palghar","s":"MAHARASHTRA"}},{"arcs":[[2222,2223,-2218,-2178,-2149,-2217]],"type":"Polygon","properties":{"n":"Dhansar","c":552253,"d":"Palghar","s":"MAHARASHTRA"}},{"arcs":[[-2201,2224,2225,-2206,-2192,-2211]],"type":"Polygon","properties":{"n":"Maswan","c":552361,"d":"Palghar","s":"MAHARASHTRA"}},{"arcs":[[2226,-2198,-2171]],"type":"Polygon","properties":{"n":"Netali","c":552358,"d":"Palghar","s":"MAHARASHTRA"}},{"arcs":[[-2205,2227,2228,2229,-2214,-2212,-2187]],"type":"Polygon","properties":{"n":"Palghar (M Cl)","c":802784,"d":"Palghar","s":"MAHARASHTRA"}},{"arcs":[[2230,2231,2232,-2228,-2204,-2210]],"type":"Polygon","properties":{"n":" ","c":0,"d":"Palghar","s":"MAHARASHTRA"}},{"arcs":[[-2222,2233,2234,2235,-2199,-2227,-2170]],"type":"Polygon","properties":{"n":"Tamsai","c":552357,"d":"Palghar","s":"MAHARASHTRA"}},{"arcs":[[2236,2237,-2231,-2209]],"type":"Polygon","properties":{"n":"Ambadi","c":552257,"d":"Palghar","s":"MAHARASHTRA"}},{"arcs":[[-2196,2238,2239,2240,2241,2242,-2234,-2221]],"type":"Polygon","properties":{"n":"Haloli","c":552367,"d":"Palghar","s":"MAHARASHTRA"}},{"arcs":[[-2226,2243,2244,2245,2246,-2207]],"type":"Polygon","properties":{"n":"Chahade","c":552275,"d":"Palghar","s":"MAHARASHTRA"}},{"arcs":[[-2247,2247,2248,2249,-2229,-2233,2250,-2237,-2208]],"type":"Polygon","properties":{"n":" ","c":0,"d":"Palghar","s":"MAHARASHTRA"}},{"arcs":[[-2236,2251,2252,2253,2254,-2244,-2225,-2200]],"type":"Polygon","properties":{"n":"Dhuktan","c":552364,"d":"Palghar","s":"MAHARASHTRA"}},{"arcs":[[-2238,-2251,-2232]],"type":"Polygon","properties":{"n":" ","c":0,"d":"Palghar","s":"MAHARASHTRA"}},{"arcs":[[-2250,2255,-2215,-2230]],"type":"Polygon","properties":{"n":" ","c":0,"d":"Palghar","s":"MAHARASHTRA"}},{"arcs":[[-2243,2256,-2252,-2235]],"type":"Polygon","properties":{"n":"Pochade","c":552363,"d":"Palghar","s":"MAHARASHTRA"}},{"arcs":[[-2224,2257,2258,-2219]],"type":"Polygon","properties":{"n":"Haranwali","c":552260,"d":"Palghar","s":"MAHARASHTRA"}},{"arcs":[[-2256,-2249,2259,2260,2261,2262,2263,-1858,2264,-2258,-2223,-2216]],"type":"Polygon","properties":{"n":"Mahim","c":552262,"d":"Palghar","s":"MAHARASHTRA"}},{"arcs":[[-2246,2265,-2260,-2248]],"type":"Polygon","properties":{"n":"Varkhunti","c":552258,"d":"Palghar","s":"MAHARASHTRA"}},{"arcs":[[-2257,-2242,2266,2267,2268,-2253]],"type":"Polygon","properties":{"n":"Bahadoli","c":552366,"d":"Palghar","s":"MAHARASHTRA"}},{"arcs":[[-1549,2269,2270,2271,-2239,-2195,-1514]],"type":"Polygon","properties":{"n":"Embur Airambi","c":552368,"d":"Palghar","s":"MAHARASHTRA"}},{"arcs":[[-2255,2272,2273,2274,2275,-2245]],"type":"Polygon","properties":{"n":"Wasare","c":552276,"d":"Palghar","s":"MAHARASHTRA"}},{"arcs":[[-2259,-2265,-1857,-2220]],"type":"Polygon","properties":{"n":" ","c":0,"d":"Palghar","s":"MAHARASHTRA"}},{"arcs":[[-2276,2276,-2261,-2266]],"type":"Polygon","properties":{"n":"Kamare","c":552259,"d":"Palghar","s":"MAHARASHTRA"}},{"arcs":[[-2254,-2269,2277,2278,2279,2280,-2273]],"type":"Polygon","properties":{"n":"Khamloli","c":552365,"d":"Palghar","s":"MAHARASHTRA"}},{"arcs":[[-2281,2281,2282,2283,2284,-2274]],"type":"Polygon","properties":{"n":"Khadkoli","c":552277,"d":"Palghar","s":"MAHARASHTRA"}},{"arcs":[[-2285,2285,2286,2287,2288,2289,2290,2291,2292,2293,2294,2295,-2262,-2277,-2275]],"type":"Polygon","properties":{"n":"Kelwa Road","c":552266,"d":"Palghar","s":"MAHARASHTRA"}},{"arcs":[[-2241,2296,2297,-2267]],"type":"Polygon","properties":{"n":"Bot","c":552370,"d":"Palghar","s":"MAHARASHTRA"}},{"arcs":[[-2272,2298,2299,2300,2301,-2297,-2240]],"type":"Polygon","properties":{"n":"Kude","c":552369,"d":"Palghar","s":"MAHARASHTRA"}},{"arcs":[[-2302,2302,2303,2304,2305,-2278,-2268,-2298]],"type":"Polygon","properties":{"n":"Dahisar T. Manor","c":552371,"d":"Palghar","s":"MAHARASHTRA"}},{"arcs":[[-1555,-1563,-1347,2306,2307,2308,-2270,-1548]],"type":"Polygon","properties":{"n":"Saware","c":552377,"d":"Palghar","s":"MAHARASHTRA"}},{"arcs":[[-2296,2309,-2263]],"type":"Polygon","properties":{"n":"Tokarale","c":552263,"d":"Palghar","s":"MAHARASHTRA"}},{"arcs":[[-2306,2310,-2279]],"type":"Polygon","properties":{"n":"Sakhare","c":552372,"d":"Palghar","s":"MAHARASHTRA"}},{"arcs":[[-2311,-2305,2311,2312,2313,2314,-2282,-2280]],"type":"Polygon","properties":{"n":"Navaze","c":552373,"d":"Palghar","s":"MAHARASHTRA"}},{"arcs":[[-2284,2315,-2288,2316,-2286]],"type":"Polygon","properties":{"n":"Zanzroli","c":552265,"d":"Palghar","s":"MAHARASHTRA"}},{"arcs":[[-2271,-2309,2317,2318,2319,2320,-2299]],"type":"Polygon","properties":{"n":"Vehaloli","c":552376,"d":"Palghar","s":"MAHARASHTRA"}},{"arcs":[[-2321,2321,2322,2323,2324,-2300]],"type":"Polygon","properties":{"n":"Salivali","c":552375,"d":"Palghar","s":"MAHARASHTRA"}},{"arcs":[[-2310,-2295,2325,2326,2327,2328,-1861,2329,-1859,-2264]],"type":"Polygon","properties":{"n":"Kelwa","c":552267,"d":"Palghar","s":"MAHARASHTRA"}},{"arcs":[[-2325,2330,2331,2332,-2303,-2301]],"type":"Polygon","properties":{"n":"Gundave","c":552374,"d":"Palghar","s":"MAHARASHTRA"}},{"arcs":[[-2317,-2287]],"type":"Polygon","properties":{"n":"Bandate","c":552264,"d":"Palghar","s":"MAHARASHTRA"}},{"arcs":[[-2315,2333,-2289,-2316,-2283]],"type":"Polygon","properties":{"n":"Lalthane","c":552271,"d":"Palghar","s":"MAHARASHTRA"}},{"arcs":[[-2324,2334,2335,-2331]],"type":"Polygon","properties":{"n":"Warai","c":552381,"d":"Palghar","s":"MAHARASHTRA"}},{"arcs":[[2336,2337,-2318,-2308]],"type":"Polygon","properties":{"n":"Khaire","c":552378,"d":"Palghar","s":"MAHARASHTRA"}},{"arcs":[[-2320,2338,2339,-2322]],"type":"Polygon","properties":{"n":"Jansai","c":552379,"d":"Palghar","s":"MAHARASHTRA"}},{"arcs":[[2340,2341,-2326,-2294]],"type":"Polygon","properties":{"n":"Mykhop","c":552269,"d":"Palghar","s":"MAHARASHTRA"}},{"arcs":[[-2304,-2333,2342,-2312]],"type":"Polygon","properties":{"n":"Nagave T.Manor","c":552382,"d":"Palghar","s":"MAHARASHTRA"}},{"arcs":[[-2319,-2338,2343,-145,-133,2344,-2339]],"type":"Polygon","properties":{"n":"Ganje","c":552384,"d":"Palghar","s":"MAHARASHTRA"}},{"arcs":[[-2340,-2345,-138,2345,2346,-2335,-2323]],"type":"Polygon","properties":{"n":"Dhekale","c":552380,"d":"Palghar","s":"MAHARASHTRA"}},{"arcs":[[-2334,-2314,2347,2348,2349,2350,-2290]],"type":"Polygon","properties":{"n":"Tandulwadi","c":552278,"d":"Palghar","s":"MAHARASHTRA"}},{"arcs":[[-2332,-2336,-2347,2351,-2348,-2313,-2343]],"type":"Polygon","properties":{"n":"Girale","c":552383,"d":"Palghar","s":"MAHARASHTRA"}},{"arcs":[[-2351,2352,2353,2354,2355,2356,2357,2358,2359,-2291]],"type":"Polygon","properties":{"n":"Saphale","c":552293,"d":"Palghar","s":"MAHARASHTRA"}},{"arcs":[[-2293,2360,-2341]],"type":"Polygon","properties":{"n":"Rothe","c":552270,"d":"Palghar","s":"MAHARASHTRA"}},{"arcs":[[-1346,-1395,-1253,-146,-2344,-2337,-2307]],"type":"Polygon","properties":{"n":"Jayshet","c":552385,"d":"Palghar","s":"MAHARASHTRA"}},{"arcs":[[-2360,2361,2362,2363,2364,-2327,-2342,-2361,-2292]],"type":"Polygon","properties":{"n":"Makunsar","c":552280,"d":"Palghar","s":"MAHARASHTRA"}},{"arcs":[[-1860,-2330]],"type":"Polygon","properties":{"n":"Mangelwada","c":552268,"d":"Palghar","s":"MAHARASHTRA"}},{"arcs":[[-137,2365,2366,-2349,-2352,-2346]],"type":"Polygon","properties":{"n":"Pargaon","c":552290,"d":"Palghar","s":"MAHARASHTRA"}},{"arcs":[[-2365,2367,2368,2369,2370,-2328]],"type":"Polygon","properties":{"n":"Vilangi","c":552281,"d":"Palghar","s":"MAHARASHTRA"}},{"arcs":[[2371,2372,2373,2374,-2329,-2371]],"type":"Polygon","properties":{"n":"Khatali","c":552282,"d":"Palghar","s":"MAHARASHTRA"}},{"arcs":[[-2375,2375,-1862]],"type":"Polygon","properties":{"n":" ","c":0,"d":"Palghar","s":"MAHARASHTRA"}},{"arcs":[[2376,2377,2378,-2363]],"type":"Polygon","properties":{"n":"Rambag","c":552279,"d":"Palghar","s":"MAHARASHTRA"}},{"arcs":[[2379,2380,2381,2382,-2377,-2362,-2359]],"type":"Polygon","properties":{"n":"Kapase","c":552289,"d":"Palghar","s":"MAHARASHTRA"}},{"arcs":[[-2376,-2374,2383,2384,2385,2386,-1863]],"type":"Polygon","properties":{"n":"Usarani","c":552284,"d":"Palghar","s":"MAHARASHTRA"}},{"arcs":[[-2379,2387,2388,2389,2390,-2368,-2364]],"type":"Polygon","properties":{"n":"Agarwadi","c":552288,"d":"Palghar","s":"MAHARASHTRA"}},{"arcs":[[-2358,2391,2392,-2380]],"type":"Polygon","properties":{"n":" ","c":0,"d":"Palghar","s":"MAHARASHTRA"}},{"arcs":[[2393,-2381,-2393]],"type":"Polygon","properties":{"n":"Kardal","c":552294,"d":"Palghar","s":"MAHARASHTRA"}},{"arcs":[[-2370,2394,2395,2396,-2372]],"type":"Polygon","properties":{"n":"Ambodegaon","c":552287,"d":"Palghar","s":"MAHARASHTRA"}},{"arcs":[[-2391,2397,2398,-2395,-2369]],"type":"Polygon","properties":{"n":"Tighare","c":552286,"d":"Palghar","s":"MAHARASHTRA"}},{"arcs":[[-136,-28,2399,-2366]],"type":"Polygon","properties":{"n":"Sonave","c":552291,"d":"Palghar","s":"MAHARASHTRA"}},{"arcs":[[-2367,2400,2401,-2353,-2350]],"type":"Polygon","properties":{"n":"Uchavali","c":552292,"d":"Palghar","s":"MAHARASHTRA"}},{"arcs":[[2402,-2384,-2373,-2397]],"type":"Polygon","properties":{"n":"Dahisar T. Mahim","c":552285,"d":"Palghar","s":"MAHARASHTRA"}},{"arcs":[[2403,2404,2405,-2398,-2390]],"type":"Polygon","properties":{"n":"Nagave","c":552298,"d":"Palghar","s":"MAHARASHTRA"}},{"arcs":[[-2383,2406,2407,2408,2409,-2388,-2378]],"type":"Polygon","properties":{"n":"Virathan Kh.","c":552296,"d":"Palghar","s":"MAHARASHTRA"}},{"arcs":[[-2410,2410,2411,-2404,-2389]],"type":"Polygon","properties":{"n":"Nagavepada","c":552297,"d":"Palghar","s":"MAHARASHTRA"}},{"arcs":[[-2406,2412,-57,2413,2414,-2385,-2403,-2396,-2399]],"type":"Polygon","properties":{"n":"Chatale","c":552299,"d":"Palghar","s":"MAHARASHTRA"}},{"arcs":[[-2394,-2392,-2357,2415,2416,2417,-2407,-2382]],"type":"Polygon","properties":{"n":"Makane Kapase","c":552295,"d":"Palghar","s":"MAHARASHTRA"}},{"arcs":[[-2400,-31,-21,2418,-2401]],"type":"Polygon","properties":{"n":"Penand","c":552307,"d":"Palghar","s":"MAHARASHTRA"}},{"arcs":[[2419,2420,-2355]],"type":"Polygon","properties":{"n":"Saratodi","c":552308,"d":"Palghar","s":"MAHARASHTRA"}},{"arcs":[[2421,2422,-2386,-2415]],"type":"Polygon","properties":{"n":"Bhadave","c":552300,"d":"Palghar","s":"MAHARASHTRA"}},{"arcs":[[2423,2424,2425,-2411,-2409]],"type":"Polygon","properties":{"n":"Manjurli","c":552304,"d":"Palghar","s":"MAHARASHTRA"}},{"arcs":[[-2402,-2419,-20,-35,-74,2426,-2420,-2354]],"type":"Polygon","properties":{"n":"Karwale","c":552306,"d":"Palghar","s":"MAHARASHTRA"}},{"arcs":[[-2412,-2426,2427,2428,-51,-2413,-2405]],"type":"Polygon","properties":{"n":"Vedhi","c":552302,"d":"Palghar","s":"MAHARASHTRA"}},{"arcs":[[-2418,2429,2430,-2424,-2408]],"type":"Polygon","properties":{"n":"Mande","c":552310,"d":"Palghar","s":"MAHARASHTRA"}},{"arcs":[[-2423,2431,-46,-1864,-2387]],"type":"Polygon","properties":{"n":"Mathane","c":552301,"d":"Palghar","s":"MAHARASHTRA"}},{"arcs":[[2432,2433,-2428,-2425,-2431]],"type":"Polygon","properties":{"n":"Vitthalwadi","c":552305,"d":"Palghar","s":"MAHARASHTRA"}},{"arcs":[[2434,-41,-47,2435,-2433,-2430,-2417]],"type":"Polygon","properties":{"n":"Shilte","c":552303,"d":"Palghar","s":"MAHARASHTRA"}},{"arcs":[[-2356,-2421,-2427,-73,-36,-2435,-2416]],"type":"Polygon","properties":{"n":"Saravali","c":552309,"d":"Palghar","s":"MAHARASHTRA"}},{"arcs":[[-2436,-50,-52,-2429,-2434]],"type":"Polygon","properties":{"n":"Virathan Bk.","c":552313,"d":"Palghar","s":"MAHARASHTRA"}},{"arcs":[[-2422,-2414,-56,-62,-43,-2432]],"type":"Polygon","properties":{"n":"Dongare","c":552312,"d":"Palghar","s":"MAHARASHTRA"}},{"arcs":[[2436,2437,2438,2439,2440,2441,2442,-448,-399,-1318]],"type":"Polygon","properties":{"n":"Ase","c":551955,"d":"Palghar","s":"MAHARASHTRA"}},{"arcs":[[2443,2444,-2440,2445,-2438,2446]],"type":"Polygon","properties":{"n":"Swaminagar","c":551956,"d":"Palghar","s":"MAHARASHTRA"}},{"arcs":[[-2439,-2446]],"type":"Polygon","properties":{"n":"Dhamani","c":551954,"d":"Palghar","s":"MAHARASHTRA"}},{"arcs":[[2447,2448,2449,2450,-2444,2451]],"type":"Polygon","properties":{"n":"Osarvira","c":551959,"d":"Palghar","s":"MAHARASHTRA"}},{"arcs":[[2452,2453,2454,-2448,2455]],"type":"Polygon","properties":{"n":"Kalamgaon","c":551960,"d":"Palghar","s":"MAHARASHTRA"}},{"arcs":[[2456,2457,-2453,2458]],"type":"Polygon","properties":{"n":"Ghanval","c":551961,"d":"Palghar","s":"MAHARASHTRA"}},{"arcs":[[-2451,2459,2460,-2441,-2445]],"type":"Polygon","properties":{"n":"Brahmagaon","c":551958,"d":"Palghar","s":"MAHARASHTRA"}},{"arcs":[[-2461,2461,-2442]],"type":"Polygon","properties":{"n":"Shastrinagar","c":551957,"d":"Palghar","s":"MAHARASHTRA"}},{"arcs":[[2462,2463,2464,2465,-2457,2466]],"type":"Polygon","properties":{"n":"Morhande","c":551968,"d":"Palghar","s":"MAHARASHTRA"}},{"arcs":[[-2458,-2466,2467,2468,-2454]],"type":"Polygon","properties":{"n":"Hirve","c":551964,"d":"Palghar","s":"MAHARASHTRA"}},{"arcs":[[-2455,-2469,2469,2470,2471,-2449]],"type":"Polygon","properties":{"n":"Beriste","c":551965,"d":"Palghar","s":"MAHARASHTRA"}},{"arcs":[[-2460,-2450,-2472,2472,2473,-485,-444,-2443,-2462]],"type":"Polygon","properties":{"n":"Chas","c":551966,"d":"Palghar","s":"MAHARASHTRA"}},{"arcs":[[2474,-2463,2475]],"type":"Polygon","properties":{"n":"Dandwal","c":551962,"d":"Palghar","s":"MAHARASHTRA"}},{"arcs":[[-2465,2476,2477,2478,2479,2480,2481,2482,-2470,-2468]],"type":"Polygon","properties":{"n":"Poshera","c":551972,"d":"Palghar","s":"MAHARASHTRA"}},{"arcs":[[2483,-2477,-2464,-2475]],"type":"Polygon","properties":{"n":"Gonde Bk.","c":551974,"d":"Palghar","s":"MAHARASHTRA"}},{"arcs":[[-2471,-2483,2484,2485,2486,-2473]],"type":"Polygon","properties":{"n":"Ghosali","c":551967,"d":"Palghar","s":"MAHARASHTRA"}},{"arcs":[[-2485,-2482,2487,2488]],"type":"Polygon","properties":{"n":" ","c":0,"d":"Palghar","s":"MAHARASHTRA"}},{"arcs":[[-2487,2489,-480,-2474]],"type":"Polygon","properties":{"n":"Rajivnagar","c":551970,"d":"Palghar","s":"MAHARASHTRA"}},{"arcs":[[2490,2491,-564,-481,-2490,-2486,-2489]],"type":"Polygon","properties":{"n":"Mokhada","c":551969,"d":"Palghar","s":"MAHARASHTRA"}},{"arcs":[[-2488,-2481,2492,2493,2494,-2491]],"type":"Polygon","properties":{"n":"Gonde Kh.","c":551971,"d":"Palghar","s":"MAHARASHTRA"}},{"arcs":[[-2495,2495,2496,2497,-559,-2492]],"type":"Polygon","properties":{"n":"Sakhari","c":551976,"d":"Palghar","s":"MAHARASHTRA"}},{"arcs":[[2498,2499,2500,-2479]],"type":"Polygon","properties":{"n":"Shirson","c":551978,"d":"Palghar","s":"MAHARASHTRA"}},{"arcs":[[-2494,2501,2502,2503,2504,-2496]],"type":"Polygon","properties":{"n":"Saturly","c":551981,"d":"Palghar","s":"MAHARASHTRA"}},{"arcs":[[-2480,-2501,2505,2506,-2502,-2493]],"type":"Polygon","properties":{"n":"Khoch","c":551977,"d":"Palghar","s":"MAHARASHTRA"}},{"arcs":[[-2498,2507,-627,-606,-560]],"type":"Polygon","properties":{"n":"Pimpalgaon","c":551983,"d":"Palghar","s":"MAHARASHTRA"}},{"arcs":[[-2505,2508,2509,-623,-628,-2508,-2497]],"type":"Polygon","properties":{"n":"Washala","c":551982,"d":"Palghar","s":"MAHARASHTRA"}},{"arcs":[[2510,2511,-2506,-2500]],"type":"Polygon","properties":{"n":"Dhondmaryachimet","c":551979,"d":"Palghar","s":"MAHARASHTRA"}},{"arcs":[[-2512,2512,2513,2514,-2503,-2507]],"type":"Polygon","properties":{"n":"Palsunde","c":551980,"d":"Palghar","s":"MAHARASHTRA"}},{"arcs":[[2515,2516,-617,-2510]],"type":"Polygon","properties":{"n":"Shivali","c":551984,"d":"Palghar","s":"MAHARASHTRA"}},{"arcs":[[2517,2518,-2516,-2509,-2504,-2515]],"type":"Polygon","properties":{"n":"Koshimshet","c":551985,"d":"Palghar","s":"MAHARASHTRA"}},{"arcs":[[2519,2520,2521,2522,-2518,-2514,2523]],"type":"Polygon","properties":{"n":"Dolhare","c":551987,"d":"Palghar","s":"MAHARASHTRA"}},{"arcs":[[-2523,2524,2525,2526,-644,-618,-2517,-2519]],"type":"Polygon","properties":{"n":"Dhamanshet","c":551986,"d":"Palghar","s":"MAHARASHTRA"}},{"arcs":[[-621,2527,2528,-1405,-635,-624]],"type":"Polygon","properties":{"n":"Kurlod","c":551993,"d":"Palghar","s":"MAHARASHTRA"}},{"arcs":[[2529,2530,-2520,2531]],"type":"Polygon","properties":{"n":"Nashera","c":551988,"d":"Palghar","s":"MAHARASHTRA"}},{"arcs":[[-643,2532,2533,2534,2535,-2528,-620]],"type":"Polygon","properties":{"n":"Botoshi","c":551992,"d":"Palghar","s":"MAHARASHTRA"}},{"arcs":[[2536,2537,-2526]],"type":"Polygon","properties":{"n":"Adoshi","c":551990,"d":"Palghar","s":"MAHARASHTRA"}},{"arcs":[[-2522,2538,2539,-2537,-2525]],"type":"Polygon","properties":{"n":"Shirasgaon","c":551989,"d":"Palghar","s":"MAHARASHTRA"}},{"arcs":[[-2540,2540,2541,-2533,-642,-2527,-2538]],"type":"Polygon","properties":{"n":"Pathardi","c":551991,"d":"Palghar","s":"MAHARASHTRA"}},{"arcs":[[-2531,2542,2543,2544,-2541,-2539,-2521]],"type":"Polygon","properties":{"n":"Khodala","c":551998,"d":"Palghar","s":"MAHARASHTRA"}},{"arcs":[[2545,2546,2547,2548,-2543,-2530,2549]],"type":"Polygon","properties":{"n":"Sayade","c":552000,"d":"Palghar","s":"MAHARASHTRA"}},{"arcs":[[-2536,2550,-1425,-1427,-1409,-1402,-2529]],"type":"Polygon","properties":{"n":"Kevanale","c":551994,"d":"Palghar","s":"MAHARASHTRA"}},{"arcs":[[2551,2552,2553,2554,-2534,-2542,-2545]],"type":"Polygon","properties":{"n":"Gomghar","c":551997,"d":"Palghar","s":"MAHARASHTRA"}},{"arcs":[[-2544,-2549,2555,2556,-2552]],"type":"Polygon","properties":{"n":"Jogalwadi","c":551999,"d":"Palghar","s":"MAHARASHTRA"}},{"arcs":[[-2555,2557,2558,-1443,-1426,-2551,-2535]],"type":"Polygon","properties":{"n":"Suryamal","c":551995,"d":"Palghar","s":"MAHARASHTRA"}},{"arcs":[[2559,2560,2561,2562,-2558,-2554]],"type":"Polygon","properties":{"n":"Dhudgaon","c":551996,"d":"Palghar","s":"MAHARASHTRA"}},{"arcs":[[2563,2564,2565,-2556,-2548]],"type":"Polygon","properties":{"n":"Udhale","c":552002,"d":"Palghar","s":"MAHARASHTRA"}},{"arcs":[[2566,2567,2568,2569,-2564,-2547]],"type":"Polygon","properties":{"n":"Wakadpada","c":552001,"d":"Palghar","s":"MAHARASHTRA"}},{"arcs":[[2570,2571,-2567,-2546,2572]],"type":"Polygon","properties":{"n":"Pachaghar","c":552011,"d":"Palghar","s":"MAHARASHTRA"}},{"arcs":[[-2553,-2557,-2566,2573,2574,-2560]],"type":"Polygon","properties":{"n":"Vashind","c":552003,"d":"Palghar","s":"MAHARASHTRA"}},{"arcs":[[2575,-2571,2576]],"type":"Polygon","properties":{"n":"Karol","c":552012,"d":"Palghar","s":"MAHARASHTRA"}},{"arcs":[[-2576,2577,2578,2579,2580,-2568,-2572]],"type":"Polygon","properties":{"n":"Karegaon","c":552010,"d":"Palghar","s":"MAHARASHTRA"}},{"arcs":[[2581,-2579,2582,2583,2584,-2569,-2581]],"type":"Polygon","properties":{"n":"Kochale","c":552008,"d":"Palghar","s":"MAHARASHTRA"}},{"arcs":[[-2585,2585,-2574,-2565,-2570]],"type":"Polygon","properties":{"n":"Kiniste","c":552007,"d":"Palghar","s":"MAHARASHTRA"}},{"arcs":[[2586,-1479,-1440,-2559,-2563]],"type":"Polygon","properties":{"n":"Amale","c":552004,"d":"Palghar","s":"MAHARASHTRA"}},{"arcs":[[-2580,-2582]],"type":"Polygon","properties":{"n":"Kaduchiwadi","c":552009,"d":"Palghar","s":"MAHARASHTRA"}},{"arcs":[[-2584,2587,2588,-2561,-2575,-2586]],"type":"Polygon","properties":{"n":"Kashti","c":552006,"d":"Palghar","s":"MAHARASHTRA"}},{"arcs":[[2589,-1480,-2587,-2562,-2589]],"type":"Polygon","properties":{"n":"Sawarde","c":552005,"d":"Palghar","s":"MAHARASHTRA"}},{"arcs":[[2590,2591,2592,2593,2594]],"type":"Polygon","properties":{"n":"Achchhad","c":551532,"d":"Palghar","s":"MAHARASHTRA"}},{"arcs":[[2595,2596,2597,2598,2599,2600,2601,-2591,2602]],"type":"Polygon","properties":{"n":"Upalat","c":551534,"d":"Palghar","s":"MAHARASHTRA"}},{"arcs":[[2603,-2596,2604]],"type":"Polygon","properties":{"n":"Bormal","c":551535,"d":"Palghar","s":"MAHARASHTRA"}},{"arcs":[[-2602,2605,-2592]],"type":"Polygon","properties":{"n":"Kajali","c":551533,"d":"Palghar","s":"MAHARASHTRA"}},{"arcs":[[-2594,2606,2607,2608,2609]],"type":"Polygon","properties":{"n":"Sambha","c":551531,"d":"Palghar","s":"MAHARASHTRA"}},{"arcs":[[2610,2611,2612,2613,2614,-2597,-2604]],"type":"Polygon","properties":{"n":"Kochai","c":551538,"d":"Palghar","s":"MAHARASHTRA"}},{"arcs":[[-2601,2615,2616,2617,2618,-2607,-2593,-2606]],"type":"Polygon","properties":{"n":"Amagaon","c":551540,"d":"Palghar","s":"MAHARASHTRA"}},{"arcs":[[2619,-2613]],"type":"Polygon","properties":{"n":"Masanpada","c":551536,"d":"Palghar","s":"MAHARASHTRA"}},{"arcs":[[2620,2621,2622,2623,2624,-2608,-2619]],"type":"Polygon","properties":{"n":"Dongari","c":551541,"d":"Palghar","s":"MAHARASHTRA"}},{"arcs":[[-2618,2625,-2621]],"type":"Polygon","properties":{"n":"Vilatgaon","c":551546,"d":"Palghar","s":"MAHARASHTRA"}},{"arcs":[[-2609,-2625,2626,2627,2628]],"type":"Polygon","properties":{"n":"Ghimniye","c":551542,"d":"Palghar","s":"MAHARASHTRA"}},{"arcs":[[-2600,2629,2630,2631,2632,2633,-2616]],"type":"Polygon","properties":{"n":"Varwade","c":551547,"d":"Palghar","s":"MAHARASHTRA"}},{"arcs":[[2634,2635,2636,-2614,-2620,-2612]],"type":"Polygon","properties":{"n":"Ambeshetgaon","c":551537,"d":"Palghar","s":"MAHARASHTRA"}},{"arcs":[[-2615,-2637,2637,2638,2639,-2631,2640,-2598]],"type":"Polygon","properties":{"n":"Sawroli","c":551548,"d":"Palghar","s":"MAHARASHTRA"}},{"arcs":[[-2599,-2641,-2630]],"type":"Polygon","properties":{"n":"Thakarpada","c":551539,"d":"Palghar","s":"MAHARASHTRA"}},{"arcs":[[-2617,-2634,2641,-2622,-2626]],"type":"Polygon","properties":{"n":"Kharadpada","c":551545,"d":"Palghar","s":"MAHARASHTRA"}},{"arcs":[[2642,-2638,-2636,2643]],"type":"Polygon","properties":{"n":"Anwir","c":551549,"d":"Palghar","s":"MAHARASHTRA"}},{"arcs":[[2644,2645,-2628]],"type":"Polygon","properties":{"n":"Girgaon","c":551543,"d":"Palghar","s":"MAHARASHTRA"}},{"arcs":[[-2624,2646,2647,2648,2649,2650,2651,-2645,-2627]],"type":"Polygon","properties":{"n":"Dolharpada","c":551544,"d":"Palghar","s":"MAHARASHTRA"}},{"arcs":[[-2643,2652,2653,2654,2655,2656,-2639]],"type":"Polygon","properties":{"n":"Sutrakar","c":551550,"d":"Palghar","s":"MAHARASHTRA"}},{"arcs":[[-2633,2657,2658,2659,-2647,-2623,-2642],[2660]],"type":"Polygon","properties":{"n":"Zari","c":551554,"d":"Palghar","s":"MAHARASHTRA"}},{"arcs":[[-2640,-2657,2661,2662,2663,-2658,-2632]],"type":"Polygon","properties":{"n":"Talasari","c":551566,"d":"Palghar","s":"MAHARASHTRA"}},{"arcs":[[-2651,2664,2665]],"type":"Polygon","properties":{"n":"Baradi","c":551560,"d":"Palghar","s":"MAHARASHTRA"}},{"arcs":[[-2650,2666,2667,2668,2669,-2665]],"type":"Polygon","properties":{"n":"Vevaji","c":551555,"d":"Palghar","s":"MAHARASHTRA"}},{"arcs":[[-2656,2670,2671,2672,2673,-2662]],"type":"Polygon","properties":{"n":"Ibhadpada","c":551551,"d":"Palghar","s":"MAHARASHTRA"}},{"arcs":[[-2661]],"type":"Polygon","properties":{"n":"Patilpada","c":551553,"d":"Palghar","s":"MAHARASHTRA"}},{"arcs":[[-2660,2674,2675,2676,2677,2678,2679,-2648]],"type":"Polygon","properties":{"n":"Vasa","c":551564,"d":"Palghar","s":"MAHARASHTRA"}},{"arcs":[[2680,2681]],"type":"Polygon","properties":{"n":"Kodad","c":551574,"d":"Palghar","s":"MAHARASHTRA"}},{"arcs":[[2682,2683,2684,2685]],"type":"Polygon","properties":{"n":"Zai","c":551558,"d":"Palghar","s":"MAHARASHTRA"}},{"arcs":[[-2669,2686,-2683,2687]],"type":"Polygon","properties":{"n":"Borigaon","c":551557,"d":"Palghar","s":"MAHARASHTRA"}},{"arcs":[[-2664,2688,2689,2690,-2675,-2659],[2691]],"type":"Polygon","properties":{"n":"Kawade","c":551568,"d":"Palghar","s":"MAHARASHTRA"}},{"arcs":[[2692,2693,-2672]],"type":"Polygon","properties":{"n":"Sutarpada","c":551552,"d":"Palghar","s":"MAHARASHTRA"}},{"arcs":[[-2655,2694,2695,-2693,-2671]],"type":"Polygon","properties":{"n":"Patilpada","c":551571,"d":"Palghar","s":"MAHARASHTRA"}},{"arcs":[[-2649,-2680,2696,2697,-2667]],"type":"Polygon","properties":{"n":"Gorakhpur","c":551556,"d":"Palghar","s":"MAHARASHTRA"}},{"arcs":[[-2668,-2698,2698,2699,2700,2701,-2684,-2687]],"type":"Polygon","properties":{"n":"Brahmanpada","c":551559,"d":"Palghar","s":"MAHARASHTRA"}},{"arcs":[[-2679,2702,2703,-2699,-2697]],"type":"Polygon","properties":{"n":"Vevaji","c":551555,"d":"Palghar","s":"MAHARASHTRA"}},{"arcs":[[2704,2705,2706,2707,2708,2709,2710,-2695,-2654]],"type":"Polygon","properties":{"n":"Kurze","c":551572,"d":"Palghar","s":"MAHARASHTRA"}},{"arcs":[[-2694,-2696,-2711,2711,-2673]],"type":"Polygon","properties":{"n":"Thakarpada","c":551567,"d":"Palghar","s":"MAHARASHTRA"}},{"arcs":[[-2692]],"type":"Polygon","properties":{"n":"Awarpada","c":551565,"d":"Palghar","s":"MAHARASHTRA"}},{"arcs":[[2712,2713,2714,-2681,2715]],"type":"Polygon","properties":{"n":"Gandhinagar","c":551573,"d":"Palghar","s":"MAHARASHTRA"}},{"arcs":[[-2674,-2712,-2710,2716,2717,2718,-2689,-2663]],"type":"Polygon","properties":{"n":"Vadavali","c":551570,"d":"Palghar","s":"MAHARASHTRA"}},{"arcs":[[2719,2720,2721,-2706,2722,-2714]],"type":"Polygon","properties":{"n":"Sagarshet","c":551576,"d":"Palghar","s":"MAHARASHTRA"}},{"arcs":[[2723,2724,2725,-2703,-2678]],"type":"Polygon","properties":{"n":" ","c":0,"d":"Palghar","s":"MAHARASHTRA"}},{"arcs":[[2726,2727,2728,-2676,-2691]],"type":"Polygon","properties":{"n":"Manpada","c":551563,"d":"Palghar","s":"MAHARASHTRA"}},{"arcs":[[-2719,2729,2730,2731,-2727,-2690]],"type":"Polygon","properties":{"n":"Sawane","c":551569,"d":"Palghar","s":"MAHARASHTRA"}},{"arcs":[[2732,2733,2734,-2724,-2677,-2729]],"type":"Polygon","properties":{"n":"Patilpada","c":551561,"d":"Palghar","s":"MAHARASHTRA"}},{"arcs":[[2735,2736,2737,2738,-2720,-2713,2739]],"type":"Polygon","properties":{"n":"Udhawa","c":551575,"d":"Palghar","s":"MAHARASHTRA"}},{"arcs":[[-2735,2740,2741,2742,-2725]],"type":"Polygon","properties":{"n":"Karajgaon","c":551562,"d":"Palghar","s":"MAHARASHTRA"}},{"arcs":[[2743,2744,2745,2746,-1903,2747,2748,2749,2750]],"type":"Polygon","properties":{"n":"Vangaon","c":551739,"d":"Palghar","s":"MAHARASHTRA"}},{"arcs":[[2751,2752,2753,-1932,-1935,-1922,2754,2755,2756]],"type":"Polygon","properties":{"n":"Dabhon","c":551701,"d":"Palghar","s":"MAHARASHTRA"}},{"arcs":[[2757,2758,-1912,-1945,2759,-2753,2760,2761]],"type":"Polygon","properties":{"n":"Urse","c":551704,"d":"Palghar","s":"MAHARASHTRA"}},{"arcs":[[-1926,-1921,-1915,2762,2763,2764,2765,-2755]],"type":"Polygon","properties":{"n":"Vanai","c":551742,"d":"Palghar","s":"MAHARASHTRA"}},{"arcs":[[2766,2767,2768,-1887,-1888,2769,2770,2771]],"type":"Polygon","properties":{"n":"Dhamatane","c":551712,"d":"Palghar","s":"MAHARASHTRA"}},{"arcs":[[2772,2773,2774,-2758]],"type":"Polygon","properties":{"n":"Mhasad","c":551705,"d":"Palghar","s":"MAHARASHTRA"}},{"arcs":[[2775,-2764,2776,-2746]],"type":"Polygon","properties":{"n":"Khambale","c":551738,"d":"Palghar","s":"MAHARASHTRA"}},{"arcs":[[-226,-1883,2777,2778]],"type":"Polygon","properties":{"n":"Tawa","c":551710,"d":"Palghar","s":"MAHARASHTRA"}},{"arcs":[[-1882,-2769,2779,-2778]],"type":"Polygon","properties":{"n":"Kolhan","c":551711,"d":"Palghar","s":"MAHARASHTRA"}},{"arcs":[[-2748,-1902,-1880,-1907,-1866,2780,2781,2782]],"type":"Polygon","properties":{"n":"Kolavali","c":551740,"d":"Palghar","s":"MAHARASHTRA"}},{"arcs":[[-1892,-1913,-2759,-2775,2783,-2770]],"type":"Polygon","properties":{"n":"Peth","c":551713,"d":"Palghar","s":"MAHARASHTRA"}},{"arcs":[[-1943,-1927,-2754,2784]],"type":"Polygon","properties":{"n":"Saye","c":551703,"d":"Palghar","s":"MAHARASHTRA"}},{"arcs":[[-1944,-2785,-2760]],"type":"Polygon","properties":{"n":"Ambiste","c":551702,"d":"Palghar","s":"MAHARASHTRA"}},{"arcs":[[-2763,-1914,-1896,-2747,-2777]],"type":"Polygon","properties":{"n":"Vire","c":551741,"d":"Palghar","s":"MAHARASHTRA"}},{"arcs":[[2785,-2756,-2766,2786,2787,2788]],"type":"Polygon","properties":{"n":"Gowane","c":551736,"d":"Palghar","s":"MAHARASHTRA"}},{"arcs":[[2789,2790,-2771,-2784,-2774]],"type":"Polygon","properties":{"n":"Ambivali","c":551706,"d":"Palghar","s":"MAHARASHTRA"}},{"arcs":[[-227,-2779,-2780,-2768,2791,2792,2793]],"type":"Polygon","properties":{"n":"Ghol","c":551709,"d":"Palghar","s":"MAHARASHTRA"}},{"arcs":[[-2787,-2765,-2776,-2745,2794]],"type":"Polygon","properties":{"n":"Dabhale","c":551737,"d":"Palghar","s":"MAHARASHTRA"}},{"arcs":[[2795,-2782,2796,2797]],"type":"Polygon","properties":{"n":"Dedale","c":551729,"d":"Palghar","s":"MAHARASHTRA"}},{"arcs":[[-2685,-2702,2798,2799,2800,2801,2802,2803,2804]],"type":"Polygon","properties":{"n":"Jambugaon","c":551579,"d":"Palghar","s":"MAHARASHTRA"}},{"arcs":[[2805,-2799,-2701]],"type":"Polygon","properties":{"n":"Jalwai","c":551578,"d":"Palghar","s":"MAHARASHTRA"}},{"arcs":[[-2704,-2726,-2743,2806,-2800,-2806,-2700]],"type":"Polygon","properties":{"n":"Aswali","c":551580,"d":"Palghar","s":"MAHARASHTRA"}},{"arcs":[[2807,2808,2809,2810,-2804]],"type":"Polygon","properties":{"n":"Gholwad","c":551583,"d":"Palghar","s":"MAHARASHTRA"}},{"arcs":[[2811,2812,2813,2814,2815]],"type":"Polygon","properties":{"n":"Gadchinchale","c":551629,"d":"Palghar","s":"MAHARASHTRA"}},{"arcs":[[2816,-2733,-2728,-2732]],"type":"Polygon","properties":{"n":" ","c":0,"d":"Palghar","s":"MAHARASHTRA"}},{"arcs":[[2817,2818,2819,2820,2821,-2741,-2734,-2817,-2731]],"type":"Polygon","properties":{"n":"Dhamanagaon","c":551618,"d":"Palghar","s":"MAHARASHTRA"}},{"arcs":[[2822,2823,2824,2825,2826,2827,2828,2829,2830,-2717,-2709]],"type":"Polygon","properties":{"n":"Dapchari","c":551621,"d":"Palghar","s":"MAHARASHTRA"}},{"arcs":[[2831,2832,-2736,2833]],"type":"Polygon","properties":{"n":"Kalamdevi","c":551626,"d":"Palghar","s":"MAHARASHTRA"}},{"arcs":[[2834,-2823,-2708]],"type":"Polygon","properties":{"n":"Varkhande","c":551622,"d":"Palghar","s":"MAHARASHTRA"}},{"arcs":[[-2742,-2822,2835,-2801,-2807]],"type":"Polygon","properties":{"n":"Khunavade","c":551581,"d":"Palghar","s":"MAHARASHTRA"}},{"arcs":[[2836,2837,2838,-2812,2839]],"type":"Polygon","properties":{"n":"Diwashi","c":551630,"d":"Palghar","s":"MAHARASHTRA"}},{"arcs":[[-2722,2840,2841,-2824,-2835,-2707]],"type":"Polygon","properties":{"n":"Khubale","c":551623,"d":"Palghar","s":"MAHARASHTRA"}},{"arcs":[[-2831,2842,2843,2844,-2818,-2730,-2718]],"type":"Polygon","properties":{"n":"Vankas","c":551620,"d":"Palghar","s":"MAHARASHTRA"}},{"arcs":[[-2739,2845,2846,2847,2848,2849,2850,-2841,-2721],[2851]],"type":"Polygon","properties":{"n":"Modgaon","c":551638,"d":"Palghar","s":"MAHARASHTRA"}},{"arcs":[[2852,2853,-2737,-2833]],"type":"Polygon","properties":{"n":" ","c":0,"d":"Palghar","s":"MAHARASHTRA"}},{"arcs":[[-2815,2854,2855,2856,2857,-2853,-2832,2858]],"type":"Polygon","properties":{"n":"Shilonde","c":551627,"d":"Palghar","s":"MAHARASHTRA"}},{"arcs":[[-2820,2859]],"type":"Polygon","properties":{"n":" ","c":0,"d":"Palghar","s":"MAHARASHTRA"}},{"arcs":[[2860,2861,2862,2863,2864,-2810]],"type":"Polygon","properties":{"n":"Chikhale","c":551585,"d":"Palghar","s":"MAHARASHTRA"}},{"arcs":[[-2813,-2839,2865]],"type":"Polygon","properties":{"n":"Patilpada","c":551628,"d":"Palghar","s":"MAHARASHTRA"}},{"arcs":[[-2838,2866,2867,2868,2869,-2814,-2866]],"type":"Polygon","properties":{"n":"Dabhadi","c":551631,"d":"Palghar","s":"MAHARASHTRA"}},{"arcs":[[-2854,-2858,2870,-2846,-2738]],"type":"Polygon","properties":{"n":"Bendgaon","c":551625,"d":"Palghar","s":"MAHARASHTRA"}},{"arcs":[[-361,-371,-411,-441,-1728,2871,2872,-2867,-2837,2873],[2874]],"type":"Polygon","properties":{"n":"Kinhawali","c":551632,"d":"Palghar","s":"MAHARASHTRA"}},{"arcs":[[-2808,-2803,2875,2876,2877,2878,2879,2880,2881,2882,2883,2884,2885],[2886]],"type":"Polygon","properties":{"n":"Kainad","c":551593,"d":"Palghar","s":"MAHARASHTRA"}},{"arcs":[[-2809,-2886,2887,-2861]],"type":"Polygon","properties":{"n":"Naraliwadi","c":551586,"d":"Palghar","s":"MAHARASHTRA"}},{"arcs":[[-2860,2888,2889,2890,-2876,-2802,-2836,-2821]],"type":"Polygon","properties":{"n":"Gangangaon","c":551646,"d":"Palghar","s":"MAHARASHTRA"}},{"arcs":[[-2845,2891,2892,-2889,-2819]],"type":"Polygon","properties":{"n":"Ghadane","c":551644,"d":"Palghar","s":"MAHARASHTRA"}},{"arcs":[[-2852]],"type":"Polygon","properties":{"n":"Tornipada","c":551624,"d":"Palghar","s":"MAHARASHTRA"}},{"arcs":[[-2888,-2885,2893,-2862]],"type":"Polygon","properties":{"n":"Chimbave","c":551587,"d":"Palghar","s":"MAHARASHTRA"}},{"arcs":[[-2842,-2851,2894,2895,2896,2897,-2825]],"type":"Polygon","properties":{"n":"Halapada","c":551639,"d":"Palghar","s":"MAHARASHTRA"}},{"arcs":[[-2830,2898,2899,2900,2901,-2843]],"type":"Polygon","properties":{"n":"Bramhanwadi","c":551642,"d":"Palghar","s":"MAHARASHTRA"}},{"arcs":[[-2898,2902,-2826]],"type":"Polygon","properties":{"n":"Tornipada","c":551624,"d":"Palghar","s":"MAHARASHTRA"}},{"arcs":[[2903,2904,2905,-2847,-2871,-2857]],"type":"Polygon","properties":{"n":" ","c":0,"d":"Palghar","s":"MAHARASHTRA"}},{"arcs":[[-2870,2906,-1732,2907,2908,-2855]],"type":"Polygon","properties":{"n":"Vyahali","c":551635,"d":"Palghar","s":"MAHARASHTRA"}},{"arcs":[[-2902,2909,2910,2911,2912,-2892,-2844]],"type":"Polygon","properties":{"n":"Bahare","c":551643,"d":"Palghar","s":"MAHARASHTRA"}},{"arcs":[[-2828,2913,2914,2915,2916,2917]],"type":"Polygon","properties":{"n":"Dhundalwadi","c":551640,"d":"Palghar","s":"MAHARASHTRA"}},{"arcs":[[-2827,-2903,-2897,2918,-2914]],"type":"Polygon","properties":{"n":"Bandhan","c":943964,"d":"Palghar","s":"MAHARASHTRA"}},{"arcs":[[-2829,-2918,2919,-2899]],"type":"Polygon","properties":{"n":"Pardi","c":551641,"d":"Palghar","s":"MAHARASHTRA"}},{"arcs":[[-2893,-2913,2920,-2890]],"type":"Polygon","properties":{"n":"Jingaon","c":551645,"d":"Palghar","s":"MAHARASHTRA"}},{"arcs":[[-2894,-2884,2921,2922,2923,2924,2925,2926,-2863]],"type":"Polygon","properties":{"n":"Waki","c":551591,"d":"Palghar","s":"MAHARASHTRA"}},{"arcs":[[-2909,2927,2928,-2904,-2856]],"type":"Polygon","properties":{"n":"Rampur","c":551636,"d":"Palghar","s":"MAHARASHTRA"}},{"arcs":[[-2883,2929,-2922]],"type":"Polygon","properties":{"n":"Zarali","c":551592,"d":"Palghar","s":"MAHARASHTRA"}},{"arcs":[[2930,-2848,-2906]],"type":"Polygon","properties":{"n":"Raipur","c":551637,"d":"Palghar","s":"MAHARASHTRA"}},{"arcs":[[-2920,-2917,2931,2932,-2900]],"type":"Polygon","properties":{"n":"Punjave","c":551650,"d":"Palghar","s":"MAHARASHTRA"}},{"arcs":[[2933,2934,-2864,-2927]],"type":"Polygon","properties":{"n":"Ambewadi","c":551588,"d":"Palghar","s":"MAHARASHTRA"}},{"arcs":[[-2931,-2905,-2929,2935,2936,2937,2938,-2849]],"type":"Polygon","properties":{"n":"Ashte","c":551657,"d":"Palghar","s":"MAHARASHTRA"}},{"arcs":[[-2933,2939,2940,-2910,-2901]],"type":"Polygon","properties":{"n":"Talothe","c":551649,"d":"Palghar","s":"MAHARASHTRA"}},{"arcs":[[-2896,2941,2942,2943,2944,2945,2946,-2915,-2919]],"type":"Polygon","properties":{"n":"Ambivali Tarf Bahare","c":551653,"d":"Palghar","s":"MAHARASHTRA"}},{"arcs":[[2947,2948,-1733,-2907,-2869]],"type":"Polygon","properties":{"n":" ","c":0,"d":"Palghar","s":"MAHARASHTRA"}},{"arcs":[[-2850,-2939,2949,2950,2951,-2942,-2895]],"type":"Polygon","properties":{"n":"Shisne","c":551656,"d":"Palghar","s":"MAHARASHTRA"}},{"arcs":[[-2875]],"type":"Polygon","properties":{"n":"Alkapur","c":551633,"d":"Palghar","s":"MAHARASHTRA"}},{"arcs":[[-2912,2952,2953,2954,2955,2956,2957,-2877,-2891,-2921]],"type":"Polygon","properties":{"n":"Ambesari","c":551594,"d":"Palghar","s":"MAHARASHTRA"}},{"arcs":[[-2916,-2947,2958,-2932]],"type":"Polygon","properties":{"n":"Sasvand","c":551651,"d":"Palghar","s":"MAHARASHTRA"}},{"arcs":[[-2873,2959,-2948,-2868]],"type":"Polygon","properties":{"n":" ","c":0,"d":"Palghar","s":"MAHARASHTRA"}},{"arcs":[[-2911,-2941,2960,2961,-2953]],"type":"Polygon","properties":{"n":"Bodgaon","c":551647,"d":"Palghar","s":"MAHARASHTRA"}},{"arcs":[[-2930,-2882,2962,2963,-2923]],"type":"Polygon","properties":{"n":"Kasara","c":551598,"d":"Palghar","s":"MAHARASHTRA"}},{"arcs":[[-2887]],"type":"Polygon","properties":{"n":"Kosbad","c":551596,"d":"Palghar","s":"MAHARASHTRA"}},{"arcs":[[-2960,-2872,-1727,-2949]],"type":"Polygon","properties":{"n":"Sukad-amba","c":551634,"d":"Palghar","s":"MAHARASHTRA"}},{"arcs":[[-2959,-2946,2964,2965,-2961,-2940]],"type":"Polygon","properties":{"n":"Chinchale","c":551652,"d":"Palghar","s":"MAHARASHTRA"}},{"arcs":[[-2958,2966,2967,-2878]],"type":"Polygon","properties":{"n":"Paraswadi","c":551604,"d":"Palghar","s":"MAHARASHTRA"}},{"arcs":[[-2926,2968,2969,-2934]],"type":"Polygon","properties":{"n":"Narpad","c":551589,"d":"Palghar","s":"MAHARASHTRA"}},{"arcs":[[-2908,-1731,2970,2971,2972,2973,-2936,-2928]],"type":"Polygon","properties":{"n":"Saiwan","c":551659,"d":"Palghar","s":"MAHARASHTRA"}},{"arcs":[[2974,-2943,-2952]],"type":"Polygon","properties":{"n":"Karanjvira","c":551655,"d":"Palghar","s":"MAHARASHTRA"}},{"arcs":[[-2881,2975,2976,2977,-2963]],"type":"Polygon","properties":{"n":"Nandare","c":551597,"d":"Palghar","s":"MAHARASHTRA"}},{"arcs":[[-2978,2978,2979,2980,-1703,2981,2982,-2924,-2964]],"type":"Polygon","properties":{"n":"Dahanu (M Cl)","c":802782,"d":"Palghar","s":"MAHARASHTRA"}},{"arcs":[[-2925,-2983,2983,-2969]],"type":"Polygon","properties":{"n":"Thakurwadi","c":551590,"d":"Palghar","s":"MAHARASHTRA"}},{"arcs":[[-2938,2984,-1705,2985,-2950]],"type":"Polygon","properties":{"n":"Kandarwadi","c":551678,"d":"Palghar","s":"MAHARASHTRA"}},{"arcs":[[-2880,2986,2987,2988,2989,2990,-2976]],"type":"Polygon","properties":{"n":"Junnarpada","c":551602,"d":"Palghar","s":"MAHARASHTRA"}},{"arcs":[[-2968,2991,2992,-2987,-2879]],"type":"Polygon","properties":{"n":"Jamshet","c":551609,"d":"Palghar","s":"MAHARASHTRA"}},{"arcs":[[-2962,-2966,2993,-1710,2994,-2954]],"type":"Polygon","properties":{"n":"Nagzari","c":551648,"d":"Palghar","s":"MAHARASHTRA"}},{"arcs":[[-2972,2995,2996]],"type":"Polygon","properties":{"n":"Naruli","c":551658,"d":"Palghar","s":"MAHARASHTRA"}},{"arcs":[[-2977,-2991,2997,2998,2999,-2979]],"type":"Polygon","properties":{"n":"Lashkari","c":551599,"d":"Palghar","s":"MAHARASHTRA"}},{"arcs":[[-3000,3000,3001,-2980]],"type":"Polygon","properties":{"n":"Kankradi","c":551600,"d":"Palghar","s":"MAHARASHTRA"}},{"arcs":[[-3002,3002,-1704,-2981]],"type":"Polygon","properties":{"n":"Raipada","c":551601,"d":"Palghar","s":"MAHARASHTRA"}},{"arcs":[[-2986,-1709,-1794,-1783,-1743,3003,3004,-2944,-2975,-2951]],"type":"Polygon","properties":{"n":"Osarvira","c":551677,"d":"Palghar","s":"MAHARASHTRA"}},{"arcs":[[-2974,3005,-1750,-1774,-1769,-1773,-1706,-2985,-2937]],"type":"Polygon","properties":{"n":"Nimbapur","c":551663,"d":"Palghar","s":"MAHARASHTRA"}},{"arcs":[[-2988,-2993,3006,-1726,3007]],"type":"Polygon","properties":{"n":"Sogwe","c":551595,"d":"Palghar","s":"MAHARASHTRA"}},{"arcs":[[-2965,-2945,-3005,3008,-1741,-1759,-1711,-2994]],"type":"Polygon","properties":{"n":"Dhaniwari","c":551676,"d":"Palghar","s":"MAHARASHTRA"}},{"arcs":[[-2973,-2997,3009,-1751,-3006]],"type":"Polygon","properties":{"n":"Bandhghar","c":551662,"d":"Palghar","s":"MAHARASHTRA"}},{"arcs":[[-3008,-1725,-1716,3010,-2989]],"type":"Polygon","properties":{"n":"Patilpada","c":551603,"d":"Palghar","s":"MAHARASHTRA"}},{"arcs":[[-2967,-2957,3011,3012,-1753,-3007,-2992]],"type":"Polygon","properties":{"n":"Vasantwadi","c":551605,"d":"Palghar","s":"MAHARASHTRA"}},{"arcs":[[-2990,-3011,-1721,3013,3014,-2998]],"type":"Polygon","properties":{"n":"Manphod","c":943968,"d":"Palghar","s":"MAHARASHTRA"}},{"arcs":[[-3001,-2999,-3015,3015,-1698,-3003]],"type":"Polygon","properties":{"n":"Malyan","c":943965,"d":"Palghar","s":"MAHARASHTRA"}},{"arcs":[[-2971,-1730,-1752,-3010,-2996]],"type":"Polygon","properties":{"n":"Gangodi","c":551661,"d":"Palghar","s":"MAHARASHTRA"}},{"arcs":[[-2956,3016,-3012]],"type":"Polygon","properties":{"n":"Gaurwadi","c":551606,"d":"Palghar","s":"MAHARASHTRA"}},{"arcs":[[-3004,-1742,-1738,-3009]],"type":"Polygon","properties":{"n":"Deur","c":551675,"d":"Palghar","s":"MAHARASHTRA"}},{"arcs":[[-2995,-1715,-1734,-1793,-1824,-1802,-1788,-1754,-3013,-3017,-2955]],"type":"Polygon","properties":{"n":"Manipur","c":551670,"d":"Palghar","s":"MAHARASHTRA"}},{"arcs":[[-3014,-1720,-1777,-1699,-3016]],"type":"Polygon","properties":{"n":"Lonipada","c":943970,"d":"Palghar","s":"MAHARASHTRA"}},{"arcs":[[-1745,-1787,3017,3018,3019,3020,-1807]],"type":"Polygon","properties":{"n":"Charoti","c":551692,"d":"Palghar","s":"MAHARASHTRA"}},{"arcs":[[-1819,3021]],"type":"Polygon","properties":{"n":"Ambistewadi","c":551721,"d":"Palghar","s":"MAHARASHTRA"}},{"arcs":[[-1817,3022,3023,3024,3025,3026]],"type":"Polygon","properties":{"n":"Vasgaon","c":551724,"d":"Palghar","s":"MAHARASHTRA"}},{"arcs":[[-1832,3027,-3023,-1816]],"type":"Polygon","properties":{"n":" ","c":0,"d":"Palghar","s":"MAHARASHTRA"}},{"arcs":[[3028,-2750,3029,3030,-1829]],"type":"Polygon","properties":{"n":"Asangaon Bk.","c":551731,"d":"Palghar","s":"MAHARASHTRA"}},{"arcs":[[-1839,3031,3032,3033,-1835]],"type":"Polygon","properties":{"n":"Dehane","c":551617,"d":"Palghar","s":"MAHARASHTRA"}},{"arcs":[[-1810,3034,3035]],"type":"Polygon","properties":{"n":"Vadhane","c":551690,"d":"Palghar","s":"MAHARASHTRA"}},{"arcs":[[-1811,-3036,3036,3037,3038,-1825,-1800]],"type":"Polygon","properties":{"n":"Pimpalshet Kh.","c":551689,"d":"Palghar","s":"MAHARASHTRA"}},{"arcs":[[-1818,-3027,3039,3040,-1820,-3022]],"type":"Polygon","properties":{"n":"Varor","c":551723,"d":"Palghar","s":"MAHARASHTRA"}},{"arcs":[[-1826,-3039,3041,3042,-2761,-2752,3043,3044,-1804]],"type":"Polygon","properties":{"n":"Rankol","c":551700,"d":"Palghar","s":"MAHARASHTRA"}},{"arcs":[[-1805,-3045,3045,-2789,3046,-3032,-1838]],"type":"Polygon","properties":{"n":"Sakhare","c":551734,"d":"Palghar","s":"MAHARASHTRA"}},{"arcs":[[-1842,3047,-3018,-1786]],"type":"Polygon","properties":{"n":"Bhisenagar","c":551697,"d":"Palghar","s":"MAHARASHTRA"}},{"arcs":[[-3021,3048,3049,3050,-1808]],"type":"Polygon","properties":{"n":"Sarani","c":551698,"d":"Palghar","s":"MAHARASHTRA"}},{"arcs":[[-1831,3051,3052,3053,-3024,-3028]],"type":"Polygon","properties":{"n":"Osarwadi","c":551727,"d":"Palghar","s":"MAHARASHTRA"}},{"arcs":[[-3034,3054,-2751,-3029,-1828,-1836]],"type":"Polygon","properties":{"n":"Asangaon","c":551732,"d":"Palghar","s":"MAHARASHTRA"}},{"arcs":[[-1809,-3051,3055,-2790,-2773,-2762,-3043,3056,-3037,-3035]],"type":"Polygon","properties":{"n":"Nikane","c":551699,"d":"Palghar","s":"MAHARASHTRA"}},{"arcs":[[-3057,-3042,-3038]],"type":"Polygon","properties":{"n":"Shelti","c":551688,"d":"Palghar","s":"MAHARASHTRA"}},{"arcs":[[-3054,3057,-2798,3058,-3025]],"type":"Polygon","properties":{"n":"Tanashi","c":551728,"d":"Palghar","s":"MAHARASHTRA"}},{"arcs":[[-1830,-3031,3059,-3052]],"type":"Polygon","properties":{"n":"Vadade","c":551726,"d":"Palghar","s":"MAHARASHTRA"}},{"arcs":[[-3059,-2797,-2781,-1874,3060,-3040,-3026]],"type":"Polygon","properties":{"n":"Chinchani (CT)","c":551750,"d":"Palghar","s":"MAHARASHTRA"}},{"arcs":[[-3046,-3044,-2757,-2786]],"type":"Polygon","properties":{"n":"Aine","c":551735,"d":"Palghar","s":"MAHARASHTRA"}},{"arcs":[[-3048,-1841,3061,-2793,3062,-3019]],"type":"Polygon","properties":{"n":"Kasa Kh.","c":551696,"d":"Palghar","s":"MAHARASHTRA"}},{"arcs":[[-203,-222,-229,3063,-204,-130]],"type":"Polygon","properties":{"n":"Suryanagar","c":551694,"d":"Palghar","s":"MAHARASHTRA"}},{"arcs":[[-3020,-3063,-2792,-2767,3064,-3049]],"type":"Polygon","properties":{"n":"Bharad","c":551708,"d":"Palghar","s":"MAHARASHTRA"}},{"arcs":[[-3064,-228,-2794,-3062,-1840,-205]],"type":"Polygon","properties":{"n":"Varoti","c":551695,"d":"Palghar","s":"MAHARASHTRA"}},{"arcs":[[-3047,-2788,-2795,-2744,-3055,-3033]],"type":"Polygon","properties":{"n":"Kapshi","c":551733,"d":"Palghar","s":"MAHARASHTRA"}},{"arcs":[[-3056,-3050,-3065,-2772,-2791]],"type":"Polygon","properties":{"n":"Nikavali","c":551707,"d":"Palghar","s":"MAHARASHTRA"}},{"arcs":[[-3053,-3060,-3030,-2749,-2783,-2796,-3058]],"type":"Polygon","properties":{"n":"Bavade","c":551730,"d":"Palghar","s":"MAHARASHTRA"}},{"arcs":[[-67,-170,-70,-33]],"type":"Polygon","properties":{"n":" ","c":0,"d":"Palghar","s":"MAHARASHTRA"}}]}}}