{"type":"Topology","arcs":[[[24040,2376],[362,-657],[583,-151],[324,5]],[[25309,1573],[-171,-514],[-1269,-433],[-130,443],[-507,392],[-359,552],[-712,15],[79,444],[341,544],[331,-68],[53,-314],[-253,-358],[581,-96],[747,196]],[[28001,2927],[94,-583],[173,-150],[45,-758],[227,-350],[225,-122]],[[28765,964],[-220,-368],[-637,-109],[-363,-320],[-601,-167],[-299,1164],[26,563],[-887,243],[-441,-257],[-34,-140]],[[24040,2376],[271,124],[99,459]],[[24410,2959],[673,-223],[-4,-240],[591,-76],[390,171],[138,-98],[155,423],[-55,356]],[[26298,3272],[561,100],[846,-121],[164,-427],[132,103]],[[30837,4659],[-302,-483],[297,13],[400,-250],[7,-465],[-259,0],[10,-533],[-251,-442],[-107,-833],[-557,-123],[-225,126],[-114,-558],[-460,124],[-511,-271]],[[28001,2927],[131,98],[297,745],[119,737],[-163,165],[456,385]],[[28841,5057],[232,-160],[44,-338],[372,-230],[1128,113],[220,217]],[[26078,5799],[238,-402]],[[26316,5397],[-166,-314],[325,-492],[-11,-640],[-269,-519],[103,-160]],[[24410,2959],[-20,235],[-840,356]],[[23550,3550],[143,178],[613,-144],[109,163],[394,25],[-475,431],[-9,303],[355,744],[-79,290],[461,184],[394,-249],[153,282]],[[25609,5757],[469,42]],[[26316,5397],[1066,346],[113,805]],[[27495,6548],[375,-466],[317,-677],[654,-348]],[[24772,6366],[336,-79],[501,-530]],[[23550,3550],[-243,73],[117,305],[-1228,750],[-110,-172],[-376,33],[-82,-277],[-276,34],[-52,267],[284,968],[236,448],[458,444]],[[22278,6423],[407,190],[183,549],[472,662],[278,-129],[299,-366],[23,-260],[582,-313],[30,-280],[220,-110]],[[29794,7900],[-153,-164],[131,-256],[-50,-646],[476,83],[128,-411],[-171,-712],[2091,111]],[[32246,5905],[-563,-388],[-113,-227],[-226,41],[-507,-672]],[[28841,5057],[-294,1077],[180,766],[277,415],[181,702]],[[29185,8017],[245,182],[364,-299]],[[32522,7845],[-178,-335],[96,-310],[-39,-632],[236,-540],[-391,-123]],[[29794,7900],[339,-428],[299,188],[403,20],[38,491],[152,128],[471,0],[172,152],[372,-377],[482,-229]],[[27495,6548],[739,742],[228,337],[-41,300],[-216,141],[249,451]],[[28454,8519],[612,-313],[119,-189]],[[26005,8423],[108,-567],[137,-1319],[-172,-738]],[[24772,6366],[-85,186],[354,740],[-47,270],[-282,-37],[-244,481],[491,-274],[-393,852],[182,16]],[[24748,8600],[502,81],[116,260],[639,-518]],[[22705,9572],[75,-116],[480,77],[662,-173],[304,13],[126,-460],[346,-8],[50,-305]],[[22278,6423],[206,1130],[-44,1007],[-131,511],[109,343],[-159,251]],[[22259,9665],[446,-93]],[[26613,10337],[-204,-881],[15,-843],[-419,-190]],[[22705,9572],[859,537],[384,331]],[[23948,10440],[505,-31],[219,231],[799,34],[312,-93],[75,-909],[-110,-358],[272,-165],[253,659],[12,444],[328,85]],[[26613,10337],[288,744],[1063,23],[313,-125],[362,131],[699,87],[182,310],[1048,182]],[[30568,11689],[178,-432],[31,-446],[-287,-139],[-84,249],[-373,-51],[-193,-403],[-297,-247],[62,-230],[-369,-362],[-387,-186],[-119,-294],[573,125],[-149,-407],[-700,-347]],[[30568,11689],[79,29]],[[30647,11718],[283,131],[769,59],[-229,-445],[-364,-457],[69,-255],[-185,-874],[256,174],[378,-46],[232,-545],[371,-174],[289,-809],[219,-236],[-213,-396]],[[25934,11926],[402,-12],[911,-239],[1065,286],[1650,105]],[[29962,12066],[-225,-345],[465,-16],[250,122],[195,-109]],[[23948,10440],[-53,445],[107,247],[-558,267],[273,679],[340,155],[101,-322],[250,11],[71,469],[643,33],[98,252]],[[25220,12676],[378,-423],[252,62],[84,-389]],[[23869,12744],[470,-93],[709,235],[172,-210]],[[22259,9665],[-77,188],[5,667],[-136,467],[240,229],[-43,310],[-188,15],[-205,701],[121,833]],[[21976,13075],[405,97],[512,-297],[372,8],[604,-139]],[[24625,14029],[-62,-481],[515,-53],[396,-214],[-254,-605]],[[23869,12744],[-31,636],[-454,307],[90,988],[1151,-646]],[[30563,14367],[-558,-713],[-171,-692],[-163,-238],[-432,-228],[723,-430]],[[25934,11926],[318,652],[318,-47],[619,964],[1001,115],[340,516],[-2,337],[573,255],[494,-94],[209,-217],[346,98],[413,-138]],[[27008,15395],[775,2],[1133,144],[233,-723],[314,50],[807,342]],[[30270,15210],[531,-378]],[[30801,14832],[-238,-465]],[[24625,14029],[1000,-129],[149,372],[208,-158],[424,-25],[9,822]],[[26415,14911],[16,645],[577,-161]],[[23507,16501],[-3,-399],[258,-405],[649,346],[421,-162],[107,102],[354,-148],[12,-415],[-267,-192],[488,-32],[889,-285]],[[21976,13075],[-135,68],[-131,576],[271,625],[297,439],[-78,1159],[25,382],[-228,215],[143,216]],[[22140,16755],[167,-120],[1147,-28],[53,-106]],[[23507,16501],[304,410],[990,298],[402,-142],[54,356],[304,154],[-43,654],[681,239],[357,-288],[196,36],[283,-906],[257,-480],[-126,-231],[143,-317],[-301,-889]],[[47954,18847],[-265,-714],[-294,-519],[-45,219],[-685,-698],[-733,-475],[-1265,-149],[-44,-284],[-585,-1105],[-582,-326],[96,-896],[-392,-11],[147,-424],[-292,-476],[-685,0],[-398,382],[125,526],[556,558],[30,965],[-104,831],[-1372,782],[-427,-83],[-603,685]],[[40137,17635],[427,79],[201,205]],[[40765,17919],[325,56],[350,293],[810,289],[1137,-583],[73,-463],[-76,-442],[-230,-260],[181,-188],[266,67],[299,533]],[[43900,17221],[249,879],[-63,244],[513,464],[24,517],[477,89]],[[45100,19414],[371,119],[185,-170],[611,208],[493,-48],[-54,-563],[-479,-561],[-335,-701],[276,-205],[57,213],[290,43],[-39,193],[639,525],[543,144],[296,236]],[[36657,19650],[22,-60]],[[36679,19590],[-376,-533],[35,-366],[-316,-761],[-577,-593],[-101,-395],[-327,-227],[-47,-254],[-248,-113],[-297,-733],[-278,-194],[-22,-425],[-370,-93],[-168,275],[154,276],[-692,11],[-87,-220],[-464,-262],[-239,0]],[[32259,14983],[273,609],[-103,88],[59,746],[453,277],[-331,213],[-358,437],[-40,448]],[[32212,17801],[1058,-307],[349,676]],[[33619,18170],[201,235],[109,465]],[[33929,18870],[636,100],[223,317]],[[34788,19287],[598,-97],[109,-214],[673,322],[489,352]],[[34354,19717],[119,-247],[314,-178]],[[34787,19292],[1,-5]],[[33929,18870],[116,681],[309,166]],[[32212,17801],[-479,-52],[-559,202],[267,1110],[194,-64],[317,456]],[[31952,19453],[476,142]],[[32428,19595],[150,163],[562,-291],[32,-337],[447,-960]],[[30302,20031],[-63,-831],[-106,9],[-228,-485],[-546,-434]],[[29359,18290],[-117,224],[3,920],[-201,484],[-253,87]],[[28791,20005],[146,85],[462,-120]],[[29399,19970],[428,20],[338,194],[137,-153]],[[32259,14983],[-928,99],[-530,-250]],[[30270,15210],[-130,28],[-314,953],[-143,972],[-320,221],[-4,906]],[[30302,20031],[136,345]],[[30438,20376],[341,96],[284,-707],[282,96],[607,-408]],[[28791,20005],[-483,438],[107,492]],[[28415,20935],[174,-19]],[[28589,20916],[697,-107],[-122,-495],[235,-344]],[[43120,20779],[25,-177],[504,-1070],[138,-512],[-34,-943],[147,-856]],[[40765,17919],[327,590],[69,1125],[955,424],[-6,207],[496,707]],[[42606,20972],[231,-285],[283,92]],[[35100,21227],[110,-754],[-156,-946],[-267,-235]],[[34354,19717],[129,393],[-107,357],[481,470],[9,309]],[[34866,21246],[234,-19]],[[36836,21031],[39,-184],[-293,-948],[75,-249]],[[35100,21227],[561,135],[405,6],[473,-340],[297,3]],[[42606,20972],[-18,274],[309,263]],[[42897,21509],[223,-730]],[[30054,21430],[288,-531],[96,-523]],[[28589,20916],[407,370],[63,233]],[[29059,21519],[480,148],[515,-237]],[[22140,16755],[-109,315],[727,562],[-100,795],[679,1336],[-36,1014],[233,396],[384,982]],[[23918,22155],[248,-169],[566,-718],[125,302],[35,-633],[-212,-46],[5,-516],[199,-247],[600,100],[465,255],[735,97],[379,-60],[54,125],[348,-155],[243,138],[278,569],[429,-262]],[[45325,22376],[228,-167],[637,69],[1357,-599],[364,-115]],[[47911,21564],[229,-493],[-198,-842],[190,-344],[-271,-179],[93,-859]],[[45100,19414],[-122,879],[-463,240],[-22,535],[-154,197],[149,218],[-68,373],[502,626],[403,-106]],[[33859,23514],[853,-172]],[[34712,23342],[-52,-449],[66,-1595],[140,-52]],[[32428,19595],[47,334],[-279,301],[192,169],[122,965],[-278,493],[-411,106],[366,681],[363,890]],[[32550,23534],[127,-892],[873,11],[309,861]],[[23918,22155],[349,687],[-365,140],[3,472]],[[23905,23454],[610,90],[839,-24],[687,56],[34,-441],[189,-364],[301,-77],[-477,-107],[-530,20],[-12,-119],[434,-127],[661,-473],[347,224],[513,-44],[425,-165],[374,-303],[263,119],[496,-200]],[[36781,23623],[211,-749],[598,-458],[-310,-331],[-163,-856],[-281,-198]],[[34712,23342],[885,113],[171,161],[1013,7]],[[41403,24311],[900,-423]],[[42303,23888],[236,-279],[-30,-547],[235,-217],[327,-914],[-174,-422]],[[40137,17635],[-362,29]],[[39775,17664],[222,737],[-279,467],[68,695],[-39,601],[-156,929],[-81,903],[-192,1087],[-127,278]],[[39191,23361],[77,343],[1662,321],[473,286]],[[32550,23534],[198,784]],[[32748,24318],[526,-303],[585,-501]],[[30689,23898],[-37,-573],[183,-295],[0,-513]],[[30835,22517],[-1168,120],[-295,-290],[-473,233],[-366,-171],[-1274,233],[-342,371],[-329,111],[70,237],[624,151],[-86,128],[-718,-23],[-118,101],[581,147],[797,608]],[[27738,24473],[986,-328],[931,41],[510,-288],[524,0]],[[39775,17664],[-897,149],[-757,-109],[-1003,211],[-121,304],[-273,116],[45,436],[144,141],[-99,261],[126,575],[-149,121],[-112,-279]],[[36781,23623],[273,100]],[[37054,23723],[759,307],[-37,131],[673,339]],[[38449,24500],[671,-1114],[71,-25]],[[42660,24697],[727,-107]],[[43387,24590],[-48,-345],[345,-159],[243,-618],[862,-64],[623,-588],[-87,-440]],[[42303,23888],[47,431],[310,378]],[[30835,22517],[-382,-230],[105,-643],[-504,-214]],[[23905,23454],[25,288]],[[23930,23742],[441,26],[74,458],[205,-115],[192,295],[471,-39],[76,-178],[366,14],[186,433]],[[25941,24636],[309,311],[682,-133],[806,-341]],[[10559,25030],[-110,-161],[-25,-553],[276,-298]],[[10700,24018],[-255,-799],[-360,-366],[-351,-698],[-709,-334],[-134,230],[-106,651],[46,1269],[334,371],[455,662]],[[9620,25004],[639,205],[300,-179]],[[30689,23898],[585,30],[-18,329],[274,784],[324,275]],[[31854,25316],[6,0]],[[31860,25316],[183,-1118],[705,120]],[[44270,26331],[394,-232],[808,21]],[[45472,26120],[693,-977],[355,33],[195,-319],[418,-410],[284,-520],[1103,-651]],[[48520,23276],[-556,-1135],[-53,-577]],[[43387,24590],[535,1258],[348,483]],[[37110,25389],[-697,-94],[334,-540],[-191,-221],[41,-578],[457,-233]],[[31860,25316],[490,12],[441,476],[563,89],[268,306],[545,-26],[838,67],[564,169],[1299,-107],[242,-913]],[[63595,24319],[-1421,341],[-568,341],[821,931]],[[62427,25932],[670,347],[261,212],[698,86]],[[64056,26577],[291,-39],[386,-706],[-167,-953],[-175,-473],[-796,-87]],[[44478,27195],[-208,-864]],[[42660,24697],[93,229],[9,1197],[376,625]],[[43138,26748],[235,-39],[564,506],[541,-20]],[[50995,27224],[394,-261],[350,-525],[470,-350]],[[52209,26088],[-256,-274],[115,-388],[307,-558],[-28,-337],[241,-762],[-189,-487],[-716,45],[-247,-125],[-354,148],[-1619,226]],[[49463,23576],[536,1093],[-332,168],[-704,-409],[303,362],[-261,362],[-12,351],[274,387],[115,527],[258,399],[195,521]],[[49835,27337],[315,-309],[634,-76],[211,272]],[[37110,25389],[305,424],[283,192],[-104,450],[164,708],[159,131],[742,151]],[[38659,27445],[-224,-1441],[47,-617],[-33,-887]],[[63595,24319],[-312,-901],[-535,99],[-162,462],[-341,-9],[-62,198],[-342,31],[-52,-401],[-391,-560],[-416,-125],[-410,110],[-327,-116],[-549,500],[-34,316],[-395,415],[-619,12],[-685,-186],[-577,490],[137,1014],[195,247]],[[57718,25915],[250,192],[1031,162],[265,169],[343,618],[-43,408]],[[59564,27464],[720,-1107],[204,-150],[648,-201],[717,-38],[340,91],[234,-127]],[[42775,27468],[293,-428],[70,-292]],[[41403,24311],[-237,486],[42,1013],[374,716],[116,702],[188,310]],[[41886,27538],[889,-70]],[[44478,27195],[306,173],[183,275]],[[44967,27643],[77,-419],[458,-772],[-30,-332]],[[31735,27270],[315,158],[72,250],[440,-10]],[[32562,27668],[-262,-427],[-314,-244],[-274,-1128],[196,-355],[-54,-198]],[[30689,23898],[-99,553],[-275,-7],[61,453],[-441,-267],[-248,68],[72,1078],[-513,-535],[-383,46],[150,814],[112,229]],[[29125,26330],[390,367],[342,-147],[94,156],[668,18],[129,1005],[717,20],[-72,-664],[261,-13],[81,198]],[[32638,27850],[-76,-182]],[[31735,27270],[81,659],[822,-79]],[[18333,28187],[-235,-544],[384,-1244],[239,-111]],[[18721,26288],[-1184,-2149]],[[17537,24139],[-2984,-337],[-764,-358]],[[13789,23444],[140,546],[-89,463],[12,976],[170,1194],[-89,533],[-167,187]],[[13766,27343],[443,186],[363,-95],[81,272],[814,-78]],[[15467,27628],[880,-571],[298,18],[29,213],[511,655],[387,228],[761,16]],[[13789,23444],[-747,590],[-400,506],[-112,-101],[-318,251],[-233,-126],[50,-515],[-179,-432],[-312,48],[-436,257],[-167,256],[-235,-160]],[[10559,25030],[56,233],[473,40],[223,710],[121,123],[219,780],[-300,1215]],[[11351,28131],[739,192],[668,36],[599,-313],[153,-465],[256,-238]],[[9620,25004],[167,492],[-38,1106],[77,622],[-611,0],[-461,179],[-582,20]],[[8172,27423],[85,215],[1865,180],[0,258],[212,329],[311,-14],[353,170]],[[10998,28561],[353,-430]],[[27888,28373],[246,-580],[-238,-45],[-144,-292],[298,-464],[179,-753],[59,297],[451,-50],[386,-156]],[[25941,24636],[-330,229],[-39,242],[-280,-70],[-465,138],[-205,396],[418,583],[506,856],[-38,422],[-199,142],[-121,343]],[[25188,27917],[251,133],[646,-75],[505,595]],[[26590,28570],[292,-219],[390,22],[451,231],[165,-231]],[[37482,27932],[1165,-175]],[[38647,27757],[12,-312]],[[32638,27850],[0,802],[143,525]],[[32781,29177],[353,-56],[268,-492],[216,-175],[-6,-340],[525,-378],[403,354],[470,-115],[82,202],[-200,305],[513,40],[-7,-195],[385,-564],[-22,-576],[734,177],[716,-23],[-85,552],[356,39]],[[54954,28422],[157,-403]],[[55111,28019],[-119,-15],[-975,-1130],[-350,-601],[19,-394],[-902,-128],[-154,221],[-421,116]],[[50995,27224],[48,333],[-156,529],[450,1290]],[[51337,29376],[148,-50],[125,-679],[402,-63],[158,-266],[611,-345],[389,92],[730,-270],[369,367],[685,260]],[[49463,23576],[-683,87]],[[48780,23663],[-112,172],[-524,286],[105,325],[-383,501],[-150,451],[-96,-56],[-315,626],[-146,582],[-16,453],[-167,722],[-27,772],[219,462],[502,559]],[[47670,29518],[558,-149],[576,-282],[131,-664],[281,-30],[200,-478],[291,-199],[128,-379]],[[64825,29700],[187,-408],[662,240],[131,-147],[-31,-404],[211,-447],[299,-334],[-161,-341],[242,-368],[-1298,-181],[-1024,-430]],[[64043,26880],[-131,321],[50,355],[341,67],[180,383],[-521,61],[-263,337]],[[63699,28404],[379,678],[-42,305]],[[64036,29387],[455,-62],[222,482],[112,-107]],[[41886,27538],[63,378],[229,475],[-407,397],[45,215],[460,383],[13,272]],[[42289,29658],[859,223]],[[43148,29881],[-99,-371],[51,-394],[-191,-595],[-134,-1053]],[[44745,28123],[-447,-39],[-72,1230],[49,631],[223,86]],[[44498,30031],[-49,-585],[151,-261],[145,-1062]],[[38656,27841],[83,707],[-1037,463]],[[37702,29011],[758,512],[401,589]],[[38861,30112],[534,-587],[177,-81],[98,-399],[-357,-924],[-198,-200],[-459,-80]],[[25959,29786],[490,140],[617,-40],[-277,-940],[-199,-376]],[[25188,27917],[113,967],[90,1265]],[[25391,30149],[568,-363]],[[23834,30346],[925,-341],[632,144]],[[23930,23742],[-412,61],[-193,212],[-655,102],[-1644,-244],[-446,-161],[-453,-19],[-147,308],[-1102,339],[-353,30],[-784,-288],[-204,57]],[[18721,26288],[357,540],[272,-94],[1003,136],[217,165],[514,53],[814,236],[-543,364],[455,931],[310,154],[-453,428],[-19,626]],[[21648,29827],[340,-16],[37,-186],[536,-379],[4,148],[614,494],[-235,76],[-25,325],[262,169],[381,40],[272,-152]],[[32983,30532],[-13,-759],[-189,-596]],[[27888,28373],[215,46],[362,376],[1122,10],[48,514],[434,561],[244,-77],[522,576],[282,178]],[[31117,30557],[1092,81]],[[32209,30638],[774,-106]],[[54687,30467],[603,-149],[248,-188],[1,-487],[441,-34]],[[55980,29609],[34,-555],[-245,-107],[-340,-671],[-318,-257]],[[54954,28422],[-241,93],[-366,-89],[-479,154],[-44,177],[332,220],[-228,87],[-31,262],[-390,175],[-208,363]],[[53299,29864],[88,371],[617,407],[309,-8],[75,-192],[299,25]],[[51337,29376],[425,1074]],[[51762,30450],[428,203]],[[52190,30653],[448,-266],[471,-563],[190,40]],[[63652,29317],[384,70]],[[63699,28404],[-576,79],[-510,432],[-753,118],[-129,362],[-729,626]],[[61002,30021],[408,92],[584,-7],[162,705],[426,-650],[433,-52],[264,-283],[237,-483],[136,-26]],[[47930,30221],[-70,-408],[-190,-295]],[[48780,23663],[-260,-387]],[[44967,27643],[115,352],[-337,128]],[[44498,30031],[-78,337],[191,376]],[[44611,30744],[1064,-88],[166,71]],[[45841,30727],[444,95],[480,-297],[1165,-304]],[[43148,29881],[257,162],[205,682]],[[43610,30725],[270,-127],[181,216],[141,-140],[152,215],[257,-145]],[[40591,30637],[139,-20],[-116,-695],[324,-138],[688,54],[663,-180]],[[38647,27757],[9,84]],[[38861,30112],[317,218],[1,440],[236,130],[1176,-263]],[[8176,30851],[180,-421]],[[8356,30430],[-325,-295],[-81,-266],[-289,-73]],[[7661,29796],[-233,526],[119,-16],[170,496],[427,183],[32,-134]],[[10835,30787],[-74,-889],[237,-384],[0,-953]],[[8172,27423],[-425,-12],[-488,190],[-43,388],[102,1406]],[[7318,29395],[297,183],[46,218]],[[8356,30430],[357,-84],[648,389],[653,59],[181,260],[640,-267]],[[35458,31240],[111,-432],[341,-500],[524,-130],[178,-280],[-428,0],[-215,-152],[109,-508],[898,-75],[159,-857],[347,-374]],[[32983,30532],[1965,425],[196,345],[314,-62]],[[60508,31291],[6,-314],[257,-399],[169,-65],[62,-492]],[[64043,26880],[13,-303]],[[59564,27464],[269,174],[-50,887],[239,265],[449,1271],[-105,489],[77,917]],[[60443,31467],[65,-176]],[[17310,31120],[159,-514],[38,-784],[564,-2],[285,-169],[153,-377],[-176,-1087]],[[15467,27628],[166,398],[757,650],[527,-82],[-138,383],[-518,128],[-655,652],[55,770],[-92,134],[113,404],[-42,483]],[[15640,31548],[1178,-478],[492,50]],[[4130,31141],[186,194],[-47,228]],[[4269,31563],[258,96],[374,-130],[157,-419],[-373,-130],[-13,-498],[-166,-47],[172,-301],[-65,-280]],[[4613,29854],[-296,61],[52,921],[-239,305]],[[2576,31692],[646,-500],[-207,-385],[-531,-9],[-257,442],[134,459],[215,-7]],[[41997,31823],[385,-171],[956,150]],[[43338,31802],[130,-372],[-16,-524],[158,-181]],[[40591,30637],[37,921]],[[40628,31558],[931,228],[438,37]],[[45894,31447],[-53,-720]],[[43338,31802],[570,25]],[[43908,31827],[337,26]],[[44245,31853],[607,-183],[215,28],[501,-251],[326,0]],[[60508,31291],[566,-35],[818,139],[461,326],[731,234]],[[63084,31955],[577,-1081],[-161,-775],[152,-782]],[[49713,31583],[271,-109],[920,-47],[171,-176],[433,-26]],[[51508,31225],[254,-775]],[[47930,30221],[-7,239],[266,588],[93,10],[-162,-788],[612,155],[-30,388],[384,-90],[46,138],[-331,354],[491,973]],[[49292,32188],[154,-385],[267,-220]],[[29431,32037],[171,-161],[478,-110],[573,-409],[363,-13],[101,-787]],[[25959,29786],[37,415],[389,1380],[414,92],[207,269]],[[27006,31942],[220,120],[477,-56],[146,177],[420,94],[1162,-240]],[[63084,31955],[257,116]],[[63341,32071],[551,148],[570,260],[683,183]],[[65145,32662],[243,-1014],[320,-75],[185,-433],[275,-347],[-104,-517],[-424,107],[-407,-442],[-23,-218],[-385,-23]],[[15637,31550],[3,-2]],[[10835,30787],[228,-15],[263,497],[235,-4],[191,853],[1,687],[513,146]],[[12266,32951],[505,-35],[607,-176],[-25,-808],[1495,-352],[789,-30]],[[23596,32916],[149,-178]],[[23745,32738],[30,-228],[-200,-335],[-23,-346],[-218,-373],[209,-350],[-139,-267],[604,-144],[-174,-349]],[[21648,29827],[-3,1532],[87,1444]],[[21732,32803],[666,199],[802,66],[396,-152]],[[45894,31447],[86,758],[-22,445]],[[45958,32650],[1058,-28],[105,272],[492,246]],[[47613,33140],[731,-352],[503,15],[450,-127],[-5,-488]],[[3337,32691],[43,-295],[347,-90],[53,-250],[290,-123],[199,-370]],[[4130,31141],[-508,-371],[-21,-1079]],[[3601,29691],[-493,-185],[-214,-238],[-340,-119],[-235,-702],[-845,23],[-15,688],[203,674],[-599,487],[-257,301],[-52,423],[-754,259],[62,281],[219,127],[229,555],[-284,261],[-38,596],[257,57],[532,-156],[410,-378],[462,22],[4,-109],[1193,151],[291,-18]],[[36194,33177],[243,-2168],[1265,-1998]],[[35458,31240],[-249,953],[162,918],[621,78]],[[35992,33189],[202,-12]],[[37961,31922],[123,-76],[261,-991],[516,-743]],[[36194,33177],[390,96],[159,-124],[2,-421],[660,-52],[556,-754]],[[23745,32738],[316,58],[278,-339],[617,-414],[792,133],[275,335],[195,23],[511,752],[272,-18],[5,-1326]],[[59420,33333],[151,-1056],[740,-107],[132,-703]],[[57718,25915],[367,847],[379,100],[-78,912],[-205,0],[97,499],[-215,843],[-3,430],[135,325],[-271,72],[-1145,-185],[-3,627],[-526,633],[-185,430],[-35,-405],[129,-118],[-134,-685],[-45,-631]],[[54687,30467],[128,518],[250,218],[349,611]],[[55414,31814],[190,55],[663,815],[213,403],[371,149]],[[56851,33236],[346,-84],[734,288],[158,-109],[1331,2]],[[52190,30653],[-134,568],[95,77],[346,-267],[175,80],[-303,367],[-3,331],[454,618],[703,-23],[170,437],[-660,325],[-205,403],[342,171],[373,-182],[224,-381],[287,-262],[446,46],[176,-131],[65,-381],[195,-99],[100,-312],[198,39],[180,-263]],[[21666,33857],[-84,-753],[203,-54],[-53,-247]],[[17310,31120],[326,1144],[85,-275],[465,89],[257,264],[418,22],[1083,1057],[326,-18],[468,362]],[[20738,33765],[313,188],[615,-96]],[[61557,34306],[1247,-418]],[[62804,33888],[381,-1497],[156,-320]],[[59420,33333],[499,326]],[[59919,33659],[138,89],[14,481]],[[60071,34229],[262,77],[972,-92],[252,92]],[[40419,34280],[217,-185],[125,-974],[-350,70],[-33,-216],[238,-69],[12,-1348]],[[37961,31922],[240,914],[-521,256],[-190,368],[160,372],[290,-54],[99,567],[607,-96],[1348,-116],[403,-180],[22,327]],[[57611,34551],[486,-320],[266,-63],[-28,-254],[488,-90],[654,33],[442,-198]],[[56851,33236],[-25,872]],[[56826,34108],[361,-13],[-140,482],[564,-26]],[[19417,33984],[16,-363],[-225,-10],[-33,346],[-483,-9],[272,196],[112,563],[490,-459],[-149,-264]],[[64992,34762],[153,-2100]],[[62804,33888],[133,-22],[667,307],[-35,284],[239,181],[-34,281]],[[63774,34919],[322,-129],[896,-28]],[[54039,34904],[140,-195],[-197,-355],[127,-418],[797,-201],[554,-43],[397,303],[969,118]],[[56826,34113],[0,-5]],[[51508,31225],[-505,936],[-52,488],[109,343],[359,46],[-140,601],[198,212],[453,-215],[501,-68],[157,357],[233,13],[133,1110]],[[52954,35048],[320,91],[623,-322],[142,87]],[[44506,34922],[40,-1115],[-102,-338],[221,-249],[-338,-732],[-82,-635]],[[43908,31827],[175,1308],[-144,1185],[-530,238],[-31,477]],[[43378,35035],[692,132],[436,-245]],[[59252,35336],[230,-750],[-99,-410],[688,53]],[[57611,34551],[425,687],[579,185],[637,-87]],[[41997,31823],[-30,832],[-324,1175]],[[41643,33830],[237,-1],[444,239],[-16,527],[100,932]],[[42408,35527],[317,-72],[35,-563],[618,143]],[[50853,35567],[-52,-153],[782,-420],[1371,54]],[[49713,31583],[34,307],[201,302],[117,1012],[-227,116],[-217,344],[-488,1057]],[[49133,34721],[418,-76],[524,-239],[324,264],[299,995]],[[50698,35665],[155,-98]],[[55946,35535],[266,-155],[392,-447]],[[56604,34933],[249,-139],[-27,-681]],[[54039,34904],[230,619]],[[54269,35523],[773,59],[309,114],[595,-161]],[[46325,35752],[48,-573],[-4,-1622],[-397,-224],[-14,-683]],[[44506,34922],[669,29],[610,-243],[94,141],[61,719],[-212,172]],[[45728,35740],[231,230],[366,-218]],[[47613,33140],[-25,450],[134,1414],[-119,217],[37,790]],[[47640,36011],[575,-688],[579,-443],[339,-159]],[[47493,36010],[147,1]],[[46325,35752],[554,31],[614,227]],[[35992,33189],[-22,243],[560,-85],[277,447],[-100,547],[35,711]],[[36742,35052],[387,-345],[351,61],[534,529]],[[38014,35297],[252,13],[531,-411],[440,56],[821,714],[20,368]],[[40078,36037],[133,-550],[-30,-741],[-166,-340],[404,-126]],[[40631,35975],[23,-270],[293,-218],[152,-760],[442,-607],[102,-290]],[[40078,36037],[-56,187]],[[40022,36224],[609,-249]],[[40631,35975],[223,-11],[100,281],[371,-69],[627,131],[33,-684],[423,-96]],[[16226,36257],[820,-656],[826,-303],[614,-323],[578,-158]],[[19064,34817],[327,-267],[419,-142],[624,-485],[198,180],[106,-338]],[[15637,31550],[-27,705],[271,2],[12,360],[-225,550],[-535,1007],[-54,538],[-134,249],[-197,770],[-288,131],[-98,284],[166,175]],[[14528,36321],[865,-456],[378,-72],[455,464]],[[11935,35330],[-438,-672],[-49,-519],[644,42],[289,-194],[86,-520],[-201,-516]],[[8176,30851],[56,646],[248,75],[-267,571],[-246,159],[56,631],[207,190],[-142,213]],[[8088,33336],[732,-194],[26,122],[1563,468],[-94,979],[211,704],[412,430]],[[10938,35845],[488,317],[134,301]],[[11560,36463],[206,-284],[31,-821],[138,-28]],[[8088,33336],[-841,290],[71,885]],[[7318,34511],[197,681],[95,806],[361,516]],[[7971,36514],[139,18],[-3,-836],[366,-271],[374,204],[327,-270],[304,245],[-75,-975],[377,-204],[351,128],[214,652],[111,633],[482,7]],[[53312,36365],[587,-735],[370,-107]],[[50853,35567],[346,850],[239,334]],[[51438,36751],[766,-113],[491,-226],[617,-47]],[[57070,36649],[291,-163],[64,-323],[260,-335],[-36,-275],[-1045,-620]],[[55946,35535],[345,1341]],[[56291,36876],[171,-160],[608,-67]],[[37337,36746],[206,-555],[471,-894]],[[36742,35052],[-281,298],[61,314],[-175,505],[-382,198]],[[35965,36367],[246,520]],[[36211,36887],[631,-91],[199,-211],[296,161]],[[39992,36732],[30,-508]],[[37337,36746],[446,-56],[164,112]],[[37947,36802],[1107,91],[938,-161]],[[47493,36010],[-52,311],[73,702]],[[47514,37023],[1151,-243],[467,-357],[1289,-574],[277,-184]],[[32209,30638],[127,772],[-43,304],[-313,461],[368,0],[203,137],[-17,578],[260,826],[-625,569],[-358,155],[180,557],[-386,50],[71,308],[-183,405],[144,430],[622,-33],[14,269]],[[32273,36426],[634,-139],[152,-245],[554,-140],[308,669],[348,-346],[351,859],[300,-29],[300,-875],[-110,-326],[706,42],[149,471]],[[14624,36870],[-96,-549]],[[11935,35330],[204,273],[241,-101],[478,255],[204,271],[438,-74],[146,607]],[[13646,36561],[390,20],[281,594],[307,-305]],[[7971,36514],[-10,204],[243,327]],[[8204,37045],[310,-183],[608,116],[128,124],[679,161]],[[9929,37263],[309,-208],[168,234]],[[10406,37289],[537,-160],[617,-666]],[[47514,37023],[10,272]],[[47524,37295],[10,244],[1114,21]],[[48648,37560],[1873,-594],[917,-215]],[[29695,37659],[1119,-449],[971,93]],[[31785,37303],[488,-877]],[[29431,32037],[-8,267],[-303,577],[132,514],[691,469],[284,92],[-95,188],[-443,110],[292,768],[-220,589],[227,304],[211,580],[-335,268],[-257,449],[88,447]],[[56485,37497],[-104,-13],[-90,-608]],[[53312,36365],[21,348],[337,961]],[[53670,37674],[841,-278],[355,190],[744,-80],[800,55],[75,-64]],[[21666,33857],[595,954],[245,102],[219,870],[-470,-8],[210,361],[-257,188],[563,249],[153,-123],[-11,446],[-646,-2],[-191,475],[-189,181],[209,99],[515,-190],[98,311]],[[22709,37770],[358,-107],[262,-352],[146,10],[-12,-364],[438,-73],[193,-291],[137,-472],[-348,198],[-295,-122],[-59,-380],[-173,218],[-99,562],[-229,-152],[66,-643],[-27,-637],[409,-1389],[-24,-222],[350,-448],[-206,-190]],[[10550,37737],[-144,-448]],[[9929,37263],[66,611]],[[9995,37874],[555,-137]],[[57070,36649],[870,490],[155,729],[667,-352],[304,334]],[[59066,37850],[756,83]],[[59822,37933],[-69,-270],[35,-616],[-64,-1151],[-87,-369],[-385,-191]],[[59822,37933],[154,64],[1175,10]],[[61151,38007],[121,-252],[-480,-160],[-107,-232],[36,-400],[348,55],[157,-253],[-132,-127],[-72,-558],[435,-103],[100,-1671]],[[10550,37737],[1778,625]],[[12328,38362],[288,-404],[347,-222],[-40,-180],[723,-995]],[[35002,38428],[120,-53],[306,-847],[447,-112],[112,-375],[224,-154]],[[31785,37303],[259,744],[321,-16],[56,179],[425,228]],[[32846,38438],[581,-62],[1088,99],[314,81]],[[34829,38556],[173,-128]],[[14816,38409],[671,-103],[-184,-448],[-428,-750],[-251,-238]],[[14624,36870],[-87,792],[-311,363],[67,493]],[[14293,38518],[207,76],[201,-353],[115,168]],[[46576,38250],[149,-53],[-29,-440],[347,-91],[481,-371]],[[45728,35740],[-249,4],[243,610],[-278,293],[219,714],[-132,724],[-12,621]],[[45519,38706],[1045,-529],[12,73]],[[19825,38021],[-52,-709],[-261,-730],[-211,11],[-158,-763],[15,-520],[-94,-493]],[[16226,36257],[629,1180],[285,786],[392,514]],[[17532,38737],[369,-253],[248,22],[457,-438],[28,-158],[586,-127],[-16,129],[621,109]],[[39940,38598],[-103,-142],[155,-1724]],[[37947,36802],[277,510],[259,63],[84,664],[-474,551],[86,444],[1761,-436]],[[14246,39023],[47,-505]],[[12328,38362],[75,338]],[[12403,38700],[600,-102],[435,143],[523,-474],[88,385],[-633,280]],[[13416,38932],[15,104],[815,-13]],[[12403,38700],[-10,391]],[[12393,39091],[152,-191],[461,114],[410,-82]],[[56697,39075],[446,-72],[-562,-201],[82,-565],[-67,-259],[78,-462],[-189,-19]],[[53670,37674],[-274,346],[254,663],[249,308]],[[53899,38991],[604,175],[1236,22],[958,-113]],[[29294,38748],[8,-410],[268,-268],[125,-406]],[[29695,37664],[-1657,-415],[-308,736],[-277,365],[-79,372],[-219,86],[119,333]],[[27274,39141],[488,329],[341,107],[395,-143],[-41,-590],[276,84],[-24,416],[413,47],[172,-643]],[[21938,39262],[257,-401],[190,-827],[324,-264]],[[19825,38021],[356,119],[437,614],[631,681],[55,152],[634,-325]],[[41967,39529],[1090,5],[402,-99],[331,81],[332,-128]],[[44122,39388],[333,-84]],[[44455,39304],[51,-441],[548,78],[465,-235]],[[39940,38598],[734,1163]],[[40674,39761],[396,27],[897,-259]],[[48717,39613],[147,-477],[391,261],[1141,-99],[463,67]],[[50859,39365],[315,255],[287,-255],[261,-31],[100,509]],[[51822,39843],[803,-189],[620,-41]],[[53245,39613],[370,-472],[284,-150]],[[48648,37560],[-233,178],[-619,790],[-307,575],[-137,582],[316,178],[457,-189],[592,-61]],[[63774,34919],[178,279],[-42,432],[83,424],[-98,143],[-823,-408],[-83,437],[289,207],[119,341],[378,159],[331,-511],[755,69],[239,246],[-57,547],[94,249],[-404,419],[614,57],[330,265],[268,448],[19,420]],[[65964,39142],[417,-126],[961,409],[689,238],[85,254]],[[68116,39917],[118,-432],[934,-122],[35,-626],[-145,-61],[287,-1166],[-146,-310],[-411,-301],[-451,89],[-624,-208],[-237,-207],[-214,-536],[-780,-659],[-379,61],[-812,-362],[-299,-315]],[[15771,40041],[261,-267],[846,-338],[621,240]],[[17499,39676],[33,-939]],[[14816,38409],[45,361],[513,360],[109,-287],[322,1],[-268,233],[52,925],[182,39]],[[12165,40006],[166,-276],[-179,-515],[241,-124]],[[9995,37874],[308,1052],[-236,464],[252,131],[100,736]],[[10419,40257],[350,15],[1396,-266]],[[44455,39304],[278,254],[557,82],[365,241],[377,55],[233,350],[677,35],[-35,-907],[-331,-1164]],[[58311,40449],[264,-27],[168,-325],[768,94],[969,-2],[250,-358],[78,-421],[691,-1555]],[[61499,37855],[-348,152]],[[59066,37850],[76,312],[-388,1564],[-234,-89],[-343,261],[16,552]],[[58193,40450],[118,-1]],[[51866,40344],[-44,-501]],[[50859,39365],[223,332],[-116,353],[622,462]],[[51588,40512],[278,-168]],[[7318,34511],[-349,16],[-603,288],[-574,121],[-267,-41],[-490,-461],[-248,152],[-319,-498],[-317,-89],[-135,-824],[-132,9],[-284,782]],[[3600,33966],[259,696]],[[3859,34662],[297,378],[-316,222],[-167,298],[508,281],[-39,329],[299,-186],[18,274],[308,64],[385,574],[396,767],[-331,99],[50,241],[334,80],[9,-290],[297,35],[-22,508],[268,407],[-239,229],[181,626],[-249,-4],[-2,277],[425,91],[97,526]],[[6366,40488],[655,-72],[775,123]],[[7796,40539],[-134,-1015],[107,-823],[-169,-709],[393,-423],[225,-39],[-14,-485]],[[56697,39075],[208,1560],[1001,43],[287,-228]],[[3859,34662],[-335,561],[-286,190],[-536,1001],[-353,79],[-560,409],[366,758],[230,617],[483,283],[510,140],[234,408],[362,1112],[303,430],[817,-383],[736,-37],[214,351],[322,-93]],[[7796,40539],[462,-6],[68,288],[557,-123],[514,-210],[309,88],[232,-298],[481,-21]],[[30432,40368],[-238,-204],[140,-320],[251,-141],[-119,-283],[233,-337],[-394,88],[-53,174],[-470,-263],[-289,4],[-199,-338]],[[27274,39141],[-169,250],[133,498]],[[27238,39889],[866,-73],[181,441]],[[28285,40257],[150,-504],[582,-5],[360,696],[764,513],[362,54],[50,-267],[-121,-376]],[[13909,41077],[252,-109]],[[14161,40968],[-88,-195],[165,-839],[8,-911]],[[12165,40006],[23,155],[815,438],[181,499],[456,61],[269,-82]],[[14161,40968],[77,188],[270,-51],[785,137],[620,-242],[524,-458],[-224,-268],[-442,-233]],[[53245,39613],[169,587],[459,499],[533,426],[241,71],[121,295],[2179,594]],[[56947,42085],[297,-171],[62,-411],[465,-169],[540,-885]],[[43400,42169],[562,-225],[535,-774]],[[44497,41170],[-351,-829],[-24,-953]],[[41967,39529],[-69,547],[362,640],[-74,1034],[47,136]],[[42233,41886],[459,295],[708,-12]],[[37527,41288],[47,-544],[772,27],[1337,336]],[[39683,41107],[457,-516],[19,-214],[352,-83],[163,-533]],[[35002,38428],[313,252],[177,367],[65,902],[455,89],[41,610],[-106,408],[147,154],[168,557],[13,399]],[[36275,42166],[401,51],[254,-333],[-34,-257],[631,-339]],[[53594,41911],[-340,-1021],[-154,-275],[-572,-375],[-254,-38],[-408,142]],[[51588,40512],[-173,324],[-16,685],[161,268]],[[51560,41789],[321,-8]],[[51881,41781],[747,296],[156,-86],[233,278]],[[53017,42269],[577,-358]],[[21326,42148],[-194,-882],[191,-56],[259,-598],[467,-155]],[[22049,40457],[-8,-753],[-103,-442]],[[17499,39676],[202,9],[112,289],[451,398],[51,670],[338,405]],[[18653,41447],[187,-91],[401,327],[86,686]],[[19327,42369],[524,-10],[636,-204],[278,122],[561,-129]],[[28468,42357],[418,-421],[-22,-920],[-197,23],[-125,-687],[-257,-95]],[[27238,39889],[-619,57]],[[26619,39946],[259,489],[-744,1209]],[[26134,41644],[308,-73],[653,27],[406,202],[-57,598],[447,61],[145,-228],[432,126]],[[34139,42455],[52,-756]],[[34191,41699],[-343,-349],[-458,22],[-104,449],[106,662]],[[33392,42483],[747,-28]],[[50369,42420],[286,-16]],[[50655,42404],[354,-193],[514,22],[37,-444]],[[48717,39613],[-42,384],[348,2514]],[[49023,42511],[141,-187],[1205,96]],[[47795,41658],[-306,-251],[-1072,-113],[-9,69]],[[46408,41363],[98,329],[-70,861]],[[46436,42553],[366,-103],[198,175],[661,-283],[134,-684]],[[34829,38556],[-212,1294],[-287,376],[207,455],[-326,443],[-19,570]],[[34192,41694],[206,81],[268,516],[336,56],[433,-147],[709,475],[131,-509]],[[44497,41170],[214,-83],[925,190]],[[45636,41277],[772,86]],[[47795,41658],[167,-13],[114,378],[390,293],[240,334]],[[48706,42650],[246,55],[71,-194]],[[34191,41699],[1,-5]],[[32846,38438],[30,392],[-166,215],[-3,542]],[[32707,39587],[65,325],[586,-253],[112,106],[-72,407],[-1090,1218],[-398,1054]],[[31910,42444],[712,270],[226,-196],[544,-35]],[[24576,41294],[-721,-313],[-280,73],[-240,-222],[-793,-144],[-493,-231]],[[21326,42148],[-146,594]],[[21180,42742],[814,-7],[1867,-98],[324,-432]],[[24185,42205],[429,-358],[-38,-553]],[[39683,41107],[145,245],[20,390],[-217,585]],[[39631,42327],[700,164],[205,162],[1038,346]],[[41574,42999],[-121,-340],[262,-488],[518,-285]],[[56807,42786],[140,-701]],[[53594,41911],[418,12],[190,259],[-66,352],[-317,485]],[[53819,43019],[743,-320],[1796,-250],[449,337]],[[31325,42078],[585,366]],[[32707,39587],[-154,312],[-710,534],[-331,835],[-223,-105],[0,-393],[-191,-15],[154,-395],[-417,-108],[-403,116]],[[28468,42357],[209,483],[549,210],[143,-412],[219,-195],[-96,-291],[345,-522],[997,-48],[491,496]],[[37527,41288],[525,1107],[318,364],[638,368]],[[39008,43127],[282,-581],[-57,-350],[398,131]],[[52637,43317],[57,-171],[561,-453],[-238,-424]],[[51881,41781],[12,1167],[744,369]],[[52637,43317],[393,56],[528,334]],[[53558,43707],[261,-688]],[[35779,43791],[-11,-500],[-218,-343],[-682,-461],[-729,-32]],[[33392,42483],[526,525],[63,183],[423,-17],[446,-482],[35,353],[320,607],[574,139]],[[13909,41077],[109,581],[-583,695],[7,1206],[85,267],[195,4]],[[13722,43830],[1108,-606],[255,-247],[754,-273],[-31,-159],[474,-67],[106,247],[726,-21],[374,-319],[623,-9],[373,-250],[184,-379],[-15,-300]],[[61323,42713],[727,-193],[329,-750],[623,-102]],[[63002,41668],[-115,-64],[-299,-1160],[-29,-547],[140,-119],[-282,-344],[-272,-68],[-41,-213],[241,-649],[-117,-141],[-40,-545],[-689,37]],[[56807,42786],[28,455]],[[56835,43241],[384,-108],[485,95],[181,-228],[218,173],[419,-85],[285,-573],[382,111],[466,820],[581,407],[230,20],[273,-213],[131,-422],[21,-503],[432,-22]],[[39103,43977],[-95,-850]],[[35779,43791],[-1,36]],[[35778,43827],[571,-206],[512,297],[47,-200],[434,-159],[256,134],[347,-246],[170,347],[244,120],[744,63]],[[67563,44037],[513,-91],[164,-438],[349,-232],[668,89],[333,-374],[-121,-287],[139,-447],[-423,-190],[-642,-81],[-436,64],[-108,-611],[-68,-959],[185,-563]],[[65964,39142],[-87,867],[-578,297],[-119,264],[-270,-5],[-234,261],[390,518],[-244,621],[513,272],[164,427],[-109,800],[-398,231],[174,78],[45,333],[377,26],[531,-207],[22,-165],[529,217],[893,60]],[[50369,42420],[-188,431],[-298,200],[-183,645],[633,449]],[[50333,44145],[135,33]],[[50468,44178],[281,-95],[-63,-352],[188,-635],[-188,-304],[-31,-388]],[[48563,44120],[132,-158],[11,-1312]],[[46436,42553],[51,294],[268,261],[-8,508],[177,420],[451,421]],[[47375,44457],[227,-257],[542,-170],[419,90]],[[49452,44703],[153,-23],[340,-395],[388,-140]],[[48563,44120],[443,586],[446,-3]],[[53525,43777],[-51,176],[280,127],[165,417],[-31,347]],[[53888,44844],[490,165],[672,17]],[[55050,45026],[-296,-856],[-418,-146],[-189,-387],[-204,212],[-418,-72]],[[56935,44721],[-121,-440],[64,-338],[-43,-702]],[[53558,43707],[-33,70]],[[55050,45026],[356,-68],[469,334],[1060,-571]],[[18950,45389],[134,-175],[206,181],[244,-192],[771,12],[300,-305],[1023,-514],[195,-21]],[[21823,44375],[-129,-475],[-429,-120],[-69,-160],[-16,-878]],[[19327,42369],[-271,145],[-49,284],[-328,252],[32,826],[-60,97],[181,676],[-25,479],[-264,308]],[[18543,45436],[407,-47]],[[35577,45717],[200,-468],[1,-1422]],[[31325,42078],[-494,714],[-354,722],[-541,762]],[[29936,44276],[601,166],[384,213],[838,118],[803,178],[583,39],[196,486]],[[33341,45476],[406,262],[726,-22],[223,-95],[518,180],[363,-84]],[[45764,44166],[-153,-31],[-608,289],[155,334],[75,808],[512,276]],[[45745,45842],[65,-1033],[-46,-643]],[[64120,45585],[16,-486],[-520,-84],[-137,-296],[296,-319],[-174,-379],[90,-402],[-956,47],[-109,-93],[135,-1015],[427,-513],[-186,-377]],[[61323,42713],[37,842],[142,796],[-143,54],[85,480],[162,281]],[[61606,45166],[778,30],[409,357],[30,335],[569,86],[82,-460],[646,71]],[[29865,45963],[-13,-827],[84,-860]],[[26134,41644],[-851,191],[-421,167],[-95,202],[-582,1]],[[24185,42205],[80,1064],[142,121],[180,538],[46,722],[179,977]],[[24812,45627],[513,377],[497,-128],[1154,178],[873,203]],[[27849,46257],[316,-312],[535,-104],[598,143],[567,-21]],[[38936,45578],[-100,-487],[281,-405],[-14,-709]],[[35577,45717],[260,153],[53,403]],[[35890,46273],[757,136],[379,203],[203,-655],[431,-399],[322,53],[202,344],[472,-395],[280,18]],[[32924,46992],[-56,-249],[117,-669],[356,-598]],[[29865,45963],[572,638],[196,127],[949,319],[1342,-55]],[[32924,46992],[545,62],[1160,-62],[297,127]],[[34926,47119],[-80,-223],[617,-351],[-6,-151],[433,-121]],[[75628,46063],[-1876,18]],[[73752,46081],[5,402],[281,6],[861,604]],[[74899,47093],[233,73],[334,-281],[-2,-431],[164,-391]],[[59946,45938],[888,-413],[126,-340],[646,-19]],[[56935,44721],[117,413],[-276,963],[-185,1067]],[[56591,47164],[581,136],[949,-12],[302,-245],[1130,-549],[393,-556]],[[16839,46674],[78,-405],[448,-229],[67,-360],[414,36],[248,-389],[449,109]],[[13722,43830],[-224,286],[62,616],[-557,544],[-565,367],[98,457],[1107,290],[96,358],[211,-144],[212,103],[-146,403],[57,277],[367,217]],[[14440,47604],[806,-193],[636,-655],[275,32],[682,-114]],[[41071,47599],[776,-103]],[[41847,47496],[189,-836],[-63,-240],[162,-354],[21,-630],[-391,-630],[-139,-624],[-133,-979],[81,-204]],[[38936,45578],[352,553],[413,958],[194,198],[486,-9],[318,333],[372,-12]],[[41847,47496],[1269,236]],[[43116,47732],[164,-487],[-115,-121],[222,-876],[-91,-308],[156,-370],[-95,-139],[442,-1383],[-224,-613],[-175,-1266]],[[53888,44844],[-122,229],[-12,452],[301,364],[557,1054],[264,160],[485,82],[683,325],[95,341]],[[56139,47851],[132,-15],[320,-672]],[[48463,47869],[33,-525],[346,-631],[-18,-839],[318,-272],[310,-899]],[[47375,44457],[214,258],[181,656],[52,733],[195,723],[-65,260],[126,673]],[[48078,47760],[385,109]],[[45054,47883],[617,-1540],[74,-501]],[[45764,44166],[185,-255],[-359,-2032],[46,-602]],[[43116,47732],[910,214],[1028,-63]],[[37233,48555],[18,-218],[-598,-756],[13,-466],[-208,-290],[-523,-28],[-45,-524]],[[34926,47119],[295,128],[535,-235],[477,1108],[267,416],[733,19]],[[50003,48675],[224,-506],[57,-520],[217,-704],[405,-636],[-92,-501],[162,-411],[151,24]],[[51127,45421],[171,-548],[-133,-49],[-2,-495],[-695,-151]],[[48463,47869],[198,360],[569,180],[28,227],[745,39]],[[92207,48170],[1389,533]],[[93596,48703],[39,-250],[-178,-198],[26,-485],[-250,55],[-264,-590],[-163,-93],[-265,-643]],[[92541,46499],[-222,727],[-112,944]],[[41161,48566],[-304,-561],[214,-406]],[[37233,48555],[151,-35],[11,-474],[163,-414],[468,365],[158,-35],[129,-390],[228,87],[-178,440],[985,302],[587,245],[232,404],[646,-94],[348,-390]],[[68078,46548],[303,-545],[-440,-371],[-492,-128],[20,-517],[172,-261],[74,-442],[-152,-247]],[[64120,45585],[-26,308],[409,770],[198,244],[193,1101],[-174,128],[-198,622],[564,213],[152,152]],[[65238,49123],[332,-121],[252,153],[344,-481],[-297,-577],[97,-290],[-509,-1554],[433,84],[145,210],[1290,37],[501,81],[252,-117]],[[56548,49166],[-194,-285],[-297,-760],[82,-270]],[[51127,45421],[204,268],[165,677],[-416,495],[-165,402],[244,315],[461,292],[280,449]],[[51900,48319],[252,90],[34,265],[1660,107],[433,189],[632,129],[224,126],[585,-111],[828,52]],[[16839,46674],[61,521],[472,91],[-114,653],[87,479],[476,171],[177,560]],[[17998,49149],[130,-87],[1019,12],[240,165]],[[19387,49239],[72,-312],[51,-1118],[335,-778],[-217,-708],[-28,-591],[-274,102],[-41,-242],[-335,-203]],[[45054,47883],[746,496],[-182,697],[449,272]],[[46067,49348],[772,-92],[424,-189],[22,-257],[495,-333],[226,-333],[72,-384]],[[50003,48675],[328,16],[-4,588],[170,412],[292,140]],[[50789,49831],[164,-377],[-91,-627],[649,-259],[389,-249]],[[19634,49794],[102,-851],[860,-314],[-10,-575],[504,-288],[115,115],[446,-322],[163,-521],[16,-562],[743,-1104]],[[22573,45372],[3,-322],[-733,-268],[-20,-407]],[[19387,49239],[42,599],[205,-44]],[[61409,50070],[590,-6],[105,-727],[316,-328],[953,24],[641,154],[1406,432]],[[65420,49619],[-182,-496]],[[59946,45938],[472,404],[314,582],[365,153],[94,549],[-300,345],[-281,46],[-426,255],[-62,522],[268,648]],[[60390,49442],[218,102],[18,337],[174,186],[609,3]],[[15468,49846],[33,-205],[-275,-448],[-374,-403]],[[14852,48790],[-29,348],[281,272],[-387,467],[337,18],[152,198],[262,-247]],[[14440,47604],[-77,393],[489,793]],[[15468,49846],[437,-220],[637,155]],[[16542,49781],[97,219],[323,110],[415,-372],[35,-572],[228,-106],[289,244],[69,-155]],[[59751,49916],[384,17],[255,-491]],[[56548,49166],[749,973]],[[57297,50139],[226,-65],[812,203],[864,-106],[63,-145],[489,-110]],[[42106,50986],[113,19]],[[42219,51005],[-135,-167],[22,148]],[[42062,50979],[12,-398],[-185,-482],[-482,-219],[-226,-266],[-20,-1048]],[[37233,48555],[-39,433]],[[37194,48988],[2,165]],[[37196,49153],[902,-26],[17,482],[213,300],[-259,260],[75,210],[278,-159],[197,-705],[645,241],[311,-108],[340,167],[-272,400],[595,95],[359,646]],[[40597,50956],[171,-544],[162,203],[675,424],[350,89],[107,-149]],[[93510,44214],[185,-240],[253,24],[50,-245],[466,-386],[652,270],[8,-247],[299,-474],[761,-1488],[-277,-782],[192,-392],[-49,-962],[120,-531]],[[96170,38761],[-532,-144],[-1234,-115],[-1115,-408],[-139,5],[-476,-438],[-1486,-844],[-2794,-1458],[-641,2245],[-267,781],[-3166,138]],[[84320,38523],[-1,12393]],[[84319,50916],[1013,100],[307,179]],[[85639,51195],[-102,-293],[-505,-648],[163,-820],[876,215],[949,6],[248,195],[336,-1456],[634,-1902],[-60,-1425],[531,28],[292,-120],[357,153],[51,216],[246,-571],[172,10],[240,-364],[218,183],[495,-173],[510,-866],[218,-175],[495,-111],[435,571],[176,-404],[414,246],[482,524]],[[28148,47979],[-490,-344],[191,-1378]],[[24812,45627],[-959,113],[-301,163],[-538,70],[-111,180]],[[22903,46153],[-71,437],[187,870],[286,637],[-460,607]],[[22845,48704],[328,534],[383,441],[96,329],[138,-106],[555,92],[145,-221],[260,8],[171,-439],[345,1],[170,487],[-40,291],[693,122],[346,386]],[[26435,50629],[137,153],[275,-212],[119,206],[-246,339],[136,143],[299,-106],[774,-851],[-90,-146],[185,-487],[483,-580],[-116,-129],[-243,-980]],[[66688,51048],[310,-648],[220,-48],[91,-417],[522,-58],[370,-223],[143,-448],[-316,-171],[43,-504],[539,-13],[87,-269],[541,-133],[586,-1054],[226,158],[-233,-409],[-495,-108],[-497,187],[-577,-132],[-170,-210]],[[65420,49619],[300,1110],[107,585]],[[65827,51314],[861,-266]],[[36084,50834],[-636,-53],[13,-259],[245,-236],[23,-557],[276,77],[97,-564],[-309,-350],[679,4],[94,-96],[628,188]],[[28148,47979],[380,129],[487,736],[127,300],[110,1001]],[[29252,50145],[378,3],[87,-471],[762,39],[228,808],[159,226],[88,460]],[[30954,51210],[409,30],[196,170],[1747,-122],[1895,-363],[883,-91]],[[37196,49153],[-473,700],[418,1217],[0,153]],[[37141,51223],[943,247],[1035,-78],[430,-500],[1048,64]],[[44211,51622],[45,-255],[227,130],[77,-330],[153,141],[-25,-515],[219,-79],[31,-531],[155,179],[271,-79],[-1,684],[-224,-132],[-12,303],[432,107],[102,-488],[299,-23],[-309,-153],[-244,-675],[186,-13],[-7,-290],[-520,-283],[63,-629],[-322,318],[-465,-168],[-122,493],[-406,70],[85,874],[-169,351],[101,936],[380,57]],[[73752,46081],[-67,2],[-481,1753],[-154,826],[-614,-125],[-609,169],[-1070,212],[-1295,303],[-1196,363],[39,407],[-930,646]],[[67375,50637],[681,154],[57,335],[-162,159],[-67,538],[490,-17],[309,-209],[66,480],[311,132]],[[69060,52209],[491,-543],[550,-37],[410,-206],[196,133],[321,-271],[222,65],[94,-404],[474,-205],[398,-30],[856,-951],[417,-95],[315,-250],[-5,-251],[473,-169],[-19,-507],[485,-219],[63,-235],[-285,-470],[383,-471]],[[95342,52345],[513,-369],[148,-250]],[[96003,51726],[117,-336],[709,404],[254,-105],[677,486],[362,-229],[268,-326],[23,-277]],[[98413,51343],[-129,-426],[-183,-181],[202,-593],[-116,-662],[-652,-1129],[38,-1003],[387,-1188],[957,-1867],[165,-678],[53,-1530],[113,-237],[751,-129],[-70,-326],[-874,-836],[-802,-236],[-654,106],[-399,-109],[-386,137]],[[96814,40456],[-178,635],[-270,33],[-63,272],[164,141],[-277,95],[-494,974],[16,313],[-213,314],[524,184],[315,-128],[184,270],[-128,325],[-311,-173],[38,371],[161,194],[-162,374],[-20,614],[768,651],[-175,376],[-305,66],[-236,237],[-40,335],[-480,901],[-103,787],[77,192],[-311,246]],[[95295,49055],[315,957],[-611,1860],[74,489],[269,-16]],[[88479,52090],[3,-87]],[[88482,52003],[5,-103]],[[88487,51900],[-6,-1833],[409,42],[514,-213],[35,-841],[117,-224],[854,308]],[[90410,49139],[190,-890],[442,-317]],[[91042,47932],[-10,-391],[932,-1897],[154,-101],[423,956]],[[92541,46499],[142,-795],[234,-335],[67,-519],[156,-82],[370,-554]],[[85639,51195],[-108,542]],[[85531,51737],[485,67],[365,465],[92,299],[391,-356],[588,189],[707,51],[320,-362]],[[61323,52513],[-72,-339],[221,-274],[182,-1344],[-245,-486]],[[59751,49916],[-724,1177],[-109,298],[362,194],[174,425],[1279,670],[448,15]],[[61181,52695],[142,-182]],[[21196,52338],[91,-662],[431,-149],[-90,-454],[-270,-208],[82,-253],[-54,-607],[132,-546],[417,188],[686,-446]],[[22621,49201],[224,-497]],[[22903,46153],[-330,-781]],[[19634,49794],[-195,581],[-201,874],[533,830],[23,486],[887,148],[281,-53],[234,-322]],[[21196,52338],[174,417]],[[21370,52755],[801,-222],[417,-208],[254,-955],[61,-1274],[-282,-895]],[[93471,52522],[37,-53],[1263,-72],[280,90],[291,-142]],[[95295,49055],[-459,-167],[-297,2],[-943,-187]],[[92207,48170],[-299,-272],[-429,137],[-437,-103]],[[90410,49139],[750,492],[625,558],[-13,664],[363,9],[230,163],[171,376],[7,765],[150,-31],[358,661],[420,-274]],[[64116,52493],[1067,-392]],[[65183,52101],[-11,-718],[655,-69]],[[61323,52513],[352,-74],[87,258],[624,142],[254,-143],[1476,-203]],[[39599,52946],[816,-438],[107,-514],[395,-177],[93,-286],[-413,-575]],[[37141,51223],[49,1009],[178,590]],[[37368,52822],[282,-185],[172,348],[696,232],[1081,-271]],[[37373,52846],[-5,-24]],[[36084,50834],[11,105],[-478,565],[-133,515],[53,905],[214,528],[625,-191],[485,-9],[-23,-429],[535,23]],[[73710,53014],[269,-451],[286,-689],[161,-1381],[990,-480],[353,-345],[328,-540],[226,-110],[169,-794],[137,-265],[561,-605]],[[77190,47354],[-1061,-923],[-501,-368]],[[69060,52209],[-335,96],[-361,402]],[[68364,52707],[1060,563],[249,66],[560,402]],[[70233,53738],[540,-133],[69,-648],[235,118],[301,-283],[996,606],[1166,169],[170,-553]],[[88482,52003],[193,-105],[265,377],[680,355],[299,308],[60,347],[331,381],[554,31],[-156,-334],[-67,-627],[-232,-79],[-465,79],[-23,-182],[-317,-211],[296,-466],[-37,-182],[-467,116],[-287,-264],[-622,353]],[[46067,49348],[-29,287],[369,904]],[[46407,50539],[352,-85],[978,377],[115,1445],[236,125],[36,517],[351,100]],[[48475,53018],[185,-52],[51,451],[131,108],[892,46],[372,295]],[[50106,53866],[84,-236],[458,-448],[-25,-651],[233,-330],[30,-1171],[-97,-1199]],[[67840,53376],[524,-669]],[[67375,50637],[-687,411]],[[65183,52101],[13,719],[544,164],[465,1066]],[[66205,54050],[515,-91],[319,-518],[801,-65]],[[21370,52755],[-110,352],[567,792],[-5,184]],[[21822,54083],[459,-348],[548,-153],[210,163],[263,526]],[[23302,54271],[10,-579],[520,-152],[688,94],[613,-577],[147,-473],[298,-273],[117,-541],[282,-512],[458,-629]],[[46574,53147],[-37,-284],[-494,10],[138,-499],[-70,-819],[296,-1016]],[[42062,50979],[44,7]],[[42219,51005],[110,189],[290,0],[154,593],[50,880],[510,255],[124,239],[-40,417],[336,776],[149,118]],[[43902,54472],[251,-345],[-46,-290],[557,-69],[1136,-582],[774,-39]],[[88835,52326],[-319,305],[-92,413],[-146,22],[-158,506],[102,859],[267,186]],[[88489,54617],[280,-120],[116,-238],[337,-179],[340,-456],[-88,-473],[-306,-342],[27,-136],[-360,-347]],[[39729,54620],[-164,-367],[187,-215],[-345,-109],[-15,-240],[443,-129],[-236,-614]],[[37373,52846],[48,797],[115,16],[277,1162]],[[37813,54821],[261,-141],[1655,-60]],[[47295,54842],[567,-277]],[[47862,54565],[598,-368],[15,-1179]],[[46574,53147],[109,961],[-145,162],[137,335]],[[46675,54605],[347,-40],[96,286],[177,-9]],[[85452,51988],[79,-251]],[[84319,50916],[-108,-52],[-458,432],[-839,380],[-360,92],[69,725],[360,718],[-200,153],[189,705],[400,-53],[394,379],[-202,493]],[[83564,54888],[442,6],[313,-725],[339,-563],[794,-1618]],[[96003,51726],[234,133],[-92,385],[405,1361],[550,1392]],[[97100,54997],[375,-283],[569,-232],[167,270],[600,299]],[[98811,55051],[56,-229],[272,-92],[173,-480],[-146,-245],[9,-939],[-154,-147],[31,-625],[-333,-601],[-306,-350]],[[16542,49781],[-96,168],[105,360],[-26,437],[223,228],[328,19],[277,480],[589,593],[540,89],[416,-319],[363,746],[-56,255],[111,585],[678,-162],[116,436],[254,-122],[446,453],[869,1104],[371,-382],[-228,-666]],[[60296,54134],[-222,-252],[-263,37],[181,-526],[-132,-148],[-364,419],[-194,614],[-171,-79],[-64,269],[310,766]],[[59377,55234],[578,-628],[341,-472]],[[30445,53526],[370,-532],[-461,-1269],[600,-515]],[[29252,50145],[-928,290],[-1091,1533],[-137,327],[-33,720],[56,485],[297,374],[337,619],[331,446],[48,229]],[[28132,55168],[535,118]],[[28667,55286],[284,-355],[572,-397],[558,-518],[364,-490]],[[50132,54223],[-26,-357]],[[47862,54565],[217,759]],[[48079,55324],[581,-30],[241,-102],[586,-1],[6,-247],[304,-8],[335,-713]],[[51956,55528],[1069,-203]],[[53025,55325],[97,-160],[1209,-369],[926,-164],[1476,-456]],[[56733,54176],[96,-780],[-48,-265],[410,-825],[43,-507],[505,-663],[-442,-997]],[[50132,54223],[410,696],[695,567]],[[51237,55486],[112,170],[607,-128]],[[23302,54271],[443,507],[975,744],[577,230]],[[25297,55752],[331,-401],[470,-250],[246,-565],[399,-305],[379,398],[-28,267],[360,105],[35,-211],[643,378]],[[93471,52522],[32,224],[-189,418],[-260,242],[39,338],[-167,391],[10,426],[260,537],[326,-19]],[[93522,55079],[-19,-209],[684,-356],[515,95],[772,303]],[[95474,54912],[505,206],[317,423],[358,264],[131,-75],[315,-733]],[[59761,55709],[-11,-274],[-373,-201]],[[60296,54134],[391,-718],[432,-488],[62,-233]],[[56733,54176],[-51,509],[-399,1301]],[[56283,55986],[464,-14],[263,-252],[697,-191],[246,-292],[292,-108],[112,-372],[691,516],[713,436]],[[92882,55867],[-212,-92],[-484,61],[-201,-115],[-39,282],[490,312],[480,-289],[-34,-159]],[[42879,56291],[471,-529]],[[43350,55762],[507,-580],[-170,-268],[190,-20],[25,-422]],[[39729,54620],[442,-15],[441,279],[1071,199],[517,440],[-89,378],[68,520]],[[42179,56421],[29,-541],[493,411],[178,0]],[[94605,56393],[-326,-497],[-746,-620],[-11,-197]],[[88479,52090],[212,-84],[144,320]],[[88489,54617],[122,823]],[[88611,55440],[328,-292],[82,150],[1002,0],[609,-71],[181,261]],[[90813,55488],[337,254],[-121,463],[290,-71],[-61,396],[258,192]],[[91516,56722],[1423,-250],[464,93],[414,-90],[655,5],[133,-87]],[[43350,55762],[569,1038],[871,-451],[631,-860],[321,269],[75,-353],[231,-126],[216,-357],[359,-34],[52,-283]],[[91510,56812],[6,-90]],[[90813,55488],[-185,-24],[-568,261],[-46,508],[118,439],[363,414]],[[90495,57086],[626,-104],[389,-170]],[[61830,57105],[341,-376],[273,-976],[657,-970],[260,-522],[733,-654]],[[64094,53607],[22,-1114]],[[59761,55709],[1529,1308]],[[61290,57017],[311,165],[229,-77]],[[37813,54821],[179,571]],[[37992,55392],[497,277],[855,173],[-143,358],[169,572],[298,528]],[[39668,57300],[810,16],[491,-906],[98,324],[400,173],[174,-355],[538,-131]],[[64094,53607],[133,816],[49,708],[-72,717],[-282,1130],[184,342]],[[64106,57320],[529,121],[787,45],[77,-435],[-67,-1040],[288,-515],[-52,-641],[143,-467],[394,-338]],[[84320,38523],[-502,-66],[40,-753],[-1045,368],[-456,490],[-10,427],[-387,696],[-795,377],[-372,392],[-215,546],[-377,238],[297,825],[189,1],[439,421],[471,-98],[161,367],[248,163],[-359,230],[-393,398],[-515,313],[-174,237],[-691,404],[-636,535],[-219,304],[-196,540],[-672,135],[-842,763],[-119,578]],[[73710,53014],[112,148]],[[73822,53162],[790,-160],[871,-39],[641,-87],[425,252],[-230,241],[8,619],[437,-7],[149,476],[-67,617],[606,322],[312,10],[335,410],[-165,603],[341,659],[253,192],[904,472]],[[79432,57742],[302,223],[122,-405],[487,-574],[191,-330],[153,-863],[82,-920],[294,-14],[259,-267],[491,307],[636,87],[367,-166],[176,215],[572,-147]],[[35515,57946],[423,-477],[198,118],[839,-54]],[[36975,57533],[-345,-1078],[-578,-797],[413,-204],[651,-194],[876,132]],[[30445,53526],[225,113],[303,537]],[[30973,54176],[302,236],[274,-24],[386,-230],[781,22],[461,-229],[995,17],[220,694],[413,146],[-200,606],[-218,-121],[-14,269],[-248,305],[44,464],[326,463],[582,77],[192,-65],[98,590],[-230,484]],[[35137,57880],[378,66]],[[30973,54176],[228,1164],[420,359],[195,-11],[435,264],[152,567],[237,100],[225,364],[271,23],[66,226],[524,-10],[249,560]],[[33975,57782],[124,243],[1038,-145]],[[61748,58041],[82,-936]],[[61290,57017],[-136,285],[169,183],[206,591],[219,-35]],[[91566,58025],[157,-255],[-213,-958]],[[90495,57086],[-38,340],[-523,3],[-398,-221],[-240,245],[666,443],[262,-192],[327,116],[191,323],[312,-62],[161,218]],[[91215,58299],[351,-274]],[[28488,58319],[180,-366],[187,-69],[332,-466]],[[29187,57418],[-122,-440],[-334,-375],[92,-798],[-156,-519]],[[25297,55752],[262,601],[162,685],[536,-11],[562,380],[226,-143],[1053,467],[133,350],[257,238]],[[46570,57995],[473,-192],[-72,-956],[463,-960],[-139,-1045]],[[42879,56291],[-24,118],[299,824],[-7,877],[-209,540]],[[42938,58650],[509,-54],[1068,53],[1116,-505],[939,-149]],[[92800,57859],[782,-606],[227,187],[66,-257],[439,-68],[224,299],[665,57]],[[95203,57471],[-55,-238],[-543,-840]],[[91566,58025],[367,241],[72,353],[337,69],[458,-829]],[[29187,57418],[423,152],[438,467],[781,209],[634,310],[627,197],[25,-201],[296,-45],[139,324],[617,-159],[342,99],[25,-910],[274,108],[167,-187]],[[88099,58397],[296,-585],[241,-291],[72,-454],[-35,-660],[-191,-620],[129,-347]],[[85452,51988],[219,250],[-160,1499],[-356,2697],[-117,254]],[[85038,56688],[-182,896],[181,394],[163,689],[-36,182]],[[85164,58849],[873,-31],[294,-383],[661,-395],[814,134],[293,223]],[[82561,58879],[369,-344],[452,-629],[700,-369],[956,-849]],[[79432,57742],[-191,262],[5,407],[-298,470]],[[78948,58881],[3613,-2]],[[95203,57471],[99,144],[103,661],[-11,605]],[[95394,58881],[1069,0]],[[96463,58881],[-277,-512],[-365,-392],[48,-637],[-420,-549],[-53,-459],[-238,-255],[316,-1165]],[[98104,58881],[63,-264],[673,-413],[198,-461],[-366,-1382],[156,-721],[-17,-589]],[[96463,58881],[1641,0]],[[35515,57946],[124,115],[662,141],[-326,679]],[[35975,58881],[1655,0]],[[37630,58881],[-247,-976],[-408,-372]],[[73822,53162],[46,394],[545,555],[-21,172],[536,152],[63,707],[-328,485],[-29,686],[-187,67],[-494,498],[-30,553],[154,78],[192,791]],[[74269,58300],[498,512],[675,69],[3506,0]],[[51956,55528],[221,545],[-35,833],[279,1107],[72,869],[199,504]],[[52692,59386],[1172,50],[242,56]],[[54106,59492],[218,-1321],[-252,-1334],[-274,-489],[-212,-121],[-339,-739],[-222,-163]],[[55846,59405],[-162,-521],[15,-576]],[[55699,58308],[415,-1263],[33,-720],[136,-339]],[[54106,59492],[766,22],[974,-109]],[[92800,57859],[57,744],[-415,363],[53,260]],[[92495,59226],[670,-10],[27,175]],[[93192,59391],[784,-85]],[[93976,59306],[625,61],[666,274],[-136,-472],[263,-288]],[[92495,59226],[-128,176],[-25,460]],[[92342,59862],[619,-113],[231,-358]],[[91215,58299],[209,242],[-77,256],[400,89],[24,426],[190,91],[187,666]],[[92148,60069],[194,-207]],[[40681,60099],[194,-329],[619,170],[117,-87],[580,102],[651,-283]],[[42842,59672],[220,-402],[-124,-620]],[[39668,57300],[-141,293],[216,327],[-264,1601]],[[39479,59521],[344,545],[729,-110],[129,143]],[[37630,58881],[527,856],[256,16],[348,398]],[[38761,60151],[229,-631],[489,1]],[[45588,60416],[238,8],[182,-207],[414,-141],[377,73]],[[46799,60149],[1,-362],[-230,-1458],[0,-334]],[[42842,59672],[178,29],[544,432],[684,424],[552,23],[86,-185],[702,21]],[[50800,60364],[120,-1580],[9,-1030],[87,-1051],[221,-1217]],[[48079,55324],[-175,112],[103,679],[-29,871],[193,101],[9,702],[358,657],[-201,242],[316,555],[218,155],[110,474],[308,469],[21,357]],[[49310,60698],[1065,-341],[425,7]],[[67840,53376],[-85,155],[166,705],[-447,674],[87,1784],[173,1206],[-223,648],[-164,897],[96,1390]],[[67443,60835],[59,-233],[469,-271],[20,-349],[844,175],[237,-496],[173,-136],[-216,-146],[-522,147],[-283,-116],[202,-377],[-29,-542],[806,-2022],[-103,-879],[470,-621],[-53,-218],[494,-626],[222,-387]],[[51207,60872],[150,-9],[1045,-1424],[290,-53]],[[50800,60364],[268,109],[139,399]],[[91785,60698],[353,-152],[10,-477]],[[88099,58397],[59,616],[261,215],[247,792]],[[88666,60020],[274,30],[290,-406],[196,0],[35,263],[386,107],[265,-240],[-148,1058]],[[89964,60832],[138,76]],[[90102,60908],[607,-339],[1076,129]],[[49288,60835],[22,-137]],[[46799,60149],[506,352],[54,357]],[[47359,60858],[640,16],[310,-152],[418,373],[209,6],[-12,-277],[364,11]],[[85201,58875],[-37,-26]],[[82561,58879],[-998,836]],[[81563,59715],[319,537],[652,647]],[[82534,60899],[548,-207],[336,1],[293,595]],[[83711,61288],[468,-15],[728,109],[105,-327],[45,-1992],[144,-188]],[[38691,61083],[100,-337],[-30,-595]],[[35975,58881],[-136,475],[-329,423],[-418,814]],[[35092,60593],[159,388],[323,191]],[[35574,61172],[252,18],[245,245],[547,-51],[177,197],[672,-79],[633,-247],[34,-181],[557,9]],[[81406,61760],[731,-245],[397,-616]],[[81563,59715],[-703,457],[-228,957]],[[80632,61129],[390,97],[384,534]],[[56663,60543],[647,635],[262,93],[785,699]],[[58357,61970],[212,-165],[411,-1118],[216,-1074],[-604,-176],[-422,-425],[-344,251],[46,-389],[311,-504],[-113,-193],[-502,172],[-1016,-23],[-563,-153],[-290,135]],[[55699,58308],[901,570],[95,266],[-131,305],[36,313],[-170,183],[204,175],[29,423]],[[63828,61762],[-734,-113],[-67,398],[796,205]],[[63823,62252],[5,-490]],[[88666,60020],[-300,96],[-222,307],[38,287],[362,410],[17,576],[-156,549]],[[88405,62245],[139,85]],[[88544,62330],[378,-370],[35,-532],[806,-192],[201,-404]],[[45130,62507],[58,-409],[338,-680],[150,-866],[-88,-136]],[[40681,60099],[631,504],[93,189],[475,180],[317,727]],[[42197,61699],[1222,-114],[652,485],[540,188],[260,223],[259,26]],[[33085,61178],[20,-234],[1042,-543],[81,99],[864,93]],[[28488,58319],[242,1083]],[[28730,59402],[348,349],[454,1194],[251,460],[-160,657],[287,458]],[[29910,62520],[409,87],[512,-207],[1216,-597],[447,102],[126,-96],[24,-532],[441,-99]],[[45130,62507],[503,124]],[[45633,62631],[507,-307],[-40,-387],[431,-502],[557,-110],[271,-467]],[[39820,61981],[328,631],[291,-171],[66,-440],[-232,-176],[-23,221],[-430,-65]],[[87601,62414],[804,-169]],[[85201,58875],[155,313],[227,-61],[-77,593],[403,416],[354,954]],[[86263,61090],[260,603],[-3,628],[-98,346]],[[86422,62667],[1179,-253]],[[86263,61090],[-513,335],[15,662],[229,221],[126,414],[302,-55]],[[93425,63016],[548,-2464],[3,-1246]],[[91785,60698],[-60,1219],[-263,-41],[-43,418]],[[91419,62294],[393,-71],[60,293]],[[91872,62516],[574,-381],[331,591],[648,290]],[[50309,63040],[17,-859],[-114,-414],[1060,-106]],[[51272,61661],[-65,-789]],[[49288,60835],[-36,1495]],[[49252,62330],[107,560]],[[49359,62890],[917,206]],[[50276,63096],[33,-56]],[[64106,57320],[-163,976],[-17,581],[120,854]],[[64046,59731],[687,-210],[689,-459],[251,-13],[818,686]],[[66491,59735],[754,588],[-31,1180],[-159,1274],[120,495]],[[67175,63272],[142,-54],[-124,-587],[155,-604],[95,-1192]],[[92111,63089],[-239,-573]],[[91419,62294],[-311,301],[169,783],[342,-340],[492,51]],[[51401,62756],[-13,-726],[-116,-369]],[[50309,63040],[397,369]],[[50706,63409],[695,-653]],[[29182,62942],[728,-422]],[[28730,59402],[-779,91],[-38,99],[-1066,500],[-179,286],[75,823],[-113,1259],[635,773]],[[27265,63233],[390,181],[1527,-472]],[[49359,62890],[-6,603]],[[49353,63493],[863,123],[60,-520]],[[33056,63758],[416,-140],[1085,176],[424,-196],[785,-27]],[[35766,63571],[-508,-625],[-777,-273],[-82,-318],[663,-611],[36,-225],[476,-347]],[[33085,61178],[54,671],[-116,144],[311,239],[-289,394],[283,112],[-228,121],[-74,317],[-112,-268],[-273,-23],[91,533],[-315,258],[-14,280]],[[32403,63956],[602,-262],[51,64]],[[88735,63709],[41,-182],[463,-636],[-133,-588],[-517,156],[-45,-129]],[[87601,62414],[-94,624],[-206,531],[-57,613]],[[87244,64182],[181,-365],[812,-168],[498,60]],[[88735,63709],[-15,177],[406,393]],[[89126,64279],[714,-50],[0,-449],[156,-590],[329,-902],[-25,-389],[-305,-656],[107,-335]],[[46163,64494],[-28,-467],[99,-248],[-24,-817],[-405,-61],[-172,-270]],[[42197,61699],[47,195],[322,108],[194,271],[-118,186],[86,602]],[[42728,63061],[299,-278],[857,399],[524,373],[594,215],[12,590]],[[45014,64360],[350,-278],[374,-70],[425,482]],[[46817,63819],[-53,-438],[-359,-83],[-23,-221],[535,-79],[-142,-616],[311,-281],[248,-8],[291,-316],[426,-1],[560,212],[462,-16],[179,358]],[[46163,64494],[155,1],[499,-676]],[[49353,63493],[71,145],[-15,864],[676,303]],[[50085,64805],[504,-662],[117,-734]],[[52108,64804],[525,-435],[300,91],[174,-117],[457,-8],[654,-307],[679,97]],[[54897,64125],[122,-1253],[-79,-331],[-266,-352],[56,-262],[705,-282],[-420,-190],[88,-581],[24,-745],[124,-13],[369,443],[175,29],[281,979],[543,269],[400,576],[-186,556]],[[56833,62968],[227,-515],[649,-75],[771,-257]],[[58480,62121],[-123,-151]],[[56663,60543],[-615,-580],[-202,-558]],[[51401,62756],[-18,474],[140,397],[47,663]],[[51570,64290],[282,545],[256,-31]],[[30273,64688],[259,-169],[802,-103],[311,-250],[450,-45],[308,-165]],[[29182,62942],[679,1019],[-119,960],[531,-233]],[[92148,65037],[-217,-186],[100,-730],[289,-384],[-3,-551],[-206,-97]],[[89126,64279],[-96,138],[78,417]],[[89108,64834],[531,112],[434,-62]],[[90073,64884],[717,79],[246,-138],[79,238],[579,-16],[382,133],[72,-143]],[[50055,65111],[30,-306]],[[46817,63819],[388,131],[170,282],[166,-35],[421,498],[492,273],[873,132]],[[49327,65100],[526,163],[202,-152]],[[44148,65156],[456,-598],[410,-198]],[[42728,63061],[96,1087],[-161,502],[209,168],[-158,364]],[[42714,65182],[819,83],[262,-212],[353,103]],[[63208,65361],[189,-377],[87,-511],[-57,-308],[120,-798],[276,-1115]],[[63828,61762],[8,-655],[210,-1376]],[[61748,58041],[220,1193],[99,1151],[238,1170],[-371,811],[-119,627]],[[61815,62993],[-50,290],[140,329],[-18,828],[180,398],[465,290],[103,233],[573,0]],[[42256,65394],[458,-212]],[[38691,61083],[1007,40],[283,640],[-161,218]],[[39820,61981],[-687,453],[64,632],[-232,482],[43,531],[-511,19],[308,152],[207,374],[359,-26],[942,185],[74,798],[197,14],[262,-417],[247,117],[188,-261],[672,11],[303,349]],[[78881,64726],[-242,73],[8,510],[-227,195],[42,337],[222,-120],[479,-561],[-282,-434]],[[57986,64222],[-257,284],[152,248],[900,248],[716,803]],[[59497,65805],[752,166],[52,-370],[-247,-563],[-87,-932],[-803,-898],[-150,62],[-1028,952]],[[55624,64740],[-393,-244],[-383,114],[49,-485]],[[52108,64804],[14,811]],[[52122,65615],[536,18],[260,284],[528,32],[94,-180],[689,-133],[73,-146],[1168,-555],[154,-195]],[[92148,65037],[405,170],[470,807]],[[93023,66014],[-114,-198],[564,-113],[330,-563],[243,-233],[341,-92],[646,82],[624,-392],[250,147],[118,-791],[152,-437],[-4,-652],[181,-367],[-486,-62],[-456,152],[-388,260],[-615,181],[-591,292],[-393,-212]],[[93042,66051],[-19,-37]],[[90073,64884],[-216,1014],[57,160],[1438,-5],[72,87]],[[91424,66140],[-58,-240],[464,-127],[979,120],[233,158]],[[56808,64335],[90,-1078],[-65,-289]],[[55624,64740],[421,892],[-142,385],[332,-49],[123,372],[659,-331],[-11,-994],[-358,-691],[160,11]],[[41121,66505],[-89,-347],[457,-351],[312,160],[586,-429],[-131,-144]],[[35766,63571],[60,34]],[[35826,63605],[507,-106],[525,140],[281,-79],[189,-676],[223,-86],[200,290],[82,916],[-495,614],[145,475],[462,143],[438,406],[338,550],[346,244],[695,-24]],[[39762,66412],[783,-374],[141,378],[435,89]],[[69761,65944],[429,-537]],[[70190,65407],[554,-909],[481,-644],[494,-793],[386,-261],[418,-594],[10,-412],[134,-279],[677,-274],[367,-308],[41,135],[597,-56]],[[74349,61012],[-212,-475],[-47,-428],[-266,-354],[-707,87],[-113,-253],[517,35],[297,-872],[451,-452]],[[67175,63272],[129,614],[156,206],[-15,366],[-395,135],[-221,302],[41,206],[318,98],[383,-198],[270,57],[85,401],[336,434],[285,-42],[633,656],[292,19],[289,-582]],[[82905,66369],[-267,-892],[-162,-1014],[-269,82],[-167,-429],[29,-347],[-158,-142],[-277,-967],[-208,-389]],[[81426,62271],[-130,60],[29,441],[173,412],[-479,834],[-385,476],[-226,898]],[[80408,65392],[540,218]],[[80948,65610],[174,313],[231,-64],[157,282]],[[81510,66141],[528,423],[867,-195]],[[83711,61288],[2,589],[92,760],[-190,343],[97,305],[123,1326],[158,434],[-65,720],[154,860]],[[84082,66625],[496,-343],[83,-422],[448,-160],[1121,-688],[-62,-485],[398,-198],[678,-147]],[[71565,66312],[685,-899],[204,-393]],[[72454,65020],[422,-872],[184,-45],[1085,-1082],[289,-26],[346,-336],[241,-731],[-672,-916]],[[70190,65407],[-31,318],[312,423],[283,578],[811,-414]],[[49327,65100],[-96,1314],[50,242]],[[49281,66656],[545,272]],[[49826,66928],[113,-486],[1,-596],[115,-735]],[[81406,61760],[20,511]],[[82905,66369],[226,504]],[[83131,66873],[254,95]],[[83385,66968],[408,-361],[289,18]],[[33056,63758],[-20,628],[-143,638],[-302,569],[-18,649],[203,665],[381,334]],[[33157,67241],[708,-753],[231,-108],[-52,-550],[227,-343],[-91,-359],[417,-414],[513,-49],[309,-260],[402,27],[96,-408],[-91,-419]],[[80632,61129],[-382,1263],[-797,483],[-256,786],[-698,453],[-368,-227],[-81,-312],[-423,-279],[-456,-132],[-1053,1484]],[[76118,64648],[392,84],[28,310],[312,215],[404,1686],[161,309],[777,-267],[189,-137],[641,-1315],[1386,-141]],[[60877,67263],[338,-132],[437,-360],[1160,-168],[620,-15]],[[63432,66588],[-244,-459],[20,-768]],[[61815,62993],[-1037,31],[-832,112],[-327,-205],[-741,-647],[-398,-163]],[[56808,64335],[516,-53],[168,119],[494,-179]],[[59497,65805],[-320,337]],[[59177,66142],[892,660],[808,461]],[[44148,65156],[335,802],[-39,254]],[[44444,66212],[1059,514],[620,528]],[[46123,67254],[291,10],[372,-198],[330,-30],[576,-319],[599,-178],[990,117]],[[51570,64290],[-320,637],[152,767],[153,1537]],[[51555,67231],[72,46]],[[51627,67277],[357,-597],[92,-399],[-84,-530],[130,-136]],[[87483,67146],[-189,-1261],[-541,84],[-169,951],[532,429],[367,-203]],[[41121,66505],[77,423]],[[41198,66928],[559,108],[1147,23],[413,394]],[[43317,67453],[183,-112],[-41,-364],[570,-376],[375,-60],[40,-329]],[[50578,67530],[444,-13],[533,-286]],[[49826,66928],[401,659],[351,-57]],[[81259,67566],[82,-950],[169,-475]],[[80948,65610],[-255,992],[-184,1026]],[[80509,67628],[299,91],[282,-256],[169,103]],[[93411,66762],[-369,-711]],[[91424,66140],[-162,508],[192,1142]],[[91454,67790],[400,-597],[495,-175],[1062,-256]],[[81987,67898],[569,-225],[411,-429],[164,-371]],[[81259,67566],[264,304],[464,28]],[[33160,67481],[-3,-240]],[[30273,64688],[-28,676],[616,701],[75,734],[-58,1319]],[[30878,68118],[968,-189],[190,71],[753,-39],[371,-480]],[[83691,68007],[180,-1287],[211,-95]],[[83385,66968],[-497,658],[-117,317]],[[82771,67943],[408,367],[494,-149],[18,-154]],[[85181,68098],[17,410],[135,-164],[311,201]],[[85644,68545],[352,-461],[32,-501],[-188,17],[-13,-443],[-591,-281],[-132,82],[-69,545],[166,181],[-20,414]],[[89108,64834],[-429,1146],[-178,648],[265,152],[138,-183],[579,-71],[304,117],[-279,478],[866,583],[-29,229],[-425,561]],[[89920,68494],[443,228],[680,-31],[33,-223],[378,-678]],[[81987,67898],[-212,443],[98,455]],[[81873,68796],[127,-239],[771,-614]],[[40448,68878],[320,-130],[366,-1306],[64,-514]],[[39762,66412],[-116,348],[-240,256],[-515,1116]],[[38891,68132],[529,2],[245,148],[23,288],[287,197],[473,111]],[[56221,68075],[141,73],[474,-964],[167,-198],[502,-94],[-8,-508],[458,306],[848,-336],[374,-212]],[[51627,67277],[217,1696]],[[51844,68973],[986,-282],[1325,-149],[1100,-212],[868,-357],[98,102]],[[78738,68948],[548,-175]],[[79286,68773],[434,-124],[343,-752],[446,-269]],[[76118,64648],[-287,376]],[[75831,65024],[200,376],[-125,248],[35,761],[354,724]],[[76295,67133],[193,-101],[407,868],[229,75],[440,613],[75,414]],[[77639,69002],[326,-407],[483,-187],[290,540]],[[37317,68413],[655,-363],[919,82]],[[33160,67481],[97,185],[1374,381],[75,620]],[[34706,68667],[259,174],[172,-297],[427,-180],[545,701]],[[36109,69065],[662,-572],[546,-80]],[[43317,67453],[63,179],[457,370],[50,359],[292,226],[576,219],[203,294]],[[44958,69100],[189,-386],[280,-35],[442,-276],[181,-369],[73,-780]],[[51642,69034],[202,-61]],[[50578,67530],[-73,390],[192,637],[55,555]],[[50752,69112],[890,-78]],[[72454,65020],[67,641],[-20,1871],[151,784],[-9,507],[237,292]],[[72880,69115],[532,-183],[302,-207],[456,-1569],[1661,-2132]],[[85181,68098],[-781,442]],[[84400,68540],[194,583]],[[84594,69123],[566,-9],[40,-170],[503,24],[-59,-423]],[[63432,66588],[373,1936],[306,459],[307,215]],[[64418,69198],[381,30]],[[64799,69228],[-86,-902],[820,445],[366,-122],[61,280],[529,36],[0,-3256],[-234,61],[-449,-206],[0,-510],[-122,-223],[-975,430],[-255,314],[-360,194],[-279,-381],[-50,-546],[202,-223],[-202,-586],[931,-1624],[241,-320],[127,-607],[437,-152],[257,105],[376,-99],[356,224],[1,-1825]],[[81858,68826],[15,-30]],[[80509,67628],[202,1524],[326,196],[821,-522]],[[64418,69198],[-170,303]],[[64248,69501],[1449,0],[-33,-148],[-468,23],[-397,-148]],[[34024,69560],[-64,-383],[506,28],[99,-337],[-116,-264],[257,63]],[[30878,68118],[-47,40]],[[30831,68158],[0,1302],[776,-17],[691,-166],[453,71]],[[32751,69348],[265,186],[1008,26]],[[69195,69300],[438,50],[6,201],[482,-260],[262,186]],[[70383,69477],[2,-1037],[113,-780],[384,-600],[420,-351],[263,-397]],[[69761,65944],[213,-10],[85,304],[-134,261],[133,728],[-218,177],[-595,130],[-242,381],[-181,588],[-243,7],[-439,621],[-100,432]],[[68040,69563],[569,-481],[100,144],[486,74]],[[83279,69166],[9,-93],[567,6],[44,-145],[501,-394]],[[84400,68540],[-55,-726],[-654,193]],[[81858,68826],[-255,847]],[[81603,69673],[640,160],[514,4]],[[82757,69837],[94,-244],[428,-427]],[[40504,69411],[80,508]],[[40584,69919],[485,34],[109,-113],[-482,-102],[-192,-327]],[[48931,70212],[911,-309],[376,84],[509,-661],[25,-214]],[[44958,69100],[2,4]],[[44960,69104],[907,651],[341,56],[385,226],[56,242]],[[46649,70279],[860,-132],[982,-28],[440,93]],[[76295,67133],[183,1069],[15,1073],[239,424],[272,736]],[[77004,70435],[142,-345],[592,-273],[-180,-673],[81,-142]],[[95198,69004],[-1702,-489],[-37,-1382],[-48,-371]],[[89920,68494],[-510,-159],[-406,675],[80,803],[-137,478]],[[88947,70291],[1283,-25],[401,102],[722,-289],[212,374],[948,-271],[1130,238]],[[93643,70420],[238,34],[708,-825],[609,-625]],[[77004,70435],[-6,134]],[[76998,70569],[1046,-142],[125,-371],[70,-614],[499,-494]],[[82757,69837],[268,126],[360,659],[152,-23],[130,-439],[-67,-699],[-321,-295]],[[70383,69477],[1236,274],[430,374],[-23,363],[476,278],[131,-816],[-36,-537],[283,-298]],[[85134,70756],[377,-730],[-668,-435]],[[84843,69591],[-259,165],[-325,-221],[-253,345],[13,345],[431,569]],[[84450,70794],[552,-183],[132,145]],[[83940,71188],[510,-394]],[[84843,69591],[-249,-468]],[[81603,69673],[-95,299],[356,954],[461,-56],[219,291],[970,-102],[426,129]],[[60877,67263],[45,989],[-100,486]],[[60822,68738],[923,44],[371,409],[244,791],[52,672],[-220,950]],[[62192,71604],[527,-347],[411,-57],[296,-648],[46,-588],[596,-169],[180,-294]],[[56239,69578],[180,-490],[-198,-1013]],[[51642,69034],[40,463],[228,398],[29,603],[-106,28],[148,479],[569,586],[414,-40]],[[52964,71551],[1001,-126],[80,233],[150,-249],[570,-174],[468,-449],[173,-741],[833,-467]],[[73628,71706],[500,-375],[379,-103],[73,123]],[[74580,71351],[161,-97]],[[74741,71254],[205,-102],[142,-826],[692,-58],[368,320],[587,152],[89,413],[157,-112]],[[76981,71041],[17,-472]],[[72880,69115],[57,297],[-58,820],[-220,414],[505,189],[41,474],[-258,96],[-264,-304],[9,371]],[[72692,71472],[504,322],[432,-88]],[[88022,71643],[457,-303],[205,261]],[[88684,71601],[307,-740],[-44,-570]],[[85134,70756],[-64,325],[663,160],[826,-166],[483,297],[-47,430],[432,-266],[308,168],[84,-200],[203,139]],[[70383,69477],[-325,630],[-87,607],[136,306]],[[70107,71020],[586,431],[696,271],[662,561]],[[72051,72283],[289,-346],[191,-567],[161,102]],[[39475,72173],[-47,-269],[-264,-69],[-149,-433],[291,-66],[622,-388],[337,-54],[370,210]],[[40635,71104],[33,-467],[-257,-312],[173,-406]],[[40504,69411],[-56,-533]],[[37317,68413],[238,122],[-95,517],[437,1143],[137,21],[144,612],[173,330],[256,1141]],[[38607,72299],[868,-126]],[[29254,72398],[4,3]],[[29258,72401],[892,-865],[106,-477],[-184,-877],[68,-476],[-235,-1089],[338,-345]],[[30243,68272],[-5,-1663],[-635,-241],[-155,748],[-213,112],[117,2498],[-18,837],[-1873,-68],[-570,20],[462,526],[747,305],[398,494],[756,558]],[[80210,72215],[96,-224],[562,-622],[175,11],[262,-305],[240,-751],[-142,-390],[200,-261]],[[79286,68773],[-98,619],[93,336],[386,325],[324,110],[-5,583],[-285,403],[-296,108],[-390,1016]],[[79015,72273],[205,128],[224,-323],[243,133],[523,4]],[[40635,71104],[489,318],[146,-238],[209,254],[448,187],[424,-312],[-362,-545],[187,-292],[437,50],[-88,205],[361,101],[606,1378],[-137,155],[-509,-242],[24,520]],[[42870,72643],[755,-39],[161,-238],[280,7],[172,-418],[433,-686],[-52,-645],[173,-1088],[168,-432]],[[34024,69560],[384,592],[950,82],[160,127],[-277,283],[-456,685],[63,95],[-544,562]],[[34304,71986],[552,85],[686,362]],[[35542,72433],[430,347],[252,-4],[83,-420],[-570,-700],[-185,32],[-126,-582],[78,-308],[255,-233],[305,38],[621,-615],[-336,-91],[21,-371],[-261,-461]],[[93634,71017],[-879,-123],[-445,216],[-5,368],[-351,68],[11,692],[-233,242]],[[91732,72480],[112,266]],[[91844,72746],[998,151]],[[92842,72897],[57,-398],[-216,-887],[886,-151],[65,-444]],[[91732,72480],[-392,-165],[-608,-48],[-379,62],[-838,-365],[-551,-308],[-280,-55]],[[88684,71601],[-13,709],[1019,586],[624,170],[578,23]],[[90892,73089],[322,14],[630,-357]],[[94874,73064],[286,-320],[-157,-322],[517,-1178],[37,-639],[-101,-623],[385,-488],[-327,-509],[-316,19]],[[93643,70420],[-9,597]],[[92842,72897],[289,158],[370,-122],[61,148]],[[93562,73081],[680,52],[632,-69]],[[76981,71041],[156,-7],[-51,488],[103,586],[298,905],[432,143]],[[77919,73156],[311,-160],[84,-448],[619,-143],[82,-132]],[[67263,72841],[-272,-440],[-151,-1031],[-353,-130],[-704,-25],[10,-130]],[[65793,71085],[-193,-22],[18,479],[-367,16],[1,1541],[679,152]],[[65931,73251],[172,-187],[386,40],[774,-263]],[[32751,69348],[-54,546],[-268,443],[-93,675],[-246,1161],[113,658],[-4,468]],[[32199,73299],[490,-118],[253,-1282],[1362,87]],[[30831,68158],[-333,182],[-255,-68]],[[29258,72401],[108,423],[858,-70],[608,621],[719,-311],[648,235]],[[84446,72647],[2,2]],[[84448,72649],[4,-309],[-633,-598],[121,-554]],[[80210,72215],[-277,424],[180,136],[89,362],[698,-211]],[[80900,72926],[192,-64],[55,309],[159,-132],[261,355]],[[81567,73394],[333,-100],[264,-361],[292,-22],[367,-390],[337,-7],[718,-453],[568,586]],[[77090,72254],[-35,-153],[-802,310],[543,1084],[373,57],[150,-113],[-229,-1185]],[[58277,73133],[-552,-1331],[1534,-2301],[221,-543],[567,-996],[512,653],[263,123]],[[56239,69578],[122,572],[-116,584],[-317,422],[10,240],[-368,569],[251,343],[-99,222]],[[55722,72530],[447,147],[503,47],[843,710],[278,148]],[[57793,73582],[484,-449]],[[44864,73420],[39,-288],[287,-328],[851,-354],[545,23]],[[46586,72473],[-10,-674],[101,-545],[-28,-975]],[[42870,72643],[-204,310],[-415,360]],[[42251,73313],[470,-34],[731,338],[910,-27],[502,-170]],[[35542,72433],[102,573],[-27,361],[612,76],[93,217],[295,-177],[594,334]],[[37211,73817],[410,-569],[539,-425],[449,-97],[-2,-427]],[[53835,73929],[48,-102],[746,-329],[748,-462],[-7,-254],[352,-252]],[[52964,71551],[157,1036]],[[53121,72587],[367,1348],[347,-6]],[[60474,73562],[290,18]],[[60764,73580],[583,-56],[354,-195],[562,-457]],[[62263,72872],[-71,-1268]],[[58277,73133],[238,193],[43,360],[-212,247],[74,274]],[[58420,74207],[2054,-645]],[[75943,74072],[-47,-550],[-222,-266],[-157,-716],[-250,-259],[-105,-499],[-299,-117],[-122,-411]],[[74580,71351],[-440,347],[79,980],[152,482],[475,168],[184,653],[376,1],[60,216],[477,-126]],[[81567,73394],[141,579],[625,251],[763,-19],[483,-708],[867,-850]],[[85966,73447],[474,-232],[298,-486],[241,-131],[234,187],[453,653]],[[87666,73438],[-56,-255],[265,-358],[147,-1182]],[[84448,72649],[118,596],[-92,286],[20,691]],[[84494,74222],[742,124],[403,-692],[327,-207]],[[27265,63233],[-197,378],[-1,1066],[90,125],[-340,839],[137,316],[261,-172],[450,181],[296,547],[201,1337],[-129,353],[-356,327],[-241,666],[-187,802],[-360,512],[-334,-310],[-39,233],[-709,178],[-234,149],[-30,598],[-184,45],[1,568],[-148,75],[58,461],[-35,761],[185,292],[57,391],[307,130],[234,410],[1635,-749],[927,-153],[189,-804],[485,-387]],[[39475,72173],[460,426],[-179,257],[323,255],[-237,560],[54,192],[400,-123],[442,-461],[346,-64],[79,281],[408,330],[536,650]],[[42107,74476],[204,282],[287,5],[-181,-993],[82,-186],[-248,-271]],[[49190,75012],[77,-69],[107,-813],[381,-243],[-117,-542],[92,-316],[-29,-524],[-360,-336],[-5,-481],[-205,-237],[-103,-435],[-220,-221],[123,-583]],[[46586,72473],[808,752],[221,37],[187,448],[251,1106],[-134,248]],[[47919,75064],[548,-146],[723,94]],[[58420,74207],[183,247],[725,635],[360,-330],[160,-354],[500,-517],[126,-326]],[[68040,69563],[-1546,538],[-428,467],[-124,518],[-149,-1]],[[67263,72841],[298,-145],[460,320],[-53,268],[-335,456],[10,394],[220,169],[431,670]],[[68294,74973],[716,300]],[[69010,75273],[-178,-1599],[-856,-31],[370,-531],[-198,-539],[51,-913],[446,-465],[219,-428],[-62,-392],[81,-438],[312,-637]],[[73793,74757],[11,-645],[-251,-364],[-122,-1378],[197,-664]],[[72051,72283],[170,135],[224,1150],[186,402],[114,1116],[155,174],[517,132]],[[73417,75392],[376,-635]],[[69010,75273],[153,34]],[[69163,75307],[760,162]],[[69923,75469],[325,-1279],[62,-948],[-193,-511],[322,-245],[-550,-545],[218,-921]],[[57793,73582],[608,-247],[100,313],[-213,380],[254,463],[1314,1089]],[[59856,75580],[445,-339],[-18,-518],[194,-746],[287,-397]],[[46978,75585],[737,-147]],[[47715,75438],[204,-374]],[[44864,73420],[356,-178],[207,99],[249,-218],[224,468],[256,1025]],[[46156,74616],[164,0],[310,465],[140,572],[208,-68]],[[94874,73064],[-12,432],[170,92],[-174,378],[49,1409]],[[94907,75375],[1937,381]],[[96844,75756],[323,-522],[-33,-1071],[422,-1495],[201,-1139],[62,-834],[200,-676],[346,-1487],[613,-1157],[-95,-723],[-189,-264],[131,-1059],[-147,-596],[-526,-766],[62,-1756],[-191,-695],[-288,-692],[219,-1541],[150,-402]],[[77919,73156],[-78,254],[62,511],[381,387],[79,656]],[[78363,74964],[304,617],[922,311],[425,-451],[628,-1019],[214,-681],[104,-570],[-60,-245]],[[51070,75851],[40,-1060],[-42,-790],[1404,-879],[649,-535]],[[49190,75012],[232,572],[579,331]],[[50001,75915],[231,-90],[838,26]],[[78231,75308],[132,-344]],[[75943,74072],[52,487],[802,515],[125,-66],[555,479],[165,454]],[[77642,75941],[278,-274],[227,-41],[84,-318]],[[94809,75979],[98,-604]],[[93562,73081],[215,165],[-80,632],[183,364],[-34,820],[-143,590]],[[93703,75652],[812,325],[294,2]],[[57575,75007],[1012,-296],[241,92],[1195,1116],[49,-82]],[[60072,75837],[-216,-257]],[[53835,73929],[215,612],[315,1495]],[[54365,76036],[868,-287],[150,-194],[2192,-548]],[[46156,74616],[-210,221],[162,807],[-81,126],[169,516]],[[46196,76286],[412,-263],[370,-438]],[[78240,75936],[93,-580],[-102,-48]],[[77642,75941],[189,352]],[[77831,76293],[302,-403],[107,46]],[[45872,76438],[324,-152]],[[42107,74476],[-113,527],[86,326],[-249,284],[48,293]],[[41879,75906],[732,386],[1027,159],[97,256]],[[43735,76707],[825,-151],[1255,-411],[57,293]],[[37211,73817],[104,435],[-19,528],[308,243],[311,29],[166,348],[388,203],[147,372],[190,26],[1150,652],[5,198]],[[39961,76851],[964,-145],[533,-598],[421,-202]],[[85399,76175],[138,-116],[978,-1332],[-30,-401],[-283,-256],[228,-581],[-464,-42]],[[84494,74222],[-177,643],[-810,614],[-948,-17]],[[82559,75462],[57,100],[-344,1365],[1589,-446],[246,-359],[174,312],[701,286],[417,-545]],[[75438,76912],[102,-213],[-153,-304],[-249,73],[4,-409],[208,-72],[-16,-302],[-326,-155],[-689,-740],[-294,63]],[[74025,74853],[233,958],[123,864]],[[74381,76675],[666,75],[391,162]],[[68294,74973],[-86,103],[-350,1676],[66,125]],[[67924,76877],[1570,205]],[[69494,77082],[-170,-750],[-161,-1025]],[[90892,73089],[128,346],[-459,313],[-189,516],[-444,236]],[[89928,74500],[270,93],[76,493],[217,-57],[498,481],[296,13],[480,774],[357,408],[813,732]],[[92935,77437],[245,-314],[350,-805],[173,-666]],[[81685,76774],[112,-418],[388,-265],[374,-629]],[[82559,75462],[-611,77],[-595,-29],[-308,216],[-335,572],[-318,189],[-196,382],[121,176],[979,526]],[[81296,77571],[389,-797]],[[62263,72872],[281,66],[386,-110],[49,847],[173,-43],[43,798],[107,615],[209,320],[72,1401],[120,540],[218,492]],[[63921,77798],[920,-532],[-56,-572],[376,-723],[-108,-437],[202,-437],[229,-120],[582,126],[212,-510],[-3,-258],[-334,-841],[-10,-243]],[[51070,75851],[79,195],[-38,715],[213,546],[74,500]],[[51398,77807],[2967,-1771]],[[75548,77873],[348,-88],[35,-237],[340,-244],[1024,80],[-53,-359],[139,-71],[450,-661]],[[73793,74757],[232,96]],[[75438,76912],[112,92],[-100,885],[98,-16]],[[72916,77731],[358,-1756],[142,-115],[1,-468]],[[69923,75469],[398,30],[431,228],[307,445],[186,681],[210,145],[377,828],[482,371]],[[72314,78197],[149,-383],[453,-83]],[[50001,75915],[77,100],[93,1185],[374,1074]],[[50545,78274],[853,-467]],[[75435,78065],[113,-192]],[[74381,76675],[37,349],[-94,516],[10,838]],[[74334,78378],[698,230],[403,-543]],[[72916,77731],[22,313],[307,27],[489,619]],[[73734,78690],[324,-436],[276,124]],[[78308,78691],[243,-304],[52,-929],[-143,300],[-395,80],[-18,845],[261,8]],[[89928,74500],[-309,573],[-679,205],[-128,244]],[[88812,75522],[217,113],[316,671],[641,503],[779,171],[652,337],[491,793],[526,700]],[[92434,78810],[196,-359],[305,-1014]],[[60072,75837],[741,276],[696,49],[692,472],[410,434],[203,687],[487,264],[184,268],[-4,797],[148,97]],[[63629,79181],[25,-406],[597,-59],[-330,-918]],[[48660,78592],[-192,-1043],[-412,-974],[-176,-226],[-18,-530],[-147,-381]],[[45872,76438],[-80,405],[120,503],[227,203],[-12,632],[125,557]],[[46252,78738],[727,-76],[676,563]],[[47655,79225],[222,-82],[448,-419],[335,-132]],[[81318,77911],[-22,-340]],[[78240,75936],[-195,1704],[-379,2],[228,1046],[177,137],[-13,413]],[[78058,79238],[173,464]],[[78231,79702],[483,-408],[198,-425],[258,238],[337,-25],[165,-366],[1146,-277],[500,-528]],[[48660,78592],[588,361],[390,405],[170,361]],[[49808,79719],[25,-1045],[712,-400]],[[63629,79181],[609,259],[1045,334]],[[65283,79774],[303,-770],[65,-798],[495,-780],[-38,-286],[254,-947],[299,-629],[-51,-745],[115,-117],[329,-845],[52,-603],[157,-413]],[[92434,78810],[-37,74],[782,1056]],[[93179,79940],[1,0]],[[93180,79940],[-12,-699],[-416,-89],[-7,-379],[1348,-1546],[603,-650],[113,-598]],[[88812,75522],[-317,-25],[-288,-578],[-549,-776],[8,-705]],[[85399,76175],[95,225],[23,1059],[372,854]],[[85889,78313],[253,-187],[357,206],[366,44],[181,-202],[622,-292],[714,721],[998,321],[1178,183],[703,475],[25,527]],[[91286,80109],[1893,-169]],[[57575,79074],[0,-4067]],[[49808,79719],[-93,402]],[[49715,80121],[3831,4],[-421,-1075],[-316,-461],[328,-251],[522,202],[511,-83],[426,58],[640,550],[185,-533],[-163,-653],[84,-106],[232,362],[797,624],[579,-185],[92,201],[533,299]],[[57575,79074],[705,412],[-28,-1149],[-83,-1124],[102,-343],[-7,-555],[527,-209],[284,374],[52,332],[685,503],[328,-43],[683,282],[439,82],[169,-127],[481,764],[-82,245],[759,575],[280,411],[260,622],[2108,1]],[[65237,80127],[46,-353]],[[72314,78197],[-27,581],[-105,56],[-68,585],[82,724]],[[72196,80143],[322,-6],[1102,177]],[[73620,80314],[124,56]],[[73744,80370],[117,-244],[85,-1022],[-212,-414]],[[69494,77082],[659,86],[147,705],[-6,539],[168,784],[-145,340],[-7,590],[103,335]],[[70413,80461],[1783,-318]],[[49606,80365],[109,-244]],[[47655,79225],[-333,114],[-31,197],[252,992]],[[47543,80528],[364,141],[512,34],[961,-230],[226,-108]],[[78058,79238],[-913,498],[-789,183],[-358,534],[-34,246]],[[75964,80699],[2199,72]],[[78163,80771],[68,-1069]],[[75922,80710],[42,-11]],[[75435,78065],[225,137],[-106,335],[-296,247],[133,930],[-88,241],[222,475],[0,450]],[[75525,80880],[397,-170]],[[73744,80370],[645,292]],[[74389,80662],[379,145],[757,73]],[[65237,80127],[11,352],[304,560]],[[65552,81039],[537,-502],[238,-515],[-263,-164],[-64,-394],[116,-425],[373,-479],[367,-193],[14,-286],[289,71],[278,-209],[350,-880],[137,-186]],[[78802,81553],[279,-526]],[[79081,81027],[576,-697],[328,38],[617,-649]],[[80602,79719],[496,-636],[363,-922],[-143,-250]],[[78163,80771],[133,638]],[[78296,81409],[506,144]],[[43735,76707],[105,224],[59,1235],[-117,290],[3,628],[-368,686]],[[43417,79770],[157,691],[443,1206]],[[44017,81667],[176,-325],[430,-271],[247,-469],[609,-259],[25,-420],[557,-358],[191,-827]],[[82925,80585],[81,-1147],[124,-626],[-99,-855],[-401,-315],[-594,-601],[-351,-267]],[[80602,79719],[340,407],[127,562],[233,560]],[[81302,81248],[108,-125],[883,464]],[[82293,81587],[194,162],[257,-65],[18,-713],[163,-386]],[[84684,81760],[-138,-291],[-14,-804],[917,-146],[277,80],[622,-424],[-459,-1862]],[[82925,80585],[364,198],[230,295],[78,387],[265,192],[45,257]],[[83907,81914],[777,-154]],[[81302,81248],[-88,510]],[[81214,81758],[612,205],[260,172]],[[82086,82135],[207,-548]],[[78073,82196],[223,-787]],[[75922,80710],[3,1005],[319,335],[16,341]],[[76260,82391],[1813,-195]],[[79081,81027],[1716,1430]],[[80797,82457],[320,-342],[97,-357]],[[79041,82033],[-239,-480]],[[78073,82196],[255,310]],[[78328,82506],[466,-142],[247,-331]],[[70254,81128],[176,-399],[-17,-268]],[[65552,81039],[401,720]],[[65953,81759],[174,-13],[136,428],[319,259],[459,103],[342,241]],[[67383,82777],[320,-90],[904,-714],[353,4],[472,-567],[392,-167],[208,95],[222,-210]],[[39961,76851],[-224,628],[-282,212],[-227,535],[127,487],[-254,49],[-111,284],[-896,871],[-152,546],[-287,1547],[409,264],[134,523],[381,61],[242,-365],[601,318],[446,-324],[1176,-646],[544,212],[117,-318],[574,-400],[-307,-517],[-199,-692],[84,-174],[1061,-261],[413,253],[86,-174]],[[70254,81128],[416,178],[579,-164],[861,388],[-58,229],[291,3],[259,370],[68,477],[622,326]],[[73292,82935],[218,-460],[-45,-513],[88,-354],[-12,-853],[79,-441]],[[87796,82401],[1059,-605],[982,-792],[982,-527],[467,-368]],[[84684,81760],[261,123],[119,289],[440,-4],[1085,619],[257,317]],[[86846,83104],[-5,-485],[397,-205],[558,-13]],[[91076,82738],[190,-124],[626,-692]],[[91892,81922],[-291,-202],[-473,451],[-646,847]],[[90482,83018],[146,189],[448,-469]],[[80714,82703],[83,-246]],[[79041,82033],[510,442],[81,336],[307,465]],[[79939,83276],[96,-307],[329,100],[350,-366]],[[81519,83366],[271,-751]],[[81790,82615],[296,-480]],[[80714,82703],[548,308]],[[81262,83011],[257,355]],[[85750,83159],[200,-37]],[[85950,83122],[-153,-197],[-268,-1]],[[85529,82924],[-258,182],[-334,5],[38,338],[490,-90],[285,-200]],[[83907,81914],[-138,56],[-4,414]],[[83765,82384],[554,-169],[396,41],[144,177],[-17,445],[170,120],[517,-74]],[[85950,83122],[159,301],[345,91]],[[86454,83514],[423,-106],[-31,-304]],[[83737,82528],[28,-144]],[[81790,82615],[439,266],[614,515],[311,134]],[[83154,83530],[100,-915],[483,-87]],[[83154,83530],[281,145]],[[83435,83675],[446,-29],[-61,-985],[-83,-133]],[[90097,83416],[385,-398]],[[91892,81922],[1338,-725],[-381,-344],[13,-449],[318,-464]],[[87796,82401],[180,473],[563,311],[236,572]],[[88775,83757],[513,49],[491,-128],[318,-262]],[[74389,80662],[48,886],[98,480],[-66,601],[-262,931],[-261,328]],[[73946,83888],[360,-51],[684,-546],[364,-80],[266,-642],[640,-178]],[[78328,82506],[819,1239],[13,228]],[[79160,83973],[274,-104],[-80,-194],[585,-399]],[[44017,81667],[-419,1501],[-373,563],[-490,276],[264,98]],[[42999,84105],[321,-122],[1114,-595],[570,-473],[885,-635],[126,-788],[339,-295],[143,-364],[504,-284],[542,-21]],[[85514,84181],[-32,-338],[171,-13],[97,-671]],[[83435,83675],[171,188]],[[83606,83863],[766,78],[207,185]],[[84579,84126],[935,55]],[[88775,83757],[-647,52],[11,374]],[[88139,84183],[558,-34],[635,56],[581,-173],[184,-616]],[[87224,84331],[198,187],[157,-296],[238,24]],[[87817,84246],[322,-63]],[[86454,83514],[23,949]],[[86477,84463],[342,47],[405,-179]],[[85514,84181],[417,60],[551,384]],[[86482,84625],[-5,-162]],[[67383,82777],[994,641],[665,-556],[402,-164],[400,292],[330,-192],[553,107],[351,-161],[345,-335],[228,-1],[310,366],[318,999],[271,321],[473,-159],[-37,204],[355,211],[125,367]],[[73466,84717],[306,-712],[-92,-741],[-388,-329]],[[73466,84717],[137,24]],[[73603,84741],[343,-853]],[[81262,83011],[-332,905],[-116,113],[-27,918],[147,78]],[[80934,85025],[604,-358],[114,-679],[-133,-622]],[[87579,85230],[223,-374],[15,-610]],[[87224,84331],[63,213],[-188,666]],[[87099,85210],[480,20]],[[50231,85605],[-172,-171],[-306,40],[28,-471],[-285,-676],[161,-128],[747,-94],[-488,-462],[-667,-28],[-186,-306],[-221,-15],[-184,-293],[0,-371],[424,-700],[269,-937],[255,-628]],[[42999,84105],[374,56],[706,-34],[816,-137],[422,-152],[1025,-18],[7,-80],[1212,83],[-10,-98],[1081,550],[-285,838],[224,-26],[154,-323],[379,78],[481,280],[50,290],[92,74],[272,70],[100,100],[132,-51]],[[83606,83863],[122,487],[340,379]],[[84068,84729],[189,457],[89,534]],[[84346,85720],[250,-406],[38,-639],[-55,-549]],[[91076,82738],[923,1392],[1317,790],[1552,723],[302,92]],[[95170,85735],[517,-1134],[1024,-2141],[-210,-126],[-15,-908],[577,-1303],[574,-655],[-278,-545],[-70,-360],[-409,-950],[56,-704],[-224,-558],[132,-595]],[[73603,84741],[878,-106],[507,146],[692,-407],[659,-140],[-155,-261],[379,-9],[432,-161],[217,823],[463,821]],[[77675,85447],[692,-432],[265,215],[157,454],[259,60],[178,-627],[-66,-1144]],[[87261,85994],[143,-395],[216,-137],[-41,-232]],[[87099,85210],[-164,678],[326,106]],[[50231,85605],[686,-556],[993,-540],[541,-158],[480,-401],[389,-441],[906,73],[832,548],[728,-78],[1638,32],[66,1050],[555,883],[28,238],[817,-213],[714,72],[653,-2108],[558,-599],[661,-1140],[518,-419],[455,1],[1962,956],[1170,-538],[372,-508]],[[83609,86868],[1029,-131],[100,41]],[[84738,86778],[-392,-1058]],[[84068,84729],[-1244,1009]],[[82824,85738],[38,574],[339,590]],[[83201,86902],[408,-34]],[[84738,86778],[563,67]],[[85301,86845],[360,185]],[[85661,87030],[192,-714],[107,-107],[524,-44],[-112,-163],[145,-453],[-35,-924]],[[82824,85738],[-481,466],[-147,904]],[[82196,87108],[308,60]],[[82504,87168],[241,-216],[456,-50]],[[81740,87132],[456,-24]],[[80934,85025],[28,443],[187,481],[-313,1233]],[[80836,87182],[904,-50]],[[82535,87552],[-31,-384]],[[81740,87132],[214,489],[581,-69]],[[85661,87030],[690,-73]],[[86351,86957],[405,495],[141,324]],[[86897,87776],[39,-620],[-141,-275],[34,-416],[436,-148],[-4,-323]],[[80136,87812],[206,-316],[71,-381],[423,67]],[[77675,85447],[49,154]],[[77724,85601],[714,310],[532,453],[-4,574],[-334,278],[-132,495]],[[78500,87711],[533,102],[1103,-1]],[[83611,87332],[-2,-464]],[[82535,87552],[297,398],[298,110],[41,-570],[137,-171],[303,13]],[[84738,86778],[127,721],[343,543],[38,275]],[[85246,88317],[271,-182],[42,-343],[-323,-642],[65,-305]],[[85246,88317],[223,205],[329,-423],[553,-1142]],[[83611,87332],[244,1299],[71,150],[393,116],[927,-580]],[[78366,89100],[159,-929],[-25,-460]],[[77724,85601],[-72,940],[-876,256],[-571,358],[-258,323],[-205,643],[-543,1198],[288,418],[-288,506],[1003,-43],[443,111],[998,-1168],[406,-137],[317,94]],[[81366,89711],[258,-1428],[-317,-223],[-174,132],[-997,-380]],[[78366,89100],[810,1359]],[[79176,90459],[308,-159],[83,-412],[545,34],[135,122],[117,-279],[1002,-54]],[[83656,90153],[663,-598],[645,-86],[990,271],[1301,-72],[732,302]],[[87987,89970],[422,-594]],[[88409,89376],[-1512,-1600]],[[81366,89711],[-28,260]],[[81338,89971],[295,-142],[88,-232],[227,19],[-3,229],[399,46],[331,-196],[-209,774]],[[82466,90469],[622,-566],[251,-315],[317,565]],[[81338,89971],[329,104],[158,248],[-71,243],[228,173],[484,-270]],[[82466,90469],[177,584]],[[82643,91053],[56,-58],[517,820],[640,-1115],[-200,-547]],[[79176,90459],[345,762],[185,200],[806,290],[206,-74],[555,160],[30,179],[-263,360],[281,191]],[[81321,92527],[1322,-1474]],[[83164,94021],[650,-418],[269,-351],[231,-93]],[[84314,93159],[368,-499],[827,-559],[921,318],[472,-668],[168,-530],[917,-1251]],[[81321,92527],[619,345],[801,627],[423,522]],[[92596,89194],[-2249,-309],[-508,-716],[-384,-192],[-583,504],[-52,643],[-190,297],[-221,-45]],[[88409,89376],[572,1790],[321,201],[-344,595],[-97,1216],[287,718],[223,204],[950,567]],[[90321,94667],[201,-399],[434,-432],[97,-352],[402,-253],[31,-400],[376,-646],[278,-667],[51,-305],[373,-247],[72,-634],[154,-148],[-52,-765],[-142,-225]],[[89806,96875],[-5492,-3716]],[[83164,94021],[722,2239],[1422,374],[894,185],[680,-149],[-308,710],[147,509],[-38,991],[455,574],[340,545],[812,-54],[183,-86],[321,-442],[362,-106],[76,-348],[653,-1295],[-143,-126],[64,-667]],[[4613,29854],[-396,-298],[-616,135]],[[7318,29395],[-104,159],[-817,237],[-775,-144],[-246,129],[-763,78]],[[3337,32691],[106,908],[157,367]],[[24576,41294],[319,-579],[300,-341],[662,-289],[762,-139]],[[29695,37664],[0,-5]],[[96814,40456],[-266,59],[-236,-204],[49,-403],[209,-25],[100,-438],[-112,-431],[-388,-253]],[[92596,89194],[94,-526],[632,-373],[394,-142],[652,-395],[520,-1149],[282,-874]],[[89806,96875],[98,-976],[217,-905],[200,-327]]],"transform":{"scale":[1.4020440204402008e-05,1.1765517655176564e-05],"translate":[78.06644,13.30811]},"objects":{"villages":{"type":"GeometryCollection","geometries":[{"arcs":[[0,1]],"type":"Polygon","properties":{"n":"Kurijala","c":596532,"d":"Annamayya","s":"ANDHRA PRADESH"}},{"arcs":[[2,3,-1,4,5,6]],"type":"Polygon","properties":{"n":"Chokkandlapalle","c":596533,"d":"Annamayya","s":"ANDHRA PRADESH"}},{"arcs":[[7,-3,8,9]],"type":"Polygon","properties":{"n":"Moogavadi","c":596539,"d":"Annamayya","s":"ANDHRA PRADESH"}},{"arcs":[[10,11,-6,12,13,14]],"type":"Polygon","properties":{"n":"Ramasamudram","c":596531,"d":"Annamayya","s":"ANDHRA PRADESH"}},{"arcs":[[-9,-7,-12,15,16]],"type":"Polygon","properties":{"n":"Voolapadu","c":596534,"d":"Annamayya","s":"ANDHRA PRADESH"}},{"arcs":[[17,-14,18,19]],"type":"Polygon","properties":{"n":"Elavanellore","c":596530,"d":"Annamayya","s":"ANDHRA PRADESH"}},{"arcs":[[20,21,-10,22,23]],"type":"Polygon","properties":{"n":"Kudurucheemanapalle","c":596538,"d":"Annamayya","s":"ANDHRA PRADESH"}},{"arcs":[[24,-21,25]],"type":"Polygon","properties":{"n":"Malenatham","c":596537,"d":"Annamayya","s":"ANDHRA PRADESH"}},{"arcs":[[-23,-17,26,27]],"type":"Polygon","properties":{"n":"Miniki","c":596535,"d":"Annamayya","s":"ANDHRA PRADESH"}},{"arcs":[[28,-15,-18,29,30]],"type":"Polygon","properties":{"n":"Peddakurapalle","c":596528,"d":"Annamayya","s":"ANDHRA PRADESH"}},{"arcs":[[31,-30,-20,32,33]],"type":"Polygon","properties":{"n":"R.Nadimpalle","c":596529,"d":"Annamayya","s":"ANDHRA PRADESH"}},{"arcs":[[34,-31,-32,35,36]],"type":"Polygon","properties":{"n":"Kappalle","c":596527,"d":"Annamayya","s":"ANDHRA PRADESH"}},{"arcs":[[-27,-16,-11,-29,-35,37,38]],"type":"Polygon","properties":{"n":" ","c":0,"d":"Annamayya","s":"ANDHRA PRADESH"}},{"arcs":[[-26,-24,-28,-39,39,40]],"type":"Polygon","properties":{"n":"Arikela","c":596536,"d":"Annamayya","s":"ANDHRA PRADESH"}},{"arcs":[[41,42,-40,-38,-37,43,44]],"type":"Polygon","properties":{"n":"Chembakur","c":596526,"d":"Annamayya","s":"ANDHRA PRADESH"}},{"arcs":[[45,-44,-36,-34,46,47]],"type":"Polygon","properties":{"n":"Nariganipalle","c":596525,"d":"Annamayya","s":"ANDHRA PRADESH"}},{"arcs":[[48,-46,49]],"type":"Polygon","properties":{"n":"Theneegalavaripalle","c":596135,"d":"Annamayya","s":"ANDHRA PRADESH"}},{"arcs":[[50,-42,51]],"type":"Polygon","properties":{"n":" ","c":0,"d":"Annamayya","s":"ANDHRA PRADESH"}},{"arcs":[[52,53,54,-52,-45,-49,55,56]],"type":"Polygon","properties":{"n":"Penchupadu","c":596136,"d":"Annamayya","s":"ANDHRA PRADESH"}},{"arcs":[[57,-56,-50,-48,58,59]],"type":"Polygon","properties":{"n":" ","c":0,"d":"Annamayya","s":"ANDHRA PRADESH"}},{"arcs":[[-57,-58,60]],"type":"Polygon","properties":{"n":"Malepadu","c":596134,"d":"Annamayya","s":"ANDHRA PRADESH"}},{"arcs":[[61,62,63,64,65]],"type":"Polygon","properties":{"n":" ","c":0,"d":"Annamayya","s":"ANDHRA PRADESH"}},{"arcs":[[66,67,68,69,70,71,72]],"type":"Polygon","properties":{"n":"Valasapalle","c":596144,"d":"Annamayya","s":"ANDHRA PRADESH"}},{"arcs":[[73,74,-72,75]],"type":"Polygon","properties":{"n":"Molakaladinne","c":596143,"d":"Annamayya","s":"ANDHRA PRADESH"}},{"arcs":[[-70,76,77,78]],"type":"Polygon","properties":{"n":" ","c":0,"d":"Annamayya","s":"ANDHRA PRADESH"}},{"arcs":[[79,80,81,82]],"type":"Polygon","properties":{"n":"Ankisettipalle (OG)","c":596147,"d":"Annamayya","s":"ANDHRA PRADESH"}},{"arcs":[[-77,-69,83,-54,84,-80,85,86]],"type":"Polygon","properties":{"n":"Madanapalle (R) (Part)","c":596137,"d":"Annamayya","s":"ANDHRA PRADESH"}},{"arcs":[[-82,87,88,89]],"type":"Polygon","properties":{"n":"Chippili (OG)","c":596145,"d":"Annamayya","s":"ANDHRA PRADESH"}},{"arcs":[[90,-64,91,92]],"type":"Polygon","properties":{"n":"Thavalam","c":596155,"d":"Annamayya","s":"ANDHRA PRADESH"}},{"arcs":[[93,-74,94,95]],"type":"Polygon","properties":{"n":"Pamaiahgaripalle (OG)","c":596148,"d":"Annamayya","s":"ANDHRA PRADESH"}},{"arcs":[[96,-73,-75,-94,97]],"type":"Polygon","properties":{"n":"Machireddigaripalle","c":596151,"d":"Annamayya","s":"ANDHRA PRADESH"}},{"arcs":[[-93,98,99]],"type":"Polygon","properties":{"n":"Chowkillavaripalle","c":596156,"d":"Annamayya","s":"ANDHRA PRADESH"}},{"arcs":[[100,-86,-83,-90,101,102]],"type":"Polygon","properties":{"n":"PappireddiPalle (OG)","c":596149,"d":"Annamayya","s":"ANDHRA PRADESH"}},{"arcs":[[-88,-81,-85,-53,-61,-60,103,104]],"type":"Polygon","properties":{"n":"Vempalle","c":596133,"d":"Annamayya","s":"ANDHRA PRADESH"}},{"arcs":[[105,106,-66,107]],"type":"Polygon","properties":{"n":"Vengamvaripalle","c":596159,"d":"Annamayya","s":"ANDHRA PRADESH"}},{"arcs":[[108,109,-95,-76,-71,-79,110,111]],"type":"Polygon","properties":{"n":"Basinikonda (Part)","c":596142,"d":"Annamayya","s":"ANDHRA PRADESH"}},{"arcs":[[-102,-89,-105,112,113]],"type":"Polygon","properties":{"n":" ","c":0,"d":"Annamayya","s":"ANDHRA PRADESH"}},{"arcs":[[114,-98,-96,-110,115]],"type":"Polygon","properties":{"n":"Rachavetivaripalle","c":596150,"d":"Annamayya","s":"ANDHRA PRADESH"}},{"arcs":[[116,117,-99,-92,-63,118,119,120]],"type":"Polygon","properties":{"n":"Mastur","c":596154,"d":"Annamayya","s":"ANDHRA PRADESH"}},{"arcs":[[-112,121,122]],"type":"Polygon","properties":{"n":"Venkappakota (OG)","c":596146,"d":"Annamayya","s":"ANDHRA PRADESH"}},{"arcs":[[123,124,125]],"type":"Polygon","properties":{"n":"Kollabylu(Part)","c":596131,"d":"Annamayya","s":"ANDHRA PRADESH"}},{"arcs":[[-120,126,-67,-97,-115,127,128,129]],"type":"Polygon","properties":{"n":"Reddivaripalle","c":596152,"d":"Annamayya","s":"ANDHRA PRADESH"}},{"arcs":[[130,131,-108,-65,-91,-100,-118,132]],"type":"Polygon","properties":{"n":"Nimmanapalle","c":596157,"d":"Annamayya","s":"ANDHRA PRADESH"}},{"arcs":[[-125,133,-103,-114,134,135,136]],"type":"Polygon","properties":{"n":"Ponnetipalem (Part)","c":596132,"d":"Annamayya","s":"ANDHRA PRADESH"}},{"arcs":[[137,138,139]],"type":"Polygon","properties":{"n":"Buchipalle","c":596121,"d":"Annamayya","s":"ANDHRA PRADESH"}},{"arcs":[[-122,-111,-78,-87,-101,-134,-124,140,141,142]],"type":"Polygon","properties":{"n":"Madanapalle (M + OG)","c":803015,"d":"Annamayya","s":"ANDHRA PRADESH"}},{"arcs":[[143,144,145,-106,-132,146]],"type":"Polygon","properties":{"n":"Agraharam","c":596158,"d":"Annamayya","s":"ANDHRA PRADESH"}},{"arcs":[[147,-128,-116,-109,-123,-143,148]],"type":"Polygon","properties":{"n":"Pothapalu","c":596141,"d":"Annamayya","s":"ANDHRA PRADESH"}},{"arcs":[[149,150,151]],"type":"Polygon","properties":{"n":"Agraharam","c":596062,"d":"Annamayya","s":"ANDHRA PRADESH"}},{"arcs":[[152,-147,-131,153,154]],"type":"Polygon","properties":{"n":"Aramadaka","c":596089,"d":"Annamayya","s":"ANDHRA PRADESH"}},{"arcs":[[155,156,157,158]],"type":"Polygon","properties":{"n":"Guttapalem","c":596076,"d":"Annamayya","s":"ANDHRA PRADESH"}},{"arcs":[[-129,-148,159,160]],"type":"Polygon","properties":{"n":" ","c":0,"d":"Annamayya","s":"ANDHRA PRADESH"}},{"arcs":[[-150,161,162,163]],"type":"Polygon","properties":{"n":"Regullu","c":596061,"d":"Annamayya","s":"ANDHRA PRADESH"}},{"arcs":[[164,-154,-133,-117,165,166]],"type":"Polygon","properties":{"n":"Kuraparthi","c":596088,"d":"Annamayya","s":"ANDHRA PRADESH"}},{"arcs":[[-144,-153,167,168]],"type":"Polygon","properties":{"n":"Mugalamarri","c":596091,"d":"Annamayya","s":"ANDHRA PRADESH"}},{"arcs":[[169,170,-141,171,172]],"type":"Polygon","properties":{"n":"Angallu","c":596101,"d":"Annamayya","s":"ANDHRA PRADESH"}},{"arcs":[[173,-170,174]],"type":"Polygon","properties":{"n":"Brahmanavoddu Palle","c":596098,"d":"Annamayya","s":"ANDHRA PRADESH"}},{"arcs":[[175,176,177,178,179,180]],"type":"Polygon","properties":{"n":"Badikayalapalle","c":596124,"d":"Annamayya","s":"ANDHRA PRADESH"}},{"arcs":[[-179,181,-138,182,183]],"type":"Polygon","properties":{"n":"Beerangi","c":596123,"d":"Annamayya","s":"ANDHRA PRADESH"}},{"arcs":[[-183,-140,184,185,186]],"type":"Polygon","properties":{"n":"Sampathikota","c":596120,"d":"Annamayya","s":"ANDHRA PRADESH"}},{"arcs":[[187,-172,-126,-137,188,189,190]],"type":"Polygon","properties":{"n":"Thettu","c":596100,"d":"Annamayya","s":"ANDHRA PRADESH"}},{"arcs":[[191,192,-160,-149,-142,-171,-174,193,194]],"type":"Polygon","properties":{"n":"Kothavaripalle","c":596138,"d":"Annamayya","s":"ANDHRA PRADESH"}},{"arcs":[[195,196,-156,197,198]],"type":"Polygon","properties":{"n":"Kalikirireddivari Palle","c":596075,"d":"Annamayya","s":"ANDHRA PRADESH"}},{"arcs":[[-158,199,200,201]],"type":"Polygon","properties":{"n":"Gandaboyanapalle","c":596094,"d":"Annamayya","s":"ANDHRA PRADESH"}},{"arcs":[[202,203,204,205]],"type":"Polygon","properties":{"n":"Yerraguntlapalle","c":596059,"d":"Annamayya","s":"ANDHRA PRADESH"}},{"arcs":[[-167,206,207,208]],"type":"Polygon","properties":{"n":"Vittalam","c":596087,"d":"Annamayya","s":"ANDHRA PRADESH"}},{"arcs":[[209,210]],"type":"Polygon","properties":{"n":"Jammallapalle","c":596092,"d":"Annamayya","s":"ANDHRA PRADESH"}},{"arcs":[[211,212,213]],"type":"Polygon","properties":{"n":" ","c":0,"d":"Annamayya","s":"ANDHRA PRADESH"}},{"arcs":[[214,-190,215,216]],"type":"Polygon","properties":{"n":"Kotavooru","c":596130,"d":"Annamayya","s":"ANDHRA PRADESH"}},{"arcs":[[217,-216,-189,-136,218,-177,219,220]],"type":"Polygon","properties":{"n":" ","c":0,"d":"Annamayya","s":"ANDHRA PRADESH"}},{"arcs":[[221,-194,-175,-173,-188,222,223,224]],"type":"Polygon","properties":{"n":"Kurabalakota","c":596099,"d":"Annamayya","s":"ANDHRA PRADESH"}},{"arcs":[[225,226,-196,227,228]],"type":"Polygon","properties":{"n":"Korlakunta","c":596074,"d":"Annamayya","s":"ANDHRA PRADESH"}},{"arcs":[[-228,-199,229,230,231]],"type":"Polygon","properties":{"n":"Kalikiri","c":596077,"d":"Annamayya","s":"ANDHRA PRADESH"}},{"arcs":[[232,-205,233,234]],"type":"Polygon","properties":{"n":"Pileru (CT)","c":596063,"d":"Annamayya","s":"ANDHRA PRADESH"}},{"arcs":[[235,-201,236,-145,-169,237,-211,238,239,240]],"type":"Polygon","properties":{"n":"Chintaparthi","c":596093,"d":"Annamayya","s":"ANDHRA PRADESH"}},{"arcs":[[-239,-210,-238,-168,-155,-165,-209,241,242]],"type":"Polygon","properties":{"n":"Chinthalavaripalle","c":596090,"d":"Annamayya","s":"ANDHRA PRADESH"}},{"arcs":[[243,-207,-166,-121,-130,-161,-193,244,-214,245]],"type":"Polygon","properties":{"n":"Valmikipuram","c":596086,"d":"Annamayya","s":"ANDHRA PRADESH"}},{"arcs":[[246,247,248]],"type":"Polygon","properties":{"n":"Amallabandakota","c":596117,"d":"Annamayya","s":"ANDHRA PRADESH"}},{"arcs":[[249,-186,250,251,-248,252]],"type":"Polygon","properties":{"n":"Mallela","c":596119,"d":"Annamayya","s":"ANDHRA PRADESH"}},{"arcs":[[253,-195,-222,254]],"type":"Polygon","properties":{"n":"Chinnathippasamudram","c":596139,"d":"Annamayya","s":"ANDHRA PRADESH"}},{"arcs":[[255,-234,-204,256,-151,-164,257,258]],"type":"Polygon","properties":{"n":"Doddipalle","c":596060,"d":"Annamayya","s":"ANDHRA PRADESH"}},{"arcs":[[259,-181,260,261]],"type":"Polygon","properties":{"n":"Gummasamudram","c":596125,"d":"Annamayya","s":"ANDHRA PRADESH"}},{"arcs":[[262,263,264]],"type":"Polygon","properties":{"n":"Chinnaponguppalle","c":596116,"d":"Annamayya","s":"ANDHRA PRADESH"}},{"arcs":[[265]],"type":"Polygon","properties":{"n":"Ananthapuram","c":596115,"d":"Annamayya","s":"ANDHRA PRADESH"}},{"arcs":[[266,267,-242,-208,-244,268,269]],"type":"Polygon","properties":{"n":"Jarravaripalle","c":596085,"d":"Annamayya","s":"ANDHRA PRADESH"}},{"arcs":[[270,-240,-243,-268,271,272,273]],"type":"Polygon","properties":{"n":"Ayyavaripalle","c":596084,"d":"Annamayya","s":"ANDHRA PRADESH"}},{"arcs":[[-235,-256,274,275]],"type":"Polygon","properties":{"n":"Bodumalluvaripalle","c":596057,"d":"Annamayya","s":"ANDHRA PRADESH"}},{"arcs":[[276,277,-230,-198,-159,-202,-236,278,279]],"type":"Polygon","properties":{"n":"Thatiguntapalle","c":596082,"d":"Annamayya","s":"ANDHRA PRADESH"}},{"arcs":[[280,-223,-191,-215,281,282]],"type":"Polygon","properties":{"n":"Pitchalavandla Palle","c":596095,"d":"Annamayya","s":"ANDHRA PRADESH"}},{"arcs":[[-206,-233,-276,283,284,285]],"type":"Polygon","properties":{"n":"Gudarevupalle","c":596058,"d":"Annamayya","s":"ANDHRA PRADESH"}},{"arcs":[[286,-261,-180,-184,-187,-250,287,288]],"type":"Polygon","properties":{"n":"B.Kothakota","c":596122,"d":"Annamayya","s":"ANDHRA PRADESH"}},{"arcs":[[289,290,-221,291,292]],"type":"Polygon","properties":{"n":"Bayyappagaripalle","c":596127,"d":"Annamayya","s":"ANDHRA PRADESH"}},{"arcs":[[-279,-241,-271,293,294,295]],"type":"Polygon","properties":{"n":"Manchuru","c":596083,"d":"Annamayya","s":"ANDHRA PRADESH"}},{"arcs":[[296,-263,297,298],[-266]],"type":"Polygon","properties":{"n":"T.Sadum","c":596114,"d":"Annamayya","s":"ANDHRA PRADESH"}},{"arcs":[[299,-212,-245,-192,-254,300,301]],"type":"Polygon","properties":{"n":" ","c":0,"d":"Annamayya","s":"ANDHRA PRADESH"}},{"arcs":[[302,-213,-300,303]],"type":"Polygon","properties":{"n":" ","c":0,"d":"Annamayya","s":"ANDHRA PRADESH"}},{"arcs":[[-282,-217,-218,-291,304]],"type":"Polygon","properties":{"n":"Gollapalle","c":596129,"d":"Annamayya","s":"ANDHRA PRADESH"}},{"arcs":[[305,-258,-163,306,-226,307,308,309]],"type":"Polygon","properties":{"n":"Vepulabylu","c":596056,"d":"Annamayya","s":"ANDHRA PRADESH"}},{"arcs":[[-308,-229,-232,310]],"type":"Polygon","properties":{"n":"Pathegada","c":596073,"d":"Annamayya","s":"ANDHRA PRADESH"}},{"arcs":[[311,-292,-220,-176,-260,312,313]],"type":"Polygon","properties":{"n":"Gattu","c":596126,"d":"Annamayya","s":"ANDHRA PRADESH"}},{"arcs":[[314,315,-284,-275,-259,-306,316,317,318]],"type":"Polygon","properties":{"n":"Mudupulavemula","c":596052,"d":"Annamayya","s":"ANDHRA PRADESH"}},{"arcs":[[319,-269,-246,-303,320]],"type":"Polygon","properties":{"n":"Tharigonda","c":595655,"d":"Annamayya","s":"ANDHRA PRADESH"}},{"arcs":[[321,-317,-310,322,323]],"type":"Polygon","properties":{"n":"Maddelacheruvu","c":596055,"d":"Annamayya","s":"ANDHRA PRADESH"}},{"arcs":[[324]],"type":"Polygon","properties":{"n":"Devarapalle","c":595615,"d":"Annamayya","s":"ANDHRA PRADESH"}},{"arcs":[[325,-285,-316,326,327]],"type":"Polygon","properties":{"n":"Jandla","c":596051,"d":"Annamayya","s":"ANDHRA PRADESH"}},{"arcs":[[328,329,-323,-309,-311,-231,-278,330,331]],"type":"Polygon","properties":{"n":"Marrikuntapalle","c":596072,"d":"Annamayya","s":"ANDHRA PRADESH"}},{"arcs":[[332,-273,333,334]],"type":"Polygon","properties":{"n":"Velagapalle","c":596078,"d":"Annamayya","s":"ANDHRA PRADESH"}},{"arcs":[[335,-318,-322,336]],"type":"Polygon","properties":{"n":"Kavalipalle","c":596054,"d":"Annamayya","s":"ANDHRA PRADESH"}},{"arcs":[[-334,-272,-267,337,338,339]],"type":"Polygon","properties":{"n":"Marripadu","c":595658,"d":"Annamayya","s":"ANDHRA PRADESH"}},{"arcs":[[340,-331,-277,341,342,343]],"type":"Polygon","properties":{"n":"Medikurthi","c":596071,"d":"Annamayya","s":"ANDHRA PRADESH"}},{"arcs":[[344,345,-329,346,347]],"type":"Polygon","properties":{"n":"Munellapalle","c":596068,"d":"Annamayya","s":"ANDHRA PRADESH"}},{"arcs":[[348,-294,-274,-333,349,350]],"type":"Polygon","properties":{"n":"Nagarimadugu","c":596079,"d":"Annamayya","s":"ANDHRA PRADESH"}},{"arcs":[[-342,-280,-296,351,352]],"type":"Polygon","properties":{"n":"T.Sakirevupalle","c":596081,"d":"Annamayya","s":"ANDHRA PRADESH"}},{"arcs":[[353,-352,-295,-349,354]],"type":"Polygon","properties":{"n":"Budidavedu","c":596080,"d":"Annamayya","s":"ANDHRA PRADESH"}},{"arcs":[[-321,-304,-302,355,356,357,358]],"type":"Polygon","properties":{"n":"Setlivaripalle","c":595654,"d":"Annamayya","s":"ANDHRA PRADESH"}},{"arcs":[[359,-338,-270,-320,-359,360,361]],"type":"Polygon","properties":{"n":"Ramapuram","c":595656,"d":"Annamayya","s":"ANDHRA PRADESH"}},{"arcs":[[-339,-360,362]],"type":"Polygon","properties":{"n":"Tharigondarajupalle","c":595657,"d":"Annamayya","s":"ANDHRA PRADESH"}},{"arcs":[[363,364,-313,-262,-287,365,366],[-325]],"type":"Polygon","properties":{"n":"Maddinayanipalle","c":595614,"d":"Annamayya","s":"ANDHRA PRADESH"}},{"arcs":[[367,-288,-253,-247,368,369,370,371]],"type":"Polygon","properties":{"n":"Boorlapalle","c":596118,"d":"Annamayya","s":"ANDHRA PRADESH"}},{"arcs":[[-370,372,373,374]],"type":"Polygon","properties":{"n":"Peddathippasamudram","c":596112,"d":"Annamayya","s":"ANDHRA PRADESH"}},{"arcs":[[375,-347,-332,-341,376,377]],"type":"Polygon","properties":{"n":"Pallavolu","c":596069,"d":"Annamayya","s":"ANDHRA PRADESH"}},{"arcs":[[378,-345,379,380]],"type":"Polygon","properties":{"n":"Yerlampalle","c":595690,"d":"Annamayya","s":"ANDHRA PRADESH"}},{"arcs":[[381,-357,382,383,384]],"type":"Polygon","properties":{"n":"Arigalavaripalle","c":595653,"d":"Annamayya","s":"ANDHRA PRADESH"}},{"arcs":[[385,-361,-358,-382,386,387]],"type":"Polygon","properties":{"n":"Amilepalle","c":595652,"d":"Annamayya","s":"ANDHRA PRADESH"}},{"arcs":[[-343,-353,-354,388,389]],"type":"Polygon","properties":{"n":"Parapatla","c":596070,"d":"Annamayya","s":"ANDHRA PRADESH"}},{"arcs":[[-383,-356,-301,-255,-225,390,391]],"type":"Polygon","properties":{"n":"Matlivaripalle","c":596097,"d":"Annamayya","s":"ANDHRA PRADESH"}},{"arcs":[[392,-366,-289,-368,393,394]],"type":"Polygon","properties":{"n":"Rangasamudram","c":596109,"d":"Annamayya","s":"ANDHRA PRADESH"}},{"arcs":[[-371,-375,395,396,397,398]],"type":"Polygon","properties":{"n":"Maddaiahgaripalle","c":596111,"d":"Annamayya","s":"ANDHRA PRADESH"}},{"arcs":[[-377,-344,-390,399,400,401]],"type":"Polygon","properties":{"n":"Cheekatipalle","c":596064,"d":"Annamayya","s":"ANDHRA PRADESH"}},{"arcs":[[402,403,-391,-224,-281,404]],"type":"Polygon","properties":{"n":"Mudivedu","c":596096,"d":"Annamayya","s":"ANDHRA PRADESH"}},{"arcs":[[405,-380,-348,-376,406,407]],"type":"Polygon","properties":{"n":"Gyarampalle","c":595688,"d":"Annamayya","s":"ANDHRA PRADESH"}},{"arcs":[[-293,-312,408,409]],"type":"Polygon","properties":{"n":"Thummanamgutta","c":596128,"d":"Annamayya","s":"ANDHRA PRADESH"}},{"arcs":[[410,-398,411,412]],"type":"Polygon","properties":{"n":"Jagadamvaripalle","c":596106,"d":"Annamayya","s":"ANDHRA PRADESH"}},{"arcs":[[-337,-324,-330,-346,-379,413,414,415]],"type":"Polygon","properties":{"n":"Sorakayalapet","c":595689,"d":"Annamayya","s":"ANDHRA PRADESH"}},{"arcs":[[-319,-336,-416,416,417]],"type":"Polygon","properties":{"n":"Gorantlapalle","c":595695,"d":"Annamayya","s":"ANDHRA PRADESH"}},{"arcs":[[-394,-372,-399,-411,418,419]],"type":"Polygon","properties":{"n":"Madunuru","c":596110,"d":"Annamayya","s":"ANDHRA PRADESH"}},{"arcs":[[420,-384,-392,-404,421,422,423]],"type":"Polygon","properties":{"n":"Kukkarajupalle","c":595632,"d":"Annamayya","s":"ANDHRA PRADESH"}},{"arcs":[[424,425,426]],"type":"Polygon","properties":{"n":"Chennaiahgaripalle","c":595608,"d":"Annamayya","s":"ANDHRA PRADESH"}},{"arcs":[[427,-400,-389,-355,-351,428,429]],"type":"Polygon","properties":{"n":"Mudiamvaripalle","c":595663,"d":"Annamayya","s":"ANDHRA PRADESH"}},{"arcs":[[430,-364,431,432]],"type":"Polygon","properties":{"n":"Vepurikota","c":595612,"d":"Annamayya","s":"ANDHRA PRADESH"}},{"arcs":[[433,-388,434]],"type":"Polygon","properties":{"n":"Marrimakulapalle","c":595651,"d":"Annamayya","s":"ANDHRA PRADESH"}},{"arcs":[[435,-426,-395,-420,436,437,438]],"type":"Polygon","properties":{"n":"Kamsalavandla Palle","c":596108,"d":"Annamayya","s":"ANDHRA PRADESH"}},{"arcs":[[-438,439,440]],"type":"Polygon","properties":{"n":"Marellagadda","c":595606,"d":"Annamayya","s":"ANDHRA PRADESH"}},{"arcs":[[441,-408,442,443]],"type":"Polygon","properties":{"n":"Matampalle","c":595687,"d":"Annamayya","s":"ANDHRA PRADESH"}},{"arcs":[[444,445,446]],"type":"Polygon","properties":{"n":"Marrimakulapalle","c":595628,"d":"Annamayya","s":"ANDHRA PRADESH"}},{"arcs":[[447,-409,-314,-365,-431,448]],"type":"Polygon","properties":{"n":"Burakayalakota","c":595611,"d":"Annamayya","s":"ANDHRA PRADESH"}},{"arcs":[[449,450,451,-429,-350,-335,-340,-363,-362,-386,-434,452,453]],"type":"Polygon","properties":{"n":"Enugondapalem","c":595662,"d":"Annamayya","s":"ANDHRA PRADESH"}},{"arcs":[[454,455,456,457,-443,-407,-378,-402,458]],"type":"Polygon","properties":{"n":"Gundloor","c":596066,"d":"Annamayya","s":"ANDHRA PRADESH"}},{"arcs":[[-328,459,460,461]],"type":"Polygon","properties":{"n":"Talupula","c":596050,"d":"Annamayya","s":"ANDHRA PRADESH"}},{"arcs":[[462,463,-432,-367,-393,-425,464]],"type":"Polygon","properties":{"n":"Peddapalem","c":595609,"d":"Annamayya","s":"ANDHRA PRADESH"}},{"arcs":[[465,-440,-437,-419,-413,466,467]],"type":"Polygon","properties":{"n":"Pulikallu","c":596107,"d":"Annamayya","s":"ANDHRA PRADESH"}},{"arcs":[[-430,-452,468]],"type":"Polygon","properties":{"n":"Nawabpet","c":595664,"d":"Annamayya","s":"ANDHRA PRADESH"}},{"arcs":[[469,470,-417,-415,471,472]],"type":"Polygon","properties":{"n":"Vagalla","c":595692,"d":"Annamayya","s":"ANDHRA PRADESH"}},{"arcs":[[473,-456,474,475]],"type":"Polygon","properties":{"n":"Mahal","c":596065,"d":"Annamayya","s":"ANDHRA PRADESH"}},{"arcs":[[-396,-374,476,477,478,479,480]],"type":"Polygon","properties":{"n":"Kandukuru","c":596104,"d":"Annamayya","s":"ANDHRA PRADESH"}},{"arcs":[[-472,-414,-381,-406,-442,481]],"type":"Polygon","properties":{"n":" ","c":0,"d":"Annamayya","s":"ANDHRA PRADESH"}},{"arcs":[[-479,482]],"type":"Polygon","properties":{"n":"Pattamvandlapalle","c":596103,"d":"Annamayya","s":"ANDHRA PRADESH"}},{"arcs":[[-467,-412,-397,-481,483]],"type":"Polygon","properties":{"n":"Katnagallu","c":596105,"d":"Annamayya","s":"ANDHRA PRADESH"}},{"arcs":[[484,-447,485,486,487]],"type":"Polygon","properties":{"n":"Kannemadugu","c":595629,"d":"Annamayya","s":"ANDHRA PRADESH"}},{"arcs":[[488,489,-439,-441,-466,490]],"type":"Polygon","properties":{"n":"Nayanicheruvupalle","c":595605,"d":"Annamayya","s":"ANDHRA PRADESH"}},{"arcs":[[-465,-427,-436,-490,491]],"type":"Polygon","properties":{"n":"Kadirinathunikota","c":595607,"d":"Annamayya","s":"ANDHRA PRADESH"}},{"arcs":[[-473,-482,-444,-458,492,493]],"type":"Polygon","properties":{"n":"Theethavagunta Palle","c":595686,"d":"Annamayya","s":"ANDHRA PRADESH"}},{"arcs":[[494,495,-450,496,497]],"type":"Polygon","properties":{"n":"Kadirayacheruvu","c":595661,"d":"Annamayya","s":"ANDHRA PRADESH"}},{"arcs":[[498,499,-453,-435,-387,-385,-421,500,501]],"type":"Polygon","properties":{"n":"Gurramkonda","c":595648,"d":"Annamayya","s":"ANDHRA PRADESH"}},{"arcs":[[502,-476,503,504,505,506]],"type":"Polygon","properties":{"n":"Mahalrajupalle","c":595684,"d":"Annamayya","s":"ANDHRA PRADESH"}},{"arcs":[[507,508,-449,-433,-464,509,510,511]],"type":"Polygon","properties":{"n":"Devalcheruvu","c":595610,"d":"Annamayya","s":"ANDHRA PRADESH"}},{"arcs":[[512,-487,513,514,515]],"type":"Polygon","properties":{"n":"Yerrasanipalle","c":595625,"d":"Annamayya","s":"ANDHRA PRADESH"}},{"arcs":[[516,517,518]],"type":"Polygon","properties":{"n":" ","c":0,"d":"Annamayya","s":"ANDHRA PRADESH"}},{"arcs":[[519,520,-504,-475,-455,521,522]],"type":"Polygon","properties":{"n":"Gangapuram","c":595674,"d":"Annamayya","s":"ANDHRA PRADESH"}},{"arcs":[[523,524,525]],"type":"Polygon","properties":{"n":"Ratiguntapalle","c":595666,"d":"Annamayya","s":"ANDHRA PRADESH"}},{"arcs":[[-501,-424,526,527]],"type":"Polygon","properties":{"n":"Sangasamudram","c":595649,"d":"Annamayya","s":"ANDHRA PRADESH"}},{"arcs":[[-522,-459,-401,-428,-469,-451,-496,528,529,-524,530,531]],"type":"Polygon","properties":{"n":"Yerrakotapalle","c":595665,"d":"Annamayya","s":"ANDHRA PRADESH"}},{"arcs":[[-518,532,-527,-423,533,534,535]],"type":"Polygon","properties":{"n":"Kotakonda","c":595631,"d":"Annamayya","s":"ANDHRA PRADESH"}},{"arcs":[[536,-508,537,538,539]],"type":"Polygon","properties":{"n":" ","c":0,"d":"Annamayya","s":"ANDHRA PRADESH"}},{"arcs":[[-497,-454,-500,540,541,542]],"type":"Polygon","properties":{"n":"Sarimadugu","c":595646,"d":"Annamayya","s":"ANDHRA PRADESH"}},{"arcs":[[543,-493,-457,-474,-503,544,545]],"type":"Polygon","properties":{"n":"Thimmapuram","c":595685,"d":"Annamayya","s":"ANDHRA PRADESH"}},{"arcs":[[546,-535,547,-488,-513,548]],"type":"Polygon","properties":{"n":"Eddulavaripalle","c":595624,"d":"Annamayya","s":"ANDHRA PRADESH"}},{"arcs":[[-541,-499,549,550]],"type":"Polygon","properties":{"n":"Chittiboyanapalle","c":595647,"d":"Annamayya","s":"ANDHRA PRADESH"}},{"arcs":[[551,-506,552]],"type":"Polygon","properties":{"n":"Pothavaripalle","c":595673,"d":"Annamayya","s":"ANDHRA PRADESH"}},{"arcs":[[-545,-507,-552,553,554]],"type":"Polygon","properties":{"n":"Hissapalle","c":595683,"d":"Annamayya","s":"ANDHRA PRADESH"}},{"arcs":[[555,-519,556]],"type":"Polygon","properties":{"n":" ","c":0,"d":"Annamayya","s":"ANDHRA PRADESH"}},{"arcs":[[-510,-463,-492,-489,557,558]],"type":"Polygon","properties":{"n":"Mulakalacheruvu","c":595604,"d":"Annamayya","s":"ANDHRA PRADESH"}},{"arcs":[[559,560,-470,-494,-544,561,562]],"type":"Polygon","properties":{"n":"Kambhamvaripalle","c":595691,"d":"Annamayya","s":"ANDHRA PRADESH"}},{"arcs":[[563,-550,-502,-528,-533,-517,-556,564,565]],"type":"Polygon","properties":{"n":" ","c":0,"d":"Annamayya","s":"ANDHRA PRADESH"}},{"arcs":[[566,-461,567]],"type":"Polygon","properties":{"n":"Mellacheruvu","c":596049,"d":"Annamayya","s":"ANDHRA PRADESH"}},{"arcs":[[-520,568,569,570]],"type":"Polygon","properties":{"n":"Kalakadakothapalle","c":595671,"d":"Annamayya","s":"ANDHRA PRADESH"}},{"arcs":[[571,-531,-526,572,573]],"type":"Polygon","properties":{"n":"Devalapalle","c":595667,"d":"Annamayya","s":"ANDHRA PRADESH"}},{"arcs":[[574,-569,-523,-532,-572,575]],"type":"Polygon","properties":{"n":"Kalakadadoddi Palle","c":595670,"d":"Annamayya","s":"ANDHRA PRADESH"}},{"arcs":[[576,577,578]],"type":"Polygon","properties":{"n":"Boppasamudram","c":595681,"d":"Annamayya","s":"ANDHRA PRADESH"}},{"arcs":[[579,-562,-546,-555,580,-579,581]],"type":"Polygon","properties":{"n":"Galivaripalle","c":595682,"d":"Annamayya","s":"ANDHRA PRADESH"}},{"arcs":[[582,583,-538,-512,584,585]],"type":"Polygon","properties":{"n":"Diguvapalem","c":595621,"d":"Annamayya","s":"ANDHRA PRADESH"}},{"arcs":[[586,-565,-557,-536,-547,587,588,589]],"type":"Polygon","properties":{"n":"Veligallu","c":595641,"d":"Annamayya","s":"ANDHRA PRADESH"}},{"arcs":[[590,591]],"type":"Polygon","properties":{"n":"Madinenipalem","c":595660,"d":"Annamayya","s":"ANDHRA PRADESH"}},{"arcs":[[592,-560,593,594]],"type":"Polygon","properties":{"n":"Marella","c":595678,"d":"Annamayya","s":"ANDHRA PRADESH"}},{"arcs":[[595,-588,-549,-516,596,597,598,599]],"type":"Polygon","properties":{"n":"Thamballapalle","c":595623,"d":"Annamayya","s":"ANDHRA PRADESH"}},{"arcs":[[600,-566,-587,601,602]],"type":"Polygon","properties":{"n":"Yellutla","c":595643,"d":"Annamayya","s":"ANDHRA PRADESH"}},{"arcs":[[603,-589,-596,604]],"type":"Polygon","properties":{"n":"Sivapuram","c":595640,"d":"Annamayya","s":"ANDHRA PRADESH"}},{"arcs":[[-602,-590,-604,605,606]],"type":"Polygon","properties":{"n":"Siddavaram","c":595639,"d":"Annamayya","s":"ANDHRA PRADESH"}},{"arcs":[[607,608,609]],"type":"Polygon","properties":{"n":" ","c":0,"d":"Annamayya","s":"ANDHRA PRADESH"}},{"arcs":[[610,-594,-563,-580,611,612]],"type":"Polygon","properties":{"n":"Garnimitta","c":595679,"d":"Annamayya","s":"ANDHRA PRADESH"}},{"arcs":[[613,-585,-511,-559,614,615]],"type":"Polygon","properties":{"n":"Sompalle","c":595603,"d":"Annamayya","s":"ANDHRA PRADESH"}},{"arcs":[[616,617,-542,-551,-564,-601,618]],"type":"Polygon","properties":{"n":"Cherlopalle","c":595644,"d":"Annamayya","s":"ANDHRA PRADESH"}},{"arcs":[[-498,-543,-618,619,620]],"type":"Polygon","properties":{"n":"Nadimikhandriga","c":595645,"d":"Annamayya","s":"ANDHRA PRADESH"}},{"arcs":[[-612,-582,-578,621,622]],"type":"Polygon","properties":{"n":"Thuvvapalle","c":595680,"d":"Annamayya","s":"ANDHRA PRADESH"}},{"arcs":[[623,-576,-574,624,625]],"type":"Polygon","properties":{"n":"Gudibanda","c":595669,"d":"Annamayya","s":"ANDHRA PRADESH"}},{"arcs":[[626,-591,627,-529,-495,-621,628]],"type":"Polygon","properties":{"n":"Nadimicherla","c":595659,"d":"Annamayya","s":"ANDHRA PRADESH"}},{"arcs":[[629,-607,630]],"type":"Polygon","properties":{"n":" ","c":0,"d":"Annamayya","s":"ANDHRA PRADESH"}},{"arcs":[[631,632,-570,-575,-624,633]],"type":"Polygon","properties":{"n":"Sho.Somavaram","c":593510,"d":"Annamayya","s":"ANDHRA PRADESH"}},{"arcs":[[634,635,636]],"type":"Polygon","properties":{"n":"Srinivasapuram","c":593721,"d":"Annamayya","s":"ANDHRA PRADESH"}},{"arcs":[[637,-619,-603,-630,638]],"type":"Polygon","properties":{"n":" ","c":0,"d":"Annamayya","s":"ANDHRA PRADESH"}},{"arcs":[[639,-568,-460,-327,-315,-418,-471,-561,-593,640,641]],"type":"Polygon","properties":{"n":" ","c":0,"d":"Annamayya","s":"ANDHRA PRADESH"}},{"arcs":[[642,-622,-577,-581,-554,-553,-505,-521,-571,-633,643,644]],"type":"Polygon","properties":{"n":"Kalakada","c":595672,"d":"Annamayya","s":"ANDHRA PRADESH"}},{"arcs":[[-586,-614,645,646,647]],"type":"Polygon","properties":{"n":"T.Sowdasamudram","c":595601,"d":"Annamayya","s":"ANDHRA PRADESH"}},{"arcs":[[-625,-573,-525,-530,-628,-592,-627,648,649]],"type":"Polygon","properties":{"n":"Kona","c":595668,"d":"Annamayya","s":"ANDHRA PRADESH"}},{"arcs":[[-644,-632,650,651]],"type":"Polygon","properties":{"n":"Guttapalle","c":593511,"d":"Annamayya","s":"ANDHRA PRADESH"}},{"arcs":[[652,653,-583,-648,654]],"type":"Polygon","properties":{"n":"Gangireddipalle","c":595619,"d":"Annamayya","s":"ANDHRA PRADESH"}},{"arcs":[[655,656,-641,-595,-611,657,658]],"type":"Polygon","properties":{"n":"Noothanakalva","c":595676,"d":"Annamayya","s":"ANDHRA PRADESH"}},{"arcs":[[659,660]],"type":"Polygon","properties":{"n":" ","c":0,"d":"Annamayya","s":"ANDHRA PRADESH"}},{"arcs":[[-646,-616,661,-660,662,663]],"type":"Polygon","properties":{"n":"Gudupalle","c":595602,"d":"Annamayya","s":"ANDHRA PRADESH"}},{"arcs":[[664,-658,-613,-623,-643,665,666]],"type":"Polygon","properties":{"n":"Maddipatlavandlapalle","c":595675,"d":"Annamayya","s":"ANDHRA PRADESH"}},{"arcs":[[667,668]],"type":"Polygon","properties":{"n":" ","c":0,"d":"Annamayya","s":"ANDHRA PRADESH"}},{"arcs":[[669,-639,670,671,672,673]],"type":"Polygon","properties":{"n":"Pasalavandla Palle","c":595642,"d":"Annamayya","s":"ANDHRA PRADESH"}},{"arcs":[[674,675,676,677,678]],"type":"Polygon","properties":{"n":" ","c":0,"d":"Annamayya","s":"ANDHRA PRADESH"}},{"arcs":[[679,-599,680,681,682,683]],"type":"Polygon","properties":{"n":"Gopidinne","c":595618,"d":"Annamayya","s":"ANDHRA PRADESH"}},{"arcs":[[684,-642,-657,685,686]],"type":"Polygon","properties":{"n":"Jillellamanda","c":595677,"d":"Annamayya","s":"ANDHRA PRADESH"}},{"arcs":[[687,-671,-631,-606,-605,-600,-680,688,689,690]],"type":"Polygon","properties":{"n":"Kalicherla","c":595638,"d":"Annamayya","s":"ANDHRA PRADESH"}},{"arcs":[[-673,691,692]],"type":"Polygon","properties":{"n":" ","c":0,"d":"Annamayya","s":"ANDHRA PRADESH"}},{"arcs":[[693]],"type":"Polygon","properties":{"n":"Bonamala","c":593501,"d":"Annamayya","s":"ANDHRA PRADESH"}},{"arcs":[[-609,694,695,696]],"type":"Polygon","properties":{"n":" ","c":0,"d":"Annamayya","s":"ANDHRA PRADESH"}},{"arcs":[[697,698,699,700,701]],"type":"Polygon","properties":{"n":" ","c":0,"d":"Annamayya","s":"ANDHRA PRADESH"}},{"arcs":[[702,703,704,705,706,707,-679,708,709]],"type":"Polygon","properties":{"n":" ","c":0,"d":"Annamayya","s":"ANDHRA PRADESH"}},{"arcs":[[710,-659,-665,711,712]],"type":"Polygon","properties":{"n":"Reddivaripalle","c":593517,"d":"Annamayya","s":"ANDHRA PRADESH"}},{"arcs":[[713,714,-682,715,-653,716]],"type":"Polygon","properties":{"n":" ","c":0,"d":"Annamayya","s":"ANDHRA PRADESH"}},{"arcs":[[-714,717,718]],"type":"Polygon","properties":{"n":"Zunjurupenta","c":595616,"d":"Annamayya","s":"ANDHRA PRADESH"}},{"arcs":[[719,-702,720,-635,721,-706,722]],"type":"Polygon","properties":{"n":"Upparapalle","c":593720,"d":"Annamayya","s":"ANDHRA PRADESH"}},{"arcs":[[723,724,-686,-656,-711,725]],"type":"Polygon","properties":{"n":"Gundlapalle","c":593518,"d":"Annamayya","s":"ANDHRA PRADESH"}},{"arcs":[[726,-693,727,728]],"type":"Polygon","properties":{"n":" ","c":0,"d":"Annamayya","s":"ANDHRA PRADESH"}},{"arcs":[[729,-728,-692,-672,-688,730]],"type":"Polygon","properties":{"n":" ","c":0,"d":"Annamayya","s":"ANDHRA PRADESH"}},{"arcs":[[731,732,-610,-697,733,734,735]],"type":"Polygon","properties":{"n":" ","c":0,"d":"Annamayya","s":"ANDHRA PRADESH"}},{"arcs":[[-704,736]],"type":"Polygon","properties":{"n":"K.Buduguntapalle","c":593717,"d":"Annamayya","s":"ANDHRA PRADESH"}},{"arcs":[[-651,-634,-626,-650,737,738,739,740]],"type":"Polygon","properties":{"n":"Devapatla","c":593509,"d":"Annamayya","s":"ANDHRA PRADESH"}},{"arcs":[[741,-734,-696,742,-687,-725,743,744]],"type":"Polygon","properties":{"n":"Mudampadu","c":593526,"d":"Annamayya","s":"ANDHRA PRADESH"}},{"arcs":[[-683,-715,-719,745,746,747]],"type":"Polygon","properties":{"n":"Kotala","c":595617,"d":"Annamayya","s":"ANDHRA PRADESH"}},{"arcs":[[748,-738,-649,-629,-620,-617,-638,-670,749,-669,750,751],[-694]],"type":"Polygon","properties":{"n":"Chinnamandem","c":593500,"d":"Annamayya","s":"ANDHRA PRADESH"}},{"arcs":[[752,753]],"type":"Polygon","properties":{"n":" ","c":0,"d":"Annamayya","s":"ANDHRA PRADESH"}},{"arcs":[[754,-729,-730,755,756]],"type":"Polygon","properties":{"n":"Kalibanda","c":593494,"d":"Annamayya","s":"ANDHRA PRADESH"}},{"arcs":[[757,758,-739,-749,759,760]],"type":"Polygon","properties":{"n":"Routhukunta","c":593508,"d":"Annamayya","s":"ANDHRA PRADESH"}},{"arcs":[[761,-709,-678,762,763]],"type":"Polygon","properties":{"n":" ","c":0,"d":"Annamayya","s":"ANDHRA PRADESH"}},{"arcs":[[-699,764,765,766]],"type":"Polygon","properties":{"n":" ","c":0,"d":"Annamayya","s":"ANDHRA PRADESH"}},{"arcs":[[-746,-718,-717,-655,-647,-664,767]],"type":"Polygon","properties":{"n":"Kalavapalle","c":595600,"d":"Annamayya","s":"ANDHRA PRADESH"}},{"arcs":[[768,769]],"type":"Polygon","properties":{"n":"Bhagampalle","c":593515,"d":"Annamayya","s":"ANDHRA PRADESH"}},{"arcs":[[770,-690,771,772,773]],"type":"Polygon","properties":{"n":"Musalikunta","c":595635,"d":"Annamayya","s":"ANDHRA PRADESH"}},{"arcs":[[774,-740,-759,775,776]],"type":"Polygon","properties":{"n":"Sambepalle","c":593507,"d":"Annamayya","s":"ANDHRA PRADESH"}},{"arcs":[[777,778,779,-666,-645,-652,-741,-775,780,781]],"type":"Polygon","properties":{"n":"Settipalle","c":593512,"d":"Annamayya","s":"ANDHRA PRADESH"}},{"arcs":[[-772,-689,-684,-748,782,783]],"type":"Polygon","properties":{"n":"Bandrevu","c":595634,"d":"Annamayya","s":"ANDHRA PRADESH"}},{"arcs":[[-765,-698,-720,784,785,786]],"type":"Polygon","properties":{"n":"Chiyyavaram","c":593716,"d":"Annamayya","s":"ANDHRA PRADESH"}},{"arcs":[[787,-769,788,-712,-667,-780,789,790]],"type":"Polygon","properties":{"n":"Yerramanenipalem","c":593516,"d":"Annamayya","s":"ANDHRA PRADESH"}},{"arcs":[[791]],"type":"Polygon","properties":{"n":"Kitchamambapuram Agraharam","c":593715,"d":"Annamayya","s":"ANDHRA PRADESH"}},{"arcs":[[792,793,-751,-668,-750,-674,-727,-755,794,795]],"type":"Polygon","properties":{"n":"Paramatikona","c":593495,"d":"Annamayya","s":"ANDHRA PRADESH"}},{"arcs":[[796,-785,-723,-705,-737,-703,797,-754,798,799,800,801],[-792]],"type":"Polygon","properties":{"n":"Kodur (East)","c":593719,"d":"Annamayya","s":"ANDHRA PRADESH"}},{"arcs":[[-760,-752,-794,802]],"type":"Polygon","properties":{"n":"Devagudipalle","c":593499,"d":"Annamayya","s":"ANDHRA PRADESH"}},{"arcs":[[803,-801,804,805]],"type":"Polygon","properties":{"n":"Raghavarajupuram","c":593710,"d":"Annamayya","s":"ANDHRA PRADESH"}},{"arcs":[[806,807,-726,-713,-789,-770,-788,808,809]],"type":"Polygon","properties":{"n":"Thimmasamudram","c":593519,"d":"Annamayya","s":"ANDHRA PRADESH"}},{"arcs":[[-795,-757,810,811,812]],"type":"Polygon","properties":{"n":" ","c":0,"d":"Annamayya","s":"ANDHRA PRADESH"}},{"arcs":[[-744,-724,-808,813,814]],"type":"Polygon","properties":{"n":"Peddinenikalva","c":593525,"d":"Annamayya","s":"ANDHRA PRADESH"}},{"arcs":[[-763,-677,815,-732,816,817,818]],"type":"Polygon","properties":{"n":" ","c":0,"d":"Annamayya","s":"ANDHRA PRADESH"}},{"arcs":[[819,820,-811,-756,-731,-691,-771,821,822,823]],"type":"Polygon","properties":{"n":"Peddamandyam","c":595637,"d":"Annamayya","s":"ANDHRA PRADESH"}},{"arcs":[[-823,824,825]],"type":"Polygon","properties":{"n":"Papepalle","c":595636,"d":"Annamayya","s":"ANDHRA PRADESH"}},{"arcs":[[826,-810,827]],"type":"Polygon","properties":{"n":"Akkampalle","c":593520,"d":"Annamayya","s":"ANDHRA PRADESH"}},{"arcs":[[828,-806,829,830]],"type":"Polygon","properties":{"n":"Gangarajupuram","c":593711,"d":"Annamayya","s":"ANDHRA PRADESH"}},{"arcs":[[831,832,-773,-784,833]],"type":"Polygon","properties":{"n":"Diguvapalle","c":595633,"d":"Annamayya","s":"ANDHRA PRADESH"}},{"arcs":[[834,-761,-803,-793,835,836]],"type":"Polygon","properties":{"n":"Mallur","c":593498,"d":"Annamayya","s":"ANDHRA PRADESH"}},{"arcs":[[837,838,-802,-804,-829,839]],"type":"Polygon","properties":{"n":"Obanapalle","c":593714,"d":"Annamayya","s":"ANDHRA PRADESH"}},{"arcs":[[-825,-822,-774,-833,840]],"type":"Polygon","properties":{"n":"Araveedu","c":593491,"d":"Annamayya","s":"ANDHRA PRADESH"}},{"arcs":[[841,-799,-753,-798,-710,-762,842,843,844]],"type":"Polygon","properties":{"n":"Yerraguntakota","c":593705,"d":"Annamayya","s":"ANDHRA PRADESH"}},{"arcs":[[845,-843,-764,-819,846,847]],"type":"Polygon","properties":{"n":" ","c":0,"d":"Annamayya","s":"ANDHRA PRADESH"}},{"arcs":[[-786,-797,-839,848,849,850]],"type":"Polygon","properties":{"n":" ","c":0,"d":"Annamayya","s":"ANDHRA PRADESH"}},{"arcs":[[851,-766,-787,-851,852]],"type":"Polygon","properties":{"n":" ","c":0,"d":"Annamayya","s":"ANDHRA PRADESH"}},{"arcs":[[-820,853,854,855]],"type":"Polygon","properties":{"n":" ","c":0,"d":"Annamayya","s":"ANDHRA PRADESH"}},{"arcs":[[-847,-818,856,857]],"type":"Polygon","properties":{"n":" ","c":0,"d":"Annamayya","s":"ANDHRA PRADESH"}},{"arcs":[[-778,858,859,860]],"type":"Polygon","properties":{"n":"Guriginjakunta","c":593505,"d":"Annamayya","s":"ANDHRA PRADESH"}},{"arcs":[[861,862,-790,-779,-861,863]],"type":"Polygon","properties":{"n":"Dudyala","c":593506,"d":"Annamayya","s":"ANDHRA PRADESH"}},{"arcs":[[-849,-838,864,865,866,867]],"type":"Polygon","properties":{"n":"Vellelavari Khandrika","c":593713,"d":"Annamayya","s":"ANDHRA PRADESH"}},{"arcs":[[-866,868,869]],"type":"Polygon","properties":{"n":" ","c":0,"d":"Annamayya","s":"ANDHRA PRADESH"}},{"arcs":[[-869,-865,-840,-831,870,871]],"type":"Polygon","properties":{"n":"Vasudevapuram","c":593712,"d":"Annamayya","s":"ANDHRA PRADESH"}},{"arcs":[[872,873,-836,-796,-813,874,875]],"type":"Polygon","properties":{"n":"T.Sakibanda","c":593496,"d":"Annamayya","s":"ANDHRA PRADESH"}},{"arcs":[[-875,-812,-821,-856,876,877]],"type":"Polygon","properties":{"n":"Diguvagottiveedu","c":593493,"d":"Annamayya","s":"ANDHRA PRADESH"}},{"arcs":[[878,879,-837,-874,880]],"type":"Polygon","properties":{"n":"Vandadi","c":593497,"d":"Annamayya","s":"ANDHRA PRADESH"}},{"arcs":[[881,-781,-777,882,883]],"type":"Polygon","properties":{"n":"Motakatla","c":593503,"d":"Annamayya","s":"ANDHRA PRADESH"}},{"arcs":[[-735,-742,884,885]],"type":"Polygon","properties":{"n":" ","c":0,"d":"Annamayya","s":"ANDHRA PRADESH"}},{"arcs":[[886,-859,-782,-882,887]],"type":"Polygon","properties":{"n":"Gunnikuntla","c":593504,"d":"Annamayya","s":"ANDHRA PRADESH"}},{"arcs":[[888,-871,-830,-805,-800,-842,889,890,891,892]],"type":"Polygon","properties":{"n":"Anantharajupeta","c":593709,"d":"Annamayya","s":"ANDHRA PRADESH"}},{"arcs":[[893,-883,-776,-758,-835,-880,894,895]],"type":"Polygon","properties":{"n":"Narayanareddipalle","c":593502,"d":"Annamayya","s":"ANDHRA PRADESH"}},{"arcs":[[896,-844,-846,897,898,899,900]],"type":"Polygon","properties":{"n":"Gadela","c":593706,"d":"Annamayya","s":"ANDHRA PRADESH"}},{"arcs":[[901,-877,-855,902,903,904]],"type":"Polygon","properties":{"n":"Eguvagottiveedu","c":593492,"d":"Annamayya","s":"ANDHRA PRADESH"}},{"arcs":[[905,-899,906,907]],"type":"Polygon","properties":{"n":"Nukanapalle","c":593707,"d":"Annamayya","s":"ANDHRA PRADESH"}},{"arcs":[[908,909,910]],"type":"Polygon","properties":{"n":" ","c":0,"d":"Annamayya","s":"ANDHRA PRADESH"}},{"arcs":[[911,912]],"type":"Polygon","properties":{"n":"Perumallaiahgaripalle","c":593521,"d":"Annamayya","s":"ANDHRA PRADESH"}},{"arcs":[[-891,913,914,915]],"type":"Polygon","properties":{"n":"Mangampeta (CT)","c":593708,"d":"Annamayya","s":"ANDHRA PRADESH"}},{"arcs":[[916,-881,-873,917,918]],"type":"Polygon","properties":{"n":"Gorlamudiveedu","c":593531,"d":"Annamayya","s":"ANDHRA PRADESH"}},{"arcs":[[919,-903,-854,-824,-826,-841,-832,920,921,922]],"type":"Polygon","properties":{"n":"Galiveedu","c":593490,"d":"Annamayya","s":"ANDHRA PRADESH"}},{"arcs":[[-895,-879,-917,923,924]],"type":"Polygon","properties":{"n":"Cherlopalle","c":593535,"d":"Annamayya","s":"ANDHRA PRADESH"}},{"arcs":[[925]],"type":"Polygon","properties":{"n":" ","c":593530,"d":"Annamayya","s":"ANDHRA PRADESH"}},{"arcs":[[926,-914,-890,-845,-897,927,928,929]],"type":"Polygon","properties":{"n":"Korlakunta","c":593703,"d":"Annamayya","s":"ANDHRA PRADESH"}},{"arcs":[[-929,930]],"type":"Polygon","properties":{"n":"Jillelamadaka","c":593704,"d":"Annamayya","s":"ANDHRA PRADESH"}},{"arcs":[[931,-867,-870,-872,-889,932,933,934]],"type":"Polygon","properties":{"n":"Nagavaram","c":593645,"d":"Annamayya","s":"ANDHRA PRADESH"}},{"arcs":[[935,936,-888,-884,-894,937,938,939,940]],"type":"Polygon","properties":{"n":"Pemmadapalle","c":593541,"d":"Annamayya","s":"ANDHRA PRADESH"}},{"arcs":[[-885,-745,-815,941,942,943,944]],"type":"Polygon","properties":{"n":"Rayavaram","c":593522,"d":"Annamayya","s":"ANDHRA PRADESH"}},{"arcs":[[945,-934,946]],"type":"Polygon","properties":{"n":"K.V.R.R. Puram","c":593643,"d":"Annamayya","s":"ANDHRA PRADESH"}},{"arcs":[[947,-936,948,949]],"type":"Polygon","properties":{"n":"Dullavaripalle","c":593540,"d":"Annamayya","s":"ANDHRA PRADESH"}},{"arcs":[[950,-922,951,952]],"type":"Polygon","properties":{"n":"Veligallu","c":593489,"d":"Annamayya","s":"ANDHRA PRADESH"}},{"arcs":[[-940,953,954]],"type":"Polygon","properties":{"n":" ","c":0,"d":"Annamayya","s":"ANDHRA PRADESH"}},{"arcs":[[955,956,-904,-920,957,958]],"type":"Polygon","properties":{"n":"Gopanapalle","c":593487,"d":"Annamayya","s":"ANDHRA PRADESH"}},{"arcs":[[959,-915,-927,960,961]],"type":"Polygon","properties":{"n":"Mukkavaripalle","c":593701,"d":"Annamayya","s":"ANDHRA PRADESH"}},{"arcs":[[-892,-916,-960,962,963]],"type":"Polygon","properties":{"n":"Govindampalle","c":593700,"d":"Annamayya","s":"ANDHRA PRADESH"}},{"arcs":[[964,-924,-919,965,966,967]],"type":"Polygon","properties":{"n":"Yandapalle","c":593532,"d":"Annamayya","s":"ANDHRA PRADESH"}},{"arcs":[[968,-938,-896,-925,-965,969]],"type":"Polygon","properties":{"n":"Peddakalvapalle","c":593534,"d":"Annamayya","s":"ANDHRA PRADESH"}},{"arcs":[[-949,-941,-955,970,971]],"type":"Polygon","properties":{"n":"Chennamukkapalle (CT)","c":593543,"d":"Annamayya","s":"ANDHRA PRADESH"}},{"arcs":[[972,973,974,975,-909,976,-864,-860,-887,-937,-948,977,978]],"type":"Polygon","properties":{"n":"Sibyala","c":593542,"d":"Annamayya","s":"ANDHRA PRADESH"}},{"arcs":[[979,-958,-923,-951,980]],"type":"Polygon","properties":{"n":"Pyarampalle","c":593488,"d":"Annamayya","s":"ANDHRA PRADESH"}},{"arcs":[[981,-947,-933,-893,-964,982,983,984]],"type":"Polygon","properties":{"n":"Bommavaram","c":593699,"d":"Annamayya","s":"ANDHRA PRADESH"}},{"arcs":[[985,-971,-954,-939,-969,986,987]],"type":"Polygon","properties":{"n":"Rayachoti (M)","c":802999,"d":"Annamayya","s":"ANDHRA PRADESH"}},{"arcs":[[988,-967,989,990]],"type":"Polygon","properties":{"n":"Botlacheruvu","c":593533,"d":"Annamayya","s":"ANDHRA PRADESH"}},{"arcs":[[991,-912,992,-942,-814,-807,-827,993,994]],"type":"Polygon","properties":{"n":"Madithadu","c":593523,"d":"Annamayya","s":"ANDHRA PRADESH"}},{"arcs":[[995,-990,-966,-918,-876,-878,-902,996,-926,997]],"type":"Polygon","properties":{"n":"Madhavaram","c":593529,"d":"Annamayya","s":"ANDHRA PRADESH"}},{"arcs":[[998]],"type":"Polygon","properties":{"n":"A.Channamambapuram","c":593687,"d":"Annamayya","s":"ANDHRA PRADESH"}},{"arcs":[[999,1000]],"type":"Polygon","properties":{"n":" ","c":0,"d":"Annamayya","s":"ANDHRA PRADESH"}},{"arcs":[[1001,-973,1002,1003]],"type":"Polygon","properties":{"n":"Odiveedu","c":593575,"d":"Annamayya","s":"ANDHRA PRADESH"}},{"arcs":[[-935,-946,-982,1004,1005]],"type":"Polygon","properties":{"n":"Maharajapuram @Siddareddipalle","c":593642,"d":"Annamayya","s":"ANDHRA PRADESH"}},{"arcs":[[1006,-1005,-985,1007,1008]],"type":"Polygon","properties":{"n":"Thummakonda","c":593641,"d":"Annamayya","s":"ANDHRA PRADESH"}},{"arcs":[[1009,-974,-1002,1010]],"type":"Polygon","properties":{"n":" ","c":0,"d":"Annamayya","s":"ANDHRA PRADESH"}},{"arcs":[[1011,-998,-997,-905,-957,1012,1013,1014]],"type":"Polygon","properties":{"n":" ","c":0,"d":"Annamayya","s":"ANDHRA PRADESH"}},{"arcs":[[1015,1016,1017,-857,-817,-736,-886,-945,1018]],"type":"Polygon","properties":{"n":" ","c":0,"d":"Annamayya","s":"ANDHRA PRADESH"}},{"arcs":[[1019,1020,1021,1022,1023]],"type":"Polygon","properties":{"n":"Rangampalle","c":593689,"d":"Annamayya","s":"ANDHRA PRADESH"}},{"arcs":[[-961,-930,-931,-928,-901,1024,1025]],"type":"Polygon","properties":{"n":"Chinna Orampadu","c":593702,"d":"Annamayya","s":"ANDHRA PRADESH"}},{"arcs":[[1026,1027,-1017,1028]],"type":"Polygon","properties":{"n":" ","c":0,"d":"Annamayya","s":"ANDHRA PRADESH"}},{"arcs":[[-988,1029,1030,1031]],"type":"Polygon","properties":{"n":" ","c":0,"d":"Annamayya","s":"ANDHRA PRADESH"}},{"arcs":[[-1025,-900,-906,1032,-1020,1033,1034,1035]],"type":"Polygon","properties":{"n":"Reddipalle","c":593693,"d":"Annamayya","s":"ANDHRA PRADESH"}},{"arcs":[[-1013,-956,1036,1037]],"type":"Polygon","properties":{"n":"Gundlacheruvu","c":593486,"d":"Annamayya","s":"ANDHRA PRADESH"}},{"arcs":[[-1021,-1033,-908,1038,1039],[-999]],"type":"Polygon","properties":{"n":"Ananthasamudram","c":593688,"d":"Annamayya","s":"ANDHRA PRADESH"}},{"arcs":[[1040,1041,-995,1042,-975,-1010,1043,-1001,1044,1045]],"type":"Polygon","properties":{"n":"Polimerapalle","c":593513,"d":"Annamayya","s":"ANDHRA PRADESH"}},{"arcs":[[-1030,-987,-970,-968,-989,1046,1047,1048]],"type":"Polygon","properties":{"n":"Masapet (R)","c":593536,"d":"Annamayya","s":"ANDHRA PRADESH"}},{"arcs":[[-1003,-979,1049,1050,1051]],"type":"Polygon","properties":{"n":"Indukurupalle","c":593538,"d":"Annamayya","s":"ANDHRA PRADESH"}},{"arcs":[[1052]],"type":"Polygon","properties":{"n":"Rallacheruvupalle","c":593697,"d":"Annamayya","s":"ANDHRA PRADESH"}},{"arcs":[[-1047,-991,-996,-1012,1053,1054,1055]],"type":"Polygon","properties":{"n":"Katimayakunta","c":593528,"d":"Annamayya","s":"ANDHRA PRADESH"}},{"arcs":[[1056,-1050,-978,-950,-972,-986,-1032,1057]],"type":"Polygon","properties":{"n":"Abbavaram","c":593537,"d":"Annamayya","s":"ANDHRA PRADESH"}},{"arcs":[[1058,-1023,1059,1060]],"type":"Polygon","properties":{"n":"Garalamadugu","c":593686,"d":"Annamayya","s":"ANDHRA PRADESH"}},{"arcs":[[1061,-1009,1062,1063]],"type":"Polygon","properties":{"n":"Nethivaripalle","c":593640,"d":"Annamayya","s":"ANDHRA PRADESH"}},{"arcs":[[1064,-1034,-1024,-1059,1065]],"type":"Polygon","properties":{"n":"Perigavaram","c":593691,"d":"Annamayya","s":"ANDHRA PRADESH"}},{"arcs":[[1066,-1037,-959,-980,1067,1068]],"type":"Polygon","properties":{"n":"Garugupalle","c":593485,"d":"Annamayya","s":"ANDHRA PRADESH"}},{"arcs":[[1069,-1036,1070,1071]],"type":"Polygon","properties":{"n":"Ketharajupalle","c":593692,"d":"Annamayya","s":"ANDHRA PRADESH"}},{"arcs":[[1072,1073]],"type":"Polygon","properties":{"n":"Gobburuvaripalle","c":593695,"d":"Annamayya","s":"ANDHRA PRADESH"}},{"arcs":[[-1063,-1008,-984,1074,1075]],"type":"Polygon","properties":{"n":"Botimeedapalle","c":593698,"d":"Annamayya","s":"ANDHRA PRADESH"}},{"arcs":[[-1071,-1035,-1065,1076,1077]],"type":"Polygon","properties":{"n":" ","c":0,"d":"Annamayya","s":"ANDHRA PRADESH"}},{"arcs":[[1078,-1054,-1015,1079,1080]],"type":"Polygon","properties":{"n":"Guntimadugu","c":593527,"d":"Annamayya","s":"ANDHRA PRADESH"}},{"arcs":[[1081,-1045,-1000,-1044,-1011,-1004,-1052,1082,1083]],"type":"Polygon","properties":{"n":"Matli","c":593574,"d":"Annamayya","s":"ANDHRA PRADESH"}},{"arcs":[[1084,1085,-1060,-1022,-1040,1086,1087,1088,1089]],"type":"Polygon","properties":{"n":"Vathalur","c":593672,"d":"Annamayya","s":"ANDHRA PRADESH"}},{"arcs":[[1090,-1080,-1014,-1038,-1067,1091,1092,1093]],"type":"Polygon","properties":{"n":"Nooliveedu","c":593482,"d":"Annamayya","s":"ANDHRA PRADESH"}},{"arcs":[[-1048,-1056,1094,1095]],"type":"Polygon","properties":{"n":"Kakulavaram","c":593555,"d":"Annamayya","s":"ANDHRA PRADESH"}},{"arcs":[[1096,-1083,-1051,-1057,1097,1098]],"type":"Polygon","properties":{"n":"Pothukurupalle","c":593567,"d":"Annamayya","s":"ANDHRA PRADESH"}},{"arcs":[[-1087,-1039,-907,-898,-848,-858,-1018,-1028,1099,1100]],"type":"Polygon","properties":{"n":" ","c":0,"d":"Annamayya","s":"ANDHRA PRADESH"}},{"arcs":[[-1073,1101,1102,1103]],"type":"Polygon","properties":{"n":"Venkatesapuram","c":593694,"d":"Annamayya","s":"ANDHRA PRADESH"}},{"arcs":[[-943,-993,-913,-992,-1042,1104,1105,1106]],"type":"Polygon","properties":{"n":" ","c":0,"d":"Annamayya","s":"ANDHRA PRADESH"}},{"arcs":[[1107,-1077,-1066,-1061,1108]],"type":"Polygon","properties":{"n":" ","c":593673,"d":"Annamayya","s":"ANDHRA PRADESH"}},{"arcs":[[-1106,1109,1110]],"type":"Polygon","properties":{"n":" ","c":0,"d":"Annamayya","s":"ANDHRA PRADESH"}},{"arcs":[[1111,-1092,-1069,1112,1113,1114]],"type":"Polygon","properties":{"n":"Pandikunta","c":593483,"d":"Annamayya","s":"ANDHRA PRADESH"}},{"arcs":[[1115,1116,-1029,-1016,1117,1118]],"type":"Polygon","properties":{"n":" ","c":0,"d":"Annamayya","s":"ANDHRA PRADESH"}},{"arcs":[[1119,1120,-1072,-1078,-1108,1121,1122,1123]],"type":"Polygon","properties":{"n":"Dalavaipalle","c":593684,"d":"Annamayya","s":"ANDHRA PRADESH"}},{"arcs":[[1124,1125]],"type":"Polygon","properties":{"n":"Naraharibhatla Palle","c":593551,"d":"Annamayya","s":"ANDHRA PRADESH"}},{"arcs":[[1126,-1098,-1058,-1031,-1049,-1096,1127,1128,1129]],"type":"Polygon","properties":{"n":"Bandlapalle","c":593566,"d":"Annamayya","s":"ANDHRA PRADESH"}},{"arcs":[[-1089,1130,1131]],"type":"Polygon","properties":{"n":"Gopamambapuram","c":593668,"d":"Annamayya","s":"ANDHRA PRADESH"}},{"arcs":[[1132,-1064,-1076,1133,1134,1135]],"type":"Polygon","properties":{"n":"Nagiripadu","c":593639,"d":"Annamayya","s":"ANDHRA PRADESH"}},{"arcs":[[-1090,-1132,1136,1137]],"type":"Polygon","properties":{"n":"Devasamudram","c":593671,"d":"Annamayya","s":"ANDHRA PRADESH"}},{"arcs":[[-1124,1138]],"type":"Polygon","properties":{"n":"Kothapalle Agraharam","c":593682,"d":"Annamayya","s":"ANDHRA PRADESH"}},{"arcs":[[-1100,-1027,-1117,1139]],"type":"Polygon","properties":{"n":" ","c":0,"d":"Annamayya","s":"ANDHRA PRADESH"}},{"arcs":[[1140,1141,1142]],"type":"Polygon","properties":{"n":"Vallurupalle","c":593681,"d":"Annamayya","s":"ANDHRA PRADESH"}},{"arcs":[[1143,-1142,1144,-1103,-1120,-1139,-1123,1145]],"type":"Polygon","properties":{"n":"Kommanavaripalle","c":593683,"d":"Annamayya","s":"ANDHRA PRADESH"}},{"arcs":[[-1110,-1105,-1041,1146,1147,1148]],"type":"Polygon","properties":{"n":"Sanipaya","c":593576,"d":"Annamayya","s":"ANDHRA PRADESH"}},{"arcs":[[1149,-1084,-1097,1150,1151]],"type":"Polygon","properties":{"n":"Peddiveedu","c":593573,"d":"Annamayya","s":"ANDHRA PRADESH"}},{"arcs":[[1152,1153,1154,1155,-1137,-1131,-1088,-1101,1156,1157]],"type":"Polygon","properties":{"n":"Thippayapalle","c":593670,"d":"Annamayya","s":"ANDHRA PRADESH"}},{"arcs":[[1158,1159,-1134,-1075,-983,-963,-962,-1026,-1070,-1121,-1102,-1074,-1104,-1145,-1141,1160],[-1053]],"type":"Polygon","properties":{"n":"Pedda Rampadu","c":593696,"d":"Annamayya","s":"ANDHRA PRADESH"}},{"arcs":[[-1157,-1140,1161,1162,1163]],"type":"Polygon","properties":{"n":"Sreerangarajupalem","c":593669,"d":"Annamayya","s":"ANDHRA PRADESH"}},{"arcs":[[1164,1165,-1125,1166,-1081,-1091,1167,1168]],"type":"Polygon","properties":{"n":"Pandillapalle","c":593550,"d":"Annamayya","s":"ANDHRA PRADESH"}},{"arcs":[[1169,1170,1171]],"type":"Polygon","properties":{"n":" ","c":0,"d":"Annamayya","s":"ANDHRA PRADESH"}},{"arcs":[[1172,-1122,-1109,-1086,1173,1174]],"type":"Polygon","properties":{"n":"Puthanavaripalle","c":593675,"d":"Annamayya","s":"ANDHRA PRADESH"}},{"arcs":[[-1128,-1095,-1055,-1079,-1167,-1126,-1166,1175,1176]],"type":"Polygon","properties":{"n":"Kurnoothala","c":593553,"d":"Annamayya","s":"ANDHRA PRADESH"}},{"arcs":[[-1093,-1112,1177,1178,1179]],"type":"Polygon","properties":{"n":" ","c":0,"d":"Annamayya","s":"ANDHRA PRADESH"}},{"arcs":[[1180,1181,1182,1183]],"type":"Polygon","properties":{"n":"Thimmayapalem","c":593637,"d":"Annamayya","s":"ANDHRA PRADESH"}},{"arcs":[[-1182,1184,1185,1186]],"type":"Polygon","properties":{"n":"K.S. Agraharam","c":593638,"d":"Annamayya","s":"ANDHRA PRADESH"}},{"arcs":[[1187,-1136,1188,-1184,1189,1190]],"type":"Polygon","properties":{"n":"Cherlopalle","c":593636,"d":"Annamayya","s":"ANDHRA PRADESH"}},{"arcs":[[-1174,-1085,-1138,-1156,1191,1192]],"type":"Polygon","properties":{"n":"Mittameedapalle","c":593667,"d":"Annamayya","s":"ANDHRA PRADESH"}},{"arcs":[[1193,1194,1195]],"type":"Polygon","properties":{"n":" ","c":0,"d":"Annamayya","s":"ANDHRA PRADESH"}},{"arcs":[[-1178,-1115,1196,1197]],"type":"Polygon","properties":{"n":"Korlakunta","c":593480,"d":"Annamayya","s":"ANDHRA PRADESH"}},{"arcs":[[-1197,-1114,1198,-1171,1199]],"type":"Polygon","properties":{"n":"Talamudipi","c":593479,"d":"Annamayya","s":"ANDHRA PRADESH"}},{"arcs":[[1200,1201,-1146,-1173,1202,1203,1204]],"type":"Polygon","properties":{"n":"Anantaiahgaripalle","c":593676,"d":"Annamayya","s":"ANDHRA PRADESH"}},{"arcs":[[1205]],"type":"Polygon","properties":{"n":" ","c":0,"d":"Annamayya","s":"ANDHRA PRADESH"}},{"arcs":[[1206,-1147,-1046,-1082,-1150,1207,1208,1209]],"type":"Polygon","properties":{"n":"Veeraballe","c":593571,"d":"Annamayya","s":"ANDHRA PRADESH"}},{"arcs":[[1210,1211,-1129,-1177,1212,1213]],"type":"Polygon","properties":{"n":"Maddirevula","c":593554,"d":"Annamayya","s":"ANDHRA PRADESH"}},{"arcs":[[-1168,-1094,-1180,1214,1215]],"type":"Polygon","properties":{"n":"Pulikunta","c":593481,"d":"Annamayya","s":"ANDHRA PRADESH"}},{"arcs":[[1216,-1208,-1152,1217,1218]],"type":"Polygon","properties":{"n":"Somavaram","c":593572,"d":"Annamayya","s":"ANDHRA PRADESH"}},{"arcs":[[1219,1220,1221,-1148,-1207,1222,1223]],"type":"Polygon","properties":{"n":" ","c":0,"d":"Annamayya","s":"ANDHRA PRADESH"}},{"arcs":[[1224,-1154,1225]],"type":"Polygon","properties":{"n":"Brahmanapalle","c":593664,"d":"Annamayya","s":"ANDHRA PRADESH"}},{"arcs":[[-1205,1226]],"type":"Polygon","properties":{"n":"Ramasamudram","c":593677,"d":"Annamayya","s":"ANDHRA PRADESH"}},{"arcs":[[1227,1228,-1161,-1143,-1144,-1202,1229,1230]],"type":"Polygon","properties":{"n":"Dandlopalle","c":593680,"d":"Annamayya","s":"ANDHRA PRADESH"}},{"arcs":[[-1172,-1199,-1113,-1068,-981,-953,1231]],"type":"Polygon","properties":{"n":"Thumukunta","c":593484,"d":"Annamayya","s":"ANDHRA PRADESH"}},{"arcs":[[-1213,-1176,-1165,1232,1233]],"type":"Polygon","properties":{"n":" ","c":0,"d":"Annamayya","s":"ANDHRA PRADESH"}},{"arcs":[[1234,-1130,-1212,1235,1236]],"type":"Polygon","properties":{"n":"Chitlur","c":593565,"d":"Annamayya","s":"ANDHRA PRADESH"}},{"arcs":[[-1224,1237]],"type":"Polygon","properties":{"n":" ","c":0,"d":"Annamayya","s":"ANDHRA PRADESH"}},{"arcs":[[-1119,1238,-1194,1239,1240,1241]],"type":"Polygon","properties":{"n":"Rollamadugu","c":593662,"d":"Annamayya","s":"ANDHRA PRADESH"}},{"arcs":[[1242,-1158,-1164,1243,1244]],"type":"Polygon","properties":{"n":"Srirangarajapuram","c":593663,"d":"Annamayya","s":"ANDHRA PRADESH"}},{"arcs":[[-1162,-1116,-1242,1245,1246,1247]],"type":"Polygon","properties":{"n":" ","c":0,"d":"Annamayya","s":"ANDHRA PRADESH"}},{"arcs":[[-1220,-1238,-1223,-1210,1248,1249]],"type":"Polygon","properties":{"n":" ","c":593569,"d":"Annamayya","s":"ANDHRA PRADESH"}},{"arcs":[[1250,1251,-1236,-1211,1252,1253]],"type":"Polygon","properties":{"n":"Ananthapuram","c":593547,"d":"Annamayya","s":"ANDHRA PRADESH"}},{"arcs":[[-853,-850,-868,-932,-1006,-1007,-1062,-1133,-1188,1254,1255,1256]],"type":"Polygon","properties":{"n":" ","c":0,"d":"Annamayya","s":"ANDHRA PRADESH"}},{"arcs":[[-1203,-1175,-1193,1257,1258]],"type":"Polygon","properties":{"n":"Utukur","c":593666,"d":"Annamayya","s":"ANDHRA PRADESH"}},{"arcs":[[1259,-1218,-1151,-1099,-1127,-1235,1260,1261]],"type":"Polygon","properties":{"n":"Hasanapuram","c":593564,"d":"Annamayya","s":"ANDHRA PRADESH"}},{"arcs":[[1262,-1258,-1192,-1155,-1225,1263,1264],[-1206]],"type":"Polygon","properties":{"n":"Rajampet (NP + OG)","c":803000,"d":"Annamayya","s":"ANDHRA PRADESH"}},{"arcs":[[1265,-1255,-1191,1266,1267]],"type":"Polygon","properties":{"n":"Rajukunta","c":593630,"d":"Annamayya","s":"ANDHRA PRADESH"}},{"arcs":[[1268,1269,-1249,-1209,-1217,1270,1271]],"type":"Polygon","properties":{"n":"Vongimalla","c":593568,"d":"Annamayya","s":"ANDHRA PRADESH"}},{"arcs":[[-1254,1272,1273]],"type":"Polygon","properties":{"n":"Gudlavaripalle","c":593546,"d":"Annamayya","s":"ANDHRA PRADESH"}},{"arcs":[[1274,-1265,1275,1276]],"type":"Polygon","properties":{"n":" ","c":0,"d":"Annamayya","s":"ANDHRA PRADESH"}},{"arcs":[[1277,-1273,-1253,-1214,-1234,1278,1279,1280]],"type":"Polygon","properties":{"n":"Lakkireddipalle","c":593548,"d":"Annamayya","s":"ANDHRA PRADESH"}},{"arcs":[[-1279,-1233,-1169,-1216,1281,1282]],"type":"Polygon","properties":{"n":"Dappepalle","c":593549,"d":"Annamayya","s":"ANDHRA PRADESH"}},{"arcs":[[1283,-1231,1284,1285]],"type":"Polygon","properties":{"n":"Utukuru Venkatampalle","c":593679,"d":"Annamayya","s":"ANDHRA PRADESH"}},{"arcs":[[1286,1287,1288]],"type":"Polygon","properties":{"n":"Bahirajapalle","c":593657,"d":"Annamayya","s":"ANDHRA PRADESH"}},{"arcs":[[-1246,-1241,1289,1290,1291]],"type":"Polygon","properties":{"n":"R.Buduguntapalle","c":593661,"d":"Annamayya","s":"ANDHRA PRADESH"}},{"arcs":[[-1267,-1190,-1183,-1187,1292,1293,1294]],"type":"Polygon","properties":{"n":"Mylapalle","c":593631,"d":"Annamayya","s":"ANDHRA PRADESH"}},{"arcs":[[1295,1296,1297]],"type":"Polygon","properties":{"n":"Sitarampuram","c":593653,"d":"Annamayya","s":"ANDHRA PRADESH"}},{"arcs":[[-1195,-1239,-1118,-1019,-944,-1107,-1111,-1149,-1222,1298,1299]],"type":"Polygon","properties":{"n":" ","c":0,"d":"Annamayya","s":"ANDHRA PRADESH"}},{"arcs":[[-1271,-1219,-1260,1300,1301]],"type":"Polygon","properties":{"n":"Rachapalle","c":593563,"d":"Annamayya","s":"ANDHRA PRADESH"}},{"arcs":[[1302,-1276,-1264,-1226,-1153,-1243,1303,-1287,1304]],"type":"Polygon","properties":{"n":"Mannur","c":593656,"d":"Annamayya","s":"ANDHRA PRADESH"}},{"arcs":[[1305,-1244,-1163,-1248,1306,1307]],"type":"Polygon","properties":{"n":"Akepadu","c":593660,"d":"Annamayya","s":"ANDHRA PRADESH"}},{"arcs":[[-1301,-1262,1308,1309]],"type":"Polygon","properties":{"n":"Saraswathipalle","c":593562,"d":"Annamayya","s":"ANDHRA PRADESH"}},{"arcs":[[1310,-1305,-1289,1311,1312]],"type":"Polygon","properties":{"n":"Hastavaram","c":593658,"d":"Annamayya","s":"ANDHRA PRADESH"}},{"arcs":[[-1312,-1288,-1304,-1245,-1306,1313,1314]],"type":"Polygon","properties":{"n":"Kothapalle","c":593659,"d":"Annamayya","s":"ANDHRA PRADESH"}},{"arcs":[[1315]],"type":"Polygon","properties":{"n":" ","c":0,"d":"Annamayya","s":"ANDHRA PRADESH"}},{"arcs":[[-1294,1316,1317,1318]],"type":"Polygon","properties":{"n":"Devamachupalle","c":593632,"d":"Annamayya","s":"ANDHRA PRADESH"}},{"arcs":[[-1299,-1221,-1250,-1270,1319,1320]],"type":"Polygon","properties":{"n":"Gadikota","c":593570,"d":"Annamayya","s":"ANDHRA PRADESH"}},{"arcs":[[1321,-1251,-1274,-1278,1322,1323,1324]],"type":"Polygon","properties":{"n":"Suddamalla","c":593560,"d":"Annamayya","s":"ANDHRA PRADESH"}},{"arcs":[[1325,-1297,-1285,-1230,-1201,-1227,-1204,-1259,-1263,-1275,1326,1327,1328],[-1316]],"type":"Polygon","properties":{"n":"Rajampet (R) (Part)","c":593655,"d":"Annamayya","s":"ANDHRA PRADESH"}},{"arcs":[[-1309,-1261,-1237,-1252,-1322,1329,1330]],"type":"Polygon","properties":{"n":"Nallaguttapalle","c":593561,"d":"Annamayya","s":"ANDHRA PRADESH"}},{"arcs":[[-1196,-1300,-1321,1331,1332]],"type":"Polygon","properties":{"n":" ","c":0,"d":"Annamayya","s":"ANDHRA PRADESH"}},{"arcs":[[-1268,-1295,-1319,1333,1334,1335]],"type":"Polygon","properties":{"n":"Chintala Chelika","c":593629,"d":"Annamayya","s":"ANDHRA PRADESH"}},{"arcs":[[-1334,-1318,1336,-1228,-1284,1337,1338,1339]],"type":"Polygon","properties":{"n":"Malemarpuram","c":593627,"d":"Annamayya","s":"ANDHRA PRADESH"}},{"arcs":[[1340,-1272,-1302,-1310,-1331,1341,1342]],"type":"Polygon","properties":{"n":" ","c":0,"d":"Annamayya","s":"ANDHRA PRADESH"}},{"arcs":[[-1332,-1320,-1269,-1341,1343,1344]],"type":"Polygon","properties":{"n":" ","c":0,"d":"Annamayya","s":"ANDHRA PRADESH"}},{"arcs":[[-1314,-1308,1345,1346,1347,1348]],"type":"Polygon","properties":{"n":"Seshamambapuram","c":593648,"d":"Annamayya","s":"ANDHRA PRADESH"}},{"arcs":[[-1346,-1307,-1247,-1292,1349,1350]],"type":"Polygon","properties":{"n":"Mandapalle","c":593647,"d":"Annamayya","s":"ANDHRA PRADESH"}},{"arcs":[[1351,-1342,-1330,-1325,1352,1353]],"type":"Polygon","properties":{"n":"Neelakantharaopeta","c":593559,"d":"Annamayya","s":"ANDHRA PRADESH"}},{"arcs":[[-1328,1354,1355,1356]],"type":"Polygon","properties":{"n":"Madanagopalapuram","c":593651,"d":"Annamayya","s":"ANDHRA PRADESH"}},{"arcs":[[1357,-1355,-1327,-1277,-1303,-1311,1358,1359]],"type":"Polygon","properties":{"n":"Tallapaka","c":593650,"d":"Annamayya","s":"ANDHRA PRADESH"}},{"arcs":[[-1359,-1313,-1315,-1349,1360,1361]],"type":"Polygon","properties":{"n":"Gundluru","c":593649,"d":"Annamayya","s":"ANDHRA PRADESH"}},{"arcs":[[-1290,-1240,-1333,-1345,1362,1363]],"type":"Polygon","properties":{"n":" ","c":0,"d":"Annamayya","s":"ANDHRA PRADESH"}},{"arcs":[[1364,1365,1366,-1329,-1357,1367,1368]],"type":"Polygon","properties":{"n":"Kitchamambapuram","c":593652,"d":"Annamayya","s":"ANDHRA PRADESH"}},{"arcs":[[-1281,1369,1370,1371,-1323]],"type":"Polygon","properties":{"n":"Dinnepadu","c":593545,"d":"Annamayya","s":"ANDHRA PRADESH"}},{"arcs":[[1372,-1298,-1326,-1367,1373,1374,1375]],"type":"Polygon","properties":{"n":"Nallapureddipalle","c":593623,"d":"Annamayya","s":"ANDHRA PRADESH"}},{"arcs":[[1376,-1338,-1286,-1296,-1373,1377,1378]],"type":"Polygon","properties":{"n":"Pondalur","c":593625,"d":"Annamayya","s":"ANDHRA PRADESH"}},{"arcs":[[-1375,1379,1380,1381]],"type":"Polygon","properties":{"n":" ","c":0,"d":"Annamayya","s":"ANDHRA PRADESH"}},{"arcs":[[1382,-1368,-1356,-1358,1383,1384]],"type":"Polygon","properties":{"n":"Adapur","c":593580,"d":"Annamayya","s":"ANDHRA PRADESH"}},{"arcs":[[-1380,-1374,-1366,1385,1386]],"type":"Polygon","properties":{"n":"Narayana Nellore","c":593622,"d":"Annamayya","s":"ANDHRA PRADESH"}},{"arcs":[[1387,-1369,-1383,1388,1389]],"type":"Polygon","properties":{"n":"Yellamarajupalle","c":593581,"d":"Annamayya","s":"ANDHRA PRADESH"}},{"arcs":[[1390,-1350,-1291,-1364,1391,1392,1393]],"type":"Polygon","properties":{"n":"Pulapathuru","c":593646,"d":"Annamayya","s":"ANDHRA PRADESH"}},{"arcs":[[-1370,-1280,-1283,1394]],"type":"Polygon","properties":{"n":"Brahmana Yerragudi","c":593544,"d":"Annamayya","s":"ANDHRA PRADESH"}},{"arcs":[[-1347,-1351,-1391,1395,1396]],"type":"Polygon","properties":{"n":"Patur","c":593578,"d":"Annamayya","s":"ANDHRA PRADESH"}},{"arcs":[[1397,-1339,-1377,1398,1399]],"type":"Polygon","properties":{"n":"Itimarpuram","c":593626,"d":"Annamayya","s":"ANDHRA PRADESH"}},{"arcs":[[1400,1401,1402]],"type":"Polygon","properties":{"n":"Damancherla","c":593604,"d":"Annamayya","s":"ANDHRA PRADESH"}},{"arcs":[[1403,-1386,-1365,-1388,1404,1405]],"type":"Polygon","properties":{"n":"Lebaka Manga Mamba Puram","c":593596,"d":"Annamayya","s":"ANDHRA PRADESH"}},{"arcs":[[1406,1407,-1381,-1387,-1404,1408,1409]],"type":"Polygon","properties":{"n":"Jattivaripalle","c":593621,"d":"Annamayya","s":"ANDHRA PRADESH"}},{"arcs":[[1410,1411,1412]],"type":"Polygon","properties":{"n":"Kambalakunta","c":593613,"d":"Annamayya","s":"ANDHRA PRADESH"}},{"arcs":[[-1399,-1379,1413,1414,-1412,1415,1416]],"type":"Polygon","properties":{"n":"Singanamala","c":593618,"d":"Annamayya","s":"ANDHRA PRADESH"}},{"arcs":[[1417,-1414,-1378,-1376,-1382,-1408,1418,1419]],"type":"Polygon","properties":{"n":"Obili","c":593620,"d":"Annamayya","s":"ANDHRA PRADESH"}},{"arcs":[[-1420,1420,1421]],"type":"Polygon","properties":{"n":" ","c":0,"d":"Annamayya","s":"ANDHRA PRADESH"}},{"arcs":[[1422,-1402,1423,-1335,-1340,-1398,1424,1425]],"type":"Polygon","properties":{"n":" ","c":0,"d":"Annamayya","s":"ANDHRA PRADESH"}},{"arcs":[[-1384,-1360,-1362,1426,1427]],"type":"Polygon","properties":{"n":"Nandalur","c":593579,"d":"Annamayya","s":"ANDHRA PRADESH"}},{"arcs":[[-1405,-1390,1428,1429]],"type":"Polygon","properties":{"n":"Nallathimmayapalle","c":593595,"d":"Annamayya","s":"ANDHRA PRADESH"}},{"arcs":[[-1353,-1324,-1372,1430,1431]],"type":"Polygon","properties":{"n":"Kalpanayunicheruvu","c":593556,"d":"Annamayya","s":"ANDHRA PRADESH"}},{"arcs":[[1432,-1413,-1415,-1418,-1422,1433,1434,1435]],"type":"Polygon","properties":{"n":"Singareddipalle","c":593612,"d":"Annamayya","s":"ANDHRA PRADESH"}},{"arcs":[[-1426,1436,1437]],"type":"Polygon","properties":{"n":"Yelagacherla Mangamambapuram","c":593605,"d":"Annamayya","s":"ANDHRA PRADESH"}},{"arcs":[[1438,1439,-1437,-1425,-1400,-1417,1440,1441]],"type":"Polygon","properties":{"n":"Velagacherla","c":593606,"d":"Annamayya","s":"ANDHRA PRADESH"}},{"arcs":[[-1441,-1416,-1411,-1433,1442,1443]],"type":"Polygon","properties":{"n":"Indlur","c":593614,"d":"Annamayya","s":"ANDHRA PRADESH"}},{"arcs":[[-1396,-1394,1444,1445]],"type":"Polygon","properties":{"n":" ","c":0,"d":"Annamayya","s":"ANDHRA PRADESH"}},{"arcs":[[-1427,-1361,-1348,-1397,-1446,1446,1447]],"type":"Polygon","properties":{"n":"Nagireddipalle (CT)","c":593597,"d":"Annamayya","s":"ANDHRA PRADESH"}},{"arcs":[[-1410,1448,1449]],"type":"Polygon","properties":{"n":"Tangutur Vengamambapuram","c":593593,"d":"Annamayya","s":"ANDHRA PRADESH"}},{"arcs":[[1450,-1439,1451,1452]],"type":"Polygon","properties":{"n":"Kondur","c":593602,"d":"Annamayya","s":"ANDHRA PRADESH"}},{"arcs":[[1453,-1354,-1432,1454]],"type":"Polygon","properties":{"n":"Gopagudipalle","c":593557,"d":"Annamayya","s":"ANDHRA PRADESH"}},{"arcs":[[-1435,1455,1456,1457]],"type":"Polygon","properties":{"n":"Siddavaram","c":593610,"d":"Annamayya","s":"ANDHRA PRADESH"}},{"arcs":[[-1256,-1266,-1336,-1424,-1401,1458,1459]],"type":"Polygon","properties":{"n":"Mallemadugu","c":593628,"d":"Annamayya","s":"ANDHRA PRADESH"}},{"arcs":[[-1429,-1389,-1385,-1428,-1448,1460,1461]],"type":"Polygon","properties":{"n":" ","c":0,"d":"Annamayya","s":"ANDHRA PRADESH"}},{"arcs":[[1462,-1453,1463]],"type":"Polygon","properties":{"n":"Konduruchinraya Samudram","c":593608,"d":"Annamayya","s":"ANDHRA PRADESH"}},{"arcs":[[-1392,-1363,-1344,-1343,-1352,-1454,1464]],"type":"Polygon","properties":{"n":" ","c":0,"d":"Annamayya","s":"ANDHRA PRADESH"}},{"arcs":[[1465,1466,-1457,1467,1468,1469]],"type":"Polygon","properties":{"n":"Kunda Nellore","c":593590,"d":"Annamayya","s":"ANDHRA PRADESH"}},{"arcs":[[-1443,-1436,-1458,-1467,1470,1471,1472]],"type":"Polygon","properties":{"n":"Penagalur","c":593609,"d":"Annamayya","s":"ANDHRA PRADESH"}},{"arcs":[[-1469,1473,1474,1475]],"type":"Polygon","properties":{"n":"Komarunipalle","c":593591,"d":"Annamayya","s":"ANDHRA PRADESH"}},{"arcs":[[1476,-1474,-1468,-1456,-1434,-1421,-1419,-1407,-1450,1477,1478]],"type":"Polygon","properties":{"n":"Tanguturu","c":593592,"d":"Annamayya","s":"ANDHRA PRADESH"}},{"arcs":[[1479,-1475,-1477,1480]],"type":"Polygon","properties":{"n":"Nookinenipalle","c":593589,"d":"Annamayya","s":"ANDHRA PRADESH"}},{"arcs":[[-1464,-1452,-1442,-1444,-1473,1481,1482,1483]],"type":"Polygon","properties":{"n":"Thirunampalle","c":593600,"d":"Annamayya","s":"ANDHRA PRADESH"}},{"arcs":[[1484,-1478,-1449,-1409,-1406,-1430,-1462,1485,1486,1487]],"type":"Polygon","properties":{"n":"Lebaka","c":593594,"d":"Annamayya","s":"ANDHRA PRADESH"}},{"arcs":[[1488,-1470,-1476,-1480,1489]],"type":"Polygon","properties":{"n":" ","c":0,"d":"Annamayya","s":"ANDHRA PRADESH"}},{"arcs":[[-1471,1490,1491]],"type":"Polygon","properties":{"n":"Narasingarajupuram","c":593598,"d":"Annamayya","s":"ANDHRA PRADESH"}},{"arcs":[[-1482,-1472,-1492,1492]],"type":"Polygon","properties":{"n":"Sirivaram","c":593599,"d":"Annamayya","s":"ANDHRA PRADESH"}},{"arcs":[[-1491,-1466,-1489,1493]],"type":"Polygon","properties":{"n":" ","c":0,"d":"Annamayya","s":"ANDHRA PRADESH"}},{"arcs":[[1494,-1487,1495]],"type":"Polygon","properties":{"n":"Chintalakunta","c":593577,"d":"Annamayya","s":"ANDHRA PRADESH"}},{"arcs":[[1496,-1488,-1495,1497,1498]],"type":"Polygon","properties":{"n":"Kommuru","c":593582,"d":"Annamayya","s":"ANDHRA PRADESH"}},{"arcs":[[1499,1500,1501,-1483,-1493,-1494,-1490,-1481,-1479,-1485,-1497,1502,1503,1504]],"type":"Polygon","properties":{"n":"Jangalapalle","c":593588,"d":"Annamayya","s":"ANDHRA PRADESH"}},{"arcs":[[-1504,1505]],"type":"Polygon","properties":{"n":"Ramamambapuram","c":593583,"d":"Annamayya","s":"ANDHRA PRADESH"}},{"arcs":[[-1505,1506,1507]],"type":"Polygon","properties":{"n":"Thimmarajupalle","c":593586,"d":"Annamayya","s":"ANDHRA PRADESH"}},{"arcs":[[-1507,-1506,-1503,-1499,1508,1509]],"type":"Polygon","properties":{"n":"Konapuram","c":593584,"d":"Annamayya","s":"ANDHRA PRADESH"}},{"arcs":[[1510,1511,-1500,-1508,-1510,1512]],"type":"Polygon","properties":{"n":" ","c":0,"d":"Annamayya","s":"ANDHRA PRADESH"}},{"arcs":[[1513,1514,1515]],"type":"Polygon","properties":{"n":" ","c":0,"d":"Annamayya","s":"ANDHRA PRADESH"}},{"arcs":[[1516,-1511,1517]],"type":"Polygon","properties":{"n":" ","c":0,"d":"Annamayya","s":"ANDHRA PRADESH"}},{"arcs":[[1518,-298,-265]],"type":"Polygon","properties":{"n":"Thummarakunta","c":596113,"d":"Annamayya","s":"ANDHRA PRADESH"}},{"arcs":[[-373,-369,-249,-252,1519,-264,-297,1520,-477]],"type":"Polygon","properties":{"n":" ","c":0,"d":"Annamayya","s":"ANDHRA PRADESH"}},{"arcs":[[-405,-283,-305,-290,-410,-448,-509,-537,1521,-514,-486,-446,1522]],"type":"Polygon","properties":{"n":"Kosuvaripalle","c":595627,"d":"Annamayya","s":"ANDHRA PRADESH"}},{"arcs":[[-534,-422,-403,-1523,-445,-485,-548]],"type":"Polygon","properties":{"n":"Renimakulapalle","c":595630,"d":"Annamayya","s":"ANDHRA PRADESH"}},{"arcs":[[-597,-515,-1522,-540]],"type":"Polygon","properties":{"n":"Panchalamarri","c":595626,"d":"Annamayya","s":"ANDHRA PRADESH"}},{"arcs":[[-598,-539,-584,-654,-716,-681]],"type":"Polygon","properties":{"n":"Gundlapalle","c":595622,"d":"Annamayya","s":"ANDHRA PRADESH"}},{"arcs":[[-707,-722,-637]],"type":"Polygon","properties":{"n":" ","c":0,"d":"Annamayya","s":"ANDHRA PRADESH"}},{"arcs":[[1523,-675,-708,-636,-721,-701]],"type":"Polygon","properties":{"n":"Settigunta","c":593722,"d":"Annamayya","s":"ANDHRA PRADESH"}},{"arcs":[[-862,-977,-911]],"type":"Polygon","properties":{"n":" ","c":0,"d":"Annamayya","s":"ANDHRA PRADESH"}},{"arcs":[[-994,-828,-809,-791,-863,-910,-976,-1043]],"type":"Polygon","properties":{"n":"T Sundupalle","c":593514,"d":"Annamayya","s":"ANDHRA PRADESH"}},{"arcs":[[-1185,-1181,-1189,-1135,-1160]],"type":"Polygon","properties":{"n":"Kampasamudram","c":593634,"d":"Annamayya","s":"ANDHRA PRADESH"}},{"arcs":[[-1317,-1293,-1186,-1159,-1229,-1337]],"type":"Polygon","properties":{"n":"Chitvel","c":593633,"d":"Annamayya","s":"ANDHRA PRADESH"}},{"arcs":[[-1514,1524,-1459,-1403,-1423,-1438,-1440,-1451,-1463,-1484,-1502]],"type":"Polygon","properties":{"n":"Peddayapalle","c":593603,"d":"Annamayya","s":"ANDHRA PRADESH"}},{"arcs":[[-1515,-1501,-1512,-1517,1525]],"type":"Polygon","properties":{"n":" ","c":0,"d":"Annamayya","s":"ANDHRA PRADESH"}}]}}}